v -0.0202805499345815 0.313136996724305 0.190298662942978
v -0.0202079962774022 0.290919443642849 0.191944220820389
v -0.0102343259223577 0.321907057796205 0.176984592122264
v 0.0115243096424788 0.252032233601432 0.166090205888576
v -0.0635796942995038 0.263540255048914 0.202285171759481
v -0.109686396789754 0.287543333429785 0.255417384158928
v -0.123189068659252 0.25165240936567 0.248150950657959
v -0.0632858391896485 0.344788176104747 0.223777971769052
v -0.0925412240932074 0.190295068728965 0.132928536542356
v -0.107855636251158 0.193158056847993 0.149858571675548
v -0.141935727222639 0.193236847536786 0.210039824257486
v -0.159523286981018 0.162530819727597 0.214616667409873
v -0.154254775288254 0.202009603832128 0.249488464953725
v -0.169310787872625 0.200406445685804 0.267001966335278
v -0.177043082099833 0.138647035116304 0.227641346309909
v -0.204401830852328 0.215552154036607 0.285492725484968
v -0.207928533236029 0.194572178310424 0.279204228310421
v -0.131924708960924 0.234813984692823 0.245147209505891
v -0.243060372717471 0.110321379716283 0.24972253400888
v -0.171159816796079 0.126529051428899 0.212094901239095
v 0.21501676776224 0.087904026317437 -0.00653258664682959
v 0.234792380314996 0.0863156506451801 -0.0123866380370056
v 0.236214163897674 0.0752546182170723 -0.0294904727975563
v 0.19985300020131 0.0649990332889413 -0.0293426723475141
v 0.161091001984811 0.0966607275304106 0.0042174733593483
v 0.179609002244402 0.0727067096926378 -0.0203327019195129
v 0.180275580992627 0.102729622610804 0.009490423713299
v 0.216016579942177 0.0510367173620307 -0.0557500693063592
v 0.221253735340563 0.112152529843973 0.0179386186438644
v 0.267092097305548 0.211714136306392 0.0919200285105185
v 0.223291419115906 0.153180279340088 0.0577826561289218
v 0.137066876523171 0.148478606024082 0.0575205009043342
v 0.15554409279686 0.149914957271547 0.0580943742750334
v 0.143549287055564 0.161555111943072 0.0709300520523448
v 0.125079322969114 0.114939838918501 0.023320717515314
v 0.102135498421347 0.117252109977104 0.026384064014951
v 0.0822926541168858 0.142117168624348 0.0529995647187266
v 0.102218895645768 0.144230340634401 0.054566870094431
v 0.116528163522504 0.173228377496177 0.0853129061115015
v 0.094274267053826 0.171805501829721 0.0850431583725225
v 0.0752238862776682 0.176307285686104 0.091622627178918
v 0.0728968693371439 0.165927189308917 0.0796270707615188
v 0.154341895103163 0.219186752354224 0.117754772680365
v 0.136645332831502 0.223547630045826 0.121043648767887
v 0.165688005713757 0.232087836382877 0.115759697312989
v 0.0768223128298084 0.197677257053008 0.1158206268099
v 0.234213758072215 0.206207471738727 0.0991301710507864
v 0.165745701558804 0.248003075360422 0.108138338061752
v 0.1842312431052 0.238482214348185 0.111240548101176
v 0.166369185813943 0.190797778582616 0.0988926292556747
v 0.0964274710141138 0.265275405685482 0.100205338680275
v 0.0836546515849371 0.242145853422813 0.13138103158575
v 0.0590586675410092 0.225071378285648 0.140607957569117
v 0.087161377873733 -0.113903062079186 -0.0563623990978501
v 0.0937827364309265 -0.168512298644522 -0.060860165873267
v 0.0562237209573366 -0.17880548860987 -0.0240098943141354
v 0.0919144689150368 -0.190703057505955 -0.0580073276232982
v 0.0571793814822446 -0.155671093492511 -0.0257473313714139
v 0.0531142485754552 -0.137311280780455 -0.0225493005479009
v 0.011429735587029 -0.121048743191981 0.0171953860615959
v 0.0212777375833065 -0.05193009380719 0.00565347571187585
v 0.0438135886268617 -0.0398992385729923 -0.0167351722629984
v 0.0353594553934603 -0.0184498093123037 -0.00890567124387783
v 0.038321825885319 -0.0775415661285527 -0.0103925538465358
v 0.0268838048382805 -0.0931796692013362 0.00133352657172088
v 0.0777740777933156 -0.0810081561905749 -0.0483154521524239
v -0.00230900522205271 -0.112304140374332 0.0303630442358958
v -0.0173833977469664 -0.177814695291264 0.0354352016377588
v 0.0315727130501918 -0.163278094970569 -0.00144463743316536
v 0.136548656171127 -0.076971485334991 -0.103551424176209
v 0.147145242920614 -0.0908640998671688 -0.113064506335542
v 0.106113620156438 -0.086406889660533 -0.0749922755328898
v 0.137234602981235 -0.147977101817812 -0.103296390564439
v 0.0819774618965484 -0.0409739542855182 -0.0535469394806142
v 0.145738962434256 0.0162832268446553 -0.0772801446878101
v 0.156650068297679 0.00627635815070181 -0.0912922325731391
v 0.134778742714478 0.0026424306485357 -0.0864642032240466
v 0.135422834450647 0.0274831576215035 -0.0649338402813894
v 0.0790994149901168 -0.00775771279996595 -0.0517523239639158
v 0.0554242706386259 0.00279113127157483 -0.0292911781094425
v 0.333181359643836 0.150877472802891 -0.110945694631901
v 0.341795096066054 0.159213433152382 -0.140960136353972
v 0.343964743514341 0.162574725889818 -0.0379436247377775
v 0.281041620793119 0.110753605765477 -0.0057919607910839
v 0.312233858826569 0.137982883219914 0.00945452450978362
v 0.322876188167367 0.201833488843312 0.0631940143514143
v 0.295310257504644 0.150595816432578 0.0430335236136689
v 0.29748411848941 0.136088746473549 0.0240941213355846
v 0.363452858026301 0.190075088121852 0.0228193154939675
v 0.268619601503048 0.0990777056223768 -0.015037205033533
v 0.239757370584884 -0.0612824976268892 -0.203163686472712
v 0.271250537852328 -0.00440052137456932 -0.234417892244044
v 0.208908079320039 -0.0127708600024244 -0.168988788063287
v 0.189695598536027 -0.0710891409256091 -0.1529911194321
v 0.226562728068536 -0.0667951810049919 -0.189451118264632
v 0.162645226040232 -0.0849446860521647 -0.127656388933906
v 0.19659640364219 -0.112796702550981 -0.160667444616907
v 0.211634158231809 -0.116383280862603 -0.175206997871367
v 0.352007342665592 -0.283640423776653 -0.315154747063014
v 0.350999377834141 -0.226910998329709 -0.314611292556071
v 0.274506397412107 -0.268710657060343 -0.237493906517976
v 0.281863478531348 -0.33642832858531 -0.245354481533203
v 0.306592706650555 -0.319103907990171 -0.27080058388886
v 0.263431648713659 -0.282743658943112 -0.226826489249776
v 0.273876959255837 -0.249887859741139 -0.236403151783452
v 0.237319291930262 -0.130959205195041 -0.200609734114683
v 0.249346734157532 -0.130369811959776 -0.212553035263301
v 0.269671026509383 -0.149474957452569 -0.233068657550715
v 0.26228727745175 -0.241373128900208 -0.224866939430247
v 0.308794151069692 -0.115354543978275 -0.272814805701728
v 0.3105383926314 -0.136270383867204 -0.274375088641925
v 0.231860948299128 -0.161921518949022 -0.194738135235326
v 0.199870168281878 -0.18773314681789 -0.163373460284002
v 0.162577675359139 -0.162140143063273 -0.127539753198743
v 0.408781635415339 0.412695393583025 -0.0572342608248132
v 0.455301694153212 0.413546868546786 -0.0630544023224158
v 0.529764998751998 0.420586167554422 -0.114336546179429
v 0.496100437798903 0.459309606004171 -0.109347630857913
v 0.420980602750202 0.29651975561045 -0.00305030442002645
v 0.395279633599501 0.345921380708688 0.00603795237011074
v 0.465259268001701 0.318605064058607 -0.0471731493680387
v 0.404734347036176 0.221573422041687 -0.0316947260051178
v 0.413704965341627 0.246320304789454 -0.00163859958184156
v 0.333368384658607 0.238470075569893 0.0690870807789377
v 0.332245363014019 0.260786941735143 0.0703890911868568
v 0.400884571166736 0.277663497044341 0.0164290133846486
v 0.363487064068752 0.281319894633891 0.0481932266908542
v 0.413596073660855 0.231004107495518 -0.0720410112376638
v 0.399354578684738 0.216657533802133 -0.0645705109575698
v 0.440908884057894 0.257601144515082 -0.110556406885728
v 0.381427144377992 0.198774582284578 -0.20806732789906
v 0.45403188577115 0.271085477174887 -0.182951589723655
v 0.486570378247626 0.302927764986196 -0.169446499109148
v 0.178072006380539 0.384933434900655 -0.0285112605537064
v 0.233067754468014 0.419365962351392 -0.0635503873778548
v 0.205489533529936 0.446868891055153 -0.0911817503447045
v 0.135661677867021 0.430372666367872 -0.074082924076299
v 0.239096704597227 0.352237386017237 0.00361086711522016
v 0.366793209692994 0.38280566866908 -0.0260225957746802
v 0.364722039546008 0.35409746825724 0.00198297832192041
v 0.326261297102469 0.351345937551774 0.00413611434384555
v 0.307613411387594 0.286244030632008 0.067660251924032
v 0.367197829865292 0.394912613031547 -0.0390104791524461
v 0.411469361914554 0.425698406554578 -0.0707740226359135
v 0.341622357106728 0.41603901819405 -0.0599520372627679
v 0.3957034009786 0.448402436817706 -0.0928394875007622
v 0.378679369794462 0.476776368418177 -0.121347794421476
v 0.0817562805995258 0.367762203381896 -0.0102432915048322
v 0.0867294344100764 0.332490384480752 0.0253784797907124
v 0.138915933655847 0.352954626934282 0.00426294890402918
v 0.130315594424094 0.374381828301634 -0.0173963004219437
v 0.133568595250531 0.305939541782075 0.0520160462555215
v 0.12978408771216 0.319915288086306 0.037864412074508
v 0.186127109045101 0.316001503811394 0.040963876061931
v 0.135897234678666 0.268292173515201 0.091446004941249
v 0.107563080012294 0.290310518988305 0.0688659442888892
v 0.0704776449300817 0.288864365984571 0.0751074460691938
v 0.0964898744887249 0.305091145711141 0.0534308930710537
v 0.202560054863373 0.306558743673686 0.0502624355072652
v 0.208382406825779 0.315984165555542 0.0410448952817417
v -0.0161234361914924 0.34466773892588 0.0967700291245792
v -0.00642089313094205 0.334528697651341 0.108926965745268
v -0.0177579006389929 0.341191628634518 0.170299775284317
v 0.00141096443381192 0.326761138437238 0.125060129877756
v 0.00988710949319933 0.318719003178397 0.106252061506542
v -0.0537881908182782 0.382046817470367 0.0814244333862201
v -0.0843524923107927 0.412431536510724 0.121962020027994
v -0.116567276436138 0.444414282901567 0.166625285573935
v -0.05577032455312 0.374282223060734 0.202785865590798
v -0.043457623970941 0.364996858528201 0.189952793675776
v -0.050056106566766 0.356441999032623 0.208344433873769
v -0.120093419260247 0.448266148456146 0.0891912993334754
v -0.077850026057596 0.406264084183453 0.0566923957320546
v -0.0778687259488174 0.406586420512239 0.0367593318622478
v -0.115601088026217 0.439187519310136 0.208143807576376
v -0.0691999194922872 0.384812819414809 0.215569865957052
v -0.179677573571163 0.507688242013226 0.064214036899716
v -0.227896682187686 0.555902067270536 0.0350293646898149
v -0.170203265510183 0.498509625300243 0.1251488775413
v -0.158483879612336 0.4866058825584 0.0389720044650618
v -0.215759681713933 0.512770708040331 0.161467089529822
v -0.185853883173428 0.513252020114987 0.129963281436257
v -0.171716288939431 0.482212460066307 0.188625283680314
v -0.312484980983179 0.495191229057422 0.171772241453255
v -0.329857214489564 0.501716888474268 0.158397253869512
v -0.306632032568221 0.596757584836647 0.0739389865866015
v -0.216827931743934 0.447619324752422 0.226138976452738
v -0.207155392834555 0.422976616089571 0.250630627045467
v -0.14873251873504 0.447581792150924 0.223674038226815
v -0.186949395636025 0.387028492722306 0.281505453454531
v 0.00600340396425275 -0.292886194203507 -0.10615973894197
v 0.00185999856823599 -0.307837680774858 -0.121308370337765
v 0.0473225657499951 -0.26409343480962 -0.0765922426445343
v 0.0364969036359975 -0.241679028841399 -0.0528448041428771
v 0.0179233805462392 -0.234487548866509 -0.045587864371632
v 0.030598053177423 -0.256503593116455 -0.0685616529949794
v 0.0327782695187721 -0.225594083710482 -0.0367214412599607
v -0.0197833299669279 -0.241479547112259 -0.0528348646173112
v 0.10391920377503 -0.223511472357226 -0.0694870499832892
v 0.0156318732600006 -0.220155535456218 -0.0303005687423793
v -0.00463045121226931 -0.215873377772578 -0.024436487105454
v 0.218538198476627 -0.334962084019591 -0.183419797997447
v 0.0936292820143353 -0.304499967079447 -0.118256413691031
v 0.10174738463628 -0.293487026630216 -0.107232258489054
v -0.0170638162565289 -0.35264873773449 -0.167187408900159
v 0.0139385959645894 -0.367910988992164 -0.183056389469973
v 0.0889662355786528 -0.402433785323994 -0.218738985246607
v -0.189434432648892 -0.106146820608044 0.214592025971226
v -0.166747533035486 -0.115681620377498 0.191680930168239
v -0.201012807685177 -0.116401416507207 0.226135747853494
v -0.230946604831504 -0.100076176716331 0.245987614799429
v -0.209527196389606 -0.182154613887076 0.233867310829117
v -0.196119668402744 -0.189058150849995 0.219992709477708
v -0.139639535013299 -0.0151789732487235 0.166948207420927
v -0.116752414448651 -0.0316948932363518 0.14282225262255
v -0.148548905593817 0.00401136093131435 0.176647419553413
v -0.198383990366111 -0.00944204595136139 0.225554141663487
v -0.132286127727014 -0.175463759661641 0.15705765252052
v -0.143981762322541 -0.23275395914799 0.167668721367876
v -0.108127066404171 -0.193091221937648 0.133085080228447
v -0.155111646731011 -0.110990393929403 0.180410767969142
v -0.157682585375694 -0.13115357642247 0.182354883478308
v -0.183793089887477 -0.171969771976598 0.207974706807572
v -0.100665114896775 -0.174650915754132 0.126178759067091
v -0.131019245526714 -0.129980298849103 0.156056065919327
v -0.145537587190498 -0.0986274695022415 0.17083634706143
v -0.0509259935563492 -0.188416216114284 0.0737324028332587
v -0.0551135820776291 -0.206027592147582 0.0689992228539019
v -0.0624569046578 -0.18215550987535 0.0876641414060986
v -0.0779946568774448 -0.153213564801558 0.103791728252503
v -0.0919405217828125 -0.191670576140549 0.117189854352091
v -0.083678730687431 -0.0780333754290702 0.109428808554929
v -0.0944809859580548 -0.0617471139908709 0.120194236600733
v -0.122492561833411 -0.0737398390476776 0.148030130053108
v -0.11129787437126 -0.0851055300011024 0.136703801647221
v -0.174374930532721 -0.316450509549007 0.180945153009699
v -0.179866628581231 -0.289190740604071 0.198669659193325
v -0.181705744927789 -0.335970815381719 0.171362264185193
v -0.171887555923332 -0.274096969424919 0.194129065509488
v -0.137886407470307 -0.25254635680289 0.160516193573671
v -0.189882227102514 -0.242729022903032 0.212484259690847
v -0.20045795970773 -0.22648632719925 0.223424787993635
v -0.195870316704073 -0.262069998087805 0.217089837103542
v -0.165104527733506 -0.328457767107389 0.0939115392522332
v -0.136954708446287 -0.296595637662858 0.131474203707686
v -0.170943053406546 -0.334054043958523 0.113898526593549
v -0.113762612715544 -0.276157264892303 0.0954024598827245
v -0.108038411888176 -0.256987711957147 0.120479932852641
v -0.118084587384437 -0.262651675371278 0.134166727762405
v -0.190159036250625 -0.354549436731245 0.0361851413765503
v -0.177002877976289 -0.341461417495694 0.0438092708089471
v -0.203782668093756 -0.368516334958789 0.0112199289353193
v -0.19405481520649 -0.358644971273426 -0.00263200868619558
v -0.180205149559271 -0.344243689835742 0.063325154418936
v -0.185293871023133 -0.349349392076156 0.114583201158724
v -0.194697403526262 -0.358654506959512 0.0961890136743406
v -0.194535157843405 -0.358998383252063 0.0756348340823685
v -0.0862567742414879 -0.248946631676759 0.0727942975669838
v -0.0988394757576566 -0.263343644341982 0.0154611520805477
v -0.0750717065708017 -0.237091873629998 0.0655626515141034
v -0.0651330930119408 -0.22170827858696 0.0733609390499196
v -0.0412618191767019 -0.204854933990386 0.0382850944978193
v -0.0545187637961786 -0.21505882888567 0.0549211017591231
v -0.0903813713353514 -0.247006722395278 0.0944236643532107
v -0.392592693413009 -0.433943976040345 0.108057358858067
v -0.432734032022907 -0.452142325058875 0.0733392787275025
v -0.370770340382433 -0.490260163324288 0.0728484718684112
v -0.412013167063351 -0.36165044612535 0.0939009826626011
v -0.399008593275744 -0.353199214581261 0.107795260803738
v -0.424532279520891 -0.351367770423267 0.0810116160734798
v -0.421785724092125 -0.395823224974757 0.0846959002523487
v -0.357756181184309 -0.335116996926624 0.148861034611268
v -0.357936337140442 -0.315281255088121 0.146757818676096
v -0.461041241831268 -0.35539314461346 0.0454644146651593
v -0.450973039330414 -0.407906019342843 0.0558435858657321
v -0.249075113545028 -0.414582764730189 0.000538140115155105
v -0.208393750087577 -0.37295821853157 0.126580603436838
v -0.210025062243499 -0.374885464358806 0.10557204845186
v -0.211086381715711 -0.343233345691026 0.195145309220444
v -0.195848296544533 -0.347637713405092 0.177223581898338
v -0.260502094422639 -0.327295665049189 0.218559337475508
v -0.230884438715444 -0.235794082006859 0.243988907769939
v -0.230347836167612 -0.274538919340278 0.235993207833853
v -0.26356753825211 -0.251435396451653 0.237048904913657
v -0.342947583789772 -0.0990658170592929 0.156876832218991
v -0.352153680186583 -0.0774952298257649 0.147319630915048
v -0.316763529369997 -0.109198695198611 0.183664839416182
v -0.290751504977486 -0.0930034997539953 0.208974592020408
v -0.277520217467888 -0.0538850182212381 0.220844952220943
v -0.282799945886247 -0.032563849252257 0.214681308614092
v -0.240689191737417 -0.158749603367743 0.248738896703981
v -0.238251223636443 -0.179231674377019 0.248312831579979
v -0.272168113873066 -0.13345198413216 0.229667646414695
v -0.267639188925062 -0.111418258352151 0.232781318662294
v -0.250343668446539 -0.10535787212101 0.244207886893805
v -0.255418990677115 -0.0224841791209207 0.238304241894865
v -0.260161413886548 0.0153143131619205 0.234544167376375
v -0.298837075175299 0.0270651024796382 0.198023168683743
v -0.282482526515082 -0.00838570211074035 0.214243316920744
v -0.391898858827286 -0.183812822436579 0.110019240622104
v -0.404195487711126 -0.173167611097821 0.0973869958883899
v -0.435260186644045 -0.164303329402083 0.0661339344402195
v -0.393027553839313 -0.119649204412698 0.107436459106432
v -0.355882683688432 -0.133858365782843 0.144705004277544
v -0.367979740066041 -0.142494661740154 0.133068334498029
v -0.356175151135644 -0.17424523259414 0.145253813760387
v -0.389360854566087 -0.0802837182089152 0.110265389453951
v -0.410346694202426 -0.0496989428988863 0.0888576242282687
v -0.3798564911635 -0.193009461339402 0.122137202222206
v -0.366904299177123 -0.183732806018365 0.134926469320641
v -0.347934315855857 -0.24864555717273 0.156001035806224
v -0.333361766670443 -0.1559407358158 0.167881016655563
v -0.461637067692803 -0.336400058026876 0.0447201374929174
v -0.443224726115434 -0.201185236530955 0.0588705389717851
v -0.451098665592581 -0.243098640948864 0.0518898162150136
v -0.324280062975671 -0.238906771790966 0.179317788391364
v -0.276101230505574 -0.234743884055425 0.227507228156698
v -0.301934776734236 -0.214047953171951 0.201468990038119
v -0.315074235926382 -0.206697619549881 0.187668027273561
v -0.297682366469828 0.287982701562408 0.200895563802778
v -0.244992955843777 0.295171953524516 0.255011926709098
v -0.21569013586305 0.298360546768758 0.284511093785081
v -0.236416355778735 0.205217134000567 0.262377382008738
v -0.221762491015602 0.320547439941019 0.277813082220112
v -0.209329251804216 0.35714630854714 0.286273562330978
v -0.234735247142632 0.33523939783264 0.264912743069585
v -0.32329420177079 0.271614475261612 0.174833637266253
v -0.252562177440763 0.0731018280323706 0.241396003177797
v -0.257055750448176 0.113121373371576 0.239554527407512
v -0.420022531164772 0.468566688590003 0.0781543939247299
v -0.423100565787474 0.417146108970414 0.0748934188189794
v -0.344563096157676 0.485871302424042 0.153688484896738
v -0.344014704821308 0.452502882951227 0.154258224572174
v -0.38353526433058 0.51698581350812 0.113818199837897
v -0.399857317286301 0.552527441568835 0.0946045257998489
v -0.366622133473065 0.388060461812539 0.131099921820824
v -0.340997542367673 0.38240338665878 0.15809696943274
v -0.343730872683365 0.403227037249151 0.154537920572432
v -0.312213349000145 0.321926493880819 0.1860850744192
v -0.323055430091142 0.338047038923069 0.175281230685615
v -0.414847944808546 0.26798904948871 0.0827480999337578
v -0.409765757450031 0.220302696930771 0.0877801491488979
v -0.375582508000205 0.290447896224903 0.122193440161089
v -0.379473305884744 0.33437962333248 0.118434191908326
v -0.422426408699677 0.369397901595659 0.0751897437701491
v -0.419465177748683 0.318051199335168 0.0782351564202969
v -0.271206071205824 0.357158002049695 0.22795246543226
v -0.248590126198761 0.348732942720985 0.251193820698978
v -0.261807959280216 0.382612893813972 0.23714288726182
v -0.137078769014773 -0.30181789367885 -0.0366438768625688
v -0.167554856533969 -0.332800540514221 -0.0735232060644193
v -0.14615832531372 -0.314166591152438 -0.0971424991340458
v -0.12882778726395 -0.293717036715191 -0.01989858905067
v -0.196085888037327 -0.360819761789819 -0.0446940307930727
v -0.181861107782196 -0.346494476031029 -0.0586144636375886
v -0.0816720147959249 -0.263274468539799 -0.0645652813602696
v -0.0450523134053195 -0.252523449228045 -0.0630327633416189
v -0.0455342913711874 -0.338773247265897 -0.152881378793034
v -0.0873743528000288 -0.274198625252532 -0.0796194958205147
v -0.0638530912054132 -0.268049173492195 -0.0786728912427827
v -0.129453250117207 -0.309026259481552 -0.111583355215368
v -0.069987037005813 -0.242997233870502 -0.0319127297576835
v -0.0615784488218997 -0.229332138706078 -0.00287207755277896
v -0.0615841144720367 -0.226787762925514 0.0163675289914864
v -0.0494205221621289 -0.215309373546725 0.0229211880030863
v -0.0853685427990435 -0.249921098012538 0.0276009783435673
v -0.398644257974699 0.0919993708635591 0.0985095151767504
v -0.356792157510126 0.125170250719288 0.140467068115495
v -0.403348876142275 0.159512633466633 0.0940090972492602
v -0.367351791392442 0.0835443670140001 0.130105365146658
v -0.366581255664511 -0.00675606870790769 0.131494028486223
v -0.387209062356035 -0.0278486507779061 0.111574089586583
v -0.401631093606027 0.00819945657285684 0.0963667449055842
v -0.406066358665774 -0.0252849834713242 0.0925525690917611
v -0.338635989130472 0.0112992038003719 0.158797569553607
v -0.398495757345858 0.0689350638130525 0.0990766711110012
v -0.399944145593787 0.0281675720076658 0.0979858303660371
v -0.294382261846902 0.0455233251652733 0.202272288784365
v -0.280478738735386 0.049943882485215 0.215517222156203
v -0.287651385563031 0.0830292631466595 0.208694544039053
v -0.299512246705245 0.08172645606587 0.197172903474995
v -0.276897606394423 0.0699043414784196 0.219462475264172
v 0.0423251425654254 0.412385058670506 -0.0553075257129841
v 0.00559029845349695 0.407521827392054 -0.050558178912842
v 0.0706133096585177 0.389297107052967 -0.0320612397258311
v 0.0708341427281656 0.352478530983684 0.00495313220407643
v 0.0969226813475573 0.421920567634946 -0.0653478865164937
v 0.0659880103730434 0.416063023791784 -0.0592810309125887
v -0.0933601320149965 0.423741779395558 -0.0298951163742804
v -0.11103358028138 0.439973459558179 -0.0213841329443253
v -0.0185804174933358 0.405235710901566 -0.0483997670244495
v -0.0572981821351712 0.405127385154825 -0.043302770836913
v -0.00608045076019914 0.337333578339046 0.0557755337273715
v 0.0115930456507458 0.327349694817538 0.047692774025179
v 0.0301003405639146 0.328245137019644 0.0340378040370441
v 0.301272676986628 0.0471695725506081 -0.264691977342032
v 0.29617678327548 0.0828321155860798 -0.25784636766977
v 0.25551136854694 0.0495462461432708 -0.209214165627307
v 0.313128335207524 -0.0118002218170913 -0.276852547392392
v 0.305676385529158 0.0236914670529792 -0.269248701895499
v 0.282412551148368 0.0987707335832766 -0.183880146657275
v 0.24751238550914 0.0613558475497138 -0.172218096035371
v 0.300722468699948 0.10398725533817 -0.250001782803644
v 0.272268922607196 0.0897541840260178 -0.121211872101104
v 0.235344866015351 0.0532984831340012 -0.104395481867755
v 0.0622825097305922 0.0387193874859636 -0.0323282348767282
v 0.0760843321232995 0.0260042931232476 -0.0456498567886883
v 0.0462127188100428 0.0335440114262001 -0.0203774437110434
v 0.0433913499968151 0.0134327007743092 -0.0179562641225666
v 0.0524064708155342 0.054138395643852 -0.0209081083329577
v 0.0921866644286187 0.0409363396439075 -0.0462036049740313
v 0.0905263119240219 0.0552471365981659 -0.0348344443266837
v 0.0851774150995487 0.0687445050972507 -0.0222783610540346
v 0.0638011406436047 0.07031476120663 -0.0173056340607436
v 0.125892299836772 0.0402810746272909 -0.0519284027538137
v 0.0784371560284692 0.0935102022223615 0.00243617488921656
v 0.0705465922453511 0.106481573696382 0.0160515853232936
v 0.0824237273501224 0.117614663938467 0.0271810901992905
v 0.0600653926306142 0.0951411091059701 0.00491709030972923
v 0.0604710200534109 0.0829846171301307 -0.0064991965462439
v 0.0428246581333565 0.0879747247899141 0.00169359872323885
v 0.033759876898069 0.180029865707881 0.0976866549438501
v 0.0651800169897772 0.186517894780025 0.103836056733739
v 0.0537489448696773 0.175343579127368 0.0912503275465575
v 0.0141217532499058 0.177746395604834 0.0954798659113002
v 0.0567077735330474 0.199135055489543 0.118995051298838
v 0.0146364765934674 0.203605393402902 0.125655108392454
v 0.0059641787742593 0.191767864978884 0.112278695459098
v -0.0263945052873359 0.204163023980619 0.127643015609017
v -0.00622129455003877 0.180979473448546 0.09989364963472
v 0.00580731770219789 0.217939767404048 0.142438676024299
v 0.0476672984024721 0.21015711772719 0.131314973167672
v -0.0580535111488585 0.208569926815902 0.135409726163122
v -0.070682996265246 0.196519376225693 0.125488142083583
v -0.0559029025770763 0.189381881398267 0.114153269065776
v -0.0775106646652815 0.182884177453015 0.117839885169026
v -0.0625689055437237 0.177063581970225 0.105771393081726
v -0.0255346235876678 0.183753800705722 0.103855794183094
v -0.0237896884379992 0.172939216371634 0.0913978014187653
v -0.16896592125294 0.0406888077537315 0.199081671211592
v -0.160443511508689 0.0601187994740097 0.19156381714398
v -0.183999075213529 0.0467239330345515 0.214302541797712
v -0.166612931379505 0.0788735417572839 0.198565339760849
v -0.140834938771689 0.0424309652203672 0.170491306987225
v -0.131690440912916 0.0602287920219382 0.161148216111873
v -0.139814138481637 0.0807282344694198 0.170579345503948
v -0.11792477243968 0.0738251940372836 0.146691760944948
v -0.128106295857305 0.0826125680176335 0.158156210715895
v -0.152844936045723 0.0786786424626162 0.184316065373963
v -0.123429777445406 0.0188393176249562 0.151012584833119
v -0.12016256807291 0.00133190056051504 0.146903183555193
v -0.133730231145438 0.00321419656882388 0.161331791665685
v -0.113651016947134 0.0326409096842014 0.140863425888249
v -0.127454270653105 0.0386976765665962 0.156117010607602
v -0.106810156747692 0.0667001814526831 0.134535726846279
v -0.113379458801596 0.117893436123606 0.142693055629491
v -0.105046943081297 0.107139386011489 0.133558227424649
v -0.124713547884478 0.119413091789315 0.155214516932101
v -0.129603685974995 0.139306676830844 0.161291605036345
v -0.102784171746827 0.151277663994169 0.131832139693752
v -0.00567399300059498 -0.0541436835260607 0.0323845715281195
v -0.0193197209817898 -0.0574093560312004 0.045938353867851
v -0.0140879088477095 -0.0378568162327751 0.0404684490585231
v -0.00070976769427607 -0.0348207594244569 0.0270322413893429
v -0.00314698564969339 -0.0920740620888117 0.0307430543694281
v -0.0103426498135126 -0.0744448229532876 0.0374552646296696
v 0.0143075441040742 -0.0347288676099208 0.0122384405485358
v 0.0212482033249987 -0.0168277938187651 0.00511255699773216
v -0.0339829555331716 -0.0831821519682508 0.0607188579112704
v -0.0450110258422072 -0.0711426379671314 0.0713914012661536
v -0.0322412944148834 -0.0631654887990972 0.0587993059248675
v -0.0381580643836314 -0.031322952760128 0.0645178487936833
v -0.0461899588328541 -0.0916265936535171 0.0726985445091782
v -0.0196232965747443 -0.0907148122086351 0.0468065759591454
v -0.0672847177392676 -0.0464462482106473 0.0933581763855544
v -0.0775721555307582 -0.0319440380187929 0.103520281244972
v -0.0872362679855217 -0.0206838296157443 0.113119829875982
v -0.0632720282775376 -0.025403770347612 0.089610149362367
v -0.0727373065517278 -0.0101652239803026 0.0990344923837454
v -0.0564719428150543 -0.0585984336536045 0.0826569009185167
v -0.0578083013322184 -0.0777099912343018 0.0840257405963802
v -0.0694972696941357 -0.0840493391548046 0.0954841272761815
v -0.0395110057162966 -0.119466243485551 0.066439511366616
v -0.027045308134179 -0.123840818251025 0.0542217870025518
v -0.0369310717617032 -0.157245952733328 0.0632150482543225
v -0.0430478484583051 0.0459368806815024 0.0688536116442396
v -0.0392498684006675 0.0670096233555219 0.0647721007932263
v -0.0287135918650798 0.0550291087202878 0.0542908397551174
v -0.0486831419800912 0.0817807273054859 0.0741533404469326
v -0.0154176338758873 0.0456065461483144 0.040827650959675
v -0.0349545715044015 0.087897576560898 0.0599910049194267
v -0.0244913420208352 0.016546096462213 0.0503535004531836
v -0.0334020700098496 -0.0127117829015046 0.0596457088603214
v -0.0857014053616898 -0.00303670456126813 0.111606749744023
v -0.0490705321326085 -0.0210982723939547 0.0754198321837398
v -0.0641826515379945 0.00972461251955674 0.0903587481158922
v -0.0197408703191009 -0.00308420568276864 0.0458317269027656
v 0.00426695922289687 0.0156474578351955 0.0213794562511504
v 0.0131940988387528 -0.000615277893535964 0.0127406883869881
v -0.01566364456275 0.0299483022230373 0.0411516993249849
v -0.0897052711841816 0.0449925324269202 0.115966968976348
v -0.075854665207217 0.0463931161154588 0.101813391292202
v -0.0987681188147116 0.0284521140368748 0.125006930261963
v -0.0957415065566308 0.0600894850447409 0.122491300539926
v -0.0932674374891039 0.0126295136181821 0.119302122737936
v -0.0675996212410647 0.0602711429594616 0.093343507544432
v -0.0813704669853149 0.107966857090773 0.108666631857903
v -0.094550027395791 0.0776727484841914 0.121832401567895
v -0.0456589062483071 0.100948111482619 0.0711841692579818
v -0.0610769008332516 0.0785759517173346 0.0869825980385886
v -0.079008038900783 0.129175594179243 0.106170535589981
v -0.0712384230171569 0.148636288067978 0.0990694183658436
v -0.0642071795540032 0.131804288845755 0.0908344054178492
v -0.0932100559749641 0.136579913308417 0.121317308981441
v -0.092017237791 0.117725738864642 0.119858691769756
v -0.103811727383107 0.129785583212541 0.13252416218619
v -0.0766170756326324 0.165032047806583 0.108057633725055
v -0.0942649837250354 0.0968687154415404 0.121936605940412
v -0.00503543204992086 0.12249250146438 0.0415851124719418
v -0.0071579827625236 0.107548496826297 0.0358871026701473
v -0.054684866795641 0.116762000867895 0.0808078250605238
v -0.0132541242884464 0.134688745253649 0.052530218232526
v 0.00142513773699555 0.145169710744369 0.0584601955476546
v -0.0207954759595881 0.116306616613442 0.0483989443806357
v -0.0182118512382025 0.147247759157212 0.063863232948399
v -0.00330576105034807 0.169909787588144 0.0865193129835338
v -0.0410854091015988 0.163352942203185 0.0857262666909032
v -0.0424780221089061 0.118589572211963 0.0683257498734057
v 0.0395886717096254 0.140411288288675 0.0521426556081178
v 0.0154968870262527 0.152844517617718 0.0663362634949023
v 0.0219648983234089 0.1420240410924 0.0543143985355719
v 0.0153080575231234 0.164832375059581 0.080153290492802
v 0.0294296768870702 0.12848457038752 0.0397066261280218
v -0.0430713152453991 0.178580328923141 0.100176411005417
v -0.0585146429771202 0.164094462577097 0.0947212230122857
v -0.0545809149883424 0.148637608747667 0.0847185165199806
v -0.0927952895387122 0.169469484412863 0.123665721268606
v -0.0258089304062053 0.075881957412286 0.051060299049157
v 0.0115085975540223 0.0671363786230145 0.0135335707953378
v 0.0120917764942011 0.0864897452314144 0.0163200650595176
v 0.0266643584786584 0.0782725572361806 0.00389162245035035
v 0.0253862079443889 0.0601704655496276 0.00050649569193119
v -0.00460588365968409 0.0913022798586559 0.0302583869801412
v 0.0104269925949946 0.119567268932536 0.0339818705959265
v 0.0203982341477033 0.0170704667800059 0.00520106642076154
v 0.0226538923080312 0.0389726168208864 0.00224705839152916
v 0.0427389949411284 0.0697414110946434 -0.00924223637174211
v 0.0110569661199096 0.0308620115139525 0.0141766055997812
v 0.0489779574474666 0.104268663238023 0.0144620536016494
v 0.0404709740883886 0.115624608542206 0.0261016051278485
v 0.049962410128546 0.128296653084874 0.0391151877756082
v 0.0715981688001756 0.129556800374635 0.0398462826806951
v -0.0217163514565504 0.251795581190766 0.177442325135846
v -0.122036018333085 0.334453389967037 0.275026438987336
v -0.136916152319564 0.371943992232487 0.279441242608936
v -0.0771399178868257 0.331281731818476 0.236860341207856
v -0.110685129058527 0.258177988764214 0.237535894813442
v -0.063937438163821 0.365328482779744 0.221142778857331
v -0.0982305556131126 0.228282003959927 0.176533788359131
v -0.106244206863747 0.174091908467512 0.139003218401388
v -0.13217822157494 0.222728877049086 0.229840796217611
v -0.187218958364385 0.200792322332807 0.278889472586605
v -0.170229554192078 0.15709880428188 0.230133475538794
v -0.176065379233148 0.284359713181676 0.301258779138409
v -0.144521300104049 0.25161765966246 0.273314751560229
v -0.219739366688832 0.231156899042568 0.278564819551418
v -0.217327568814045 0.13764133923192 0.260270832376472
v -0.206687877253183 0.0960519463453629 0.243068766897842
v 0.197545922116183 0.0791521242255177 -0.0144723402033485
v 0.184627002435316 0.117870158171202 0.0246002015891775
v 0.14836160368863 0.136192337731956 0.0443665182892313
v 0.0687645654132819 0.153359371269984 0.0657644102812417
v 0.247082367543057 0.241330323502326 0.100748817197232
v 0.198907578512345 0.227349877262713 0.111491775687943
v 0.0681022622723196 0.274017201401332 0.102408764062506
v 0.0981331086141181 -0.127467044668349 -0.0665251088471659
v 0.102068826230242 -0.107082659343932 -0.070661123517102
v 0.121700602234404 -0.153846612460806 -0.0884495192679737
v 0.0536232908959896 -0.0831598711709017 -0.0250467588965833
v 0.0219205479559048 -0.109646884216532 0.00677718754589589
v 0.0390463401149907 -0.181460933710855 -0.0101957487467809
v 0.0290660303480085 -0.0366254894156914 -0.00224653018002922
v 0.0350678008142704 -0.0563940003658748 -0.00775591070118197
v 0.012194483547719 -0.0841302148760092 0.0155307735178448
v 0.0640172803223431 -0.0674175883894693 -0.0355184575452205
v 0.00652917649036653 -0.180383338666812 0.0111745696829101
v 0.117036471681908 -0.100792802747877 -0.0850145602437085
v 0.14981985311363 -0.0392295703682444 -0.114800652252016
v 0.0961218680003097 -0.00460774676194813 -0.0666965146247361
v 0.165035791114687 -0.030854388040819 -0.125647353907937
v 0.0856261370769798 0.00988900157720809 -0.0562612578000063
v 0.0649019133374695 -0.0127618790615743 -0.0381368159565259
v 0.0733543045998948 -0.0267583086878171 -0.0457451977071221
v 0.0416185730029196 -0.00339209410068403 -0.0154759830978661
v 0.359462825662216 0.177071567870272 -0.0917883891774603
v 0.315527200039075 0.133097053973415 -0.136673618047483
v 0.378563016772268 0.195930869073554 -0.154128778157002
v 0.35346364518207 0.172365880614225 -0.0248678541422574
v 0.333281052789894 0.152178020874284 -0.0511046602239217
v 0.296708580730012 0.125288999096555 0.00406756797102678
v 0.284032166798147 0.105904055477867 -0.0284026025779244
v 0.286718097056352 0.104876462007663 -0.0861724618281331
v 0.323945366900665 0.18152909880595 0.0510058811286939
v 0.378250809603881 0.202794015364519 0.0154443824042358
v 0.279366217317824 0.0976551123469973 -0.103134732501365
v 0.257059447732683 -0.0351385764899297 -0.220366502973766
v 0.268959927040504 -0.0277612220125327 -0.232153815912362
v 0.206848142794867 -0.0967277919075448 -0.169937884251447
v 0.204940272512212 -0.146793774847264 -0.168122650014611
v 0.307707621962833 -0.216915392735435 -0.271341747985537
v 0.3012696872553 -0.276288935853074 -0.264478583727694
v 0.240135463019531 -0.303025941990154 -0.203400151508009
v 0.286655305317774 -0.367475932623997 -0.250659383907742
v 0.308490120549526 -0.180218966800525 -0.27170989133783
v 0.284104985589795 -0.198796773494676 -0.247730356302692
v 0.259345334507565 -0.179767740839288 -0.222800210058024
v 0.255435954479181 -0.148217882994527 -0.218374152379255
v 0.242231385665837 -0.148122108974771 -0.205940330729435
v 0.226186987812747 -0.233980999523872 -0.189808045090317
v 0.299100319062626 -0.0786936663585367 -0.26284373356915
v 0.312309174857035 -0.0767933080024484 -0.275998633799124
v 0.270271685767167 -0.110559321038516 -0.233728714922386
v 0.298143337115062 -0.14614062837768 -0.261674829685408
v 0.322070679632638 -0.148731257449382 -0.285779971424792
v 0.189999481667319 -0.173382756565049 -0.154168828240082
v 0.202981104271913 -0.254224212792304 -0.166655762539161
v 0.470125168529061 0.385897139569649 -0.0549955089829611
v 0.424197097521466 0.432724584314402 -0.0777789110621483
v 0.398149844567257 0.312128986778311 0.0163572662258794
v 0.431133546371656 0.251164727557354 -0.0371002647487928
v 0.46413269893247 0.297253416188418 -0.0525752509083897
v 0.347428951258704 0.251608405825763 0.0605276990893143
v 0.312860912144953 0.269583877061445 0.075025762160889
v 0.386973771403729 0.239627811372285 0.0255739540769416
v 0.360205467176203 0.316026583668796 0.0353300338230598
v 0.405243616707584 0.222445360116486 -0.1437553851082
v 0.442179185841565 0.258990379759391 -0.128842752626681
v 0.187578072406347 0.363441171278554 -0.00690245510476917
v 0.210620050700289 0.417199202266057 -0.061241402212919
v 0.26994145763899 0.411917768891017 -0.0563002293186526
v 0.259962499002934 0.349027173599995 0.00713962354394895
v 0.265611277167623 0.37421333387816 -0.0184286448927946
v 0.311500360392642 0.380760865105852 -0.0252171351459539
v 0.350389372954209 0.378133341999317 -0.0223399633402968
v 0.294218021994151 0.295505416523791 0.0591456235100289
v 0.326793460574218 0.32837181302509 0.0271568301887462
v 0.237868657007844 0.326612729337632 0.0291951291258835
v 0.371621503781524 0.40847711140029 -0.0524382760230094
v 0.384230781530894 0.435679537083701 -0.0802964885615449
v 0.106439182509739 0.393750377477235 -0.0367595104593069
v 0.122522934086774 0.279187526298025 0.0800766396228099
v 0.0846359849290129 0.296375544868454 0.0634560769475123
v 0.186820774703358 0.278959043746412 0.0780205396941726
v 0.23439362361337 0.274336208261042 0.0810665666710399
v -0.0452585860240656 0.373272743824026 0.111479708283552
v -0.05846469237285 0.386429516417965 0.120721479605181
v -0.0821403599572617 0.409786346231423 0.144191214229406
v -0.0537190877158068 0.381411948802657 0.161591294173935
v -0.108989709562113 0.436902286655812 0.134375478688979
v -0.104207219503149 0.431672328062987 0.174046326832965
v -0.106234688095247 0.43466497126883 0.0544855872983857
v -0.108917169531463 0.437070621718629 0.0942676413649445
v -0.0808113471223191 0.409216881500976 0.07705974553435
v -0.138518774375508 0.466693472662225 0.118024853380478
v -0.128763406955531 0.45210901240306 0.1987011898772
v -0.103211056383938 0.424823755609183 0.216700450199098
v -0.117504975183741 0.402977623132625 0.253489204084047
v -0.0834520531805546 0.392985954256198 0.229395949310712
v -0.179414911629951 0.40211456048857 0.269611144718301
v -0.215709094557305 0.543047160600803 0.0946241756312321
v -0.160713176149662 0.48910600273911 0.139067945905285
v -0.143824204091009 0.47206371217188 0.0327244169420801
v -0.250374935121193 0.55923736829041 0.10714410344354
v -0.213010948555262 0.531904270869952 0.128579679750897
v -0.235822079451076 0.507906206042205 0.166479549937929
v -0.196296218222815 0.513454591963667 0.150765044746427
v -0.278273363678197 0.511163403601824 0.163038043068438
v -0.154575830406781 0.477194806382344 0.178857596852
v -0.337473123926851 0.542944439380841 0.127768955946984
v -0.30812182036901 0.527712735331823 0.145479605468755
v -0.188289514315281 0.426063841621191 0.245916609097547
v -0.000148267955215653 -0.240363354952268 -0.0513711821671018
v 0.141304272483942 -0.197737503999408 -0.106382790321123
v 0.116922226497632 -0.266156230551718 -0.0901127811108686
v 0.241246319667336 -0.351518820485277 -0.205987814909756
v 0.160618204181798 -0.372830023742732 -0.189138803532831
v 0.20075237681287 -0.291852923369855 -0.163811350561217
v 0.13974935792833 -0.3224010447055 -0.137586314055738
v 0.0952301666889499 -0.31780247902621 -0.132637893250622
v 0.157351030894763 -0.227671672159876 -0.121609984366592
v 0.148627966067164 -0.262691998184294 -0.112558966654669
v 0.177968111756051 -0.270436028268237 -0.14110748388556
v 0.0719024677982413 -0.334043602110055 -0.148753720583382
v 0.0353768642325988 -0.344816113363715 -0.159339379258925
v 0.0178261195919225 -0.334016332619278 -0.148147830034447
v -0.217372917436698 -0.115274912529279 0.240532902871525
v -0.197664104691748 -0.165815399632005 0.221687076902703
v -0.192105007395802 -0.046559591820489 0.218329066170749
v -0.11161221826772 -0.0114016868654256 0.137866787239292
v -0.102230706168102 -0.0270530328794488 0.128178165868904
v -0.136823462258516 -0.0494993289999211 0.163020342757286
v -0.211109144197191 -0.000630000593360149 0.236166945729305
v -0.237098835967099 -0.0223237697296262 0.243892018607595
v -0.145865576742677 -0.180419848438957 0.170041250220563
v -0.132932250565035 -0.214147665786921 0.156556182428879
v -0.186898600660674 -0.225466562946279 0.210042708516014
v -0.0749699813677701 -0.133293171573977 0.100923745582159
v -0.0903125329953559 -0.0995138524334916 0.116020170564897
v -0.132445580543424 -0.108612747426773 0.157820756004573
v -0.0916834525004538 -0.0410375019287087 0.11767881983609
v -0.159590042835165 -0.318204445778847 0.148066922857046
v -0.151746644640666 -0.252431860663565 0.174189504202245
v -0.180462634165613 -0.256299816138648 0.202097568865967
v -0.121010709815992 -0.284124616797013 0.0794955558707837
v -0.115107546955791 -0.27190380987381 0.115305436405156
v -0.203032139174452 -0.367794030546466 0.0324784343299058
v -0.150275607849908 -0.314359929972226 0.0523675320790052
v -0.142154268909714 -0.306391094925909 0.0167763697253313
v -0.396428897723602 -0.414560051932977 0.10852125704289
v -0.380577118291019 -0.327977011660844 0.123780094139505
v -0.217687721071121 -0.381581854523363 0.140585551210171
v -0.213256886870386 -0.35872420394033 0.18053482954396
v -0.236539663871354 -0.402204095540121 0.0498027607894946
v -0.22069040359099 -0.385870391463217 0.0942159556271986
v -0.257118918050618 -0.423402140634646 0.0729734867927035
v -0.226802417005141 -0.336128239312472 0.206217159572288
v -0.243772153417741 -0.290414749317404 0.233624090715266
v -0.249888426264212 -0.238187509007485 0.243267871966017
v -0.313924075579431 -0.0856888414154295 0.185569644943187
v -0.338535283737492 -0.0782458055833817 0.160990980865587
v -0.322209801055387 -0.0307345811098322 0.175914764753905
v -0.374841152540861 -0.0741936239160613 0.124585382123363
v -0.29551407817577 -0.116072972940755 0.205509695433599
v -0.271839140345171 -0.072580787338542 0.227500109658885
v -0.257562974294548 -0.146324141444767 0.241624136888189
v -0.24261011714717 -0.201560987568986 0.247640866249006
v -0.285439515994729 -0.130693988571132 0.215350695354764
v -0.30978773270986 -0.150733737492718 0.19118550541435
v -0.266024860744572 0.0576838327159372 0.229720775487378
v -0.391709625524642 -0.142066688806035 0.109310285271294
v -0.368162523923924 -0.123218118888572 0.132475705925672
v -0.356328484163961 -0.153646507715366 0.144726991707209
v -0.38056269250023 -0.211821747344392 0.122435588519029
v -0.359908480606056 -0.237513776172691 0.143335670321925
v -0.371191783741971 -0.274307897180742 0.13212800182271
v -0.332832612109936 -0.253777874053893 0.170058147368028
v -0.332227163354026 -0.176736418438114 0.169338046853196
v -0.430418955400439 -0.292198839689631 0.0736826037133005
v -0.431797615811929 -0.313509818766039 0.0730237889772713
v -0.393661839453047 -0.294452142505198 0.110760347667838
v -0.41430304224385 -0.266222784593986 0.0898348777093886
v -0.313892510174766 -0.225332748180554 0.189587644360912
v -0.276288064919413 -0.212590781676363 0.226136563427676
v -0.305000454938497 -0.193023271113972 0.196878986365506
v -0.286594788633877 0.276224485897562 0.211700328212575
v -0.259741799095403 0.28881425785629 0.238662894331283
v -0.284534450469305 0.314130012458291 0.213726652429377
v -0.2443539140252 0.238412248373615 0.254444286879136
v -0.228891661764965 0.299290690998249 0.269570552629869
v -0.221242568880315 0.344224532580071 0.27636951086011
v -0.311780100213563 0.258931125487609 0.186208028171869
v -0.288219953077266 0.235136007166069 0.209779053558913
v -0.272398584867706 0.200355916976161 0.22538488893654
v -0.37148358868221 0.238758395666789 0.126145488474879
v -0.33084333432924 0.188447910880457 0.166803782844374
v -0.347705432300829 0.275577509243704 0.150185441493549
v -0.297189640843426 0.118580189719397 0.199867921655852
v -0.251185469296753 0.154323442980661 0.24675430609912
v -0.370335332390249 0.411574105021281 0.12845992985737
v -0.377214846729507 0.454259040424628 0.121020280876613
v -0.352769848759753 0.46627623469408 0.145209177691986
v -0.339433725643663 0.434382167077179 0.159993553530467
v -0.379146017718849 0.357363325644145 0.118858724860616
v -0.353891195429656 0.373311678943692 0.144246727816207
v -0.330246207123896 0.355949867457399 0.168008830941737
v -0.330222493259142 0.396910653301066 0.168026537781585
v -0.342922610663427 0.318973201871593 0.154998069251196
v -0.308715157983181 0.341442674949424 0.189647676440142
v -0.247471902135227 0.369500267991503 0.25061012610069
v -0.123260692318258 -0.291825982219375 -0.0754443345387106
v -0.121686627440135 -0.286317502983521 -0.00172122838312906
v -0.369868431056494 0.139567870564249 0.12769880676843
v 0.075920844788761 0.402301163612398 -0.0451613225518607
v -0.0479909987959618 0.376492440264054 0.0437622067667777
v -0.0236061117772388 0.352324357307327 0.0647468127833873
v -0.0722432250127704 0.401561432943894 0.00366260910663651
v 0.274531643775778 0.0811125663912919 -0.216990801786949
v 0.282184395654768 0.0968585268564142 -0.202858723112648
v 0.248497855589588 0.0543744884574753 -0.191166760240179
v 0.293021312587127 0.110295404936752 -0.140862317679009
v 0.334780220768712 0.151690539248049 -0.180056183766329
v 0.251751577892287 0.0688331896327351 -0.138327525220072
v 0.0589432660257797 0.020802230216664 -0.0326463283926269
v 0.070735774452585 0.0570255573350748 -0.0284911515913106
v 0.109521039168364 0.0378071944442704 -0.0525726640292237
v 0.0777041352743611 0.0432414127042288 -0.0390452321225424
v 0.128165046346188 0.0779809454932848 -0.0140709746827912
v 0.118751970484336 0.0898012683352856 -0.00207620340371301
v 0.166280503554447 0.0427872208006182 -0.0504425766888148
v 0.154762829168601 0.0540835861859973 -0.0385328590611209
v 0.0986197090639147 0.0914773281856418 -2.88727659319144e-05
v 0.0908544320986406 0.105491965830429 0.0143919313648089
v 0.0456921937788639 0.188506089732903 0.107317822697096
v 0.0334778975776062 0.16924200410181 0.0849030919089376
v 0.0519639948002274 0.1618510192473 0.0758457260528162
v 0.0503341639976797 0.150938867793774 0.0635159775811167
v 0.035245903975755 0.200077655664384 0.12085646123263
v -0.0146318807778022 0.193883823010078 0.115430191352365
v -0.0461880372041072 0.201419324976947 0.125679693553715
v -0.0352127179550956 0.19178032358787 0.113808435741747
v -0.146049926973217 0.0598430892261733 0.17633292711253
v -0.117509090394763 0.052607478700742 0.145673792004983
v -0.14508394100175 0.100813044228051 0.17679843193327
v -0.107562999339481 0.011094326448155 0.134252839121201
v -0.13677953085546 0.0215634002766641 0.165300920722806
v -0.118726807767038 0.0986193482110301 0.148190175448698
v -0.115601482451684 0.137100165765464 0.145584387820018
v -0.137862767434062 0.121111059823306 0.169619427586596
v -0.0231799053112617 -0.0234129201010023 0.04943977700297
v 0.00213935723144822 -0.0719732123367305 0.024991964436545
v -0.0420812357485428 -0.0509414464849196 0.0684515719589462
v -0.0169149083543431 -0.107389555314038 0.0443597030559147
v -0.0698660466077321 -0.0655627628477942 0.0959683430494119
v -0.0533005985191733 -0.0380360289761153 0.0795831371090519
v -0.0296621958782987 0.0377661274314935 0.055360823960331
v -0.0537943276644676 0.0287686761199569 0.0797711853051032
v -0.0387770127287899 0.0248933880073474 0.0647744549539573
v -0.0343804878785937 0.00595537167084661 0.0605368818633652
v -0.04463258286545 -0.00361344885350677 0.0708894251424671
v -0.0689978557425739 0.0278197078303817 0.0949135184975811
v -0.00914728052940192 -0.0186009969445406 0.0353190584848577
v -0.00285181455110109 -0.00173066421632483 0.0287862460742066
v -0.0099181805213826 0.0148101547132741 0.0356412977662686
v 0.0296545026226449 0.00207600602583393 -0.00365267828650093
v -0.00232850245400825 0.0341118883394284 0.0277825928717008
v -0.08330783566576 0.0286584105948618 0.109310084845974
v -0.10483227280472 0.0464576373049756 0.131819079738222
v -0.0528093963589972 0.0614865929065901 0.0783055808947498
v -0.0741312730695284 0.0759712262377231 0.10019124671386
v -0.0713649633743731 0.0946262165244401 0.0979683085705974
v -0.0834986877751644 0.0858235816912137 0.110406931277683
v -0.0577618802848742 0.0980480690212932 0.0839141193359544
v -0.0685157472021787 0.114040218221036 0.0952460692746049
v -0.107410930193103 0.0877011059029671 0.135767477066019
v -0.086429539323766 0.151287416180058 0.114539708736042
v -0.0324276611960203 0.108317047583773 0.0574964537248877
v 0.00847716318662363 0.133152828985184 0.0458935470325148
v -0.0365114057666755 0.147680513958239 0.0722154169565816
v -0.00327138886030394 0.157370218718211 0.0718919503712386
v -0.0213052011481194 0.160814385040011 0.0776373294570906
v -0.0480006814108407 0.134042901078038 0.0753559749318547
v 0.0614805348902345 0.14037687942081 0.0516990960878681
v -0.0210297358994575 0.0961561807216683 0.0456204454703682
v -0.00177815144286331 0.0548088017688231 0.0265908100840053
v -0.00142937209340391 0.0737224023929376 0.0259557917244784
v 0.0327779800811192 0.0249960557873364 -0.00755701702455469
v 0.0370212324195173 0.047996536029132 -0.0109916866401772
v 0.0295751997712797 0.0992771312251278 0.0135638648862374
v 0.0608607876030673 0.117531299362784 0.027701967730339
v 0.0246989619306467 0.114162349075878 0.0265129698087497
v 0.0268350468821243 0.262272937066125 0.158421332789763
v -0.0692579765443426 0.311861325742384 0.229570384865005
v -0.106533492045851 0.211011212056553 0.163506382905818
v -0.0782275459694319 0.206941655185691 0.138861918463304
v -0.155752413739623 0.21676615061211 0.264761833659902
v -0.208480259426827 0.276230328680308 0.289686389404142
v 0.239806530729735 0.0686958899616679 -0.0460274476802727
v 0.128576326715397 0.186886194023812 0.0990570918245755
v 0.0799325198040111 0.265368457301762 0.108614077173918
v 0.0587717002506083 -0.0317428831447821 -0.0315889867296434
v 0.0132557541343947 -0.0665143958031042 0.0138090083069947
v 0.0693549994277694 0.00774970962731976 -0.0427019656310603
v 0.332719558316372 0.150985419526675 -0.0903170328965512
v 0.281728039604639 0.10086710034954 -0.0513445033321263
v 0.230585989459654 -0.0453938202166201 -0.193371513666818
v 0.285068179303964 -0.258038897674231 -0.248464264674851
v 0.26859290095034 -0.341571470712125 -0.232659409195247
v 0.440460408926477 0.257551885742601 -0.0922974776320987
v 0.298537534942941 0.342549509313562 0.0141755022343926
v 0.013726625660914 0.315983400532379 0.0847102629902936
v -0.0707694287525003 0.398919957887231 0.110841802313893
v -0.137539678479235 0.433348003622373 0.235652463075827
v -0.196546111429168 0.524099841827299 0.116627422635235
v -0.265644296292422 0.536819147024324 0.136716237278844
v -0.323392301609842 0.569997515252663 0.102515331616825
v -0.346121366911351 0.526366935552285 0.137400754393489
v 0.071836407471596 -0.242838103190069 -0.0586011164193666
v 0.249185744357047 -0.412959971082979 -0.237405048039975
v 0.170699628682026 -0.307358613393417 -0.138710389891802
v 0.103475238714342 -0.340423205449454 -0.155566245962639
v 0.0364957992249857 -0.358602911116172 -0.173399008061417
v -0.185219163292812 -0.150853814701072 0.209679527078519
v -0.195861587036258 -0.0683710638888732 0.221727154322476
v -0.161811103679291 -0.0338816122991767 0.188759054019131
v -0.238693092154726 0.0142954028764609 0.243662959707523
v -0.164183518246264 -0.216601163950124 0.18727791077962
v -0.106025161889243 -0.102951212800001 0.131551559261542
v -0.0813932854729286 -0.0547604989363305 0.107377719544674
v -0.13895700531723 -0.285198729767607 0.15015674758643
v -0.395657584080146 -0.332246126846023 0.109136303393844
v -0.246916076611139 -0.412902171985167 0.104634526134552
v -0.252578501493349 -0.355286815956248 0.198177635707347
v -0.359519564298914 -0.0226461036460995 0.139001080507553
v -0.271955751075654 -0.0216091902812589 0.225325880512995
v -0.282057976734031 -0.169948519771618 0.219559411357106
v -0.379823105605424 -0.173636727793939 0.121890330868122
v -0.327677929730501 -0.214372604296121 0.174725689677695
v -0.272318066814029 0.243598533705248 0.225819725271518
v -0.297252051806865 0.370234014796616 0.201481226223849
v -0.370233798848734 0.0278697983598955 0.12756489896523
v -0.0204937624530866 0.365803729328474 0.00128975264252689
v 0.111845810134467 0.0512989081038931 -0.0407196730510398
v 0.0833020163895344 0.081283413152539 -0.0102039931577912
v 0.0247034467698049 0.190338159359689 0.110169562778721
v 0.0335714304052896 0.155085372047562 0.0687254805010329
v 0.0264957782590275 0.211948033011401 0.134908525300113
v 0.00607968588498128 -0.0175613747971981 0.0199968141214876
v -0.0322693863207778 -0.103871670152857 0.0591895561015615
v -0.05871001239273 -0.00661822910615623 0.0850107493244747
v -0.0493839816958767 0.0107914709370398 0.0756024049455686
v -0.0776528528172086 0.0111176498596794 0.103712992757658
v -0.0829239078016513 0.0642055762277849 0.109407161892534
v -0.0308226060335266 0.131572786052048 0.0605132313314244
v -0.0134790652724928 0.0813598477183895 0.038085599315712
v 0.0105481199290409 0.0479926347647689 0.0142553337265163
v 0.0100607200328073 0.102960033532555 0.0240432291047091
v -0.0365312785886501 0.346013712916466 0.196433824102243
v 0.0953491884504421 0.0250403532605167 -0.0568658345731572
v 0.38090174622846 0.198947948105636 -0.0393340502308705
v 0.22684680156174 -0.275674972587193 -0.190537969610033
v -0.0381712387212361 0.366775782753917 0.0735693667052572
v -0.129377470173169 0.45729028206804 0.157613193862757
v 0.0805178697923361 -0.293373540130196 -0.107230975815672
v -0.244702644510257 -0.0426237962424734 0.243575341887854
v -0.149928242096111 0.0238010219894637 0.17900758592973
v -0.106140932467674 -0.226277911697735 0.130114479546895
v -0.114176817588763 -0.278439012964189 0.0169227659815874
v -0.332819958026046 -0.133734492979416 0.167790195433688
v -0.415027893060753 -0.184799564986952 0.0867613239521323
v -0.309537133183956 0.300321928200623 0.188777990156765
v 0.284405339472231 0.0940550613590408 -0.220923594245861
v -0.0596333999400477 0.0448910972963611 0.0853738744849083
v 0.0373517620150151 0.292469571004879 0.111459725271607
v -0.190718939563789 0.354635002452666 0.295108956159118
v 0.212462325309542 0.0403103219129857 -0.0744784487862573
v -0.0228733355978812 0.334094547055238 0.185792565278112
v -0.00698672483338669 0.301517724398792 0.180142258397634
v 0.00954638235240986 0.270553805720854 0.16951408547767
v 0.0222568874404389 0.278651605830819 0.158344533747856
v 0.0151723383051426 0.296551634783331 0.158540404269186
v 0.0066233136073764 0.290198198863336 0.169893882703797
v 0.00412968359007052 0.311018168733461 0.165199179887577
v -0.00593554434306732 0.260801948067439 0.177234129757421
v -0.0301436189529879 0.238464570409156 0.166446622282239
v -0.0110299691713245 0.228510968456202 0.15438622841205
v -0.00746555149439713 0.242629502076767 0.16745721003479
v 0.00827406648107507 0.233393803455412 0.15714363676295
v 0.03860640962656 0.274165855052736 0.144069268557709
v 0.034451902982207 0.290482852726415 0.130061026307974
v 0.0270806856030375 0.290495547846264 0.14615067145219
v 0.0147244470504894 0.307475231926456 0.147404229932445
v 0.0129276242416563 0.315030867040103 0.127518443475007
v 0.023218646093392 0.302310514961093 0.133469566068306
v -0.0444620148969198 0.320366081787379 0.210017817702015
v -0.0532420847858969 0.308036176771614 0.216811033607066
v -0.0461145741731571 0.29271128722599 0.209527441720918
v -0.0351919039834257 0.282452821120744 0.199702977054351
v -0.0697411528921236 0.277851946163556 0.218182850012987
v -0.0856881779227169 0.277848827017762 0.229817468403528
v -0.038415474728164 0.251527122002284 0.181690625679663
v -0.05974124179892 0.251464279783232 0.187630296929526
v -0.106430550145281 0.250204939666827 0.222178833745762
v -0.10087181812574 0.275124520070374 0.241320797561799
v -0.10889323400308 0.239740396534178 0.209309196049228
v -0.158952701614157 0.338777255056629 0.299312603360743
v -0.139426592748837 0.332089045118291 0.289712015236445
v -0.144925378577096 0.306561467053737 0.290615797230085
v -0.16337681840817 0.301282952327935 0.300984635946347
v -0.172396258959796 0.322061418731265 0.303531356232662
v -0.112132130685866 0.319891848768448 0.264631368714814
v -0.146824282646009 0.354658649644802 0.291257294415416
v -0.0934338855938076 0.292626605964308 0.243520468570213
v -0.105032011524716 0.339474965120967 0.261304708873217
v -0.115419741905376 0.269320557621436 0.25252670829646
v -0.13410844327679 0.246170665795336 0.259217522138311
v -0.122929576990762 0.216281734070451 0.198132464241752
v -0.110617269987905 0.228367036484545 0.192969467242072
v -0.115435691910074 0.213301964228539 0.179386450899805
v -0.0877589938012958 0.224679871061977 0.1635746119245
v -0.066918092585603 0.230188406184258 0.162244781976173
v -0.0602971801284923 0.218741087928122 0.147462601349692
v -0.028869504163012 0.225186157468568 0.152098374527979
v -0.129495627426952 0.201092247333947 0.191758551204058
v -0.121643085536216 0.194449814822255 0.169634139960322
v -0.117603258755991 0.156777164530399 0.149141866562309
v -0.130766727794872 0.157551665904389 0.165716159245939
v -0.129736498090967 0.176619970905713 0.172187951510328
v -0.152042948553686 0.153175593946083 0.195305688224324
v -0.157486027308784 0.133708323411255 0.195396516509069
v -0.164873257720901 0.145312557113408 0.211887246714705
v -0.150830603875842 0.119199774100159 0.184027433662224
v -0.143403416224104 0.218047749570691 0.247421358022153
v -0.152289928129091 0.191269407138826 0.232011249501487
v -0.16519594240091 0.185476779967796 0.250905875287689
v -0.175010540053206 0.169143029743093 0.248934499380913
v -0.190135467022926 0.162475312314686 0.259632045290532
v -0.187068171659717 0.224798854086777 0.288036944514033
v -0.197917441972293 0.179183944486774 0.272219833892869
v -0.207666449409468 0.158013284586808 0.265338408634263
v -0.224074097935501 0.156379772329934 0.265215079155273
v -0.185636124529718 0.305468045645033 0.302220411217771
v -0.156671171115037 0.258601693677977 0.286180520325222
v -0.172009630543071 0.26473602848294 0.296039766954709
v -0.19837050328274 0.291413456515735 0.297517548265841
v -0.187674548622753 0.24720718135313 0.294544869735901
v -0.171537554669835 0.240823703104599 0.288584641166256
v -0.157219151281134 0.235930910146478 0.277228312562579
v -0.204175253985171 0.237842285545546 0.29021500814643
v -0.221105560993119 0.211684332943908 0.275937916639497
v -0.21137554543188 0.119624438323862 0.252896573887762
v -0.197874593785986 0.115840273396027 0.242379047323199
v -0.222247294692489 0.085497073085745 0.248489633786646
v -0.183569526146175 0.119896189463533 0.227490794118605
v -0.199344274762467 0.139735896767105 0.254387269512896
v -0.225041348334441 0.103906404687372 0.252991359000322
v -0.196909201113173 0.0792335539337895 0.230463682324492
v -0.177928536017837 0.106480553071539 0.214741294186677
v -0.170823747123241 0.0957351209336648 0.204893731862053
v 0.230703876563779 0.0998168903784513 0.00414244377454624
v 0.212316837579414 0.100290379291921 0.00621189306178173
v 0.216631330926914 0.0750917685014401 -0.0214107357313767
v 0.253421394634477 0.0871520923438775 -0.0228603661410372
v 0.20043625215207 0.0539238232258693 -0.0432451364605155
v 0.179026166849767 0.0883407564937325 -0.00470827032987978
v 0.161564085004748 0.0828863847489771 -0.00983836415226282
v 0.184432271224912 0.0424117466650436 -0.0528672126907252
v 0.233821819747365 0.0597896304983229 -0.0592351561842539
v 0.228125097481885 0.0509700053600852 -0.0726518310434316
v 0.219318419487745 0.0623354428900057 -0.0385244750322954
v 0.224999244846299 0.125546600744806 0.0309417996486651
v 0.25095469408741 0.141950396925359 0.044969601667917
v 0.187505815786577 0.131556835113983 0.0381846086621084
v 0.166961366470115 0.12655900380424 0.0340420233939241
v 0.198819978774469 0.10933398821877 0.0157971557005522
v 0.190090642899461 0.145415653666695 0.0520237830372084
v 0.193418089006391 0.160521301797765 0.0667857133150039
v 0.170140312603881 0.140236640457736 0.0475889903505859
v 0.163859544154123 0.11167580703837 0.0191283777185238
v 0.144629495597242 0.106318651029986 0.0140474809464343
v 0.147128958361208 0.120431350836751 0.0283659490905518
v 0.266608757709874 0.192903892575296 0.082128831296555
v 0.251176809547566 0.199403776323024 0.0908458142096892
v 0.23342173396144 0.227213651097711 0.104940770633978
v 0.234555161342148 0.188023732275459 0.0868564147135641
v 0.256942288338175 0.168482987236888 0.067143622502603
v 0.294408204388981 0.190100340955142 0.0701295753486075
v 0.282175727427387 0.20100324148986 0.081066391134113
v 0.212996541754222 0.165953401588069 0.0708031267555821
v 0.241860151292462 0.155531872946778 0.0584040156833077
v 0.181147905486538 0.182787858256232 0.0897291148803294
v 0.217107472721349 0.18019952993559 0.0835624893074409
v 0.280421341552387 0.120807875320747 0.0142175646223416
v 0.262309684242246 0.133533131879518 0.0356116819564005
v 0.126335119295884 0.162510965176044 0.0729661638212169
v 0.125822371192721 0.139171646125489 0.0483704835143878
v 0.128521089782341 0.101385177327416 0.00948004543166203
v 0.139917447648897 0.174685903917142 0.0851714350029462
v 0.16057861815662 0.178106300973795 0.0869895806039553
v 0.147371634731314 0.188745911922446 0.0993300607350235
v 0.118983145126593 0.196666828024823 0.110529222304151
v 0.105604595219288 0.209897417955687 0.12294501314502
v 0.124999973735954 0.210503731140347 0.11968792041777
v 0.146999539042945 0.239900710513972 0.115265611606996
v 0.124908795565563 0.240717020479625 0.118679721326174
v 0.111113378939529 0.253747803579361 0.110393255303302
v 0.131149465078625 0.254455004855643 0.106616351971584
v 0.240417745315788 0.259220377058227 0.0942067802596013
v 0.226681289404036 0.247451741820626 0.102154440623304
v 0.215657833867561 0.233810634301546 0.108032280095685
v 0.216424890629435 0.196516026263851 0.0967131670460766
v 0.198238116202731 0.207704985808739 0.106929494475278
v 0.116888911302401 0.266325733546333 0.0947490699839674
v 0.0914471881126802 0.254053313695266 0.11738358518519
v 0.0761633945393573 0.226834045433857 0.136545307640557
v 0.105375563367191 0.240934612326126 0.124057956796196
v 0.0520271102800128 0.282199833877958 0.106133449546967
v 0.0626477572165671 0.269356661836819 0.119350935313513
v 0.0480573678566242 0.278908572567107 0.125736617545136
v 0.0553882208231294 0.263179696934641 0.135730030538219
v 0.0753691659235076 -0.100683172501137 -0.045338623517332
v 0.0735946425000249 -0.119929815656551 -0.0431201764484251
v 0.0821520726132374 -0.155371360235532 -0.0500344378051009
v 0.11065852190199 -0.140340022226843 -0.0780536153461555
v 0.090868639417709 -0.0941442487919836 -0.0603580015321896
v 0.0820471445498821 -0.178140668071616 -0.0484828590975338
v 0.069234149023007 -0.163513915274857 -0.0371566644644549
v 0.0697552789754191 -0.183875779000959 -0.037070316535287
v 0.0596086072551791 -0.104169548754244 -0.0301632126047122
v 0.0480649298731205 -0.115749837688723 -0.0185798511666246
v 0.0386724506822822 -0.131407790680441 -0.00858616108876928
v 0.0456603795276441 -0.166174332460374 -0.0145126065073115
v 0.0616801416584758 -0.123389007181049 -0.0312430187409735
v 0.0693577497611746 -0.141896705201778 -0.0380724952304051
v 0.0342043241591334 -0.111659875010066 -0.00508779116516753
v 0.0248538749089234 -0.127233685007737 0.00445717359696502
v 0.0450536761225387 -0.196622310980166 -0.0198126881398558
v 0.0482445047822445 -0.0619070738664566 -0.0204576562005191
v 0.0563578487828819 -0.0494449537559536 -0.0285915047776704
v 0.013828263813294 -0.142048580448564 0.0154240309152532
v 0.00066966122891119 -0.132237985996736 0.0276921256538526
v 0.0274873911644864 -0.146523695966373 0.00248746305197585
v 0.0222130806610865 -0.17939048513974 0.00145302267236289
v 0.016060880636076 -0.161789232896393 0.0120539662583153
v -0.01054318916936 -0.185787063754527 0.0206426489032374
v -0.00535355627312557 -0.193643067366039 0.00534537199444268
v 0.154085852944103 -0.0567245438415336 -0.119290990802432
v 0.131323665500935 -0.0954026040859639 -0.098512233471804
v 0.151294438798645 -0.0730502563276483 -0.116931670586099
v 0.128413224313909 -0.11510164740972 -0.0954961446895598
v 0.141319791604498 -0.129514595672343 -0.107559714010236
v 0.0909452385473421 -0.0752949900339056 -0.0611183452184245
v 0.102031713805554 -0.0674957327329073 -0.0717638388903572
v 0.168258986352385 -0.114903968318976 -0.133098071129429
v 0.152158366606471 -0.145718829685052 -0.117727709672778
v 0.14178883535272 -0.0571451587861701 -0.108509628558881
v 0.140287410369997 -0.0246870722091807 -0.103591489519683
v 0.11942903214056 -0.0454822738386933 -0.088374426859342
v 0.134205162294006 -0.0423785420431297 -0.101400009796753
v 0.127142004567468 -0.0617304167855628 -0.095022676498805
v 0.110765335047682 -0.0293576384097539 -0.0808513019684334
v 0.0961523723376941 -0.0358665755814393 -0.0670427448248129
v 0.101792716922224 -0.0187897694884199 -0.0723086831138487
v 0.105935366469968 -0.0493530919444663 -0.0758277090111956
v 0.0915683384565376 -0.0543742711650623 -0.0622140903586526
v 0.114639510829255 -0.00572870440059876 -0.0810166553034492
v 0.105130815030584 0.00997757978781096 -0.0690719884169211
v 0.186363998734261 0.0214707290788773 -0.0842076725696085
v 0.156117613213631 -0.0192889907218722 -0.112744741633879
v 0.124200237262754 0.0131425173285325 -0.0755129429694174
v 0.115327758925678 0.0264660685894441 -0.0629813329115391
v 0.172597207162484 -0.011279346554323 -0.121713412515719
v 0.0688950473534495 -0.047839425224352 -0.0410652531152143
v 0.370055573839951 0.187932471798978 -0.0529792231903464
v 0.35775871360969 0.175581697921729 -0.112707251169408
v 0.372851502234236 0.1906527466097 -0.0856781398627719
v 0.367492844432649 0.185100087694789 -0.142717563659765
v 0.314015252682273 0.130957260959217 -0.159223767192784
v 0.302567638039135 0.12032521947607 -0.123568376281856
v 0.364238014383249 0.181542490683043 -0.162074289020881
v 0.392061960351025 0.20940782622972 -0.146587093292576
v 0.366809112445522 0.184689876194552 -0.0335436733602379
v 0.340139082963721 0.158945783175634 -0.0159327661056719
v 0.364620487932363 0.182797799296627 -0.0137380854597671
v 0.331125590873722 0.149215540789884 -0.0287327118691301
v 0.309763184810788 0.128545533032846 -0.0466887824369894
v 0.306223583954121 0.124874550679312 -0.0654560346258186
v 0.268838821174463 0.0919664664098228 -0.0369944044564556
v 0.335821126879957 0.175007535956431 0.0393023492758623
v 0.309940227268873 0.203094697400075 0.0700426542622477
v 0.317168860709777 0.246961464689584 0.0789067244819113
v 0.299143817384942 0.212395778359533 0.079619417946158
v 0.318551279714518 0.223491702090183 0.0734503037268111
v 0.364733675037639 0.185037434399159 0.00745909497350533
v 0.390364764641207 0.207224183444517 -0.022926151842498
v 0.365898186463202 0.204773188397231 0.0337229980462407
v 0.378355030076604 0.219549372676658 0.0291882947137871
v 0.250963127334006 0.0718318088828996 -0.0637744993428148
v 0.257506114213118 0.0752656729130691 -0.120455713689899
v 0.23584693872869 -0.00707547128422473 -0.198375573221962
v 0.232006446239664 -0.0278289109441698 -0.195097589675967
v 0.243278129060432 -0.0415239625730568 -0.20623221455146
v 0.245801185277498 -0.0212324461018672 -0.208614100079357
v 0.263474754922203 -0.0715130131394802 -0.227021671835825
v 0.249414305514094 -0.0763072540981381 -0.212683601409567
v 0.245590826360604 -0.0957566136035264 -0.208856543038731
v 0.231583133935277 -0.0987616543389945 -0.194832309850523
v 0.255704299845265 -0.111766058267749 -0.21896330186043
v 0.259858839393998 -0.0935302002049561 -0.223470906951803
v 0.279965594941589 -0.02224822644858 -0.243400594099133
v 0.28830535816962 -0.0614975075999124 -0.251786620264228
v 0.29088990314009 -0.03914526950908 -0.254338732410586
v 0.222645392124537 -0.0129161846037377 -0.184639438512209
v 0.215143238199059 0.00366981730881578 -0.172097269599944
v 0.201505256649117 -0.030004607843159 -0.163725325051194
v 0.206640851004401 -0.0465641720914242 -0.169481132310682
v 0.188811896322167 -0.0270784617807001 -0.148523355946576
v 0.177970572489363 -0.0241040263410159 -0.135322061223272
v 0.200461207222678 0.0170405315836379 -0.122945110877727
v 0.184458281466101 0.00368706785715688 -0.117932272048855
v 0.192859791115738 0.0170112068627591 -0.102842207189778
v 0.207602388759056 0.0268104301958505 -0.109516387370788
v 0.206760563529629 0.0303237042198981 -0.0906152185591325
v 0.225419976971239 0.0456223833145839 -0.0887038596904678
v 0.220110501291682 0.0383933135099003 -0.105986239829047
v 0.186135853286964 -0.0086140222013333 -0.136106113662651
v 0.196915064494361 -0.0113978204098124 -0.153429263077568
v 0.205270091436667 0.00485433665457602 -0.155989228154769
v 0.19631965723617 0.00514408077386323 -0.137777826655877
v 0.216135760976952 0.0221592707929507 -0.158810884344861
v 0.227147962912915 0.0345493037613147 -0.167655392477756
v 0.23328514528395 0.0269691739249846 -0.187412115142907
v 0.19007482355055 -0.0929539710376492 -0.153774747594002
v 0.183006562925846 -0.112778969989109 -0.146814577295585
v 0.177751581054995 -0.161846293531792 -0.141905714200889
v 0.228197587067005 -0.142511290879791 -0.191347661927436
v 0.203703068904012 -0.129025929007783 -0.167088724765537
v 0.317361858569995 -0.19849440448746 -0.281060588330738
v 0.29731734860728 -0.231954158891948 -0.260346767587667
v 0.295784726871209 -0.209884509392745 -0.259500687486067
v 0.319281075233559 -0.224158534353648 -0.283513202593479
v 0.351303529296252 -0.248929012961765 -0.315900046925169
v 0.261632246318988 -0.261524904108618 -0.225501045624159
v 0.239109597323549 -0.26423627076465 -0.201734329166701
v 0.252912945606295 -0.29386700266673 -0.2156836592765
v 0.280888030042094 -0.384140132204731 -0.245147617409168
v 0.272980262519052 -0.373219994238504 -0.236575922081674
v 0.295716981678924 -0.187947492001101 -0.259317550931106
v 0.296265723155413 -0.166689471467403 -0.259915237695608
v 0.273443742267515 -0.209259946678531 -0.23606307316826
v 0.28512399714881 -0.219875607135129 -0.248009186849038
v 0.27303284071035 -0.1680785519981 -0.236149509717377
v 0.248419371362861 -0.189219575149988 -0.211251370753546
v 0.263846541843156 -0.128768011656675 -0.227648617765395
v 0.237930446911757 -0.221963955073543 -0.201011097113426
v 0.227646904912888 -0.254172913058673 -0.190272362219404
v 0.215404567992947 -0.24493706835934 -0.178149065557587
v 0.214379010631724 -0.224005634402127 -0.17772058189452
v 0.294723069361103 -0.102123564577927 -0.258208846138966
v 0.306864511836833 -0.0937028954095944 -0.270749550240923
v 0.300954431731147 -0.0574660573577588 -0.264681602154117
v 0.284486446080103 -0.116784412596605 -0.248264267601926
v 0.319315066216747 -0.171671858486578 -0.283381133947904
v 0.211748593408095 -0.185117118409953 -0.175137353969673
v 0.184055507883135 -0.191795140163972 -0.148147088187327
v 0.174267265650638 -0.176934041962291 -0.138590658432893
v 0.195141462411735 -0.205316472012577 -0.158658875472979
v 0.202891879840068 -0.273146638189934 -0.164986591443232
v 0.402630609705866 0.375035860532865 -0.0192695832212631
v 0.439065897997123 0.327922026375253 -0.020064257304667
v 0.41811044297159 0.36192785478137 -0.0139377852715047
v 0.489799860800952 0.374725609978454 -0.0740684122026292
v 0.440900692783686 0.437849143833958 -0.082429632051886
v 0.501632220400153 0.368174577536345 -0.0850066151400421
v 0.487733177105083 0.339680128580377 -0.0708445226218333
v 0.536072435590886 0.376312972556866 -0.129558503795277
v 0.459567045997408 0.454981011444293 -0.100328027361656
v 0.418991665637996 0.446736496440883 -0.0920959658851971
v 0.441396926839302 0.451027266969301 -0.0946509209648855
v 0.391946452272156 0.29617846839863 0.0233837804981681
v 0.376705159757684 0.342879593144478 0.0118384349499914
v 0.449404584579707 0.267837148822885 -0.0590805104075484
v 0.436776693181255 0.253958106121339 -0.0534392359806089
v 0.478854903384734 0.30133316133566 -0.0818932834406036
v 0.468323244503153 0.289640206597192 -0.0726058149343789
v 0.390428207279126 0.211083587344052 1.94048871096422e-05
v 0.403393773562977 0.22874048705396 0.00165866277495819
v 0.427398167237259 0.243786387431931 -0.0673514196641572
v 0.480053294586138 0.2969190096305 -0.136891924469226
v 0.454629691967681 0.271207165623524 -0.119539892102274
v 0.362473671917403 0.2611437527075 0.0496808661207825
v 0.346794969270209 0.271738953347796 0.0611946790548564
v 0.297776977386896 0.256696061128065 0.0845894503198496
v 0.391698365645085 0.259690508966941 0.0241578866276006
v 0.364172981570704 0.300384966179171 0.0428415744761962
v 0.348203584763148 0.327661398651838 0.0275953082692546
v 0.357002789986549 0.341018512055236 0.0149600730509681
v 0.337321211980202 0.316848919931755 0.0387291781412836
v 0.426742390429634 0.243702915987147 -0.121503932693195
v 0.398462422430164 0.215873457304448 -0.127487379979759
v 0.455461835497489 0.272066367884113 -0.140069680262694
v 0.406562756744053 0.223883467905808 -0.199463443875069
v 0.455421938011134 0.272090734297143 -0.158941179662362
v 0.208697596055347 0.365281228084097 -0.00904060213747828
v 0.234612356459124 0.382663732759542 -0.0266351944472672
v 0.246312586896968 0.374153421676048 -0.0181589786073301
v 0.195664432721301 0.375366283779881 -0.0191327465941568
v 0.175738395413196 0.350950844102654 0.00565867511135337
v 0.154854803245411 0.413614827583956 -0.0573794077329153
v 0.189799515388995 0.411159461466588 -0.0550479913324881
v 0.183955862394641 0.397746062367191 -0.0416361535997469
v 0.149108748309489 0.398868920491281 -0.042373666412316
v 0.163143749203805 0.391145862755134 -0.0347010626822043
v 0.251324098783599 0.362048468417443 -0.00598309622787283
v 0.270773636424229 0.359895725959393 -0.00364443907670259
v 0.279682043593888 0.345040567352058 0.0107877670756354
v 0.276611855493676 0.387178580279881 -0.0313970927574286
v 0.321721902665251 0.394282230518796 -0.038399855419208
v 0.336741340441111 0.371405425054289 -0.0152815741783674
v 0.319885067978142 0.368025385665767 -0.0113936515271454
v 0.263511110201757 0.398427402157378 -0.0425674807859296
v 0.335089569389744 0.36045079333385 -0.0049593271350396
v 0.309513092543476 0.441881220091834 -0.0863376437425073
v 0.319923135570488 0.430916715439912 -0.0752953605244525
v 0.27904186771288 0.305268094218154 0.0507213445363555
v 0.274591489413938 0.29067897983556 0.0652065172215119
v 0.270052560495781 0.277771437971643 0.0765503106441636
v 0.277664163863528 0.319960816754587 0.0360130910230451
v 0.256712133384449 0.32525390985924 0.0306815186734911
v 0.229115031711578 0.34061088988347 0.0158750454066137
v 0.24721557769959 0.313675889155436 0.0433860662305287
v 0.228516423172413 0.314506459527262 0.0420583209536293
v 0.219113170870865 0.327895845216457 0.0283483968671578
v 0.357957960760196 0.420021746437208 -0.0645389629909808
v 0.352318761224624 0.404766494230087 -0.0488518151106056
v 0.395604991925233 0.424541410853716 -0.0684194708037273
v 0.374611944744451 0.4465338123408 -0.0914590049319314
v 0.331498475180471 0.44290988592509 -0.0878620291185811
v 0.363491430209284 0.433542149371536 -0.0778285032332634
v 0.405506065696055 0.436995470570013 -0.0813055447585321
v 0.307766590578001 0.467994120150933 -0.113123051640594
v 0.123417467499418 0.346908437641886 0.010243631579476
v 0.145308341176439 0.365023310651692 -0.00825987432771066
v 0.165004952379171 0.363606316292256 -0.00701945196437555
v 0.143830407935958 0.340441922963815 0.0167207356954107
v 0.140641318852648 0.386350990035345 -0.0298373072801814
v 0.164611470561434 0.337419146007379 0.0195085958804823
v 0.115964009965875 0.382112920218368 -0.025305374847989
v 0.112842658152887 0.313428438192895 0.0448749505087745
v 0.109108374772922 0.325845740482107 0.0319181186973313
v 0.151408637853986 0.296735632759752 0.0614337429336347
v 0.179957225718105 0.327972946232256 0.0288375699928362
v 0.143346463248719 0.282591368534294 0.0760116685411994
v 0.0894184137779726 0.284026644767961 0.0767684195777786
v 0.060282362152026 0.28432010848895 0.088172358487491
v 0.102772377205844 0.276424942105331 0.0849295567284045
v 0.0635263659788671 0.300983494702789 0.0602884820299527
v 0.208293340536585 0.292724084586522 0.0641342686169204
v 0.176046548617584 0.269695189378356 0.0884319019014567
v 0.172707496953053 0.292457187882109 0.065177187282702
v -0.0422870677016468 0.370685562745685 0.0932711845382693
v -0.0010667316822193 0.329696804843899 0.0894878219662015
v -0.0132794612156543 0.341821673955231 0.129819223284685
v -0.00484356409063409 0.332242857046784 0.142394340602817
v -0.0164232994650571 0.343869606543345 0.150641486248361
v -0.0303008763712268 0.353133563808993 0.179873347611844
v 0.0242362242189644 0.305403705281506 0.0981209474615843
v -0.0568338743768825 0.385194117603715 0.100910928310333
v -0.0565449496489414 0.3847283339034 0.141426316926311
v -0.0471488982546301 0.375330302815077 0.130402506252153
v -0.0793020543896681 0.407336832197902 0.167086238720477
v -0.0946266508445578 0.422654180516337 0.139514142456637
v -0.0408508977234817 0.368131826322803 0.169483521327723
v -0.110267785032144 0.438329207501873 0.115088947972423
v -0.0908585417889805 0.418715105185328 0.180637005750864
v -0.102501494708131 0.43001754630545 0.196047418834325
v -0.118410530120473 0.446899960331054 0.0414148631356745
v -0.104064706182731 0.432605837588033 0.0343798915465448
v -0.109465750658124 0.437752916920849 0.0742494496798533
v -0.093846529588058 0.422236480618666 0.0644336933855354
v -0.0911689795764948 0.419651857457061 0.0460459495815029
v -0.134671084665473 0.462727374806254 0.0968516415177447
v -0.148803934755473 0.477074109910848 0.103109198517794
v -0.0618758557216314 0.390375478560782 0.0549609274382439
v -0.130840652032165 0.445834334778674 0.218041452197467
v -0.141565686728122 0.464614873915729 0.189378731177259
v -0.0917101114061423 0.409908213806109 0.224264920915059
v -0.118521865765712 0.432070912565756 0.227544079184918
v -0.0897775389441763 0.415979325960349 0.203314349698545
v -0.0986113330877592 0.39925274226773 0.243019501767854
v -0.108081650449467 0.384833643917078 0.256963505159778
v -0.126006836398962 0.388983605606274 0.266803062488747
v -0.137199148499815 0.405878098237664 0.261177696389183
v -0.145706677776121 0.390360503356442 0.273974615730282
v -0.15620510049119 0.374105724501023 0.287459152096512
v -0.17257988182384 0.416604756609942 0.255848765784471
v -0.220033280414354 0.547590876149952 0.0772134260069873
v -0.203677745495286 0.531648622099434 0.0792900892608838
v -0.200236087461861 0.528384186067075 0.0971717918472213
v -0.23214123476121 0.549938496759318 0.10975663545517
v -0.208920752424784 0.536742045361792 0.0615235280680897
v -0.179667953471965 0.507908013250961 0.112412637584147
v -0.169692989479434 0.497813566224184 0.0766628301029281
v -0.154092501485441 0.482122702453417 0.121017406643292
v -0.14664868724493 0.474909467491265 0.136154788251816
v -0.153421854027285 0.481273555486696 0.157742337445705
v -0.177693726585757 0.503978849792226 0.143396151317564
v -0.25338690645688 0.549274220098742 0.123991198232193
v -0.271463377290977 0.557340950502719 0.115689610469385
v -0.214383139626902 0.523573923816132 0.146753001876212
v -0.257522460370433 0.514366473484551 0.160911898774395
v -0.18422189693737 0.501723680318357 0.162777638929127
v -0.278907776533254 0.486232666017497 0.188809690689134
v -0.29320284057316 0.520226532374951 0.153549813498939
v -0.238196504449613 0.495133997848589 0.181049986952368
v -0.247412920030935 0.454844904886699 0.220176325377309
v -0.15733307711104 0.470446813635891 0.198233722959805
v -0.364542327576427 0.522865165227927 0.12717043260301
v -0.329556734455822 0.55745229700344 0.115128015134812
v -0.301750515848899 0.541088541414087 0.133109911899871
v -0.287129186442262 0.565252660270637 0.107363755061237
v -0.277924810109072 0.544910162410369 0.12845380674979
v -0.3088430010409 0.561290910977571 0.111408352989296
v -0.339658107388028 0.468723020524796 0.158917526827818
v -0.265984384057448 0.567577219260489 0.102051754915947
v -0.287322396756186 0.59578478851329 0.0674082680634564
v -0.213682912264025 0.406687291202484 0.262513741379079
v -0.193801875086458 0.37049774996669 0.288704365921837
v -0.222873402042376 0.366115164531395 0.27453302078834
v 0.0411245550745389 -0.287415853192615 -0.10028707624632
v 0.0632230961897543 -0.270682266634347 -0.0829758996646492
v 0.0236385505946297 -0.288782976227751 -0.101894629890043
v 0.0402415259988806 -0.300761897449224 -0.114549463079647
v 0.0595823673224674 -0.294665770843493 -0.108036057057109
v 0.0763075493923913 -0.307255374477862 -0.121082401090776
v -0.0262639690479988 -0.283658811398837 -0.0966210557157603
v -0.0128462239569537 -0.295835856293536 -0.108952904697047
v -0.0045348076855789 -0.253447247939518 -0.0650106514295572
v -0.0074133483667767 -0.266484728378938 -0.0789259451028235
v -0.019217259747024 -0.308798019523386 -0.122328612116136
v 0.0181806847319154 -0.318764347292005 -0.132846061190862
v 0.0800794531647927 -0.268755051448865 -0.0821972498602919
v 0.0985344427859023 -0.265785479044372 -0.082366860784435
v 0.0506097537456435 -0.250215854116593 -0.0617481835032682
v 0.0465397508908556 -0.227925360158486 -0.0403786464491395
v 0.0473156886842256 -0.213689502726163 -0.0302784252606186
v 0.0294411484788891 -0.210056506623376 -0.0223709523154827
v 0.117580033421234 -0.2149476313968 -0.0826990401244163
v 0.127303531079014 -0.201513016712966 -0.0924838613488576
v 0.0783648345279944 -0.201260327052113 -0.0453173301009818
v 0.11534996107519 -0.233775949544491 -0.0804254620376073
v 0.12440833543186 -0.279102667777503 -0.100267966028045
v 0.111053425042745 -0.25215228514082 -0.0810650173615861
v 0.126078709509254 -0.248388347374666 -0.0909824718598262
v 0.133849305115453 -0.263119787176055 -0.0999288031060001
v 0.0102567824004094 -0.20637536334807 -0.0158219400481476
v 0.00893850566369426 -0.194524532370315 -0.00295053943934509
v -0.00948921071799757 -0.205409450668524 -0.0105497830659685
v -0.0140172166174881 -0.228370667636522 -0.0384698865763458
v -0.0471295900321394 -0.217325556248907 0.00250807804332967
v -0.020440951514826 -0.199692005320512 0.00764072097026719
v -0.0233734069594063 -0.217298961955626 -0.0230070449659699
v -0.0322286050988233 -0.229385724812443 -0.0360857785151023
v -0.0377687823050584 -0.242018010014135 -0.0514514259666364
v 0.219571610051731 -0.315383920385218 -0.182331919292208
v 0.229976589215271 -0.31828878425947 -0.19193076235125
v 0.211475889495945 -0.302330050809531 -0.173738580334707
v 0.23362414675328 -0.336516783598255 -0.196783062979495
v 0.241153480625395 -0.320323754631947 -0.204003443223618
v 0.249028918100134 -0.365838894575217 -0.2153547089398
v 0.220810822944064 -0.383703524371897 -0.205293738076309
v 0.226483779296289 -0.39780836656136 -0.218431137262431
v 0.195336363964778 -0.418326762411722 -0.235907309150367
v 0.199736065679638 -0.381436492276198 -0.199920347970985
v 0.239427517642257 -0.383922817766046 -0.214764897486706
v 0.264366990181042 -0.360352994044103 -0.227497026874948
v 0.180228240458894 -0.376534996107454 -0.193416914717951
v 0.145296751255393 -0.381021986748661 -0.197891459583455
v 0.142151906153337 -0.368273719504283 -0.184542657635685
v 0.151929859073101 -0.35865219931838 -0.175065615758721
v 0.187199861588072 -0.300979466068845 -0.150286681692809
v 0.180447245632303 -0.320030794827349 -0.149352276839512
v 0.194333089469025 -0.327157222429103 -0.161102983617229
v 0.186063455549573 -0.353274319257578 -0.172671588788467
v 0.165561171171051 -0.349450059780789 -0.164842283842026
v 0.130415758476907 -0.33358048619298 -0.14900236845222
v 0.121838984597599 -0.344813225990547 -0.15987133059684
v 0.142808533167355 -0.295815388221783 -0.117391876151859
v 0.138677066688821 -0.281356898639841 -0.108149846937633
v 0.0900907909200225 -0.330113912012366 -0.144574012997042
v 0.0745709836180826 -0.320536569452862 -0.134725051410692
v 0.126334935478072 -0.374011296110197 -0.189644536566619
v 0.167210779053636 -0.241554464057402 -0.130647868523416
v 0.148883092287094 -0.212339266150155 -0.113239999182411
v 0.164519061299742 -0.21008625519285 -0.128514687802563
v 0.190317369683228 -0.263077286959757 -0.153038941889499
v 0.177737855955097 -0.252799936662098 -0.141115535053228
v 0.0873400563917629 -0.344531596547002 -0.159703236766559
v 0.0708043003074817 -0.34902106982476 -0.163893789609901
v -0.174432697694315 -0.0976284831044307 0.199680290017344
v -0.178089377208768 -0.118918279851084 0.203148174858042
v -0.213210544398306 -0.0967776785887423 0.237541998945509
v -0.210806178150677 -0.134458813043542 0.235499558061804
v -0.210771402424778 -0.0744242368546404 0.23525838253385
v -0.224346730671508 -0.0581038376840731 0.243353797211624
v -0.207584790218513 -0.052771799183825 0.232793708012011
v -0.245494591403474 -0.0852123769779744 0.245233556501126
v -0.223450037848465 -0.150207022829923 0.244092654551007
v -0.222432532247581 -0.17104779139963 0.243697115981285
v -0.159332382049713 -0.0707594062398714 0.185320902960491
v -0.176508327522129 -0.0404945389252602 0.203083613562787
v -0.166845095305319 -0.0545311097745052 0.193176674450367
v -0.171904082583778 -0.0768349013832954 0.197485917068666
v -0.181443927881327 -0.0610747468555321 0.207880652517086
v -0.173947503820707 -0.0191768678425724 0.201420803529994
v -0.188390736655503 -0.0271363616485457 0.215730029426047
v -0.16252729263369 0.0176285727581357 0.191481408180456
v -0.162285397906981 -0.00599727801399794 0.190250347415839
v -0.173450386138201 0.00370176200444104 0.202173272880322
v -0.203849286489396 -0.0315670849846392 0.230229889384604
v -0.215544407968877 -0.0190326320755887 0.238634811654484
v -0.147590458514067 -0.077922286855432 0.173229950638221
v -0.177606082287221 0.0244215846480439 0.206849941957456
v -0.192941726798844 0.031151699717246 0.2224510592183
v -0.188419967302772 0.00989374499827166 0.217249949639256
v -0.201851853861267 0.0134989173926084 0.229540703917658
v -0.227032330504251 0.0324375686599133 0.24420564165099
v -0.229413796508889 -0.0026808598040517 0.243771015032902
v -0.208297940233354 0.0335781207850612 0.235811388918258
v -0.234203681989478 0.0490859249282627 0.245690658047454
v -0.139584639161802 -0.197467778327637 0.163902155005688
v -0.115679811108448 -0.210579228740886 0.140303400838285
v -0.119303600558903 -0.228557053564886 0.143571985254345
v -0.131333028450341 -0.233857864264768 0.155747185544163
v -0.157941311370169 -0.17064356893403 0.182227602309777
v -0.182571831413613 -0.192570556085374 0.206315232344021
v -0.178571687188442 -0.21410555686767 0.201839728933455
v -0.0849504340494854 -0.17451046231328 0.110720042789376
v -0.118828229442118 -0.139563733262032 0.14412031963322
v -0.10189152865986 -0.13948900504046 0.12742723080789
v -0.0877915279869229 -0.136845574905661 0.113511082508344
v -0.108682832547468 -0.123575639966333 0.134117989870164
v -0.0953103986827523 -0.119434435642211 0.121012606255344
v -0.133902590584487 -0.0870542679921976 0.159333017783214
v -0.0262070107557142 -0.167179419122757 0.0507514870436753
v -0.0385989897766813 -0.177986584080881 0.0615278366471746
v -0.0492810484803423 -0.169170181778384 0.0757652310537761
v -0.0433073819604351 -0.197519327516484 0.0560589713100708
v -0.063063107653064 -0.160386021715382 0.0890056656815252
v -0.0727582588613202 -0.171959291554666 0.0989611687279929
v -0.0637194014888731 -0.140546204519513 0.0899287524363225
v -0.0848679398610566 -0.229648327372 0.102236869641245
v -0.0759504274490926 -0.0998511500581424 0.10189640939995
v -0.0979548099142843 -0.0830176158820554 0.123667956829413
v -0.108972409208119 -0.0659090133842771 0.134759204835378
v -0.173440066576277 -0.334624727773352 0.149841418351851
v -0.147774765476155 -0.302536523992561 0.149150566846152
v -0.149821941471935 -0.311301478957332 0.128964622077863
v -0.183258822447322 -0.308393681769826 0.195739755543696
v -0.209094640261223 -0.275517365140674 0.225374126236082
v -0.178992103209919 -0.343023206952797 0.0975921177309144
v -0.125790401750418 -0.286956348836398 0.113665086489214
v -0.126695964417749 -0.279820699589984 0.132374317255133
v -0.110030823817215 -0.273719180498743 0.0709361357557354
v -0.132596520996751 -0.296174183917758 0.0748771804859863
v -0.137580623300598 -0.30166414739263 0.0364249239740229
v -0.0973568655806747 -0.261223288093488 0.0601640145385313
v -0.108414930895968 -0.272785007823647 0.0313585344985119
v -0.19181990346784 -0.356531579825924 0.0162740400293508
v -0.183413584917324 -0.348052700503007 -0.01664711879245
v -0.214468842288377 -0.379417653182298 0.0282286405495793
v -0.149744661827251 -0.31372530476774 0.0334964228401762
v -0.16641117028356 -0.330221924834888 0.0571248227365876
v -0.184646044014471 -0.348674030877094 0.0825796492141171
v -0.128234046531086 -0.292609665706082 0.0175772044625004
v -0.135437218941867 -0.299791961125178 -0.000979356447702289
v -0.206470042763554 -0.371228520427262 0.0858141741889557
v -0.0573089514230143 -0.2212123218813 0.0380788601996199
v -0.364877789183156 -0.454642426457373 0.106309711230554
v -0.352218789112783 -0.424500347641552 0.133734076323422
v -0.393307757651763 -0.482199089492828 0.0772093163500894
v -0.410239897313427 -0.383357642310865 0.0958320026646459
v -0.43458985860529 -0.335096024189713 0.0702995364459186
v -0.249760662487296 -0.409355656740176 0.138565647306068
v -0.290068849420368 -0.304906736829626 0.212459136783672
v -0.225205308853959 -0.390399831360345 0.0408688666348735
v -0.237487878669044 -0.402906378215643 0.0300556724080272
v -0.243721874391404 -0.409580396271558 0.064770087911287
v -0.298047513951285 -0.284515064665528 0.205745919295202
v -0.285391877273651 -0.0739593888046624 0.213275811628657
v -0.263885988695113 -0.225820147808078 0.238466968357561
v -0.256644918403501 -0.125283720767358 0.241834702422572
v -0.266817621122139 -0.0030880089671035 0.229258345116615
v -0.272330061607376 0.0333873698533207 0.223853655238472
v -0.29423777857961 0.00761800709695534 0.202658461771748
v -0.285695199869247 0.0278643924056089 0.210688632427248
v -0.250490033665498 0.0548187314293191 0.241417173283948
v -0.380337375802157 -0.131569714550161 0.120305014363925
v -0.414094714322057 -0.0689418248538514 0.0854947721111545
v -0.307249138782533 -0.173714454734432 0.194549018392433
v -0.459671268722923 -0.316793364958091 0.0445494318850891
v -0.233968309282193 0.225603895592687 0.265840108170496
v -0.306142903399744 0.175240315668951 0.191490118641285
v -0.373704055426259 0.205303009733578 0.123925068186499
v -0.363080459452964 0.219494321411364 0.134512996446041
v -0.338164181815887 0.219958179075433 0.159361969643298
v -0.320872492790971 0.172810565012428 0.176658212622588
v -0.25526610738974 0.0946591320367584 0.240360454613334
v -0.26874768200147 0.104623671319243 0.227992533714499
v -0.23743297448465 0.143206018342384 0.256876676413211
v -0.266941177433791 0.0829652202776712 0.229237040540346
v -0.382783864072602 0.418820321439894 0.115829442925935
v -0.421688781164107 0.44315670603245 0.0758163157846179
v -0.291321438534286 0.436524760181838 0.208453384648009
v -0.421064800108224 0.341862517860582 0.0765060082374864
v -0.146919082253713 -0.312181813148338 -0.0506732260248765
v -0.157293553625039 -0.323113308025864 -0.0849612077198393
v -0.0879911853963817 -0.284461593136706 -0.0939499419524195
v -0.0459125209569765 -0.278429676316067 -0.0912245740717095
v -0.0580564303068526 -0.245355889389668 -0.0488090558991411
v -0.0623749761693713 -0.331071058275975 -0.144633945722352
v -0.0834297787442254 -0.296036159745946 -0.108345229257174
v -0.0618227746333453 -0.233654171096217 -0.0193506066503416
v -0.0507769857021228 -0.234318486088573 -0.035305896112124
v -0.0743188529915408 -0.239389041541913 0.0116245839000036
v -0.375570118008481 0.0994927397123496 0.121912794152626
v -0.399771937563266 0.111166044419436 0.0977326522700928
v -0.383550546420588 0.15202771383846 0.113913188467917
v -0.405760894235349 0.183370034494198 0.0916692490213316
v -0.364817313865594 0.0476691589791404 0.132813098451344
v -0.381126312682129 -0.0100624597576666 0.117202362030596
v -0.376310307324816 0.0440500810734107 0.121236416499001
v -0.398828253110166 0.0516447948757839 0.0989556920187199
v -0.291001250857766 0.0644357436442909 0.205568764107532
v -0.0325362713837629 0.383711273218762 -0.0213039561851542
v -0.037462737871867 0.404006177506062 -0.0467214080747687
v 0.0418032306943909 0.306830440835453 0.0609696361704845
v 0.0305248978933792 0.304807920408753 0.0782088758042375
v 0.040983197183443 0.293593721316515 0.0924543477905282
v 0.034434387169936 0.318103723593454 0.0469030980846127
v 0.273663275712375 0.0638231002302556 -0.230419883078016
v 0.265291860665895 0.044608782508055 -0.22575351899558
v 0.275943931424329 0.0428439663887772 -0.238362741138195
v 0.249181801119448 0.0191377792884893 -0.210878142376882
v 0.281777279010432 0.00234429936346809 -0.245071592014725
v 0.245159985236168 0.0350976392961753 -0.201138114472526
v 0.2383738990834 0.0440152758347027 -0.181444685966401
v 0.269592250254205 0.0832811491285315 -0.19503824514202
v 0.258578180632217 0.0730180254429775 -0.181333166145847
v 0.305113406810082 0.122455696322703 -0.143993589857815
v 0.234792201253144 0.0483542317142669 -0.160212705154385
v 0.346479341944759 0.163615910357285 -0.188930703688087
v 0.30888783395799 0.125633812726834 -0.179314887525118
v 0.311299216433301 0.124402563307112 -0.240567474545694
v 0.243043395649884 0.0602724632843668 -0.121819279920002
v 0.229042017512747 0.0466251144246232 -0.124429070771893
v 0.223042871782731 0.0377199876916564 -0.145717696300063
v 0.236823106872606 0.0536819349805718 -0.140245469446435
v 0.146041237981388 0.076957056872717 -0.0153723691757806
v 0.120130939525849 0.0652232796362532 -0.0267503969953826
v 0.176458791317778 0.0302898487844227 -0.0660325746902311
v 0.140347609110785 0.0656351655016317 -0.0265381140882605
v 0.133386777831126 0.053182298588237 -0.038981019277417
v 0.145812528744093 0.0413675044289578 -0.0512370775582581
v -0.0164023205563856 0.215938162375348 0.140673000845682
v 0.0638044611294984 0.243965001398434 0.140530505518721
v 0.0449370423110088 0.236829359303502 0.148916895149015
v 0.0245850471702301 0.226413498779215 0.148982719695924
v 0.0269164551246112 0.243842647632353 0.157419753732434
v -0.211015885779389 0.0717974420667198 0.241452146848636
v -0.187712555455801 0.0659358986088311 0.220090705946464
v -0.199827657165011 0.0534960096917895 0.229928665365948
v -0.164568522810056 0.114360969058579 0.199624409508946
v -0.158103990048487 0.0967933607115242 0.190732588418116
v -0.0504304306677087 -0.109988755658731 0.0768755773384114
v -0.0122684032280129 -0.159271446531041 0.0384386992530007
v -0.0141170199941066 -0.126226705629573 0.0417230273399074
v -0.0446454781391455 0.264778631741439 0.195255455414412
v -0.0240719489641276 0.268089172735126 0.18848016228108
v -0.0614425168918436 0.293986418979634 0.220319602552357
v -0.0775482647016508 0.294687444932646 0.231566063799453
v -0.0765501347362005 0.239964111578249 0.178121218030483
v -0.0933787233123923 0.251561792025913 0.208582344810975
v -0.115094868744395 0.352291400897686 0.269383268626662
v -0.118562607703669 0.370589702539571 0.269095033538851
v -0.0922262710791444 0.380080141530561 0.246410895226151
v -0.118728362422863 0.300740618486856 0.267752189030558
v -0.147445937887271 0.173435073127587 0.200929213004172
v -0.171430831678056 0.218026836175394 0.279245831492818
v -0.14485609714605 0.232167487510411 0.262694582422281
v -0.231709823822544 0.124351656363236 0.25641964114166
v -0.191017849361719 0.0988994307436201 0.22908869047293
v 0.19627218993466 0.0944597934537569 0.000868364521764939
v 0.17761391444401 0.0568342889462368 -0.0364315653610015
v 0.162408512183544 0.0672668477186804 -0.0254015219941335
v 0.205986207176826 0.151564699107451 0.0572559910972461
v 0.261029756270811 0.154849910627371 0.0551529724184335
v 0.275840552300714 0.17972582913054 0.0706005183546321
v 0.161533750115258 0.202850187798151 0.109758958024445
v 0.11622810263568 0.226647004225374 0.125444609843627
v 0.0960362576523201 0.226016053645966 0.130925304979032
v 0.218750077447086 0.263124222263319 0.0923875018480147
v 0.0730555174136881 0.255680222887925 0.127471601357771
v 0.0843044566482483 -0.134505218724247 -0.0529133498969946
v 0.0434925659783955 -0.0969330233396214 -0.0146829487863221
v 0.0425137570417018 -0.149513100163329 -0.0117800614985927
v -0.00109268222523538 -0.169088859679168 0.0241312611686787
v -0.00958960842199404 -0.143078905843626 0.0375089715668059
v 0.153360417713664 -0.117922905276554 -0.119062387590811
v 0.121158101030834 -0.0816582423905015 -0.0893886639482362
v 0.114605818339837 -0.0666292367255952 -0.0834126504344559
v 0.123645302194747 -0.0260174800423169 -0.0913927437462376
v 0.129747442292792 -0.0112151158161282 -0.0916761557769258
v 0.0869312227544157 -0.0223776457651358 -0.0587792378871831
v 0.165872748664985 0.0181919590018139 -0.0791231519053517
v 0.321671442054214 0.139912687987558 -0.0994649819527007
v 0.352875992114224 0.170372521497472 -0.1515482958268
v 0.316899622585348 0.13649238912707 -0.0261280649691592
v 0.296002435581353 0.115355803154743 -0.0470916962996195
v 0.25732055086538 0.0758072313927361 -0.0809986761396183
v 0.249361135037045 0.0674311686545069 -0.100980306031874
v 0.201110983850203 -0.0616659271198555 -0.164171231587346
v 0.215313704350972 0.0316859565290372 -0.126072520746128
v 0.19215408283445 -0.154628879090082 -0.156402931276301
v 0.288711511839929 -0.272996066366661 -0.251303177549693
v 0.260461829372352 -0.325426131489462 -0.224173144296067
v 0.277486517033116 -0.355075048208091 -0.242008211399151
v 0.276739785936781 -0.132234446231044 -0.240134009254405
v 0.170431669247646 -0.224514298792651 -0.134053315524103
v 0.191369333815965 -0.24361114528097 -0.154519067867465
v 0.488052169415205 0.406601577354339 -0.0765522776420688
v 0.40039329891456 0.242477889804923 0.0130964896430043
v 0.256466753187531 0.385946414230062 -0.0300124826492957
v 0.227188522623201 0.406090692755944 -0.0502422154205004
v 0.302418837399674 0.368427961273933 -0.012343885339774
v 0.316676875663373 0.341129180911404 0.0149904301210769
v 0.2637536132977 0.312036694629603 0.0440529587637631
v 0.250483481987887 0.285382713898677 0.0704629315666736
v 0.105974258689557 0.369237377224715 -0.0119913606133367
v 0.0502543382260167 0.295688405212773 0.0753027842703023
v -0.0360841478664648 0.364221750853127 0.125327432317809
v -0.0291950979097562 0.356635967354214 0.159733455517651
v -0.0984884803809484 0.42634791539991 0.122052592964009
v -0.0826375595376846 0.410747954851203 0.0982883014886971
v -0.0788163405483782 0.407608936347426 0.018947445210554
v -0.169810651480345 0.430510044413982 0.243282485400483
v -0.200084724714679 0.521735241414985 0.13509786008902
v -0.271906570219099 0.524658994032886 0.150802270846311
v -0.287494443854351 0.534010036385028 0.140965732323868
v -0.209704051434403 0.477621731115956 0.197307851415022
v -0.185549505826916 0.493415244920323 0.179102799332956
v -0.355515576740319 0.538223083731384 0.125953659602634
v -0.329143384883186 0.519688306103844 0.149179038107954
v -0.220733831419148 0.433680912481015 0.24074247206853
v 0.0548006824138392 -0.324297727781045 -0.13874918745298
v 0.0369533113443142 -0.328481609013147 -0.142823169563352
v -0.0526031728704136 -0.290412677353966 -0.103449760244124
v 0.0582850059459516 -0.235624901558274 -0.0494066607343533
v 0.00337152875945331 -0.22790379153332 -0.0386117630638574
v 0.129463029490852 -0.230192003312051 -0.0938956995962241
v -0.0312939256249983 -0.210836238975735 -0.00546529542626612
v 0.228374126401454 -0.438229248460407 -0.258193291798646
v 0.160520706282852 -0.322771280027549 -0.141575830944323
v 0.154185127239734 -0.278568982316173 -0.11900512459467
v 0.16700279739625 -0.278539305077455 -0.12971387746441
v 0.106855466694722 -0.352693190736411 -0.168353164740144
v 0.0884582943992174 -0.358182704035956 -0.173304052585162
v 0.055031915103416 -0.368177050404672 -0.183290312255229
v -0.185536610288512 -0.0831990945774192 0.211168929997175
v -0.199927728211749 -0.0917600982841698 0.225345152663573
v -0.15117869520675 -0.0541747422991369 0.177560650084351
v -0.184677370033668 -0.00877245844084295 0.212347976046394
v -0.219046034174494 0.0151730974526733 0.240873066237738
v -0.249222030923666 -0.00291404677306427 0.241030544463563
v -0.144806482424078 -0.160416627009599 0.169349256522059
v -0.0930049063073295 -0.156227511691236 0.118570746407787
v -0.119849565512173 -0.116597550772015 0.145202966969068
v -0.12105959731869 -0.0963311558167232 0.146645419991117
v -0.0738868053632875 -0.214055262538975 0.0939317968428275
v -0.0639383590428679 -0.201893285219751 0.0856253774718464
v -0.0779140978655172 -0.232985590120875 0.0850745710533117
v -0.0518714048361708 -0.129053499890701 0.0782834083704878
v -0.0502580508641919 -0.148769290266997 0.0768156875883453
v -0.102416423541791 -0.260571886245832 0.102976369032459
v -0.440893513240787 -0.431124008414801 0.0636939991397319
v -0.246564140272153 -0.342009093991521 0.207964288048163
v -0.332774307787189 -0.0449931052267133 0.165938344274612
v -0.276640325115701 -0.0930472894939959 0.223076247051119
v -0.40477484211434 -0.108653459023769 0.0955187235689849
v -0.402689212127393 -0.131576439902536 0.0980150415906052
v -0.324426951223729 0.209430544233025 0.173296152121557
v -0.272544777802073 0.159177498391032 0.224979846750554
v -0.416820689222242 0.486668104894487 0.079989640099925
v -0.0676810814542207 -0.279665973941283 -0.0916754730461754
v -0.0865245640706436 -0.253643989897996 -0.0272303098482845
v -0.0887128993390997 -0.319169860143955 -0.132828819152493
v -0.402039923872235 0.142977113251659 0.0955614663117611
v -0.348332262898047 0.103796341424493 0.149075749234997
v -0.361771881176675 0.103954231511804 0.135682785727231
v -0.35113078544413 0.0486366932079662 0.14646253242411
v -0.313476604013952 0.0811556746808066 0.183471155434129
v -0.375605125641557 0.00867980887719279 0.122498122221307
v -0.00119509537501221 0.339431023286797 0.0359334338331271
v -0.0802534892816593 0.410154876332979 -0.0118432257356814
v 0.264952485531786 0.0664017891894909 -0.213630838681662
v 0.245799443293752 0.0617336422683575 -0.154892736572459
v 0.258737812152241 0.0753961231054616 -0.160383736079942
v 0.271470195779333 0.0882141863464396 -0.156236199514147
v 0.324898557157402 0.140686102109584 -0.232264918494251
v -0.0454272991337972 0.228797209741907 0.157309063939704
v -0.0474810379870774 0.338196031317235 0.210667002139206
v -0.224727438974706 0.192896782692897 0.271286328657688
v 0.174410812858302 0.154892178565765 0.0624477896646023
v 0.158888487014395 0.164947949230703 0.0735973769835201
v 0.148320728622625 0.257250167432163 0.10248720640328
v 0.154912532362787 0.270824154061606 0.087987067069933
v 0.165873311463558 0.260138945594525 0.0975591307250532
v 0.0610421518847729 -0.198407222414446 -0.0310423261233828
v 0.0102929202872819 -0.101514142866257 0.0177728303084038
v 0.16501486448681 -0.0477338683180437 -0.128756860704341
v 0.226743786949431 -0.12040865178724 -0.189581220594605
v 0.239139601541869 0.0133018258879464 -0.199868449741043
v 0.227916106592623 0.00668676537475238 -0.187661988202447
v 0.239112097511273 -0.284549389453827 -0.202063934549925
v 0.214626958852078 -0.283429654603641 -0.177348168986103
v 0.348328182494382 -0.198152948269495 -0.312289546869927
v 0.262446592093082 0.459640154828779 -0.104329399456559
v 0.0766732087214015 0.309972248501189 0.0491423151989021
v -0.0501343763587486 0.378656812136982 0.063190988941515
v -0.141147665710964 0.468966651679953 0.168998670814953
v -0.232358615705109 0.556330880862341 0.0931191228376822
v -0.317710094949717 0.450028278262654 0.181553598407784
v -0.278348731615682 0.470069437830729 0.201422495000947
v -0.293174889794318 0.455844451889245 0.201199982969453
v 0.09053899405993 -0.281089985898078 -0.0940801001869949
v 0.112639968733811 -0.411383920993624 -0.228564365834302
v -0.221790522524674 -0.0383202316675017 0.241837933477246
v -0.159916769902197 -0.0927872868053023 0.185444316214652
v -0.0812146031771625 -0.117317772461811 0.107164473794546
v -0.0656453905295667 -0.118225983152133 0.0917888229741188
v -0.331683907786108 -0.314279832131236 0.173220407988678
v -0.336184831796854 -0.491280398046226 0.0623683795865521
v -0.439812131187391 -0.185270806324446 0.0618863442436738
v -0.00319637162967254 0.391139043297551 -0.033957459848906
v -0.206236626408848 0.336528427516662 0.291135503862076
v -0.232261265257665 0.0673576952856869 0.247682239469031
v -0.239216878033323 0.0883608720438072 0.248759325044195
v 0.202082265175107 0.0433392817190051 -0.0582989430977852
v 0.266456915414601 0.232536572041387 0.0972325703699736
v -0.0267807735387129 -0.194225282351571 0.0278729079487626
v -0.0310567043641246 -0.188146430580743 0.0460380202172334
v 0.133055224953184 -0.166226550863635 -0.0989581651732254
v 0.318182003497514 -0.0348548713438305 -0.282004926312624
v 0.315773776446788 -0.411412880536393 -0.28022633468223
v 0.428847051558291 0.477406795094104 -0.121075069564812
v -0.0186095229560256 -0.322034753927513 -0.13581240088109
v -0.0344110624751766 0.304534807467797 0.20239663516718
v -0.0608424338060316 0.326140464535935 0.22296341249137
v -0.0811047186996275 0.26392091114851 0.213366376739994
v -0.0532456683261013 0.24039211247985 0.171844096492383
v -0.0958147872520843 0.263428871792701 0.225538726382062
v -0.0937692296142679 0.240670031113514 0.191450183192347
v -0.154948202195263 0.32027303124512 0.297829438862832
v -0.129000160482452 0.31438016997233 0.279317338767909
v -0.130253248824154 0.351387669623518 0.28072009125875
v -0.0857242693377796 0.311224365370078 0.24201501939856
v -0.0754065826312321 0.353337084460394 0.234258914023741
v -0.0947162521120853 0.206876966151446 0.148409530844563
v -0.0778153282944167 0.218565294225969 0.151799127977134
v -0.120232062873597 0.175543183178852 0.157116755316143
v -0.180522319779153 0.183030664293809 0.264935071770172
v -0.19233730727155 0.323734841677165 0.299502309216583
v -0.205708453174994 0.313072656741881 0.292348995444215
v -0.191596543123729 0.271094233614223 0.299195103132803
v 0.243049757313256 0.111899106623355 0.0158255848727098
v 0.244405685388244 0.127148373282505 0.0311142516284286
v 0.204672954570531 0.1226098499566 0.0286275578836804
v 0.250302926868679 0.219706745860947 0.0999259146744738
v 0.233496570044101 0.169574836858154 0.0720232619822251
v 0.253042750959365 0.181798543762074 0.0780032598029097
v 0.177572238634939 0.169653848363389 0.0770496239352712
v 0.197810102836856 0.175009778584326 0.0807329005268396
v 0.279813189611816 0.134416186228156 0.0316431696548546
v 0.131629252659707 0.127173973141668 0.035646405195752
v 0.106313759793147 0.160636383707629 0.0720566876488351
v 0.139249512305994 0.202953686181086 0.113067542596318
v 0.0869731793172205 0.209471441996181 0.126193626185952
v 0.067520045094975 0.210301319763242 0.129777367932234
v 0.26257547146236 0.252859783527371 0.0940469753451851
v 0.216869310256678 0.215435680965689 0.106452770437896
v 0.118432350633066 -0.172998794401263 -0.0846686345681716
v 0.166092468029147 -0.0670731839908477 -0.130250411168552
v 0.158771962976334 -0.131255492590888 -0.123894592754735
v 0.0783108554670147 -0.0612086135001756 -0.0494207507749065
v 0.194676897425937 0.0323358760405463 -0.0717262146920355
v 0.147666504727836 -0.00715364013339813 -0.0992094416780508
v 0.166037319792197 -0.00224990451007942 -0.106406437255588
v 0.373755546372015 0.191258136633283 -0.0692496557369957
v 0.359492980624441 0.177761066052636 -0.0707777772385431
v 0.345383543970911 0.163260321986457 -0.101868984261709
v 0.399969548222946 0.217073785572835 -0.0851228840492643
v 0.38644594866365 0.204055359638492 -0.096156497411418
v 0.386427953650263 0.203834714097877 -0.0775711786946584
v 0.344520537278517 0.162418922613235 -0.120686012668359
v 0.329595037311568 0.147321470379645 -0.129428682005615
v 0.355881291901899 0.173326626432334 -0.132207280977861
v 0.318495584125717 0.136165888715328 -0.118452750240608
v 0.308359574885787 0.126342350478906 -0.102093379949557
v 0.349079305094974 0.166200715941784 -0.169703566628049
v 0.356807333500805 0.174376112055761 -0.0477230207693194
v 0.321890270173785 0.140626130979282 -0.0423984176549855
v 0.301302072948987 0.121237487940775 -0.0293655648465097
v 0.309946250088208 0.131045462975855 -0.00995069032478668
v 0.295036060108849 0.117908213398222 -0.014016116678515
v 0.309873443193492 0.183108860489866 0.059561244300871
v 0.3364009851406 0.217241323864312 0.0615126263517182
v 0.314300399787664 0.164693711501812 0.0451218419684518
v 0.331029968971353 0.161393222098986 0.0269490847700077
v 0.311566454591538 0.149338089087373 0.0298661862323214
v 0.353092617935136 0.171135998608711 -0.00215351974561671
v 0.338362859216034 0.159221549185484 0.00575950925928008
v 0.348611981770199 0.173908190305339 0.0198857891797077
v 0.378600614867609 0.197426342610854 -0.00517665958950398
v 0.255247437313998 0.079759970401983 -0.0435267269211787
v 0.241621946284663 0.0607735617672615 -0.0824913286956698
v 0.253155824710584 -0.0569151034193776 -0.21633374042381
v 0.27880643034915 -0.0439323650203233 -0.242316676113137
v 0.266347241572529 -0.0508976853662866 -0.229597773625958
v 0.235489942812063 -0.0814554959964408 -0.198824465334886
v 0.29150352768995 -0.0162120555125248 -0.254894237312095
v 0.216866775744166 -0.0310841371045553 -0.179816716163839
v 0.192014660575596 -0.0477249306777766 -0.15471187968427
v 0.213210309286428 -0.0673424031720274 -0.176237853335778
v 0.21813256446204 -0.0506491330356474 -0.181273352794241
v 0.178728472331201 -0.0403894719566398 -0.140894355401115
v 0.17757216628813 -0.0793536174886636 -0.141970668882052
v 0.219689591004742 -0.08492666480836 -0.183174740601613
v 0.219324253534917 -0.102956905203078 -0.182881664456468
v 0.209136780425851 0.0216289552129863 -0.141428380161003
v 0.174354256281056 -0.0973540800082146 -0.138905865275606
v 0.175376192564988 -0.130031701507217 -0.140139894817869
v 0.167682108251784 -0.145095401156034 -0.132571814577361
v 0.21594142547329 -0.134093648002856 -0.179857188950749
v 0.310784662023317 -0.261299040865287 -0.274762249511483
v 0.323591193889335 -0.267871344582371 -0.287652256081577
v 0.280393393737086 -0.304391131182834 -0.244367940192152
v 0.251222398904741 -0.273092703936118 -0.214554915152444
v 0.250539026058957 -0.25273797800122 -0.214094881018511
v 0.252307891953657 -0.312465998668332 -0.216339960317757
v 0.291858996195494 -0.349013052467458 -0.254964721200354
v 0.300888078746239 -0.362067560329348 -0.264180497319337
v 0.305531343044368 -0.198407993170084 -0.268951102050462
v 0.272474257641891 -0.189248441397214 -0.235887049327366
v 0.260508187629781 -0.199849375511557 -0.223795533026528
v 0.250339929942962 -0.231699308727959 -0.21281570958586
v 0.249008852340885 -0.211227121107267 -0.212268688543176
v 0.260862228103022 -0.220392991064118 -0.224928932324782
v 0.260061562165272 -0.16364579143572 -0.223708887158402
v 0.2468536220462 -0.167654652336388 -0.210259609123694
v 0.238742606985917 -0.243237065982861 -0.202407201037315
v 0.286555944148587 -0.0825088425907743 -0.250266301052001
v 0.281951802173518 -0.100945041991831 -0.245740636349676
v 0.309818301668885 -0.158609443610016 -0.273782273341843
v 0.298374515451174 -0.125232833508499 -0.261955653438606
v 0.205439351697642 -0.167992937910582 -0.16912647443503
v 0.217168190073241 -0.155073423276072 -0.180700853969788
v 0.202921306785514 -0.218124810589391 -0.166218274497478
v 0.210115203696601 -0.203533740388951 -0.174153871445343
v 0.170343500400933 -0.194268228977553 -0.13465959725724
v 0.20359660213164 -0.235242899203597 -0.166831739745685
v 0.215743246190147 -0.264825391287085 -0.178805901917511
v 0.440731125495777 0.393244516140048 -0.043827710273663
v 0.38752945050732 0.39874973510247 -0.0427595098926101
v 0.406617583727971 0.400686655318152 -0.0456241781311104
v 0.462430354653008 0.440365059105398 -0.0875526511146416
v 0.459796093703943 0.425956617517096 -0.0739881716374639
v 0.49518718638661 0.33143797979851 -0.0865826590806681
v 0.418514445603392 0.235751477238392 -0.0347939294772253
v 0.400143117575552 0.219338362196707 -0.0139132181807948
v 0.409226720654064 0.225897901648789 -0.0507133944209051
v 0.423132550534455 0.238942862328088 -0.0529315385906059
v 0.361906890172807 0.24197138665451 0.0487803022140582
v 0.348866754959516 0.229675912399555 0.0566051241340783
v 0.328108456574263 0.283663360989825 0.0644216986431051
v 0.391425576021049 0.22176925512418 0.0151604330712991
v 0.37458783202481 0.235564794327847 0.0373727360793579
v 0.37652885526202 0.270000195126251 0.0377978486294343
v 0.377821990549338 0.291947573936711 0.0350266777220017
v 0.370069918831701 0.328456579588761 0.023945623491356
v 0.41274113155079 0.23015499214305 -0.114996853566545
v 0.399276640061536 0.216621600877128 -0.105524986186294
v 0.41316044831342 0.229947655302088 -0.0940021600494018
v 0.414714532182064 0.231890704264834 -0.132617135948803
v 0.442579321420108 0.259765201605972 -0.149342031965993
v 0.428500625085876 0.24563707300344 -0.140070266579765
v 0.388208009903315 0.205625349807839 -0.167249444251811
v 0.402281006957968 0.219689805778276 -0.162075794471472
v 0.21531514765242 0.378536917117786 -0.0224729816230792
v 0.220537581740165 0.39265430959118 -0.0365930076072395
v 0.200051068622289 0.388279517419358 -0.0319635928594317
v 0.1751247739233 0.372927404312126 -0.0165193690110922
v 0.207270576472234 0.403126591016772 -0.0470564609539487
v 0.170198582457954 0.406421467226426 -0.0500334600857293
v 0.256372761964177 0.42244739115795 -0.0666707252793671
v 0.126182414254774 0.39560610455082 -0.0388251393755029
v 0.229862647879942 0.366289673380417 -0.010006845814002
v 0.282715705375674 0.372253663047648 -0.0159850575619868
v 0.293534662147631 0.381243065475193 -0.0253826417370504
v 0.299083346304751 0.392890706874805 -0.0369090193509445
v 0.291520528943733 0.414594045691303 -0.0589276574033468
v 0.285501810728389 0.401589684290551 -0.0456867819094678
v 0.351689696770576 0.363941037910293 -0.00768227657318355
v 0.345824913365978 0.35106853691337 0.00527470116361518
v 0.345230774456003 0.391744471587854 -0.0364033627483525
v 0.309105163231164 0.418913182392542 -0.0630810359343064
v 0.298065298697261 0.42920197508422 -0.0735604749339834
v 0.297186707625044 0.31327966474912 0.0426137151475894
v 0.312184122013396 0.300223931823173 0.0547532738756124
v 0.29147187713842 0.277348476970748 0.0755861067954754
v 0.277721186190407 0.264722066903137 0.0856326104648701
v 0.317518059962208 0.314274279969715 0.0419321744686063
v 0.306886859027041 0.326768392920603 0.0284403122657062
v 0.2679188057947 0.334873595910428 0.0212102881440022
v 0.288478958376683 0.329291515436147 0.0267566669113863
v 0.248118577460091 0.338089593015407 0.0183729805321215
v 0.376733772249485 0.422368216993941 -0.0671418875710387
v 0.390913625104121 0.411443448140533 -0.0548113725279614
v 0.351220436704217 0.444739809858208 -0.089194532815688
v 0.341804112349055 0.430667465386852 -0.0749653196385366
v 0.0864421693354424 0.344756941176916 0.0128356492802064
v 0.106487155523335 0.340045915668286 0.0175327287883456
v 0.123349284899141 0.361268907837241 -0.00421876729596917
v 0.105783348843727 0.354052359089798 0.0033296433980982
v 0.155692415637842 0.377743303926547 -0.0209025481979738
v 0.156914439384087 0.35098416109374 0.00585362702676267
v 0.149280628753085 0.312155516063722 0.0454542258830155
v 0.164985763963949 0.321363686596626 0.0357864100568274
v 0.146598477210124 0.327335706630041 0.0299665258715736
v 0.163274820995091 0.283015991015882 0.0748426657757554
v 0.197845115236615 0.327515433537145 0.0289116755995596
v 0.081610101500583 0.275976336599002 0.0900178303646541
v 0.0555308736949165 0.313863235307216 0.0462849620278207
v 0.210943766330419 0.2781233736628 0.0782435309567746
v 0.198068785167936 0.266026685865881 0.0910799218341297
v 0.227748702540937 0.287954706736791 0.0688683550505393
v 0.221096836441806 0.302590727246432 0.0535555837065856
v -0.0307799187641679 0.359119679756687 0.104117705212893
v -0.0215655856085441 0.349648904917979 0.1175048359033
v -0.0697825934714001 0.397867702522618 0.0899557198307279
v -0.0712509714618892 0.398926557192354 0.131642777215048
v -0.0686790648039372 0.396696526077365 0.153687998720608
v -0.0531074610100161 0.379983714158882 0.182541801396863
v -0.0665842643665503 0.394086993474519 0.174613084095057
v -0.106027552936953 0.434002525507122 0.154159059459548
v -0.0925624672225307 0.420216477325716 0.159984310173188
v -0.12215074668627 0.450381904408617 0.0597011190116795
v -0.132964136420632 0.461257048212434 0.0468719018016401
v -0.10100869823114 0.429877966353296 0.0135260584403725
v -0.0955474192783309 0.423698352754489 0.0849990049268572
v -0.066187721216109 0.394616283831659 0.0699506919667676
v -0.123597319476468 0.451662428797473 0.108794219803073
v -0.122752121104812 0.450908726252989 0.125453808316774
v -0.0632425583838385 0.391911539830278 0.0394004065149788
v -0.114743654472649 0.442309697172838 0.186705016498721
v -0.128033753912928 0.420099461736846 0.24638979189105
v -0.108258224369676 0.416964710849529 0.237695472849766
v -0.0761358791097834 0.373836927851563 0.231880478911555
v -0.158112391153575 0.404880756783758 0.264872277412167
v -0.166009047821214 0.389289384792002 0.27928506604432
v -0.188060549551577 0.516137192905667 0.081528902720742
v -0.187467930773156 0.515472685467077 0.0989478583283049
v -0.195092947403673 0.523225895637892 0.0641319063250409
v -0.174509489068661 0.502842842158454 0.0935824983150859
v -0.159304128152381 0.487405388981587 0.0890412844382895
v -0.14865460492714 0.476913824465882 0.0525681865497531
v -0.153531580631292 0.481615011644482 0.0714428888261738
v -0.163740918267897 0.491895992986724 0.0588064749385465
v -0.164605034553805 0.492881250043619 0.107402798210828
v -0.155469320631988 0.483721680724123 0.0222254725959652
v -0.231675615265476 0.532231122737027 0.140903572453709
v -0.231191462155745 0.542400976715094 0.124073588187365
v -0.235069535181304 0.51977097243882 0.154217479896155
v -0.200776276393989 0.504746897304168 0.168840194241474
v -0.27017906902408 0.500541840950755 0.174097192566937
v -0.289068626720647 0.497953012840798 0.176659469939366
v -0.258544527271595 0.489646789281815 0.184665418760311
v -0.242310322442216 0.481085904752092 0.193508079567388
v -0.261293309712504 0.477750058491428 0.19725785586403
v -0.316044933635467 0.548775385534681 0.124465093723448
v -0.32471727064665 0.534305666312885 0.137418663798854
v -0.29301190401351 0.553353135181339 0.119961820122382
v -0.313444636386339 0.51317646122397 0.158980251377543
v -0.328999342571837 0.483952229355889 0.166388354662719
v -0.263800388197662 0.446834611617431 0.220746474387202
v -0.278049568425168 0.432556094868717 0.219326076049692
v -0.27864690727499 0.451537605729164 0.211101583018769
v -0.19910128487698 0.451142322062815 0.223363918916167
v -0.203080205404126 0.437135710410819 0.236044475148516
v -0.184756083366365 0.440943696950524 0.233019895150799
v -0.144398027771431 0.458842930853176 0.207397711055975
v -0.176451668826666 0.469864675652031 0.203277777657144
v -0.206653595656564 0.378202848619496 0.280100570377758
v 0.0515721765313389 -0.278784059192556 -0.0918838362712419
v 0.0203309883477225 -0.304008933630283 -0.117450504787405
v 0.0574189938751929 -0.310350783659459 -0.124466213550169
v -0.0261786228616574 -0.271095602890563 -0.0833956461838955
v -0.0433111705820285 -0.304788032912721 -0.117914533246584
v -0.0368880641683238 -0.315319577023135 -0.128841624252044
v 0.0659389975000424 -0.258429740968352 -0.0710346641666062
v 0.105159312482536 -0.201906523364902 -0.0705391677917259
v 0.13450219832193 -0.215005570857827 -0.0989238149749015
v 0.100967875462183 -0.243891184227301 -0.0719497447329527
v 0.108647962184077 -0.280520797924575 -0.09592182250185
v -0.0359111210834526 -0.206032156320053 0.0155469501289441
v 0.208351956317798 -0.321950444566302 -0.172316092627988
v 0.224803528215147 -0.352748670098237 -0.192355904271613
v 0.256591767704507 -0.380713692194971 -0.225121796426283
v 0.165026760223629 -0.386401105170551 -0.203313413249802
v 0.189941217699859 -0.405322490977175 -0.223118953671092
v 0.298341669516417 -0.400491060948827 -0.263521201900917
v 0.26641064075574 -0.390953848844375 -0.236402679883861
v 0.197677115361293 -0.310277876276494 -0.160591728335594
v 0.18203318393571 -0.339220646456254 -0.161340711740486
v 0.167894256929804 -0.333989532285949 -0.152827836225266
v 0.151036608222773 -0.336282013328483 -0.151782228767952
v 0.131236706729602 -0.30842048261553 -0.123879726499823
v 0.111376456507559 -0.307139273540803 -0.120626144458864
v 0.123015478918951 -0.294066354303381 -0.110322812267483
v 0.119194980962292 -0.320283659661586 -0.13493448931985
v 0.128256737316085 -0.357822438528753 -0.173651246134439
v 0.10905172933984 -0.365875918399206 -0.181644519615056
v 0.154151189363097 -0.245032333591405 -0.117403308525686
v 0.14393218048122 -0.229171649772878 -0.108154381013508
v 0.163950354976074 -0.260137007659385 -0.127214063456488
v 0.189474854987246 -0.281110337353624 -0.152399671364611
v 0.0523141678368342 -0.354168782507524 -0.169326448299552
v 0.0702110113602973 -0.363834437940944 -0.179312260969956
v 0.0900786828386565 -0.372556421732483 -0.188442435896315
v -0.226550106503689 -0.0802662921920163 0.244277919285951
v -0.209476675662893 -0.157668401778234 0.234151793617244
v -0.198953523002069 -0.142782440347439 0.223351173645208
v -0.131029208195353 -0.0338209720371745 0.157564488697032
v -0.216542786102953 0.0522621645269317 0.241907894277342
v -0.246383407524915 0.0327600638406419 0.242297244079813
v -0.116504973853416 -0.177581894798383 0.141441082485336
v -0.121248569416749 -0.160130226180821 0.146337326544474
v -0.124895225767751 -0.194550055578858 0.149336757771974
v -0.158554425935561 -0.150008869076937 0.182942611030116
v -0.170256305046287 -0.181611788170153 0.194007958853349
v -0.143652989263488 -0.120245193035964 0.16861407692091
v -0.193788147584641 -0.209144048743691 0.217048374153089
v -0.10816027550186 -0.157130320164978 0.133361973759576
v -0.075953413552069 -0.19341318963507 0.101208538006356
v -0.168584626210795 -0.323890302990706 0.162970027658754
v -0.159378421416753 -0.307460365548676 0.168279672426172
v -0.158192401017227 -0.273169215087514 0.179806103814923
v -0.166252198702963 -0.294446006133006 0.183126662890374
v -0.192381241907295 -0.328009822949977 0.191730173453345
v -0.165779335912787 -0.253991012537764 0.188313117700513
v -0.110986790570125 -0.243975419938607 0.131628639816137
v -0.220001977635461 -0.256377903545481 0.236264539392797
v -0.205852496228129 -0.251349308149243 0.226214803969094
v -0.163815850424146 -0.32712814501758 0.129278658555086
v -0.155261541461306 -0.318503645380547 0.109957466212015
v -0.140688858391535 -0.302705093142352 0.112916835371055
v -0.129733862814592 -0.292441606878928 0.0956057273654628
v -0.134812001473622 -0.298438686300794 0.0539693246962699
v -0.122389847158395 -0.286178412327063 0.0585381029817588
v -0.109211072894313 -0.27293765427168 0.0500915240451571
v -0.097541493223235 -0.241604790374817 0.11407428666984
v -0.09359484788569 -0.224336978485862 0.116023639777732
v -0.180925031437968 -0.345316945562464 0.0232300408866791
v -0.214193728816073 -0.379086744732927 0.0504464705413121
v -0.162085564698945 -0.326156266034848 0.0380195193626991
v -0.171239574253792 -0.335299467256901 0.0771755205278149
v -0.198314544640637 -0.363040128749651 0.115574715231248
v -0.0668698243291981 -0.230176601053187 0.0523830898058944
v -0.421238502615616 -0.373697484726774 0.0839298874712798
v -0.380494509935572 -0.29317203352247 0.124311650154067
v -0.385326863063636 -0.346356489050273 0.121105254210366
v -0.386664697624488 -0.312856072126013 0.118435422169853
v -0.421756934307586 -0.329420913023633 0.0832670050294428
v -0.230271388295329 -0.386683252342729 0.158346976712022
v -0.223090356254367 -0.388258968484333 0.118170823243382
v -0.230114656586881 -0.355555647351386 0.194209951109429
v -0.228084780956675 -0.393508241564331 0.0604141556799818
v -0.225524565402192 -0.390576531154292 0.0205951154560202
v -0.214700341720682 -0.379625964956793 0.0104320723508767
v -0.231360190204884 -0.396571531779476 0.0792100501672889
v -0.24331085030174 -0.409267878197552 0.0846450490807959
v -0.21780982790973 -0.382790567087787 0.072821957375026
v -0.255204007762389 -0.421986040336542 0.0906063152233651
v -0.272078588844446 -0.439202038561388 0.0661910466379381
v -0.226943367356819 -0.31472170668073 0.219030159466145
v -0.209684223618845 -0.324448990487131 0.205989830738242
v -0.252821861327546 -0.272570777051097 0.238560774349225
v -0.227238745485567 -0.29452197753305 0.228712466104104
v -0.248446476893835 -0.308777370198583 0.227967289757193
v -0.270807396780652 -0.308290431542179 0.222595109519977
v -0.246733640095003 -0.218537141410934 0.246018119760563
v -0.241380510718188 -0.256110183525412 0.242760652478556
v -0.306316007113372 -0.299076549999188 0.19793624044982
v -0.322044938289033 -0.295733258007115 0.182025406972427
v -0.328181487169258 -0.0956872452589978 0.171457883694493
v -0.326033503155494 -0.0781290372431324 0.173091434055145
v -0.31448029160921 -0.0659972170572825 0.184640074353277
v -0.330829107849877 -0.0620718716485246 0.168113674942784
v -0.344082946956349 -0.122227704925832 0.156467071049155
v -0.35579146065386 -0.112379397487784 0.144416226035747
v -0.346877003150353 -0.0589743073927776 0.151973375844926
v -0.343143190248376 -0.0401129380601105 0.155483458234204
v -0.354509643954678 -0.0422517622474307 0.144491827488648
v -0.365914942835466 -0.0413602349375443 0.132809863076778
v -0.3645595686875 -0.0599752325392775 0.134629253758324
v -0.333524721823781 -0.0245925677496466 0.164764872266192
v -0.321019872959342 -0.0114027052996458 0.176543827730485
v -0.335818725453914 -0.00606717160674686 0.162257604396568
v -0.346753732668962 -0.0214020670997675 0.151353258445531
v -0.373826488125131 -0.025326148636672 0.124908602182071
v -0.378211252661005 -0.0445294723148809 0.12076005845123
v -0.397189850206266 -0.065455026933356 0.102296429874079
v -0.382696132272602 -0.0608434927041673 0.116701783670357
v -0.30364871703281 -0.0963599552310385 0.195832128011312
v -0.308273498515438 -0.128169319330634 0.192201133016812
v -0.300362587214179 -0.0733607546399832 0.198635008208718
v -0.305436949897587 -0.050829584179245 0.19284163381622
v -0.296864122581561 -0.0352653008458557 0.201109002507565
v -0.291135326339378 -0.0540081321244887 0.20736085715149
v -0.30971305155702 -0.0259674047651582 0.188192455577188
v -0.262849454050482 -0.0909102685026883 0.235610416700141
v -0.257351051172602 -0.0735597859006955 0.238772011584647
v -0.265777212730082 -0.0386069543636614 0.231240583280934
v -0.260884936721553 -0.055819694448053 0.235507796153624
v -0.296005548778275 -0.0151764163878256 0.201598517719316
v -0.256782705139991 -0.167313762270556 0.242893134764843
v -0.271104623959161 -0.157342573521048 0.231035610670538
v -0.255153497810976 -0.187473899655584 0.243324104362905
v -0.262934659457674 -0.203234140555602 0.238794907762968
v -0.28052642265841 -0.113061424521579 0.219571828795383
v -0.283317844393372 -0.149007165851076 0.218247468781345
v -0.297023719503092 -0.140275019726838 0.204040890348052
v -0.29705850911739 -0.160575754760884 0.20520900790348
v -0.259955312845168 0.0384418425937187 0.234456870959153
v -0.391530696873155 -0.203334785399905 0.110516560895046
v -0.403849552945522 -0.19386026523934 0.0983477296425458
v -0.380228606815644 -0.152479675452035 0.120761213956473
v -0.391715910913209 -0.163207565694419 0.109715814412947
v -0.404892047159216 -0.153648556495831 0.0962550850596268
v -0.380211293157877 -0.11208679905013 0.120005447602803
v -0.379002308695097 -0.0920589875154784 0.120915608121306
v -0.34446146409892 -0.142971908908147 0.156573714097792
v -0.344897794763533 -0.163732843735676 0.156868840693137
v -0.403707293438219 -0.215563480042749 0.0989447480188352
v -0.391856330686769 -0.22387587911872 0.111072560545315
v -0.401570721009143 -0.234848067588278 0.101528811103599
v -0.414882139305569 -0.224361661362197 0.0878653932347332
v -0.416161837290875 -0.206652666387481 0.0859656669587942
v -0.36891327875495 -0.223493600834968 0.13376166214823
v -0.381017132097442 -0.230218624298194 0.122118259234412
v -0.36716473846582 -0.203596708842209 0.135467787964479
v -0.35699042959384 -0.216487682351494 0.145629575297066
v -0.348286695013807 -0.229174709241681 0.155232716351306
v -0.361972049200754 -0.258613366116296 0.141594714399158
v -0.344790403400054 -0.182009998578352 0.157441671903871
v -0.353058307887231 -0.195866105265731 0.149404326240791
v -0.357783465778403 -0.276592061108249 0.146253345866198
v -0.368821607221338 -0.291228709170053 0.136067142329422
v -0.345628219448451 -0.266628227129558 0.157795265130203
v -0.33623651090043 -0.232128541272966 0.167287623802575
v -0.320318401519186 -0.167198511497762 0.18150767534924
v -0.407270836811748 -0.299225960608604 0.0968591480123541
v -0.419611005193644 -0.307200229339949 0.0852111783146748
v -0.427629204770786 -0.272692763746504 0.0762528949406572
v -0.416603799971805 -0.286750670649972 0.0876094730855336
v -0.4024717245623 -0.27788147703105 0.101346839249854
v -0.387483552458751 -0.278322132290232 0.116496433343895
v -0.398761222182905 -0.313062519082785 0.106892477083335
v -0.413019553755289 -0.246423236792095 0.0901844542541332
v -0.300488897596005 -0.233263243085361 0.202232487937274
v -0.310188809990659 -0.247014476583785 0.192779461183597
v -0.288896333240118 -0.221009601197627 0.214083631293217
v -0.290799664746265 -0.202428379627861 0.212741923351955
v -0.293481220747021 -0.182035267708024 0.209053210713305
v -0.320746219485463 -0.189408309543288 0.181868912314874
v -0.283829761281031 0.296225181346465 0.214487467616149
v -0.27334662662785 0.283162625889071 0.225622821832128
v -0.276311836937043 0.263182820097279 0.222410951539903
v -0.286145183940838 0.25415224500595 0.211899888490943
v -0.298692102500617 0.266904543081287 0.199588073798734
v -0.250797127377901 0.273527386399216 0.248164295853307
v -0.27052039521862 0.304761317899793 0.228501136469719
v -0.253450354306161 0.307958880854504 0.245671235298747
v -0.286368193220377 0.332390238897349 0.212965562945204
v -0.272877433546911 0.326655918919971 0.22657468844429
v -0.298324555216656 0.30825764952341 0.200420441280938
v -0.298065976074532 0.327450349868681 0.200632659423872
v -0.242565158329913 0.258025487744563 0.256170952616472
v -0.229345347197283 0.263317706178904 0.270345407460494
v -0.230833448763123 0.244896697286124 0.268298089571595
v -0.236386054221419 0.278738686424492 0.262861287657581
v -0.238041782403135 0.314929983801476 0.26103944942688
v -0.246769039008437 0.218153565941686 0.251549001292988
v -0.248884665174293 0.196515029767397 0.24929572347595
v -0.299425888617911 0.247449340465268 0.198758081454004
v -0.3132234106035 0.240684961205712 0.184526532690019
v -0.325345352610876 0.251360172329809 0.172621740201559
v -0.293984964442661 0.212999471534641 0.20365037133696
v -0.302213778227244 0.227703442281434 0.195831753754384
v -0.280297774892661 0.219586607049805 0.218018871290417
v -0.285005403530457 0.195416301036388 0.212887620237605
v -0.260169055528045 0.208548546373517 0.23856930091388
v -0.29834867097418 0.156122451463382 0.199012469354987
v -0.312237170478657 0.154717869853331 0.185073979814021
v -0.304891899525149 0.137113653606591 0.192291811691212
v -0.262201565613618 0.18812702144284 0.236097726509099
v -0.249777247218278 0.175362601137801 0.248304267077894
v -0.371171867406451 0.183619382462914 0.126444508173584
v -0.350246130512261 0.230116306739891 0.147523948000589
v -0.350434382353424 0.208758344171577 0.147338693339973
v -0.378933135706113 0.226488281372408 0.118740253858043
v -0.385445844196942 0.248084794423396 0.112178548882914
v -0.338237349169985 0.201009704848887 0.159308321348714
v -0.33589850921769 0.171975484770119 0.161389439445956
v -0.326279311555975 0.230086342321725 0.171613440415195
v -0.337141747143176 0.24144539182481 0.160573341693117
v -0.338220967920811 0.152515375718291 0.159151235363551
v -0.34854208229188 0.16390542232702 0.149056822043435
v -0.334856515160649 0.28352208733446 0.163194024997062
v -0.336224196000538 0.262420473077595 0.161555079929382
v -0.290452904784189 0.136264375627095 0.206853564425544
v -0.281578871160602 0.117838657177668 0.21520013312599
v -0.277046394630627 0.138394157183201 0.220187903199812
v -0.267146769949672 0.12561463021484 0.230140804209929
v -0.250849939153674 0.131410764501026 0.2464960300958
v -0.262890972929713 0.14474406478785 0.234701553459352
v -0.374088208460686 0.433494967562694 0.12376707369182
v -0.379198762622901 0.397485513036651 0.11881436678691
v -0.366759586523336 0.470211353452525 0.131300191668046
v -0.364537882473473 0.450074886696542 0.13453134211989
v -0.385864556081251 0.439588613174802 0.112270636829412
v -0.380293989213243 0.474606519368991 0.118525318895756
v -0.370981435429257 0.490038595912608 0.126660054083992
v -0.357041526817988 0.486680094713009 0.141203871197062
v -0.374162666055252 0.50598274377235 0.1236163978337
v -0.385344985378214 0.495125424524767 0.111969696951053
v -0.331575613530608 0.449704476890001 0.166604755874243
v -0.326592934231278 0.43203540170124 0.172374422978739
v -0.379153835080557 0.378063577075754 0.119047462806649
v -0.366334742771008 0.366263838653453 0.131998659462073
v -0.392710749913115 0.371098988326502 0.105171310700079
v -0.340555272600011 0.362579990983579 0.157384368630401
v -0.353860097770987 0.39018534569181 0.144963545798047
v -0.327358186425606 0.375400013511866 0.171798215089965
v -0.318293880133034 0.357450442219973 0.180688232433981
v -0.33944512422027 0.340593028691045 0.15901808266417
v -0.322240971449655 0.411707854917445 0.177421746237764
v -0.317471148229957 0.392322284152075 0.180978947529582
v -0.334743323339874 0.416892963622932 0.163855922163365
v -0.333431110272416 0.304789642149299 0.164595804986908
v -0.346390752009573 0.297243280649759 0.151689743281472
v -0.329232685370292 0.324004101060186 0.169285023039972
v -0.312392541330302 0.427851542584272 0.186017016841066
v -0.308065112460711 0.407755438120371 0.19154361282736
v -0.370927502402421 0.274008733590199 0.126847048470805
v -0.377709519037975 0.258291742053054 0.120077168781944
v -0.386469235375523 0.272717004264664 0.111208526243466
v -0.389799592418194 0.294627322101894 0.107951416881062
v -0.396658334305524 0.256718779015247 0.100995790146026
v -0.359782402028321 0.289040775258867 0.138016902738497
v -0.355694762950595 0.310627432842601 0.142372767736199
v -0.367853277139179 0.305014879737848 0.130025914774758
v -0.39358280019079 0.335460488684678 0.104465225143754
v -0.278265567966094 0.345061522150093 0.220228886833229
v -0.293551176010349 0.348685239875072 0.205572532153107
v -0.284310237391958 0.363524320518742 0.214180856240102
v -0.274093606788286 0.376638289641319 0.225523933769923
v -0.260157811170343 0.362122702046596 0.239337488635577
v -0.276302834589875 0.396606224212143 0.222072951845127
v -0.260894405829521 0.401957796813049 0.238472010963588
v -0.285421425675151 0.416634893236824 0.213755297803881
v -0.130350523388439 -0.295660048414004 -0.0544530499242375
v -0.151554935024128 -0.316528026114162 -0.0340330590428657
v -0.142907392706189 -0.307709235169339 -0.0173751594525429
v -0.170863614337918 -0.335498229448833 -0.0139953656873627
v -0.163944489735379 -0.328454175383345 0.00284040028265124
v -0.157295912323875 -0.321844907661112 -0.0147437500369875
v -0.163670126721208 -0.328576700675404 -0.0305397828532559
v -0.115196095625843 -0.279839674064114 -0.0220680334368516
v -0.173918777326253 -0.338907856291655 -0.0354275240844868
v -0.115165312935305 -0.282405467894775 -0.0605686036233607
v -0.093305514429132 -0.262615837878135 -0.0454942477998895
v -0.076383387766945 -0.252547233653916 -0.0477160445378441
v -0.101026061391825 -0.266478073176544 -0.0255125832298133
v -0.108011475610586 -0.274092932297864 -0.0427895861962212
v -0.0624241045398456 -0.257244158071476 -0.0650172725960384
v -0.0446018142026599 -0.264663711856059 -0.0766619403255135
v -0.107340053342901 -0.271885940630718 -0.00345484263608094
v -0.0927711986201292 -0.257716335243976 -0.00750938695884228
v -0.0590089730443258 -0.3136822701723 -0.126921850651993
v -0.0713981918169081 -0.290100138674657 -0.102791219777008
v -0.0865082317086477 -0.250962024161536 0.00677215800722667
v -0.370471629602926 0.119110031797213 0.127007509433207
v -0.359118320598208 0.149271433303983 0.138289831269361
v -0.347489218042511 0.139599801244079 0.149960745854083
v -0.371581038794999 0.161376883639052 0.125909586062161
v -0.333077715126509 0.135674692011774 0.164197173239876
v -0.358279108750472 0.0662858979404452 0.138996070656314
v -0.353786867873786 0.0845071653600191 0.143639004110036
v -0.331388075051043 0.0611718069505361 0.165972734551038
v -0.33736096257527 0.0454769177684773 0.159735441703998
v -0.334210951320055 0.100607245537744 0.163020989063671
v -0.33974419597083 0.0836181784473123 0.157449958885308
v -0.341518636845799 0.120289594201605 0.155887577213181
v -0.331770586744909 0.0258849785602623 0.165809539506562
v -0.318145152459444 0.0601820445828275 0.178648793976174
v -0.309054852826595 0.0423665388837451 0.18776325022746
v -0.322014112676267 0.0376446260263368 0.175166920364899
v -0.326209488056982 0.118249134965074 0.171051270839534
v -0.312127142278373 0.119240653915343 0.185106649050955
v -0.320108154076325 0.100582663667589 0.176928002308089
v -0.351538849374604 0.0144253925307438 0.146302456051695
v -0.351473804655009 -0.00365883536002147 0.14681273934364
v -0.357815772023382 0.0301781986631833 0.139643412831727
v -0.362647131689548 0.0114466445724507 0.135394688282536
v -0.305072199085262 0.0630812424653498 0.191704517257237
v -0.2922452110347 0.102224247435713 0.204691949331982
v -0.305504428166484 0.101087069850206 0.191386917798289
v 0.00896362210789491 0.380838675494588 -0.0233889528388105
v 0.0374838960272656 0.395755528555185 -0.03853156642948
v 0.0581750521259402 0.363854179782991 -0.00630059357909671
v 0.0672711868120143 0.37599199298739 -0.018682088050379
v 0.0500994118892063 0.349075287130437 0.00867397974387383
v -0.0249152991716899 0.374165806720351 -0.0103325165331679
v 0.0126536730933332 0.357880143310017 0.00097402408262467
v 0.00472127662922197 0.346504017030506 0.0175376187780973
v -0.0148669260791201 0.35156095618687 0.0260200736502699
v -0.00798032955387961 0.357076186767648 0.00792738088149233
v 0.0273352267873717 0.347101312194815 0.0115390087638547
v -0.0332899550208903 0.363384099928354 0.0344220762052395
v -0.0361612217925512 0.364813099149281 0.0537555947423048
v -0.0486671260935347 0.378004055156048 0.0240177257851005
v -0.0196259998844115 0.350294529301203 0.0450206251081128
v 0.0418294771413862 0.33773766444935 0.020703512233652
v 0.0505478064612347 0.326396884344 0.0324374155452662
v -0.0873178920125741 0.416205311958687 0.00599617090379147
v -0.0560885326229919 0.386381787944713 0.00700552651537316
v -0.0644754641721824 0.393219329513779 0.0219030534543841
v -0.0452800470676189 0.383391302578876 -0.0101812775003097
v -0.0623722920445561 0.394508013414764 -0.0108391272401851
v 0.0209623367317939 0.316020519117763 0.063354173877222
v 0.00411440740806992 0.326647330807917 0.0689166045888439
v 0.270400218043645 0.0866902601301686 -0.174626457805918
v 0.264973257796565 0.0819494446914782 -0.139231680985911
v 0.279271444669432 0.0967658623091997 -0.140326833913155
v 0.321009248884839 0.137577848365854 -0.189842506384323
v 0.294028989222231 0.110593552937264 -0.175759243344172
v 0.299654940824135 0.116714379897696 -0.161121591268917
v 0.295232541610983 0.111659443915384 -0.192629391295486
v 0.14169242897705 0.0904511897453509 -0.00188790169369278
v 0.0439531183632371 0.255262612814533 0.148628451756304
v -0.174488616730712 0.0621965791926284 0.206476826630128
v -0.0379909238889721 -0.138239832305887 0.0648332095279284
v -0.0241119144360698 -0.145334741785174 0.0514241422767404
v -0.00517590319301585 0.328516623696887 0.160222336960454
v 0.00537510331221303 0.320772976069793 0.146087284328022
v -0.00749757192846745 0.279988170839886 0.181520199558429
v -0.089620703436726 0.344997420791282 0.247241503153182
v -0.101676787489641 0.363585435301079 0.256123539200195
v -0.0878823632665869 0.362771347438573 0.244695337727846
v -0.15539901425337 0.281390548323822 0.292681707616708
v -0.136362826292281 0.292448105236462 0.28041728625765
v -0.125067466244707 0.282094525046575 0.267946943411318
v -0.130311725456973 0.26274557097139 0.265291242507869
v -0.141876007600992 0.272057149468552 0.279476704078463
v -0.183220199079375 0.149294162702138 0.244400650950235
v -0.202400374410471 0.257768970293092 0.292526595130888
v -0.217385962528556 0.255737975599111 0.282151440629138
v -0.223197148788415 0.279878618720747 0.276193869800875
v 0.210693392538976 0.137693299716648 0.0432136692987536
v 0.230641391575585 0.140159754892781 0.0449262416584718
v 0.278040865220169 0.162514331501804 0.0574323148090188
v 0.294793903573547 0.17044682340624 0.057901108965741
v 0.274472191384501 0.145856717367211 0.0450586899150018
v 0.178645633776453 0.216797346512945 0.113648461947624
v 0.204395224538344 0.249310502762752 0.103675929851854
v 0.11330484046887 -0.120527786373265 -0.0810763045349399
v 0.105161696404413 -0.180470033559054 -0.0715392946741435
v 0.158324762992268 -0.101767529158775 -0.123609834103472
v 0.156008586550715 0.0295026962100183 -0.0640389459498073
v 0.37053754816523 0.188087359466775 -0.122467374693004
v 0.37256137238224 0.190252446832371 -0.105266036598307
v 0.384903293380191 0.202252879699327 -0.116042506770184
v 0.38291754913984 0.200450028552445 -0.13422903864276
v 0.332518705977892 0.150391887587653 -0.0708091069196955
v 0.345574076241567 0.163796535139234 -0.0604321446756533
v 0.346934112631653 0.165222117718414 -0.0810346879685041
v 0.317802159143865 0.136109274588814 -0.0820400780882369
v 0.337861377357785 0.155210200316392 -0.160052390890335
v 0.322833814019631 0.140053427176547 -0.170551492050414
v 0.327371426386468 0.144648011412158 -0.150032944842041
v 0.32560117892765 0.146165621363419 -0.00759230331105039
v 0.32521746131938 0.14900492215986 0.012437609711272
v 0.292523261046356 0.111112108912005 -0.0674774607773365
v 0.279400322600825 0.0982848890176038 -0.0698794563138244
v 0.351049631582815 0.189424170649805 0.0371190787161819
v 0.339005488680854 0.195801931869197 0.0504124126581426
v 0.35032953798613 0.209273755967726 0.048585898705674
v 0.363049116042228 0.22235167432875 0.0436778927525371
v 0.259213105638441 -0.0140624542193015 -0.222237865051332
v 0.260566916925176 0.00833545865842335 -0.223330322436656
v 0.276184182274866 -0.0656855582012447 -0.239734820091568
v 0.272747503710777 -0.0871241097510139 -0.236066522992214
v 0.202960704560121 -0.0804678544128309 -0.166404188255252
v 0.191009019122666 -0.132444776052445 -0.155240879473515
v 0.181724872354647 -0.144575776542042 -0.145819867824662
v 0.317988189780362 -0.330228242599599 -0.282615668714998
v 0.285432249882594 -0.240262841352606 -0.24949929298411
v 0.27304177800274 -0.229045994576755 -0.236564357253266
v 0.284848019047564 -0.176985158855354 -0.248308191842013
v 0.284104543526638 -0.154717934411764 -0.247793240047715
v 0.288201238520583 -0.136231897340908 -0.252024873128434
v 0.220962399492526 -0.173346227158884 -0.184611212716949
v 0.234784770343847 -0.18148238980882 -0.198461827156363
v 0.236780825051655 -0.201614914437914 -0.200477925958714
v 0.224933697029374 -0.212866401407925 -0.187746427541974
v 0.223719646548345 -0.192554370629087 -0.186744126686241
v 0.179459434386102 -0.210821827261611 -0.143562353328593
v 0.191595932010636 -0.223642820645782 -0.155058945559102
v 0.179393339219663 -0.233281551958551 -0.142834993467778
v 0.441756220364011 0.424098206699538 -0.068929591501849
v 0.426014928800933 0.418202119002697 -0.0619282201067043
v 0.422024560776029 0.262897226397403 -0.00678445799724703
v 0.426058467395694 0.242809609325962 -0.0837992154012807
v 0.455222389157051 0.271179042799148 -0.0790158432514816
v 0.345965852004348 0.290271897949802 0.0542616284544115
v 0.330287626458891 0.301286815594003 0.0516283102862413
v 0.348329695457115 0.305107326606806 0.0453720392114127
v 0.417067727747812 0.234316952260722 -0.155712946521973
v 0.430471134046195 0.247556546441098 -0.156531831321724
v 0.241951664278536 0.396033206358377 -0.0400567485144202
v 0.248579291176506 0.409006545773822 -0.0532164060347719
v 0.289462269135314 0.357087141203065 -0.00165051173701234
v 0.30804120256142 0.35499301109278 0.00115073453153197
v 0.331211757521076 0.404150547813313 -0.047870704906877
v 0.308992507496597 0.405596046265766 -0.04998989797806
v 0.323995679101171 0.417480080734928 -0.062243923046495
v 0.258615960522545 0.299370728842555 0.0560629786561312
v 0.239516551986306 0.299695151606026 0.0561319854441366
v 0.0919859911572714 0.380433427002326 -0.0232903861244109
v 0.126601924038272 0.333308531280994 0.0243107763527848
v 0.116446091028497 0.300705270732939 0.0578843160751633
v 0.168045847611541 0.3068222049604 0.0505714414971796
v 0.187513125528334 0.301011433476199 0.0560272363393685
v -0.0263191362868332 0.354396648220944 0.138879512726544
v -0.0410078995499599 0.36894220044926 0.147783821326397
v -0.096335809318224 0.424420874476762 0.105415174755389
v -0.0780062640796318 0.405072286633172 0.188804354036174
v -0.0656068339618684 0.391514173157678 0.19488301075534
v -0.0780259230445802 0.401965314751253 0.210112992727544
v -0.0906701833479386 0.419410012510547 0.0267388514458651
v -0.127934890468691 0.456198506119148 0.0777814002133038
v -0.143451785389583 0.471625448069051 0.0833375480753792
v -0.137447233075117 0.465651998666502 0.0647322313381497
v -0.149922876405832 0.420818954040401 0.251132267319053
v -0.173564303032195 0.501653053846582 0.0448586670435258
v -0.187594502424951 0.515481867324067 0.0495670457530453
v -0.170269877238535 0.498535902030716 0.0275675026602355
v -0.246870619786902 0.539653980843168 0.134068551542408
v -0.251916849212229 0.527531418195073 0.146610193207085
v -0.220151797727304 0.500260210639492 0.174067955526358
v -0.190736045063195 0.480251875703656 0.193769853151424
v -0.345683003899419 0.504942645634867 0.147082813858906
v -0.359778693611476 0.506649255208923 0.136308605553522
v -0.227240657449052 0.417754755434076 0.251532547747658
v -0.255562947799952 0.420185784562551 0.238101128240577
v -0.234537703149641 0.444594416958655 0.230311191530531
v 0.0375675004373522 -0.314911932907427 -0.12853948024039
v 0.0291063227820945 -0.273051006606367 -0.0857638894763762
v 0.00982647211287859 -0.277331205735169 -0.0898744927859404
v 0.0137294246083379 -0.263183619903634 -0.0752727198533926
v -0.0334035213480494 -0.294496486709648 -0.107550763596443
v 0.0762149128783259 -0.223666606926403 -0.0490771507798857
v 0.0887723688169969 -0.234011133815909 -0.0605361687552874
v 0.085339597092274 -0.25326874733013 -0.0693751679321838
v 0.139219517670279 -0.246761253545438 -0.103146721705463
v 0.20191674927471 -0.340599364432952 -0.171139932544535
v 0.208096511075646 -0.353967864363681 -0.180747449799911
v 0.194026963299728 -0.366693910448528 -0.186231090496489
v 0.231409224628248 -0.411120415317824 -0.2309384210762
v 0.264948001166522 -0.407140103887757 -0.242314639438636
v 0.150949684300315 -0.31020318702921 -0.129325790705872
v 0.160052684166368 -0.294370309907291 -0.127501717771535
v 0.177104573222339 -0.289223996554058 -0.139652815461504
v -0.172275087635252 -0.137013170382402 0.196931904693443
v -0.172186407402335 -0.160259788967982 0.196401327938195
v -0.225490547811674 -0.132165901388096 0.244709259306853
v -0.24180363042504 -0.139140072387786 0.247718733052067
v -0.238672954883904 -0.118470364417815 0.247465022119024
v -0.169678398741342 -0.199753411506034 0.193657498666112
v -0.156444761302674 -0.195326240511768 0.180365380556631
v -0.149021705221643 -0.213946641163336 0.172584281066385
v -0.157908568864181 -0.23470170798863 0.181444290812413
v -0.173202866517677 -0.235855001642394 0.195927609902184
v -0.132543940066393 -0.151669979555826 0.157333366265317
v -0.190255359653556 -0.275935107917204 0.209590960764608
v -0.196906540939628 -0.292134701744802 0.210750389648089
v -0.197009968697296 -0.312878608884052 0.204819402388299
v -0.211601035156877 -0.301578293174103 0.217719519278323
v -0.151336405946498 -0.289769741312744 0.167329257173336
v -0.143877754902213 -0.2714923570893 0.165117108556876
v -0.1303607946457 -0.268107929211521 0.148512048543084
v -0.142187280636097 -0.305591338417735 0.0934038037311773
v -0.14527642387881 -0.308569458492212 0.0710199646343821
v -0.158708395973126 -0.322421672001724 0.0715300293733251
v -0.153190824383317 -0.316546201776253 0.0890669492275354
v -0.0998798483504559 -0.262057643305634 0.0830049253170091
v -0.190358659603198 -0.35480393239875 0.055042725043761
v -0.201099593435808 -0.365643163127753 0.0483975455373087
v -0.205048569346895 -0.369833086369208 0.0655312976434197
v -0.17037257928829 -0.334686065137621 0.0213927992432135
v -0.156703172138122 -0.321069537643503 0.0181457162357836
v -0.149086592876232 -0.313742808322926 0.000321757411637148
v -0.180041292663406 -0.344649696872199 0.00387572664455409
v -0.340051548834407 -0.415611054836599 0.143029932070475
v -0.409694630416675 -0.341215276702953 0.0950105726404443
v -0.408882811692144 -0.321607751194422 0.0960712034388787
v -0.238556546971718 -0.403828143105007 0.121392885074155
v -0.233094813881454 -0.399268675054444 0.101426038574448
v -0.262392868008969 -0.427366505022256 0.105806170474995
v -0.248394048278951 -0.414345056482509 0.0432891192027622
v -0.271747471606921 -0.271503952728291 0.22941552508034
v -0.296478165220885 -0.252648724245838 0.208228609465973
v -0.288634606945377 -0.238861537776413 0.215301952342005
v -0.278957087165016 -0.254838322509241 0.223639135956576
v -0.355669299958159 -0.0939547837212412 0.144126943629613
v -0.367418541655861 -0.103215828881455 0.132624573576656
v -0.36571617283739 -0.0817984998557803 0.133976954714916
v -0.318504400162847 -0.0469336851567867 0.179966188135496
v -0.26927959298271 -0.180253019287598 0.234000021822853
v -0.279097409624883 -0.192257238126306 0.223706701997708
v -0.368348423492947 -0.16421101493731 0.13338925891304
v -0.373041179247005 -0.243804939009673 0.130363371768208
v -0.378485255642013 -0.259602375271049 0.126007616137981
v -0.393035633991197 -0.263659561662913 0.111195156595919
v -0.402544693479664 -0.255944380124089 0.100775101041211
v -0.389000447910946 -0.244838078426772 0.113917671789793
v -0.341383637112419 -0.213243788153088 0.160972660140843
v -0.335059865025974 -0.196288110357015 0.167247134329188
v -0.249037734099885 0.328898597100725 0.249439041593252
v -0.261930336631667 0.321470105339797 0.236963819683869
v -0.262517629852723 0.341287388487295 0.236235236258261
v -0.264851931751856 0.26645105552075 0.23368746422031
v -0.256380070261953 0.251087552155544 0.242598454938551
v -0.258465655772016 0.232245711472134 0.240053218631482
v -0.268886802952194 0.223020898337597 0.229165135519414
v -0.29998475703437 0.193467423998501 0.197740950026949
v -0.315642368284716 0.190984122444261 0.181746446179576
v -0.315428386420519 0.222573378628691 0.182260600732274
v -0.285253574727926 0.158744042738831 0.212470391171704
v -0.276737455128101 0.178791903021954 0.220815037113059
v -0.262890055239462 0.167151045129478 0.235260259138011
v -0.347851444594963 0.253409425630905 0.149967550066492
v -0.359004704462585 0.242090075197394 0.138663831695143
v -0.366876536157684 0.256053533415281 0.130837169301186
v -0.357791335433557 0.266025562655584 0.140022735977272
v -0.346788686272889 0.185671065603778 0.150771154454454
v -0.359271383661558 0.173851946147267 0.13823175843568
v -0.360469683964659 0.19645886000417 0.13693106113182
v -0.27920514486877 0.0948114559745569 0.217323271310967
v -0.392813585326396 0.477623515671307 0.105621545618311
v -0.389865357982893 0.459521176945966 0.107664535775822
v -0.400075720761387 0.489900395206959 0.0986446348125193
v -0.358310622981331 0.407221673771576 0.140626703684373
v -0.361724412894528 0.428746162120716 0.136058214847323
v -0.352986589020185 0.442209232722473 0.14644731444512
v -0.349035366435953 0.421588444671758 0.149244914538315
v -0.353980140919838 0.352633782832418 0.144434067814369
v -0.353693892964966 0.331658439083512 0.144363798674722
v -0.366729830807585 0.324261532754518 0.131185022129379
v -0.366520101896123 0.344898495516097 0.131356409001766
v -0.306094328653655 0.357723084063935 0.19333901576696
v -0.312021427491276 0.375472318693032 0.186321329356549
v -0.301448757209412 0.388561906736834 0.19765936728262
v -0.378442482693124 0.311619801575406 0.11944853807518
v -0.398061457713494 0.276761635440358 0.0997019588637414
v -0.122262488998263 -0.287462566515095 -0.0400016419553676
v -0.10003870523246 -0.272566644147133 -0.0634144543250733
v -0.344740470458444 0.0301130661953044 0.15288708307575
v -0.326035294474398 0.0811508293798474 0.171120532269974
v 0.0212460382195445 0.370257311532236 -0.0128904717998195
v 0.0294937462377281 0.383159456896636 -0.025830703149406
v 0.0508439373196976 0.386539621546689 -0.0293081322296831
v -0.0290344438829487 0.363452787118332 0.0173045180370426
v -0.0400863319460831 0.374474058963862 0.00560944868450111
v 0.017948835248928 0.335718315305011 0.0277499970192174
v -0.11999176327678 0.239890567513459 0.229257183383873
v -0.12186810102457 0.226663963951926 0.212691417664363
v -0.219089739500426 0.174401579047134 0.271208926213616
v -0.236818477117705 0.184060099698218 0.261770454286392
v 0.264505116898204 0.108829191162513 0.00499286202718261
v 0.294880198838008 0.112775355953964 -0.104570127716603
v 0.287308073061182 0.104840517782685 -0.121998472820859
v 0.376840656600123 0.194020068677561 -0.0228978630602777
v 0.394550003954421 0.211994026688097 -0.0443290393276955
v 0.384573438052387 0.201851833547643 -0.058438980128331
v 0.240927623883897 -0.113806898695677 -0.204643351948882
v 0.226767931801512 -0.295728530630301 -0.189800715781705
v 0.328498467451005 -0.185735251248479 -0.292245632747843
v 0.400581992149777 0.360355510614806 -0.00607806056042644
v 0.381344565525411 0.357062618665344 -0.00211031605786565
v 0.383751514480442 0.371865225881775 -0.0162701641124603
v 0.277563632368999 0.425054575182301 -0.0694061352939713
v 0.198063966322055 0.352306286213591 0.00403971123087959
v 0.219195225587656 0.353369932142574 0.00273574478602832
v 0.208148923762217 0.340361230770808 0.0161330558318118
v 0.186973005564442 0.339922939314719 0.016855369215054
v 0.0706031221626636 0.323588831315039 0.0344341917762523
v -0.0270222080420247 0.355400098361254 0.0845635372117163
v -0.141607528326468 0.469768171974305 0.151921961715054
v -0.133065579332448 0.461059139525886 0.138057390967845
v -0.119448767143178 0.447415161150444 0.145661385414784
v -0.127995343074205 0.455602225786947 0.178828443235887
v -0.224719428257954 0.552328182113394 0.060242520993704
v -0.316354003853442 0.474135876555624 0.178848638344587
v -0.305867203182862 0.463487238732041 0.189720123810658
v -0.299401570741648 0.483836839043743 0.184003837324849
v 0.0707238745510581 -0.282751112377539 -0.0960396482090985
v 0.109082579242604 -0.379040152794374 -0.195452942120402
v -0.242624413712313 -0.0645825358990844 0.244473933082641
v -0.100358659344867 -0.208465098912093 0.125075128762633
v -0.179331159215971 -0.342507616828687 0.132588115649606
v -0.193092913695928 -0.35682443665964 0.133348273174511
v -0.203095041221883 -0.366593460589021 0.145788213956291
v -0.188443797395279 -0.350397984001171 0.153503327267145
v -0.122760539774697 -0.286553465492744 0.0369035969310538
v -0.357949243000967 -0.29746272025515 0.14719804380924
v -0.344916604767282 -0.284822314084291 0.159813172918911
v -0.313276542563719 -0.471067064251508 0.0811086771926901
v -0.298635626581529 -0.466078546891154 0.0649326133247507
v -0.30890488179717 -0.00158167253231052 0.188538723059103
v -0.323000756397125 0.0108896753576038 0.174566255190082
v -0.331320249239627 -0.114425124025554 0.168755333314138
v -0.319728649703008 -0.129343568853991 0.181097496157054
v -0.322364398990345 -0.147966766558016 0.179042117979827
v -0.310463034553803 0.279332779318269 0.187548167294422
v -0.322365488725944 0.289670724679234 0.175763011193459
v -0.320816362200781 0.308507001961668 0.177613660124339
v -0.326211624280909 0.154162750197983 0.171246936257204
v -0.318923666219773 0.136425049027553 0.178368309466961
v -0.393134615744433 0.389541116188345 0.105019046734193
v -0.392432061339633 0.406648116706417 0.105283988220645
v -0.167711956727183 0.356231957459163 0.296672939932955
v -0.18325310307572 0.340008613820092 0.300792099209337
v 0.302541755344499 0.234512634969313 0.084595605334017
v 0.284570102292166 0.223432351395813 0.0897346445913525
v 0.282387464002358 0.24327562203915 0.091833904247862
v 0.130294917455914 -0.18486565850295 -0.0957939026476446
v 0.148470191407469 -0.163625853636581 -0.113949274467287
v 0.159193675613926 -0.179663948371311 -0.12394137596653
v 0.144557380983151 -0.181211568254499 -0.109745100859225
v -0.129572977568992 0.458008291048058 0.0278422400633468
v -0.222621738813941 -0.193004654132089 0.243667292279908
v -0.209303253430748 -0.205936356862385 0.232762378189419
v -0.214744951571173 -0.232013700246641 0.236307720516718
v -0.225683574070617 -0.214425719975745 0.244111398591205
v 0.32202286595189 -0.246812122324318 -0.285015455599621
v 0.317855265331925 -0.306579789818062 -0.280569580415526
v 0.285817737982382 -0.32084335243831 -0.248621476544799
v 0.33701855641361 -0.364603512795039 -0.301644134629941
v 0.323878411279984 -0.0605617576841905 -0.287759945472729
v 0.339020921689928 -0.13588072436 -0.303261062580523
v 0.423145955976046 0.32870811576723 -0.00587921737884735
v 0.440150684886139 0.377634404909387 -0.0333930275475309
v 0.505224149853027 0.403241396903163 -0.0917801934956884
v 0.506143822622855 0.340569818344302 -0.100369359362912
v 0.456092077534605 0.472576692060158 -0.117905579960705
v 0.459507787605207 0.280996913890383 -0.0622307373891294
v 0.472616196133245 0.29007114938752 -0.175354959320208
v 0.393959048082216 0.476748392592521 -0.122257942040478
v 0.287478067455196 0.464599405422627 -0.109362412264869
v -0.215863690817601 0.543395094847237 0.0284746982084412
v -0.154371182953188 0.482640966576794 -0.00112078320285611
v -0.381882364154377 0.570854438052392 0.0940680707058865
v 0.256744038784677 -0.346391952044854 -0.219367969835908
v 0.209930693484212 -0.408133031162844 -0.227342317436682
v 0.176682992417798 -0.430668761252762 -0.249039589900699
v 0.294893767516209 -0.426806550010647 -0.269279151747765
v 0.00220461244280692 -0.362382313743235 -0.17693886728627
v 0.0736395246492381 -0.395844128718176 -0.212043887782389
v -0.360667514254064 -0.444023960361029 0.116637062584444
v -0.331431341252289 -0.429708137154313 0.132603504043578
v -0.385456494552341 -0.403956333917168 0.120547028842732
v -0.374201845422843 -0.396850539806181 0.13207019260076
v -0.345025401344387 -0.324092210476808 0.160168716000823
v -0.456162199977497 -0.381484108435062 0.0489680136200386
v -0.311222519209326 -0.406109652913316 0.155374126294343
v -0.234910007879212 -0.400009179775978 -0.0107521289366974
v -0.431965119094036 -0.149638784045947 0.0691878929878668
v -0.409273193022193 0.52651728564323 0.0882923826660131
v -0.412450646041049 0.245055272574545 0.0851298402289164
v -0.109968669493641 -0.310954955139723 -0.123586552309134
v -0.40434886657906 -0.0122010262101727 0.094302701941007
v 0.0187781060015225 0.409355815669467 -0.0519583348786266
v 0.0795239855607382 0.418832468515369 -0.0616452696976806
v 0.297331090704052 0.070184549069197 -0.260684216191437
v 0.308707406318984 0.0100334804120525 -0.271983700041792
v 0.351819547638258 0.168788775442711 -0.219483060573042
v 0.348864124973087 -0.306410714968413 -0.313605686971171
v 0.329668146564416 -0.0879295706152229 -0.293768544872551
v 0.452207772016789 0.325431432210645 -0.0343473141881199
v 0.435872378473972 0.36083947579913 -0.023844584642269
v 0.456494389655306 0.378793999251749 -0.0428605093209812
v 0.477500504810388 0.424293920933929 -0.0770671267146436
v 0.436942104115942 0.254195505449918 -0.189140324104619
v 0.35195881566731 0.473915166652599 -0.119221806557364
v -0.183908551132144 0.511854716428975 0.0126484933082125
v -0.343235299103496 0.58801472297071 0.0831756292187603
v 0.247466659072035 -0.439884171691448 -0.259500464063214
v 0.0333394221545783 -0.377470182516767 -0.192729868921688
v -0.267069650991254 -0.419786453557594 0.136084695711286
v -0.259841422805131 -0.425559182765186 0.00879283570524082
v -0.42338697670851 -0.112004875270819 0.0770585470172425
v -0.456274831992392 -0.2800506842999 0.047183059366064
v -0.416474410456236 0.284439166181566 0.0811216031503519
v -0.0789314528765044 -0.323467577838176 -0.137052401648774
v -0.401003323434644 0.130844862246976 0.0964529660569809
v -0.0744028242808283 0.410788555777767 -0.0380863345483627
v 0.345728053703513 -0.178136888392116 -0.30993036834745
v 0.251551866281163 0.457347156284955 -0.101948353935881
v -0.249644330195696 0.577057423347495 0.0480477606039485
v 0.132547970735927 -0.418597044678623 -0.235734392469822
v -0.348055421420347 -0.462772622302069 0.0987642220231382
v -0.326062999783203 -0.487941616307509 0.0572341374001111
v 0.111061187371982 0.425069451811172 -0.0683296273351608
v -0.125485247314811 0.454264801944885 -0.01451767818962
v -0.029583328968114 -0.346794611342116 -0.160682723221001
v -0.210024955054857 -0.374796510579936 -0.0319038503617076
v -0.407461551623166 0.19922283306613 0.0900281486351114
v 0.423544255565344 0.391609670380667 -0.0363972260033771
v 0.493931067088402 0.310582864616562 -0.110602362440273
v 0.429267972534995 0.313104790806339 -0.0106776561275484
v 0.44316209138776 0.267752598185825 -0.0398136881259224
v 0.453896704094164 0.283323949495426 -0.0442302550102703
v 0.475301836275513 0.329429646320688 -0.0577786808238085
v 0.468334648465404 0.284450560295868 -0.0899940441510228
v 0.247516148929896 -0.397695819979745 -0.227162418247264
v -0.309929186705733 -0.432710099218221 0.128362836617763
v -0.328564335338332 -0.455968833493931 0.106164134842655
v -0.398592997601491 -0.393909252194671 0.108480092202319
v -0.406196207004157 -0.424389146326971 0.0985737722299319
v -0.398258409570002 -0.373465634765767 0.107219294719814
v -0.333922874739008 -0.335161295322225 0.171338160395717
v -0.345620564935835 -0.365285795607167 0.159516538484533
v -0.28010798283358 -0.370164818815717 0.186426154544529
v -0.322344380007832 -0.391475831700532 0.163473430856655
v -0.331360190609183 -0.375364586055919 0.169413039136531
v -0.305062882262659 -0.350896119238346 0.192319197082712
v -0.320943948663756 -0.345085765083238 0.182242670807857
v -0.280567142587039 -0.324656782089989 0.213341577679232
v -0.291690634916782 -0.338660737998683 0.203653962997492
v -0.267388666651536 -0.434598938484487 0.0855483613707615
v 0.46626770621258 0.363670885493041 -0.04905316761575
v -0.330384763242606 -0.403987212062465 0.15348397528967
v -0.0335428714773302 0.325790731119793 0.199900141100204
v -0.0532252172305467 0.278251466349138 0.20830489013094
v -0.101894562517551 0.30740377525861 0.25510683864097
v -0.0940141949572004 0.325813866314819 0.250249867605498
v -0.1330471694657 0.210135950732249 0.21245746770724
v -0.142418649801384 0.205809954440071 0.22974445100023
v -0.163167262521865 0.173144796931002 0.232719206654215
v -0.237277634467354 0.165153229423035 0.259602838942593
v 0.249645249068205 0.0978505622809509 -0.00293483985992445
v 0.262209572909616 0.12138899884859 0.0227828554910794
v 0.181885049782994 0.198641632789678 0.103748637862893
v 0.199920154961569 0.190259854820998 0.0948257076077226
v 0.184660709816535 0.255264762830696 0.101174594408612
v 0.107596023656327 -0.160883009741382 -0.0744318017657872
v 0.116389713794902 -0.193044438466035 -0.0818495205987894
v 0.142005774606534 -0.108923231268773 -0.10827161656319
v 0.32051052227187 0.139326964206758 -0.0611523079180697
v 0.266591584806743 0.0854921211616752 -0.0614489937712873
v 0.271556368877777 0.0899000547406031 -0.0844864124996355
v 0.264689148573596 0.0824103767111187 -0.102324228032114
v 0.325179031190769 -0.290456297693033 -0.289230443088417
v 0.295848029824783 -0.330535888157011 -0.259078387874508
v 0.328280797606416 -0.39036882342574 -0.291815359405099
v 0.342102395458149 -0.153217255847048 -0.30606846181943
v 0.154132900309168 -0.196499946687382 -0.118908221183274
v 0.404138037619307 0.388022992849869 -0.0324547293205215
v 0.430615421134256 0.345514059797976 -0.0150305471146737
v 0.496282476807594 0.388498241119221 -0.082164671611186
v 0.499645296337585 0.324323508588631 -0.102274939246616
v 0.484456731505003 0.319531189675498 -0.0739641894087797
v 0.511389026634687 0.382792557482573 -0.0957551462138014
v 0.51147934111516 0.362272196136828 -0.0981339555923071
v 0.473920772473943 0.469213543814138 -0.113886025807519
v 0.387939194625903 0.328989383695303 0.0188850156143839
v 0.405055801991377 0.329311833429982 0.00723688305350832
v 0.414303570056338 0.312758252815897 0.00292987378348541
v 0.434313271923793 0.295548294015755 -0.0166332669371969
v 0.443048075576441 0.30863963388347 -0.0257703487106626
v 0.444541919833196 0.285736157286031 -0.0275895849784867
v 0.435063249836105 0.265653982670716 -0.0227893416761112
v 0.45505445122776 0.302956287443409 -0.0375868107509854
v 0.47430059199203 0.309287139096643 -0.0627662031347858
v 0.480606945678723 0.297128962705072 -0.100901173692492
v 0.479913124045567 0.296911649511417 -0.119431873454748
v 0.466802097381798 0.283681139363042 -0.129023904283392
v 0.46731788294034 0.284092132872293 -0.109449492515339
v 0.3936349192031 0.211012578402171 -0.203815115678481
v 0.23055987513957 0.452728885264221 -0.0971748855307059
v 0.159250109260348 0.435885114777188 -0.0797498420987125
v 0.414287459472209 0.477557846245877 -0.122051205951305
v 0.325441669071841 0.470966316079407 -0.115744663363459
v 0.0897030548188765 0.358296543427999 -0.000951598372849874
v 0.0920875851502323 0.318474663698025 0.0398172019417752
v 0.129519994671924 0.292121724636288 0.066963589328598
v -0.011860474273947 0.340357674371049 0.0768616256825622
v -0.199386759909115 0.52730317832968 0.0201556626427435
v -0.140395933808241 0.468782707675642 -0.00757648131907179
v -0.365186410516125 0.581234600420083 0.0899904326210277
v -0.26914759834739 0.591109715971638 0.0594268195833187
v -0.00781446362765502 -0.280967034021847 -0.0938016103581783
v -0.000766752542279773 -0.32363638518773 -0.137351557681613
v 0.0164482712464838 -0.248975220396987 -0.0607590642063809
v 0.0640030572253758 -0.21653436530605 -0.039602571964747
v 0.0907338369207686 -0.211775683943363 -0.0572676274540871
v 0.231957625807515 -0.368374922789087 -0.203528921415003
v 0.204584873101733 -0.394644142285031 -0.213594316092744
v 0.269253972161806 -0.438296916121797 -0.261427651579148
v 0.0523003646967749 -0.339293864159736 -0.153786000828991
v 0.0536459480038335 -0.386878016655681 -0.202718129121424
v -0.18768311967677 -0.128988388494451 0.212429927303431
v -0.14494573041121 -0.141501717610831 0.169892728908757
v -0.085571605581993 -0.209073784153789 0.109650696135605
v -0.123858621628386 -0.249012354236159 0.145547636815025
v -0.0821838602145682 -0.246051111268144 0.0492024142933577
v -0.376363739842457 -0.441411792301846 0.115322121424596
v -0.326661396914494 -0.44271737667061 0.119115988934046
v -0.344476887814463 -0.449464654161082 0.111671752957602
v -0.382837077307564 -0.423751489024883 0.118247891994438
v -0.408676367528048 -0.405235878835885 0.098580436591395
v -0.371576987196048 -0.342669906697316 0.134438492384903
v -0.372712221948471 -0.360353758704522 0.132869530810677
v -0.373900675555895 -0.378503464750311 0.13288500661261
v -0.358520817732233 -0.353790462972078 0.146619430962413
v -0.345971576176315 -0.345203884147489 0.158755428288025
v -0.322966365039159 -0.327587808716284 0.181760513620066
v -0.309117520736456 -0.448681125346191 0.113040865671154
v -0.293530046301614 -0.451035598983562 0.100795072546163
v -0.277903176088835 -0.440701375646745 0.103595475315797
v -0.27267995964532 -0.431388351508135 0.119436761567855
v -0.296899641234985 -0.459389469001813 0.0844621245864838
v -0.289978984891503 -0.406418704604004 0.154374812001516
v -0.288617267693271 -0.428743283797684 0.13130856000509
v -0.266823431544287 -0.406524937078805 0.151444266288083
v -0.278762868593748 -0.394296983248204 0.165941728363334
v -0.260942498913223 -0.392649066574242 0.164921791116671
v -0.318327486531125 -0.362926925373693 0.181172099282853
v -0.310622196326177 -0.38025804951453 0.17381746740118
v -0.298946051543554 -0.368150174990237 0.18553897018423
v -0.289329673942095 -0.381952670430649 0.176325392344669
v -0.308523442588938 -0.332379925644507 0.193374498971872
v -0.299337141151462 -0.319489147401824 0.202942821652698
v -0.42750722423133 -0.130274392275006 0.0732314293524108
v -0.45920044867622 -0.306934567061005 0.0451135724295723
v -0.446385504191694 -0.217698904452449 0.055864485105942
v 0.0160014692748496 0.392713715380124 -0.0354338946885139
v -0.00202708627128681 0.367952545549751 -0.00887765471368109
v 0.088168269366971 0.39362349145536 -0.0366975340497663
v -0.0109687641788676 0.380230386603002 -0.0219855191335043
v 0.284392676778601 0.101277602843261 -0.161568498281577
v 0.336444759802844 0.152942329502414 -0.226362305841956
v 0.125441226371142 -0.134317566617985 -0.0923543453724283
v 0.334850793815879 -0.113487520234939 -0.299002978399246
v 0.447674652865471 0.343691842608125 -0.0288350918815432
v 0.478575343264204 0.369781425446115 -0.062053817582451
v 0.488299126602145 0.358033667112418 -0.0719376159091477
v 0.461771269577675 0.341568798412978 -0.0445705140927144
v 0.413952480959756 0.278246466106637 0.0023148320749638
v 0.454558138098205 0.271291476271778 -0.10051226163968
v 0.424219340895359 0.241580937386355 -0.193503093150642
v 0.184270384939206 0.44188950999657 -0.0859077761145355
v -0.168726685043258 0.496799698046465 0.00551810422272212
v -0.325191312944924 0.59304854957522 0.0784411087080595
v 0.21409246845814 -0.369436286104329 -0.192894254939986
v -0.0719381354567157 -0.236369961401179 0.0334537054969532
v -0.319350929378738 -0.419540658252672 0.142624073722299
v -0.371143010748266 -0.415445319801481 0.129077809714413
v -0.359229665377433 -0.372459568491777 0.14695663483534
v -0.346516176031777 -0.400240893608485 0.148862631515851
v -0.266962927277189 -0.36259616907863 0.192541888349955
v -0.285179613730047 -0.356087148474415 0.196731996168118
v -0.269764837619693 -0.343552733285108 0.207955407334428
v -0.259304053768371 -0.425409101151343 0.055291896648172
v -0.274129162489475 -0.440718367800831 0.0196333110285582
v -0.41892759994406 -0.0920872066666462 0.0810577350723971
v -0.454034192003791 -0.262953679311503 0.0490822890633916
v -0.41456251284139 0.504629129982801 0.0833714657449532
v -0.418037607220285 0.301025764022727 0.079634804676125
v -0.0775523252886275 -0.2434017342627 -0.0103593695171958
v -0.345805780000219 0.0658200985508222 0.151581834075241
v 0.0349136698816258 0.359385817079408 -0.00174161407213244
v 0.0440220573297706 0.3729886536201 -0.0159182550914655
v 0.0653850943983431 0.338092745739367 0.0197240009587042
v -0.236773534979083 0.564156837561647 0.0400722742494451
v -0.0255413130504085 -0.255844413624051 -0.0680449325311327
v 0.128410796181358 -0.388428168717253 -0.204856277373045
v -0.331477593628374 -0.470408924620008 0.0917301747403383
v -0.310029579530737 0.0188315429052142 0.187129390025612
v -0.423050824763924 0.397968317322107 0.0745958119407634
v 0.366857614186859 0.184090364571084 -0.21343224353263
v -0.221234284287066 -0.385995243930707 -0.0221717877366318
v -0.393576339319578 0.234092044319998 0.104090106779895
v 0.297465344342323 -0.25436602221104 -0.261583389703624
v 0.313588136926516 -0.283855366274155 -0.277637086217003
v 0.304996950280055 -0.297287226800602 -0.267778462247204
v 0.305233761892547 -0.340929424847673 -0.269176238998646
v 0.29517130738621 -0.30963858131711 -0.258786185956325
v 0.42202339833688 0.377050467251586 -0.0247665154426849
v 0.45748042447119 0.398098178255238 -0.0536708396499788
v 0.440949555900177 0.409170129455121 -0.0558310030819677
v 0.482230369728839 0.391274345860889 -0.0680317160611358
v 0.499479857303886 0.349987083161523 -0.0851880954413942
v 0.489648331036655 0.312857663570794 -0.0917407664425069
v -0.366389333459467 -0.431265811245902 0.124740309439005
v -0.384895344892097 -0.453539641584367 0.10366460411524
v -0.401928616711672 -0.446413303383198 0.0983930720072307
v -0.387155231077639 -0.385033953838089 0.119174654457452
v -0.333232182752923 -0.356054966195301 0.171516654424265
v -0.292407669578579 -0.440733815410514 0.118542452115061
v -0.281331879386502 -0.447428199383386 0.0851117164965484
v -0.311322534909777 -0.460590845292694 0.0980426484997142
v -0.282007910107579 -0.416228449823228 0.143762272453708
v -0.301715346698988 -0.418801611237947 0.141800000670858
v -0.266468032827539 -0.380669777778743 0.178982062198138
v -0.246585783921664 -0.38406259120451 0.171551026782999
v -0.246271464684363 -0.397313609072359 0.154570364009038
v -0.299818834380296 -0.394533391666338 0.165150726082371
v -0.315789542578257 -0.313569826446834 0.189672869419272
v 0.452793521605756 0.360907742772155 -0.0347933323849234
v 0.475243389581907 0.349795351603802 -0.0589266208836424
v 0.495705784798215 0.420953759619973 -0.0867483607466438
v 0.215957802058682 -0.421089823723586 -0.239625108027719
v -0.35854335532273 -0.407835298604783 0.139077071533866
v -0.360567300055395 -0.389535205313334 0.14456379811458
v -0.343849308688022 -0.385182684344858 0.157940302581256
v -0.254347854228206 -0.417764653509027 0.120952706244275
v -0.248074461532348 -0.370061214589537 0.186150477237577
v 0.534474257647081 0.397868833403917 -0.122081410411999
v -0.285063595410717 -0.451942728247341 0.0278205746247177
v 0.520043332984241 0.336993120510837 -0.150128468114068
v 0.351849138684578 -0.266206469781572 -0.315994973675307
v 0.154792737357945 -0.425019249462488 -0.243051529616574
v -0.416726771361232 -0.469880011951932 0.0788447706154118
v -0.300571629848374 -0.468412229097474 0.0396785141067418
v 0.346494458662257 -0.324785939147469 -0.311171653657902
v 0.516176452827756 0.439778823461987 -0.110187401431605
v 0.502266125868474 0.319429520916433 -0.160844385803988
v -0.353167344384563 -0.492196767309715 0.0681657543466634
v -0.286447595465286 -0.454083333078348 0.070222785085243
v 0.532706101404927 0.353635484060677 -0.139795627542784
v -0.345839004411381 -0.437278976870171 0.124426766929427
v -0.310229017456329 -0.478380653715313 0.0470918634917589
v 0.344865122574883 -0.340873125322474 -0.307893800185155
v 0.203204280740862 -0.436337869973447 -0.254361133976752
v -0.141324975554495 0.162911491000306 0.182918944375793
v 0.0496170643226217 -0.0182917677547266 -0.022970282904452
v 0.472847429386045 0.40766153397311 -0.065517491638005
v 0.411031293060815 0.232171882297898 -0.0158647131663735
v -0.248198196495468 0.566867223016948 0.0891076730413903
v -0.125229684399581 -0.0159346324617708 0.15183185876874
v -0.2325654918639 -0.395675001957012 0.138746430428751
v 0.294032791011711 0.108853810664945 -0.212326193678598
v -0.154814697895252 0.0409868717699801 0.184937727961178
v -0.0233981322322924 -0.0741225793130046 0.0502137918140094
v 0.118666006370986 0.150921709188491 0.0609309382845887
v 0.0262093163353186 -0.195822416748097 -0.0104863950504246
v 0.115334882805739 0.407732911433334 -0.0510621232545079
v 0.112316198560254 0.12922735967304 0.0383733157696758
v 0.0882154751046294 0.156847407196146 0.0688854480023446
v 0.086877516557167 0.185604744680347 0.101398722779992
v 0.276991502768044 -0.288517920594455 -0.240966673741842
v 0.266376952180199 -0.30445935793819 -0.228501918820963
v 0.325121147779458 -0.348119681941689 -0.288876248656685
v 0.423872527821352 0.248279358729566 -0.0191479942013985
v -0.227611338918671 0.472698471234379 0.202371525736756
v -0.193104984123052 0.41182610667988 0.26099834043454
v -0.281502041651624 -0.290139183528836 0.220880456203149
v 0.103414324835544 0.0643449149883595 -0.0273773331363391
v 0.109714769693552 0.103721226350034 0.0122770010564395
v -0.250656885760261 0.439279145525609 0.230804885492919
v -0.121695877478187 -0.0536438746404402 0.147672651451828
v -0.344351512926767 -0.305720081054813 0.159364890514213
v -0.0991314548688875 -0.00613927400020654 0.125188953396057
v -0.152913288705629 0.178571544773648 0.21791382827233
v 0.30905584459272 -0.240571135742505 -0.271654597141803
v -0.168894594567704 0.4890221179487 0.171465010269342
v -0.348813903665567 0.554281078654649 0.115259323274758
v -0.280809611117698 0.576902350345513 0.093956164356751
v -0.166942432428215 0.44551202673273 0.227934372058143
v 0.185076340606299 -0.39130627247564 -0.208586778118357
v -0.320569830251309 -0.260769467845325 0.183614738664644
v -0.390707986425383 0.31741228627129 0.106976375702757
v -0.0645101906605472 -0.302372452763063 -0.115550538464406
v 0.258948759004402 0.0663598488699849 -0.198697661913976
v 0.0408933692217138 0.221418750803849 0.142469581614028
v -0.181877473603191 0.083690870053896 0.215144512494898
v -0.0602487648179494 -0.0977533976493271 0.0864824210426758
v 0.407697230658452 0.296406480503658 0.0103780289937371
v -0.154238631297692 0.435085865360186 0.236932864501556
v -0.343364482096285 0.568316357060626 0.103524880893545
v -0.264852610696671 0.43042664338556 0.22852340763686
v -0.15240905999451 -0.0169776081519902 0.180134610778656
v -0.428272481762967 -0.218335420184358 0.0740579525199931
v 0.0964881542513322 -0.147320971070147 -0.0640755597547578
v 0.248571130787034 -0.00132520131593138 -0.211347498817283
v 0.388055205386803 0.277995519014726 0.0274375078303084
v 0.29800044179502 0.450463538302198 -0.0952155038261682
v 0.023430354973003 0.305003677646962 0.11600468639607
v -0.200171804335481 0.396752418243227 0.271828060933522
v -0.213857830812933 0.537920497535348 0.112779985714163
v -0.298885610856919 0.507828289262869 0.165957365516426
v -0.162162618671371 0.458429172567107 0.213933644643725
v -0.230245326465023 -0.372340051269338 0.176870256574237
v -0.314205186422382 -0.279967915443987 0.189244476930794
v -0.442831840070663 -0.317802839985249 0.0619021945800364
v -0.304422762210002 0.442861177786477 0.194967384652345
v -0.292373184663617 0.402422486318155 0.206785525046194
v 0.406832107207543 0.26099846260298 0.00895873011974287
v 0.440909409992896 0.256799440611846 -0.0739119927429178
v 0.192168000049521 0.420129296146324 -0.0642092772647175
v 0.367271918505873 0.369014765481398 -0.0125177319758905
v -0.330832189564082 -0.276366416731301 0.173560870417971
v -0.333830815926448 -0.2947438180935 0.17014852835176
v -0.139120461642694 -0.304581482192345 -0.0680142976555486
v -0.381557626206876 0.0805239325519204 0.115745659585767
v -0.386713218607043 0.213848677512691 0.110708050913575
v 0.29131309344725 -0.290539600246066 -0.2550718123278
v 0.273430140841304 -0.321594156384883 -0.236292221924627
v 0.169254034881578 -0.399765822956913 -0.217199622375206
v 0.148293160966264 -0.394518276501151 -0.211962361799892
v 0.494907661853072 0.311346969840532 -0.127494762642537
v -0.175629621782085 0.372582960567071 0.290586374940027
v 0.0184032382002856 -0.349083571869698 -0.16353115833459
v -0.391913056798606 -0.10046076933499 0.108217300470823
v -0.248335060821687 0.389355512210552 0.250365273782508
v -0.385371737471842 -0.366283443654274 0.119632372305949
v -0.420560024931046 -0.416007571397929 0.0861425997008162
v 0.427476949627092 0.243971466575985 -0.103003936714064
v -0.223750735996027 0.486095916154436 0.189294508625323
v -0.132764429697578 0.100224627500031 0.163386514633509
v -0.0149100665077425 0.0637955273494792 0.0399891511915225
v -0.375079735615913 0.534082768275318 0.115963269702537
v -0.0396263095037083 0.215286866502034 0.141141907235137
v 0.0931556232790858 0.130674716885278 0.0405799725221483
v 0.025273470297178 -0.0726435443271283 0.00225527048478481
v 0.380032623569524 0.311913933661404 0.0299423895951708
v -0.245337081199808 0.46803010799944 0.207048155569395
v -0.235096784325064 0.378506022669236 0.263028594457614
v -0.10642720314972 -0.0470836369449091 0.1320716313884
v 0.104588199943748 0.0776197751563138 -0.0141870183642337
v 0.00703040619474875 -0.051438668516668 0.0197339070537566
v -0.291472212997838 0.472721344428756 0.193866716499143
v 0.374574925208308 0.191940879510235 -0.172480552615127
v -0.135945813835858 0.184648848003109 0.188157195785247
v -0.143844421749549 0.140355973518316 0.178513705506575
v -0.18879470595307 0.132905364168669 0.24081906392183
v 0.0970516750882662 0.196783517008015 0.11279902807416
v 0.424889639578617 0.404994500061672 -0.0491042744083143
v -0.252062409506006 0.502737206268759 0.173286163500285
v -0.262828613197469 0.462182330509665 0.211632820663784
v -0.194370850599988 0.46648622757156 0.2079809576798
v -0.43026185945823 -0.388084989168198 0.075285901647501
v -0.241579202035066 -0.325644759202116 0.217610251785511
v -0.276861982820194 0.0114870094113574 0.21979808465879
v -0.232515865512749 0.39793999489541 0.259978211451562
v -0.288011246981677 0.383199088223978 0.21192466504868
v 0.3766573263062 0.252970868292112 0.0380297399153302
v -0.326883940166442 0.464678441357339 0.172139348764479
v -0.212606225952709 0.462215293339167 0.2123505667543
v 0.0736550726191317 -0.377325648626326 -0.192863478208731
v -0.0967608602940434 -0.260829538580127 0.038508833976797
v -0.371493806910071 -0.309275810079719 0.132917706821075
v -0.262165196371936 -0.291257306554247 0.231541403819622
v -0.304939412446058 -0.265685757078225 0.198968326044381
v -0.396807898183864 0.423445282564332 0.101291224669035
v -0.390371321202307 0.351252895602042 0.107364393019365
v -0.204633029043823 0.489674785018784 0.184173669882825
v -0.238770178275675 0.427616369018369 0.241516618730836
v -0.367561628823898 -0.325551920924845 0.137294728347065
v 0.413161058433487 0.346384301115657 -0.00319082401231844
v -0.441892348757616 -0.298505180364279 0.0624310245457301
v 0.42886512579716 0.280038899730274 -0.0118229679794112
v -0.404872889769303 0.404754474562999 0.0929968786836035
v -0.229255504143945 0.459035932936189 0.214901994092627
v -0.244626084127026 0.40903279820813 0.248550181865525
v -0.167848930155949 0.493736977098693 0.154406448419838
v -0.135947743842011 -0.0655360987491848 0.161685773843984
v -0.271599724005325 0.414246518082953 0.227583592158689
v -0.0774374541994494 0.25171290953478 0.195833837004362
v 0.107163070768902 0.184631735163986 0.0986739983125277
v -0.0442985870990092 -0.222540829611123 -0.0179091155594482
v 0.294191183442814 -0.382379456392929 -0.258965112854475
v 0.385160792620906 0.385641793661985 -0.0296581389944478
v 0.335872484974888 0.339524238661728 0.0167781932592711
v -0.219229115323062 0.387844091202955 0.270051959487178
v -0.215746707909091 -0.373757139535098 0.162284578662652
v -0.291677034524874 0.176150669792986 0.205775130743785
v -0.235179163219673 0.356190602553834 0.263814775417207
v 0.17247170207038 -0.363228757912475 -0.179675158430378
v -0.162732804479484 -0.327749313480367 -0.0492972056060359
v -0.433066073213845 -0.408393696824426 0.073648853400411
v 0.283185423697665 -0.398817201640985 -0.25061953862853
v -0.41491329445417 -0.433380794602584 0.0903696619057044
v -0.40124806061402 -0.0869589681291177 0.0985694529640669
v -0.395738648895992 0.509960205117552 0.101431839020136
v 0.506149157743486 0.322871446249047 -0.136046951053295
v -0.425758629390624 -0.253848100358662 0.0772513543716434
v 0.301150542337728 0.119651003489783 -0.0851848682679598
v -0.299126994970738 0.420676160499772 0.199596039174482
v -0.0041267152393075 0.204580455562174 0.127483654140633
v -0.289303464375857 -0.26975472734244 0.214274051507008
v -0.028084092951685 -0.0435825949718271 0.0544946888058066
v -0.181139400580051 0.455500689990391 0.218145632611547
v -0.146565381664249 -0.034314391403365 0.173074532162265
v -0.201407848560788 -0.360328361365152 0.164499934023407
v 0.27097147147896 0.0197072522344308 -0.234216943924782
v 0.370209427365376 0.187306576494472 -0.190563528771985
v 0.44211918456868 0.258992306406509 -0.166049780124519
v -0.398697003796205 0.444574066181127 0.099765374423475
v -0.370479045000407 -0.465535791583749 0.0961930192268636
v 0.405980173008865 0.459130175218886 -0.10333300224432
v 0.194423620615768 0.288471532649956 0.0690073331708079
v -0.101527549955153 -0.293471709563268 -0.102217830239273
v -0.383025001947685 0.191468366172318 0.114513277231929
v 0.257566915008852 0.0299567880242362 -0.21885742565067
v 0.00224575858244627 -0.151893075086964 0.0252872732786117
v 0.176589896874099 0.0102893390025575 -0.0968169930320444
v 0.17871376488698 -0.0597238953064095 -0.14253943297666
v 0.254834456425476 0.269982132519096 0.0843785596097166
v 0.223166940017205 0.0199564728341685 -0.174861192996623
v 0.33047057100289 0.382267488981103 -0.0258003677513252
v 0.318359450879479 -0.1014162648735 -0.282009219552179
v 0.265796801475808 0.435195979465686 -0.0796294759140282
v 0.306789394746759 -0.378910150836601 -0.271065449855284
v -0.196065322048485 -0.36102275838373 -0.019238569655461
v -0.20793752798464 -0.372890597530602 -0.00690316216090557
v 0.398329642104086 0.21546962789911 -0.179245331116885
v 0.248246362273853 -0.333060848203411 -0.210748612128921
v 0.141350188086137 -0.347692525315971 -0.163619546204369
v -0.152931865885871 -0.318414604899607 -0.0630695376431572
v -0.372527110349277 0.0650316199762953 0.125096988441371
v -0.308743869890028 0.208687869861149 0.189068536867988
v -0.105387867326264 -0.283031809409459 -0.082677737621498
v 0.51746157390015 0.35101683939082 -0.112042109450585
v 0.0920610480986698 -0.385477455399131 -0.201153718356119
v -0.393863116526399 -0.463337974516147 0.0928075968018694
v 0.153599738900455 -0.407726110008688 -0.224947692922219
v -0.333120497334321 -0.479018506544847 0.0802922973841265
v -0.263359977064063 0.575629544917289 0.0861502157506559
v 0.412512303095611 0.229523632332902 -0.174936767424564
v 0.134123818265685 0.40606326493921 -0.0494876776317697
v 0.4772618381696 0.449357677415086 -0.0963591566332722
v -0.248249601975433 -0.414228900345884 0.0244445107017406
v -0.0248757078927072 0.390609077089587 -0.0320875528335328
v -0.252724429355326 0.575821255974163 0.0729101187980426
v -0.259557130060612 -0.426132662089423 0.0357121791684019
v 0.331105376260388 -0.234208550161063 -0.29497800425334
v 0.287864113133503 0.438794754309312 -0.0835443920369361
v 0.507281537403299 0.327098090452767 -0.116936388550019
v 0.321300402386054 -0.125102864718927 -0.285020662572327
v 0.383948682638252 0.458101025549478 -0.103313091320833
v -0.115258331452939 0.443780534498662 0.0211570417219095
v 0.329357462263358 -0.312217165326702 -0.292488621242589
v 0.313160359109701 0.128630195026418 -0.218226668640953
v 0.00240444686591183 -0.340448099089108 -0.154531789673383
v -0.433412894795314 -0.368324898698743 0.0726740565897209
v -0.383425089919964 0.115265047066285 0.113873803409342
v -0.365411281074191 0.548440794227154 0.115735059121405
v 0.282902314799373 0.0241225009859992 -0.246128147217068
v 0.327398646265607 -0.209933157825955 -0.291019884927399
v 0.065511370014938 -0.0872194942852879 -0.0363968482957567
v -0.385842331156534 0.0978894725452384 0.111699867206685
v 0.333434642309652 0.150031574603703 -0.199460921129244
v -0.439652373337503 -0.278504967880193 0.0644905311727556
v -0.382455969097544 0.0258724025678889 0.1154048320147
v 0.0572220785396984 0.398411284467665 -0.0415049486155431
v 0.24361502457843 0.43148172572936 -0.0759371976621173
v -0.235616621794744 -0.401196623084545 0.0135457220759135
v -0.424323459928091 -0.234680235390001 0.0789241006155027
v 0.293067866876825 0.00749126369924895 -0.256361080965387
v 0.111332877031693 -0.393818468724429 -0.210254094062731
v -0.426285724342586 -0.198475014202801 0.0759986362185636
v 0.174380626366847 -0.413969580505313 -0.231298438243008
v -0.0967968711444587 0.425863208164735 -0.00528528722485319
v -0.31582228286168 -0.47757669735566 0.0695569280019281
v 0.384706084387192 0.201768155879439 -0.185319738571369
v -0.213207589687145 0.541224101886297 0.0483434431691889
v -0.140111585779017 0.468617843728627 0.0166723964006187
v -0.305859238897562 -0.111119234638648 0.194185481379886
v 0.510233911743345 0.420227561424087 -0.0982705583591183
v 0.340204019911493 0.455193560146139 -0.100113501923778
v 0.482462582924599 0.436483169900087 -0.0873184199343469
v 0.279855591509657 -0.41478924743971 -0.254178374807687
v -0.293124068902362 0.584142744409961 0.087540708277357
v -0.416612176364105 -0.164027642253862 0.0847374080183022
v -0.0477344546913631 0.391793442379347 -0.0261078512278099
v -0.407897353643647 0.427556661023677 0.0900712603775846
v -0.403180826188999 0.344664257822834 0.0947625942856583
v -0.272981066522516 0.583925791165537 0.0790847597245714
v -0.284233559097627 -0.451992481506391 0.0535940496570159
v -0.12585592174575 0.454427390891853 0.00938188691047102
v 0.282552781160739 0.0813340841334925 -0.233884627234782
v -0.0127789040339318 -0.3340995744867 -0.148012515709266
v 0.307966139376903 0.124263490903142 -0.20242392468431
v -0.401059208767547 0.308660131162097 0.0966781476264775
v 0.330026622285015 -0.330063456590889 -0.2928880415076
v 0.518565103811656 0.398365646862079 -0.103009597593386
v -0.301410401674774 0.572774429160657 0.0990420281771246
v -0.352991375233487 -0.475167677651194 0.08757994928951
v 0.360920061460369 0.178250955906923 -0.181013279910999
v 0.314216421324484 -0.354223450697727 -0.277829630727192
v 0.21998265106211 0.429807783076674 -0.0739890529635554
v -0.403365401542012 0.364578419984624 0.0944180698816898
v -0.383467757473442 0.169912885546178 0.113904376966824
v -0.116913447790792 -0.29524179466797 -0.0959902146720665
v 0.361648005246097 0.456198082958015 -0.100572850026156
v 0.131763946974416 -0.401471594361138 -0.217491016065784
v 0.336343521099784 -0.294165705284127 -0.299897345341333
v -0.112013171475187 0.440972649647358 0.00237387535072526
v 0.109887928411689 -0.330086703203278 -0.144762607307543
v 0.302047246217097 -0.0332241165137864 -0.265644200355133
v -0.0305733763435634 -0.329108386815485 -0.142650482552557
v -0.222942793362461 -0.388277587531454 0.00117239075874999
v 0.283164826295427 0.0637202279048857 -0.244301536683194
v -0.381024188867458 0.132565998862879 0.116381977795481
v 0.336185281642664 -0.197675769483989 -0.299483727091116
v -0.412500704806037 -0.12504899400172 0.0881110829449544
v 0.300998581115184 0.114919673160669 -0.224515231576667
v 0.319820636000075 0.454337390125845 -0.0986895812673301
v -0.392110812604592 -0.0466666162310569 0.106849304980519
v 0.492493391907144 0.308999847931022 -0.144889414886166
v 0.442433383441403 0.461452651990291 -0.105633406918195
v 0.175095943329751 0.422026928398784 -0.0658279137683442
v 0.518452282107285 0.338906887956613 -0.127404834340081
v 0.426331181228029 0.243221837118776 -0.16983077496095
v -0.414206519582617 -0.14423708368928 0.0868786841366796
v 0.423472811914244 0.459022931682033 -0.104398704317888
v -0.4059824705176 0.38432239824541 0.0921090593513655
v 0.521574618688228 0.376037364438169 -0.108879429223132
v -0.0655426450193449 0.400400908447425 -0.0230319682748208
v -0.439436848830122 -0.351626737533831 0.0661257248115999
v 0.356678825488864 0.173619458660107 -0.196491097073379
v 0.287460567257338 0.0454417117602864 -0.250446326305497
v -0.43697977094318 -0.258342974020905 0.0662329042724311
v 0.19756374444695 0.428590857448954 -0.072677120327522
v -0.081107069128748 -0.308467532945034 -0.121576944703955
v -0.383749319307492 0.0601390237021471 0.113906865403295
v -0.424445217474821 -0.178780105057212 0.0773012483407041
v -0.391262405396075 0.530420929180912 0.105485129577413
v -0.380027231054594 0.54922678244048 0.107305545222766
v 0.337305342527781 -0.218075488277972 -0.300690400979236
v -0.199729139524845 0.527721522819845 0.0460313052933242
v 0.322802726023226 0.139154903741593 -0.209075257020463
v 0.497308483661256 0.437267222613149 -0.0958230078136234
v -0.271862717083618 -0.438880962739389 0.0452656757742901
v -0.387252272178474 0.0419485048528396 0.110448737779701
v 0.335444721099141 -0.275905689979535 -0.298759113915736
v -0.414443343946622 -0.451447381592957 0.0886509180321515
v -0.402118048405935 0.468118988402484 0.0954059448214622
v 0.134099341779337 0.416629384647667 -0.0601282782726925
v -0.235499959962858 0.562358824088188 0.0754549711671394
v 0.33467714439018 -0.255866143539871 -0.297538355898393
v -0.389568053731726 0.141006564165656 0.107874645474134
v -0.392410216961246 -0.011562405214104 0.106124126595113
v -0.426130416482419 -0.430585816738256 0.0798152297518179
v 0.310300598780805 -0.0535525148084907 -0.273829397598612
v -0.0464961840012788 -0.323651739826362 -0.137098700170027
v 0.252637115261846 0.443868546353703 -0.0883296154848055
v 0.291343817241309 0.0987587550520747 -0.232935839714094
v -0.18553553834019 0.51362011492115 0.0346328044177526
v 0.525165494554619 0.358500540905072 -0.120429203211958
v -0.404135633241974 0.327442221719282 0.0937344782399145
v -0.395935924781868 0.216361310287794 0.101628431121155
v -0.393654628816003 0.19771422422536 0.103932775053468
v 0.260294509476487 -0.422180625981768 -0.247626210046341
v -0.440583047462078 -0.389063143698035 0.0654784936254059
v 0.46750625662182 0.283858962160391 -0.14910533712091
v 0.237138383214858 -0.424004806590278 -0.243610471190205
v 0.3310066829596 -0.163628832141828 -0.294446412244001
v -0.401621867510177 0.293335980079911 0.0961749076688273
v -0.31425084662409 0.581025899878587 0.0908044736958325
v -0.335594310308539 0.577805133600853 0.093977005469006
v 0.320194061017249 -0.369213662271076 -0.283339104697
v 0.0954400859836216 0.404873071928211 -0.0480054673476397
v 0.154261905328194 0.422132229040091 -0.0658714309875014
v -0.375657908434899 -0.474538146935133 0.0871130766484774
v 0.230960326113542 0.440065676521482 -0.0843492119238863
v 0.311684580870406 -0.388512579406248 -0.275815819548868
v -0.391822784777775 0.179959659730803 0.105614068301524
v 0.275454790048362 0.447078181238495 -0.0915158004327543
v -0.445864795605304 -0.368760911672677 0.0598334034864431
v -0.363145453065709 0.562433539089966 0.105670048443943
v 0.344899270048218 0.161609572395196 -0.204220880788228
v 0.299984967905609 -0.0115133418034001 -0.263292498518486
v -0.446893041061412 -0.336525017402731 0.0582490788419884
v -0.387744074650851 0.00737529231321376 0.110396674747098
v -0.41237807548662 0.355627202711738 0.0856330158224027
v -0.13104692215853 -0.300673096859126 -0.0874157855738546
v 0.368700727573598 0.46437877434137 -0.108313968562809
v -0.239721276046015 0.56686910436469 0.0627684178079052
v 0.479585822469243 0.295956845211906 -0.153809625525605
v 0.292404365049219 0.0273835459752416 -0.255602848121272
v -0.143983439636153 -0.310175904460605 -0.0776983554272575
v -0.0955782460352799 -0.30260119715338 -0.114734562995547
v -0.434898338816471 -0.237015790846899 0.0683072426169524
v -0.408630318375495 0.449527084061455 0.0898846594432804
v -0.185740117175504 -0.350685015374376 -0.0341728629211684
v 0.340960659343558 -0.232319579347793 -0.304664045546295
f 3242 3297 1306
f 1638 1636 2429
f 1635 2429 1636
f 965 862 1649
f 947 2 2435
f 1828 968 969
f 1333 2433 2434
f 1 947 3
f 565 2442 2443
f 1363 1361 1362
f 3057 3090 669
f 7 557 984
f 436 434 9
f 864 1837 9
f 990 989 1838
f 1652 1828 1830
f 1023 15 3137
f 3077 443 1028
f 1831 559 1651
f 1652 1831 3170
f 518 841 507
f 997 994 3135
f 2443 2440 2439
f 14 562 1840
f 2628 1761 2629
f 979 1011 978
f 1361 1654 1360
f 865 14 13
f 1563 739 379
f 1085 1669 1074
f 78 2458 1633
f 1036 1663 799
f 27 1662 1044
f 867 1037 1167
f 1034 569 1662
f 29 1030 1029
f 1056 1667 2451
f 405 1690 1894
f 38 3046 1854
f 552 418 3125
f 1854 39 40
f 571 1065 1853
f 1782 1850 1783
f 40 3171 3051
f 426 423 46
f 438 439 430
f 46 1856 1857
f 1076 155 1082
f 1072 1669 1071
f 549 859 550
f 3046 32 1064
f 1852 87 2452
f 10 9 1837
f 1671 2013 2454
f 59 1103 1102
f 1092 1096 1095
f 1417 1729 2080
f 194 196 1413
f 71 2848 2457
f 199 1420 1417
f 415 1140 78
f 59 58 1103
f 2943 1093 578
f 1130 1132 1131
f 1098 1674 1099
f 585 1142 1108
f 1425 1426 1427
f 230 1519 1518
f 56 1097 1096
f 1203 1202 1909
f 1126 588 1138
f 1625 1692 1626
f 1118 1116 1125
f 1119 1117 587
f 1186 1184 1196
f 1132 1130 1135
f 1040 1844 1845
f 1031 569 24
f 98 1907 608
f 1187 1195 1141
f 3208 76 1866
f 588 1128 1125
f 3066 610 1208
f 1222 2493 1925
f 1243 2947 2993
f 2810 2870 1239
f 2870 2810 2869
f 647 1298 1994
f 2863 2864 3320
f 2661 2400 385
f 49 2845 48
f 2010 1324 575
f 1668 43 1855
f 1786 48 2845
f 869 575 1087
f 1336 943 1608
f 784 1353 1798
f 393 394 1772
f 2540 1719 3142
f 2078 1411 2553
f 2362 2357 2363
f 1428 1728 201
f 1106 3047 1416
f 202 2556 2085
f 1469 1470 209
f 479 496 921
f 826 830 496
f 894 3195 3083
f 1495 1494 1493
f 1483 893 1738
f 263 2146 1547
f 822 484 1646
f 1751 1520 1752
f 224 231 1507
f 494 921 505
f 822 474 918
f 1511 897 1746
f 1746 1747 709
f 2351 350 2352
f 2083 262 365
f 743 2229 309
f 1742 895 1497
f 2628 2299 2301
f 2241 2243 748
f 1660 19 1025
f 885 3081 1388
f 363 2970 1592
f 1728 682 195
f 2656 3224 359
f 1536 1533 2138
f 936 2140 2699
f 1588 2365 360
f 2657 375 2383
f 1598 3355 2807
f 1179 1614 92
f 1613 1615 1791
f 1178 622 2481
f 787 1617 1774
f 1904 1901 1186
f 549 421 419
f 413 794 412
f 499 545 498
f 539 925 542
f 62 583 1107
f 409 793 408
f 580 1104 65
f 65 1674 64
f 1664 800 1663
f 795 912 411
f 421 547 420
f 1066 798 2428
f 548 925 835
f 1063 1041 1845
f 28 1033 1817
f 410 794 414
f 541 547 421
f 2843 1081 2453
f 414 913 420
f 533 860 550
f 1084 1857 1856
f 804 805 424
f 550 859 551
f 958 1089 1088
f 1085 1670 1669
f 989 990 1651
f 954 1829 1779
f 424 423 803
f 1071 1670 1856
f 817 516 460
f 433 864 434
f 3191 1634 429
f 848 850 527
f 2113 1499 1566
f 456 458 816
f 3083 1487 894
f 458 818 3121
f 1002 1659 865
f 444 445 811
f 836 921 830
f 451 452 3041
f 451 3041 699
f 815 454 444
f 1005 563 2839
f 443 441 449
f 2839 563 12
f 1751 2431 483
f 539 542 541
f 62 582 583
f 498 833 832
f 1515 485 1516
f 232 708 1522
f 469 3045 471
f 898 233 232
f 215 3130 700
f 700 710 477
f 2432 484 2431
f 820 461 466
f 1644 483 918
f 473 918 469
f 493 829 495
f 62 3037 63
f 3193 463 819
f 547 541 542
f 492 825 827
f 216 3083 214
f 918 473 1644
f 481 3078 473
f 476 477 710
f 500 492 833
f 855 854 539
f 550 860 858
f 62 63 582
f 419 417 549
f 840 839 510
f 521 528 851
f 522 923 524
f 3036 3136 996
f 445 444 454
f 995 817 460
f 472 493 495
f 506 510 839
f 837 453 503
f 505 836 503
f 450 453 454
f 851 513 521
f 459 818 458
f 429 809 810
f 846 491 853
f 489 487 491
f 855 924 3122
f 520 544 519
f 531 523 847
f 846 524 923
f 996 1839 997
f 868 3171 39
f 850 849 526
f 427 3191 428
f 426 807 803
f 914 803 807
f 457 516 456
f 431 3191 427
f 488 825 490
f 486 827 825
f 801 913 3131
f 853 924 543
f 538 924 853
f 854 925 539
f 421 549 858
f 410 406 794
f 526 849 532
f 950 952 951
f 1333 164 1332
f 2837 986 2666
f 984 557 973
f 535 437 517
f 438 808 810
f 994 10 863
f 460 845 537
f 998 12 1000
f 1660 1020 567
f 1499 1496 2112
f 1013 1016 1012
f 1003 2839 3065
f 1028 1643 1642
f 865 1659 1017
f 17 1781 2667
f 3077 1027 1661
f 1563 3145 297
f 1618 1776 402
f 40 39 3171
f 1029 22 2841
f 1044 1846 570
f 1045 1047 1042
f 1850 1060 1068
f 1261 1953 125
f 2012 1671 654
f 1064 1854 3046
f 33 34 32
f 3125 36 3049
f 38 3050 37
f 418 802 36
f 1068 1783 1850
f 34 1064 32
f 1064 39 1854
f 3050 572 37
f 35 3049 36
f 44 1855 43
f 430 439 526
f 574 2453 1081
f 798 1066 3060
f 529 551 852
f 1851 2844 1060
f 520 519 524
f 532 804 425
f 847 533 531
f 52 1085 1083
f 1073 45 48
f 1046 1850 1782
f 651 2886 156
f 654 2014 2012
f 576 2455 577
f 819 493 472
f 1110 60 67
f 409 834 594
f 66 585 3252
f 1091 54 1090
f 461 820 3132
f 589 591 79
f 72 1680 1122
f 3132 61 467
f 59 1100 1675
f 464 3132 467
f 498 548 835
f 1594 363 364
f 1428 201 1431
f 590 1789 1904
f 1692 1191 1188
f 1093 2943 2455
f 1864 945 1817
f 1032 23 1893
f 1039 28 1037
f 75 76 1684
f 590 1904 1187
f 1200 1626 1199
f 2850 1689 2851
f 2457 96 71
f 583 64 1107
f 1192 1864 1137
f 1090 54 1094
f 1142 593 870
f 407 591 928
f 79 872 592
f 468 63 834
f 591 407 872
f 3037 870 592
f 1873 1144 1869
f 1688 1155 1881
f 1168 404 2852
f 1894 1689 1167
f 2428 1035 25
f 2463 2465 2464
f 1896 2480 1180
f 3305 1612 3324
f 1190 3208 1189
f 1148 790 1619
f 98 1790 1907
f 618 1928 617
f 2987 3292 2485
f 101 1694 876
f 2797 3360 2677
f 1927 1221 108
f 683 2080 1463
f 629 3079 2868
f 124 125 1160
f 3218 1271 3231
f 1320 1329 2521
f 1286 1980 1290
f 1978 643 1287
f 2513 2515 2514
f 1796 3371 2749
f 137 3341 3366
f 1856 1670 1084
f 959 943 3089
f 1086 943 1088
f 2052 1720 1381
f 1354 189 882
f 1372 177 2039
f 2758 3151 2901
f 1403 2072 1399
f 2697 1461 2100
f 934 2698 1474
f 1482 1738 1469
f 1747 897 235
f 1513 1491 226
f 476 478 479
f 441 440 3044
f 450 452 451
f 222 221 209
f 226 709 1513
f 234 1524 3062
f 221 226 1807
f 444 3044 935
f 455 837 504
f 450 815 452
f 1496 2113 895
f 1660 1025 1020
f 298 1564 1565
f 698 1475 893
f 2115 1508 2573
f 1512 708 897
f 581 69 1112
f 2122 2904 1748
f 1809 707 1520
f 481 482 3078
f 450 451 814
f 1807 1491 1479
f 2699 231 220
f 709 226 2119
f 1513 709 1747
f 830 921 496
f 351 3181 355
f 2075 2976 2365
f 3094 2152 3177
f 2930 2929 2931
f 2358 3388 355
f 1489 1490 1806
f 1493 1492 442
f 2226 939 3263
f 3276 3317 2767
f 2995 2958 2910
f 749 3162 3096
f 1027 20 1023
f 1721 3123 1387
f 773 3157 344
f 250 2141 251
f 362 1764 2361
f 1406 192 191
f 2076 1409 2550
f 164 2434 962
f 3302 3375 1899
f 1792 1182 1169
f 606 607 2478
f 2775 400 3261
f 1899 1181 3302
f 1179 1896 1181
f 3075 1774 1617
f 1682 77 1135
f 1136 1140 928
f 415 1632 912
f 467 582 468
f 79 593 1683
f 546 856 857
f 834 856 545
f 416 417 419
f 801 802 416
f 1629 797 3131
f 793 872 407
f 80 872 793
f 1630 799 2458
f 35 36 3060
f 416 802 417
f 928 411 407
f 547 857 410
f 420 913 416
f 28 1039 1033
f 854 490 835
f 408 410 857
f 1684 1137 1630
f 1036 1033 1663
f 3131 413 3059
f 1066 2428 1049
f 36 802 3060
f 796 794 406
f 530 531 915
f 874 1157 2850
f 1069 868 1067
f 532 849 530
f 852 552 37
f 572 806 852
f 955 992 1634
f 3049 1853 1065
f 1672 1635 52
f 1082 1325 51
f 529 533 551
f 52 1084 1670
f 425 428 430
f 1070 3138 3171
f 422 914 425
f 40 41 42
f 1089 1635 1672
f 806 805 915
f 552 551 859
f 529 806 915
f 923 522 525
f 807 916 427
f 3124 809 429
f 439 534 527
f 957 1638 4
f 431 1634 3191
f 4 956 957
f 41 3051 423
f 438 810 534
f 807 427 914
f 1651 1829 971
f 458 456 817
f 430 808 438
f 512 536 535
f 526 439 850
f 3044 811 441
f 1564 299 3145
f 459 996 3136
f 11 3065 1657
f 812 837 455
f 216 214 452
f 1657 12 998
f 446 813 449
f 448 816 3121
f 699 700 3064
f 1485 1741 217
f 447 812 455
f 3136 1001 818
f 2112 1641 1639
f 508 518 844
f 515 507 511
f 3041 452 214
f 478 919 479
f 2111 215 3041
f 3041 214 2111
f 215 700 699
f 505 814 3064
f 507 515 518
f 3130 3062 1524
f 812 445 454
f 3195 2111 214
f 840 843 507
f 818 813 3121
f 560 995 460
f 453 837 812
f 812 454 453
f 515 511 514
f 1643 1001 1642
f 513 512 511
f 435 434 436
f 814 503 453
f 442 2430 1640
f 1642 1027 1028
f 457 518 515
f 428 914 427
f 456 816 457
f 512 845 511
f 541 540 539
f 831 819 463
f 483 2431 484
f 824 821 472
f 585 1107 579
f 819 831 497
f 481 473 470
f 860 926 858
f 1127 1133 1680
f 584 465 1788
f 1105 60 1109
f 74 1683 593
f 920 496 919
f 546 548 545
f 826 920 827
f 832 833 497
f 233 710 3130
f 1517 227 228
f 466 462 3045
f 480 823 481
f 822 1646 67
f 3132 820 871
f 465 820 466
f 482 481 823
f 494 3064 477
f 479 494 477
f 548 498 545
f 486 826 827
f 1523 233 1524
f 1522 3078 482
f 547 542 857
f 831 832 497
f 469 474 3045
f 1502 936 1501
f 846 528 509
f 826 486 942
f 475 480 824
f 489 491 509
f 518 508 841
f 853 491 538
f 501 836 502
f 464 917 831
f 499 834 545
f 486 838 942
f 511 843 513
f 1522 482 232
f 827 828 492
f 827 920 828
f 492 828 497
f 478 495 919
f 546 545 856
f 834 409 856
f 841 508 922
f 501 503 836
f 479 477 476
f 897 708 1523
f 817 456 516
f 710 898 476
f 475 823 480
f 497 828 493
f 490 825 500
f 478 824 495
f 925 548 546
f 476 475 478
f 1090 3252 1098
f 468 834 499
f 550 858 549
f 870 3037 62
f 1094 1121 66
f 66 1863 585
f 489 509 842
f 840 507 841
f 216 452 815
f 3135 3036 997
f 826 942 830
f 833 835 500
f 843 842 521
f 828 920 829
f 530 849 523
f 448 447 816
f 502 942 506
f 501 504 837
f 436 517 437
f 823 898 232
f 840 510 842
f 544 926 860
f 922 502 506
f 995 459 817
f 447 455 844
f 515 514 516
f 446 448 3121
f 445 812 447
f 1486 216 935
f 491 487 538
f 843 511 507
f 521 842 509
f 525 849 850
f 524 846 853
f 924 538 3122
f 830 942 502
f 527 536 848
f 919 829 920
f 838 486 487
f 847 519 544
f 527 850 439
f 522 524 519
f 543 540 926
f 522 523 525
f 513 851 536
f 436 537 517
f 488 3122 538
f 543 926 520
f 533 847 544
f 572 805 806
f 543 520 853
f 3124 429 1634
f 426 803 423
f 537 845 517
f 3191 429 808
f 3121 816 458
f 535 517 512
f 560 1839 995
f 535 534 437
f 535 527 534
f 923 525 848
f 816 844 457
f 425 430 526
f 506 839 922
f 841 922 839
f 855 543 924
f 488 490 3122
f 486 825 488
f 546 542 925
f 543 855 540
f 487 486 488
f 64 583 3126
f 539 540 855
f 413 3131 913
f 798 3131 797
f 414 420 547
f 3122 854 855
f 468 917 467
f 917 468 499
f 406 793 407
f 420 419 421
f 407 796 406
f 797 1631 1628
f 549 417 859
f 804 532 915
f 806 529 852
f 552 852 551
f 500 835 490
f 1636 3076 53
f 986 2837 993
f 809 3124 433
f 10 1837 863
f 527 535 536
f 15 563 2444
f 568 1020 1025
f 2444 1006 1024
f 43 1668 2453
f 27 1048 25
f 142 1988 633
f 26 1034 1035
f 1074 1075 1085
f 804 915 805
f 36 3125 418
f 1074 1076 1075
f 465 584 820
f 61 3126 583
f 593 592 870
f 3078 1644 473
f 2122 1748 1749
f 793 409 80
f 1192 1137 1190
f 1139 1136 1135
f 594 80 409
f 408 856 409
f 2477 1951 1952
f 888 3359 3356
f 1794 687 1436
f 2742 1941 2808
f 2549 1407 1408
f 1498 1495 1493
f 1740 3168 701
f 1483 1482 1481
f 3193 821 471
f 229 1516 1518
f 1109 3207 1113
f 1510 707 1808
f 1524 235 1523
f 2931 3005 2823
f 738 2239 1569
f 2256 2621 2255
f 3123 3330 334
f 2654 2337 2335
f 1539 3388 2358
f 2353 2358 2356
f 2300 2638 1578
f 2383 2379 2657
f 1622 2468 1147
f 412 794 796
f 801 3131 798
f 63 3037 594
f 541 421 858
f 1029 21 22
f 3060 801 798
f 1050 1853 35
f 1035 1628 1664
f 801 3060 802
f 416 913 801
f 408 406 410
f 428 808 430
f 38 37 3125
f 522 847 523
f 1637 1638 957
f 851 848 536
f 424 422 804
f 513 536 512
f 1488 1486 1492
f 208 1469 1738
f 449 813 1643
f 1483 1481 1480
f 1484 894 1487
f 506 942 838
f 9 560 537
f 854 835 925
f 579 1107 64
f 468 582 63
f 1788 580 65
f 60 580 1788
f 920 826 496
f 502 836 830
f 524 853 520
f 842 843 840
f 836 505 921
f 492 500 825
f 498 832 499
f 509 491 846
f 521 509 528
f 923 851 528
f 510 838 489
f 12 1657 3065
f 841 839 840
f 530 523 531
f 438 534 439
f 849 525 523
f 514 460 516
f 422 425 804
f 803 914 422
f 463 464 831
f 800 1631 1632
f 425 526 532
f 3122 490 854
f 506 838 510
f 459 3136 818
f 24 26 1663
f 418 859 417
f 1855 44 1072
f 90 2841 1032
f 424 41 423
f 2450 87 2451
f 1075 1083 1085
f 1084 52 1635
f 1120 1119 2943
f 593 1142 74
f 3332 3238 3389
f 1207 1210 3251
f 883 1368 3091
f 1380 2538 1717
f 894 1740 3195
f 3083 216 1487
f 1808 1809 1522
f 406 408 793
f 519 847 522
f 20 1642 999
f 1001 1643 813
f 594 834 63
f 472 495 824
f 580 60 1105
f 488 538 487
f 923 528 846
f 502 922 501
f 858 926 540
f 525 850 848
f 962 2434 961
f 544 860 533
f 552 859 418
f 3049 38 3125
f 1137 1864 1630
f 1431 1730 3172
f 1105 1109 1111
f 61 583 582
f 461 464 463
f 1933 110 1228
f 2937 2398 2772
f 1540 2156 2157
f 935 3044 1486
f 3168 234 3062
f 450 454 815
f 2016 655 1710
f 431 957 955
f 3076 1636 1637
f 869 1087 1672
f 171 927 170
f 2429 861 1638
f 163 1711 1335
f 167 1712 1341
f 971 1647 5
f 1647 2834 5
f 957 956 955
f 1342 2021 170
f 1338 658 2524
f 970 553 1648
f 1779 3124 992
f 431 916 1637
f 1085 52 1670
f 1332 2523 1334
f 1333 1334 2433
f 1332 1334 1333
f 962 963 3089
f 165 1336 880
f 947 2435 951
f 2 1 1826
f 965 1649 966
f 1 2 947
f 170 1335 1342
f 1780 8 1827
f 968 2834 1649
f 973 982 6
f 999 3136 998
f 980 2835 2836
f 993 988 986
f 1652 3170 1828
f 966 2834 967
f 779 348 3179
f 778 2265 2343
f 1362 2037 1363
f 7 984 2442
f 2665 7 18
f 1 946 2833
f 1360 2437 1655
f 1356 2035 1359
f 324 1842 1814
f 1653 1654 1834
f 974 1831 1652
f 1003 2838 13
f 169 170 2021
f 1826 964 965
f 1655 2438 2036
f 8 558 1836
f 1830 969 973
f 669 3090 190
f 162 1332 164
f 944 2721 3113
f 982 1835 2835
f 1711 163 1334
f 982 1650 1835
f 18 561 2665
f 969 1830 1828
f 436 437 435
f 10 1839 560
f 3191 808 428
f 953 1648 553
f 1829 1651 990
f 9 434 864
f 434 809 433
f 994 997 1839
f 534 810 435
f 435 437 534
f 556 2836 1835
f 3170 1651 971
f 1837 1838 989
f 508 844 455
f 989 863 1837
f 985 1659 18
f 1001 3136 999
f 3036 996 997
f 501 922 504
f 3036 3135 1657
f 15 1023 20
f 989 1651 559
f 12 563 1000
f 2441 2443 2442
f 323 2272 2668
f 1026 1661 568
f 561 18 1002
f 12 3065 2839
f 1398 3179 760
f 2263 2620 2342
f 2269 2266 2267
f 1015 1007 1016
f 1018 2445 2446
f 985 2442 565
f 975 1832 976
f 1781 2668 2667
f 759 2270 321
f 564 1843 1013
f 866 2446 2445
f 2837 561 2838
f 977 2439 2440
f 1005 1004 1840
f 1579 2840 768
f 1024 3137 2444
f 2839 1003 1004
f 1004 13 14
f 1026 1639 1641
f 739 328 1580
f 1000 15 20
f 1815 1639 1022
f 2839 1004 1005
f 3036 998 3136
f 1027 1642 20
f 1005 1840 1006
f 1021 1661 1023
f 811 449 441
f 1027 1023 1661
f 815 444 935
f 90 84 2669
f 1041 2452 1666
f 2669 1062 2842
f 1665 2448 31
f 1882 1883 1881
f 402 1776 1775
f 1047 571 1043
f 2464 599 2463
f 1029 1844 29
f 1030 1044 1662
f 1040 29 1844
f 2850 2851 2473
f 35 3060 1066
f 1662 569 21
f 24 1039 1031
f 24 1663 1033
f 88 1888 87
f 1040 2449 2448
f 1886 2451 87
f 1035 2428 1628
f 2852 2851 1689
f 1068 1067 1783
f 25 1048 1049
f 1662 27 1034
f 48 45 49
f 1192 945 1864
f 1664 1663 26
f 88 87 1852
f 1844 2669 2842
f 1041 1666 1059
f 85 1888 88
f 1893 1157 1032
f 1260 127 1261
f 47 1859 1080
f 1053 1859 47
f 2849 1155 1156
f 87 2450 2452
f 49 574 2454
f 570 27 1044
f 1056 1057 1667
f 23 1032 22
f 1051 1849 1667
f 424 42 41
f 50 1060 2843
f 35 1066 1049
f 3049 1065 38
f 29 1846 1044
f 38 1065 3046
f 3138 46 3051
f 1067 1068 1069
f 2522 1329 3203
f 530 915 532
f 575 869 2010
f 1671 2454 1078
f 3051 3171 3138
f 571 1047 33
f 2014 654 1707
f 1047 1045 1782
f 1848 1061 1058
f 39 1067 868
f 1052 47 1054
f 1847 1818 573
f 1077 1671 1078
f 1782 1045 1046
f 2404 1772 2664
f 2010 51 1325
f 1086 1608 943
f 1636 53 1635
f 1324 2010 157
f 2429 1635 1089
f 50 1668 1069
f 916 432 3076
f 3050 1854 40
f 3 952 2433
f 946 3 163
f 963 961 960
f 1089 1672 1087
f 586 1114 1115
f 1412 1422 2081
f 1860 2847 2726
f 2896 2079 57
f 2895 1419 1787
f 1092 1103 1096
f 577 587 72
f 576 1093 2455
f 73 578 1821
f 1109 1113 1111
f 193 2072 1400
f 58 1101 56
f 114 2727 2728
f 1203 1123 1910
f 56 1787 1097
f 1100 59 1099
f 62 1107 1108
f 74 1131 1683
f 1091 1102 1103
f 584 871 820
f 464 461 3132
f 1100 1104 1105
f 2895 1414 1727
f 1113 1676 586
f 1108 1107 585
f 1675 1101 58
f 580 1105 1104
f 467 917 464
f 871 584 3126
f 485 1515 1514
f 1102 1099 59
f 59 1675 58
f 462 466 461
f 1111 1675 1100
f 1673 576 54
f 1105 1111 1100
f 1110 1677 3207
f 483 1644 1751
f 1646 2432 1677
f 586 1426 1112
f 1099 1104 1100
f 1593 1433 1432
f 1415 1787 1106
f 2956 1594 364
f 1820 1517 262
f 79 1683 589
f 73 2943 578
f 1121 72 1122
f 114 1911 1124
f 1910 1911 2484
f 1909 2457 1123
f 1132 1683 1131
f 199 1417 2079
f 3209 1789 1861
f 1904 1186 1187
f 1195 1187 1186
f 1141 1866 1138
f 1132 589 1683
f 62 1108 870
f 1134 74 1863
f 590 588 1789
f 1129 1679 70
f 414 794 413
f 411 928 795
f 1135 589 1132
f 1131 1134 1133
f 1094 66 1090
f 1194 1193 1192
f 1139 1135 77
f 2850 2473 874
f 1190 1137 3208
f 1631 1664 1628
f 75 1684 2458
f 1036 799 1630
f 415 795 1140
f 2457 1909 96
f 587 1679 72
f 89 1891 1163
f 1143 1868 1867
f 1874 1876 596
f 1146 597 2462
f 1144 1875 2459
f 1143 1151 1879
f 3043 3309 3285
f 604 1255 1954
f 1145 1871 1872
f 1268 130 3119
f 1145 595 2460
f 1868 2465 595
f 1878 1686 2467
f 81 1876 1874
f 82 1686 1875
f 1145 1867 1868
f 2421 401 2941
f 2466 1156 3189
f 2852 605 2851
f 2879 3218 3267
f 597 1149 3134
f 2879 3267 131
f 1263 634 1701
f 1879 1151 598
f 598 83 1879
f 1871 2460 2461
f 2462 1269 2461
f 1868 2464 2465
f 1143 2674 929
f 2670 1877 3189
f 2460 595 1144
f 1666 2452 2450
f 874 1688 601
f 1153 1163 1889
f 1249 629 3127
f 599 1154 1880
f 86 1159 1884
f 1886 1158 603
f 1160 633 1262
f 30 2724 1818
f 1957 1264 127
f 1262 1989 2725
f 1869 595 2465
f 1163 1891 1889
f 1952 124 1885
f 1152 2470 1154
f 1037 1894 1167
f 600 84 1883
f 795 415 912
f 25 1035 1034
f 22 1031 23
f 23 1031 1039
f 791 2467 2468
f 85 88 600
f 91 1174 1895
f 1170 1182 1900
f 398 789 1615
f 1691 1902 1185
f 91 1898 1174
f 1935 112 1205
f 2495 2493 2492
f 1172 2478 3086
f 1202 2482 94
f 1205 1790 1912
f 1931 622 1231
f 1196 1184 93
f 2944 2778 3213
f 1627 1620 1775
f 1175 1898 1176
f 1173 1895 1174
f 1222 1928 2492
f 608 97 98
f 1626 1692 1908
f 1861 1905 3209
f 1129 1680 1679
f 1200 1201 1616
f 1684 3208 1137
f 72 1679 1680
f 1228 1931 1231
f 1037 1038 1894
f 1196 1197 1198
f 1200 1616 1620
f 93 1900 1182
f 1905 1909 1202
f 1206 2483 609
f 2728 2857 1938
f 1691 94 2482
f 1904 3209 1901
f 1120 73 1124
f 1910 1862 1911
f 1910 2484 2483
f 1236 1936 1937
f 2456 57 2079
f 2735 3238 1210
f 1209 610 1921
f 3343 1211 3238
f 1913 2985 1914
f 1694 2984 876
f 1214 3053 104
f 109 2487 1926
f 685 1437 2085
f 112 1935 2491
f 202 2084 2555
f 3109 877 102
f 3053 1695 3109
f 1920 2987 1919
f 3274 3356 2899
f 1919 1696 613
f 102 2854 2737
f 3338 2853 3299
f 3332 3389 100
f 1208 1209 1220
f 623 1933 2490
f 104 3052 101
f 2489 108 1221
f 109 105 2487
f 1927 616 1221
f 1231 1697 2490
f 1219 2487 1220
f 1922 1221 616
f 1219 1922 1923
f 109 1926 1924
f 102 2737 3109
f 2675 1177 1175
f 1207 614 1921
f 1464 2857 1463
f 1924 1224 1929
f 3066 2984 1913
f 607 1897 1896
f 110 3213 1229
f 606 1172 1171
f 1180 1930 620
f 1207 1232 614
f 621 1229 3213
f 2481 2480 1173
f 98 1206 1912
f 1171 875 91
f 1222 616 1928
f 1860 2456 2847
f 1226 619 1227
f 1234 1938 2496
f 690 1698 1464
f 683 1463 2857
f 2496 1464 1698
f 1227 2494 1937
f 2080 1418 1417
f 1233 1934 113
f 587 2455 1119
f 1821 2726 2729
f 1937 2494 2495
f 1450 2104 2562
f 1225 1940 930
f 2103 692 1466
f 1466 692 1465
f 3099 2501 2949
f 1958 1250 1266
f 2813 2948 121
f 2866 3127 629
f 140 2679 3102
f 2860 1700 2992
f 3038 627 2992
f 1983 139 143
f 2945 2948 3010
f 1240 2780 2989
f 1870 1961 128
f 2742 2989 2780
f 130 878 3119
f 3233 3335 118
f 116 1945 2499
f 3271 3335 3012
f 3088 3310 1310
f 3272 1307 1997
f 141 3175 1982
f 120 3161 2678
f 140 1250 2679
f 1289 3212 643
f 2501 3055 2872
f 2741 2810 1239
f 1247 1248 3318
f 2871 2872 2811
f 634 3148 1955
f 2503 2746 1251
f 1948 122 3039
f 1263 1701 3099
f 128 129 1870
f 122 2673 1949
f 1943 3139 115
f 3210 1989 1296
f 142 633 1953
f 2516 2517 1707
f 1951 1260 632
f 1297 1706 1294
f 1301 2015 2517
f 1260 3148 1956
f 629 1249 3079
f 646 1267 1265
f 1955 1166 634
f 139 644 3102
f 126 3087 1263
f 1238 2858 3174
f 644 3212 1288
f 1977 1704 643
f 1252 630 1950
f 2461 2459 2462
f 128 1961 2502
f 2466 1877 1685
f 1251 3100 2503
f 1271 3218 2879
f 2783 3199 3316
f 637 1270 1259
f 2502 3119 878
f 3231 2951 3316
f 3291 3134 1149
f 596 2469 1874
f 1971 1969 1968
f 1277 638 1313
f 2398 2660 2661
f 1304 2513 1983
f 1317 1974 650
f 1278 3366 3341
f 3232 1974 1281
f 2399 2972 2401
f 1706 1297 1298
f 151 1317 1708
f 650 3048 3365
f 1316 2685 1277
f 1292 3239 1985
f 2509 2510 1703
f 1968 1703 1971
f 2803 3048 3341
f 1276 1273 1967
f 646 1991 1990
f 1973 3258 135
f 1984 1985 1979
f 783 385 2939
f 2784 2883 3272
f 1315 1282 1281
f 135 3293 639
f 1968 2509 1703
f 143 1304 1983
f 1293 1998 1307
f 3127 635 1264
f 1273 638 2682
f 1979 1980 2514
f 1273 1276 638
f 1287 3212 1983
f 1287 2514 1978
f 1293 1985 1984
f 1991 1705 879
f 1704 2511 2512
f 146 1247 3202
f 1289 1288 3212
f 1288 1291 1981
f 644 1983 3212
f 1289 643 1704
f 1702 1290 2509
f 143 648 1304
f 160 154 159
f 159 1327 2015
f 3175 1265 1266
f 645 1295 1988
f 1295 645 1294
f 2007 2006 1316
f 1078 573 1077
f 2007 2005 2006
f 141 2512 1705
f 1293 2515 1998
f 1994 1299 647
f 1238 3174 2680
f 1942 1996 648
f 1995 1303 648
f 2742 3010 2781
f 147 3242 2748
f 141 1289 2512
f 1944 3233 1246
f 1287 2513 2514
f 1299 2683 2684
f 1286 1977 1978
f 2011 1797 2686
f 2973 2659 2972
f 391 1813 384
f 2660 2973 2661
f 1301 647 1302
f 1278 3232 1281
f 1313 1312 2004
f 2886 152 2520
f 154 1321 2006
f 2000 2519 1311
f 3314 3101 3326
f 2000 1319 2519
f 386 2399 2401
f 1079 2454 574
f 1320 1322 2008
f 2510 2509 1290
f 1298 647 1300
f 1669 1072 44
f 1295 2516 1707
f 1294 2516 1295
f 2014 2015 1327
f 2013 1328 2845
f 1321 1316 2006
f 868 1070 3171
f 1609 2413 395
f 1325 156 1323
f 1086 1324 1608
f 1082 155 651
f 1081 1080 1859
f 651 1322 2886
f 1302 2684 2009
f 1709 157 1326
f 148 1708 2518
f 1319 2885 1318
f 573 1053 1847
f 2008 653 1329
f 1859 1053 1079
f 1298 1300 1706
f 1053 573 1078
f 2522 2521 1329
f 154 2009 1321
f 1160 1162 124
f 785 2887 393
f 949 950 951
f 2407 2664 2412
f 2 1648 2435
f 4 861 948
f 952 2434 2433
f 1337 655 1330
f 165 3089 1336
f 1358 2528 2526
f 983 2436 2437
f 785 931 2687
f 394 2664 1772
f 52 1083 1672
f 2047 1352 2043
f 173 2029 1353
f 2887 2420 393
f 1349 1348 2028
f 2017 1710 2523
f 167 1341 657
f 1338 1339 656
f 3150 187 2066
f 2533 1362 2034
f 2021 1342 658
f 2527 2021 2022
f 1373 671 1374
f 1355 2691 1799
f 177 1372 2046
f 1356 2528 1358
f 179 671 1373
f 167 881 1713
f 169 2527 176
f 1339 1710 655
f 166 2018 1337
f 2833 927 1780
f 2833 964 1826
f 2751 3269 2889
f 173 663 2029
f 1343 662 2030
f 1347 2529 2027
f 173 174 1350
f 2019 656 881
f 167 1713 2525
f 1352 664 1351
f 3243 2027 3300
f 2938 2940 2402
f 661 1348 1349
f 2069 665 1355
f 2044 2046 2045
f 1352 1351 2531
f 173 2032 174
f 2523 1710 2524
f 676 1376 182
f 172 1351 2030
f 2035 666 1357
f 3176 1396 3146
f 1340 2526 2022
f 1374 671 1375
f 1653 2437 1654
f 976 554 1834
f 668 1356 1359
f 2348 3166 2544
f 2035 2034 667
f 175 1357 666
f 2024 660 1344
f 2836 556 2436
f 2038 3113 1364
f 1340 657 2024
f 950 961 952
f 2036 558 176
f 980 2836 983
f 171 169 558
f 1369 670 1800
f 1378 673 1394
f 2047 2042 1371
f 2975 3381 2692
f 1371 179 2047
f 2692 1370 3268
f 1720 2052 3158
f 2691 932 1799
f 1372 2042 2043
f 2026 672 2044
f 3091 674 883
f 172 662 1348
f 390 2804 3300
f 2049 2538 2051
f 3230 3280 3069
f 2050 3091 1369
f 3331 3373 2752
f 3342 2692 3381
f 1377 2537 2050
f 2049 1379 674
f 181 2051 675
f 1380 1717 677
f 2040 883 1371
f 1367 670 1368
f 2034 1357 882
f 1389 680 1718
f 2053 677 2054
f 2799 2891 3236
f 2049 2050 2537
f 1390 2060 1378
f 2070 183 2540
f 2695 1382 2054
f 1391 1718 884
f 1376 1381 3167
f 1354 1357 175
f 2261 2618 2619
f 676 2052 1381
f 679 2058 1388
f 3330 3123 3331
f 2640 3200 2309
f 2332 2331 2325
f 679 2059 2058
f 1583 3097 3190
f 1388 3081 3068
f 2538 884 1717
f 181 1379 2051
f 3082 2064 3169
f 1393 3149 2062
f 2326 2332 2325
f 2061 185 184
f 2262 2342 2343
f 2349 3169 2064
f 1385 3128 3141
f 1385 2545 3165
f 189 3093 3070
f 347 2342 2620
f 2068 681 1715
f 1399 1402 1403
f 1428 198 682
f 1455 2098 3301
f 2369 3074 1726
f 191 2892 1406
f 2900 1725 694
f 1724 2074 2546
f 1399 2072 2547
f 1430 1730 1427
f 2075 1408 2976
f 2366 2362 2367
f 362 1589 1593
f 206 3114 2757
f 3172 1432 1431
f 2976 1408 1407
f 1404 203 933
f 2656 356 2360
f 1433 1589 357
f 1588 1405 2075
f 1726 1763 2369
f 57 1419 2896
f 198 1407 682
f 1433 2976 198
f 1415 1106 1416
f 1729 1423 2554
f 1425 1416 3047
f 1405 1588 2550
f 1114 1430 1115
f 1536 258 2585
f 2364 357 1589
f 73 1120 2943
f 1422 684 1423
f 2895 2551 1419
f 691 2554 1424
f 1417 1420 1729
f 1679 587 1117
f 2552 199 2896
f 689 2096 203
f 2080 683 1418
f 1412 684 1422
f 191 1401 2548
f 57 2456 55
f 204 933 203
f 579 64 1674
f 2363 2359 2656
f 1449 3180 1454
f 3023 3228 2800
f 3226 3262 2697
f 1451 2091 1450
f 2815 2086 1444
f 889 2560 1732
f 2955 2557 1443
f 2755 1442 3264
f 2753 877 1695
f 1793 930 2676
f 2737 2988 1915
f 2498 1462 1466
f 1454 2092 2093
f 890 1467 1735
f 1451 1452 2091
f 2094 1732 688
f 690 2102 2101
f 2560 2095 688
f 2093 1451 1732
f 1456 1455 3301
f 1424 1421 1458
f 1462 2101 2103
f 1733 2561 1734
f 684 1412 2082
f 2094 688 1455
f 1400 2072 2696
f 199 2081 1420
f 1454 2094 3220
f 1724 1725 2900
f 2077 3303 1825
f 1447 3111 2087
f 2087 686 1447
f 2091 687 1450
f 2554 2101 2102
f 2101 1462 690
f 2082 2097 1421
f 2497 2498 1699
f 2847 1417 1418
f 933 204 1804
f 1234 2496 1236
f 578 2846 1860
f 1929 619 1225
f 1222 2492 2493
f 691 2103 2101
f 2103 1734 692
f 1736 1735 1467
f 2893 3246 695
f 2072 1403 2696
f 694 695 3114
f 2894 195 682
f 2364 360 2365
f 3114 3246 2757
f 2788 2901 1737
f 1736 2107 2100
f 2546 1402 2073
f 220 2114 2116
f 3130 215 3062
f 1513 234 3168
f 1807 226 1491
f 1470 208 2902
f 733 2208 288
f 2111 701 3062
f 1495 702 217
f 754 2251 2252
f 243 1529 2574
f 1471 210 1739
f 733 288 2192
f 2199 294 295
f 211 696 1471
f 1472 2109 2110
f 242 2733 2131
f 294 2208 293
f 1505 2120 1506
f 282 2733 2734
f 892 2902 2110
f 2130 2131 2733
f 242 706 2120
f 225 1746 709
f 210 2902 208
f 1494 217 1741
f 233 3130 1524
f 1485 217 1489
f 1806 1475 1489
f 1484 1480 894
f 2903 225 2119
f 698 1485 1489
f 813 446 3121
f 1741 1485 1484
f 1486 1487 216
f 1740 701 3195
f 1498 1493 1641
f 210 2110 2902
f 328 739 1566
f 1497 702 1742
f 2112 1498 1641
f 894 1480 1481
f 1022 1639 568
f 2384 2386 2385
f 1498 1742 1495
f 895 1742 1496
f 1492 1493 1494
f 1492 440 442
f 1563 379 1565
f 1640 1641 442
f 767 2299 2283
f 1743 1562 296
f 2113 297 895
f 68 1819 1114
f 2108 1473 1474
f 1746 1508 1511
f 1508 1746 225
f 1744 2573 2903
f 709 2119 225
f 237 2574 2575
f 1482 1469 1807
f 224 220 231
f 1505 1506 2568
f 1504 1744 2117
f 2117 2563 2564
f 219 705 2570
f 2120 2732 242
f 1509 2121 1745
f 2572 1506 706
f 2121 2115 2114
f 2905 240 2580
f 1509 1511 1508
f 3193 471 462
f 819 472 3193
f 1504 2117 2564
f 224 2121 2114
f 1752 1516 485
f 2115 2121 1508
f 230 1520 707
f 1509 1512 1511
f 893 1483 698
f 3078 1809 1644
f 1518 1752 1520
f 1748 1521 1750
f 362 1592 2970
f 2122 229 1519
f 1645 68 1676
f 485 2431 1752
f 264 2139 1753
f 704 218 1744
f 2956 2146 2906
f 707 1809 1808
f 3078 1522 1809
f 710 233 898
f 480 481 470
f 209 1807 1469
f 494 505 3064
f 238 2703 1525
f 2132 1527 711
f 2134 1527 2133
f 735 2205 2204
f 246 2133 2132
f 222 2117 2903
f 225 2903 2573
f 280 238 2127
f 237 2126 239
f 1750 261 1748
f 714 247 2135
f 2164 2576 2577
f 2207 2608 2609
f 219 2570 2571
f 712 2579 240
f 2143 717 1542
f 259 1537 937
f 2905 2580 249
f 1592 3172 363
f 2083 1819 262
f 249 248 2129
f 2145 278 256
f 781 937 1544
f 1753 2585 264
f 229 2122 1749
f 2352 2355 2351
f 2142 1540 716
f 2586 2588 2587
f 901 2161 2159
f 248 1753 2139
f 236 2127 238
f 257 1546 2588
f 2704 2137 2136
f 263 228 261
f 353 2357 781
f 711 2124 2123
f 317 2603 284
f 2581 2135 2134
f 353 781 1545
f 264 258 1750
f 1547 365 262
f 230 1507 1519
f 360 2364 356
f 3172 1592 1593
f 2350 350 1585
f 1753 248 715
f 227 1749 228
f 1516 229 227
f 366 2906 3152
f 2801 1548 3201
f 1549 2995 3032
f 2923 3008 2765
f 2998 2820 2818
f 2764 275 3357
f 2759 3032 2995
f 720 3160 3153
f 2246 900 2150
f 2908 2760 3032
f 2817 2909 2801
f 2615 2612 2611
f 3160 272 273
f 2959 2822 2915
f 720 900 2149
f 2914 3015 2959
f 270 268 2594
f 265 2907 2910
f 3009 2933 2171
f 2829 2826 2962
f 2237 2232 2235
f 3005 2961 2823
f 2703 2701 2700
f 2163 726 2164
f 2920 2598 2921
f 2155 723 1555
f 2596 2597 2153
f 3030 3001 2922
f 255 2700 2701
f 2204 2206 292
f 1554 2933 2828
f 2600 2165 284
f 2154 1755 902
f 244 2584 2133
f 2124 2126 236
f 727 2166 283
f 2829 2962 2963
f 2170 2165 283
f 2163 2167 3144
f 726 3144 1755
f 2168 2167 3154
f 1528 2575 2576
f 2206 736 292
f 239 2574 237
f 2237 746 311
f 2763 2916 2821
f 2998 2762 2914
f 211 1476 295
f 2200 734 2199
f 906 2610 2215
f 2185 2709 2710
f 2198 2195 2196
f 938 2177 2220
f 2604 2606 2605
f 2183 286 2179
f 2194 2195 2175
f 2384 1770 2658
f 2174 730 2173
f 367 3106 3253
f 741 2178 2605
f 2390 2392 2393
f 2710 2186 2185
f 2187 2181 2180
f 2175 2176 2174
f 2791 2934 3308
f 734 1559 1757
f 738 2211 2210
f 1471 2108 211
f 378 2385 298
f 734 1757 2199
f 2202 934 2201
f 1739 893 1473
f 737 2209 293
f 2709 2185 2198
f 2567 1561 2566
f 2127 2164 279
f 697 2110 2109
f 2108 1474 2698
f 2116 218 1500
f 2193 733 3270
f 1477 2566 291
f 287 2173 2711
f 287 2712 2193
f 295 1476 2199
f 2396 2388 2389
f 1473 1471 1739
f 378 1565 379
f 1489 217 1490
f 702 1490 217
f 1564 2203 299
f 2111 3195 701
f 767 2396 2395
f 2198 2203 2709
f 1767 2377 2381
f 2917 2932 3009
f 2210 2193 738
f 2183 2181 2182
f 3009 2172 1810
f 302 3329 3276
f 301 2217 3276
f 910 3256 1771
f 300 2216 301
f 2610 306 742
f 2232 2611 2612
f 939 2226 2214
f 2189 372 3311
f 748 2243 2242
f 2178 741 304
f 306 2610 310
f 2151 2594 2595
f 906 2215 2216
f 2792 3162 3255
f 310 2610 906
f 2229 2234 310
f 2771 374 3345
f 740 2217 2216
f 2600 3154 2165
f 745 2612 2245
f 751 2244 2614
f 3103 2706 3104
f 747 2617 2253
f 2225 3084 3260
f 749 3096 1552
f 3260 3386 3188
f 1552 270 2151
f 2967 3255 3325
f 2213 2222 2223
f 745 2232 2612
f 2244 2613 2614
f 1569 2239 2253
f 213 212 2732
f 2249 316 3072
f 2602 317 2250
f 726 2163 3144
f 938 2220 312
f 318 2250 2251
f 2234 2616 2617
f 778 2323 340
f 2338 2329 2339
f 1760 2293 1575
f 762 2276 2278
f 337 2320 2322
f 2446 2267 2268
f 2323 2651 2322
f 757 2262 2265
f 2618 2620 2619
f 3129 779 3179
f 1814 325 760
f 2622 758 2266
f 908 2622 2621
f 2266 2268 2267
f 322 866 1014
f 2304 1761 2301
f 2623 2271 758
f 3061 3082 2544
f 2722 944 1814
f 979 1841 1011
f 16 1007 1018
f 2276 2279 2278
f 2373 2372 368
f 2629 2279 3178
f 568 1025 1022
f 328 1815 1816
f 763 2629 2284
f 2293 1760 2627
f 15 2444 3137
f 2840 1579 1010
f 764 2289 1574
f 2298 766 2631
f 767 2283 2388
f 765 2292 1576
f 3073 3286 2336
f 2329 2338 766
f 2292 765 2635
f 2287 2632 1574
f 766 2634 2631
f 2635 2637 2636
f 342 2983 2769
f 1577 1578 1580
f 761 2275 2274
f 2627 2277 2274
f 2277 2627 3223
f 19 1816 1025
f 1579 768 2303
f 1018 566 16
f 2840 2285 768
f 1497 895 1743
f 769 2642 2643
f 332 771 1393
f 770 2308 2307
f 2320 337 774
f 769 2305 1581
f 777 2324 2647
f 334 2313 1387
f 2314 2311 2313
f 2639 2640 2310
f 3157 773 2319
f 1801 2694 2693
f 775 2324 340
f 333 1393 771
f 2316 2331 1801
f 2062 184 185
f 3200 3278 3156
f 773 2317 2319
f 336 769 2306
f 2335 343 2336
f 345 3378 3294
f 340 2324 2330
f 2642 2321 338
f 1801 2315 2316
f 2342 2262 2263
f 761 2273 2258
f 2315 1393 333
f 2263 2619 2620
f 1575 2294 2287
f 2333 2335 2334
f 3107 2289 2983
f 336 2317 2318
f 2642 336 2321
f 3073 3353 3286
f 774 2646 2320
f 3169 2347 2348
f 2067 188 681
f 175 665 1354
f 2345 2346 349
f 3159 2543 1723
f 1590 2368 2794
f 1541 718 1535
f 2353 2355 2354
f 2359 2363 2655
f 2655 2363 2357
f 718 2590 2591
f 353 2352 350
f 2077 3348 3303
f 362 1593 1592
f 3152 1537 259
f 366 3152 259
f 2893 1825 3284
f 192 1406 1409
f 1825 3303 3284
f 1587 359 3224
f 1591 1587 3204
f 1594 2956 366
f 1587 2369 1763
f 3327 1591 3385
f 2075 2892 1408
f 2076 1726 3074
f 2361 2364 1589
f 3204 3296 2770
f 258 2906 260
f 359 1763 360
f 2970 2367 1764
f 201 1425 1427
f 259 2370 366
f 2656 2360 2363
f 937 1537 2704
f 2373 368 2382
f 2376 2971 2377
f 2377 1768 370
f 368 2371 1768
f 782 368 2372
f 3344 3306 1597
f 1574 2288 2287
f 767 2300 2299
f 1599 2392 1769
f 1602 3328 376
f 375 2710 2383
f 2381 2380 1767
f 2382 1767 2380
f 2393 2391 2390
f 285 730 286
f 2392 2657 1769
f 2194 2197 2195
f 768 2630 2304
f 2628 3178 2281
f 2971 1769 2379
f 3248 1596 3253
f 3337 1601 3328
f 370 3222 2376
f 3106 3222 370
f 2178 2604 2605
f 2219 2605 2606
f 3222 3106 3328
f 1599 3222 1601
f 374 3311 372
f 375 2657 2390
f 2378 2384 2658
f 1022 1025 1816
f 1564 3145 1565
f 381 2395 2396
f 2796 1773 3321
f 2518 2939 385
f 386 2974 1999
f 392 3277 1605
f 387 2773 3365
f 2397 2659 2660
f 2660 2937 2397
f 148 2518 2400
f 1278 3341 3232
f 384 2937 2772
f 2661 385 3257
f 159 2522 1327
f 2940 2397 1813
f 1714 2416 786
f 1772 2404 2405
f 2415 2417 2418
f 2884 148 386
f 2400 2661 2973
f 2403 2972 2659
f 785 393 2411
f 166 931 1798
f 2659 2397 2938
f 1607 880 1336
f 1609 395 394
f 393 2420 394
f 2415 2416 2410
f 2406 911 2662
f 174 1714 2529
f 2418 3321 1773
f 2011 1609 1606
f 3235 3277 1604
f 1330 2687 931
f 1319 153 2519
f 51 2010 869
f 1324 157 1709
f 1087 1088 1089
f 154 2006 2521
f 2469 2467 82
f 93 1182 1183
f 606 1897 607
f 2479 3086 2478
f 3250 3324 1612
f 397 3305 2774
f 1189 1195 1198
f 3075 398 1774
f 621 2739 3347
f 3323 1621 3374
f 1189 1141 1195
f 2426 2941 2425
f 1189 1198 1188
f 941 788 787
f 1615 1613 3206
f 1625 1626 1627
f 401 2425 2941
f 596 1619 1147
f 2468 1622 2424
f 1880 1687 1155
f 1155 1688 1156
f 1620 1627 1626
f 2425 2427 1622
f 3086 2479 1613
f 1611 1612 1610
f 1612 3305 1610
f 1619 2426 1147
f 3374 3254 2942
f 1776 2421 1777
f 2670 602 605
f 1138 590 1141
f 1200 1620 1626
f 1036 1630 1864
f 602 2472 2473
f 797 1628 2428
f 77 75 1139
f 798 797 2428
f 833 498 835
f 1048 1050 1049
f 959 963 960
f 44 1074 1669
f 958 949 861
f 550 551 533
f 2435 953 948
f 993 3135 994
f 739 1563 2212
f 1001 999 1642
f 1008 1009 1006
f 455 504 508
f 988 993 994
f 2430 3077 1640
f 739 2212 1566
f 1486 3044 440
f 3193 472 821
f 1788 465 67
f 1748 261 1749
f 496 479 919
f 814 699 3064
f 1520 1751 1809
f 1809 1751 1644
f 2432 2431 485
f 4 948 953
f 970 1648 1647
f 1711 1334 2523
f 163 1335 946
f 7 2665 557
f 1 3 946
f 2 967 1648
f 958 861 2429
f 431 1637 957
f 1336 3089 943
f 161 2017 162
f 3124 1779 991
f 965 964 1827
f 176 668 2036
f 2526 2528 2527
f 565 1012 1017
f 556 8 1836
f 322 2447 866
f 11 993 2837
f 1656 2440 2441
f 974 987 1831
f 514 511 845
f 865 1017 1658
f 2272 2285 2668
f 987 2666 986
f 3036 1657 998
f 17 2667 1008
f 1486 440 1492
f 323 1571 2271
f 759 322 324
f 2835 6 982
f 2267 2446 2447
f 1026 1640 3077
f 329 1577 19
f 1639 1026 568
f 1880 1155 2849
f 1043 570 1042
f 3189 2472 602
f 1031 21 569
f 1042 570 1846
f 1070 868 1855
f 3049 35 1853
f 90 1032 1157
f 1668 2843 2453
f 1054 1848 1849
f 32 571 33
f 1057 30 1051
f 33 1782 1783
f 1064 34 1067
f 1042 1846 2448
f 1054 1080 1061
f 2448 1045 1042
f 1069 1855 868
f 1296 1707 3210
f 1046 1851 1850
f 950 960 961
f 1082 51 1075
f 1785 155 1784
f 948 861 949
f 959 960 958
f 1606 1709 1326
f 394 2419 1609
f 1464 2496 1938
f 1095 1097 1419
f 2079 2847 2456
f 193 2078 1413
f 1091 1673 54
f 1111 69 1675
f 1645 1676 3207
f 1645 3207 1677
f 1645 1677 2432
f 581 3047 1106
f 1547 364 365
f 71 1118 70
f 2458 78 75
f 577 1094 54
f 1126 1138 1865
f 1681 1130 1127
f 75 77 76
f 1128 1126 1681
f 1118 1125 70
f 1191 1692 1194
f 412 411 912
f 405 1193 1194
f 1960 1870 1871
f 1148 596 1876
f 873 2463 2466
f 3291 3323 3198
f 2849 1156 2466
f 3198 131 3267
f 1153 598 1151
f 1618 3075 1617
f 21 1029 1030
f 86 2475 1885
f 1884 603 86
f 2844 1061 1080
f 1776 2422 792
f 1687 1882 1881
f 1619 790 2426
f 1613 1791 3086
f 1179 1181 1899
f 1204 1693 2484
f 1229 1228 110
f 875 1171 1170
f 1900 1185 1903
f 1898 91 95
f 1866 1189 3208
f 1203 2483 97
f 1925 2493 1224
f 2987 1920 3292
f 1793 1214 1916
f 2985 1913 611
f 1181 1180 1230
f 3251 2677 1207
f 1172 1169 1170
f 1697 2489 2490
f 2493 2495 2494
f 1940 1226 626
f 1697 622 1223
f 3242 147 3380
f 2991 2500 3139
f 2743 3012 1700
f 3038 116 2990
f 3320 3225 3352
f 130 1268 637
f 1964 637 1268
f 30 1057 2724
f 2474 1165 2476
f 2881 3366 3314
f 159 2015 160
f 1708 2002 2001
f 138 2683 1299
f 1287 643 3212
f 2883 3310 3272
f 2679 2678 2680
f 2515 2513 145
f 2989 2808 2858
f 640 1980 1979
f 1981 644 1288
f 2723 1160 1262
f 1285 641 1992
f 1944 1945 2782
f 628 1242 1247
f 1279 1972 1280
f 1315 2003 1282
f 386 1999 2884
f 1262 2725 2723
f 2521 2006 2005
f 158 1797 652
f 1326 157 652
f 1340 2024 1344
f 2408 2411 2405
f 2043 2531 2045
f 1341 659 2023
f 1338 2019 2020
f 1338 2524 1339
f 786 1773 2414
f 1347 1350 2529
f 2535 2534 3351
f 932 2689 2688
f 180 2046 2044
f 2954 3362 186
f 1354 882 1357
f 1362 2533 2037
f 3275 3069 3280
f 2041 3333 1370
f 3140 675 1380
f 884 2538 2537
f 1398 3176 3129
f 3129 3146 3116
f 1355 1799 678
f 3167 1381 3067
f 679 1721 886
f 2313 2542 1387
f 2312 2542 2311
f 776 2325 2327
f 886 2542 2541
f 347 2345 2344
f 2620 2346 347
f 3166 3116 3146
f 187 3150 3165
f 2066 3194 3142
f 358 2805 3303
f 688 1732 2560
f 2095 2096 2098
f 2105 694 891
f 586 1115 1426
f 1805 3262 207
f 197 194 1414
f 691 2101 2554
f 194 1413 1727
f 1425 3047 1426
f 2549 2894 1407
f 366 2956 2906
f 1204 114 1235
f 2847 2079 1417
f 1419 57 1095
f 2727 2729 2728
f 1112 1426 3047
f 1752 1518 1516
f 263 1517 228
f 3110 3071 2087
f 2086 1439 1444
f 1450 687 2104
f 1237 1465 2104
f 689 1459 3301
f 1457 2097 2095
f 1936 2497 1939
f 1418 2726 2847
f 693 2900 1468
f 1225 619 1226
f 1815 1566 1499
f 285 2711 2173
f 824 478 475
f 501 837 503
f 1481 1479 1740
f 2111 3062 215
f 209 221 1807
f 1506 2572 896
f 736 2734 2731
f 220 1501 2699
f 712 219 2571
f 1491 1740 1479
f 707 1510 230
f 1110 67 1646
f 280 2127 279
f 901 2597 2596
f 902 1755 2963
f 249 2129 2905
f 2122 1507 231
f 224 2114 220
f 237 1528 2126
f 2160 2588 1546
f 2137 2138 1533
f 717 2136 2582
f 1535 717 1541
f 2584 2582 2581
f 365 364 1429
f 3204 3224 3296
f 2592 2141 1538
f 276 3259 3234
f 354 355 3388
f 720 3153 2150
f 2153 3042 2596
f 3247 3372 3357
f 2149 269 3117
f 2236 2148 3153
f 272 2912 2915
f 1558 3155 3095
f 900 2594 269
f 3017 2598 901
f 1553 3042 3007
f 2158 724 2597
f 1556 2156 1555
f 2597 2159 2158
f 2708 2922 2707
f 905 2609 2608
f 2164 726 279
f 3095 2171 1558
f 3095 3155 3072
f 2822 2825 2999
f 372 3345 374
f 305 742 304
f 2386 2383 2710
f 2175 2195 2607
f 298 2979 1564
f 2198 2607 2195
f 1477 2565 2566
f 2196 290 2203
f 2252 2211 1569
f 212 1478 2731
f 753 2251 2250
f 2658 2380 2381
f 2394 1770 2384
f 2299 2300 2301
f 903 2188 2182
f 2767 3317 2934
f 2615 2228 2223
f 2611 2232 744
f 287 2193 3270
f 315 3386 2936
f 744 2230 2227
f 2234 2617 2233
f 306 310 2234
f 2150 3153 2148
f 2229 2227 2230
f 309 300 2213
f 2231 2238 2616
f 3117 2913 2149
f 2614 2247 751
f 755 2257 2256
f 2339 2648 2340
f 1814 760 324
f 866 2447 2446
f 777 2329 2328
f 3205 3370 3295
f 763 2278 2279
f 1566 1815 328
f 2302 329 2303
f 2653 2340 2648
f 2292 2635 2296
f 2969 3361 3286
f 2297 2329 766
f 1008 2667 1009
f 1387 3123 334
f 2646 2324 2320
f 2307 2311 2310
f 2720 3164 2719
f 2643 2645 2644
f 2646 2318 2649
f 769 1581 2306
f 2286 3205 3295
f 2649 2647 2646
f 2331 2332 3190
f 2349 2064 1583
f 2651 2326 2322
f 1801 2331 3097
f 2350 2655 350
f 1825 1409 2077
f 2351 3181 1585
f 2892 2075 1405
f 3221 1586 3384
f 200 201 1728
f 2635 2291 2288
f 2286 3295 2374
f 2288 2637 2635
f 1599 2376 3222
f 381 2396 1770
f 2638 2395 380
f 2300 767 2395
f 381 1770 2394
f 2183 2191 732
f 2974 2412 2413
f 3365 2939 650
f 158 652 156
f 785 2409 931
f 388 383 3257
f 2937 384 1813
f 1319 2000 149
f 2481 1930 2480
f 2423 2422 1777
f 1201 1792 1791
f 401 788 2427
f 1615 1201 1791
f 867 1167 1893
f 1616 789 402
f 1829 990 1779
f 445 448 446
f 1571 1019 566
f 2268 758 1571
f 566 2268 1571
f 14 865 1658
f 1577 329 1578
f 1603 382 380
f 1864 1817 1036
f 1050 1048 1043
f 31 2449 1059
f 1782 33 1047
f 2896 1419 2551
f 1101 1675 69
f 1676 1113 3207
f 1098 1099 1102
f 1194 1192 1191
f 1187 1141 590
f 1117 70 1679
f 1128 588 1126
f 1903 875 1900
f 3208 1684 76
f 407 411 796
f 1878 2467 791
f 1255 1948 1256
f 1251 2811 1252
f 1889 598 1153
f 1947 3039 122
f 112 2491 2492
f 618 1205 112
f 1927 617 1928
f 3206 2479 3197
f 2480 1896 1897
f 95 1903 1902
f 1866 1141 1189
f 1226 1940 1225
f 612 1435 1438
f 642 1976 1286
f 120 2679 1250
f 1239 2859 2741
f 2682 2685 2684
f 959 1088 943
f 1311 2002 2000
f 2020 657 1340
f 2973 2660 2659
f 2031 664 2689
f 182 883 1716
f 2532 2530 2025
f 2694 3097 1803
f 338 776 2327
f 2055 2057 2056
f 2366 2357 2362
f 2894 2549 196
f 1728 195 200
f 204 2096 2097
f 2095 2097 2096
f 702 1497 1490
f 3168 3062 701
f 1563 297 2212
f 2902 2563 1470
f 294 2199 1757
f 222 2563 2117
f 220 2116 1501
f 1510 1509 1745
f 480 470 821
f 471 470 469
f 245 2134 1531
f 2926 2925 2927
f 2357 353 2655
f 2591 2352 1545
f 2363 2360 2362
f 1547 262 263
f 2926 2931 3008
f 2236 2705 2235
f 749 2151 2241
f 3155 3192 2601
f 751 2243 2244
f 2708 3281 3030
f 702 1495 1742
f 312 2713 938
f 2249 752 316
f 938 2712 2711
f 938 2713 2712
f 2214 2213 300
f 778 2343 2650
f 2266 758 2268
f 940 2716 2715
f 2719 2317 2306
f 2302 1578 329
f 2283 2282 2718
f 2281 2283 2299
f 3294 3279 3157
f 3123 3249 3331
f 1573 3107 3205
f 403 3350 397
f 165 962 3089
f 759 324 2270
f 2437 1360 1654
f 983 2437 1653
f 405 1194 1625
f 1036 1817 1033
f 1166 2477 1165
f 2517 2516 1300
f 1593 1432 3172
f 1427 1115 1430
f 1501 936 2699
f 73 1821 2727
f 1615 3206 398
f 150 1312 2001
f 2417 3277 2418
f 1825 2893 1409
f 2209 2210 2211
f 212 2731 2732
f 893 1739 1738
f 2734 2732 2731
f 2606 2183 732
f 2219 307 3115
f 2807 3355 3354
f 2654 341 2337
f 2437 2438 1655
f 2833 1826 1
f 514 845 460
f 4 953 956
f 460 537 560
f 967 1647 1648
f 990 991 1779
f 427 916 431
f 434 435 809
f 994 863 988
f 990 1838 991
f 1003 11 2838
f 2837 2838 11
f 13 1004 1003
f 1840 1004 14
f 1008 1840 562
f 982 973 969
f 984 2441 2442
f 2071 3176 1398
f 669 190 2038
f 1652 972 974
f 555 1834 1654
f 1836 2438 2436
f 966 1826 965
f 681 3057 1365
f 1650 982 969
f 2835 1835 2836
f 6 2441 984
f 2438 2437 2436
f 972 557 2665
f 975 979 1832
f 1843 1014 866
f 669 2037 1365
f 1359 1655 668
f 1826 966 967
f 169 2021 2527
f 985 18 7
f 9 10 560
f 1659 1002 18
f 1020 1021 1024
f 557 972 1830
f 1651 3170 1831
f 447 844 816
f 1838 1837 864
f 559 987 988
f 1830 973 557
f 2442 985 7
f 970 1647 971
f 998 1000 999
f 512 517 845
f 10 994 1839
f 559 863 989
f 559 988 863
f 443 449 1643
f 3135 11 1657
f 972 2665 974
f 1010 1579 567
f 1008 562 17
f 1005 2444 563
f 16 566 1019
f 2285 2284 2630
f 1006 1840 1008
f 1398 760 325
f 1571 323 1019
f 17 1019 1781
f 1658 1016 1007
f 1002 865 13
f 2838 561 1002
f 1839 996 995
f 2840 2667 2668
f 2259 321 756
f 977 978 2439
f 349 3116 2348
f 1013 1015 1016
f 974 2665 2666
f 2259 2621 2622
f 2666 987 974
f 1658 1007 562
f 1833 980 554
f 3113 2038 190
f 2837 2666 561
f 1016 1658 1017
f 3077 1028 1027
f 14 1658 562
f 1641 1640 1026
f 1009 1024 1006
f 2113 1566 2212
f 763 2284 2280
f 449 811 446
f 1080 1054 47
f 29 1040 1846
f 26 1035 1664
f 29 1044 1030
f 78 1633 415
f 1882 1687 2470
f 1681 1135 1130
f 589 1135 1136
f 601 84 90
f 800 1664 1631
f 26 24 569
f 398 3075 789
f 569 1034 26
f 945 1192 1193
f 1055 2450 1667
f 50 1068 1060
f 1043 1042 1047
f 417 802 418
f 27 570 1048
f 21 1030 1662
f 1055 1667 1849
f 1858 1077 573
f 1045 2448 1665
f 1055 1848 1059
f 1158 1891 2474
f 31 1059 1848
f 1886 1884 2451
f 653 2013 2012
f 1709 1608 1324
f 1067 39 1064
f 1082 1075 1076
f 31 1058 1665
f 1071 1669 1670
f 1848 1058 31
f 46 3138 1856
f 852 37 572
f 40 42 3050
f 1071 1070 1072
f 422 424 803
f 432 807 426
f 571 32 1065
f 991 433 3124
f 572 3050 42
f 1083 869 1672
f 3076 432 53
f 2429 1089 958
f 1848 1054 1061
f 2724 2725 1818
f 86 1885 1162
f 1051 30 1052
f 1055 1666 2450
f 1052 1054 1849
f 1850 1851 1060
f 1071 1856 3138
f 1671 2012 2013
f 2419 1607 1606
f 2453 49 45
f 861 4 1638
f 1068 50 1069
f 950 949 960
f 1075 51 1083
f 961 963 962
f 959 3089 963
f 991 864 433
f 1634 992 3124
f 53 432 1857
f 954 1779 992
f 64 3126 65
f 584 1788 65
f 581 1106 56
f 57 55 1095
f 579 1098 3252
f 887 1727 1413
f 56 1106 1787
f 1095 1096 1097
f 887 2552 2551
f 2896 2551 2552
f 2079 2896 199
f 3252 1090 66
f 1119 1120 2848
f 1863 74 1142
f 3132 871 61
f 1101 69 581
f 1112 3047 581
f 1133 1127 1130
f 493 819 497
f 193 1400 2078
f 1430 1114 1819
f 1787 1419 1097
f 576 577 54
f 1104 1099 1674
f 65 3126 584
f 3207 1109 1110
f 585 579 3252
f 60 1110 1109
f 2146 2956 1547
f 1429 363 3172
f 2078 2553 887
f 1517 263 262
f 587 577 2455
f 1681 1126 1682
f 1693 609 2483
f 1909 1123 1203
f 1128 1129 1125
f 1678 1123 2457
f 70 1117 71
f 1127 1680 1129
f 870 1108 1142
f 872 79 591
f 66 1121 1863
f 589 1136 591
f 928 1140 795
f 1094 72 1121
f 419 420 416
f 1134 1863 1121
f 1629 912 1632
f 79 592 593
f 80 594 3037
f 1190 1191 1192
f 1632 1633 800
f 1682 1865 77
f 1116 1789 588
f 1900 93 1184
f 3059 912 1629
f 412 3059 413
f 912 3059 412
f 1127 1128 1681
f 80 3037 592
f 412 796 411
f 1685 81 873
f 2849 2466 2463
f 2424 1622 3285
f 1880 2849 599
f 3134 3267 1965
f 2950 2814 2503
f 128 1950 1949
f 81 1685 1876
f 1869 81 1873
f 129 1872 1870
f 1690 1624 1168
f 1619 596 1148
f 2472 1156 1688
f 1168 792 2422
f 874 2473 2472
f 1965 1966 1150
f 1874 2469 82
f 1269 2462 1150
f 1965 3267 3218
f 1868 595 1145
f 1687 1880 1154
f 1063 1852 2452
f 1687 1154 2470
f 2842 1852 1063
f 123 1701 1256
f 2464 1868 1879
f 1889 1891 1890
f 1869 2465 873
f 791 2424 3254
f 87 1888 1886
f 595 1869 1144
f 2941 2426 790
f 603 1884 1886
f 1633 2458 799
f 600 1882 85
f 571 1853 1050
f 601 1881 1883
f 2466 3189 1877
f 596 1147 2469
f 405 1625 1624
f 1056 2451 1884
f 1165 2477 2476
f 50 2843 1668
f 2474 2476 2475
f 1081 2844 1080
f 1845 2842 1063
f 2470 1890 2471
f 2475 603 1158
f 1157 874 601
f 1256 1954 1255
f 1041 1063 2452
f 1152 1890 2470
f 1052 1849 1051
f 89 2474 1891
f 1261 632 1260
f 1161 1159 1162
f 1958 635 3127
f 25 1034 27
f 2492 1928 112
f 1197 1196 93
f 2478 1172 606
f 1229 620 1228
f 1204 1235 625
f 2479 92 3197
f 1172 3086 1169
f 1171 91 1895
f 1205 1912 1935
f 1219 1923 1926
f 1218 2489 2488
f 2495 2492 2491
f 1174 1178 1173
f 1185 1902 1903
f 3347 1822 3302
f 1908 1188 1198
f 1184 1186 1901
f 1199 1197 1183
f 1618 789 3075
f 1902 1691 2482
f 1931 2481 622
f 106 107 2675
f 1934 1693 625
f 2482 1906 1902
f 1908 1198 1197
f 94 1691 1901
f 1630 2458 1684
f 2846 578 1093
f 96 1861 1118
f 2857 2728 2729
f 2482 608 1906
f 588 1125 1116
f 1861 96 1905
f 617 108 1223
f 21 1031 22
f 602 2473 2851
f 1865 1138 1866
f 1119 2848 1117
f 1183 1792 3211
f 1184 1901 1185
f 1188 1190 1189
f 1198 1195 1196
f 1182 1792 1183
f 2483 1203 1910
f 2490 1933 1231
f 1693 2483 2484
f 1124 2727 114
f 1678 1120 1862
f 1227 1937 1936
f 1905 1202 94
f 618 112 1928
f 1232 2677 3360
f 3389 3238 1211
f 1694 611 2984
f 1696 102 877
f 1219 1926 2487
f 3173 613 1215
f 2486 876 2984
f 3244 3299 2853
f 876 2486 105
f 1215 2090 3183
f 1437 3219 1438
f 3173 3215 1920
f 1208 2486 2984
f 1434 1435 2676
f 1174 1898 1175
f 1444 1441 2815
f 1216 613 1696
f 2815 888 2559
f 3173 1215 3183
f 2753 1445 877
f 107 617 1223
f 1932 623 1218
f 1218 623 2489
f 1178 2481 1173
f 1932 624 111
f 1220 615 1219
f 108 2489 1697
f 1912 609 1935
f 1178 1175 1177
f 619 1224 2494
f 622 1178 1177
f 1124 1911 1862
f 1924 1926 1925
f 109 1924 1917
f 107 618 617
f 1921 614 1217
f 1218 614 1932
f 97 1206 98
f 1228 1231 1933
f 1793 1916 1213
f 1697 1223 108
f 2498 1466 1699
f 104 1916 1214
f 1465 1237 626
f 1822 3347 2739
f 1221 2488 2489
f 1932 111 623
f 1231 622 1697
f 621 620 1229
f 1204 625 1693
f 687 1794 1237
f 625 113 1934
f 2457 2848 1678
f 1234 1236 113
f 1203 97 1202
f 1116 1861 1789
f 202 1434 2084
f 1235 1938 1234
f 1860 2726 1821
f 2491 1934 1233
f 1124 1862 1120
f 1233 2495 2491
f 2562 1734 2561
f 1821 2729 2727
f 2102 1729 2554
f 2104 687 1237
f 1465 1699 1466
f 2988 3108 1915
f 2102 690 1463
f 2745 1246 2865
f 2945 2780 2859
f 2867 2866 629
f 115 1996 1943
f 1995 1305 649
f 3019 3320 1245
f 139 3174 143
f 3187 3315 3240
f 1241 2947 1243
f 3112 3187 3240
f 2991 2499 2500
f 2500 115 3139
f 1238 1240 2989
f 1240 2859 2780
f 140 1266 1250
f 2945 2859 1239
f 1263 3148 634
f 1870 1960 1961
f 1954 1701 634
f 929 2674 2673
f 3031 3352 3315
f 1256 1701 1954
f 1885 2476 1952
f 630 2872 3055
f 2869 119 3163
f 636 1962 1269
f 1151 929 2672
f 1966 2507 636
f 2874 1254 1253
f 2873 2812 631
f 1297 1294 1986
f 1987 1953 2505
f 1990 2505 1267
f 1992 1994 1298
f 1262 633 1988
f 127 1956 1957
f 2725 2724 2723
f 1152 598 1889
f 3161 120 2867
f 604 1892 1255
f 1948 1164 122
f 1153 2672 1892
f 1261 127 2504
f 2742 2780 3010
f 2872 3163 2501
f 1960 2461 1269
f 1871 2461 1960
f 1959 1961 1960
f 1145 2460 1871
f 2508 2507 3316
f 3100 878 2503
f 1963 2508 3199
f 1254 2503 2814
f 1270 1963 1272
f 1280 1971 1279
f 151 1312 2003
f 136 3326 3293
f 135 2510 1973
f 1992 641 1994
f 1284 642 1283
f 1314 2004 150
f 1967 1969 1276
f 1275 1975 1283
f 151 2003 1315
f 1976 2511 1704
f 138 641 1283
f 1273 2683 1975
f 1285 2511 1284
f 1275 1283 642
f 1286 1290 1702
f 134 2003 1970
f 1302 647 1299
f 2004 1277 1313
f 1993 879 1285
f 1984 2514 2515
f 1942 648 143
f 1973 2510 640
f 1265 1958 1266
f 1984 1979 2514
f 1970 638 1276
f 1978 2514 1980
f 1702 642 1286
f 1977 1286 1976
f 2679 2680 3102
f 1958 1265 635
f 640 1979 2681
f 1304 648 1303
f 640 1290 1980
f 2014 1707 2517
f 1327 2012 2014
f 1162 2723 1161
f 1976 642 1284
f 1296 1989 1988
f 1706 1300 2516
f 1987 2505 1990
f 135 1703 2510
f 1162 1885 124
f 1818 1847 30
f 89 604 1165
f 1296 1988 1295
f 1274 1702 2509
f 3127 1264 1957
f 1986 1990 1991
f 125 632 1261
f 1266 140 1982
f 1971 1703 639
f 2506 2504 1264
f 1289 141 1291
f 1302 2009 160
f 1970 1313 638
f 152 1320 2005
f 3349 3214 3371
f 2784 3380 147
f 648 1996 1995
f 2743 3288 3271
f 2798 3349 1796
f 146 3202 3242
f 1705 3175 141
f 1307 3310 1292
f 3272 1997 3297
f 2946 2992 627
f 1314 2007 1316
f 160 2009 154
f 2005 153 152
f 148 2400 2399
f 156 2520 158
f 2413 1609 2011
f 2400 2973 2399
f 1275 1274 1975
f 1314 1316 2004
f 1313 2003 1312
f 138 1994 641
f 1991 1993 1986
f 158 2520 1318
f 2013 653 1328
f 1971 639 1279
f 1317 1315 1974
f 1709 1606 1607
f 153 2007 2519
f 1320 2008 1329
f 125 1953 633
f 2413 2011 2686
f 1300 647 1301
f 142 645 1988
f 1785 1784 1786
f 1294 1706 2516
f 155 1785 1322
f 2407 2412 2401
f 1991 879 1993
f 1320 2886 1322
f 2405 2411 1772
f 162 165 1331
f 1331 880 2420
f 1709 1607 1608
f 1322 1785 2008
f 48 1786 1784
f 1077 654 1671
f 653 3203 1329
f 3175 1705 646
f 1992 1298 1297
f 1161 2723 2724
f 2014 2517 2015
f 633 1160 125
f 1262 1988 1989
f 1858 1989 3210
f 1267 646 1990
f 2016 1330 655
f 1323 157 2010
f 2414 1773 3265
f 164 165 162
f 663 1713 2018
f 2017 161 2016
f 1711 2523 2524
f 658 2022 2021
f 949 951 948
f 947 952 3
f 1343 2525 662
f 173 1353 2032
f 1347 661 1350
f 1772 2411 393
f 2023 2690 168
f 1337 656 655
f 881 2018 1713
f 2404 2406 2405
f 1712 1343 659
f 1712 167 2525
f 553 956 953
f 325 944 1397
f 1343 2030 2031
f 1341 2023 2024
f 1339 2524 1710
f 2524 658 1342
f 1650 862 1835
f 1358 2526 1344
f 1335 170 927
f 2030 1351 664
f 1800 670 1366
f 2026 2044 2532
f 2048 672 3269
f 1348 2025 2530
f 2889 3282 2804
f 1337 2018 881
f 2690 659 2031
f 1346 1347 3243
f 1798 1353 2029
f 2402 2417 2663
f 3282 3300 2804
f 172 1348 2530
f 2031 2689 2690
f 2018 166 2029
f 657 2020 2019
f 1715 3070 2068
f 664 1373 1374
f 2026 2730 672
f 786 2414 1714
f 784 2032 1353
f 3070 3093 3194
f 2031 659 1343
f 1375 678 1799
f 932 168 2690
f 2066 2067 2068
f 2785 2536 2953
f 663 173 1349
f 1345 2033 175
f 2532 2045 2531
f 1356 668 2528
f 671 3167 1375
f 176 2527 2528
f 2540 3142 2070
f 1653 554 983
f 1836 2036 2438
f 554 1653 1834
f 1654 1361 555
f 665 175 2033
f 1345 1358 1344
f 975 976 981
f 1394 3040 3230
f 182 1716 676
f 186 3275 1395
f 2041 177 2535
f 2540 3158 1719
f 2799 3381 2975
f 2041 1367 2039
f 1715 3080 3070
f 1374 2688 2689
f 2730 2026 1346
f 2532 2025 2026
f 3230 3040 3236
f 932 2690 2689
f 1372 2045 2046
f 664 2031 2030
f 1368 883 2040
f 882 189 3080
f 179 1376 671
f 1720 3158 2540
f 3236 3280 3230
f 1351 2530 2531
f 1376 676 1381
f 3067 1375 3167
f 2053 1380 677
f 2054 1382 2053
f 1719 3120 3056
f 2539 1384 3120
f 3169 2349 2347
f 1395 3280 2891
f 1802 2057 1382
f 183 1720 2540
f 676 1379 181
f 1373 664 1352
f 3165 3056 3128
f 1389 2059 680
f 2314 334 3186
f 2316 772 2327
f 2307 771 2312
f 1389 2058 2059
f 1384 675 3140
f 2538 1380 2051
f 1392 3289 885
f 2053 3140 1380
f 674 2050 2049
f 1377 884 2537
f 886 1387 2542
f 2640 3340 3200
f 2049 2537 2538
f 2059 886 1722
f 2058 1389 2060
f 3156 2309 3200
f 1721 3249 3123
f 2065 1802 1803
f 2066 3142 3150
f 332 1393 2062
f 756 2261 2260
f 1396 3090 3057
f 2034 882 2533
f 1344 660 1345
f 1340 1344 2526
f 1715 2533 3080
f 3057 681 188
f 3179 1398 3129
f 1358 666 1356
f 1355 1386 2069
f 944 2722 2721
f 1014 564 1011
f 189 3070 3080
f 321 2259 2269
f 2070 3194 3093
f 2074 1403 1402
f 1401 2073 1402
f 1407 198 2976
f 206 2788 891
f 689 3301 2098
f 3172 1730 1429
f 2892 191 2548
f 1427 1431 201
f 1588 1726 2550
f 2361 356 2364
f 3246 3284 205
f 357 2365 2976
f 1402 2546 2074
f 2097 2082 204
f 2078 1400 1411
f 1403 2074 1404
f 1401 2547 2548
f 1413 2078 887
f 196 194 2894
f 1724 1460 2074
f 1429 1730 2083
f 1414 2895 1415
f 1428 1432 198
f 1416 197 1415
f 1399 2547 1401
f 1096 1103 58
f 1729 1420 1423
f 1412 1804 2082
f 683 2729 2726
f 1860 1821 578
f 2551 2895 1727
f 1400 2696 1411
f 2102 1463 2080
f 2553 1411 1412
f 2846 55 2456
f 2547 193 196
f 2081 2552 2553
f 2456 1860 2846
f 258 264 2585
f 1113 1112 69
f 1787 1415 2895
f 586 1676 1114
f 586 1112 1113
f 2894 682 1407
f 2138 3152 1536
f 227 1517 1515
f 930 1794 2676
f 1448 686 1449
f 2955 2556 2557
f 1453 2556 2555
f 3052 1915 3108
f 1461 1448 2099
f 2736 2485 3244
f 2085 2556 2955
f 1449 2099 1448
f 1449 3220 2099
f 3228 3023 3264
f 1467 890 1459
f 2897 1440 1444
f 2754 2088 1442
f 1698 690 1462
f 98 1912 1790
f 1450 889 1451
f 1939 1227 1936
f 1452 2092 2555
f 1176 1906 1907
f 2103 1733 1734
f 1213 1225 930
f 3151 3226 2107
f 2106 1736 1468
f 2106 1737 3151
f 1737 2901 3151
f 2100 1735 1736
f 1447 686 1448
f 1457 2561 1733
f 889 2561 2560
f 2081 2553 1412
f 1939 2497 1699
f 1404 933 1403
f 3111 1447 2977
f 194 195 2894
f 695 694 1725
f 1455 1456 3220
f 2755 3035 1442
f 3262 3298 2977
f 2102 2080 1729
f 1236 2496 2497
f 1936 1236 2497
f 2498 2496 1698
f 1458 1733 691
f 1457 1733 1458
f 2561 889 2562
f 1457 2560 2561
f 1423 684 1424
f 2095 2560 1457
f 1940 626 1237
f 2073 1410 2546
f 686 3180 1449
f 1467 693 1468
f 2099 1456 1735
f 1410 1725 2546
f 2697 3262 2977
f 1459 693 1467
f 694 2105 2900
f 1468 1736 1467
f 693 1459 1460
f 686 1446 3180
f 192 1409 2893
f 1494 1741 1488
f 1475 1473 893
f 1472 696 2565
f 1472 2110 210
f 1499 2112 1815
f 1480 1484 1485
f 2113 1496 1499
f 2567 2566 2565
f 734 289 1559
f 213 2120 1505
f 292 1478 291
f 896 2568 1506
f 210 696 1472
f 2903 2119 222
f 1479 1482 1807
f 1513 1747 234
f 503 814 505
f 1490 703 1806
f 208 1738 1739
f 1484 1488 1741
f 475 476 898
f 1479 1481 1482
f 699 814 451
f 1487 1486 1488
f 735 291 2566
f 3145 299 1562
f 821 824 480
f 904 290 2201
f 1562 297 3145
f 289 734 2202
f 1806 934 1474
f 1562 1743 297
f 217 1494 1495
f 1497 1743 703
f 712 2125 2579
f 260 1750 258
f 1523 235 897
f 241 713 2572
f 2569 1504 2118
f 247 2585 1753
f 2902 892 2563
f 1808 708 1512
f 364 1547 2956
f 2115 2573 218
f 705 2116 1500
f 1746 897 1747
f 224 1507 1745
f 222 209 2563
f 2127 236 1528
f 697 213 223
f 223 2564 892
f 728 2169 1560
f 712 2571 2128
f 264 1750 1521
f 1503 2905 1502
f 892 2564 2563
f 1505 2568 2118
f 1514 1515 1820
f 1808 1512 1510
f 2200 1476 2698
f 1745 230 1510
f 229 1749 227
f 260 2906 2146
f 484 822 918
f 1518 1519 229
f 485 1514 2432
f 2125 712 2128
f 822 465 474
f 1751 1752 2431
f 232 1523 708
f 1502 2905 2129
f 2569 704 1504
f 68 1820 1819
f 475 898 823
f 471 821 470
f 2563 209 1470
f 221 2119 226
f 2124 2578 2126
f 245 899 1526
f 712 240 219
f 2354 2591 2590
f 726 2154 279
f 727 283 2165
f 1527 245 1526
f 2152 721 3177
f 254 1543 257
f 282 2734 2169
f 3007 2925 1553
f 223 2118 2564
f 1553 3017 2596
f 2564 2118 1504
f 1500 2569 2570
f 2118 2568 2569
f 2139 264 1521
f 2124 1526 2578
f 282 2130 2733
f 896 2571 2570
f 230 1745 1507
f 713 2128 2572
f 2165 2170 284
f 1500 2570 705
f 243 241 2131
f 2154 726 1755
f 2164 2127 2576
f 1472 2565 1477
f 2137 714 1534
f 238 1525 2123
f 278 1546 256
f 253 2592 1538
f 2143 2589 2590
f 244 2583 2584
f 2132 1525 2700
f 937 2704 1544
f 899 2579 2578
f 231 2699 2904
f 255 1530 246
f 718 1545 1544
f 2140 936 2139
f 1531 247 715
f 1748 2904 1521
f 936 1502 2129
f 2136 1535 2704
f 244 1530 2144
f 2592 2353 2354
f 716 1538 250
f 724 2158 2160
f 246 244 2133
f 716 250 2587
f 1527 2134 245
f 715 1532 1531
f 239 2126 2125
f 1534 2582 2136
f 251 2143 1542
f 717 2582 2583
f 247 714 1533
f 2160 2155 2142
f 1543 254 2144
f 717 1535 2136
f 2135 1534 714
f 2137 1533 714
f 2599 3234 1556
f 2160 2142 2588
f 258 1536 2906
f 198 1432 1433
f 2367 2970 2370
f 1502 705 1503
f 2370 2970 1594
f 1431 1427 1730
f 469 918 474
f 366 2370 1594
f 1811 2802 3266
f 3003 2923 3004
f 2818 2761 2998
f 3002 2978 2707
f 2765 2824 2832
f 3153 273 2705
f 3247 270 3322
f 1549 2760 2593
f 2828 2933 2829
f 3016 2825 2822
f 2820 3117 269
f 751 3188 2242
f 2816 3000 2924
f 265 2819 2997
f 3346 3184 3118
f 281 3144 2167
f 722 279 2154
f 1557 725 2964
f 2820 2998 3117
f 280 2703 238
f 2161 2598 2830
f 2927 2925 3007
f 2144 1542 2583
f 2167 2163 2166
f 280 722 3196
f 2144 2583 244
f 244 246 1530
f 2702 3196 3177
f 2965 3336 3020
f 3336 2162 3281
f 2159 725 1557
f 3030 3281 2162
f 2354 2589 2592
f 2766 3304 3259
f 716 2587 2142
f 2142 2587 2588
f 2351 2355 2356
f 2155 2160 2158
f 2154 3018 3094
f 2597 724 2153
f 256 1543 1530
f 1555 723 1556
f 3009 2932 2933
f 2828 2963 281
f 292 2731 1478
f 1528 2576 2127
f 2609 2252 2251
f 1558 2171 1554
f 2166 727 2167
f 2577 2166 2163
f 727 3154 2167
f 2824 2765 3008
f 239 713 2574
f 2204 2608 2206
f 3103 2172 3095
f 285 2178 2177
f 729 2194 2175
f 2198 2196 2203
f 289 290 2197
f 744 2227 2611
f 290 2196 2197
f 299 2203 290
f 375 2391 2186
f 375 2186 2710
f 741 2218 1567
f 318 754 319
f 372 1600 3345
f 2113 2212 297
f 1473 1475 1474
f 2393 371 2391
f 731 2185 2184
f 1758 3185 2966
f 2233 747 2221
f 286 2604 285
f 1758 3115 3185
f 729 2175 2174
f 2176 1756 2179
f 747 2253 2239
f 287 2192 729
f 287 2711 2712
f 730 2176 2179
f 312 2239 2713
f 2197 1559 289
f 208 1739 210
f 731 1756 2607
f 1757 1559 288
f 729 2173 287
f 1563 1565 3145
f 1806 1474 1475
f 703 1490 1497
f 2979 2385 2386
f 934 1806 703
f 1505 223 213
f 2575 1529 2577
f 2205 2209 905
f 304 742 2220
f 735 2566 1561
f 738 1569 2211
f 210 1471 696
f 1562 299 904
f 1480 698 1483
f 292 291 2204
f 2192 3270 733
f 2607 1756 2176
f 2206 2608 2207
f 1565 378 298
f 290 904 299
f 298 2385 2979
f 2202 734 2200
f 2197 2196 2195
f 2658 2381 2378
f 2385 378 2394
f 3178 2628 2629
f 2180 1756 2184
f 2222 2226 2225
f 2245 2612 2613
f 2214 2222 2213
f 300 309 906
f 2182 2189 2183
f 304 2177 2178
f 3311 2190 2191
f 745 2245 2148
f 2147 3247 3143
f 2224 2615 2223
f 2223 743 2213
f 315 2967 3325
f 747 2233 2617
f 2213 743 309
f 2231 2616 2230
f 748 3162 749
f 744 311 2231
f 300 906 2216
f 310 309 2229
f 939 2214 301
f 282 728 2170
f 733 2210 737
f 211 2108 1476
f 1552 3096 3376
f 2595 2241 2151
f 271 2147 3143
f 746 2238 311
f 744 2232 311
f 720 2912 3160
f 2228 2615 2611
f 275 1754 3182
f 2614 2224 2247
f 2616 2234 2230
f 736 2169 2734
f 319 754 2253
f 2128 2571 2572
f 737 2210 2209
f 2732 2734 2733
f 2248 2602 2250
f 2601 2248 2249
f 305 741 1567
f 759 2269 2447
f 2274 2277 2273
f 909 2343 2344
f 2278 2624 908
f 908 2256 2257
f 775 340 2323
f 2349 3098 2347
f 909 2651 2650
f 779 2346 348
f 1015 1013 1843
f 3166 2348 3116
f 978 564 2439
f 1010 2667 2840
f 763 2280 2624
f 1019 17 16
f 908 2623 2622
f 757 2265 2264
f 1571 758 2271
f 1843 866 2445
f 19 2303 329
f 19 1660 2303
f 16 17 562
f 755 2255 2254
f 979 2722 1841
f 6 1656 2441
f 1363 2038 1364
f 1384 2055 2056
f 1842 324 322
f 2328 2716 2330
f 762 2273 2277
f 762 2277 2276
f 2276 3223 2625
f 908 2257 762
f 2284 2629 2630
f 1014 1842 322
f 2258 320 2714
f 2280 2623 2624
f 567 1024 1009
f 2624 2278 763
f 1768 1767 368
f 2372 2373 2296
f 2626 2625 3223
f 2636 2296 2635
f 1781 1019 323
f 1023 3137 1021
f 2718 2387 2388
f 2339 2340 2338
f 2636 2372 2296
f 2374 2636 2286
f 2288 2291 1575
f 2295 2717 2292
f 761 327 2275
f 2638 2300 2395
f 1572 1576 2282
f 327 2714 2715
f 2316 2325 2331
f 2281 3178 1572
f 343 2338 2340
f 3073 2653 344
f 2375 2387 2718
f 2288 1574 2637
f 1743 895 297
f 1022 1816 1815
f 2444 1005 1006
f 379 1603 378
f 2387 2389 2388
f 3077 1661 1026
f 2272 2280 2284
f 1578 2638 1580
f 739 1580 382
f 296 934 703
f 345 3319 2980
f 772 2644 2645
f 2312 332 2541
f 2307 2308 771
f 1389 1718 1391
f 2768 2968 3186
f 3149 2693 2062
f 2694 2695 2693
f 2646 774 2318
f 1581 2305 2309
f 337 776 338
f 2642 769 336
f 2333 343 2335
f 2719 3164 3319
f 773 344 2649
f 2322 776 337
f 2254 320 755
f 3098 2652 3147
f 776 2326 2325
f 2332 3098 3190
f 2264 940 320
f 2297 327 2715
f 1583 3190 2349
f 2290 2335 2337
f 2064 2063 2065
f 1722 185 2061
f 772 2645 2327
f 2062 2693 184
f 1803 3133 2694
f 3098 2332 2652
f 909 3147 2652
f 2308 2643 2644
f 2349 3190 3098
f 2634 2333 2633
f 2293 2274 2275
f 2633 2333 2334
f 1573 2637 1574
f 761 2714 327
f 2324 2646 2647
f 1573 2289 3107
f 2627 2274 2293
f 3157 2319 3294
f 2298 2275 327
f 2323 2650 2651
f 347 2344 2342
f 2348 2347 349
f 2066 187 2067
f 1833 1656 980
f 2543 3146 1396
f 777 2339 2329
f 1396 188 2543
f 756 321 2261
f 2143 1541 717
f 2354 2590 2589
f 2366 2367 259
f 2591 2355 2352
f 3152 2138 1537
f 1588 360 1763
f 228 1749 261
f 358 3303 3348
f 3385 2770 3327
f 2548 1408 2892
f 1585 3105 2350
f 1406 2892 1405
f 1408 2548 2549
f 1433 1593 1589
f 780 2359 2350
f 2794 2368 3327
f 1406 2550 1409
f 2360 2361 1764
f 1545 781 1544
f 2361 2360 356
f 2970 1764 362
f 1764 2362 2360
f 1535 1544 2704
f 260 2146 261
f 1430 2083 1730
f 2585 1533 1536
f 782 2374 1597
f 2377 370 2376
f 2295 2373 2375
f 3344 2795 3306
f 782 2372 2374
f 1576 2292 2717
f 764 1574 2632
f 1572 2625 2626
f 1597 3306 782
f 2718 2717 2375
f 1576 2626 765
f 1597 2374 3295
f 761 2274 2273
f 2184 2185 2186
f 731 2184 1756
f 2383 2386 2379
f 2304 2301 2302
f 2382 2380 2387
f 768 2304 2303
f 1770 2389 2658
f 2188 903 371
f 371 1771 1600
f 2371 3248 1595
f 2386 2710 2979
f 2389 1770 2396
f 2410 2662 2663
f 3300 3265 390
f 149 1999 2974
f 1604 2402 2940
f 2002 1999 2000
f 149 2974 2686
f 2418 3277 3321
f 784 2409 2408
f 2974 2401 2412
f 786 2415 2418
f 150 1311 1314
f 2660 2398 2937
f 172 2030 662
f 389 1773 2796
f 1330 166 1337
f 1773 786 2418
f 389 390 3265
f 2411 2408 2409
f 134 1282 2003
f 1317 2518 1708
f 1346 661 1347
f 385 783 3257
f 386 2401 2974
f 2027 2414 3265
f 1798 931 2409
f 2029 663 2018
f 880 1607 2419
f 1318 2520 152
f 1617 401 2421
f 1188 1908 1692
f 1625 1627 1624
f 1930 1228 620
f 1614 1899 3261
f 107 1223 1177
f 92 2479 2478
f 1616 1615 789
f 1169 3086 1791
f 1687 1881 1155
f 1777 2941 2423
f 1611 1774 398
f 1201 1615 1616
f 2671 2423 790
f 1618 2421 1776
f 2671 404 2423
f 1148 2670 2671
f 607 1179 92
f 597 3134 1965
f 1876 1685 1877
f 597 1965 1150
f 787 3283 941
f 605 404 2671
f 1690 2852 1689
f 2426 1622 1147
f 1893 1167 2850
f 2427 788 3043
f 1610 787 1774
f 3334 3285 3245
f 402 1620 1616
f 605 2671 2670
f 792 1624 1627
f 2941 1777 2421
f 2942 3254 3334
f 402 1775 1620
f 546 857 542
f 864 991 1838
f 2017 2523 1332
f 954 970 1829
f 1855 1072 1070
f 809 435 810
f 1638 1637 1636
f 916 807 432
f 446 811 445
f 814 453 450
f 1024 567 1020
f 815 935 216
f 441 443 2430
f 582 467 61
f 1676 68 1114
f 832 831 917
f 823 232 482
f 1516 227 1515
f 1111 1113 69
f 553 970 954
f 862 965 1827
f 1650 969 968
f 169 171 170
f 2833 1780 964
f 1650 1649 862
f 1363 2037 2038
f 5 1828 3170
f 5 968 1828
f 15 1000 563
f 325 1814 944
f 1843 564 1014
f 940 2264 339
f 2269 759 321
f 1761 2304 2630
f 566 2446 2268
f 760 3179 326
f 1009 2667 1010
f 24 1033 1039
f 2470 85 1882
f 1136 1139 1140
f 90 2669 2841
f 1859 574 1081
f 2841 1844 1029
f 1665 1046 1045
f 1844 2841 2669
f 2672 929 1164
f 1062 2669 84
f 1893 2850 1157
f 2449 31 2448
f 2842 1845 1844
f 30 1847 1052
f 40 3051 41
f 53 1857 1084
f 1079 1078 2454
f 44 1073 1074
f 1070 1071 3138
f 1674 1098 579
f 1094 577 72
f 1674 65 1104
f 581 56 1101
f 466 474 465
f 1788 67 60
f 1819 2083 1430
f 1206 97 2483
f 1116 1118 1861
f 1865 1682 1126
f 1142 585 1863
f 1098 1102 1091
f 3209 1904 1789
f 415 1633 1632
f 797 1629 1631
f 2783 3316 2951
f 3323 3291 1621
f 2459 2461 2460
f 1867 1145 1872
f 945 1193 1038
f 83 598 1152
f 1269 1959 1960
f 28 1817 945
f 3245 3309 1623
f 3267 3134 3198
f 83 599 2464
f 1886 1888 1887
f 792 1168 1624
f 1887 2471 1890
f 3039 1947 3055
f 2472 3189 1156
f 1159 1161 1056
f 23 1039 867
f 402 789 1618
f 3197 3250 1612
f 1190 1188 1191
f 92 2478 607
f 1897 1895 1173
f 1923 616 1222
f 1172 1170 1171
f 2421 1618 1617
f 875 1903 95
f 609 1912 1206
f 94 1901 3209
f 1209 1921 1217
f 2856 2740 3360
f 1221 1922 2488
f 2986 2736 2985
f 3026 2777 3244
f 1436 2084 1434
f 612 1918 1214
f 623 2490 2489
f 111 3241 110
f 1790 1176 1907
f 2091 1436 687
f 2748 3202 2882
f 2831 627 2781
f 1307 1998 1997
f 3011 2947 2946
f 1701 123 3099
f 1956 3087 1957
f 1164 1255 1892
f 3038 2990 627
f 1251 2812 2811
f 2950 2878 2814
f 1244 2947 3011
f 1892 604 1163
f 3210 1077 1858
f 1858 1818 2725
f 878 3100 2502
f 1150 636 1269
f 1274 1968 1967
f 2001 1312 151
f 2506 1267 2505
f 646 1265 3175
f 1306 1997 1308
f 134 1969 1280
f 1302 160 1301
f 645 1987 1986
f 1285 1992 1993
f 1289 1291 1288
f 1286 1978 1980
f 2749 3371 3088
f 1972 1282 1280
f 2005 2007 153
f 1301 160 2015
f 383 2772 2398
f 148 2884 1708
f 2972 2399 2973
f 2419 1606 1609
f 2521 2005 1320
f 651 156 1325
f 1088 959 958
f 1335 1711 1342
f 2434 164 1333
f 1335 927 946
f 2039 2042 1372
f 2022 658 2020
f 1340 2022 2020
f 392 2796 3321
f 1375 2688 1374
f 1011 1841 1842
f 3128 2057 3141
f 1368 2039 1367
f 2048 2953 2536
f 2888 3333 3351
f 1346 2026 2025
f 180 2534 2046
f 2042 2039 2040
f 2033 168 2691
f 2061 184 3092
f 1375 3067 678
f 1345 660 2033
f 886 2541 1722
f 2035 1357 2034
f 1392 1388 2058
f 2768 3330 335
f 185 1722 2541
f 1383 677 1717
f 2312 771 332
f 770 2307 2310
f 3166 3159 2544
f 983 554 980
f 207 3226 2758
f 2696 1403 933
f 197 200 195
f 201 200 1425
f 197 1416 200
f 1115 1427 1426
f 1424 684 1421
f 2547 2549 2548
f 1453 2557 2556
f 1451 2092 1452
f 1441 1444 1440
f 113 1236 1937
f 204 2082 1804
f 2104 1465 692
f 1453 2092 1454
f 733 737 2208
f 223 1505 2118
f 1489 1475 698
f 1492 1494 1488
f 737 293 2208
f 1603 379 382
f 3044 444 811
f 442 1641 1493
f 896 2572 2571
f 1501 705 1502
f 715 249 1532
f 218 2116 2114
f 218 2114 2115
f 2122 231 2904
f 222 2119 221
f 466 3045 474
f 1808 1522 708
f 2207 753 1560
f 278 2145 277
f 281 2963 1755
f 2588 2586 257
f 2125 2128 239
f 1500 704 2569
f 1503 219 240
f 261 2146 263
f 2116 705 1501
f 899 2580 2579
f 240 2579 2580
f 2964 3237 2599
f 3216 354 3388
f 251 2586 250
f 252 716 1540
f 1553 2596 3042
f 1534 2581 2582
f 1541 2590 718
f 1557 2158 2159
f 357 2976 1433
f 2914 3117 2998
f 3117 2914 2913
f 3063 2763 1810
f 3016 2960 2832
f 2150 750 2246
f 277 2701 2702
f 1542 2144 254
f 1554 2168 3058
f 292 736 2731
f 2601 2249 3155
f 2826 2827 2928
f 752 2249 2248
f 1564 2979 2709
f 907 2253 2617
f 1758 1759 303
f 729 2174 2173
f 2604 2178 285
f 1559 2194 288
f 319 2253 907
f 2607 2176 2175
f 735 1561 293
f 296 703 1743
f 2221 747 312
f 1600 3377 3345
f 305 304 741
f 2169 728 282
f 1569 2253 754
f 735 2204 291
f 2384 2378 2386
f 2767 302 3276
f 743 2227 2229
f 2936 3386 3084
f 1759 3317 2217
f 273 3153 3160
f 2915 2822 2916
f 1567 740 2215
f 2218 741 2605
f 300 301 2214
f 2229 2230 2234
f 907 2238 316
f 268 269 2594
f 311 2232 2237
f 775 2323 2322
f 382 2638 380
f 1760 3223 2627
f 326 2270 324
f 2292 2296 2295
f 940 2714 320
f 2258 2273 2257
f 2625 3178 2279
f 1580 328 1577
f 2280 2272 2271
f 2303 1660 1579
f 2338 2333 2634
f 1598 3370 3355
f 2653 3073 2336
f 765 1760 2291
f 2296 2373 2295
f 2631 2287 2294
f 2634 2632 2631
f 3223 1760 2626
f 2276 2277 3223
f 680 1722 2061
f 331 3278 1582
f 773 2318 2317
f 2054 3092 184
f 2297 2328 2329
f 1801 2693 3149
f 2969 2793 3361
f 777 2647 2339
f 2715 2328 2297
f 774 2321 336
f 2720 2306 1581
f 338 2321 337
f 2294 2298 2631
f 2369 1587 1591
f 2591 2354 2355
f 359 356 2656
f 376 3106 367
f 2185 731 2198
f 303 3115 1758
f 367 3253 1596
f 381 380 2395
f 2718 2388 2283
f 1605 3235 391
f 1708 2884 2002
f 395 2412 2664
f 2415 786 2416
f 2419 394 2420
f 2662 2405 2406
f 1326 652 1797
f 3282 3243 3300
f 1186 1196 1195
f 405 1624 1690
f 3245 3285 3309
f 68 1514 1820
f 1084 1635 53
f 810 808 429
f 2435 948 951
f 2 1826 967
f 567 1009 1010
f 756 2260 2255
f 571 1050 1043
f 857 856 408
f 570 1043 1048
f 1852 2842 1062
f 1869 873 81
f 1685 873 2466
f 424 805 42
f 42 805 572
f 1322 651 155
f 51 869 1083
f 1058 1061 1851
f 194 1727 1414
f 1093 576 3085
f 1121 1122 1134
f 822 67 465
f 1909 1905 96
f 1692 1625 1194
f 2424 791 2468
f 95 91 875
f 1908 1199 1626
f 1793 2676 612
f 1732 2094 2093
f 1915 3053 3109
f 1232 3360 624
f 1921 610 1207
f 1946 2861 2744
f 1257 2502 3100
f 1238 2680 2678
f 124 632 125
f 2741 3161 2867
f 1307 3272 3310
f 1969 134 1276
f 1273 2682 2683
f 1975 1967 1273
f 2520 156 2886
f 2663 911 2402
f 3 2433 163
f 1350 1349 173
f 1323 652 157
f 1360 1655 1359
f 932 2691 168
f 1367 1366 670
f 1383 680 2061
f 332 2062 185
f 3140 2055 1384
f 196 2549 2547
f 1587 1763 359
f 781 2357 2366
f 1461 2099 2100
f 296 1562 904
f 289 2202 2201
f 829 919 495
f 2903 2117 1744
f 2129 2139 936
f 1509 1510 1512
f 2140 1521 2904
f 713 239 2128
f 249 715 248
f 1513 3168 1491
f 1520 230 1518
f 901 2596 3017
f 1546 724 2160
f 236 2123 2124
f 3072 746 3103
f 3058 3192 1558
f 742 306 2221
f 1549 3032 2760
f 374 308 3311
f 730 2174 2176
f 2184 2186 2187
f 1498 2112 1496
f 303 1567 2218
f 2191 307 732
f 304 2220 2177
f 738 2712 2713
f 733 2193 2210
f 750 2245 2244
f 2615 2613 2612
f 320 2254 2264
f 2719 2319 2317
f 338 2327 2645
f 2366 937 781
f 1146 1875 1686
f 1088 1087 1086
f 575 1086 1087
f 1841 1814 1842
f 325 2071 1398
f 1018 1007 1015
f 325 1397 2071
f 190 1397 3113
f 1603 380 381
f 1021 568 1661
f 800 799 1663
f 1301 2517 1300
f 86 603 2475
f 364 363 1429
f 68 1645 1514
f 2025 661 1346
f 1367 2041 1370
f 1561 2567 295
f 905 2211 2252
f 753 2207 2609
f 892 697 223
f 2791 1758 2966
f 2183 2606 286
f 1918 1438 3219
f 3052 3108 1694
f 1922 1219 615
f 1439 1445 2753
f 144 1309 1305
f 1996 1942 1943
f 1305 1995 1996
f 2863 3320 3288
f 1944 3273 3233
f 3031 3315 3021
f 1263 1956 3148
f 1270 3358 2877
f 2871 2811 2812
f 1454 2093 2094
f 2555 2092 1453
f 1459 890 3301
f 2088 2754 2898
f 3016 3015 2960
f 1551 271 2911
f 2246 2595 900
f 3004 2957 2816
f 2824 3008 2929
f 2921 2924 3000
f 2962 2961 2963
f 2593 2960 3014
f 202 2085 1437
f 1212 1917 1916
f 610 3066 1210
f 2500 144 115
f 1164 1948 1255
f 1253 2875 2994
f 2738 3054 3364
f 1550 3227 3024
f 3006 3094 3018
f 286 2606 2604
f 2863 2860 1243
f 2959 2915 2913
f 2911 2819 719
f 2649 2648 2647
f 1917 1213 1916
f 3034 3287 3054
f 1240 3161 2859
f 1242 628 2499
f 1244 2993 2947
f 116 2499 2991
f 3273 1944 2782
f 3031 1245 3352
f 2875 2809 2994
f 1947 1949 1950
f 1440 2897 2955
f 3071 2898 1443
f 3183 2559 3274
f 2800 3298 1805
f 2957 2760 2816
f 2957 2832 2593
f 1548 2909 2759
f 2825 3016 2824
f 2923 3003 2925
f 2598 3017 2921
f 1810 2821 2917
f 2964 725 2162
f 3014 2960 3015
f 281 1755 3144
f 2945 1239 2779
f 3010 2948 2831
f 2809 2861 2994
f 3038 2992 1700
f 2828 2829 2963
f 2964 2162 3336
f 2524 1342 1711
f 953 2435 1648
f 1650 968 1649
f 1780 927 171
f 1012 565 2443
f 190 2071 1397
f 3170 971 5
f 1827 556 862
f 11 3135 993
f 954 955 956
f 2666 2665 561
f 947 951 952
f 977 2440 1833
f 556 1836 2436
f 1017 1012 1016
f 564 1013 2439
f 190 3090 2071
f 555 1361 1363
f 176 2528 668
f 2620 348 2346
f 556 1827 8
f 1780 171 8
f 669 2038 2037
f 2443 2441 2440
f 1656 2835 980
f 2447 322 759
f 6 984 973
f 169 176 558
f 966 1649 2834
f 978 1011 564
f 977 1833 976
f 975 2722 979
f 1018 1015 2445
f 16 562 1007
f 1021 3137 1024
f 1359 667 1360
f 565 1017 1659
f 323 2668 1781
f 20 999 1000
f 328 1816 1577
f 2622 2266 2259
f 1012 2443 2439
f 2621 2259 756
f 1834 981 976
f 976 1833 554
f 6 2835 1656
f 3146 3129 3176
f 970 971 1829
f 1652 1830 972
f 2267 2447 2269
f 968 5 2834
f 568 1021 1020
f 566 1018 2446
f 755 2256 2255
f 1364 2721 981
f 2630 768 2285
f 1643 1028 443
f 1689 2850 1167
f 28 945 1038
f 2448 1846 1040
f 22 1032 2841
f 2453 574 49
f 1040 1845 2449
f 1161 2724 1057
f 3148 1260 1951
f 2010 1325 1323
f 1143 929 1151
f 2477 1955 1951
f 44 43 1073
f 1078 1079 1053
f 2844 1851 1061
f 1051 1667 1057
f 2453 45 43
f 1784 1076 1073
f 45 1073 43
f 2845 2454 2013
f 49 2454 2845
f 1673 1092 3085
f 199 2552 2081
f 1673 3085 576
f 2846 3085 55
f 1091 1090 1098
f 76 77 1865
f 1865 1866 76
f 1234 625 1235
f 2498 2497 2496
f 1152 1889 1890
f 82 1875 1873
f 129 2673 2674
f 1870 1872 1871
f 83 1154 599
f 1164 1892 2672
f 82 1873 1874
f 2477 1166 1955
f 788 941 3043
f 1168 2422 404
f 2849 2463 599
f 2468 2469 1147
f 790 1148 2671
f 3291 1149 1878
f 131 3198 2981
f 3134 3291 3198
f 1144 1873 1875
f 791 1621 1878
f 1148 1876 1877
f 2809 2875 2876
f 1950 630 1947
f 1151 2672 1153
f 1867 1872 2674
f 1882 600 1883
f 1062 600 88
f 2422 2423 404
f 1885 2475 2476
f 1052 1847 47
f 602 2851 605
f 90 1157 601
f 1057 1056 1161
f 604 1954 1166
f 47 1847 1053
f 124 1952 632
f 654 3210 1707
f 1055 1059 1666
f 2464 1879 83
f 1891 1158 1887
f 89 1165 2474
f 1894 1038 1193
f 1627 1775 792
f 85 2471 1888
f 1881 601 1688
f 1690 1168 2852
f 1776 1777 2422
f 1901 1691 1185
f 1183 3211 1199
f 1895 606 1171
f 1205 106 1790
f 1934 1935 609
f 113 625 1234
f 114 1204 1911
f 1900 1184 1185
f 608 1907 1906
f 618 107 106
f 1906 95 1902
f 2848 71 1117
f 71 96 1118
f 2728 1235 114
f 3085 2846 1093
f 1138 588 590
f 1862 1910 1123
f 608 1202 97
f 1120 1678 2848
f 1103 1092 1673
f 609 1693 1934
f 2726 1418 683
f 1213 1917 1929
f 1933 623 111
f 2986 611 3108
f 104 3053 3052
f 1208 610 1209
f 619 1929 1224
f 2735 1913 1914
f 1213 1929 1225
f 2485 103 2987
f 3109 1695 877
f 2677 3251 3307
f 1915 3052 3053
f 2481 1931 1930
f 2853 3338 1914
f 1230 620 621
f 1217 614 1218
f 1212 105 109
f 1928 616 1927
f 1176 1790 2675
f 2494 1227 619
f 611 1694 3108
f 1180 2480 1930
f 615 2488 1922
f 1794 930 1940
f 616 1923 1922
f 1177 2675 107
f 106 2675 1790
f 1224 1924 1925
f 683 2857 2729
f 1450 2562 889
f 1937 1233 113
f 2853 1914 2985
f 608 2482 1202
f 399 2775 3375
f 1614 3197 92
f 1179 607 1896
f 1224 2493 2494
f 1939 1699 626
f 2491 1935 1934
f 1732 1451 889
f 1898 1906 1176
f 1464 1938 2857
f 1923 1925 1926
f 1465 626 1699
f 1942 3174 2858
f 2870 2871 2873
f 1305 115 144
f 2779 1239 2870
f 2831 2781 3010
f 120 1250 2866
f 119 2869 2810
f 121 2779 2873
f 2501 123 3055
f 1240 2678 3161
f 2992 1241 2860
f 1996 115 1305
f 1985 3239 2681
f 1943 2808 3139
f 1943 2858 2808
f 117 3271 3288
f 1244 3011 2813
f 2745 3313 1246
f 2782 3012 3273
f 1945 116 3038
f 1253 2994 2862
f 2945 3010 2780
f 1238 2989 2858
f 1308 649 1306
f 121 2874 2813
f 1995 649 1308
f 2505 2504 2506
f 3039 3055 123
f 120 2866 2867
f 119 3079 2949
f 126 3079 1249
f 126 3099 2949
f 126 2949 3079
f 1964 1268 1962
f 1949 1947 122
f 2781 2990 1941
f 2870 2873 2779
f 1951 1955 3148
f 2813 3011 2948
f 128 1949 129
f 1950 1257 1252
f 1146 2462 2459
f 2831 2948 3011
f 2862 2813 2874
f 1246 1248 1944
f 1249 3087 126
f 3039 1256 1948
f 1963 1270 637
f 1257 3100 1252
f 1254 2814 1253
f 2503 878 2950
f 1257 1950 128
f 1144 2459 2460
f 1858 2725 1989
f 1297 1986 1993
f 89 1163 604
f 1260 1956 127
f 127 1264 2504
f 929 2673 1164
f 574 1859 1079
f 2501 3099 123
f 2511 1285 879
f 1990 1986 1987
f 1056 1884 1159
f 2746 631 2812
f 2876 2878 2877
f 132 2747 1272
f 3119 1961 1959
f 2503 1254 2746
f 2508 3316 3199
f 1277 2685 2682
f 134 1280 1282
f 1302 1299 2684
f 1316 1321 2685
f 134 1970 1276
f 151 1315 1317
f 1275 642 1702
f 2519 1314 1311
f 1289 1704 2512
f 149 2885 1319
f 138 1283 1975
f 135 639 1703
f 643 1978 1977
f 2939 3365 783
f 1284 641 1285
f 1297 1993 1992
f 1967 1975 1274
f 1987 142 1953
f 1967 1968 1969
f 138 1975 2683
f 120 2678 2679
f 879 2512 2511
f 119 2868 3079
f 645 1986 1294
f 1303 145 1304
f 142 1987 645
f 2504 2505 1953
f 86 1162 1159
f 159 154 2522
f 1266 1982 3175
f 2009 2684 2685
f 1328 2008 1785
f 1991 646 1705
f 1858 573 1818
f 2682 638 1277
f 2512 879 1705
f 1308 1997 1998
f 628 2500 2499
f 1304 145 2513
f 1303 1995 1308
f 145 1998 2515
f 146 1306 649
f 1976 1704 1977
f 1318 153 1319
f 1999 2002 2884
f 653 2012 3203
f 880 2419 2420
f 1606 1326 2011
f 3314 1972 1279
f 1317 650 2518
f 1275 1702 1274
f 1999 149 2000
f 1813 2397 2937
f 640 2510 1290
f 2885 2686 1797
f 1797 2011 1326
f 1797 158 2885
f 1327 2522 3203
f 1318 152 153
f 1076 1784 155
f 1786 1328 1785
f 1076 1074 1073
f 1082 651 1325
f 1069 1668 1855
f 1046 1058 1851
f 1296 1295 1707
f 2449 1041 1059
f 2016 1710 2017
f 961 2434 952
f 163 2433 1334
f 1332 162 2017
f 575 1324 1086
f 2409 785 2411
f 2413 2686 2974
f 161 162 1331
f 1331 2887 161
f 784 1798 2409
f 2019 881 167
f 167 657 2019
f 660 2023 168
f 784 2410 2032
f 1836 558 2036
f 2691 1355 665
f 2023 659 2690
f 1338 2020 658
f 2016 2687 1330
f 2024 657 1341
f 2688 1799 932
f 1345 666 1358
f 667 1359 2035
f 558 8 171
f 389 3265 1773
f 3243 3282 2730
f 1369 3091 670
f 2414 2529 1714
f 179 1373 2047
f 666 1345 175
f 168 2033 660
f 2040 1371 2042
f 2028 1713 663
f 172 2530 1351
f 1343 1712 2525
f 2688 1375 1799
f 1339 655 656
f 664 1374 2689
f 1798 2029 166
f 3194 2068 3070
f 1360 667 1361
f 1712 659 1341
f 2533 1365 2037
f 1827 964 1780
f 1014 1011 1842
f 1365 3057 669
f 2836 2436 983
f 2722 1814 1841
f 1365 2533 1715
f 1370 2692 1366
f 2953 2048 2751
f 1370 3333 3268
f 1390 1394 3069
f 2692 3268 178
f 3167 671 1376
f 2028 662 2525
f 2048 180 672
f 2028 2525 1713
f 1371 883 182
f 2539 3158 2052
f 2045 1372 2043
f 2751 2048 3269
f 2047 2043 2042
f 1379 676 1716
f 2315 333 772
f 1383 1717 1718
f 181 2052 676
f 1717 884 1718
f 3381 3236 3342
f 2695 184 2693
f 183 2070 1386
f 1354 2069 189
f 179 182 1376
f 3194 2066 2068
f 185 2541 332
f 2768 3186 3330
f 1369 1800 673
f 3061 1385 2063
f 2348 2544 3169
f 189 2069 3093
f 183 1386 678
f 326 3179 348
f 779 349 2346
f 944 3113 1397
f 2545 3061 3159
f 193 2547 2072
f 1413 196 193
f 1402 1399 1401
f 891 3114 206
f 1460 689 1404
f 933 1804 2696
f 363 1594 2970
f 192 1410 2073
f 2370 259 2367
f 1410 695 1725
f 192 2073 191
f 1804 1412 1411
f 2098 688 2095
f 1414 1415 197
f 1092 1095 55
f 58 56 1096
f 1727 887 2551
f 1424 2554 1423
f 2727 1124 73
f 689 2098 2096
f 692 1734 2562
f 686 2087 1446
f 1823 2089 2756
f 1696 877 1445
f 1434 2676 1436
f 1215 613 1216
f 2897 685 2085
f 1439 2897 1444
f 203 1404 689
f 3356 3274 2559
f 1442 3013 2754
f 1736 2106 2107
f 612 2676 1435
f 3071 3110 2088
f 1440 1443 2898
f 1436 2676 1794
f 1421 2097 1458
f 1695 1918 3219
f 1695 3219 2753
f 1939 626 1226
f 1411 2696 1804
f 2106 3151 2107
f 1456 2099 3220
f 1461 2977 1447
f 1439 2753 685
f 2082 1421 684
f 691 1424 1458
f 1461 1447 1448
f 1422 1423 1420
f 1119 2455 2943
f 2104 692 2562
f 1458 2097 1457
f 1226 1227 1939
f 3114 695 3246
f 1461 2697 2977
f 1456 3301 890
f 1468 2105 2106
f 2800 3228 3298
f 2898 3071 2088
f 1485 698 1480
f 214 3083 3195
f 1529 2131 2130
f 1509 1508 2121
f 706 1506 2120
f 2567 211 295
f 241 706 242
f 294 293 1561
f 2200 2199 1476
f 2109 212 697
f 213 697 212
f 2108 2698 1476
f 1482 1483 1738
f 2574 713 243
f 282 2170 2130
f 1744 218 2573
f 2904 2699 2140
f 2905 1503 240
f 283 2130 2170
f 241 2572 706
f 249 2580 1532
f 260 261 1750
f 1488 1484 1487
f 1469 208 1470
f 242 2131 241
f 225 2573 1508
f 219 1503 705
f 2432 1514 1645
f 2123 1525 711
f 1744 1504 704
f 2125 2126 2578
f 2828 281 2168
f 899 2578 1526
f 2130 283 1529
f 736 2207 2169
f 280 3196 2703
f 896 2570 2569
f 2125 2578 2579
f 243 2131 1529
f 721 277 2702
f 246 2132 2700
f 254 251 1542
f 3379 3384 352
f 3008 2923 2926
f 2145 255 2701
f 1532 245 1531
f 1521 2140 2139
f 254 257 2586
f 251 2589 2143
f 704 1500 218
f 1527 2132 2133
f 356 359 360
f 2704 2138 2137
f 1533 2585 247
f 1532 899 245
f 350 2655 353
f 251 2141 2589
f 254 2586 251
f 2359 780 3224
f 2141 2592 2589
f 2703 2702 2701
f 1541 2143 2590
f 250 1538 2141
f 1534 2136 2137
f 1534 2135 2581
f 2906 1536 3152
f 256 257 1543
f 1546 278 724
f 2138 2704 1537
f 1517 1820 1515
f 1531 2135 247
f 2593 2760 2957
f 2995 1549 2958
f 3032 2759 2909
f 3266 3229 1811
f 2914 2762 3015
f 3020 3281 3025
f 2819 3184 2997
f 3227 3339 3024
f 719 2819 265
f 746 2237 3103
f 2925 2926 2923
f 269 2149 900
f 2762 2761 2958
f 745 2236 2235
f 2235 2706 2237
f 750 2148 2245
f 313 274 3376
f 2928 2999 2825
f 745 2235 2232
f 268 2147 1551
f 2241 2595 2240
f 1570 313 3376
f 2241 748 749
f 2921 3000 2920
f 2162 2830 3001
f 719 2910 2761
f 246 2700 255
f 1556 3234 3259
f 1540 2142 1555
f 267 3029 3290
f 3033 3025 2708
f 1811 3229 3029
f 278 277 2153
f 2149 2913 2912
f 3032 2909 2908
f 3229 3266 2707
f 3182 1754 3346
f 3014 3015 2762
f 2998 2761 2762
f 2933 2932 2829
f 2931 2929 3008
f 2933 1554 2171
f 257 256 1546
f 2153 721 3042
f 2601 3192 2603
f 3063 3104 2706
f 317 2602 2603
f 2931 2823 2930
f 1544 1535 718
f 280 279 722
f 1557 723 2155
f 2965 3237 3336
f 1543 2144 1530
f 1553 2789 3017
f 2162 3001 3030
f 2152 3094 3006
f 2830 725 2161
f 2708 3266 3033
f 2166 2577 1529
f 317 284 1560
f 2251 754 318
f 3154 2600 3058
f 2928 2827 2999
f 3009 2171 2172
f 2236 745 2148
f 907 316 752
f 285 2173 730
f 2194 729 2192
f 2188 372 2189
f 2187 2186 2391
f 3328 1602 3337
f 2181 2179 2180
f 2203 1564 2709
f 1561 295 294
f 307 2191 2190
f 2607 2198 731
f 2190 3185 307
f 904 2201 296
f 2184 2187 2180
f 742 2221 2220
f 2711 285 2177
f 1757 2208 294
f 296 2201 934
f 2712 738 2193
f 2698 2202 2200
f 242 2732 2733
f 905 2608 2205
f 212 2109 1478
f 2194 2192 288
f 1569 754 2252
f 1529 2575 2574
f 735 293 2205
f 903 2182 2181
f 2231 311 2238
f 2250 318 2248
f 743 2223 2228
f 1756 2180 2179
f 301 2216 2217
f 2247 2225 3260
f 1600 372 2188
f 742 305 2610
f 1568 2966 3185
f 2218 3115 303
f 907 752 319
f 939 3329 3263
f 740 1759 2217
f 2222 2224 2223
f 2240 2244 2243
f 732 2219 2606
f 268 2820 269
f 2248 318 752
f 284 2603 2600
f 3084 2225 2226
f 2605 2219 2218
f 743 2228 2227
f 2600 2603 3192
f 3155 1558 3192
f 2595 2246 2240
f 907 2616 2238
f 2170 728 284
f 2248 2601 2602
f 2935 3162 2792
f 2214 2226 2222
f 2245 2613 2244
f 3103 3104 2172
f 2221 306 2233
f 2826 2932 2827
f 312 2220 2221
f 2211 905 2209
f 1477 1478 2109
f 2252 2609 905
f 892 2110 697
f 907 2617 2616
f 746 316 2238
f 339 2264 2265
f 771 2644 333
f 3147 2344 2345
f 2269 2259 2266
f 2258 755 320
f 2840 2668 2285
f 908 762 2278
f 2343 909 2650
f 2625 2279 2276
f 2260 757 2254
f 757 2264 2254
f 2339 2647 2648
f 776 2322 2326
f 1575 2291 1760
f 2295 2375 2717
f 2717 2718 2282
f 755 2258 2257
f 323 2271 2272
f 1761 2630 2629
f 2628 2281 2299
f 2285 2272 2284
f 2286 1573 3205
f 2298 2294 2275
f 2633 764 2632
f 762 2257 2273
f 756 2255 2621
f 1767 2382 368
f 1760 765 2626
f 2283 2281 2282
f 1572 2282 2281
f 1573 2286 2637
f 19 1577 1816
f 382 1580 2638
f 2628 2301 1761
f 3340 330 3387
f 1582 3278 3387
f 772 333 2644
f 2307 2312 2311
f 777 2328 2330
f 3061 2544 3159
f 2318 774 336
f 770 2640 2309
f 2316 2327 2325
f 3157 3279 2341
f 2644 771 2308
f 1582 3387 330
f 773 2649 2318
f 3294 3378 3279
f 2326 2651 2652
f 2651 909 2652
f 2265 778 339
f 909 2344 3147
f 2634 766 2338
f 338 2645 2642
f 339 2716 940
f 2293 2275 2294
f 1803 3097 1583
f 2342 2344 2343
f 2328 2715 2716
f 2633 2632 2634
f 2717 2282 1576
f 2648 2649 344
f 2287 2631 2632
f 3156 2720 1581
f 761 2258 2714
f 340 339 778
f 975 2721 2722
f 2065 1803 1583
f 2261 321 2270
f 2618 2270 326
f 2619 2263 2260
f 3156 3164 2720
f 2592 1539 2353
f 250 2586 2587
f 2351 1585 350
f 2655 2350 2359
f 353 1545 2352
f 1764 2367 2362
f 2361 1589 362
f 716 252 1538
f 3221 3384 3105
f 937 2366 259
f 352 361 3379
f 903 2391 371
f 2658 2389 2380
f 940 2715 2714
f 2382 2387 2375
f 2971 2376 1769
f 2181 2183 2179
f 381 2394 1603
f 2379 1769 2657
f 2390 2657 2392
f 375 2390 2391
f 1771 3256 3377
f 376 3328 3106
f 2971 2379 2378
f 1568 2190 308
f 3311 2191 2189
f 2625 1572 3178
f 767 2388 2396
f 386 148 2399
f 1311 2001 2002
f 1281 1972 1278
f 1278 3314 3366
f 2403 2407 2972
f 2007 1314 2519
f 2417 1604 3277
f 2406 2404 2403
f 2664 2407 2404
f 1337 881 656
f 662 2028 1348
f 2887 1331 2420
f 652 1323 156
f 2417 2402 1604
f 392 3321 3277
f 2401 2972 2407
f 2416 1714 174
f 962 165 164
f 1336 1608 1607
f 2938 2406 2403
f 1037 867 1039
f 1199 3211 1200
f 2427 2425 401
f 2462 597 1150
f 605 2852 404
f 2016 161 2687
f 2019 1338 656
f 1647 967 2834
f 2036 668 1655
f 978 1832 979
f 13 2838 1002
f 1843 2445 1015
f 567 1579 1660
f 35 1049 1050
f 1055 1849 1848
f 601 1883 84
f 2450 2451 1667
f 1959 1269 1962
f 2674 1143 1867
f 122 1164 2673
f 3254 3374 1621
f 1879 1868 1143
f 788 401 1617
f 1152 1154 83
f 1887 1890 1891
f 2449 1845 1041
f 1952 2476 2477
f 2463 873 2465
f 1954 634 1166
f 632 1952 1951
f 1228 1930 1931
f 1205 618 106
f 1182 1170 1169
f 1204 2484 1911
f 70 1125 1129
f 110 1933 111
f 3026 3244 3287
f 2736 3244 2853
f 2897 1439 685
f 101 876 105
f 1176 2675 1175
f 1463 690 1464
f 108 617 1927
f 1924 1929 1917
f 204 203 2096
f 2743 1700 2860
f 631 121 2873
f 1244 2813 2862
f 628 144 2500
f 2992 2946 1241
f 3011 2946 2831
f 2994 1946 2862
f 139 2680 3174
f 1941 2991 3139
f 1249 1957 3087
f 1158 2474 2475
f 3225 2744 3240
f 1268 3119 1959
f 1259 2950 130
f 2521 2522 154
f 1942 143 3174
f 138 1299 1994
f 2882 3202 3318
f 1292 1985 1293
f 2506 635 1267
f 1971 1280 1969
f 158 1318 2885
f 1786 2845 1328
f 785 2687 2887
f 665 2033 2691
f 180 2536 2534
f 1386 3093 2069
f 660 2024 2023
f 2025 1348 661
f 2529 2414 2027
f 672 2730 3269
f 2034 1362 667
f 2057 3128 2056
f 2532 2531 2530
f 177 2534 2535
f 2532 2044 2045
f 2326 2652 2332
f 183 3067 1720
f 2051 1380 675
f 2533 882 3080
f 681 2068 2067
f 1355 678 1386
f 2063 2064 3082
f 3284 3246 2893
f 1724 2546 1725
f 1091 1103 1673
f 887 2553 2552
f 1462 2498 1698
f 1233 1937 2495
f 1446 1443 2557
f 2557 1453 3180
f 1451 2093 2092
f 2088 3264 1442
f 1420 2081 1422
f 1468 2900 2105
f 2103 691 1733
f 1459 689 1460
f 899 1532 2580
f 744 2231 2230
f 213 2732 2120
f 2122 1519 1507
f 711 1526 2124
f 1512 897 1511
f 224 1745 2121
f 248 2139 2129
f 243 713 241
f 711 1525 2132
f 2109 1472 1477
f 237 2575 1528
f 1531 2134 2135
f 2134 2133 2581
f 1428 1431 1432
f 1586 3221 351
f 717 2583 1542
f 1526 711 1527
f 780 2350 3105
f 3014 2958 1549
f 2148 750 2150
f 2167 2168 281
f 272 2915 2916
f 272 3160 2912
f 1549 2593 3014
f 2910 2907 2995
f 2172 3104 1810
f 3006 2927 3007
f 2822 2959 3016
f 2156 3259 3304
f 3018 3005 3006
f 2821 1810 2763
f 2168 1554 2828
f 2575 2577 2576
f 902 2961 3018
f 2708 3025 3281
f 2827 2917 2821
f 728 1560 284
f 2177 938 2711
f 2394 2384 2385
f 2709 2979 2710
f 2189 2182 2188
f 1757 288 2208
f 289 2201 290
f 1568 3185 2190
f 2205 293 2209
f 738 2713 2239
f 750 2240 2246
f 1567 303 740
f 306 2234 2233
f 2165 3154 727
f 2224 2614 2615
f 746 3072 316
f 3166 3146 2543
f 348 2620 2618
f 340 2330 339
f 3129 3116 779
f 2300 1578 2302
f 2626 1576 1572
f 2300 2302 2301
f 2286 2636 2637
f 764 2290 2289
f 1768 2377 1767
f 1583 2064 2065
f 769 2643 2305
f 2262 2343 2265
f 2298 327 2297
f 2306 2317 336
f 2289 2290 2983
f 1769 2376 1599
f 739 382 379
f 2659 2938 2403
f 2938 911 2406
f 1813 3235 2940
f 792 1775 1776
f 161 2887 2687
f 1656 1833 2440
f 1639 1815 2112
f 88 1852 1062
f 600 1062 84
f 1158 1886 1887
f 1222 1925 1923
f 109 1917 1212
f 2103 1466 1462
f 2740 3241 624
f 1258 2876 2877
f 2001 1311 150
f 1303 1998 145
f 2886 1320 152
f 151 1708 2001
f 1277 2004 1316
f 395 2413 2412
f 166 1330 931
f 3257 2398 2661
f 880 1331 165
f 1361 667 1362
f 2056 3128 3056
f 1383 3092 677
f 2557 3180 1446
f 1471 1473 2108
f 722 3177 3196
f 1529 283 2166
f 2821 2999 2827
f 2826 2829 2932
f 3154 3058 2168
f 3058 1558 1554
f 2204 2205 2608
f 1555 2142 2155
f 312 747 2239
f 908 2624 2623
f 2297 766 2298
f 2323 778 2650
f 757 2263 2262
f 2261 2619 2260
f 1215 1216 2090
f 1560 2169 2207
f 211 2567 696
f 896 2569 2568
f 236 2126 1528
f 104 1212 1916
f 1214 1918 3053
f 103 2986 2988
f 104 101 1212
f 103 2736 2986
f 3038 2782 1945
f 121 2948 2779
f 1310 3310 2883
f 1309 649 1305
f 133 3028 3312
f 2781 627 2990
f 1244 2862 1946
f 2875 1253 2814
f 128 2502 1257
f 631 2746 1254
f 1941 3139 2808
f 2866 1250 1958
f 1981 1291 1982
f 2812 2873 2871
f 630 2811 2872
f 119 2949 3163
f 1165 604 1166
f 630 1252 2811
f 1241 2946 2947
f 631 2874 121
f 3225 3315 3352
f 1961 3119 2502
f 1394 3230 3069
f 103 2988 2854
f 1918 612 1438
f 1695 3053 1918
f 2955 1443 1440
f 3110 3228 3264
f 1735 2100 2099
f 1437 685 3219
f 1445 1439 2086
f 3262 1805 3298
f 3024 3339 266
f 1548 2759 2907
f 3201 3227 3367
f 719 2761 2818
f 273 272 2763
f 2959 2913 2914
f 720 2150 900
f 900 2595 2594
f 2832 2824 3016
f 2928 2930 2826
f 2817 2801 2978
f 2760 2908 2816
f 2816 2918 3000
f 2918 2817 3002
f 267 3290 3367
f 256 255 2145
f 2159 2597 901
f 3005 2927 3006
f 2830 2920 3001
f 2909 2817 2908
f 3063 1810 3104
f 902 3018 2154
f 255 256 1530
f 2924 2921 2789
f 2917 2827 2932
f 2958 3014 2762
f 2928 2929 2930
f 274 3372 3322
f 2823 2962 2930
f 902 2963 2961
f 3153 2705 2236
f 2763 3063 273
f 2928 2825 2929
f 2824 2929 2825
f 2926 3005 2931
f 2157 3304 3217
f 3002 2707 2922
f 2678 1240 1238
f 2861 3240 2744
f 3112 2809 2876
f 1267 635 1265
f 1251 1252 3100
f 2924 3004 2816
f 265 2996 2907
f 3001 2920 2919
f 2916 2763 272
f 2152 3042 721
f 2133 2584 2581
f 2789 2921 3017
f 2802 3033 3266
f 2920 2830 2598
f 3005 3018 2961
f 1540 2157 252
f 3027 3271 117
f 2874 1253 2862
f 2864 2993 2744
f 2056 3120 1384
f 3040 673 1800
f 3226 207 3262
f 3004 2924 3003
f 2911 271 3118
f 2761 2910 2958
f 2957 3004 2765
f 3320 3352 1245
f 1256 3039 123
f 1440 2898 1441
f 2593 2832 2960
f 2924 2789 3003
f 2161 901 2598
f 736 2206 2207
f 268 1551 2820
f 2159 2161 725
f 1254 2874 631
f 1731 3359 3013
f 265 2997 2996
f 2863 1243 2864
f 3199 1272 1963
f 2823 2961 2962
f 3002 2817 2978
f 1441 2898 2754
f 2858 1943 1942
f 2765 2832 2957
f 130 637 1259
f 529 531 533
f 1783 1067 34
f 552 3125 37
f 1824 3313 2745
f 2673 129 1949
f 1263 3099 126
f 81 1874 1873
f 1287 1983 2513
f 2545 1385 3061
f 2716 339 2330
f 2270 2618 2261
f 1723 2543 188
f 1454 3220 1449
f 441 2430 440
f 3006 3007 2152
f 3042 2152 3007
f 278 2153 724
f 2407 2403 2404
f 1610 3305 3283
f 1179 1899 1614
f 38 1854 3050
f 553 954 956
f 1498 1496 1742
f 843 521 513
f 33 1783 34
f 888 2815 2558
f 494 479 921
f 457 844 518
f 3051 46 423
f 1133 1130 1131
f 3022 3343 3338
f 2878 1259 2877
f 2810 2741 2868
f 2741 2859 3161
f 1306 146 3242
f 178 2975 2692
f 2996 3201 1548
f 2306 2720 2719
f 541 858 540
f 1081 2843 2844
f 1312 150 2004
f 1350 661 1349
f 2910 719 265
f 458 817 459
f 923 848 851
f 1077 3210 654
f 1122 1133 1134
f 2944 3213 3241
f 130 2950 878
f 2993 1244 1946
f 2674 1872 129
f 139 3102 2680
f 2008 1328 653
f 187 3165 2545
f 696 2567 2565
f 721 2153 277
f 2156 3304 2157
f 319 752 318
f 305 2215 2610
f 750 2244 2240
f 2542 2313 2311
f 346 3353 1584
f 1139 78 1140
f 414 413 913
f 955 954 992
f 431 955 1634
f 428 425 914
f 1523 232 233
f 1820 262 1819
f 410 414 547
f 2945 2779 2948
f 2785 3351 2536
f 2254 2255 2260
f 477 3064 700
f 276 3234 2790
f 2151 749 1552
f 2228 2611 2227
f 2314 2310 2311
f 2645 2643 2642
f 2705 273 3063
f 3072 3155 2249
f 2706 3103 2237
f 2319 3319 3294
f 344 3157 2341
f 985 565 1659
f 1003 3065 11
f 1678 1862 1123
f 78 1139 75
f 1898 95 1906
f 1209 1217 615
f 2459 1875 1146
f 1962 2507 1964
f 183 678 3067
f 334 3330 3186
f 679 886 2059
f 2055 2053 1382
f 1385 3165 3128
f 1437 1438 1435
f 2702 3177 721
f 2923 2765 3004
f 305 1567 2215
f 2202 2698 934
f 772 2316 2315
f 1778 3245 1623
f 93 1183 1197
f 426 1857 432
f 469 470 473
f 102 1919 2854
f 2812 1251 2746
f 2869 3163 2871
f 3127 1957 1249
f 133 3312 3382
f 2035 1356 666
f 1391 884 1377
f 2061 3092 1383
f 1386 2070 3093
f 1453 1454 3180
f 1481 1740 894
f 2926 2927 3005
f 2912 720 2149
f 775 2322 2320
f 1435 202 1437
f 236 238 2123
f 2706 2235 2705
f 2387 2380 2389
f 3077 2430 443
f 621 3213 2778
f 1900 875 1170
f 111 624 3241
f 2506 1264 635
f 85 2470 2471
f 140 3102 1981
f 1274 2509 1968
f 1368 670 3091
f 1722 680 2059
f 179 1371 182
f 1378 2060 1391
f 3176 2071 3090
f 1354 665 2069
f 1728 1428 682
f 2091 2084 1436
f 1737 891 2788
f 2915 2912 2913
f 2702 2703 3196
f 2982 2806 3217
f 2999 2916 2822
f 2601 2603 2602
f 757 2260 2263
f 3156 3278 3164
f 2290 2337 2983
f 3098 3147 2347
f 784 2408 2410
f 813 818 1001
f 1216 1445 2086
f 2741 2867 2868
f 1959 1962 1268
f 2885 149 2686
f 1723 2067 187
f 981 555 1364
f 1723 188 2067
f 3090 1396 3176
f 187 2545 1723
f 267 3367 1550
f 753 2250 317
f 110 3241 3213
f 2735 3343 3238
f 644 1981 3102
f 1261 2504 1953
f 1242 1944 1248
f 2171 3095 2172
f 3063 2706 2705
f 2917 3009 1810
f 2219 732 307
f 1575 2287 2288
f 1914 3338 3343
f 891 1737 2105
f 613 3173 1920
f 2954 3363 3362
f 1389 1391 2060
f 2785 2888 3351
f 3111 2977 3298
f 202 2555 2556
f 2084 2091 1452
f 723 1557 2599
f 2155 2158 1557
f 2087 3111 3110
f 1235 2728 1938
f 1877 2670 1148
f 1611 398 3206
f 1197 1199 1908
f 1435 1434 202
f 116 2991 2990
f 1958 3127 2866
f 1153 1892 1163
f 1956 1263 3087
f 1368 2040 2039
f 2049 2051 1379
f 1716 674 1379
f 1719 3158 3120
f 3140 2053 2055
f 1382 2057 2055
f 1715 681 1365
f 2085 2955 2897
f 3192 3058 2600
f 2345 2347 3147
f 2870 2869 2871
f 1220 2487 2486
f 1220 2486 1208
f 637 1964 1963
f 2764 3372 274
f 1800 1366 3342
f 2086 2090 1216
f 1258 3112 2876
f 2054 677 3092
f 674 3091 2050
f 1382 3133 1802
f 3150 3142 1719
f 1387 886 1721
f 2315 3149 1393
f 2345 349 2347
f 2057 1802 3141
f 1012 2439 1013
f 3141 1802 2065
f 2346 2345 347
f 2531 2043 1352
f 504 922 508
f 828 829 493
f 1038 1037 28
f 1216 1696 1445
f 2641 1762 3340
f 515 516 457
f 3126 61 871
f 471 3045 462
f 1213 930 1793
f 1976 1284 2511
f 1160 2723 1162
f 2012 1327 3203
f 1364 555 1363
f 3141 2063 1385
f 484 2432 1646
f 592 872 80
f 775 2320 2324
f 25 1049 2428
f 1390 1392 2060
f 2747 3382 3358
f 378 1603 2394
f 3059 1629 3131
f 426 46 1857
f 1941 2742 2781
f 2539 3120 3158
f 2063 3082 3061
f 3165 3150 3056
f 365 1429 2083
f 101 3052 1694
f 2818 2820 1551
f 1570 3096 2935
f 722 2154 3094
f 2163 2164 2577
f 1560 753 317
f 1416 1425 200
f 3043 941 3350
f 1631 1629 1632
f 529 915 531
f 2527 2022 2526
f 2065 2063 3141
f 215 699 3041
f 2703 2700 1525
f 1209 615 1220
f 2471 1887 1888
f 630 3055 1947
f 3163 2949 2501
f 141 1982 1291
f 3231 3316 2507
f 1303 1308 1998
f 3214 2681 3239
f 1382 2695 3133
f 1719 3056 3150
f 977 976 1832
f 977 1832 978
f 2242 3188 3325
f 2830 2162 725
f 3103 3095 3072
f 730 2179 286
f 740 2216 2215
f 770 2309 2305
f 1573 1574 2289
f 1591 3074 2369
f 2379 2386 2378
f 3189 602 2670
f 3067 1381 1720
f 3142 3194 2070
f 2694 1801 3097
f 2290 2334 2335
f 764 2334 2290
f 764 2633 2334
f 1293 1984 2515
f 2371 3306 3248
f 2855 2738 3364
f 105 1212 101
f 3016 2959 3015
f 1823 2855 3369
f 612 1214 1793
f 1247 3318 3202
f 181 2539 2052
f 2056 3056 3120
f 753 2609 2251
f 3115 2218 2219
f 2694 3133 2695
f 2810 2868 119
f 2875 2814 2878
f 2809 3112 3240
f 3040 1394 673
f 3240 3315 3225
f 2816 2908 2918
f 1283 641 1284
f 911 2938 2402
f 370 1768 1595
f 270 1552 3322
f 1383 1718 680
f 2900 693 1724
f 1346 3243 2730
f 3187 3112 3312
f 1211 100 3389
f 2643 2308 2305
f 459 995 996
f 674 1716 883
f 188 1396 3057
f 3235 1605 3277
f 1135 1681 1682
f 544 520 926
f 487 489 838
f 800 1633 799
f 1174 1175 1178
f 3111 3228 3110
f 2582 2584 2583
f 2430 442 440
f 489 842 510
f 463 462 461
f 2801 3201 3290
f 3322 3376 274
f 1122 1680 1133
f 928 591 1136
f 326 348 2618
f 2243 2241 2240
f 2424 3285 3334
f 3046 1065 32
f 3302 399 3375
f 1915 3109 2737
f 2756 2089 3274
f 2833 946 927
f 74 1134 1131
f 867 1893 23
f 1622 2426 2425
f 1046 1665 1058
f 2486 2487 105
f 1364 3113 2721
f 3159 3166 2543
f 1352 2047 1373
f 3068 679 1388
f 324 760 326
f 722 3094 3177
f 779 3116 349
f 718 2591 1545
f 3256 377 3377
f 1753 715 247
f 253 1539 2592
f 2971 2381 2377
f 2028 663 1349
f 103 2485 2736
f 2978 2801 3290
f 559 1831 987
f 3076 1637 916
f 2695 2054 184
f 2872 2871 3163
f 2911 3118 2819
f 1584 3279 3378
f 3292 3215 3364
f 2954 2786 3363
f 2826 2930 2962
f 3227 2997 3339
f 3026 3287 3034
f 1551 2911 2818
f 3364 3369 2855
f 1803 1802 3133
f 252 3217 253
f 1392 885 1388
f 1149 1146 1686
f 1247 1309 628
f 1390 3289 1392
f 1410 192 2893
f 780 3379 3296
f 3038 1700 2782
f 987 986 988
f 3073 2341 3353
f 2293 2294 1575
f 1369 673 1377
f 1585 3221 3105
f 2907 2996 1548
f 2940 2938 2397
f 2878 2876 2875
f 2685 1321 2009
f 2978 3290 3229
f 3169 2544 3082
f 777 2330 2324
f 436 9 537
f 447 448 445
f 1241 1243 2860
f 181 675 2539
f 2821 2916 2999
f 1477 291 1478
f 3149 2315 1801
f 484 918 483
f 499 832 917
f 710 700 3130
f 2844 2843 1060
f 2778 2739 621
f 949 958 960
f 3190 3097 2331
f 194 197 195
f 2789 1553 2925
f 301 3276 939
f 3200 3340 3387
f 1169 1791 1792
f 3111 3298 3228
f 2934 3317 3308
f 556 1835 862
f 1834 555 981
f 1384 2539 675
f 1740 1491 3168
f 2145 2701 277
f 1723 2545 3159
f 377 3256 3337
f 2398 3257 383
f 235 1524 234
f 1747 235 234
f 1401 191 2073
f 2986 3108 2988
f 3201 3367 3290
f 1452 2555 2084
f 613 1920 1919
f 394 395 2664
f 3234 2599 3237
f 1404 2074 1460
f 1218 2488 1217
f 3068 3081 3373
f 3280 1395 3275
f 774 337 2321
f 1441 2558 2815
f 2754 3013 2558
f 975 981 2721
f 2737 2854 2988
f 2854 1919 2987
f 335 3330 3331
f 2382 2375 2373
f 751 2247 3188
f 2922 2919 3002
f 463 3193 462
f 497 833 492
f 2044 672 180
f 2147 268 270
f 357 2364 2365
f 1974 3232 3048
f 2819 3118 3184
f 1762 330 3340
f 2995 2907 2759
f 1590 3348 2368
f 48 1784 1073
f 693 1460 1724
f 2076 2550 1726
f 1588 1763 1726
f 2291 2635 765
f 3205 3355 3370
f 790 2423 2941
f 3197 1611 3206
f 1646 1677 1110
f 55 3085 1092
f 1689 1894 1690
f 1193 405 1894
f 2662 2410 2408
f 1905 94 3209
f 2682 2684 2683
f 2773 783 3365
f 388 783 2773
f 1539 253 3216
f 874 2472 1688
f 1201 1200 3211
f 1201 3211 1792
f 1313 1970 2003
f 2518 650 2939
f 139 1983 644
f 1973 640 2681
f 1972 1281 1282
f 1177 1223 622
f 2479 3206 1613
f 606 1895 1897
f 1897 1173 2480
f 3214 3349 3258
f 2681 1979 1985
f 344 2341 3073
f 2319 2719 3319
f 102 1696 1919
f 2854 2987 103
f 2356 2358 3181
f 3221 1585 3181
f 1965 3218 1966
f 2508 1963 1964
f 636 1150 1966
f 1378 1394 1390
f 2753 3219 685
f 2815 2090 2086
f 1940 1237 1794
f 1455 3220 2094
f 1737 2106 2105
f 3379 3105 3384
f 1765 3327 2770
f 1768 2371 1595
f 2225 2247 2224
f 758 2622 2623
f 2629 763 2279
f 2075 2365 1588
f 1946 2994 2861
f 2860 2863 2743
f 3071 1443 1446
f 3261 3375 2775
f 629 2868 2867
f 2787 3356 3359
f 2997 3227 2996
f 2708 2707 3266
f 3110 3264 2088
f 1446 2087 3071
f 2754 2558 1441
f 2925 3003 2789
f 2864 1243 2993
f 2918 2908 2817
f 679 3068 1721
f 1146 1149 597
f 388 3257 783
f 1824 3318 3313
f 2982 3217 3304
f 2919 2922 3001
f 2032 2410 2416
f 2405 2662 2408
f 1800 3342 3040
f 1377 2050 1369
f 2803 387 3048
f 2640 2639 3340
f 2755 3264 3023
f 723 2599 1556
f 3332 3307 3251
f 1762 2641 2968
f 2950 1259 2878
f 275 3182 3357
f 3258 3349 3368
f 2743 2863 3288
f 2853 2985 2736
f 3302 1230 3347
f 3307 2797 2677
f 1997 1306 3297
f 1920 3215 3292
f 1614 3250 3197
f 2964 3336 3237
f 2417 2415 2663
f 1539 3216 3388
f 3043 3350 3309
f 2942 3334 1778
f 3114 891 694
f 2888 2750 3333
f 2313 334 2314
f 2312 2541 2542
f 1242 1945 1944
f 3306 2795 3248
f 1966 3218 3231
f 2639 2310 2314
f 3261 3250 1614
f 2488 615 1217
f 751 2242 2243
f 1771 2393 910
f 2302 2303 2304
f 2271 2623 2280
f 1128 1127 1129
f 627 2831 2946
f 373 3377 377
f 377 3337 1602
f 403 1623 3309
f 2981 3198 3323
f 3358 1272 2747
f 3260 3084 3386
f 3322 1552 3376
f 3222 3328 1601
f 2187 2391 903
f 2881 137 3366
f 1271 2951 3231
f 1878 1621 3291
f 2742 2808 2989
f 1982 140 1981
f 1973 3214 3258
f 2534 2536 3351
f 177 2046 2534
f 719 2818 2911
f 1556 3259 2156
f 1540 1555 2156
f 2613 2615 2614
f 1581 2309 3156
f 3261 400 3383
f 3261 1899 3375
f 890 1735 1456
f 2100 2107 2697
f 1812 3263 3329
f 2224 2222 2225
f 2889 3269 3282
f 2558 3013 3359
f 174 2529 1350
f 2918 3002 2919
f 3000 2918 2919
f 1962 636 2507
f 2880 136 3368
f 3293 3368 136
f 177 2041 2039
f 180 2048 2536
f 1559 2197 2194
f 3270 2192 287
f 310 906 309
f 740 303 1759
f 939 3276 3329
f 1941 2990 2991
f 3027 118 3335
f 1270 2877 1259
f 3335 3233 3273
f 1248 1247 1242
f 1391 1377 1378
f 2861 2809 3240
f 3021 3187 3028
f 2090 2815 2559
f 3173 3183 2089
f 2743 3271 3012
f 3022 3338 99
f 2485 3287 3244
f 2653 2336 343
f 346 3286 3353
f 1377 673 1378
f 2922 2708 3030
f 174 2032 2416
f 1813 391 3235
f 2787 3359 1731
f 770 2305 2308
f 341 2654 2793
f 346 2969 3286
f 1601 910 1599
f 3289 3362 885
f 2890 3363 2786
f 3000 2919 2920
f 3265 3300 2027
f 3373 3249 3068
f 3289 3275 3362
f 2378 2381 2971
f 2424 3334 3254
f 787 1610 3283
f 2805 3284 3303
f 3299 99 3338
f 1208 2984 3066
f 2940 3235 1604
f 2791 3308 1758
f 2427 3043 3285
f 2769 2337 341
f 2333 2338 343
f 2865 3233 118
f 1551 2147 271
f 2058 2060 1392
f 2909 1548 2801
f 2978 3229 2707
f 770 2310 2640
f 1686 82 2467
f 1823 3369 2089
f 2766 2982 3304
f 99 3299 2777
f 146 649 1309
f 3380 3297 3242
f 2181 2187 903
f 2865 1246 3233
f 1410 2893 695
f 314 3263 1812
f 639 3326 3101
f 639 3293 3326
f 343 2340 2653
f 3279 1584 3353
f 2371 782 3306
f 1598 369 3370
f 2353 2356 2355
f 2656 2359 3224
f 2157 3217 252
f 2107 3226 2697
f 3088 1292 3310
f 1248 3313 3318
f 3101 3314 1279
f 3236 2891 3280
f 3340 2639 2641
f 3013 1442 3035
f 1210 1207 610
f 3293 3258 3368
f 611 2986 2985
f 2984 611 1913
f 2735 1914 3343
f 2499 1945 1242
f 1597 1766 3344
f 2795 3344 1766
f 2663 2415 2410
f 2730 3282 3269
f 1347 2027 3243
f 2594 2151 270
f 748 3255 3162
f 1180 1181 1896
f 400 396 3383
f 3162 2935 3096
f 3074 3327 2368
f 3295 369 1597
f 1611 1610 1774
f 1455 688 2098
f 2758 3226 3151
f 1771 3377 1600
f 371 2393 1771
f 2226 3263 3084
f 1180 620 1230
f 1207 2677 1232
f 1405 2550 1406
f 2077 2368 3348
f 3215 2089 3369
f 3216 253 3217
f 2965 2790 3237
f 397 3283 3305
f 1409 2076 2077
f 2076 3074 2368
f 368 782 2371
f 1210 3238 3251
f 1932 614 1232
f 1759 3308 3317
f 3115 307 3185
f 3288 3320 3019
f 888 2558 3359
f 2090 2559 3183
f 3273 3012 3335
f 1617 787 788
f 397 3350 3283
f 3187 3312 3028
f 3380 2784 3297
f 1293 1307 1292
f 2392 910 2393
f 2183 2189 2191
f 1258 3358 3382
f 3112 1258 3312
f 1309 1247 146
f 271 3182 3118
f 266 3346 1754
f 3107 3354 3355
f 650 1974 3048
f 1590 358 3348
f 1946 2744 2993
f 2864 2744 3225
f 132 3199 2783
f 2507 2508 1964
f 2648 344 2653
f 2341 3279 3353
f 1538 252 253
f 1759 1758 3308
f 1248 1246 3313
f 144 628 1309
f 2980 3319 3164
f 3069 3275 3289
f 1390 3069 3289
f 3369 3364 3215
f 2485 3054 3287
f 117 3288 3019
f 2247 3260 3188
f 2792 3255 2967
f 1721 3068 3249
f 2314 3186 2641
f 911 2663 2662
f 2764 3357 3372
f 3245 1778 3334
f 1686 1878 1149
f 1611 3197 1612
f 748 2242 3255
f 3107 2983 3354
f 361 3296 3379
f 3349 2880 3368
f 136 2952 3326
f 3074 1591 3327
f 1595 3253 3106
f 1601 3337 3256
f 370 1595 3106
f 2217 3317 3276
f 314 3084 3263
f 2750 178 3268
f 2968 2641 3186
f 3373 3331 3249
f 1210 3066 2735
f 100 1795 3332
f 371 1600 2188
f 2256 908 2621
f 1966 3231 2507
f 1292 3088 3239
f 1279 639 3101
f 2242 3325 3255
f 302 1812 3329
f 1367 1370 1366
f 3268 3333 2750
f 2427 3285 1622
f 1621 791 3254
f 2782 1700 3012
f 3271 3027 3335
f 1557 2964 2599
f 3234 3237 2790
f 910 1601 3256
f 2392 1599 910
f 1913 2735 3066
f 3201 2996 3227
f 3184 3339 2997
f 186 3362 3275
f 2980 3164 331
f 2314 2641 2639
f 2351 2356 3181
f 3232 3341 3048
f 1315 1281 1974
f 3251 3238 3332
f 3118 3182 3346
f 3295 3370 369
f 3107 3355 3205
f 2636 2374 2372
f 1596 3248 2795
f 3216 3217 2806
f 2190 3311 308
f 3339 3346 266
f 1181 1230 3302
f 399 3302 1822
f 3204 3385 1591
f 2880 3349 2798
f 403 3309 3350
f 941 3283 3350
f 1932 1232 624
f 624 3360 2740
f 3314 3326 2952
f 3239 3371 3214
f 2942 2776 3374
f 2535 3351 3333
f 205 2757 3246
f 276 2766 3259
f 2864 3225 3320
f 2041 2535 3333
f 1795 2797 3307
f 133 3382 2747
f 3299 3244 2777
f 1258 3382 3312
f 2877 3358 1258
f 2336 3286 3361
f 2337 2769 2983
f 342 3354 2983
f 342 2807 3354
f 3281 3020 3336
f 2899 3356 2787
f 3247 3322 3372
f 3035 1731 3013
f 2559 888 3356
f 2944 3241 2740
f 2793 2654 3361
f 2336 3361 2654
f 2890 3081 3363
f 3034 3054 2738
f 2752 335 3331
f 2336 2654 2335
f 2899 2756 3274
f 1550 3367 3227
f 3229 3290 3029
f 2518 385 2400
f 885 3362 3363
f 2890 3373 3081
f 3173 2089 3215
f 1824 2882 3318
f 331 3164 3278
f 3365 3048 387
f 2952 2881 3314
f 1972 3314 1278
f 3184 3346 3339
f 3385 3204 2770
f 780 3296 3224
f 135 3258 3293
f 3239 3088 3371
f 3183 3274 2089
f 3292 3364 3054
f 1766 1597 369
f 3187 3021 3315
f 2803 3341 137
f 3199 132 1272
f 1973 2681 3214
f 1796 3349 3371
f 1310 2749 3088
f 2805 205 3284
f 3143 3247 3357
f 3143 3357 3182
f 2776 2981 3323
f 885 3363 3081
f 2890 2752 3373
f 2469 2468 2467
f 2776 3323 3374
f 3324 3383 396
f 621 3347 1230
f 1570 3376 3096
f 396 2774 3324
f 2485 3292 3054
f 2771 3345 373
f 1584 3378 345
f 345 3294 3319
f 361 2770 3296
f 780 3105 3379
f 3202 2748 3242
f 3272 3297 2784
f 3236 3381 2799
f 1366 2692 3342
f 2076 2368 2077
f 3261 3383 3250
f 1595 3248 3253
f 2856 3360 2797
f 1270 1272 3358
f 271 3143 3182
f 2806 354 3216
f 2353 1539 2358
f 2147 270 3247
f 3305 3324 2774
f 3324 3250 3383
f 1586 352 3384
f 3181 351 3221
f 2794 3327 1765
f 3224 3204 1587
f 3040 3342 3236
f 3377 373 3345
f 315 3325 3386
f 3188 3386 3325
f 314 2936 3084
f 3200 3387 3278
f 3181 2358 355
f 3307 3332 1795
f 3022 1211 3343
