v -0.117290087315811 0.138916873257666 0.496786090302668
v -0.118691531550725 0.133438089554865 0.49753403139085
v -0.11225887636221 0.137516961980641 0.499274755843808
v -0.0731842242694055 0.125392719590226 0.504560386448928
v -0.0782526616597125 0.137106696844046 0.503413079695888
v -0.086335346735594 0.13686434114605 0.504147358349459
v -0.106534486498378 0.117613240058973 0.487699315126461
v -0.100853743859606 0.117458870090841 0.488988508235318
v -0.0979595290129671 0.124001560664077 0.496259014718189
v 0.0191081707713251 0.107544719995282 0.494315953392961
v 0.0228491872702509 0.110876102532834 0.500096670706928
v 0.0135673837614882 0.117474104375296 0.506011443036875
v -0.0930913280748986 0.136515848485992 0.502051097049332
v -0.0989485034606328 0.138481205403109 0.500570940072433
v -0.0920832743727286 0.121936937996272 0.498220215978531
v -0.115632757059521 0.14070036349095 0.49545853839341
v -0.119399998189253 0.143090191398615 0.492870558462503
v -0.104147368739872 0.139320793070283 0.498913801510999
v -0.106443826912542 0.134686829416128 0.500698480850485
v -0.122126970659898 0.136496769593523 0.494498709981365
v -0.089818921176361 0.139110268303655 0.500365097719773
v -0.093728875467461 0.141087555743808 0.49742858337501
v -0.0728005614631694 0.13591882161661 0.505352088724756
v -0.065844433035778 0.132771974707253 0.506629520552777
v -0.0742437657928201 0.116735807023293 0.499808434162869
v 0.0151003022524654 0.12708370818255 0.510215852965168
v 0.0256036503955205 0.127003552721589 0.50751598840262
v 0.0203263903863188 0.130788236358766 0.508769396669894
v 0.0242392285519025 0.132312012237925 0.506774912793351
v 0.00953859632315221 0.127446086413544 0.511657785606873
v 0.00931712244170993 0.129081912736329 0.5112900887525
v 0.00295949754181887 0.126303748046043 0.511137212909259
v -0.113868737954934 0.119369048507785 0.487594305616205
v -0.121256231755465 0.141298027005786 0.494579851971405
v 0.0249474564475519 0.120512319475531 0.506150082956585
v -0.118345469274002 0.128268982119388 0.494937692321727
v -0.122583133965261 0.130375353255726 0.492958716542596
v -0.0585172328136896 0.134873545200521 0.505855875714932
v -0.0641848580370603 0.13561011130008 0.505015518212545
v -0.0549583283631206 0.118390473320807 0.505190886896676
v -0.0493111817945292 0.11366987740043 0.501208169182809
v -0.0295226056959206 0.122938280973347 0.508408274046101
v -0.00273670025323055 0.129311964425511 0.510300626156739
v -0.00410147714636672 0.120432472589813 0.507930589327821
v -0.0616663330377966 0.114992328464581 0.501108177263006
v -0.0458978581359904 0.131514578486293 0.507649162004664
v -0.0516662333506974 0.133580992281505 0.5059329989489
v 0.0284504774394363 0.121344168999832 0.503767604345292
v 0.00242391223308418 0.131398910114664 0.509229520560491
v 0.024239489272954 0.115705095632048 0.503498318092695
v -0.00902875388216937 0.130093096730583 0.510317724133411
v -0.0149911917491502 0.128679147698969 0.511393268819291
v -0.0115570274377503 0.134582520454183 0.506276004474611
v -0.107080161952713 0.14194412778452 0.495726685972483
v 0.0131106786127027 0.132507232084821 0.508178979312919
v -0.0457097850337682 0.133914149308576 0.505372583792646
v 0.0293668049875717 0.1296309402066 0.505948946258228
v -0.0403867044853515 0.135188474276363 0.503817797659607
v -0.0275226010062782 0.130190197093155 0.509050000559292
v 0.0285545127761106 0.133528420656724 0.505939310798227
v -0.0336178604346483 0.132961339754332 0.506603559104463
v -0.0212705611813432 0.132257293639474 0.508897466556568
v -0.0630281422335476 0.136888280250142 0.503561264828273
v -0.0493957911904888 0.135834383217696 0.503898338363359
v -0.0164092290509313 0.133999304372419 0.507611878781689
v 0.0168394109694165 0.13402932560048 0.505507115552568
v -0.0283612389974805 0.134166421373337 0.505239693149614
v -0.0808810922740736 0.139413544471126 0.499361376824093
v -0.0667653722436665 0.138840096372982 0.500841544714014
v -0.00516956156960248 0.133317589123057 0.506548330660232
v -0.0799055559727221 0.0972591420743202 0.488474921548031
v -0.0674777205699652 0.0902785300832795 0.483995041436908
v -0.12220775322036 0.124504172352578 0.490531757739168
v 0.00666987303603907 0.132963979746417 0.506967063051138
v -0.116903427931303 0.12362694568864 0.491261517420124
v 0.00936247736290003 0.105396565455114 0.49709199031201
v 0.0140302016399264 0.106314104741125 0.495243112992853
v -0.0857102020735577 0.114597722081902 0.494376971187581
v -0.0530339624378247 0.137741251804794 0.500971547828509
v -0.072189872687205 0.139818309118201 0.49912290391605
v 0.0275109196137453 0.111390084761839 0.500523267857289
v 0.0311621410005079 0.116893726748689 0.500171439418045
v -0.123871891785275 0.138211192847737 0.491951523994445
v -0.0473713273887729 0.136767137512142 0.50226635416851
v -0.0945221954840738 0.147491341742403 0.487805706153135
v -0.0357320140556192 0.136325123497398 0.502490801296991
v 0.0312945452258898 0.128631847102648 0.50278136444806
v -0.00105583801124216 0.134713177277806 0.504365828073761
v -0.114258183337078 0.145903345033739 0.489694817484936
v -0.124729473260235 0.131899816518826 0.489724060001818
v -0.0239983191852024 0.136032597619612 0.503745397608085
v -0.0842005149255156 0.141287147139025 0.496357689896519
v 0.0318490398752867 0.134000183449345 0.503897906809617
v -0.0567030645232279 0.139447935002373 0.498621965562401
v -0.123159903332133 0.142852174971123 0.49186857057391
v -0.0436948175516858 0.13825467599607 0.499641749669572
v -0.119369250518888 0.120537988954211 0.486447240389512
v -0.125141962417254 0.125877022559951 0.487936773410781
v -0.0201025124478641 0.137139159832007 0.501662056857251
v -0.0158595680680753 0.107903365979921 0.497762498307185
v 0.0312229060858129 0.12249974332522 0.501455767248018
v 0.0285809369612121 0.138932742348397 0.499363388155206
v -0.0927049438057702 0.106841987254061 0.484962919156057
v -0.0859006858479972 0.104216951278022 0.490353057649987
v -0.0286543049684016 0.103849145997559 0.494944665945307
v -0.0496645484498434 0.0872024613286941 0.483280228351451
v -0.0965683912235357 0.107907778995213 0.482500226304776
v -0.101773398011375 0.0980148477131525 0.47818703390927
v -0.12334825971154 0.121944757394441 0.484497051516701
v -0.0705480776871173 0.147645593088739 0.487766850731243
v -0.0294527645861414 0.0797176462431522 0.479666113180946
v -0.055577191735375 0.0780825085218587 0.477612558936718
v -0.116344772752322 0.153180361167194 0.481623187901014
v -0.0318494225265686 0.14292657309178 0.493671747353241
v -0.12115306714162 0.146325516952697 0.48935244615752
v -0.0860895929202486 0.0986391344964942 0.488419357830985
v -0.109876063841748 0.116015303058646 0.478056324348676
v 0.0221746411355342 0.109237728597531 0.491985360115715
v -0.0857465705595458 0.0914847476659554 0.484638613129057
v -0.0904861916290439 0.0914244820591732 0.483725329179107
v -0.125791135575747 0.144679070236244 0.48894795603064
v 0.0297166746343431 0.112341878799789 0.497055980607943
v 0.00458578544687005 0.0971622371871725 0.484780750959538
v 0.00910634421438787 0.10011106693815 0.478497176503366
v 0.0193380829821332 0.109380407834376 0.48869049364624
v -0.0500773997929917 0.142693345992052 0.49391543207686
v -0.0793790321155134 0.0870687698621068 0.481040823313172
v -0.0732606415037443 0.083569305701131 0.479010384482163
v -0.0047923979433246 0.138222838371396 0.499713642323557
v -0.0142582403361114 0.0940293288306766 0.488660817259922
v -0.133308434818947 0.134549126053571 0.474464933918789
v -0.127252054295724 0.127076538312758 0.48354448867756
v -0.000549229842888618 0.100635199903963 0.492485751600954
v 0.0366793088757479 0.135324966472101 0.49580307649758
v 0.0340962057080976 0.13489632059994 0.500041763703136
v -0.0173603281281965 0.0848179418054977 0.482631515302616
v 0.033695105298866 0.118410483130183 0.497087326545901
v -0.0742913879036652 0.15729474423744 0.475559500363447
v 0.0139561851733872 0.141335464211651 0.494793277211067
v 0.0333965851608379 0.145126573008631 0.491754474249458
v -0.12060694452974 0.123163687817824 0.477024236141513
v 0.0270839806564508 0.112034797220358 0.493116340175823
v -0.12822239484345 0.145638605124256 0.483619827133173
v -0.00131103886366861 0.0923378948553677 0.484175611056359
v -0.00691565853831141 0.0880282445494846 0.483356150470258
v -0.108622959729464 0.111651084278752 0.475557087430177
v -0.0275428521689101 0.0687930647866748 0.472778751457416
v -0.121604125213652 0.150773736617251 0.485172906743374
v -0.124217399463524 0.148954090918309 0.487660198202484
v -0.00821935370897343 0.0832275369848245 0.480924899375604
v -0.00448923012754235 0.154390826353664 0.478722760287447
v -0.0551401004139062 0.169874319938186 0.458703207346103
v -0.0877004323026255 0.0784678403515078 0.472484228350472
v -0.124730183554415 0.12388312913579 0.480457993746538
v -0.0195290186699961 0.075748354151441 0.478197270029415
v 0.031282244297217 0.115349088868219 0.493276494438726
v -0.105090590775305 0.105015306912473 0.476716777639661
v -0.107857902124788 0.100904797386251 0.47262632871361
v -0.00070523632185103 0.088960614169912 0.478730292451079
v -0.00563501531084898 0.0724953270493505 0.476144030653331
v -0.00495406110764984 0.0779433694912157 0.477773535802678
v -0.110199285590519 0.107572183626984 0.471319769636165
v 0.0324664699837571 0.140378617366932 0.498176547212988
v -0.105818524693703 0.0938699336082199 0.47431761397495
v 0.00355488801890222 0.0945404574000206 0.478096526080489
v -0.00155985125743198 0.0839260656060099 0.476759152267001
v -0.0123137770144005 0.151147400057583 0.483075073443371
v -0.111688938260758 0.102803399362631 0.467030491362331
v -0.0818398382168988 0.0782505084747894 0.47142032794757
v -0.113054294349501 0.114268371707186 0.469730685399519
v -0.0117508707637078 0.0673014572548899 0.473792209008278
v -0.0192394528990494 0.0600318684526851 0.468674503216203
v 0.0214665606974129 0.11275341833182 0.483866290160866
v 0.0281992340360695 0.115833700577962 0.487311211938179
v -0.125483643318175 0.16454522331923 0.469340765772694
v -0.120568923007135 0.162598997781732 0.470767684776689
v -0.119551421932107 0.169072854146073 0.461699515318027
v -0.108063831570115 0.0829234073772112 0.470706842854304
v 0.0349403857606779 0.119152063174571 0.491558963298936
v -0.128332545338561 0.127669813388515 0.477359184757888
v -0.127109462482656 0.150527989604832 0.484279189773336
v -0.110165708917202 0.089518310824717 0.467044710822559
v -0.0897891145334617 0.0644195479179549 0.460504271804645
v -0.0844716539868411 0.0612312139918787 0.460324067680369
v -0.0220752000010334 0.0507620705163827 0.462466283517299
v -0.0740816465243999 0.05370479619119 0.460055364548572
v -0.0632346303195575 0.0523629090255417 0.460753797555383
v -0.0558716155548487 0.0616912492597055 0.469424137099381
v 2.5602096894752e-05 0.0793605860235052 0.472296823739482
v -0.103192440256941 0.0723020615655371 0.467568302718207
v -0.0969560316384191 0.0694063581056053 0.464925163113018
v -0.00320244576485667 0.067612289446571 0.471752175890823
v -0.0091344446753154 0.0610979400370459 0.470945214748941
v 0.00301743936833403 0.0915548794191728 0.472569343406109
v -0.110024912902348 0.0952461085781216 0.468442128138299
v 0.035801329600677 0.141139408917873 0.495900705371192
v -0.125417160220839 0.152904086753193 0.482999281621695
v -0.00259729617413372 0.0729340897482334 0.473758025029424
v -0.05140219390731 0.0560589592388624 0.465848914812184
v -0.110641910088992 0.0839223818318673 0.465404169898434
v -0.11125223900443 0.0768487980676666 0.465884540056854
v 0.0330029897160729 0.118550566619176 0.488054670490516
v -0.121489861988493 0.125103935505747 0.465918075827198
v -0.121779951273453 0.125642087873516 0.460271483331646
v -0.113978062629344 0.1094640608388 0.464804066186561
v -0.0427609489384028 0.047407617601471 0.460884985206721
v -0.0345483216871289 0.0389909696455697 0.456207089489452
v 0.00739464995584035 0.0979095417440988 0.471499188492752
v 0.0158565263035199 0.105668740893769 0.466651526943923
v -0.130068639645006 0.152820641238231 0.479996116416649
v 0.00308908303105361 0.0858529407481404 0.471380038836704
v -0.12560008922017 0.156954670461242 0.47825874667482
v -0.113570492925063 0.0790129482585226 0.461996720806259
v -0.0710201400251857 0.0453119758147447 0.451622450089263
v -0.136583348826969 0.142260380034652 0.465215038740625
v -0.131700706113074 0.160905424527867 0.465192225732565
v -0.128490996943431 0.161927535120223 0.454376050604973
v 0.0405098772661777 0.147463762102627 0.487654711723329
v 0.0381096489289755 0.141793306454179 0.491372465842158
v 0.0435178865811122 0.131490366851056 0.478508711176822
v -0.012061643458268 0.0522360336025349 0.464667650170428
v 0.00113820430334618 0.0748036829399786 0.467176379150426
v 0.00199950186541263 0.0804498855673818 0.469385188067761
v -0.0329514832090263 0.164241759946709 0.466120461535306
v -0.111289839458221 0.0712725237857038 0.464577408978172
v -0.106756833386306 0.0673423089031538 0.462666181582292
v -0.0096396837733238 0.0466728285660634 0.460676134537829
v -0.12876231306694 0.154838682112792 0.480120876669475
v -0.113704840894783 0.0918411582995755 0.460741354483714
v -0.112093574327128 0.0844786408064212 0.463616853665035
v 0.0372156083469493 0.12241904421178 0.486942060056677
v -0.00294701242957492 0.0634892454224841 0.468989094847103
v -0.0540011070739427 0.0459576487817997 0.459016330230704
v -0.130061796687455 0.129542324989182 0.4725234519384
v 0.0351384062294207 0.120910439044546 0.482954365919446
v -0.000824661422305111 0.0700413020682807 0.466516772642943
v -0.113648302715851 0.0730912271282446 0.462843592345203
v -0.0820038428913132 0.0516881420401456 0.45484376524554
v -0.10937071501908 0.0614233012238741 0.4594128350809
v -0.105689792921622 0.0624796617514909 0.459810193196462
v -0.0975536649045879 0.0565652311930626 0.454648849389209
v -0.108575721042285 0.0570581027082745 0.456197862682911
v -0.0914699452889419 0.166910408967895 0.46225625376945
v -0.00679798585726359 0.0553061460815013 0.467575486858736
v -0.0809584894914209 0.0380200042605832 0.441265286100729
v 0.0235250724077582 0.11651826764467 0.478466823146339
v -0.0361231345188373 0.0339982747873003 0.453894251130002
v -0.00112276443107898 0.0589621735073511 0.465119741783658
v -0.00193119617622598 0.0650098825158791 0.466651835432181
v -0.113589153661174 0.067809694407324 0.461151662867491
v 0.00541117943503394 0.0874114480684111 0.468646344268834
v 0.0369062009696951 0.146858404088149 0.490405238725717
v -0.133827675329086 0.153844705876379 0.474989780405991
v -0.113773834570696 0.0979441689358633 0.462245501745946
v 0.0130091260548671 0.159332773113134 0.471804674513265
v 0.0194294500033165 0.109575300118484 0.469164220183294
v -0.0700304606811539 0.0406301396965172 0.44847910417904
v -0.0626600489054673 0.0302257252600012 0.452339130135717
v -0.0565432535689315 0.038458132624738 0.455196019288626
v -0.00440487740101034 0.0501612441966438 0.463747441502912
v -0.113050920405994 0.0612777261973114 0.459075850411845
v -0.0568937287866012 0.0319221490132407 0.453866975908146
v 0.0112804806042304 0.0966238760937592 0.461791839409878
v -0.129412835685311 0.158796785590338 0.475301040975102
v -0.117156921370751 0.105972697749791 0.454073280967673
v 0.00239431049034541 0.0766741137868477 0.465134355482543
v 0.0435180357110805 0.149211632108459 0.482956779309886
v 0.0214851594228578 0.114443851517587 0.476188967090757
v -0.116080865477564 0.0669645158171619 0.457852665607428
v -0.11737943792838 0.0749989724341033 0.456993103807606
v -0.0519556667313951 0.023312515839784 0.451076862747326
v 0.0342704797004868 0.150386287514589 0.485414688618031
v -0.13039292848433 0.131674770610021 0.46081996914723
v 0.0398616051072881 0.125237343476202 0.482421896556553
v -0.11614869312509 0.0876356996551056 0.455727211822484
v -0.119725344623015 0.0765224971502885 0.453212649103998
v 0.00672767396914291 0.0835937360622576 0.464003203621027
v -0.0731213379220411 0.031953003075941 0.443993284780434
v -0.0265154591272747 0.0369787984209843 0.453065363820101
v 0.0292610981162264 0.120648729103955 0.472952127980751
v 0.0372787842359706 0.122908800729215 0.478206610600712
v 0.00181256105716629 0.0735996946050756 0.461455165869968
v -0.112808211030959 0.0565156148061206 0.456486089240991
v 0.0303438184293473 0.153743643404781 0.479653451817548
v 0.0130866227009519 0.102494107942592 0.464183880313024
v -0.00103813150371146 0.0532534693185607 0.463567957396321
v -0.0773595623199939 0.020540325429823 0.441997464768344
v -0.0664652316575462 0.0174591521942767 0.449602565716189
v -0.00188257140096273 0.0449885017571878 0.459918391479007
v -0.0295663070942616 0.0263629618911224 0.448988467539884
v -0.0086112946671755 0.0366145827119999 0.453579190608327
v 0.00250282109430455 0.061128982986712 0.45883585484577
v -0.111305499764275 0.0521066555597064 0.451939959663701
v -0.0627144607481446 0.0241752150328147 0.452096564601837
v -0.119540576608114 0.062951260581715 0.453827760989217
v -0.109307625025145 0.0488686280452666 0.447923000584346
v 0.00302580360026836 0.0551585116059699 0.457560647984934
v -0.132135120631503 0.160535404393463 0.471162020304431
v -0.0570719660879737 0.0132846301338048 0.44838134125609
v -0.0457648314582344 0.0133204688358481 0.445586787492501
v -0.0357504825460739 0.0220804244279181 0.448971630539345
v 0.0013745554351579 0.0275350625074539 0.447431740179818
v -0.0005588229209227 0.0345190599329107 0.453048425924335
v 0.0118376725781824 0.0935111035591753 0.456172947359197
v -0.0804541910168083 0.025855465324306 0.439495818163492
v 0.0014001115050843 0.0510555793192601 0.460231697828263
v 0.0237793470153487 0.115389146915762 0.472203936250396
v -0.0948008136632483 0.0389643234729905 0.439615274179841
v 0.0383067203754412 0.151784525667342 0.483873455694651
v 0.00138081876850502 0.045156275074103 0.45855339074011
v -0.116442472827036 0.0556748098025626 0.45421815793597
v -0.064201049288702 0.0101187287188953 0.448228363245061
v 0.00536043261787349 0.0801809000924758 0.458492920773493
v -0.0135309127824271 0.167604613879915 0.461241366841343
v 0.0264895761185516 0.117143544907547 0.469550415784515
v 0.0221608148348279 0.107910808630425 0.454758697822726
v 0.0397151683363494 0.125475423055647 0.474489011967558
v -0.0701473268479074 0.00941829679299681 0.446942351023326
v -0.0649976866178615 0.00838566475039691 0.447358972441394
v -0.0887790649970725 0.0354196837112588 0.437816130425081
v 0.00494075118374559 0.056283526058774 0.454042100804784
v 0.00859700131893508 0.0656943091716077 0.446982044820464
v -0.119766481147535 0.0562772280763694 0.451911380460047
v -0.0203708334382627 0.0297338996439483 0.448254228730092
v -0.115501534396198 0.0514124858555703 0.451081577535307
v 0.0495340546975163 0.144221732032625 0.470667685721583
v -0.0594079727860674 0.00923804815873082 0.44619248331872
v 0.0422223111206819 0.153143389955671 0.482187300894804
v -0.0423129195003359 0.00174431484816202 0.437537499392917
v -0.0582069426685003 0.00320480710606602 0.440976075370765
v -0.0338012352394902 0.0152111809732834 0.445801857422662
v -0.123930887472609 0.0727606381248872 0.447677055815014
v -0.125118105509816 0.0602236284119806 0.44580955697608
v -0.122442564018873 0.0586107118503819 0.449131433729916
v -0.0776081547922964 0.0109935147605662 0.442722307536215
v -0.0739425205046078 0.00413005246942922 0.443613808424561
v -0.113885680254749 0.0485754142098349 0.44753516751226
v 0.00364799234352088 0.0402939380185005 0.454005302637405
v 0.0322130270896239 0.122185803077494 0.4702627270667
v 0.00536851928414835 0.0499788169098629 0.452979874545495
v -0.0837919120453503 0.0312150154800726 0.437315552077034
v 0.00520398177605476 0.0770980957274622 0.451845530867124
v 0.00906561462362158 0.0877196484604801 0.443666256558669
v -0.13029531536229 0.142988962584193 0.45442729279542
v -0.132082039031481 0.13662382400272 0.457484105929902
v 0.0262791553700336 0.113694050414104 0.464350571883277
v 0.0253681226771375 0.111354354076926 0.458158275997973
v 0.0392118164316557 0.156337223149514 0.477569508076495
v -0.12684029044061 0.16615540198864 0.465183848167113
v -0.119383496365693 0.0510508280493299 0.449708484722026
v 0.0453931769960737 0.153321436950194 0.478075017617527
v 0.0357909465172448 0.170919631083813 0.45581661862168
v 0.010609402278745 0.172385954475188 0.454898771044349
v -0.0325489361326345 0.00900010955353958 0.44145089026037
v -0.0834703406032738 0.0174825132867185 0.437014691533748
v -0.0411586985033345 0.180419565118472 0.445718053969579
v -0.0226032977802761 0.012642658843844 0.43969821764022
v -0.0317509121940087 0.00296929131467668 0.43706625858163
v 0.00619378742401844 0.0412934553177503 0.451325919249253
v -0.115736446329114 0.0444187235387565 0.44232281215348
v -0.0735205848268689 -0.00501040712375568 0.437081242719337
v -0.064606529300994 -0.00517419637825476 0.435569270999963
v 0.0450670257044459 0.132010037717259 0.472906050501282
v -0.122717487880639 0.0516661627226402 0.447595030152564
v -0.120157124936825 0.0938712084354146 0.441899649343716
v -0.121683247469522 0.0469509094877599 0.444988415584713
v -0.132693720215008 0.0605373951662129 0.42698297250046
v -0.131080492121538 0.0579643636431157 0.436729197957497
v 0.0347671494892872 0.124391760911097 0.467422369849804
v -0.0837948693412261 0.00980005054113704 0.437373575110712
v -0.126274244298819 0.132164328370005 0.453188207593659
v -0.127991644629975 0.167365865493178 0.461009907930781
v -0.0981332518973512 0.0261337159532278 0.425270137038326
v -0.0889020741767723 0.0207264862994403 0.431101395816924
v -0.120302294250064 0.125301976466139 0.449256324754657
v -0.081752105782434 0.00382143872486657 0.440531392511988
v 0.0127781936756161 0.0958752407212147 0.440091675921583
v 0.0178768959237977 0.104136508016378 0.443970600078576
v 0.0417109490919625 0.130335229452203 0.462981003901695
v -0.0681901012852333 -0.00912684690899996 0.432974709011999
v 0.0309631697630893 0.158860256241451 0.472223312983991
v 0.0431146358044068 0.157654873456916 0.475481895015055
v -0.0351845375272244 -0.0014076812314726 0.434267967570312
v -0.0249258038134373 0.00719377867386099 0.437578042914515
v -0.128304954048511 0.0489341370454432 0.439990488982343
v -0.0827455875933115 -0.00725534150003144 0.436288411178734
v 0.0451866820287219 0.162523040114056 0.468927222729261
v 0.0456487738438308 0.167614552974688 0.460824381667383
v -0.128289445341636 0.0558969571597593 0.44116477565748
v -0.0421124531357178 -0.00422346308431354 0.433570307286774
v 0.00766418447037638 0.0511067451940155 0.449562808054564
v 0.0471580032991908 0.157985623035573 0.47317519887041
v -0.0474806924187884 -0.00684736633866468 0.432693529699877
v -0.0250817403963706 0.177632729971605 0.449043120493834
v 0.00639757619243355 0.0349555897090349 0.449740925812919
v -0.0759158125349614 -0.0106519057455111 0.432489649087842
v -0.0600957813863229 -0.0121764555929489 0.428906825947383
v 0.0455793477869807 0.133527423545492 0.466668391254831
v -0.122892065704794 0.171008620781238 0.459326004309577
v -0.0483622169167111 -0.0177647514432206 0.423911788971966
v -0.123079400252246 0.0431691927880943 0.439792629151629
v 0.0517636403566467 0.15803202861725 0.468791561516564
v -0.045003541151002 -0.00843110024561824 0.430897694993899
v -0.126491329487804 0.139617459248434 0.447190909422836
v -0.0843596777926185 0.00451838513537534 0.437482897315919
v -0.116944157768676 0.0402824368977902 0.437354482832074
v -0.127317814416112 0.167652467213613 0.455576684961864
v -0.0354430089575468 -0.0066355219355387 0.429209010964963
v -0.0284757632696037 -0.00212643105777723 0.428965211437057
v -0.0126384123698109 0.0130757649449422 0.432381642058178
v -0.0861351681312273 0.0154890987329222 0.434099682075386
v -0.00665708989507888 0.0204889133902017 0.44100592620142
v -0.0430007624596614 -0.0102871343901975 0.429474439738719
v -0.0890680329646529 0.00792312404404483 0.431518267349666
v -0.0890636574387928 0.0059804806983163 0.431615154876107
v -0.124811053085055 0.144605901257475 0.444424769215999
v -0.0429302031365343 -0.014501021808703 0.42375058533183
v 0.0104460044747683 0.0461738012896791 0.445104873224637
v 0.0363800168068138 0.127026305272964 0.456800788082114
v -0.0754415290194541 -0.0166343238135177 0.428112019249284
v -0.0937273442012205 0.0176136098252847 0.424180659458788
v -0.0902464707474046 0.0061388824496993 0.427615897481811
v -0.0876380048616717 -0.0124871757390115 0.431767034545875
v -0.0879094276307722 -0.0165463160099645 0.428111269270916
v -0.110708995940373 0.0374374194376729 0.433408168154769
v -0.105570883833319 0.0318617330161636 0.424569732948913
v -0.0858752520966054 -0.00224519998398637 0.436452110090012
v -0.0874400770608006 0.00242136130576316 0.434271344341841
v -0.117827062729308 0.175503478438304 0.451721180164951
v -0.107808260639229 0.176508825668583 0.449320839707484
v -0.0905886036309588 -0.00688840607889179 0.432694342522602
v -0.119094490150605 0.132635628562737 0.440667390780638
v 0.0160224708897012 0.0857461203824873 0.432543865643202
v -0.0758207806576024 -0.0223802915455861 0.423149654165068
v -0.0729635376958595 -0.0338216860069705 0.41231102506922
v -0.0347358065014883 -0.00846097357879887 0.419450480872356
v 0.00949015001388212 0.0360433257981878 0.447183080926668
v -0.125089634521023 0.173103598243586 0.450935260511912
v -0.0194485435625819 0.00716756350485757 0.413263899304522
v -0.0131447085363044 0.0117074146752303 0.407352119953207
v -0.00908379573973003 0.0140146777187637 0.412035216860169
v 0.00524584517525715 0.0256293087416852 0.439122651106474
v 0.0113156635488425 0.0321184004102463 0.441694700023166
v 0.057971036432686 0.157690478854378 0.456627265771573
v 0.0273902287215895 0.113700215621404 0.454951861397182
v 0.0263576642253367 0.112974154215941 0.447816335127997
v 0.0308098543909449 0.11832191719092 0.457914182917071
v -0.0885366409323495 -0.00137648065639183 0.433814094885864
v -0.0326680285002003 -0.00597363581732002 0.426014027187667
v 0.0174572686505486 0.0721698040509794 0.432375262476108
v 0.0498207839044222 0.140554357446554 0.456681247742353
v -0.115918023547953 0.123297436462068 0.433630580768524
v -0.128236214648586 0.0459283003740745 0.434077545752906
v -0.122067857179516 0.0410334341738568 0.433989228913761
v -0.124209312915815 0.0425387184615966 0.43112459159664
v -0.113205962995303 0.0382212799745549 0.432954490866231
v -0.0568789908472711 -0.0249658725157711 0.419114344937953
v -0.0526083064934619 -0.0213900512748375 0.421367063954559
v -0.116983477917132 0.0386241984798719 0.430990250185093
v 0.0541590323006962 0.163904174398905 0.464449329091984
v 0.0295727885858294 0.11673064429273 0.451394745457605
v -0.0903624531818091 -0.000145610058654198 0.430574322075789
v 0.0497587860791471 0.16334188962294 0.467372061620368
v 0.0188596183247283 0.107157029235406 0.439818616812795
v 0.0136211469177372 0.0980627113321386 0.435814994796346
v -0.0566926490508969 -0.0319860286677559 0.410963364988209
v -0.0446573058765358 -0.017105301702023 0.417537062958663
v -0.0391721833591119 -0.0120499131971392 0.416520326326774
v -0.0946804972059982 -0.0106225265045785 0.427944255499001
v -0.049976203445312 -0.0217563358897132 0.41862270090683
v -0.000534148808595845 0.0208437819802757 0.436734287612355
v -0.124768605621557 0.150280738558769 0.440440963509657
v -0.0960307430439154 -0.0157073466057303 0.425470705017545
v -0.0140826917700537 0.0117166297378037 0.425020784916956
v -0.0950820301454624 0.0188204858428789 0.4209194478481
v -0.0910956259257337 0.0120195032519249 0.413163170389686
v -0.0907537321252126 0.00934769180458102 0.41738589782402
v -0.0930866970162209 -0.00337740875005917 0.42580801160208
v -0.029465494234762 -0.000382539909498338 0.40647613082295
v -0.0222262314907475 0.00515227676896381 0.417205381126661
v -0.127193412103029 0.0527913290383391 0.410400804057443
v -0.125060605346497 0.0468215945757807 0.413994732769114
v -0.00765967879947785 0.0160602572494856 0.42687446975281
v -0.128370313404669 0.170700375784726 0.433923964522481
v -0.129491535672287 0.156248327481353 0.424762150267396
v -0.0926557136170972 -0.0213799012741017 0.423830461562481
v -0.0906996892037816 0.00154863923506749 0.426890438854746
v -0.121072072438852 0.176496884604098 0.449109155985522
v -0.117332694317661 0.181452411218944 0.441601737124864
v 0.0206785336940318 0.110007345654218 0.435808676355811
v 0.0573851147219134 0.16453091169923 0.458913958353361
v -0.126836508827713 0.0457452142556732 0.423963535146661
v -0.130039056906036 0.0485311867643302 0.430218666339386
v 0.0134200237838657 0.0405872243941976 0.440392448574264
v -0.0870388527381341 -0.0318992338035914 0.417023855780905
v -0.0817237040497972 -0.028405289120562 0.419398639212858
v 0.0387388686047949 0.13016511123511 0.45248890478657
v -0.125510776826945 0.172558320533129 0.445482314097503
v -0.0216279698982288 0.0061932781264465 0.405565716206264
v -0.11730805477434 0.138073184275407 0.426150850399794
v -0.119428793482174 0.139221752862834 0.432502920883056
v -0.12455742530711 0.146893719877041 0.427689287741275
v -0.106479160409434 0.0309982976640321 0.416813817308957
v -0.0535581495607499 -0.0265025615710875 0.412487392446762
v -0.0480860184885703 -0.01894595545468 0.411217761785773
v 0.0111059758100668 0.0298957798519215 0.434497880147851
v 0.00462259519907305 0.0248934434616612 0.431913858852528
v -0.0594960142727836 -0.0365147683291205 0.408958891865453
v -0.0800143248540153 -0.0318943306721968 0.416268674678164
v -0.113426626658771 0.186604420768504 0.43302230447868
v 0.0133450415903478 0.0350359794597993 0.438843694243412
v 0.0199463523895771 0.106518239746932 0.422217284436742
v 0.0159522777327142 0.101848400329534 0.427346111555923
v 0.0213727504234644 0.0887625724317383 0.425349049375708
v -0.0497784297575279 -0.02186818087877 0.405926749973153
v -0.0548548299584899 -0.0335123094412512 0.40747026225898
v -0.0970008888266424 -0.0255358558368699 0.418984111841726
v 0.0305480128795786 0.118814753170924 0.439933494159778
v 0.0372773088768535 0.129586188914601 0.444755948227273
v -0.0694057231515 0.203697457885506 0.414585026599298
v -0.0850527381788325 0.205842946675461 0.408640236640109
v -0.0989917163958949 0.187713242398064 0.432915163061424
v -0.0884587054538147 0.00502864508129049 0.416857689394931
v -0.122851836770151 0.177695336894519 0.445394279136893
v 0.0506218208619405 0.169016477786277 0.459880033756269
v -0.0993046200818842 -0.0192811292005075 0.419850182920748
v -0.0417561843513353 -0.0141047917650479 0.410186488246765
v -0.121866577080706 0.0399863685172434 0.425185271752965
v -0.0978460264234267 -0.010552312840759 0.414486179702712
v -0.104383825598269 -0.0208677240398499 0.410681070531319
v -0.112554585855556 0.0360436362873734 0.426751336660099
v -0.120013360171118 0.041145590372609 0.415034618922811
v 0.0179847502015413 0.0386530265268834 0.432142263429012
v -0.0999522675855052 -0.0238937213127215 0.416650485841693
v -0.095265614337374 0.0186522640842634 0.408132005677755
v -0.085932552279481 -0.0370313526296776 0.413116385772192
v -0.0801973873658789 -0.0369515974431466 0.411892426507964
v -0.0027218471275036 0.188307848662843 0.434396156417076
v -0.123620974758545 0.144997049435323 0.438889338163397
v -0.0953952599396423 -0.00707367437810844 0.420164925182107
v -0.0850272093640252 0.00181403044559515 0.405641418230527
v -0.124006802844092 0.178795735190231 0.441101128601057
v 0.016083941536561 0.105595766614354 0.433212722036174
v 0.0492673302677433 0.17429433987378 0.450444517134924
v -0.124033737642692 0.145949459427064 0.433489388378834
v 0.0103912329901584 0.0285906113347744 0.427183439189562
v -0.11811569471595 0.100022602482589 0.423617087612277
v -0.0619769588222209 -0.0409681255552984 0.406934718288943
v 0.0546522657909055 0.170220365556571 0.457159310041181
v -0.100469080775035 -0.0323572428756292 0.411712685954287
v -0.100573396382702 -0.0385049134294046 0.408904757586379
v 0.0498591676758945 0.141902671412797 0.450129715560302
v -0.124180636871057 0.066581619839696 0.403708565158166
v -0.0520141831438463 -0.0326130484258122 0.404444184522213
v -0.120956946919919 0.181874304660661 0.439190863987892
v 0.0323078520912952 0.121405816192297 0.434955325659739
v 0.0441651516699571 0.138529389544713 0.43753445950831
v -0.0427869834376371 -0.0134376330242863 0.39935541422431
v 0.0503076521456098 0.143271103990313 0.443766787327758
v 0.0585162692183483 0.171039371832454 0.453220114036519
v -0.0970166230513844 -0.0300571323635267 0.415186094140836
v -0.102554871991493 -0.0248914786274916 0.41222160400922
v -0.089042862645237 0.0110090478276283 0.407548897349216
v 0.0165711398697118 0.0334898640429711 0.429127215187433
v -0.113163701687189 0.194031316992069 0.421861760935981
v -0.0483212195659622 -0.0263698540282814 0.401932650758396
v -0.0564374941855105 -0.0382230172431483 0.406278850593075
v -0.125658182884327 0.178776682027528 0.435997651405141
v 0.0613712317368857 0.170945936539743 0.447031533949726
v 0.000904496766979929 0.0212681951084763 0.419479389754804
v 0.0628298288312771 0.163416737354499 0.437859802177629
v 0.0543692897318988 0.149244387182062 0.433480655289033
v 0.0543419472453443 0.149645072627919 0.426775248397033
v -0.104918889667533 0.0292279664620765 0.410317751632162
v -0.0955672486531814 -0.0107631626432124 0.397999444845141
v 0.0102880419381369 0.0274388636309258 0.419952349443336
v -0.0546417273399902 -0.0434033894072236 0.403143524170892
v -0.117575192572045 0.0371611906824389 0.421417050639045
v -0.118690019531917 0.0392938901367525 0.418277203297345
v -0.0646079680635916 -0.0511554899516702 0.399338746415869
v -0.0573535590829457 -0.0488103254488063 0.401096777632568
v -0.113737667196084 0.0350061891345166 0.416909094726484
v -0.123137194524726 0.183387663731601 0.434988970106293
v -0.0818481042613418 -0.0433012713377242 0.406006012298256
v -0.0505302777560171 -0.0371627123345863 0.400803616067001
v -0.114765074562632 0.132928014370493 0.420035967615491
v 0.0538202378109896 0.175507199352978 0.448825726892571
v 0.0229157429979926 0.0689501394851312 0.42445216346483
v -0.103606537341698 -0.0318913855530327 0.409149397759176
v 0.0186485051077071 0.108915354808088 0.428853693028167
v 0.0191972918117709 0.0335466518187592 0.419294282663878
v 0.0190239956396928 0.034973338111821 0.425981007203093
v -0.117485542555566 0.13838445334662 0.421080398709942
v -0.033327170158914 0.202628009761033 0.418198562130754
v -0.0226856687942045 0.0054181969723155 0.398487015191956
v -0.0364322338584759 -0.0091039078633166 0.390885062867655
v -0.127904048866008 0.184662218855774 0.425823951412602
v -0.132950268461946 0.176336514875286 0.418258431302703
v -0.0632752271237686 -0.0561759189465901 0.395198315634596
v -0.0816195647445003 -0.0550889262634159 0.396123707365068
v -0.125481147775284 0.184335010076368 0.430739192678409
v -0.10573656349319 -0.0267545438411069 0.408222242609728
v -0.0467964864164251 -0.0306885462900547 0.398012904642187
v 0.0272783556689486 0.0446992292973689 0.417826031541438
v 0.0579321345868794 0.155052582292732 0.422968589713033
v -0.104387471515045 -0.0398903278271004 0.405743105300598
v -0.0450282927602369 -0.0188436142460988 0.39842536190133
v 0.0243452455531938 0.090280465918609 0.421800257945262
v -0.122221462212046 0.0453110059039799 0.407671077539008
v 0.0357117987483817 0.189591631446365 0.429858833666597
v -0.0580010409250677 0.208117594329803 0.408090927573504
v -0.11538504216149 0.0366713267078309 0.414175721339737
v -0.00413829502620876 0.198643253315057 0.420573500251073
v -0.0994936996434361 -0.0448270281423037 0.4046534706694
v -0.0794572959285765 -0.0470616836073297 0.402651821670424
v -0.122660453084978 0.187153688539579 0.428917177866674
v 0.0574298381538118 0.177145248932747 0.445749098185686
v 0.0512998125437616 0.181602990610612 0.439616980628618
v 0.0481834203162267 0.187394370236027 0.430223182811599
v -0.122129280146306 0.0500594358150527 0.399567514685177
v -0.107530932317361 -0.0376235184020029 0.403553142731424
v 0.010078376321433 0.0265820296654799 0.412386898862205
v -0.0519919773032601 -0.0439704196557186 0.400212614219888
v -0.0367851452781103 -0.0233406139339601 0.386073780727675
v -0.107370132266907 -0.0218101944221973 0.40092818887877
v -0.11066614830089 -0.0269779115330854 0.399527503981574
v -0.111559330647008 0.0344122614281587 0.409433646778505
v -0.10779661522762 -0.0445442410684358 0.400896385218777
v -0.10284125615076 -0.0500184910380931 0.400263782043373
v 0.0245449727570026 0.0834656781443443 0.421947189401782
v -0.11777675000239 0.0400862212559254 0.408099608664832
v -0.114420279300555 0.037193943894982 0.403821545749395
v 0.0250137428811163 0.116274985786387 0.427068118184029
v -0.0562204785141045 -0.0539308557407747 0.397104674845485
v 0.0336995883427373 0.123776501594229 0.429591648921584
v -0.0461396241432497 -0.0403393847756888 0.393687240922905
v -0.0437276073760001 -0.0290192468838467 0.394266233739071
v -0.0503462239301308 -0.0488472211393143 0.39650436405183
v 0.0602924629632401 0.177980330751842 0.4411110558162
v -0.120167815064307 0.0437398830148014 0.401163002225051
v -0.115597190577113 0.0389920352428401 0.400848842734493
v -0.113188661514138 -0.0357290490674306 0.396919165603206
v -0.122881580899505 0.0577152415165022 0.392260769093448
v -0.12093858556801 0.0520200507788623 0.395716641374239
v -0.124190547721746 0.189390282048603 0.424507105857375
v 0.0235197417511139 0.0355203451494861 0.41139891068343
v -0.125255665011725 0.188104863425898 0.425252285025685
v 0.0619144660924416 0.168587167515126 0.425584663837328
v 0.058513130802606 0.182185840677087 0.427967006102188
v 0.0611696352522807 0.17701116102227 0.434182057274535
v -0.119835590515152 0.117449615610036 0.39363473587055
v -0.120239198777082 0.1372873035132 0.405571808688784
v -0.128202858133496 0.150740309737827 0.417562916258584
v -0.123069966228113 0.144801617480216 0.413146629953922
v -0.0626096273510975 -0.0621477510208102 0.390552174368265
v -0.0835946218635706 -0.0629377353844605 0.389419750385432
v -0.0694594490527538 -0.0694285447512455 0.384735129423941
v 0.0442158546705575 0.139018623671792 0.430706354941483
v 7.99498140467941e-05 0.0196469458954632 0.40425627836941
v -0.123275578518168 0.0480013246034269 0.403630240172802
v 0.0219450449040352 0.112406581341494 0.424035110838372
v 0.00328712400233964 0.0216460821919362 0.40171963055456
v 0.013371543582466 0.0279068782754627 0.402533559052699
v 0.0236846572698359 0.108591829361505 0.418711294849224
v 0.0462284767959442 0.140839488113759 0.419096073485264
v 0.0458137979839657 0.141109296249236 0.425295986689197
v 0.0368883749340866 0.127415410555256 0.425727412819876
v -0.113878303189955 -0.04216034709977 0.394937953453372
v -0.0998631730926876 0.0242213878606747 0.399494436824058
v -0.0988808268792203 0.0237949395011735 0.383000226328767
v -0.0927969346655318 0.0170569851069267 0.386627493786971
v -0.114153566251364 -0.0468171583821962 0.393602528748876
v -0.105828187168942 -0.0550638149409178 0.395731458294122
v -0.104800645960647 -0.0175803139387537 0.385084791162008
v -0.105953058446988 0.0305703834116662 0.397452049220413
v 0.0339185637257604 0.124246922127594 0.416767210156998
v -0.100397764586224 0.024785151423796 0.404842074829156
v -0.0927428545336864 0.0162875841407079 0.401524644921956
v -0.00973740206657999 0.0133007601143527 0.404390221111974
v -0.0553949017825634 -0.0597902920556565 0.39265029299166
v -0.0525772099448423 -0.0551787392493522 0.394966836120725
v -0.0860739230886006 0.00886825327681942 0.40157526654802
v -0.090844089964312 0.0146998575517734 0.394962451490058
v -0.110101332944842 -0.0550368367962821 0.393742790676113
v -0.131053233076538 0.153387901992155 0.412937888393408
v 0.0550676909437606 0.182203131109873 0.436767352094787
v 0.0271033604790883 0.106857638451066 0.415846164054766
v -0.0205694840804973 0.206964891068708 0.411099453903803
v -0.0836982320875799 0.00748680017086962 0.395729304824563
v -0.129375753500003 0.184644546731956 0.420603683674378
v -0.0989928297233931 -0.05822780985561 0.39337905307166
v -0.0484957399842806 -0.0521503317364403 0.392751924153462
v -0.0650942765242994 -0.0714273308866565 0.382917401469829
v -0.0817883153782239 -0.0742522328209003 0.380490802715704
v -0.138377961519275 0.165028366231725 0.404362808031719
v -0.125698739464327 0.189365436344685 0.420067500773912
v 0.0315944207308131 0.119539096261077 0.414427642897345
v -0.0616976774710103 -0.0676777174526909 0.385865842448623
v -0.124777208918587 0.190402964951027 0.418968141467815
v 0.0302519080570488 0.0906502522793512 0.414883024530899
v 0.0190529502469235 0.0322134559270489 0.41163634520022
v -0.117215101699718 -0.0327190674905625 0.387728366417315
v 0.0305915907224217 0.0777531614843315 0.414340783925652
v -0.103871370044911 -0.0601861608415984 0.392326737712865
v 0.0080928454588926 0.207344970231772 0.407717999197174
v -0.116752778053373 0.0407777679979037 0.397945320694037
v -0.113759164316744 0.0379413966403815 0.393728659230436
v -0.0467118268494831 -0.0570724404748457 0.389294501467576
v 0.044766542839165 0.13723797551835 0.412138283428432
v -0.0959806077285456 -0.0667182718929494 0.386028944941935
v 0.0581751151739993 0.182549108287526 0.432937415773966
v 0.0319584637355052 0.0543013178221021 0.411770212897064
v 0.0312645064041899 0.0649140858362513 0.412734709336431
v -0.120047936280196 0.195442135084904 0.415579466772116
v -0.015766081073191 -0.000881385100026433 0.365106197679157
v -0.0183915393877592 0.00663658890853416 0.38294195873265
v 0.0377756843916196 0.103932334147104 0.405401928513523
v 0.0349550665702884 0.112815051493208 0.410096732456044
v -0.0513296562861929 -0.0606967885332383 0.390950879139001
v -0.0445758717278629 -0.0461530103853261 0.389623694667542
v -0.112730042955829 -0.0603095380115228 0.389057616427616
v -0.0505615820616354 -0.0661097608891255 0.386050976351546
v -0.0177138398154896 0.00795060051020297 0.38983550569415
v -0.113725091314639 -0.052545477683169 0.391493368515055
v -0.119184416848976 -0.0386078758233379 0.386525066850132
v -0.116712249958022 -0.0516930282997013 0.387862533670847
v -0.127563114385387 0.189460534778961 0.415045393945248
v -0.0104161273929738 0.0125571992148176 0.396916946441229
v -0.0429103901715825 -0.0517445312929674 0.385611366784545
v 0.0287005935600243 0.0409541745859507 0.412185781760177
v -0.105092298655744 0.206721697244635 0.400160981171343
v -0.116720747142819 0.200571607895724 0.402066322817962
v -0.0577928633442557 -0.0694252307622033 0.384474210428391
v -0.0100375282906128 0.0111940031378589 0.383482695813172
v -0.00324771582403925 0.0162518149574164 0.391655754753359
v 0.0516305278028057 0.18756607820144 0.427207187997357
v -0.126295250593805 0.190981709268205 0.413826326544223
v 0.025963047444558 0.0368610949610275 0.407635036232341
v -0.0842968148950886 0.00824755040443295 0.390379405288
v -0.0818649003238561 0.00453540808134873 0.382947823774139
v -0.0834479329677929 -0.00136817300408182 0.387830756285633
v -0.0450774346299181 -0.0615926852795856 0.384830610544234
v -0.115911503789049 0.126872852454289 0.371925223591868
v -0.119530005506801 0.0906122935454087 0.350112995889752
v -0.12654405707566 0.0777474958960667 0.370713598377388
v -0.11726468543765 0.0426753139124869 0.394669693708096
v -0.0357008905542203 -0.0460297364953723 0.376850317639425
v -0.132806334822777 0.15488021196362 0.407784497545772
v 0.0331953370205401 0.0909726753210637 0.41140756033295
v -0.118367901419756 0.0462314977991518 0.39225957204076
v 0.0429898054441048 0.129389528515964 0.402835917454625
v 0.0334181501273749 0.0782774765611924 0.410604958799757
v -0.0398721450593314 -0.0630402920538949 0.376393058312275
v -0.108834047913334 -0.0701840344075433 0.383550914095916
v -0.106335593765828 -0.0744602659206022 0.380559730544102
v -0.111150722949469 -0.0656516661838533 0.386668197304705
v -0.125691654244298 0.193391399373442 0.407641538974102
v -0.130096817449843 0.18897295754737 0.409184816971482
v -0.105767615479472 0.0313238480102664 0.387387391610992
v -0.0847988251986861 0.00930553985310769 0.385110422476305
v -0.0640644135452507 -0.0770310450368819 0.378620117649731
v 0.0572940554388698 0.18187316184509 0.416062022059942
v 0.0583290680710575 0.1821533662635 0.421834765385659
v -0.128464976873296 0.150149606557161 0.399776915387079
v -0.00983148300347243 0.20121793624113 0.380507912741139
v 0.0402464532064659 0.0559950083066488 0.400413211488199
v 0.0366096507613402 0.0692491934448794 0.405873291212562
v 0.053950890076731 0.187244494853225 0.423167656718376
v 0.0499639079389861 0.191665714267581 0.418929412051239
v -0.116425727547105 -0.0595105224621564 0.386182468689881
v -0.0395624754493708 0.209207064256084 0.393969603213967
v -0.122624876517816 -0.0433011035317406 0.380349315432661
v -0.119874563104922 -0.0509244230226539 0.384098808363911
v -0.00514383454340324 -0.00619614091591239 0.341409791369615
v -0.0179743556814915 -0.0289817850378401 0.35775899190082
v -0.00875676234309231 -0.0576762234219207 0.34195419994395
v -0.0569096347974004 -0.0747684903822826 0.379655245816512
v -0.0988227483670405 -0.0118194831894376 0.374410016647785
v -0.0831900670808346 -0.000449376790586299 0.381595001473731
v -0.0496150325173679 -0.0715365176575666 0.381419779012336
v -0.0470733145739567 -0.0668292063058468 0.383475708889958
v 0.0308694105220097 0.0423964176135328 0.408298799598681
v -0.0670413265067546 -0.0805129077783159 0.376579564918127
v 0.0438803821957281 0.0892441855591438 0.398590881459498
v -0.106417618304908 0.0319850573292333 0.376849969319449
v -0.0969257214086213 0.0220483998272445 0.375251005581606
v 0.0580774688163684 0.167994059948983 0.408177693837862
v -0.118075489702227 -0.0687014103501579 0.380045094504945
v 0.0364389362289253 0.0912361787024451 0.407596976382641
v 0.0568503252215427 0.155274271120674 0.411842383144937
v 0.0581827736486139 0.161061363429404 0.412619494658328
v -0.0332994981239376 -0.0633848819621511 0.367788389596879
v -0.119173254237757 -0.0630473240214493 0.381379648525829
v -0.125692083318489 -0.061513118101884 0.373064192241577
v 0.00327368135576422 0.0208539481455029 0.394192812372345
v -0.117916264746104 -0.0312329038847046 0.375899265120726
v 0.0198208973553709 0.0314091159089835 0.396457602285835
v 0.0156029002370655 0.0271533369553487 0.383212745641649
v 0.0266263223886712 0.0350143455349599 0.390344262319756
v 0.0314365803734524 0.0395176102016828 0.400376323189473
v 0.0559532370819276 0.186072789519476 0.419135726024115
v -0.122994423731134 0.142664669817615 0.401183968084848
v -0.111721196145256 -0.0741011485212485 0.379939711790333
v -0.134133119643085 0.155991214047017 0.398306227590459
v -0.0908767420944697 0.0153748017217297 0.379395139388846
v -0.0784900866296904 -0.0849232720506352 0.372823538828613
v -0.0743955755390655 -0.0877314468856507 0.370502673223198
v -0.0646370450679627 -0.0848247905885999 0.374283778291885
v -0.11588230869319 0.0418425147773775 0.387384246345575
v 0.0486283138104825 0.143630208426622 0.409498161880738
v -0.126042646914176 0.192454990139015 0.402966960908271
v -0.0599177151077424 -0.0794738603059249 0.376480326325651
v -0.0482882789434805 -0.0759766609254936 0.376930545910962
v 0.0561325012776967 0.185675024794031 0.415212891304416
v -0.0418802506564953 -0.0701835858839952 0.375772829940614
v -0.0554066125750368 -0.0809947888807386 0.375262872024838
v -0.135234247284593 0.16862860217099 0.39101473978556
v -0.126510602626424 0.158046195784375 0.381247368503514
v -0.129567635188001 0.154678631783433 0.390670960629162
v 0.0100206937028116 0.0244477849670176 0.389142396306216
v 0.0527825939915681 0.190774825351458 0.415264565742723
v -0.118829572975802 0.0474843590877014 0.387521757496279
v -0.108141304933514 -0.0798040775616193 0.376382947164222
v 0.0458458719181984 0.134520716361602 0.402263034291198
v -0.135317908383349 0.177670610360365 0.394877502047947
v -0.0822294511823334 0.00622790781300592 0.371699562023995
v -0.0888231365967619 0.0139773073228668 0.372071293833703
v -0.11549076434172 0.0407406118021229 0.380152542923179
v -0.115454923195455 -0.0757888006556907 0.377300913194772
v 0.0343561148623612 0.0448562416209885 0.404043266051897
v 0.0038368363849521 0.0196885320789894 0.386620498170801
v -0.121523623153344 -0.0683362635526279 0.376449325779863
v -0.0573598407587084 -0.0835428017505147 0.374561515807565
v 0.0516759381340091 0.148812805426314 0.405192454307071
v 0.0560151144141908 0.156858547830412 0.404092047286737
v 0.0568203492138743 0.157713703347975 0.408055967352753
v -0.0815181847512365 0.00546613696533295 0.377267181108855
v -0.121739256602256 -0.0405022307957583 0.363264468353732
v -0.00794572520727413 0.010724087975486 0.377530453248642
v -0.0125540769837014 0.00648704415769376 0.372507009078258
v -0.0029677139001698 0.0151890869305067 0.384373196110821
v 0.0254749640816626 0.204346416519386 0.393470807937244
v -0.121565926047248 0.139708994065054 0.390610224101301
v -0.117451931129493 -0.0809442866112949 0.373171543934679
v -0.111027671535384 -0.0840100094605648 0.373459491754743
v -0.130654752640772 0.186021289487061 0.396528194288801
v 0.0265822009165575 0.0355480846680242 0.398137401769189
v 0.0389034698606188 0.0906583331038079 0.404622883852302
v 0.0568271938570405 0.185521683143179 0.410518581789073
v 0.0480400689165198 0.0594725461751171 0.390633240774139
v 0.0530519468334768 0.0842443457053164 0.387069320009618
v 0.0485085020240152 0.0863003124750168 0.392905759549758
v 0.0550320555756761 0.189994527436921 0.411265891556436
v -0.122964397988223 -0.0749391600975901 0.371046379643288
v 0.0316749210251258 0.0395680455219632 0.399384816729142
v -0.124142252184527 -0.0724099050603983 0.361921519953986
v -0.107462983225678 -0.0530985961440338 0.343514174036759
v -0.118588803712812 0.0459973266451107 0.380830673297707
v -0.119228301936569 0.044740429303153 0.374020026331853
v -0.121737439515169 0.053311339479533 0.380119657582372
v -0.119486673253986 0.198483310443295 0.398311606014544
v -0.0509863158238049 -0.0818141667502994 0.374257097311651
v -0.0927054628054421 -0.00434558259165213 0.357918767640161
v -0.0830211685028858 0.00158550750295651 0.37046731700249
v 0.0347874538375307 0.043865850921124 0.400616504559336
v -0.00321128670929447 0.0146390877314208 0.382507042369675
v -0.132057375522116 0.155333331138919 0.394397082426445
v 0.0313261239080131 0.0390202308551723 0.395943488895952
v -0.124164312761903 0.194190421996453 0.396461933913782
v -0.124627563966576 0.147613581721044 0.392974336675394
v 0.0432911395619563 0.201187007529347 0.4035493032459
v 0.0453401518561959 0.113688859751216 0.394160653385169
v -0.00108861974694974 0.0161992953241468 0.383126269797754
v -0.0594876191740282 -0.0863359901209726 0.373703614048026
v 0.0491913313143079 0.143059115272483 0.40159987271366
v 0.0453956937465138 0.125899511316168 0.39001950512186
v 0.0460797819470442 0.132416385338679 0.39172371489008
v -0.0428053298248112 -0.0810115037941478 0.370213851299436
v -0.0401108373843734 -0.0740052634974162 0.371340616936268
v -0.0833818931058406 0.00338739157818532 0.35919659631981
v 0.00460022026504657 0.0197533667552435 0.384408106636259
v -0.102816856436489 0.0282145821309826 0.365752082252142
v -0.0969440818644917 -0.00751979746434942 0.350332396476609
v -0.048109662685476 -0.0857059238293582 0.3726715256509
v -0.110456624822746 0.0357619826306316 0.370953973739177
v -0.0147484918806768 -0.00821011546026202 0.359738054700984
v -0.10975414132627 0.204242971728304 0.391996003954316
v -0.103545617007608 -0.0849557166438601 0.372842256036064
v -0.0785815510934211 -0.0917044742008228 0.36681670781787
v -0.0507112609683755 -0.0905139062658119 0.370917962958543
v 0.051219676761937 0.100707995316939 0.391467015748062
v 4.26077013990456e-05 0.0156799241705613 0.379367382864975
v 0.0566089105426507 0.189983015618086 0.405708128166275
v -0.058410394803014 -0.0922358058511431 0.368506099656687
v -0.129040921972568 0.181303420420146 0.383724556096823
v -0.123083868321682 0.19485591508618 0.39493488194008
v -0.126542687769692 0.191826411816736 0.391977327523916
v -0.130879094906753 0.184762005326243 0.391780328155943
v -0.114785796727433 -0.086069878172192 0.371173762302031
v -0.115412964590233 -0.0918349233290053 0.36712611856679
v -0.106570887602656 -0.0940936044106531 0.365408858824538
v 0.0476131672014706 0.138546640138085 0.394194269742391
v 0.0514640062463831 0.194404599488269 0.406010150348925
v -0.0840143338265503 0.206557046753374 0.388232426631044
v -0.0824018283700119 0.00704302142021104 0.366313398078199
v 0.0598572139123949 0.185463681788821 0.405115309364033
v 0.0162780968639513 0.026875461683848 0.37934222710105
v 0.00788671426231149 0.0191866243548329 0.369214576086796
v 0.0185699563913761 0.0263458868680531 0.367657395951598
v -0.123258688113842 0.195617938078788 0.390083293176243
v 0.00528359149296234 0.0196533427753972 0.380622143204992
v 0.0505512048740183 0.149672925928776 0.396825474654754
v -0.124079091644966 -0.0804610299946433 0.365873720894679
v -0.119422382923542 -0.0869471441805252 0.369167015008788
v 0.0374784561069806 0.0432272094299814 0.393306326995944
v -0.102916362984381 -0.0913693410313668 0.36739271570038
v 0.0518419751964359 0.150122539258277 0.400843982998607
v 0.0657020721614821 0.177820779682083 0.391491423576502
v 0.0635992491967585 0.186176910348873 0.38897053032461
v 0.0626372644474171 0.187824105049227 0.391915525840998
v -0.00591616130394758 0.00978127104265245 0.370001107577856
v 0.0431190015976359 0.0480677697854125 0.390750396564913
v -0.126314393300814 0.19137010021856 0.39068397494401
v 0.0321419080037465 0.038754727672855 0.39200957186535
v -0.0750600315733199 -0.0953547474795986 0.364129425072215
v -0.0618775580376046 -0.0958538475060258 0.36490562058636
v -0.117437466224033 0.0423968828369075 0.377038049638709
v 0.0547500030936771 0.192613005277722 0.402766690524818
v -0.103015313955832 -0.0637715688863376 0.337759511134566
v -0.0982893490228493 -0.0949958986911192 0.36442542736947
v -0.126128750347609 0.153654203821303 0.387221607545578
v -0.122133570217104 0.194113289844355 0.380926290151502
v 0.0590368474877456 0.189095592718146 0.401958717985584
v 0.0272957230423516 0.0344523974629593 0.382400717489461
v 0.0325640171945634 0.0384985491993967 0.38793840453178
v -0.119004246062347 0.139476704579529 0.383852540308471
v 0.0345124683454704 0.038176413770278 0.375999252767376
v 0.0394288238912948 0.0428339521611709 0.38567880601935
v 0.0566042887875629 0.157739618252932 0.399909846627201
v -0.0350672769037183 -0.0811305351078097 0.363349032839192
v -0.0443985524171299 -0.0857844790983117 0.369655378667793
v -0.126077872054902 0.189773555975297 0.386152588490969
v -0.00714650004743751 0.00788357352373807 0.365904222280232
v -0.0632796534694851 0.208641786963099 0.39139465109562
v -0.127657299224096 0.164126736306576 0.379402034966594
v -0.0463073481404335 -0.0916963030639081 0.369037986674549
v -0.121884974576431 0.0465900019183384 0.37095220801165
v 0.0524956610927791 0.194865295981815 0.392599365103724
v 0.045784268821559 0.196422136385356 0.387024713706446
v -0.0538158735078415 -0.0943707055439813 0.367378567062689
v 0.0613928050480875 0.189107243160373 0.396436639670443
v 0.0530467282074428 0.106174718277722 0.387073921778977
v 0.0563565881465024 0.0996393553983039 0.385532706548681
v -0.0827901370407043 -0.0957813223027555 0.363466403184785
v 0.0557401998120414 0.157547272654563 0.395703063404407
v -0.0884271077196694 0.0138357583263377 0.366135713172229
v -0.116620437706885 0.149128383475195 0.377646302782881
v -0.115061053332294 -0.097198042305948 0.362190335092034
v -0.106420583026905 -0.0990895005039461 0.361146889452934
v -0.110756030970105 -0.100839841773414 0.359830426256906
v -0.125761192446863 0.188257415243605 0.381939291016006
v -0.124258390697567 0.0519766132680496 0.3713455832053
v -0.101763693312357 0.0273631514550874 0.3588432585651
v -0.0956916706632197 0.021014632817349 0.351930349121943
v -0.0905807876033939 0.0159980653674642 0.357254062240706
v -0.121763307347555 -0.092509738767096 0.360358957995043
v -0.118031479337599 -0.0980309005347079 0.359055982473635
v -0.038304638133965 -0.0919657446330302 0.363685389586055
v -0.0970057391925154 -0.107345501585637 0.353405416330515
v -0.053108952189823 -0.0992417652471887 0.361862598543439
v -0.0600270026296774 -0.105858302760101 0.354793706535996
v -0.0788864843741969 -0.105381382554434 0.355072831794983
v -0.0794084003108923 -0.111697585859566 0.348964066360012
v -0.0564432652789887 -0.102345013302909 0.358135254648802
v -0.00562509681744045 0.00759240196539781 0.362487454297654
v 0.0596357924097528 0.163065636692534 0.390496025874868
v 3.30176835517279e-05 0.0134224945787858 0.367442559890441
v 0.0451981163482555 0.11872214467226 0.389102732393348
v 0.0610037535904928 0.0868699260734662 0.377334119285853
v 0.0579855215198173 0.0618377983465076 0.377692743736836
v -0.123723927072809 -0.0860722555802465 0.36075960847937
v -0.0125006698729 -0.00263741437449555 0.358600970070546
v -0.044502979210486 -0.09615684072143 0.365118286330097
v -0.113543664794426 0.195938201632406 0.37702139554322
v -0.109164445887323 0.0340906750161352 0.356615028703272
v -0.0844300297797871 0.0101109073672253 0.362651841933268
v -0.114749422364198 0.142082104916962 0.375961147098075
v -0.103259283336383 0.192401045486533 0.371302289018882
v -0.0949677031691072 0.200113297833655 0.380276497059157
v -0.084047638804477 0.183568917989473 0.359048364563926
v -0.118008876971204 -0.0957755343581809 0.350413917907853
v -0.119840564643125 0.0437016043434453 0.366863898264579
v -0.122994965009154 0.160426416327335 0.372039957021997
v -0.125963464469909 0.177029152146568 0.375961795111225
v -0.0327843515453608 0.189293545157152 0.367254060344796
v -0.124064576933389 0.183956748951444 0.37370682000907
v -0.0835749167472841 0.00919061602928102 0.356379592827008
v 0.0521718399229109 0.0916366636890971 0.389379139958393
v 0.0458856060621584 0.0472110317018736 0.383492156756251
v 0.0405770165137731 0.0429047609380799 0.381919113477547
v -0.108514383697974 0.144079606164785 0.367784582237098
v 0.0482779921683945 0.149473773146094 0.393378242123257
v -0.126301574100838 0.0487723927742304 0.363828182433277
v 0.0413401945530998 0.146183860376341 0.38283326673346
v 0.0391632918836186 0.145135133282616 0.37901490303943
v 0.0476143856726301 0.15310403152261 0.375957512994806
v 0.0558434118160928 0.193158922946426 0.389259305428702
v -0.0488400630409354 -0.100879152204593 0.360490165030965
v -0.0991233764992914 -0.0240351216590038 0.338765234101119
v -0.0932816634374389 -0.00560138134626174 0.339832234902623
v 0.0548996341392518 0.158398691995185 0.387279353827956
v 0.0153550237524386 0.19069367533379 0.373247423651579
v 0.0287039696014144 0.0339967224513137 0.370282173106088
v 0.0447728562127378 0.115249196967638 0.383095799249728
v -0.133474419029516 0.0553421905707129 0.357158372150839
v -0.124925782895284 0.0462607743388092 0.359476460281186
v -0.105941647254818 -0.104178527809874 0.357208532614688
v -0.101754216978821 0.184075143526429 0.360086729388633
v 0.0031717614155764 0.0145249291126496 0.364176392498728
v 0.0525178725156025 0.0575843639496073 0.384572249430969
v -0.0369765921212417 -0.0975564109792856 0.359364347237125
v -0.120417827588784 0.191046199902137 0.372244252586101
v -0.0447480959504762 -0.10239873251048 0.358953503490131
v -0.0045776472224168 0.00729486956219979 0.358755694288689
v 0.00375760542305703 0.0140996172249495 0.360270523867598
v 0.0628106145488356 0.168432766791757 0.384169257309823
v 0.0478812032765276 0.152476925651364 0.389159794367816
v 0.0357703230810415 0.0380161708834083 0.368084031192191
v -0.115869611493896 -0.102708909174784 0.353713996645222
v -0.0218481684026267 -0.0776368960262321 0.35101264005723
v -0.117909491808199 0.0407265513519465 0.362532087826537
v -0.0522384858742034 -0.104028804321396 0.35649855136378
v 0.0551275056148979 0.192979918913275 0.386961417367118
v 0.0414559763211594 0.120208758982781 0.381790552681887
v 0.00954445305612861 0.018533999217557 0.361471575243115
v -0.12017460495811 0.042609142669683 0.358736720586645
v 0.0542426832612108 0.158388602982454 0.378793238616703
v 0.0582678861692386 0.161925028715041 0.381690241514483
v 0.0591914617063827 0.190963855974869 0.387151127033897
v -0.116324529535895 0.154644678393147 0.366114192143356
v -0.10939905616504 0.148981039745621 0.365509511837607
v -0.0595317181084577 -0.110817270186046 0.349780326407073
v -0.0915148376935747 -0.00229158926587195 0.346548344125975
v -0.0975131435775375 -0.0393555061800281 0.33421730200659
v 0.0641731792381774 0.184689900654051 0.384691877590303
v 0.0636639577451783 0.171941201834772 0.373966187520747
v 0.0627159854459454 0.181705481750487 0.37574926178555
v -0.135191250772459 0.0682272175168548 0.339034121361019
v 0.0557668142819998 0.0562714444545023 0.377924421054463
v 0.0470677246966027 0.0469598045643364 0.379677249220481
v 0.047333463965501 0.0470856422116427 0.375656852737047
v -0.108066074686702 -0.107054073450992 0.354562956624929
v 0.0550609068386783 0.105604049170065 0.383778642320306
v -0.0831110351397938 0.00440152990790231 0.353695279974441
v 0.0572845353786909 0.0922788348351033 0.383001036780994
v 0.0417045089520284 0.0429609613804697 0.377974497054671
v -0.00280056461476932 0.00631751696928104 0.351288583876537
v -0.0446874772634871 -0.108026702551452 0.352877432226185
v -0.041271740588741 -0.104542023910269 0.356111759368027
v -0.117107684207225 0.189605731733579 0.368230070514305
v -0.0844377004390149 0.0100966280679365 0.351187752605273
v 0.0365984707879394 0.184787271293433 0.369266619329975
v -0.12173592043334 0.175676762070865 0.362381902471058
v -0.0924123489610457 0.179932696765278 0.354259564344956
v -0.051762004760223 -0.109363996022829 0.351643955580263
v 0.00273761766498839 0.0124531013621705 0.356081373632504
v -0.109840526116487 -0.11261362550438 0.347125436184342
v -0.103799163751742 -0.110580289678694 0.351650805526526
v 0.0593632633254797 0.189656959954081 0.382835544062099
v -0.105388383045817 0.0307478340250984 0.350019989297894
v -0.100918158989578 0.0261649495085837 0.352316174020505
v -0.112967298707329 -0.107558199669256 0.348535051251285
v 0.036332765770541 0.138173480273146 0.376831651528962
v 0.036885515988423 0.132973062601103 0.37803763699891
v -0.116871786911948 0.168194308941978 0.351775664349173
v -0.11714754524277 0.160830302454914 0.353845703644391
v -0.120361376994604 0.188421474539616 0.368042928079719
v 0.0410728162179853 0.0422413767385933 0.373747776490535
v 0.0250488118772095 0.0298647090197405 0.360989601897496
v 0.0298595376272216 0.0337652153890627 0.362239348101273
v 0.00817788582816915 -0.00805737742859296 0.320746189512476
v -0.112028408997787 0.188054034624062 0.365036813841534
v -0.125976948938951 0.0462097433565592 0.35562569803472
v -0.0333651021321808 -0.103771016468992 0.349863044959371
v -0.113365741330236 -0.106487390462193 0.344570370204082
v -0.0998196915258357 -0.113182223201637 0.348717783661875
v -0.10605301701391 -0.116579652635866 0.34485364303668
v 0.010848282970315 0.0178141258596939 0.353745274929321
v 0.0148576433096951 0.0219424545302361 0.358624174147338
v 0.0605098962808327 0.187078093185498 0.379033601594837
v -0.109333754090878 0.0348760043125931 0.345239961502028
v -0.12069353825116 0.0427482186270738 0.354738060346239
v -0.0832202310090644 0.00595950797185387 0.348565457837276
v 0.00358056670019083 0.0120897722877671 0.352355932984094
v -0.0530563477995131 0.185446722030474 0.361895339512357
v 0.0198397077141369 0.0258486750370157 0.359721990214284
v -0.0913611092045687 -0.0101400793534472 0.334600482760817
v -0.0522882909674015 -0.114519375507947 0.346498632751001
v -0.047554489688599 -0.111046673608933 0.350315713230499
v -0.113638664264699 0.0375979720956195 0.341847717692019
v -0.119956343514829 0.0418799185923533 0.346960764685238
v -0.100578793820621 -0.10010043849901 0.326783641975581
v 0.0535051894121591 0.187460847274717 0.37490463109004
v -0.0403922322269896 -0.109132578174718 0.350795119315835
v 0.0450901882136896 0.114382561776856 0.379875483994056
v 0.0607289084969869 0.0978686081636487 0.379306971126784
v 0.0571638528715073 0.104637956110434 0.380550614945791
v 0.0406427759435684 0.119013074295689 0.378712175634274
v 0.067494392454576 0.0944733706457091 0.369968268675987
v 0.00186792258708036 0.00614455282686124 0.340425426310253
v 0.00562374514031642 0.0111930537051557 0.34477430036782
v 0.0433487956200262 0.043326678630986 0.370154289686876
v -0.0990352227106351 -0.118567593418516 0.344181726776886
v -0.118209813971883 0.183356623891119 0.36029429117481
v -0.0836818862735991 0.00784520894785284 0.343417995306928
v -0.101438846628249 0.0256795587300555 0.343624660352496
v -0.0949128548996218 0.0198200739322992 0.345466246520212
v 0.0459744922682771 0.11361269991007 0.376551695954424
v -0.0651468760367119 0.179121802353957 0.353139220988665
v 0.0509629467463189 0.155074370791059 0.370841364911194
v 0.0441337105829632 0.150749986183833 0.365690620317285
v -0.0881080164222639 0.0131625361506189 0.342919161559148
v -0.116347963044612 0.15637894871158 0.36047538139913
v 0.0569096551693338 0.0561628652593559 0.37425284959318
v 0.0483088853973546 0.0472991689309206 0.371816936873116
v 0.049241636436725 0.0474608934057927 0.367997466712786
v -0.111887098121447 0.185691283637133 0.36078501107448
v 0.0375065110619359 0.122931303991822 0.373599447637143
v -0.0672207896294783 -0.117160383955642 0.343250687411013
v -0.0634575088631131 -0.118593501387719 0.341448669744793
v 0.0550281852436293 0.108063880114458 0.37514930253115
v 0.0343954740499659 0.131543204746159 0.374523097830239
v -0.0404924658690169 -0.112599695023618 0.345150697760283
v -0.0871306447393582 -0.117008762421576 0.343773350271229
v -0.0853260405121238 0.00377008583822233 0.341539560046178
v -0.0841280653448525 0.00519661441543335 0.336733794254572
v 0.0601144635111644 0.185763898800613 0.37486320195637
v -0.0558171555955728 -0.117101394540329 0.343193717086188
v -0.120571587242598 0.0428843563362012 0.3504234765362
v 0.0574040778590476 0.161629011505738 0.373222373270988
v 0.0652825647516102 0.0842021810546813 0.371248966210634
v 0.0533179571603858 0.157152335089885 0.374777770523549
v 0.0437413733839517 0.0434987217702474 0.36623166703362
v 0.0371132684224017 0.0380976044244004 0.35996585137579
v 0.0614455504819663 0.102479378169084 0.374245021108237
v 0.015638972064332 0.0218342677013207 0.354737082821589
v -0.00837286989285257 -0.0738590766300544 0.33175920109954
v -0.0363365811459162 -0.108998289441032 0.33707857136045
v -0.0362398532603652 -0.103409051877213 0.314247336567543
v 0.0211851939910843 0.0254487644091204 0.351779949890784
v -0.10964832103468 -0.116558261854836 0.338214877579223
v 0.0354424397842739 0.141585556068935 0.370957338716393
v 0.0387220241742553 0.147577283710355 0.372068507102628
v -0.125488388640518 0.0453481875796009 0.347880663445784
v -0.094829252681727 -0.121312804145563 0.340947176554292
v -0.110907526323877 -0.110589833999196 0.339456022495286
v -0.0821521654417553 0.00134844468649884 0.330928903222285
v 0.0322502518869937 0.135087739261451 0.368738017049574
v 0.0324204917738165 0.0334839498730726 0.345821555917451
v 0.0384707018894973 0.0381482916125745 0.351601413311791
v 0.0430144609004055 0.117593834137203 0.371395377704638
v 0.0580750926776225 0.184519659099083 0.37088720874188
v 0.0344163431540346 0.127298526526651 0.371585510492197
v 0.0429392477950279 0.0423435887888059 0.361665154952659
v 0.0548234093303804 0.0513814739329493 0.365717344773661
v -0.0924212985931386 0.016683182499513 0.336951645742332
v -0.104621519543604 -0.121234380764725 0.339519301441454
v -0.0982558736243368 -0.123483970637484 0.339479932578181
v -0.100984600333707 -0.124761128198266 0.337050875999405
v -0.130693509029944 0.0495551460144317 0.352559103059435
v -0.110908780764295 0.183300663942322 0.357018563638333
v 0.0508442658127854 0.111558729407325 0.369952718579022
v 0.0184667374937712 0.0208537969530132 0.338931191827068
v 0.0230860654779569 0.0250235563501402 0.339725140659579
v 0.0474808275222917 0.115472264359623 0.364188698204013
v 0.0544231324829721 0.158381518339493 0.361643551580588
v 0.0545699653059808 0.158507730722442 0.365817477018589
v -0.0192777192294925 0.186617398017742 0.364256112125179
v 0.073436156896267 0.0669853016432544 0.357811459269246
v 0.0511663683752428 0.178837816445509 0.359921371450318
v 0.0434927534028812 0.176682274940519 0.357256130736124
v -0.0450813056427333 -0.116362610258867 0.342451498330116
v 0.0557771163929267 0.160003253295189 0.369488914329061
v -0.101274074502394 0.143272859066369 0.354946865108751
v 0.0603193155104497 0.174853117171754 0.364384417589386
v -0.0673783704668393 -0.12167909354025 0.33803126350862
v -0.0849903172889914 0.00939259860763977 0.338622162996867
v -0.133726096635578 0.0522760890341337 0.348693732606241
v -0.0487664942670086 -0.119655279545679 0.339588175144284
v 0.0317283481913263 0.131936587356671 0.369957632840897
v -0.0859667577129742 0.0103022785409897 0.33414587666689
v -0.0909063372681624 -0.12380730100375 0.337387377856088
v -0.0675016236579322 -0.126188246377636 0.332880417596406
v 0.048578432103819 0.0459041260190095 0.359523760433107
v -0.100612583181926 0.130144454775959 0.355217277773299
v -0.115580902874473 0.17799150543223 0.353361536059597
v -0.107785119054095 -0.112771134986164 0.330008950141036
v -0.0785502009342168 -0.131633796577064 0.327624070461645
v 0.0377372114722728 0.146023644184682 0.3686048219411
v -0.0380209474010212 0.176760967717714 0.351338657337438
v -0.119242396227573 0.0406340218163832 0.343303035252224
v 0.0110850791854831 0.0150199357645283 0.341731325297651
v 0.0642462275631347 0.101198449660713 0.371205022877447
v -0.0561472717396326 -0.121704250995211 0.338183715464404
v 0.0572638940392406 0.16325377255189 0.364206110769658
v 0.0407694814957886 0.121005121116562 0.36549501095801
v 0.0559022956898858 0.175081752415163 0.356093165497596
v 0.0549559747960876 0.162868196323633 0.351163400640252
v 0.0448202738634321 0.0425481364630255 0.353588906737584
v -0.0423318119117152 -0.115609644530562 0.339104343674982
v -0.103388950103014 0.0265058446092299 0.33549354067567
v 0.0119183438860992 0.0146135874815702 0.337780616356179
v -0.0914822821667613 -0.0269660380328726 0.329738075231505
v -0.0924262655301103 -0.0329084322272335 0.329545517413772
v 0.038506592496968 0.145348133593038 0.364046738656227
v -0.127262246164931 0.0472033348057127 0.344089014662228
v -0.124707739978528 0.0449694314323245 0.339708972931157
v -0.103308516061944 -0.124065784234427 0.330380194486103
v 0.0551065456139734 0.0492901644780651 0.357774351320276
v -0.135157471572495 0.0577283439565726 0.335054380781675
v 0.0376366079974659 0.140961855499829 0.357341209527281
v 0.0382018855960502 0.143623214664861 0.360708011346303
v -0.107183045606521 -0.119933796777574 0.332502407741758
v -0.119014506017888 0.0406709857533535 0.338789350593202
v -0.130218041241243 0.0511488339211295 0.335633982206479
v -0.00754937640094929 -0.0667962341523475 0.275926904910972
v 0.0165320157671919 -0.0433512850961096 0.290800736722254
v 0.0329983661172497 0.129304189228033 0.361323837886896
v 0.0697948987489083 0.0931947693331577 0.366849687196284
v 0.0717129626505664 0.0792008505596716 0.362362528088194
v -0.111852540097989 0.180541970790966 0.35298000305331
v -0.100499109970789 0.176538179068695 0.348892981721937
v -0.09828945017146 0.0214436749031778 0.333963108973902
v -0.0912123319394381 0.0150252371743216 0.329852680478776
v -0.113538536608369 0.156540455975628 0.34648997370956
v 0.0333886946645257 0.0337268937118836 0.337359429791458
v -0.0531131193632066 -0.123205047212815 0.336119862051413
v -0.097244661593953 -0.127973612120649 0.334029747538656
v -0.0462546276935207 -0.119704791491295 0.336596320117894
v -0.0993047231990357 -0.128721134279366 0.331420905339954
v 0.0628084775047053 0.104384891048385 0.365271115831048
v -0.0580724887972399 -0.130369039454143 0.3276098430493
v 0.0415909471223351 0.148503594401231 0.363019094698483
v -0.107730903935839 -0.118669791381028 0.328586602352435
v 0.0517203750873842 0.154801466444896 0.358553075697954
v -0.0852473950449206 -0.133097453388605 0.326295373473726
v -0.0315553257559127 0.17702424684155 0.351724158863783
v 0.00871275510430918 0.00921076633037213 0.329467544078087
v 0.0143434051935842 0.0156525104967969 0.334275099338837
v -0.113613128487968 0.0359836100935274 0.335972098666674
v 0.0613103671794048 0.107384318702735 0.359733055452166
v -0.083197403929846 0.00635461650949161 0.331959900770239
v 0.0213879762556953 0.177977061961963 0.358014472729228
v -0.0904166427458898 -0.0211490811560991 0.330105566530355
v 0.0401649049570294 0.147304810808441 0.360489017007728
v -0.0450727979950518 -0.117702253209433 0.332794431934246
v -0.0502324517061823 -0.123104059477621 0.333463497516893
v -0.112838766149669 0.171293845780634 0.342593382819936
v 0.00480755115062194 0.00427258760816346 0.329226411385062
v 0.0452199376669139 0.118551552085614 0.358333434645529
v 0.0383136549795697 0.123382355448062 0.359425375617819
v 0.0497012093305948 0.046039001211102 0.355577037608198
v 0.0559244181845249 0.178473401549041 0.35928740956928
v 0.00950291438840656 0.000307279723389577 0.318947413534973
v -0.0450729135665649 -0.116380192978376 0.317381766300772
v -0.0736603844600326 -0.0123432215877727 0.315861797635875
v -0.0756832864928609 -0.0233275884293796 0.314477866532232
v -0.126188019424758 0.0462634120428832 0.335715793806149
v 0.0664268937627608 0.0998483515650921 0.36795167612027
v -0.0907755140086031 -0.133381825307149 0.326935470073744
v -0.0812006839492815 0.172974837091998 0.344372304059735
v -0.0900970554890046 0.172198070195875 0.343446785995168
v -0.105261007421876 -0.116651938123544 0.31948708246689
v -0.0111304390232628 0.173587800027396 0.348660078930944
v -0.0189093691598961 0.173729480593282 0.3483664247684
v 0.0406198810273828 0.121865491408714 0.355807693511732
v -0.119271644699325 0.0402995145073744 0.335359747350335
v 0.0355835176408486 0.13743110698146 0.35406379345969
v 0.0553995322303488 0.159031615386943 0.356810041091571
v 0.0542330385506759 0.157098263726998 0.352896632392999
v 0.0452835768876676 0.0429207844743775 0.349451981609934
v -0.0865352139522457 0.0100991713103635 0.324439993187277
v -0.08248853188319 0.00629697413005252 0.32233444575153
v -0.0969155367192272 -0.132723612023979 0.328725127436931
v 0.0400939663269297 0.039127066012514 0.338807532416557
v 0.0506778566281608 0.153825230183448 0.3540848682799
v 0.0399062948481717 0.145931498260153 0.355673316005281
v 0.041933300110952 0.147605644847292 0.349911217634672
v 0.0353857535614502 0.12821340521046 0.357266524786666
v -0.103119135595915 -0.128787637496731 0.325622159526292
v -0.111367318543872 0.159846553848549 0.336278022564833
v -0.102528461427653 -0.136410851584127 0.323512121978475
v -0.0932700522755699 0.132348251134889 0.340322554349092
v -0.0680690574233309 -0.1351543302176 0.322229416958086
v -0.0795096770907966 -0.00291979296737098 0.326083947166444
v -0.0932516143304947 -0.136431280323498 0.324041393171711
v -0.120176386559236 0.0402769504087105 0.332623342302192
v -0.116755193605104 0.0370468165764428 0.329908917735491
v -0.0518741914221109 -0.126305717404164 0.327595852345872
v -0.0473613139413821 -0.120271608676186 0.326291072135334
v 0.0507378342509418 0.0462580497714448 0.351544332684161
v 0.0694023724712798 0.101658843196229 0.359189442620041
v 0.0749115268179106 0.090711883363446 0.360583835524419
v -0.105995757326838 -0.122689499737938 0.322959394132695
v 0.066138690660205 0.103157936042754 0.362201075092948
v 0.0551711496265193 0.173246552382263 0.352384615646005
v -0.0582107441264079 0.173580223989232 0.346001241304916
v -0.0636832931538864 0.17351314842524 0.345620442707427
v -0.109362207096338 0.0308277925411882 0.328160677487435
v -0.0249821303023788 0.173942906221025 0.347876323407311
v 0.0479680569875269 0.117378596237719 0.354992398687709
v -0.101690297916078 0.0246146801473102 0.32891767912938
v -0.10637500261358 0.0288686585711447 0.320405777996585
v 0.0505525198232901 0.177047237638437 0.356149002606965
v 0.0383059734427342 0.167701710802531 0.346222884070221
v 0.0330446513554134 0.171199981080124 0.350454251788038
v 0.0451175910481436 0.171816441506576 0.349910574652446
v -0.110302473109332 0.166944773010178 0.335270336920581
v -0.0987079793973601 0.17159110199894 0.342014827349432
v -0.0949936996612741 0.135367243701552 0.325432658910006
v -0.0955387678891894 0.120524094342515 0.315921957797219
v 0.0641084302969887 0.050468388890643 0.348280515384864
v 0.0751457041922201 0.0598703510491655 0.351698814808524
v -0.1296813576102 0.0504170730183116 0.331449920049263
v 0.0235775898757152 0.0248015009750673 0.335702056566862
v 0.0202311101304355 0.0193546708576021 0.326900955905677
v -0.0974580062084654 0.14200655292229 0.341033537171102
v 0.0723361654272671 0.100308689637219 0.356029775264272
v -0.0870921046956812 -0.0435602173526818 0.32321694650218
v -0.0982684412817202 0.0207589502863836 0.324798521454948
v -0.0773981351226512 -0.00214284079405728 0.32128253986239
v 0.0316673193116303 0.166699393070907 0.346239861725258
v 0.025698694624213 0.166778192321614 0.346374645361113
v -0.0587535074199779 -0.134141373928913 0.322084233659774
v 0.0104064885056967 0.00738985083902285 0.321679467768617
v 0.0461796626382521 0.0431994874042591 0.345174567530379
v -0.0537761747834666 -0.129470699559186 0.321839554796714
v -0.0500108246696908 -0.123013846245666 0.320080972492665
v -0.109256041805602 0.173227229347856 0.34252950500117
v 0.0381121306789938 0.142263736000918 0.352188266608848
v 0.0569992182427325 0.110791527049404 0.354119258918014
v 0.0501637823537796 0.115903227013217 0.35161862691009
v -0.123371741947162 0.0430247777269775 0.326359519982353
v -0.0916460499956526 0.0144862557158862 0.319115567424755
v -0.0898218105917872 0.01222657404019 0.314644919229465
v -0.109053028556639 0.15236797389471 0.339169347250795
v 0.0524349909579021 0.154291937696378 0.349082160335582
v 0.0518701821079367 0.0455939119652167 0.347419324824322
v -0.0726221241018057 0.173271342704967 0.34513129812115
v 0.0178848782863354 -0.0351904762100964 0.308794610384984
v 0.0176857721585581 -0.0162531161339391 0.308398018007416
v -0.125628371220187 0.045699307045901 0.33172706017387
v 0.0356139515738515 0.0324564628638902 0.325060450327388
v 0.0343664949010698 0.0337543348795955 0.328725956563454
v 0.0245688390998328 0.024310604589803 0.327535206393279
v -0.0847058012067304 -0.0559512835514921 0.317326547433672
v 0.0144695611921487 0.171950680489321 0.350264559432282
v 0.00173994016675057 0.172791135874572 0.349493245307236
v 0.0536077835479569 0.170741514852695 0.348940224956213
v 0.0771422804461418 0.0771613443858156 0.356272361420612
v 0.0642834488795849 0.10569508315614 0.356553576489623
v -0.119841649161877 0.0396064384888273 0.323340831902548
v 0.0140481147886629 0.0133212442069338 0.326089825634738
v -0.0442972117899664 0.173733873926626 0.346875184893111
v -0.0868763945700647 -0.144460551538113 0.313884937638836
v -0.0877486743552268 -0.152962765613513 0.305086754345756
v -0.0716936920975601 -0.14993049436412 0.306166327771459
v -0.0375895887024751 0.173808395606 0.3472368212333
v -0.0307565629097923 0.170333997789816 0.343118359341763
v -0.0895945600081714 0.0122214430769497 0.316897985720883
v -0.10021520787947 -0.140681995451382 0.320707628808735
v -0.0933002292958147 -0.141060146194753 0.318561989764819
v -0.0990133308318462 0.104147902387246 0.315383746025566
v 0.0492276872933779 0.172974105527006 0.34909096250089
v -0.126073622839596 0.0464248926374354 0.294156026448357
v -0.126051186732734 0.0460696804239203 0.308507506478641
v -0.127236828031562 0.0629393161007558 0.296793504488583
v 0.0207091388063395 0.172005222713045 0.350387569533409
v 0.0441776171112958 0.124157963318291 0.346779037060072
v 0.0470183855282235 0.0431439798664231 0.340952251176933
v -0.107229267514063 0.150303244001483 0.335522545384261
v -0.0808102315631684 -0.0304485997724953 0.318927444102039
v 0.0379634631650612 0.13729454353833 0.339525136294315
v 0.0385369687244608 0.136411266379584 0.335034975694189
v 0.037634379051054 0.141668368551367 0.331717478783691
v -0.12906968975271 0.0498154661702617 0.327149677744194
v -0.115956017283394 0.0356166450250657 0.319819709921986
v 0.0802731420839361 0.0877855564961303 0.354183390672111
v -0.108291309154962 0.171445550479463 0.338964418313033
v 0.044004321908878 0.149295252899184 0.338492743543363
v -0.0536279904729088 -0.133402749200482 0.316721279186674
v -0.0496738528941142 -0.127590571476725 0.310433198228506
v -0.105973341180297 -0.136694457092398 0.320668708818798
v -0.0571051044053732 -0.136375248042868 0.31869390756173
v 0.0530512450931896 0.0452693990293936 0.343223593820351
v 0.0774250105926943 0.0946605520126179 0.355328820885297
v -0.129491010217226 0.0497054032479658 0.320309544885527
v 0.0499758197738774 0.0340441272481821 0.326760149404057
v 0.0488328206531265 0.0365024427782762 0.329493654330611
v 0.0461181874319786 0.119725764857364 0.348970080583378
v -0.107416492445492 -0.127487826547259 0.317972538353828
v 0.0538256587394947 0.158589814269967 0.34807300258925
v 0.0458336433815558 0.0408761928219541 0.336131229602742
v -0.0513139858618184 0.173777438203909 0.34630098491385
v 0.0676167906299933 0.104017284297975 0.353245294834364
v -0.0779685302555949 -0.000231209905168154 0.303738498844854
v -0.0765984511349685 -0.00158449991425554 0.311800117243437
v -0.0854934096122172 0.0079798182195975 0.311553964068363
v -0.0369715071792277 0.170182107110032 0.342492129923045
v -0.099510668176103 0.0235617874198176 0.309066467266417
v 0.00731363323953149 0.167946090197096 0.345550402670093
v 0.0547571852106375 0.0439533425444415 0.339482027818867
v -0.0959101279840927 0.139837660404844 0.337381785630255
v -0.106562212718852 -0.125651232587794 0.3082118508507
v -0.108723756810764 -0.135850634147021 0.317282542205512
v 0.0559604454169792 0.112904089011274 0.344543407631165
v 0.0531607423253745 0.114180498099074 0.348230178967728
v 0.0515219280147884 0.16755513104153 0.346383536186839
v 0.0508849757284138 0.152889990261483 0.344606603467565
v -0.124848037373744 0.0445341857337433 0.322709067027633
v -0.10654474840386 -0.141619010441931 0.315171701929104
v -0.0999425075423834 -0.14520010327464 0.31507616593174
v -0.048687023073315 -0.121117946696377 0.315826746681138
v -0.105217836994395 0.169806947500441 0.336218509174205
v -0.109481074281334 0.157663015488776 0.332593427998532
v -0.0768059955732615 -0.00157976782453897 0.316543804430498
v -0.0850022102719991 0.00784517269970498 0.314549683655741
v 0.0697613375129584 0.103735745277637 0.344036962618974
v -0.096257520871684 0.169407525331047 0.338741386306031
v -0.0786609006264323 0.170383977720232 0.340647543577366
v -0.0659092018018935 -0.0380745375914644 0.297349698357068
v -0.0629028491885754 -0.070946011254955 0.287165343104575
v -0.0698777161000554 0.170631294819235 0.341098661580082
v -0.0612537032806608 0.170744518354036 0.341496501554257
v -0.0569518460844551 0.170488093480964 0.341825832957881
v 0.0744813996029633 0.100151551971238 0.346500292401136
v 0.0801552249123086 0.093045787454056 0.352020109480376
v -0.0501178404778653 0.170448591137434 0.342020179489283
v -0.0245888856231105 0.17025121292147 0.343401243277109
v -0.0427793907435538 0.170483468713083 0.342073130212803
v -0.0116685174178549 0.169636432549739 0.344399126529693
v -0.067709851096719 -0.139800696865347 0.316937553416061
v -0.0554902943122276 -0.140783722157854 0.314062290995785
v 0.0503129521148586 0.168677981546015 0.346408484543292
v 0.0012259774069758 0.168653337618718 0.345280246136179
v -0.00509362032119411 0.16939734931014 0.344813062808954
v 0.0501519926120701 0.155280412747011 0.343817480967354
v 0.0134639868880063 0.1676699844068 0.34563588458547
v 0.0442492489745286 0.16829364116041 0.346506115527979
v 0.0375169024239075 0.135331918983467 0.345879547960247
v 0.0195934113964787 0.16720269444001 0.345927580752156
v -0.104058586884281 0.147636350143939 0.332383649860592
v 0.0206427016373914 0.0187685223272371 0.323058218853926
v 0.0492434165612112 0.118701006947545 0.34564435793038
v -0.0726075298577337 -0.00640367608068024 0.311002233652867
v 0.0715095415765004 0.101667576756616 0.35029182894494
v -0.0547479664142485 -0.147786838082217 0.308128923841984
v -0.0574794504082235 -0.144902755506227 0.311176341710748
v -0.0894869843818835 0.0125523714901549 0.309135508622073
v 0.0480345780712071 0.159420266165766 0.342897872351598
v -0.117290696964818 0.0364663803081684 0.316550408990569
v -0.100405826678822 0.165620702604293 0.333416048553288
v -0.0972143292601589 -0.122867228274071 0.29882114935793
v -0.0182937227045318 0.170101132240597 0.343749213339719
v 0.0821685843773186 0.0559652070832369 0.346874738517646
v 0.06864751644998 0.0458523449114366 0.341911508506695
v -0.107007793703749 0.0928373924719536 0.308223547256326
v -0.116170651047222 0.0809766125294567 0.309896517691256
v -0.122155235907849 0.0414127410469129 0.316350265644058
v -0.0516698776910665 -0.134927493352956 0.313119841669934
v 0.0569102831640031 0.0412159872606597 0.336644056000434
v 0.0468019171840302 0.121990325183814 0.343724618399495
v 0.0832098285260101 0.0862181323843296 0.35075786726986
v 0.0165986419727795 0.0116870633493599 0.312003181531685
v 0.0311533863364426 0.0269487593873799 0.320530297112937
v -0.100614683586737 0.150012973508915 0.327420237960227
v -0.0936778190292117 0.160110995484638 0.329872471252436
v 0.0341279418195427 0.147666578549757 0.333689135413472
v 0.0284186396057288 0.150955326120289 0.336940877302336
v -0.0840715640276133 0.160203181288151 0.330821522807445
v 0.084169218683294 0.0665492577761097 0.348542200376025
v 0.094187161015624 0.0660265193542408 0.341080312066553
v -0.0765394990369179 0.161258086524446 0.330944176461908
v 0.0237057716343902 0.15798220564845 0.340455642715508
v -0.131030651444268 0.0629028594209164 0.311456217901343
v -0.067561212578472 0.161378053338572 0.331163132619037
v -0.0360213160613147 0.163928240501665 0.337209617728891
v -0.0193620138414306 0.162953466447737 0.338066095015987
v -0.028918694889025 0.15905080803042 0.333283525616574
v -0.000238594177420656 0.161709885458441 0.338817275987356
v -0.0480670806526432 0.160284437530476 0.332379874447196
v -0.0165254090422476 0.158217553711552 0.333572758487192
v -0.0541919952799927 0.160619180248989 0.331893877989047
v 0.00516200085777611 0.157450883176073 0.334240700051708
v 0.01127901636208 0.157010629365409 0.334779967034234
v 0.0429618143665035 0.129980423668464 0.334678954651834
v -0.0975977206274002 0.141712531660507 0.322967352007086
v 0.0210190376355739 0.0179261811760732 0.319022324527831
v -0.0351333665406393 0.156706983468131 0.329400374199641
v -0.0416617907107883 0.160078275645757 0.33263921757037
v -0.00722432525352781 0.157987781373824 0.333675471390689
v 0.0170427382792279 0.155334044623733 0.335222225620388
v 0.0141491775983905 -0.00338046679302022 0.312827236777694
v 0.0542356692731971 0.115604946413513 0.338750617754636
v 0.0490517332978778 0.120576157021363 0.340305008701095
v -0.101449850795746 -0.149981223529284 0.306523651209821
v -0.0960957875510501 -0.148096423165871 0.311669563330942
v -0.104388491645213 -0.137945580805943 0.289932701424747
v -0.109609415857684 -0.137344194192953 0.306761668251186
v 0.0161308085735401 0.00559043996712364 0.309813827040238
v -0.106045589046794 -0.143343310697665 0.309881745809861
v -0.0992466715749217 0.157493967484701 0.329369038203144
v -0.111464984449895 0.0317943626050541 0.311475640184848
v -0.0226919531240202 0.158768762437887 0.33336428230935
v -0.0581278736468132 0.158652191291781 0.327882288565144
v -0.0490852740856223 -0.139761527234238 0.309264876036402
v 0.0590541021367152 0.111792576751333 0.340483033228335
v 0.0225653114089374 0.153510164446687 0.335945814811815
v 0.0218853775268854 0.00971467825968403 0.303913395766188
v -0.0135123373767855 0.155404922658772 0.329705028955718
v -0.0920163149783983 -0.150515150079772 0.308297224668357
v -0.120824697502453 0.0386333917221381 0.306249456957242
v -0.119826871607635 0.0380037401842779 0.309949860985252
v 0.0295767694802572 0.0201296608183746 0.309643274035077
v 0.0292821835592959 0.0235593556280904 0.316229706954943
v 0.039809237765981 0.0276240008902994 0.317498272520907
v -0.0863041559309933 0.00846888824786086 0.305126581605211
v -0.0963187140594014 0.153935870445308 0.327083195674166
v 0.0768486935160933 0.0983033490963128 0.342716248259645
v -0.0941938677778074 0.150101231428852 0.320085176511152
v 0.0285421144363808 0.148107917138185 0.328934418179481
v 0.0171800925730735 0.154358693569384 0.330837286463918
v -0.0816351276094243 0.15819180266173 0.327293027902209
v 0.0555294877335122 0.0279401652023863 0.319853814955042
v 0.0815399713028764 0.0427333393158665 0.337382328074027
v 0.071401847843458 0.0357663550221551 0.329702264454888
v 0.0782215251348943 0.0315265671624285 0.32458295387658
v 0.0477646559579379 0.123148570630706 0.334001219174998
v 0.0053646927981622 0.155944969076098 0.329771124130738
v -0.0743323562397162 0.158763855169444 0.327560984176499
v -0.0948955058175316 -0.15256776788938 0.306369820485952
v -0.00701543289634955 0.152247996253763 0.325650468699879
v -0.0285358914406644 0.150027188215009 0.321637558377766
v -0.0494288792981466 0.157795014911832 0.328747604694622
v -0.0471095825636315 0.146766901471208 0.312786079493515
v -0.115093521041766 0.0315086754632306 0.30597267655876
v -0.0473162079917833 -0.132329239955582 0.306139959555172
v -0.089784530323631 -0.159994630551694 0.297808317556655
v -0.083354966744751 -0.162735978144406 0.29331197052782
v -0.0881909209671519 0.153308450934441 0.319813335163673
v -0.0963205783892136 0.146415993030016 0.321192351108123
v 0.0615825019142576 0.035946122626345 0.330366214525522
v -0.0739603810873629 0.154668853009501 0.319416969943638
v -0.0144920825049259 0.147741832643908 0.319771555860876
v -0.0731089564369194 -0.00538723314186087 0.301722556553929
v 0.0842962363311914 0.0932917697630969 0.342480249583782
v -0.0576777441807627 -0.150898688053035 0.304538733705171
v 0.0696853424215724 0.103809450478496 0.33439407260073
v 0.0819720784890035 0.0957083250752366 0.340460387964048
v -0.124533767657955 0.067606457301049 0.298403785931204
v 0.0923951219297408 0.0871966447663231 0.339116662090064
v 0.0859180883174297 0.0898271265236248 0.345314895875625
v 0.0376008875392314 0.13957505798791 0.328179590974247
v 0.0387073480740057 0.137433151242026 0.324524651276606
v -0.0394417752119826 -0.114158913967102 0.296977612896281
v 0.0509625897609837 0.119248603081337 0.336570705209952
v 0.0584065096747806 0.0316583889376688 0.32473998423026
v -0.0922618800962167 0.0160802454966738 0.302032087210349
v 0.0743194674320843 0.101792042248844 0.331056179845905
v -0.0706410894484028 -0.0111628875937488 0.305545929656095
v -0.080926017177189 0.154436483054697 0.319867266937832
v 0.0333980000911447 0.144070736665449 0.325617686723605
v -0.113488098075494 0.0836712252605595 0.301165947752094
v -0.105027599977386 0.0281491265473305 0.310114509300143
v -0.103964571850143 -0.146815695359549 0.303845106465653
v 0.0641814359486158 0.108439525323813 0.328421876917723
v 0.0585168904546971 0.113030924559334 0.33122735017849
v -0.106849768080256 0.0286602511494526 0.307548639494079
v 0.0562747994819702 0.114454010006029 0.335049058488171
v 0.0935922081039011 0.0601471444033343 0.340330315341257
v 0.0142966209807565 0.140836016532516 0.308880376001545
v 0.00550015022811795 0.139998045359587 0.310193916754988
v -0.0466050195507655 -0.144603576047289 0.305322522276779
v -0.00334052528886236 0.140321854841552 0.311641411731154
v -0.0975972511449694 -0.153544749910903 0.30374793195671
v -0.0663693304494542 -0.155011774275706 0.299999951086467
v 0.0221757496277674 0.00283274045742023 0.302216315955536
v -0.0658397171326036 -0.0193153329935692 0.293315677695481
v -0.0855866735074989 0.00690269581902957 0.295518742026182
v 0.0421591446334341 0.13255776305802 0.31499271219334
v -0.0443081097140367 -0.141358297250379 0.302346758772702
v -0.0418324997822669 -0.13549504486798 0.298574728130893
v -0.128266072267818 0.0518636862447556 0.291261194287375
v -0.100675337744348 0.0254470529645411 0.305620998581418
v -0.0997481763184807 0.132644589165179 0.313486388632721
v 0.0887566736819485 0.04932764011586 0.340852688764286
v 0.0895096486033637 0.055107358668281 0.341818060076137
v 0.0526816101755776 0.117952633486499 0.332899100896741
v -0.0388545486678916 -0.125775684515688 0.293205390194121
v 0.0269421156843634 0.0160019278579354 0.305214832700943
v 0.0229161164994549 -0.0345637913483329 0.294008678841981
v -0.0459343908632779 -0.14845413803612 0.300399510192052
v -0.0550480462495932 -0.152898939888701 0.301532223947094
v -0.0937122301260322 -0.157216698016913 0.300819869417542
v 0.0241729649720865 0.149095457956643 0.322802481002208
v -0.0277006676343152 -0.105154496642613 0.278150179822869
v -0.0995432650239109 -0.153569824749958 0.300546779372969
v 0.0398771335439609 0.0216529050455629 0.310128753806717
v 0.0496969124800487 0.121705254870841 0.330397566444907
v 0.0482340458540453 0.12456983905563 0.323422835464052
v 0.0810080716221574 0.0968226608896414 0.33887576662087
v -0.104375636066447 -0.147620336054974 0.299107357153754
v -0.0976439337322829 0.140810810286869 0.319377002426118
v 0.030953417656672 0.145281619743233 0.321049687260707
v 0.0799185354093096 0.0988594094832775 0.333479311209526
v 0.0526475056365373 0.0176425598198959 0.307439603160967
v 0.0609787324157134 0.0216314719681984 0.313003193281158
v 0.0694766460476141 0.10479104689138 0.329579421408216
v 0.0202952617621816 -0.00865518265076354 0.304340590998348
v -0.0613625003201844 0.142550679150239 0.303571388967082
v -0.019393585888955 0.137375905222811 0.308046421784827
v -0.00862452242320285 0.136432028873278 0.300409026664947
v -0.121627542036134 0.0382396198995055 0.2972359962863
v 0.0816879395854019 0.0977923628515366 0.332940621965074
v 0.0858976115710225 0.0985103749328474 0.324061352456382
v -0.0962728779529491 0.145606557826196 0.317290967734865
v 0.0546707715979633 0.116695080244828 0.329323807556216
v -0.0768526944558631 -0.00282055556277815 0.293894566920279
v -0.0999348502570499 0.108909788380855 0.310409356051128
v -0.0890538529867068 0.152084190387462 0.315719532691027
v 0.000758629811117677 -0.0573560382455211 0.266908223967476
v 0.0639646332521659 0.0254807584892634 0.317659821004872
v 0.0289753242749199 0.144876676390171 0.317682746910973
v -0.0426173305007477 -0.141712163205395 0.298293990768298
v -0.094364238272764 0.148910990036545 0.316134406113161
v -0.0734174550233441 -0.108999268705446 0.268771372861751
v -0.0894415765833286 -0.12600709084865 0.276468325028767
v -0.0709532756222783 -0.00964899384043704 0.295676408772769
v 0.0344831305691718 0.142247140373762 0.321467111129591
v -0.0805995931007976 0.00187209598727929 0.296334375298211
v -0.0826289890397347 0.151513254021794 0.311710242566105
v 0.0367898726923857 0.139162528709902 0.318313236758674
v -0.0988670934051405 0.139986993659219 0.315493389026145
v -0.047942524230246 -0.152996100675776 0.29813035545614
v -0.10523769121183 0.102951252447832 0.30352488502502
v -0.106306578461791 0.0976192637152671 0.303858005656281
v -0.100840510142625 -0.152571099879266 0.296964753041645
v 0.0513107492991094 0.120520787179557 0.326578997460861
v -0.0437241198787985 -0.147219789462206 0.297210011489756
v 0.104619955741791 0.0588275959138569 0.335298692620639
v 0.111704491665142 0.0647667805136641 0.331482417229066
v -0.096189476237609 -0.157713228823673 0.297851392455175
v -0.118845287483965 0.034578054203589 0.300427653186249
v 0.0271982352599561 -0.0210909308116348 0.296731583605171
v 0.0295836693956411 -0.0141093346352288 0.29362873418162
v -0.115404115178031 0.0285184971465879 0.301897560743893
v 0.0223424314617161 0.140268760061596 0.308147213593458
v -0.00472069666765483 -0.0726340961293155 0.260234056770459
v 0.104495328294465 0.0524703491187871 0.335490512960544
v 0.0914418307786102 0.0456285680061107 0.337616658775008
v -0.0855030235790365 0.147766717813885 0.303491504188225
v -0.0527506704945821 -0.155736573126083 0.297984443906972
v -0.0946426795736627 0.0143800024946271 0.28959422438208
v -0.0914054919014215 0.0101005960546789 0.285987188603287
v -0.0219092593536482 0.136490473911303 0.301388744647439
v 0.056083426487617 0.115771883179764 0.325078377112085
v -0.0972136863817619 0.144908188398249 0.313214899707756
v 0.0320465985464138 0.140366899348094 0.311159644147638
v 0.0303292451838632 0.139370462531918 0.307729242891925
v -0.102425042620063 -0.152633649335781 0.287737244662283
v -0.116945607737049 0.0774470660486914 0.297850675252165
v 0.0322345341415471 0.00508133895073766 0.295177544542013
v 0.0297240340305252 0.0104618289214238 0.300371421460625
v 0.0254904327081727 -0.00427678883503962 0.297402218364065
v 0.0747160918740776 0.10158647629191 0.330894348348468
v 0.0612956445897833 0.111138541424801 0.322899618780938
v -0.0989632416617547 0.0220251499954592 0.298906250626566
v -0.0960246348875122 -0.160282518964562 0.288398735768761
v -0.0993323416727637 -0.155781673763595 0.290852715749949
v -0.0993011995081783 -0.15722067441038 0.285781535128723
v 0.0375163477931538 0.136726806377567 0.312306430214266
v -0.0944374055477805 -0.161069978296761 0.291810005741061
v -0.111439013702699 0.0209549008303641 0.298318335936635
v -0.0956481277406732 0.147895563468808 0.311996460178956
v -0.118115873412384 0.0294601656579705 0.295315722942796
v -0.0831835729328005 0.00377748404084053 0.288998629856096
v 0.102710155188964 0.0434441198084473 0.332786454165206
v 0.0920516293834838 0.0301144955840754 0.322749259123203
v 0.102558840528094 0.0227446484327821 0.315001536252689
v 0.0370290491740995 0.0175608293731721 0.305977411859448
v 0.00292266984272697 0.137756074456587 0.307163195470957
v -0.0629359544790748 -0.16237546608729 0.290666902300173
v -0.0496855027981406 -0.15754959827962 0.295356280200017
v 0.074155975657922 0.102422826367984 0.322806584778185
v 0.0521744681674809 0.120132199450194 0.31139915229602
v -0.100063558933992 0.138524437140147 0.311989943986976
v -0.068336053754854 -0.0143429725287112 0.294171910964522
v -0.0978877037760137 0.0178527263725136 0.292787127513781
v -0.092097140724682 0.149566362873032 0.307892640188758
v 0.0283786494925688 -0.0037382667477155 0.29448859062981
v -0.125254349200112 0.0689593077782456 0.290983469063684
v -0.09802967981092 0.143829417027383 0.309346820471783
v -0.116652601134229 0.0235077884702654 0.293890974727668
v -0.113819811974607 0.0206885065201969 0.295736617095263
v 0.0903153697597631 0.0355259877712755 0.328214336683068
v -0.0405191964117478 0.141142590370573 0.305098152673236
v -0.0399941384901976 -0.138719636108464 0.294412790986918
v 0.108625812752748 0.0830082507711517 0.333495940998235
v 0.100480821363111 0.0856985669252412 0.335653075409084
v 0.058132651407609 0.114548638125617 0.314946921829362
v 0.0553391489405475 0.116822471444431 0.322235837560622
v 0.0631637115104353 0.109585657916256 0.315716312807403
v -0.103096733653868 -0.152449807980346 0.28263649554978
v -0.101760017142715 -0.147319466561532 0.266169383556089
v 0.114527818220201 0.0457689825841129 0.328322549432052
v 0.0392246527609397 0.0118969634169403 0.300922385089646
v -0.0347225302207876 -0.143256684793694 0.286289993515878
v -0.0310585540087447 -0.135342917324698 0.280867500116345
v -0.0944201791200959 0.147123516982553 0.308351778706721
v 0.0877844365199083 0.0312361689869504 0.32404974601117
v 0.0838095106801686 0.0251068303133762 0.317234117610239
v 0.0539680291563081 0.11803182414548 0.317093079036576
v 0.0726285472637842 0.023363570850707 0.315623419325164
v -0.103803804245116 0.137251639479057 0.304886843044237
v -0.104616338687485 0.124784074064964 0.303690900074638
v 0.111743082535203 0.0709469868159813 0.331505735272557
v -0.0870176590691868 0.00569260265879973 0.282710638420346
v 0.122187700166486 0.0524274528745832 0.32465384157227
v -0.0744621073390819 -0.00640780239039306 0.28779312700744
v -0.0680700085650254 -0.0149767921700761 0.279813251704442
v -0.0638433507035999 -0.0195690053239406 0.278127677816657
v -0.0613727112954903 -0.0228558917414442 0.282185212037735
v -0.118632509040134 0.0785830184767739 0.294560633589547
v 0.075230866425533 0.10642096976509 0.310976659287797
v -0.0407800576400391 -0.152497176113943 0.293954552541737
v -0.0471487910454389 -0.160622097249891 0.291772327744572
v -0.0906768279762114 -0.164776717152277 0.289242528771133
v -0.0860518887252656 -0.167429642765785 0.286536933189532
v -0.0646344774580624 -0.169666524046625 0.281596820746788
v -0.0281612847991591 0.13723551029123 0.301228400927517
v -0.0593998201693199 -0.0449953203798823 0.286471102216146
v 0.031451808061513 -0.0251959845164796 0.283579947111775
v -0.0988230095372514 0.143043570835288 0.306260567774041
v -0.1203473887157 0.0298908600334172 0.291692809700364
v -0.0974346642671273 0.0138779360704347 0.287403319294381
v -0.108693641774995 0.112882365885628 0.298977320555672
v -0.0801506711468501 0.000411343997362336 0.282824441260971
v 0.0152877772015631 0.138014755748165 0.298379429404821
v 0.00791987997295329 0.143394208905286 0.289791538739504
v -0.0936000291927627 0.146489602775313 0.304734639580276
v 0.104465504437809 0.0932518187471454 0.327465557250298
v 0.110981248784052 0.103034301647733 0.314395668668174
v -0.11314273694192 0.0921895260528201 0.297104362813144
v -0.0622027074912288 -0.023828037713985 0.287486249543857
v 0.122517774418165 0.0587674560163647 0.32522899609187
v 0.0663976714532378 0.0156435852946471 0.305749265662908
v 0.0273781065541964 -0.0295079895627915 0.280476759615643
v 0.0211355109968235 -0.0366814201684019 0.287421548812351
v -0.0432370716934316 -0.161116546564961 0.290424777054141
v -0.129247220835463 0.0581781117526725 0.288739779716107
v 0.0364249984093684 0.13653806907387 0.308127900618011
v -0.111742010801088 0.107836760740143 0.296296865805615
v -0.11174892147109 0.10321999709086 0.296684809916832
v 0.0554133535076074 0.00714919368031559 0.295928066228229
v 0.0764631148789969 0.00298147989122532 0.29098662051468
v 0.122991632690643 0.0649015886043903 0.32566770438569
v -0.129271723650778 0.0640660398555524 0.287191963184398
v -0.12666554071361 0.0342726263690372 0.285150121336717
v -0.092701411956842 0.147311664715115 0.299635242109698
v -0.0946137309885397 -0.164060125507726 0.282438680504114
v -0.0887425845965413 -0.168226706901478 0.283692097321371
v -0.114698801839036 0.0179059395196852 0.291723019177486
v -0.070995704358507 -0.0113083857596504 0.285721846235996
v -0.0594283437202365 -0.0318403221767682 0.28681602899155
v -0.117881901897115 0.0172722280843708 0.290021814795939
v 0.0406064102353461 0.133248117846668 0.30559229311965
v -0.133642126208063 0.052574920763218 0.282552425810505
v -0.106851249858297 0.0132280621179071 0.287993711437899
v 0.129656740900307 0.0954366372704641 0.318349958392204
v 0.120953788296586 0.103545037077367 0.31276769855711
v -0.117242994869718 0.088175786821534 0.294209343765952
v -0.111552278436954 0.0133905429784321 0.288449037664293
v -0.0967832101592845 0.0090125442689094 0.281537076669131
v -0.0573721455111322 -0.0792428284882772 0.246915965748867
v -0.0606929911357217 -0.0855245701391827 0.241265246507514
v -0.0656984116647162 -0.097135553294796 0.246085524059359
v -0.11289444843385 0.12535584088122 0.292615457285025
v -0.112609038480268 0.119917802369546 0.293507519153167
v -0.106256424867683 0.11872894026113 0.301251845254947
v -0.0767190024798417 -0.00452913340177865 0.280371697028991
v -0.080164133228452 -0.00300617893629827 0.273364142727253
v -0.0729016113266552 -0.00947104438748819 0.27799968021875
v -0.0967667808307079 0.145363134110942 0.300868937587524
v -0.0930167156639842 -0.168279405239485 0.276983423792616
v -0.0380673901804828 -0.155901955137019 0.290627492499257
v 0.068639189978003 0.107663939929109 0.309942845131204
v 0.0360796149624658 -0.0143993884667322 0.283238088613247
v 0.0648321978781467 0.108200592807252 0.311749745236542
v 0.0119366387974253 -0.0458193599156831 0.265646562147309
v 0.0128189790486285 -0.0451465466185824 0.260174336322333
v 0.018156651871755 -0.0395068857543389 0.258096114833445
v 0.0207643800068901 0.139566852088818 0.294860478578576
v 0.0831089734699861 0.109688629106889 0.307895842725315
v 0.0336152489860803 0.137328122067354 0.300312459417721
v -0.0987362125539286 0.00654910387626687 0.278998376982732
v 0.0418986099979744 0.00814683664260824 0.297227116054194
v 0.105045533386804 0.111084307511111 0.306999842947835
v 0.121454662149499 0.0255737793098306 0.311049267816017
v 0.124233118884597 0.0352165827704647 0.316814672561762
v -0.0136765397412034 0.143055588021734 0.290609103850785
v -0.0349306056205018 -0.150688313262449 0.287171802943421
v 0.0392124665633807 0.133630087042689 0.300773179609449
v 0.058236809422737 0.114332931274827 0.309818687181632
v -0.100393877275962 -0.160042352125645 0.275654293279842
v -0.129757149295272 0.0458466133580783 0.287135184534765
v 0.0860016542078212 0.120043609822995 0.298547314444017
v 0.106692148012622 0.116471304988621 0.301607539773723
v 0.0683850267499004 0.113618101158752 0.303492728562595
v 0.0716581463175663 0.109919091911216 0.307218652235697
v 0.0762772847497819 0.116983199189497 0.300739675587973
v -0.049503503879111 -0.163861585713627 0.287842402523756
v -0.0418234180111849 -0.165337720441966 0.28518424466644
v -0.123872919747125 0.0749039663897513 0.29025027758286
v -0.123336123320049 0.0811040693415832 0.2894512005752
v -0.103530946619568 0.141618584014232 0.299199588088444
v 0.0182129222085672 -0.040094923950843 0.280087129023225
v -0.0837587458974973 -0.171002259005631 0.281277716509425
v -0.05218617088766 0.141234629096852 0.295263059461398
v 0.0334088273648853 -0.00856672721872507 0.287075327399431
v -0.0742563548479918 -0.174252543795941 0.276491834578196
v -0.118216364916678 0.0115018413121754 0.285281600824926
v -0.110004322754086 0.0118511383024136 0.286520692078685
v -0.109110345964307 0.00721234793812155 0.280743640115809
v -0.116211354810834 0.0982979021657908 0.29321932961725
v 0.136285133010546 0.085137217900187 0.320499171163888
v -0.125418588554483 0.00730168695261588 0.276626249090894
v -0.130260382180556 0.0181593486840731 0.2802012956148
v -0.1288556854182 0.0703152738255457 0.286426332160238
v -0.111593624180257 0.113482059972035 0.294837342541293
v -0.0951222354075115 0.145979294948822 0.295593885693491
v 0.0499102826407283 0.123585242251613 0.303424767924428
v -0.100254498104922 0.143736033087412 0.288046709520812
v -0.130772140309971 0.0397457921023745 0.283488902917678
v -0.12118124003879 0.0930871493896968 0.289080887288919
v -0.136976215554416 0.0648106030862741 0.28065041172898
v -0.035042973332383 -0.157126179008351 0.287333126393274
v -0.077588772748047 -0.00544349347323844 0.268559624000398
v -0.0412751457453326 0.144950193422243 0.287089104805624
v 0.125535073802773 0.0467658231256479 0.320989064555468
v -0.0924001478951065 0.00498158460276605 0.277714199081276
v -0.0954956460257532 0.146509844556556 0.290986263317419
v -0.0866052060297446 -0.172308321299813 0.278598064086086
v -0.133708303302553 0.0458048553066543 0.281615137987953
v -0.0735294064645547 0.145428276505507 0.289636204159984
v -0.0644749393817746 -0.0963098593626722 0.264254643778863
v -0.0886953934104425 0.148150040241115 0.290234233369041
v 0.041505346021676 -0.00127298796913614 0.287479163409217
v -0.132683277236715 0.0586371545821159 0.283452438602023
v -0.0948947334559761 -0.167792280458734 0.273445771933521
v 0.0602510536637888 0.113329374797271 0.305962857097227
v 0.0550519503279392 0.120307399562631 0.301057993571874
v -0.105113148485856 0.00111319770957158 0.27345016123076
v -0.117324734732216 0.00672243690461334 0.279065090965717
v -0.0441764254461767 -0.168727428793272 0.2812458449247
v -0.0492411854303465 -0.175363447120076 0.273723234636581
v -0.0502303762314372 -0.0388992800100189 0.270057272409052
v -0.0518223899609099 -0.0472961835552338 0.275818362958556
v -0.0570930321823248 -0.0275617632043202 0.276060540321392
v -0.0292193022378371 -0.14802442262427 0.278280795000775
v 0.0431643456660053 -0.00607252833174259 0.282447411113225
v -0.0380155828049859 -0.16594158803681 0.283859132536345
v -0.0357187359913 -0.161155310154377 0.286663437954384
v -0.113350466456367 0.131432528369921 0.291394283521013
v -0.0762581286122655 0.151602694988522 0.280726106401762
v -0.0818685032597463 0.148254358378973 0.285529234444268
v 0.136349101691003 0.058877511338868 0.320859294388302
v -0.0616824717529885 -0.0216853388945032 0.272308106407105
v -0.0666835233716944 -0.0154312761417713 0.265831992064179
v -0.06212535165137 -0.0200486911351956 0.263051928265698
v -0.11631051755658 0.104462178281463 0.291886696662865
v -0.0701255490652417 -0.0125721293006839 0.272147459354891
v 0.0865643460805076 0.0100975676927474 0.297937127940425
v 0.0357688119050015 0.137898326581722 0.294166577823233
v 0.119643314992077 0.0218371359082696 0.307592173863089
v 0.103208885534788 0.0113109921655658 0.299076135006357
v 0.02234241639973 -0.0351812689097337 0.261335803949437
v 0.083626093044845 0.00605232232518301 0.293570989589115
v 0.0443490020216584 -0.0112810640095652 0.277338118871665
v 0.101219714646531 0.124643759538927 0.294173518761688
v 0.0881339234659823 0.125847855438008 0.293568945081284
v -0.0786638245787719 -0.11898288731969 0.260662824726804
v -0.090346650747864 -0.129772425599706 0.269806401464747
v 0.16008477065713 0.108486480446806 0.303543505876511
v 0.143683329473996 0.11679052759074 0.298073771917345
v -0.0249936639348321 0.141438859920655 0.29152231707775
v -0.115991136469936 0.109669997122173 0.2910047131834
v 0.0795719596247097 0.113210380728106 0.304156986834687
v -0.0944963448237407 0.00268582230869712 0.27464453791758
v -0.0330627759417027 -0.1614439843518 0.283109130366212
v 0.0700731624673172 0.124625472140814 0.293981439119657
v -0.134798752836707 0.0707549338156159 0.282325415067118
v 0.136757501443975 0.0253903054499804 0.306118013437804
v 0.140675771900388 0.0449363930386629 0.3167052533316
v -0.0890666766697131 -0.172859945698327 0.275577838003387
v 0.0559087356682323 0.130720136798912 0.28875643925523
v 0.158164537608158 0.0852730243547728 0.313974670889911
v 0.157449544214377 0.0956423062685717 0.312439044491517
v -0.0931491384196878 0.000570776952196955 0.271669512057267
v -0.127354926615982 0.0954248332126816 0.284347963054907
v -0.123351777576301 0.1063798762305 0.286100879692626
v 0.153098431313868 0.0590577149126923 0.316274170903578
v 0.158739561047128 0.0708242676968047 0.31420164715007
v -0.0522545380788889 -0.0589700534516484 0.264623978984928
v -0.132257003132394 0.0331489115921968 0.280171570500879
v -0.131381771970689 0.0266280541089243 0.279997893378691
v -0.113076964372312 0.136129871293884 0.284921735648002
v 0.0501165211158299 -0.000966114619657645 0.287369689462956
v -0.1388483010078 0.0586909254508327 0.2792818431967
v 0.163286791680823 0.0660093702335128 0.310682875676731
v 0.158525327269022 0.0525887634565649 0.314241203782478
v -0.139692125804225 0.0394532607415064 0.276169584341322
v -0.116966545455756 0.115117324707812 0.288759517035782
v 0.166797940660284 0.059932333032525 0.307352614685117
v 0.157556226820983 0.0353879261410748 0.311381648763451
v 0.163008474078734 0.0409790365988563 0.310192066929223
v 0.116942128630862 0.119337489913232 0.297807192630718
v -0.139376526977139 0.0525586944896284 0.277782120266264
v -0.121423431442107 0.115886707250733 0.284313548239391
v 0.0585693234425454 0.125607609285784 0.292833477377
v 0.155332004843994 0.0253238806614198 0.305461777226709
v 0.162095984568954 0.0291351749210324 0.307526324880023
v 0.166734857724233 0.052958680187543 0.307427443435913
v -0.049164082262433 0.147092043274688 0.285658161296932
v 0.167513408813712 0.072277485738321 0.308038205885908
v 0.0634598786498277 -0.00776453478077186 0.279709133094238
v -0.0845867811606125 -0.176610488258345 0.273877574176771
v -0.102295407533148 -0.159457542550807 0.259649397090467
v -0.0948508582112508 -0.170866449342763 0.263947561371372
v -0.0907872379190326 -0.176411670526095 0.262962831538876
v -0.0870465608032155 -0.177114193223399 0.270353572768397
v 0.109622582968479 0.112429848135205 0.305187340296086
v -0.0829872587285803 -0.00508975958667287 0.265812088126439
v 0.167238233538568 0.066089337917635 0.307727939018912
v 0.166611581761668 0.0477223309386394 0.307204020978931
v 0.0619679460699369 0.121023764231846 0.296434911991915
v 0.168169409723486 0.0788202172607397 0.308853640411268
v -0.139199350406478 0.0328197342041317 0.275502666234647
v -0.0664534419453123 -0.177127328678953 0.272479638484218
v -0.11695522265388 0.121526198837847 0.287932787804931
v -0.0365244064024397 -0.170441580675409 0.278658331325592
v 0.065927411601675 0.122842377546213 0.295000585973171
v 0.166814642989313 0.0348392494991761 0.306490070484582
v -0.0313098809260733 -0.165279750758727 0.278549995791555
v -0.0536149958771448 -0.0313007123301465 0.264802931191123
v 0.171104677926575 0.0721077496127536 0.305399375585189
v -0.10908224377115 0.138737802566325 0.281792643712473
v 0.170427300269571 0.0600963474815538 0.304886191239043
v -0.0958246089700893 0.1470484024235 0.286287305317434
v 0.174738043055054 0.0781025640080077 0.302845748050881
v 0.17180444638701 0.0843534644419653 0.305745949367529
v 0.0651120655142093 0.117442018142735 0.299819639105868
v 0.169992679644099 0.054017647355076 0.304548297369036
v 0.0359947548620053 -0.0190122893054297 0.278014498137237
v 0.168642655616591 0.0853061638637551 0.30912611376293
v 0.169418058119759 0.0420949788392504 0.303651811732244
v -0.0438588398516502 0.157511223902299 0.271672169365417
v -0.0554137561477036 0.154289300789647 0.276128134793779
v 0.0465473508585956 -0.0070817241634564 0.281259724747207
v 0.177669266954861 0.0718967435014692 0.299835837999238
v 0.169625865209501 0.0480398813325582 0.304114431702841
v -0.123323251711171 0.113631436920171 0.283745328605439
v 0.1742349173993 0.0660514640584026 0.302679189215726
v -0.0730609951152232 -0.0095219620428045 0.265492273713093
v -0.129791388029942 0.0963702709984686 0.281352650911145
v -0.130525635864878 0.0901687675175352 0.280698975908429
v -0.120845851204361 0.134720698052659 0.280893316651558
v 0.0248865881680484 -0.03241867091925 0.26841927801786
v 0.0290557869822826 -0.0280717935292926 0.271665287153821
v 0.154361525024997 0.00684799740165807 0.291065769317734
v 0.15253113429397 0.0163803760017592 0.298773011210518
v 0.128118415815734 0.00610554920143472 0.291411337179107
v -0.1341600849691 0.0783100134492862 0.281914553868081
v -0.138773864975424 0.0668468106875177 0.278802444524672
v 0.172769743965801 0.0913766096023224 0.306095259078931
v 0.172530966742462 0.108596188570477 0.303342216140289
v 0.167420017572386 0.106102950958727 0.305441923873733
v 0.17303162813091 0.0973340533852913 0.305848831351814
v -0.043615169052084 -0.180443787752615 0.267045686890627
v -0.0410112608460848 -0.17731309883342 0.271035317879076
v 0.172403797648124 0.035495228808168 0.300072838670613
v -0.119821938050417 0.000799321161015679 0.271302249582969
v -0.0697642430677187 0.152647189713486 0.280476353356169
v -0.0567094951408437 -0.0269388025855936 0.265683696914993
v -0.131516013844625 0.0838187545770846 0.283303666918936
v -0.0946988848604403 0.148680070785648 0.281258442512662
v 0.0137512093246205 0.151553810807188 0.277643934442624
v 0.00576276750170409 0.151638091496297 0.278323343021576
v -0.141308621157494 0.0593524463481483 0.27696955317735
v 0.165356311698402 0.0181892034432444 0.300871430120181
v 0.170067233883892 0.0292887530637707 0.302385972905393
v 0.0539816015362804 0.134845590078713 0.284858911180215
v 0.0513796290952832 0.140872862312593 0.281722273599625
v 0.0397013195637318 0.140633714053732 0.287894032844887
v -0.0495385257104086 -0.0450033946976126 0.264057551868754
v 0.170207247790913 0.0234235213104481 0.301143054484192
v 0.175669299730624 0.0911791780485048 0.302737502875633
v -0.142038908107187 0.0545589365626144 0.275792483931471
v 0.177627276331293 0.0599847742934147 0.299632871905802
v -0.0307435179817746 -0.161163837099777 0.279290787590909
v -0.122350606393468 0.11876681280338 0.282988131577066
v -0.0288303859819449 0.149664312201836 0.281419448351754
v 0.178230560177411 0.0838413356368893 0.299853380267442
v 0.17792938238244 0.0778841001754263 0.300064309337437
v -0.128037452037771 0.102222142397198 0.282019090419268
v 0.162456317362406 0.00983586015184097 0.293738515953158
v -0.0532539920302605 0.147048504390032 0.286218268423095
v 0.172726935529974 0.0482075754516963 0.301451210996584
v -0.0719444132115726 -0.0140273877983051 0.259936932833605
v -0.083411797949205 -0.011371480893239 0.260485336421928
v -0.141719798791252 0.0262600666408894 0.27240370995557
v -0.1321207044978 0.0843212010428142 0.280117437023181
v 0.177055820577922 0.102910297602057 0.302036665816286
v 0.0451399825255197 0.15248667500895 0.272209769977336
v 0.0289635988884715 0.154026873491075 0.273141695611069
v 0.179154551451146 0.095541115719014 0.299262219286797
v 0.168955646865825 0.0128113124164388 0.296719741361897
v 0.17665083064615 0.0536728997631752 0.299386404857057
v -0.1349308817677 0.0790863978158674 0.278742191319106
v -0.126209921252521 0.126929783755821 0.278142540065273
v -0.127400146178897 0.108612599654807 0.278981343114135
v -0.132932827561657 0.00481467800736203 0.273758511682872
v -0.133113325659244 -0.00154338967417232 0.269004603143642
v 0.0930413541790367 -0.00231147286953825 0.284112471587854
v 0.0710942283602393 -0.0104331047673148 0.276836630386241
v 0.0317975992562689 -0.0247534166869385 0.264597544166468
v 0.0393397964936448 -0.0169065203596069 0.271892148441785
v -0.00788492886940036 0.149066296637397 0.282239247719814
v -0.142149418635649 0.0396529498502581 0.273462222561421
v -0.0327436270966348 -0.170761806240124 0.27667031955084
v 0.172416541930716 0.0423489755992473 0.300813884467397
v -0.0205258252854864 -0.152404575085164 0.26535978384189
v -0.03466352799893 -0.175116540008366 0.273843224802117
v -0.0709243376533168 0.155519604213878 0.275690613444454
v -0.0793740895559272 0.155607885749317 0.271501077381984
v -0.105770042302423 0.147220230426193 0.273757074160676
v -0.14452704647126 0.0471820233503014 0.271570116231599
v -0.0910351213226915 -0.00286407601859421 0.2683457990829
v -0.0820981775191574 -0.180553467887591 0.268778592462855
v -0.125014402605569 0.118528100723673 0.279660131904345
v -0.126061722885199 0.11428881447297 0.275540419275061
v 0.173364501963902 0.0180215686658493 0.29680648005711
v 0.000162155428219662 0.149352350192954 0.281728370610169
v -0.142756316338546 0.0606275502497941 0.273987246827452
v 0.181112376005755 0.10830151365699 0.298561616681259
v 0.17671755506758 0.113952018079243 0.29926839479104
v -0.0114827650723652 -0.156196229586846 0.252889977846127
v 0.00776470445495058 -0.113188104832999 0.237394139797445
v 0.178686206584854 0.0896714791275367 0.299783108571339
v -0.110489052487929 0.144208046397791 0.27397312348173
v 0.175379856223744 0.0251121137869642 0.294653228755445
v 0.175294767691602 0.0311714108390904 0.296019474812234
v -0.139811685301137 0.0675154676979102 0.275727227940608
v -0.138893554009695 0.0688998387469952 0.259788539678763
v -0.142072110298447 0.032886650320378 0.272817344011007
v -0.125236683143024 0.121303756113406 0.279710289515498
v 0.181276962518149 0.0654582495337707 0.296081813745217
v 0.151947563610598 -0.00557665493185137 0.279894691138493
v 0.180625446404406 0.118753635823714 0.294912384649186
v 0.174059332166007 0.122701557800064 0.29313649625977
v 0.101844352807869 0.0023617950267407 0.288592142813577
v -0.0641663697902065 0.160554263422346 0.269624291366408
v -0.0578981986577415 -0.0304712933854758 0.25609122183906
v 0.112124898441462 0.143457385806023 0.275849886743682
v 0.0996169400870175 0.143529969938457 0.276462455145123
v 0.17937386555571 0.0484764366588514 0.294790863133171
v -0.113881211659623 -0.00535983419795055 0.266048590721982
v -0.108270764810124 -0.00566244204808932 0.266338466141978
v 0.0600119683649654 0.137863000689746 0.282048692967941
v -0.129829871558244 0.102995046641602 0.27843160048825
v -0.144724353950754 0.0334625278238914 0.270225054174386
v -0.145757591233636 0.0422368258909091 0.25954288927355
v -0.117139222209943 0.137717793748563 0.279385708932768
v -0.145350994778266 0.055471671368096 0.269160103095932
v -0.0256030509747848 -0.165556184173287 0.271195945977325
v 0.175224032862865 0.0360714946363246 0.296696233003768
v 0.0467453558662872 -0.0165428724703511 0.269699577243546
v 0.0379838464624059 -0.0204774530311074 0.265604382108582
v -0.0946976090679222 -0.170572331087245 0.25445755016279
v -0.119520228956617 -0.00458488647418181 0.265883358514978
v -0.14130025048864 0.0197416711169387 0.272597925912622
v -0.12819175886358 0.0909281467131183 0.264704347271952
v -0.131372300208951 0.0822541194547526 0.26355963737404
v -0.13817755615172 0.00682593153704396 0.272667401659752
v 0.0536495577548556 -0.0143393485088843 0.272723912663689
v 0.184881275227127 0.11308807817407 0.294026042643241
v 0.17250248893567 0.0077925419056995 0.292050849153334
v -0.0931311053882061 -0.135783736612442 0.262461631906048
v -0.140301993857985 0.0131707869899397 0.272701764529128
v 0.057337921219331 -0.0211596983805834 0.265920080385368
v 0.0711122868282754 -0.0364106884419411 0.250089023299136
v -0.144489830579869 0.0265299654530803 0.269439493907041
v 0.16070612642488 -0.00314738405656905 0.28221804170268
v -0.0718874514536011 -0.0191414629494741 0.254937956214643
v -0.0920724865558771 -0.0148628065129029 0.25714153317146
v 0.155287343780428 0.119632480155725 0.295234775391042
v 0.18917801756192 0.0914685342653708 0.287058820104951
v 0.182493412028163 0.095302341080919 0.296182761024258
v 0.176783278650102 0.0131042852142006 0.291926402794887
v 0.0673035495867459 0.144055192408134 0.276585520267099
v 0.183200136321381 0.10100500782291 0.295561321326956
v -0.0210886084785797 0.158561007823907 0.270082997285009
v 0.185268127618741 0.077107251618894 0.292449432788183
v 0.166000516008451 0.00470115708497465 0.289487412589897
v 0.187598667258502 0.106276932924514 0.291056985401557
v -0.0295872508984568 -0.172088024674466 0.273810674360929
v -0.143682796910657 0.0195068409682792 0.269156042531675
v 0.136144227595645 0.137748654635462 0.280260959048262
v 0.147255847180849 -0.0179350607832957 0.268293091645567
v 0.155637985558619 -0.0158518897878807 0.270386672671989
v -0.112584374040307 0.140696654704813 0.276694817046106
v 0.184732269413265 0.118392190777981 0.292384786041621
v 0.184141621009118 0.123714602445219 0.290581752960846
v 0.177874372072957 0.127906166913894 0.289503246748734
v 0.18776079922422 0.128940660449212 0.286492385149167
v 0.176173624597922 0.0186764876526685 0.293293821163956
v 0.00991029680074187 -0.0484550499205208 0.252489738841495
v -0.127674922284571 0.123975833789957 0.275788324505118
v -0.125756681406953 0.140977339916196 0.275224013349986
v -0.12724021283773 0.135688244278955 0.275529600035287
v -0.0368895006195523 -0.178232825561882 0.269822630047569
v -0.0678104274863843 -0.0238118417583472 0.251588872506535
v -0.0862483156281028 -0.181166989077185 0.262110654135828
v -0.128008562374055 -0.00927122877319784 0.262361484891849
v -0.0888917265467795 -0.0241482555208525 0.248080717110435
v -0.0557578695965884 -0.0440200248996955 0.255315339178171
v -0.0561500309243805 -0.0570424907162766 0.254548663254356
v 0.178780847836128 0.0425364123859837 0.294046767591459
v -0.0892381185107309 -0.131105886261232 0.25746792500747
v -0.0904231755808571 -0.177316754127945 0.254560674312781
v 0.169635416590799 0.12991112361086 0.28677790371935
v -0.0363654749236785 0.1562897188322 0.273456835500845
v -0.142761728570861 0.0126483963724813 0.269132552448975
v -0.0306161150978037 -0.175694531532197 0.272465064147989
v 0.168732688960559 -0.00039387917391566 0.285214704736757
v 0.175822403088206 0.00284667003844213 0.287416448841726
v 0.17668985616648 0.00772993919909519 0.289893196398743
v 0.178232658994403 0.0314360883301534 0.292020066324471
v -0.140227241076808 0.00718680563142495 0.264332709089355
v -0.137230011954101 0.00105811100040869 0.267421919580121
v -0.0341823463006425 -0.18704768649272 0.259066155731025
v -0.0463346016765711 -0.194455324462259 0.249255058552767
v -0.0360612526147247 -0.194549946617649 0.249584340583116
v -0.0589547648122231 -0.0499155517942532 0.25071950037905
v -0.127708034135175 0.130514741213628 0.275487259073385
v -0.0582218604204101 0.164065417048582 0.264538097762202
v 0.186573758086835 0.0620446566030118 0.286431732609522
v 0.00644054578172631 -0.0549799106099556 0.251073116240132
v -0.129609639171097 0.126018513161212 0.271576808694547
v -0.0945498176684981 -0.137835210352922 0.246581113102441
v -0.100044283441055 -0.148191298418121 0.251148538824023
v -0.100285619756528 -0.144854835656272 0.255949406903346
v -0.136998212946886 -0.00158577045274983 0.262288324627024
v -0.103396430868838 0.153092683253491 0.266698314536601
v -0.0899142553482289 0.157373627610469 0.266499387096041
v -0.145443125177244 0.0201414081647683 0.265662810115976
v -0.0718959931694534 -0.10750295389778 0.250810383781326
v -0.0752955688225969 -0.11259017692017 0.250145002238821
v -0.102492883884096 -0.15677562727701 0.255313688600834
v 0.181368090614776 0.0270691662168863 0.286359082937048
v -0.104180514416748 -0.00929907779398031 0.26262701169766
v -0.127153736774922 0.145594041902731 0.270243070564484
v -0.120423302068314 0.152675731639607 0.266931585770062
v -0.127304132234749 0.151727967965521 0.265188825665851
v 0.0279548041577626 -0.0292128106345372 0.260869476035618
v -0.0791076444077448 -0.184547983166418 0.263851062170453
v -0.0680388341197908 -0.184138064340665 0.263891045630366
v 0.183345484647512 0.0451404665646233 0.284182738715509
v 0.188630918418684 0.113933433846941 0.29024701008036
v 0.189821794361298 0.100559820287382 0.281897696347229
v -0.112257002349465 -0.00725843128291993 0.264441273034208
v 0.170610859495939 -0.00540785926804485 0.280774256442645
v -0.0913019338580744 -0.132035736491744 0.247155675211682
v -0.0834465638408227 -0.120265729499822 0.243328172050807
v 0.180020459237425 0.0143651102024034 0.28810814769407
v -0.0853142800653685 -0.183016991339042 0.257916738004867
v 0.04998787407014 -0.0235415880312414 0.262918913477062
v -0.0268186353282511 -0.175705285608714 0.270306967136827
v -0.140200550840073 0.0145326817104828 0.256608459949952
v 0.0541016442952412 -0.0303776169141453 0.255786272822929
v 0.154405303244543 0.139083151421875 0.27788876176487
v -0.0600113605731546 -0.0365596631325288 0.251803343966583
v 0.188238191292298 0.119634228851182 0.289049797314256
v -0.0231676436171405 -0.170938266943718 0.266989647812247
v 0.162369276334717 -0.00859535994506651 0.27748261107017
v -0.118027925775966 -0.00644796169583107 0.264193792356023
v -0.0289073201659454 -0.180165776411825 0.267122121578768
v 0.180925948662466 0.132838126674499 0.284904432071878
v -0.130259730155471 0.134975587396992 0.271400138207171
v -0.0197523501383045 -0.17026532673199 0.263194845351113
v -0.126575533080969 0.11785639942851 0.26620555405004
v -0.12594448244744 0.106141947930616 0.265448812565794
v 0.11312277236846 -0.035353040796886 0.251480088500328
v 0.127855247633082 -0.0253724338726419 0.260939479964829
v 0.121948110932412 -0.0183091014533062 0.268202398167379
v 0.0219033483568753 0.159042217321841 0.268373139394031
v -0.129516488617819 0.140549755763499 0.271384871535402
v 0.180452905702229 0.00297496679525641 0.284915628679952
v -0.135693129764681 -0.00203000586906155 0.265954817282328
v 0.178013837868429 -0.00188616438307119 0.282139784506805
v 0.192017430898682 0.122796483218429 0.284772082043077
v -0.114638473109503 -0.0183190932438073 0.25358023688009
v 0.0160969917783128 -0.0427565509212897 0.250782714617178
v -0.0630356168625714 -0.0359737982688876 0.247822213595154
v -0.0686271921245094 -0.0415658854598354 0.24017063218219
v 0.00847480676861901 0.156330497901594 0.272161387794441
v 0.0344239978334527 -0.0246835961654683 0.261882688610898
v 0.184968410134204 0.00920184958047633 0.28216825824743
v 0.178120994147252 0.136311720826939 0.281194056073098
v 0.0241196548905662 -0.0335628690395637 0.257459716045855
v -0.13315001449827 0.0474587211161133 0.248578759632353
v 0.183683724304122 0.0551522621845383 0.275491803795198
v -0.0859839348679657 -0.182123710781817 0.254217144386883
v -0.133811298111993 -0.00722011888989616 0.263351140992054
v -0.0761903680346431 -0.188729929059651 0.259071144437537
v -0.0648087711373222 -0.19290478840136 0.253209472203069
v 0.167518664865122 -0.00918464013605492 0.277373593306074
v -0.0545435369780262 -0.0701684308171988 0.253182288510778
v 0.185913469770587 0.133381555003988 0.283560933454483
v -0.0817307634142356 0.158288641335845 0.266831117489931
v 0.0463491943130404 -0.0273790848757249 0.258807069296419
v 0.191562796493767 0.117025670100072 0.285784308221721
v 0.0915796442996235 0.145548841753747 0.274663275741436
v -0.138927874469223 0.00228421503974376 0.259333674091243
v 0.163357379025021 -0.0137358177083019 0.272912949237429
v -0.0648995401397624 -0.0295782708489287 0.249181543903918
v -0.0772467671733964 -0.0308080152537379 0.24221070526542
v 0.0692043548936357 0.167727942549664 0.255211247308474
v 0.0883939843754196 0.149552673823963 0.271087705169283
v 0.106801461242052 0.156668763426328 0.26329165365327
v -0.137223984002806 0.00323283433795599 0.255378203173424
v 0.0220928685033112 -0.0421344353952198 0.244401042357913
v 0.0300965847738086 -0.0337393578804707 0.252207923095087
v 0.185202240082514 0.0329338843401167 0.275870852187644
v 0.0128329972916751 -0.0538971933843722 0.242605246084422
v -0.0828612166496112 -0.185199390407875 0.257371622114837
v -0.110124942432323 0.159044411575896 0.260990415795634
v 0.168409687544947 0.138849289693253 0.277914245288868
v -0.136032999942784 -0.0122864754791468 0.257971522184206
v -0.130958228388248 -0.0158849005875398 0.257353633669061
v -0.120031183048362 0.161715974288173 0.257508258925678
v -0.12173345499977 0.156655597166196 0.26311131569516
v -0.135494355178588 0.138741532862446 0.254646876995119
v -0.122528257621549 0.122841737403605 0.234346206718746
v 0.170759052954048 -0.0114368932704746 0.274989298004736
v -0.0238047969061754 -0.177207963775075 0.266987557085537
v 0.0110982580402412 -0.0673236932259301 0.242716302210017
v -0.0997991928033511 0.159385295694203 0.261294535632127
v 0.182727427226082 0.137693126471437 0.279326358117877
v -0.132392667963634 0.140693333567534 0.266806950210291
v -0.075231658553297 0.159983780671414 0.266283838453078
v 0.192942760048921 0.116549346550314 0.280988439814842
v -0.136530214962644 -0.00719088605830681 0.260433622542104
v 0.190774227992992 0.134004017339276 0.281664810133554
v -0.0248878887611882 -0.180941439223246 0.265900507100264
v -0.0300560815440694 -0.188029782366812 0.257655126763143
v -0.129614928131988 0.134921612675954 0.233248459943163
v -0.0023655561291613 0.159064553743892 0.269919536545866
v -0.131199040558335 0.14659782572832 0.266504591216893
v 0.18393768294465 0.00331289361376255 0.280559542723066
v 0.195876499528293 0.132389447070757 0.278958890281202
v 0.0299461528099477 -0.0392966427946293 0.246608429547922
v 0.181027992652814 -0.00450548587905519 0.271302544995759
v 0.180976742524424 -0.00169922868323733 0.278013892778085
v -0.0137554540755467 -0.175329594974035 0.255257583532533
v -0.11152319794616 0.163770667068651 0.256488729635425
v -0.0852243122847743 -0.0281998465283173 0.244362278085306
v 0.192703678895435 0.138737866737361 0.276074338558065
v 0.184485448444997 0.141869595410444 0.274749291588788
v 0.0963580814094453 0.147346061783967 0.272691173239429
v -0.0570642431268841 -0.195416403647448 0.24929815650487
v -0.0569390034573307 -0.198801736201958 0.244899938280427
v 0.175466553687734 -0.010744694310885 0.273268881747894
v 0.110299945895985 0.173062801598145 0.247712168701471
v 0.102896141971898 0.175072192048878 0.24642540264109
v 0.0191545470431977 -0.122028225899496 0.221149283001717
v 0.0550510226092783 0.158504102071455 0.26534165500001
v 0.0150261543697176 -0.0470424829980631 0.244186337266855
v 0.187716881974789 0.077861775248978 0.277137043484458
v -0.0718070556965923 -0.101472143473573 0.234557221838859
v -0.0643458367976973 -0.0548564236820522 0.242178366373256
v -0.112029919782418 0.166709258257385 0.252763817145237
v -0.103492584120238 0.172752209174051 0.248291359342934
v -0.0780517895530858 -0.189320359355828 0.255921937993816
v -0.0943379315597125 -0.157534040345482 0.245614266980585
v -0.0891266619312241 -0.164654993062181 0.234890082470016
v -0.0900239050486245 -0.175221394549249 0.250141395236605
v 0.147925119419063 0.152120117468707 0.26571925225454
v -0.13817013781324 -0.00864205428089712 0.255918480822
v 0.163973842525387 -0.0185994494226349 0.268060395371806
v 0.156588859646446 -0.0209176144280108 0.265915026063387
v 0.158322745257389 0.153921891987912 0.26332086913285
v -0.0816737183852088 -0.185795943076543 0.24954458011376
v 0.171872366762691 -0.014941419551558 0.270370340011279
v -0.0235790287638531 -0.185813597565239 0.260545727496043
v -0.064618917962985 0.163571514962129 0.265114800413988
v -0.076111561167706 0.166485196343857 0.257122486009141
v 0.195888658447975 0.126087052600187 0.279821983018544
v -0.0158159371823739 0.163134127440285 0.264435293509454
v 0.176006016338337 0.144775519258155 0.272674784539404
v -0.0245714329191102 0.161718032243105 0.266141275716745
v -0.0167173944932467 0.166201233260474 0.260694884485601
v -0.085502688565599 -0.180020681511211 0.245965112959042
v -0.135531477993558 -0.017035218775532 0.255373284976021
v -0.0176668610713 -0.179944928149651 0.259853420342124
v -0.115069145240434 0.11205395297285 0.238070086091496
v 0.0930199442656699 -0.0382574535351233 0.24892602947322
v 0.0301167395409797 0.158598694544763 0.267808685192746
v -0.132385703554676 0.150224814845441 0.254875924658728
v 0.164236195888228 -0.023422570013984 0.263181271705077
v -0.125207233198389 -0.0222858925534941 0.249848162191601
v 0.042783825423237 -0.0369585119564683 0.249320260444156
v 0.0503385630696657 -0.0343458994168619 0.251837421340589
v -0.0818225313415225 -0.184656622382802 0.241286121786885
v 0.0428705195461895 0.175602791200267 0.249016713474925
v -0.0633422688387392 -0.0617807831641622 0.24103064967808
v -0.00518390309050948 0.165994248646647 0.262204760073654
v 0.011000009985075 0.16180803895031 0.265894872836395
v -0.0693669435630753 0.166518118572311 0.257895798850612
v 0.18557782794567 0.0208086496797785 0.251419119342574
v 0.181498752852209 0.0312850300487648 0.257000242134973
v 0.127246639000179 0.154344461378039 0.264572987458533
v -0.125298311115904 0.156728757848284 0.25940627955647
v -0.13947295370893 -0.0145402553775281 0.249189937143104
v -0.140144179415384 -0.0184255946028748 0.247770119540306
v -0.0918796482403648 -0.151630860209008 0.239895116481656
v -0.138198861566958 -0.0210479397475468 0.249846319219456
v 0.188262936520183 0.00548440156110098 0.268429477878776
v 0.0374700477066754 -0.0307386203892631 0.254285587694334
v 0.196637429034012 0.138836335106377 0.271939959055823
v 0.180814504774359 0.145713840576949 0.271317283004389
v -0.134256528124039 -0.0206426856623419 0.252417454307086
v -0.138344666263969 -0.00794743392196227 0.251836816212275
v -0.13101546050286 -0.00747431071849889 0.236181961309491
v -0.0434347159417692 0.170675321963262 0.257279687406372
v -0.0525587527595096 0.168834842175031 0.259074701995659
v -0.11501043140935 0.165018951433917 0.254993841873298
v -0.119163458074294 0.106251117123232 0.2562651275368
v -0.104220428958339 -0.0348706301909297 0.23763444651558
v 0.168447535442074 -0.018943321877172 0.267214988401914
v 0.1885678080328 0.143230035466449 0.272886930565559
v 0.0466542854793785 -0.0384324512832199 0.247794042113345
v 0.0585181335327737 -0.0497832585388343 0.236025817282119
v 0.0698116906570263 -0.0439122775161703 0.242391779851543
v -0.0595191568298804 -0.0685437871904734 0.243641153162423
v -0.0130741895369059 0.177730587067649 0.249156385655289
v 0.172157337173319 0.153273250013862 0.264226455241878
v -0.0748525120311147 -0.192736093614092 0.250491494940353
v -0.11972409613634 0.00605342325855618 0.228085037727245
v -0.0761628909511285 -0.192945722702643 0.247383912663608
v -0.0744227319960336 -0.0358635965679575 0.239328246008681
v -0.0890097187645738 -0.132067044335731 0.242238188083323
v -0.0755004194408074 -0.108316976566011 0.234228284160344
v -0.0777116731247666 -0.111382167417196 0.239323266516949
v 0.178183164102194 -0.0103902970747459 0.263639968695584
v -0.0900981732370728 -0.138572327838571 0.241329616258811
v 0.188515322467981 0.147508238073528 0.267421662176016
v 0.181024560447279 0.150786943776051 0.266446090226916
v -0.028101584959698 0.16590602487993 0.261840636554869
v -0.063855993357462 0.169276252602052 0.254817492116346
v 0.184103532014029 0.0725171049857516 0.272368979248838
v 0.202341593150182 0.131512531495375 0.260550557813486
v 0.197727165067907 0.117842172220794 0.237528751389144
v 0.202487830189248 0.133060609248661 0.246736473488491
v 0.0391252523742357 -0.0409781256021182 0.245263906032991
v 0.0185456177626848 -0.0600793413413256 0.234881519234701
v 0.0186221511686848 -0.0472538217982037 0.241055757260508
v -0.125810344719344 0.0732144684492346 0.2513943518792
v -0.0643925839893216 -0.0918640676978197 0.235786127753569
v 0.0269033379738978 0.170990451760054 0.255023079296569
v -0.112568944752311 0.169735069600932 0.249154789706078
v 0.157311489806804 -0.0256685646686333 0.260886644175675
v -0.137941039447253 -0.0228729321516712 0.248591965348634
v -0.126564040452648 0.156551634005407 0.254505414194306
v 0.17339447906676 -0.0160118880475752 0.266052437206003
v 0.0125162611530705 -0.0940139694317722 0.235784428504771
v -0.133994039075958 -0.0270634320491203 0.244624368103653
v -0.0822457790996432 -0.182111363311955 0.22524365952294
v 0.128942242736012 0.165143980390873 0.253937562935979
v 0.150478277919671 -0.0335699656231722 0.253446586954341
v -0.123836792826579 0.0236206493785547 0.237248473822197
v -0.068015882596006 -0.199630195821929 0.242593743495318
v -0.0291060831414612 -0.192946006555719 0.252500267879914
v -0.0223372146406164 0.181828117379598 0.244965752589258
v -0.122396975021637 0.16214413469107 0.253915889383402
v 0.180603468215524 0.0831590338213618 0.262960355835065
v 0.181562217287416 0.0883505803729299 0.261552234018348
v -0.0196380498028961 -0.186272564884527 0.258553855595361
v -0.0304137492857386 0.177131414902074 0.250221045919557
v -0.0344894524703524 0.1749617635583 0.25302129902606
v -0.0700170905959367 -0.195766228656893 0.248167936889485
v -0.022336807724871 -0.190483553126138 0.254877572259983
v 0.196149524522891 0.141822368298324 0.265172605748787
v -0.122979657493629 -0.0359606769706221 0.235425339702511
v -0.136827445692469 -0.0300750992969105 0.240909405297678
v 0.00918625015134676 -0.0769261334592376 0.24322451576824
v 0.171149348162631 -0.0188345456173679 0.264021891869462
v -0.0827422549497003 -0.0377941445004113 0.235608373547773
v 0.164849850617899 -0.026883754492968 0.258405044981442
v 0.169689678942528 -0.0221478006193683 0.257448994616958
v -0.141137418685678 -0.0232565880572943 0.245823608619054
v 0.158385771870914 -0.0300709792896861 0.256534764401826
v -0.128340691724525 0.0331400045814648 0.243365876020012
v -0.0395100339943284 0.173360551892997 0.254172235361744
v -0.116770669734669 0.166561716414711 0.252341357184018
v 0.0270748357857201 -0.0494828305288123 0.237205294633018
v 0.176883539234194 0.154478410379094 0.263225894017115
v -0.0585339785428901 0.17243198404838 0.251882516720087
v 0.0131752374637468 -0.0742958967654703 0.238640024852458
v -0.141757759522362 -0.0190825387851469 0.242222629014448
v 0.0397127189783716 -0.0465287533607225 0.239736690176317
v -0.0815411462852182 -0.120228355840957 0.238241052229607
v -0.118913289515594 0.0912341734672477 0.252463096048384
v -0.0465576203444752 0.173071600597018 0.253578657564802
v 0.145988404168572 0.165441694969392 0.252866285538589
v -0.140061614573422 -0.0258849570092866 0.244188879201475
v -0.0702391639418144 -0.047132250717668 0.235370707374623
v -0.0767935155728 -0.0473160283482433 0.229269299957137
v -0.078216366115758 -0.190277208714286 0.244477643548292
v 0.184195644626342 0.152758268407603 0.264421383630062
v -0.0719924914800211 0.177067865931462 0.245855757707915
v -0.142183900456049 -0.020154216382075 0.236173527249158
v -0.0784473147452898 -0.189239591529808 0.236490341200562
v -0.124058035088597 0.16243637692555 0.249571607952978
v -0.0645078794759375 0.18551293402048 0.237171551369159
v -0.0882158905938131 0.192512046305689 0.227795039313314
v 0.174500459527952 -0.014830456327548 0.261488667560762
v -0.0161949535198312 -0.185362547962783 0.255055352626546
v 0.16140507931924 -0.031599955536987 0.254651502555971
v -0.0531678673335686 0.175453619771938 0.248529258928043
v 0.172089060386051 0.15823919692753 0.259436143625412
v 0.156813219602733 0.165674175625098 0.251940373355419
v -0.0800112339732677 -0.139506274558056 0.230923254450127
v 0.180746193008622 0.155978050536821 0.262034851838153
v 0.0163591411690643 -0.0748768756785795 0.234493797288442
v -0.132835102321987 0.151439276921709 0.24202725552573
v -0.119648884824856 0.167902732091372 0.248984144610377
v 0.191702438156332 0.148615632518412 0.263955563731229
v -0.0691524585901465 -0.0534167476096397 0.234034617204638
v 0.170172154174221 -0.0203641606329666 0.252678471780553
v -0.143217927048897 -0.0242327214575691 0.240742145214908
v 0.0208107335431735 -0.0667777526143584 0.230940188329485
v -0.0860781455107413 -0.145068209054095 0.235325059926985
v 0.179640682508742 0.0447440087255073 0.267798839503917
v -0.061384972782508 -0.0722133216012586 0.238349644296936
v -0.121086469878325 0.0840762339405646 0.253387068104124
v -0.0217405025883595 -0.194438913383007 0.248732430579936
v -0.0748937276615954 -0.194946580683321 0.242910827968804
v -0.04864619480304 -0.2019423774414 0.239429950873805
v -0.0187151109466377 -0.190845245956038 0.252694866969583
v -0.119087413400929 0.0140928809800032 0.231454056141113
v 0.0560065315879488 0.17886829825825 0.245150175239279
v -0.0676701813722234 -0.0658196528029149 0.23217693154632
v -0.0746869469907422 -0.19418420438252 0.239292392819095
v -0.0840991405145011 -0.16326642210851 0.225296817938597
v 0.188646439966034 0.152645249803895 0.262528595694094
v 0.183041416432646 0.15814122552183 0.259319188093339
v -0.115202423915027 0.172496894607068 0.246768756546572
v -0.0284546415301552 -0.196768157598085 0.246505023808825
v 0.144074951486602 -0.0405741279367368 0.246152573241736
v 0.120712781735099 -0.0400568475025326 0.246815020025513
v -0.142748925910102 -0.0277876822538783 0.239059166642103
v -0.0748371704591357 -0.194500621500622 0.235651068810181
v -0.110517787566628 0.177368808537268 0.244286518988328
v 0.155362577562171 -0.0344674529796555 0.252929815175488
v -0.108535602404706 0.181951630406819 0.23913457880307
v -0.0455647525571982 0.183595417955188 0.23946772422853
v -0.050739681810888 0.180670296462283 0.242514583961317
v -0.0770661104664463 -0.123222903409652 0.232243819919611
v -0.115211865602174 0.101253440619869 0.248594221370889
v 0.180176637033753 -0.00609476065723574 0.242443898609166
v 0.181763443751017 -0.00132462213635851 0.244525978005234
v -0.118834770559081 0.139486942618764 0.215522629218114
v -0.121973759506468 0.132734789521701 0.221371510577688
v -0.121629279104427 0.168933803683869 0.244691887352958
v -0.0820730227152043 -0.150539354169987 0.226067280727095
v 0.165581229409269 -0.0288822286534396 0.25366442324026
v -0.100481437494749 -0.0482714401855485 0.223124886707677
v -0.0853580074894452 -0.0541385184343783 0.219587761945126
v 0.171750907127463 0.163351759664327 0.254864449444666
v 0.167297974417383 0.166755508109009 0.251292558872793
v 0.118115927464136 0.177005443738604 0.243364978077508
v 0.0246733887814174 -0.103238718023643 0.220101574349632
v -0.137277290736863 -0.0351092516676578 0.23556361076919
v -0.13129721623797 -0.0395343700174075 0.231817313895892
v -0.0647741783565956 -0.0736217734339875 0.23463858828441
v -0.116060319598422 -0.0539413505037922 0.216101851072385
v -0.122240997861919 -0.0455686764956822 0.225567163551551
v 0.192553654944215 0.112530955184679 0.244391335186774
v -0.0374519043911166 0.1841710343068 0.239043350187492
v -0.0704164368902198 -0.199931030661951 0.2390605790987
v 0.191234809428408 0.152338875073005 0.25849381265718
v 0.0788192496876662 -0.0533512035122699 0.233539322134569
v -0.01373129540393 -0.191838152699659 0.244986938283468
v -0.0718121244949276 -0.109062530680651 0.228615966393457
v 0.179618812653423 0.161546605040656 0.256969280553126
v 0.159417630776149 -0.035811950196131 0.251901528646134
v -0.117427855916786 0.174191053586472 0.243830220240296
v -0.0654536282853942 -0.0856269885737041 0.232339481985034
v -0.115934657681116 0.0966250189461668 0.249320452847526
v 0.185462983123221 0.158586829568643 0.256016392945435
v -0.123067319801917 0.168131882125891 0.234570261308625
v -0.143312728954561 -0.028700642992708 0.233325863559332
v -0.100075958613415 0.18650629941532 0.234676526289577
v -0.137740669903817 -0.0163201118962931 0.225120897290732
v 0.177538857620193 0.0406506219156991 0.263020890353069
v -0.129498619230928 0.065246067389748 0.249138477530888
v 0.163923099342847 -0.0337354863817947 0.2514525984291
v 0.175421407832341 0.164810326824173 0.25392207811065
v -0.027774466794346 -0.200960840041888 0.240498558019537
v -0.122469241700683 -0.0408941904773924 0.230344744763428
v -0.0769583412931974 -0.127101279921569 0.232275565477301
v 0.0189719281982956 0.188414547783129 0.236103055031962
v 0.0454963906947394 0.194289017642739 0.228704130233911
v -0.113240486767616 0.179256934550837 0.241701225138691
v -0.0627737080919039 -0.201990868745564 0.239696619901885
v 0.158894437306557 -0.0445970385569881 0.244148526113508
v 0.161613284851844 -0.0405611228536955 0.247672502370986
v 0.179331118256757 0.0360209968413938 0.260129046952264
v -0.00848381381388618 -0.189849004990313 0.23633433198948
v 0.0405386578181275 -0.0519384593415684 0.233995032358804
v 0.0489156856250796 -0.0547376274426373 0.231253894027607
v 0.0374278886617456 -0.0561034660440642 0.229818359199167
v 0.181133026029147 0.0280449087014953 0.250478829192605
v 0.16739278170798 -0.0284771849764728 0.249701184177572
v 0.166705576368397 -0.0356866852892729 0.248050494186751
v 0.178279918541436 0.0514967782963368 0.266678165031083
v -0.130441452673078 0.0578167554896722 0.247690217545578
v -0.0215537580420199 -0.198391313757072 0.24269767669691
v -0.0138283329186593 0.187395919547598 0.238322768738938
v -0.0189904677791997 0.184506876377029 0.241684436093433
v -0.0651935674201073 -0.0799846624012876 0.233344529731377
v 0.181027266151024 0.163017872240207 0.25350821255198
v 0.17900794131819 0.0743270671657513 0.264923075258759
v -0.125284921316776 0.158992465999444 0.221327186301487
v -0.0719193833997959 -0.197475349234334 0.233073586176727
v 0.154447420989903 -0.048794642380929 0.238889931098859
v -0.13938272318057 -0.0356887243963465 0.231366028801808
v -0.115676015742423 0.156660370340376 0.203167127539714
v -0.113903866915659 0.150391938755346 0.204342756030985
v 0.00149672717601758 0.195797492945321 0.228943713441505
v -0.00276220915146794 0.185182611148664 0.240575295294773
v 0.172524018910954 -0.0303245833761014 0.240767700956112
v 0.179148570068728 -0.0246249290675657 0.233554837268678
v -0.105738879124139 0.187441920224725 0.234052656124764
v -0.109907297968513 0.184382026749757 0.235801618517218
v 0.169389059471151 -0.0344132540152433 0.244742725849466
v -0.117672354119068 0.115624183686471 0.230628051818021
v -0.114793537934938 0.179633274090875 0.237796045172095
v -0.120348382399914 0.0775894859484498 0.251891498762788
v -0.125449112107036 0.0643028302376497 0.246969519658825
v 0.176267737893274 0.167455724544752 0.250397293200813
v 0.179959631623789 0.0627544528872552 0.268672388011152
v -0.0624688607421215 -0.207367016931162 0.231268469798523
v -0.14138500449996 -0.0305079569078526 0.227332076314152
v 0.182196430573927 0.16275924420463 0.249556922655095
v 0.143307852986347 0.186408875258282 0.233178919279571
v 0.134547810645087 0.177666624952051 0.241753480029021
v 0.163165715622956 0.175629167127461 0.242441771291383
v -0.125962442722351 0.0405149373991231 0.241984411390032
v -0.0746612179725367 -0.0530484191076301 0.226991478311677
v 0.190164131180428 0.108734184527751 0.256712893521565
v 0.186381099860105 0.100680294157821 0.270097436175959
v -0.0702658743365189 -0.201465046250231 0.230423587335424
v -0.126339073886322 0.0571060186613152 0.244820013962702
v -0.0205250616864084 -0.202898578418609 0.236886988397553
v -0.0752444867870046 -0.194046052603215 0.231264831525691
v -0.115259836578052 0.0858029494676194 0.248524878627987
v 0.184017501194433 0.00609173593638125 0.246947676078732
v 0.182494227906569 0.0170152006442679 0.245513444589598
v 0.176657136124645 0.0576408628933256 0.266112931182775
v -0.119030871233613 0.0707216282981475 0.249497297890414
v 0.182604789609556 0.162596440884841 0.230941804736127
v 0.181677943328883 0.164876025484602 0.239457199963851
v 0.186418703138561 0.157378887310673 0.245882324949222
v -0.0651274513185663 -0.0915012863147657 0.230669866852598
v -0.13477389329731 -0.0406326213425129 0.229281656431624
v 0.0872821660864341 -0.0569058243451531 0.230196392302137
v -0.0719891158451377 -0.127416427501573 0.226973570091362
v -0.0726827177825865 -0.0797796829421249 0.221850167915921
v -0.069084693818987 -0.0854444448107068 0.219312854523701
v 0.0217295599807271 -0.0827098537938162 0.227001695434204
v -0.131076136836402 -0.0432580135509006 0.227169521310722
v -0.0478046234897164 -0.206459351718127 0.233802679847667
v -0.0299555238650126 -0.208381804157267 0.23017823371871
v 0.170572007203287 0.17314412800952 0.245035361617457
v 0.110780135079909 -0.0562437618522575 0.230462836470841
v 0.138811799372234 -0.0621688838911948 0.224414597011217
v -0.0711083077563646 -0.0768932904784624 0.227159454787596
v -0.0677050462281051 -0.15281448567963 0.212276770886285
v -0.0749359615897458 -0.154856059724112 0.21733496569461
v -0.0781370074672163 -0.150194773248631 0.221780351469164
v 0.180106132550759 0.165315206045956 0.248539403794385
v 0.174363128752945 0.169468170336888 0.248631043315599
v -0.112904792117249 0.102515369505913 0.242027449602923
v -0.073146301330114 -0.197642876837899 0.22507423646393
v -0.115097374841163 0.144955798567424 0.210646834653572
v 0.200373609053383 0.124075953626342 0.230988997241239
v 0.175117771916355 0.0470538002666063 0.26271617819872
v 0.112573892689145 0.195820731421008 0.225393076057269
v 0.0893109451402108 0.189750077680068 0.232461585340186
v 0.169263513633018 -0.0403307316940682 0.244313032375575
v -0.113782675731036 0.0913534788984542 0.24587149417545
v -0.0797723975271726 -0.0601208619342515 0.21990158562064
v 0.0278664884921515 -0.0674780786669645 0.225085546484051
v 0.0360895880431552 -0.0667608145002112 0.221237110404582
v -0.120190399933746 0.12143608836087 0.228522308615055
v -0.137983773873769 -0.0392347894933499 0.225954478509793
v -0.0659013280251466 -0.0891724602805431 0.222061273121812
v -0.109393903635906 0.0745523768040645 0.249840556458583
v -0.120745507486445 0.0644088707656046 0.246240174051813
v 0.150681695418438 -0.0520398699902791 0.235274379358825
v -0.102895615549528 0.192426518135632 0.228777982718094
v -0.106157585172552 0.190160551980876 0.23035972816894
v -0.115409442093274 0.17979307958407 0.232792119043154
v -0.110634151460048 0.0952371144447289 0.241895190634371
v -0.135181722370455 -0.0310874745508544 0.214404109150534
v -0.120625530287009 0.128100094593095 0.221805194343906
v -0.11750604159461 0.0504238432234507 0.24014133710425
v -0.124989482132185 0.0321512131441545 0.239491667482903
v 0.177039119040548 0.170360377957395 0.246550668963955
v -0.0500551288307563 -0.210296865705121 0.228831963030993
v -0.0179059830141361 -0.199201907779404 0.240884009165345
v -0.0131823655167611 -0.196790270415951 0.239680360917981
v 0.163133037520281 -0.0455338434226043 0.243011174486534
v -0.0244735395740218 0.18790957157215 0.235581773459209
v -0.00873887267040913 0.190286647136888 0.235315113814655
v 0.178310132851375 0.0688323864395092 0.2660115590913
v -0.0704204595929448 -0.201365059297675 0.226732336998528
v -0.124508898967388 -0.0518838294021317 0.218918169788264
v 0.0537355318548759 -0.0692239792405283 0.217215058036347
v -0.112318676308069 0.0448928915501378 0.237274637635257
v -0.112998457540286 0.039395452782872 0.234502552051755
v -0.116780623641226 0.058354480866417 0.242797138570469
v -0.0516192506090847 0.19681746925539 0.225455494042358
v 0.173365647260862 0.0609948249586556 0.266365907369932
v -0.111395301520564 0.18508769683104 0.231961564206277
v -0.133627296216931 -0.0439804844403352 0.224335798695245
v 0.164123136507554 -0.0501131547027626 0.237927584952552
v -0.121550631236272 0.0330857983709742 0.237143780924482
v 0.181005255535367 0.164963842195424 0.24390150781003
v 0.17659745680051 0.037200999576004 0.257232794006767
v 0.0272676993074672 0.205477487038722 0.21837011935074
v 0.0261960885471913 0.19663439453951 0.227262362612539
v -0.110710058869317 0.0619768061626087 0.246678691806416
v -0.112399591935149 0.0837149890941314 0.247384480051847
v -0.096529809188279 0.196145924861129 0.224123987655229
v -0.0599495227099979 -0.211502985547475 0.225763257329204
v -0.116897639907445 0.177855131635384 0.223095669893358
v 0.180388628914532 0.16764386106422 0.243349436140626
v 0.179413151142849 0.170290959870762 0.243671978017275
v 0.175116023397732 0.0682570941249222 0.263911028022445
v 0.176137697819062 0.0740170085498304 0.262440259997583
v -0.11002645137666 0.0678950992204188 0.249594985343503
v 0.0701723959435878 0.190980509321355 0.231941804181642
v 0.00679862278934143 0.198705870842631 0.225907204315367
v 0.177125336872319 0.0798645405204927 0.261115417220866
v -0.0657914938881467 -0.208032220992449 0.224348878592813
v 0.17893264950056 0.0853799423109629 0.258845991918148
v 0.181396469955386 0.0929301430706626 0.255666593225954
v 0.184836704204087 0.0972944289225912 0.253318010232024
v -0.134399176213871 -0.0416389937962656 0.215724065979727
v -0.134820770332286 -0.0432154374751699 0.220410124534294
v -0.0648205341781657 -0.0956142426155138 0.224691996624322
v 0.0299040593690757 -0.074080884810757 0.221238894361282
v 0.0281216301252888 -0.0870742443921525 0.220684497147524
v 0.0358976602958001 -0.0788230296050423 0.214888144281914
v -0.111913787184051 0.185045217436687 0.22737416588681
v -0.129367856802424 -0.0482408140296305 0.22218475230171
v 0.172448201078941 -0.0416962539490193 0.24101257803447
v 0.172137726149115 0.0558626626207663 0.265744448480231
v -0.0787909607348282 -0.0673599115114383 0.218948291679264
v -0.0796766419305387 -0.0717153248023229 0.213992093621698
v -0.0757408006796879 -0.0767858960039795 0.220035195796444
v -0.0863388272044594 -0.0597686117236334 0.214897017390545
v 0.0245007390054931 0.0581712104911124 0.265889224490503
v 0.0176093766720459 0.0780699072552594 0.257521649798335
v 0.0316813857614154 0.0722292148224629 0.262155202876868
v 0.0425039303016355 0.0580633289338298 0.266113885306313
v 0.0354904393642751 0.0595906499583669 0.265995802273045
v 0.0386131639670011 0.0696606300436007 0.26521722356467
v 0.0115289765825123 0.0598091667336147 0.266607373267015
v -0.0803043170629836 -0.168507193973122 0.220392681268745
v 0.00531853741548319 0.0657514899877016 0.265905195966512
v -0.015195729925558 0.0683001620711588 0.264337928377497
v -0.0158426234720572 0.0778925353058179 0.256332626629059
v -0.0298192861996655 0.0548506383221188 0.263576023233914
v -0.0222540133776294 0.0731367392614057 0.260836046535996
v -0.112484212801699 0.106325793843013 0.237058872454742
v -0.0037370894872315 0.0841320443681836 0.250644574652493
v 0.0369800019890707 0.0407670659981628 0.253153426227564
v 0.0171020869217461 0.0492397993065706 0.260924868812751
v -0.0436688283626184 0.0836709864715409 0.248938884998302
v -0.106972875863694 0.0888486353308629 0.243147553777752
v -0.0569978280875271 0.0629902082286871 0.262556157594715
v -0.051136480130317 0.0527530569558751 0.260077742921661
v -0.064894929058939 0.0517956278504331 0.256496481698633
v -0.0429331377036312 0.0669023588091056 0.26363726465191
v -0.0118428201576969 0.199041187663025 0.223338706446544
v 0.0365231665289058 0.0805776578517121 0.256565730845181
v 0.179619301208388 0.087882676884153 0.257639202759962
v 0.0698434481145105 0.0775600990104773 0.261932030261316
v 0.0879988933702294 0.0699987669997753 0.266207987772324
v 0.0781735415064537 0.0557302360987566 0.268226693386069
v 0.0269310816100684 0.0364942734651743 0.248738500893684
v 0.0467433295940155 0.0729267480632216 0.265435580412974
v -0.00305207785409272 0.0518553336263009 0.263093569593197
v -0.0638858634731369 0.0627785132903756 0.261088557143303
v -0.0774195804714154 0.0622825913964413 0.258333177235047
v -0.0832304574534573 0.0785937122162753 0.25252524374502
v 0.169516778105392 0.0678858380291799 0.264057719062612
v 0.174787557052311 0.0336254893367987 0.251503853805376
v 0.177057393521761 0.175502067568097 0.241712691864976
v 0.159274516608973 0.0521338933703746 0.267912216657007
v -0.0251084374949716 0.0910608343260463 0.244128038439963
v 0.171295305437881 0.0481230872866499 0.261834253337129
v 0.138820322486049 0.075962220374306 0.259868086288434
v 0.152998322636879 0.0776837099942641 0.258660345636572
v 0.149032270674797 0.0673456174074015 0.266999998489693
v 0.163840642771035 0.0853050248564479 0.253470123831138
v 0.171920968242734 0.043351838017141 0.258458185445014
v 0.124524021378829 0.0745254840321436 0.261223378299321
v 0.132925154171675 0.056077872151071 0.270925128801705
v 0.115228909690403 0.0680303716437062 0.267452288129494
v 0.119154176559441 0.0526115866183643 0.269564048021838
v -0.0706082319642076 -0.201152344220039 0.222895442331664
v 0.100053092482508 0.0643334190098254 0.269612021675093
v 0.114883785657135 0.0818604404175441 0.255060011503871
v -0.0975929699945151 0.0639118124565769 0.251919847439896
v -0.0963474131082118 0.0823485036900722 0.248360411936764
v 0.105423722723585 0.0537117985430637 0.26894302951049
v 0.0847427465145435 0.0525542095824956 0.267124707846014
v -0.111299467462591 0.0562015778676169 0.243202733041982
v -0.0919808074719524 0.0448175157246871 0.242826621842607
v -0.0840315863290575 0.0598114167076848 0.255131919786686
v -0.0632026188269703 0.0817343862750092 0.249971613297962
v -0.0836700907836924 0.0911064455681153 0.242557946243553
v 0.179436708251251 0.0102920797201219 0.238921159660689
v -0.0562524684895147 0.0778037975390077 0.253372934916295
v -0.113051100369226 0.0250704256047839 0.229232469631919
v 0.00915343571303357 0.0444893411979238 0.256138952935556
v 0.102761086134812 0.0847193319757969 0.25289409386987
v -0.107026058403675 0.0995779973141592 0.237391087284699
v 0.146242540596501 0.0516963602032419 0.268544697063715
v 0.139937302914933 0.0416458179072758 0.261244962651228
v 0.00159937010306214 0.0894820945118024 0.246025463334461
v -0.0167606042078398 -0.204142703375391 0.235377998682581
v -0.0114395995182506 -0.198469966627702 0.235195543645938
v 0.181271394843083 0.00297232772989555 0.240335962199761
v -0.113302980532396 0.0319697598063016 0.231847513260755
v 0.0920630664997182 0.0451716188678412 0.260166372957622
v -0.112355838068773 0.184387823667185 0.22367747224498
v 0.0543349050890895 0.0958304434924671 0.242396427443138
v 0.057997868914305 0.0417401514386441 0.254040543312908
v 0.000652558711989319 0.0383374485478226 0.249322879590123
v 0.0191491912882687 0.0337502176773471 0.245571715457545
v -0.0125681226905246 0.0925594823272246 0.242764316709031
v 0.0284216373065625 0.0888096891004552 0.248353370621932
v 0.171272999600844 0.177707785295068 0.240774696755508
v 0.175411074507576 0.0844394034759686 0.25574372566384
v 0.0259856508061607 -0.0971686473997578 0.219813432110636
v 0.154292409044117 0.037455070561193 0.255739613788988
v 0.0720583639221025 0.0427622498205242 0.255703932561078
v 0.1769078673389 0.176041158172053 0.240916144128751
v 0.0814189737007879 0.0843987761436014 0.253660296064528
v -0.0801983273942773 -0.188750193714872 0.207980220136069
v -0.102085605414767 0.0905960507842902 0.241323512553905
v 0.15398207498509 0.0900764908435609 0.249145417486328
v 0.0790512429946977 0.0414181050367492 0.255362847038624
v -0.107446763607001 0.0386200363094355 0.234330915811641
v -0.11435123391105 0.11060966266288 0.233164771512438
v 0.0627438918271455 0.104465919476169 0.233906270275944
v 0.0547626109180673 -0.0748093334173191 0.211830705308444
v 0.0641190625890774 -0.0830821457997746 0.20391865246781
v 0.0776357326823168 -0.0732334441815728 0.213529688314366
v 0.117828334441724 0.0261608770368804 0.244119782261092
v 0.102828362067848 0.0303004902833889 0.246778134029671
v 0.119720749132812 0.0427995777859479 0.260271183869023
v 0.0896421010866865 0.103042694649291 0.236269566338244
v 0.118507021376623 0.0964368184489298 0.242438826877216
v 0.12995092032011 0.0941062355659454 0.244986331635022
v 0.18074560634929 -0.00955355723916329 0.231188592177866
v 0.178484000520573 0.0238797285499395 0.244859640543501
v -0.131201352519346 -0.0484018200589723 0.218989504193212
v 0.00208863738121814 -0.173830859042487 0.226946490966184
v -0.108096963924215 0.190598807404864 0.226873430165537
v -0.0260277207049703 -0.209712692719456 0.228652768879639
v -0.019327030288155 -0.207728168565558 0.231287905932087
v -0.117925136368255 0.121964282082195 0.223632770964516
v -0.0408914697760262 0.202793004270888 0.219114073909294
v -0.0321004668289212 0.0409884209310049 0.249391251751493
v 0.0251942790436035 0.0973001627894992 0.239933819140013
v -0.102621582070611 0.0995898221627924 0.23618420478069
v -0.0969860814182502 0.0981302783401656 0.237340954479783
v 0.178234289176694 0.0900569056319144 0.252758997503658
v -0.0610168974256423 0.101570604644089 0.234124588014893
v 0.0620691947717509 0.0290255467044247 0.242795517605064
v 0.0810240706688976 0.0335229624139187 0.248118435271001
v -0.05952242102251 0.0377606848851478 0.243541671658458
v -0.0701543096964308 0.0252460994463774 0.229875988370156
v -0.0825852718539304 0.0275697411905144 0.230513651750839
v 0.0892946948734622 0.029387856755819 0.245008340476812
v -0.0387920348440504 0.041723780902672 0.249473451106395
v 0.172295616488634 0.0879735711684585 0.251892693722347
v 0.169851597731507 0.100055960732785 0.242487267257636
v 0.175733622741268 0.0926632474918561 0.249524709906439
v 0.183539439994928 0.0967516802024578 0.249074861142437
v 0.189296244147636 0.1077655901723 0.245666255800004
v 0.045608355157491 0.0213098265170014 0.234131940983661
v 0.176825236048555 0.0288331252957469 0.248200624224288
v 0.170693973697152 -0.047457926985038 0.239620837869523
v 0.0208221863966821 0.106352949073319 0.231669434869998
v -0.0019030403417821 0.098304721108589 0.237813831181927
v -0.109025348027973 0.105189242088911 0.233953265106173
v 0.042949746198139 0.0985858428401223 0.238946115236567
v 0.129034663472147 0.0315273056188748 0.250206455522689
v -0.0761153402089609 -0.160746308816339 0.216608123146458
v 0.138200763931773 0.0865061570829833 0.251084067634167
v -0.00237908013645727 0.0294492258282516 0.240099545312314
v -0.020674966826461 0.0340379702664154 0.243039137214223
v 0.159547609597593 -0.0550269262672895 0.233151105114941
v 0.0155984658049076 0.114817956667635 0.223176830397002
v -0.0400275627211195 -0.213029077171581 0.223640836628479
v 0.1758180134633 -0.0425247155943335 0.237292354788612
v 0.182355260557255 -0.0381614432572735 0.223865734650313
v 0.179718814783115 0.092193977661539 0.251769507201249
v 0.199220319622822 0.13692460349273 0.224589638273998
v -0.0460415248439039 0.0399157051231287 0.24709686179039
v 0.0934031138480376 -0.0742594061080958 0.212102225558849
v 0.106869741593156 0.0992319082457923 0.240060674906379
v -0.0961652480443574 -0.0612587565867241 0.208097225540396
v 0.171060498603008 0.0288297694733879 0.247252237611265
v -0.102486549507644 0.195813304776845 0.225452225272226
v -0.0624903469458404 -0.123620493349822 0.217898439793084
v 0.180993338642915 0.000376432296423492 0.23953545757415
v -0.0457922691574829 0.0257594086523082 0.23137965689477
v -0.0547577963182012 0.0319048019135695 0.238268756365192
v -0.048426630677301 0.102850871323791 0.233369464038561
v -0.108376625232286 0.0275803376855675 0.228281960188709
v -0.0538499506205826 -0.21470465814774 0.222291325103394
v -0.061963042238901 -0.0945854865223368 0.216374630904927
v -0.0611845074413823 -0.101055257057768 0.219951840101127
v -0.0794873795114792 -0.18407998182311 0.208406488704741
v 0.142125510236568 0.0319500484062665 0.25157047517629
v 0.158471113221808 0.187233972726828 0.231569025399806
v 0.174069554038223 0.179357345228209 0.238737542125443
v 0.10043357964219 0.0202415921916588 0.237342972394839
v -0.108768381259457 0.190220652898571 0.224781095232557
v -0.0375027500893788 0.118429007192656 0.219505786337191
v -0.0323449392740367 0.109320822913333 0.227830576847641
v -0.111866697672766 0.110933502234686 0.229393940446181
v 0.186331866630255 0.102397023648328 0.247178832511486
v 0.179224718627006 0.172415935084001 0.237445721459798
v -0.0202658502821187 0.110492050940035 0.226601122289297
v -0.00514433488001191 0.116808924036106 0.220848641946173
v 0.156270788354625 0.106566511076706 0.235523669669756
v 0.167339218525292 -0.0516660593792744 0.235443401704834
v 0.086924078796278 0.204492123034687 0.217879516323482
v -0.0901876750052779 0.199391743715497 0.219846364233474
v -0.110737447821078 0.1162799888567 0.224002228268132
v -0.0341847528925875 0.0996710026212523 0.236590635041035
v -0.0366122988141495 0.027804793890717 0.235888985173385
v 0.143369620118008 -0.0789117869138005 0.207000518798163
v 0.112000712406964 -0.066621035827872 0.219718148654348
v 0.13533385138222 0.0317578255505992 0.251156000178469
v 0.0837188745386032 0.218743436724612 0.202636767834644
v 0.037925763016541 0.210945396026518 0.212540452512327
v 0.138098654709439 0.102540699255963 0.237689841359428
v 0.154452248840694 -0.0625329147408587 0.224711950982171
v 0.161974751658711 -0.0609439593035859 0.227818874980867
v 0.13454745971558 0.0191637007513344 0.238707449104718
v -0.123201587576168 0.000337726732275945 0.217927257156921
v -0.128378685040952 -0.00669925352985054 0.212974821688413
v -0.0525400949432078 0.0216301241305873 0.228233438248806
v -0.0751494646847609 -0.0786269415386178 0.209871032432838
v -0.131641575505436 -0.0478838882351805 0.215251589015578
v 0.0214420828930372 0.0261007208821683 0.237946642685296
v 0.022371633634206 -0.141632248245674 0.208970563542364
v -0.072978019161879 0.114259670172654 0.223791524203311
v -0.0801690405396431 0.102617498152007 0.233792306028472
v -0.0953433821811101 0.109462373074838 0.228918993645741
v 0.152830696711291 0.0227975936791785 0.242689797968276
v 0.0158839201670503 0.0249352419804938 0.236564679538793
v -0.12598715935839 -0.05383950235861 0.216165841116469
v 0.172191717564561 0.0267759478802475 0.245327808219334
v -0.0520650878827869 -0.218461225577499 0.216839524840016
v -0.106361420946128 0.192604909715765 0.219891575806196
v -0.0551198404690851 0.222773445209967 0.196819632094715
v -0.0559878278861842 0.206293777115277 0.214788238160741
v -0.0287456369852085 0.213590820797322 0.207817520078798
v -0.0679006183636982 -0.205774948051419 0.216224448280962
v 0.180127731337025 0.0965628303037287 0.24579563820511
v -0.0702905775926724 -0.0848321294922064 0.211082120438422
v 0.168563058711391 0.187289896410151 0.231403317242574
v 0.179253595340429 0.172118720275195 0.233044336756174
v 0.169164536287764 -0.0527235122777386 0.233604322839831
v -0.117365546991491 0.00909963100510988 0.225277694224351
v 0.176749022780853 0.179500357285736 0.235883652585857
v 0.174778374730967 0.184922598634866 0.23404572423748
v -0.115175291194462 -0.0589230465406413 0.210434248531579
v -0.114395560952659 -0.0681982670604552 0.198843641582801
v 0.00173361133797391 0.0238835950532603 0.234518202527122
v 0.13266340273418 0.192475938065299 0.227855997974633
v 0.173937095793434 0.0221848453350599 0.241642202303913
v 0.128383767335813 0.017860129729579 0.237074287182946
v -0.0977774733316836 0.197907031856729 0.223014668842483
v 0.169260772141832 0.111396715366856 0.23262945736486
v -0.071605385314639 -0.200575418415445 0.218564745385376
v -0.0619002342337236 -0.211943324112909 0.222140227872174
v 0.15893766316334 0.0238286016772133 0.243921196325484
v 0.0429417764439657 -0.079319737262422 0.209938864292691
v -0.0632966191142312 0.198042816255712 0.223062831293764
v 0.18809267965042 0.107316939520409 0.241306142296749
v 0.00259754265928994 0.0141498723418543 0.224503944949291
v 0.0165606482388518 0.0154529725809433 0.226654996494663
v 0.0221616079045041 0.0067943939245028 0.218108280521039
v 0.173275546996168 -0.048280144816472 0.236451050657321
v -0.0725711454802039 -0.164116293921586 0.212190688192545
v -0.076821812070679 -0.173929021459069 0.215435931008077
v -0.101228853936348 0.118020468381595 0.22110208316633
v 0.165543701630129 0.025298911717504 0.244590381206745
v -0.00849736871376356 -0.197235357366956 0.230995012012676
v -0.0327349778577097 -0.215946734438261 0.219594494421321
v 0.0692719326300649 0.0160576990232363 0.230433169852159
v -0.00918830069563534 0.0170436838096298 0.226429274252143
v -0.103763872312357 0.0216554777358376 0.224442063779375
v 0.176406808776165 0.00569208427066313 0.233227862924057
v -0.101534179176319 0.199348280092398 0.218405179765682
v 0.0992939818480773 0.112178887168788 0.227791817103806
v 0.12781429330752 0.112129397149463 0.228419596774657
v -0.115166200272631 0.176637259647004 0.211176498876769
v 0.139187109078907 0.210476277697861 0.210704159506957
v 0.121340720295624 0.205255886468433 0.216305363905786
v -0.119730040675336 0.00448311617270255 0.221818600411402
v -0.0152300905758668 -0.208816689310643 0.229758641840654
v -0.00926852250828684 -0.204398226979966 0.230796264549704
v 0.157721516883281 0.0137063861617095 0.234682921236575
v -0.0302340234456239 0.0264866463698417 0.235100336240948
v 0.17532789337678 0.0169423756447547 0.238477526937945
v 0.17619188336201 0.0112978964136301 0.235830410793242
v -0.000845699385280127 0.00066450273176885 0.210122624788319
v 0.197452980186754 0.141335150729661 0.214118490368257
v 0.192560275482334 0.15777609110906 0.21305751165223
v -0.0434063910035695 -0.221004350059451 0.214219191876055
v -0.0220626086381814 -0.210900078615289 0.226977495599126
v 0.19069717778685 0.111692530913049 0.235147286227982
v -0.109098610160666 0.0221531647899578 0.225541773889861
v -0.0264243269964326 0.0207211693972628 0.229495234585048
v -0.127734238569106 -0.0543386848890437 0.213180434841985
v -0.128741138443846 -0.0400923941741607 0.207502495989511
v -0.113855871363439 0.121309720153784 0.220660998393417
v 0.0489179243497831 0.00703418564858001 0.220540254995213
v -0.0862379807567919 -0.0639230799565761 0.20924610217819
v 0.167922177951418 -0.0568130748949534 0.228892908736205
v -0.0574923587570505 -0.107212107816814 0.214715336663712
v 0.139870480369001 0.0101501829439121 0.230558361747819
v 0.184787565105709 0.106471625169246 0.238072279784662
v 0.180845798240417 0.113756133237012 0.230856826220756
v -0.0570765158754422 -0.218235015768454 0.209747756791202
v -0.116944210597704 0.127063241863594 0.217667216918023
v -0.0838314068122559 0.122170844253371 0.217989448959689
v -0.0884266544128223 0.0131074630509148 0.218783486385378
v -0.105467100211657 0.00557855929105301 0.212284591075488
v -0.107376011764367 0.0110509504243421 0.217571416055326
v 0.0468224441208024 -0.0801130105140368 0.208030726062262
v -0.0796006326949224 -0.0725673147179032 0.203974208043282
v -0.0403784182916739 0.0245685407194026 0.229949883168036
v -0.0616564338923232 0.116318987295112 0.221514458726134
v 0.110904806349703 0.215841573353166 0.20581670654185
v -0.113954486428166 0.132616256146847 0.213347327318766
v 0.0305690848171786 -0.123863064038395 0.209621136281431
v 0.0141141111768976 0.202534848170622 0.221535464609451
v 0.0897642499945016 0.115857277511033 0.223816982102935
v -0.124645135240183 -0.0587392072402942 0.210671569672674
v -0.0563183089684149 -0.146032655086755 0.201259851633716
v -0.12922009798981 -0.0518400314909246 0.210121010219571
v -0.0686803264156562 0.0147775806891385 0.220948569584984
v 0.178930655523379 0.18076537900346 0.232296944169558
v 0.175313627746756 -0.0482198130911161 0.226506820675986
v -0.113570536454463 0.00594260288854701 0.215881813172491
v 0.0312376149746946 -0.106539069715872 0.212958548699917
v -0.0412797111899562 0.0192015946365733 0.22636271304845
v -0.0231929401856043 0.00551622176723494 0.214081340543651
v -0.0375081399218543 0.00363361716924184 0.211754548914186
v -0.127749319031869 -0.0118568903637416 0.2060278555328
v 0.0385030312850805 0.120080290248001 0.218256924884145
v -0.120389782842536 0.00151595782101229 0.214637575428378
v -0.0111035024155476 -0.209730422293728 0.228274684983259
v 0.128530105055703 0.00799214271971404 0.227418130200215
v 0.0310247920661516 -0.0870560470514713 0.217088668787717
v -0.0724321490106911 0.124293744299895 0.215460559965618
v -0.109800650687357 0.0163435646786045 0.22275363456577
v 0.0642373956350139 0.00504828015084157 0.219506644787889
v 0.0334051288401944 -0.0914927162277137 0.213348660893049
v 0.172010160330837 0.0117086840147769 0.233455098544787
v 0.196028379423912 0.116839909138866 0.232382832034501
v 0.00384739867170749 -0.203485616899835 0.214080406220154
v 0.010378704553451 -0.197469487596378 0.204279310301278
v 0.179615462374411 -0.0148213125939393 0.225433343512351
v -0.0140257060235836 -0.213276064313473 0.223833398399042
v -0.119869995640395 -0.00259932114617262 0.207832791564802
v -0.1225487145289 -0.00139383072638568 0.212113929401174
v -0.0580850785692536 -0.100377761359444 0.210778467042391
v -0.0016694386264465 -0.199398591115366 0.222985979323772
v 0.177653820214204 -0.003118107555878 0.229101696704832
v -0.0696929056698712 -0.2035537964747 0.212298797055772
v 0.177530256034329 0.187137228401851 0.231528666742673
v -0.0623264478663414 -0.160537158590848 0.193388613859652
v 0.180789020977485 0.172706471781022 0.228992454083991
v -0.106895662964313 0.127352596472137 0.213969459181122
v -0.127335731741123 -0.0571947354186734 0.208443365748606
v 0.0782470492536725 0.0127222067534554 0.22795136607114
v -0.0986881183612342 0.123870377357653 0.216401894319946
v -0.0612326753807616 0.126355808252251 0.21321678793904
v 0.15795612539037 0.00259692758551142 0.224866119387113
v 0.151590364155398 0.00223356765710475 0.224418256195334
v 0.166248111349254 0.125387184321673 0.219012139991726
v -0.0863417562388959 -0.0716930489416011 0.194462547428338
v 0.155447395994342 0.191003285932585 0.228109631631162
v 0.172706714454204 0.194769163094102 0.224887102338582
v -0.052076381596775 0.00145033231024514 0.20897014230446
v 0.114851006697368 -0.000170963532226104 0.218882824532573
v 0.171064274790886 -0.0521853316845126 0.231328446333414
v -0.0707886002694145 -0.170470405315574 0.205790743852697
v -0.104419232089316 0.193683202787519 0.214866031537235
v -0.0972897019083666 0.2025988923532 0.218086045582436
v -0.0893079129856191 0.205591920321132 0.213150543384339
v -0.0957300254835377 0.206534493701869 0.213221153632317
v 0.1133807942286 0.12336752868076 0.217323581615046
v 0.186935635466446 0.112332782100094 0.231778931388974
v -0.0847830055990181 0.211724019226586 0.206791120388595
v 0.181084164109051 -0.0200559833258344 0.2195664791576
v 0.0324129051312599 -0.100252514708098 0.213078359196436
v -0.0668147371331551 -0.0899885371249287 0.205044984470747
v 0.0402141821402202 -0.0916280457222076 0.207251417516983
v -0.0031112941596151 -0.209810491844453 0.223238031242523
v 0.00375420029205925 0.207894633221542 0.21458533231638
v 0.177748505149468 0.19312561138823 0.226351238152362
v -0.0721931979034086 -0.0833841726636856 0.203355195669157
v 0.121594598389273 -0.0851883582022534 0.200734101810322
v -0.0574402357861204 -0.101162738058101 0.206034545470011
v -0.0655872727236411 -0.0928751316034007 0.195606307219005
v -0.126865617260881 -0.0590144374744603 0.207889453372141
v -0.0212935378058846 -0.215608834749693 0.221194013498398
v 0.0930281656417435 0.0104968285055288 0.22744326089154
v 0.18168338203843 0.181864179355588 0.228773804966998
v -0.114980857010582 0.138477653006966 0.211543466338936
v -0.0798468803048652 -0.184493345550994 0.192215200201069
v -0.0807560415624144 -0.190666538505423 0.192141547126548
v 0.176512146384052 -0.00809701684004907 0.223535971909394
v 0.1656346418771 -0.0598119659080304 0.226561302711159
v 0.193813453560884 0.167070799255546 0.212491326784529
v -0.0715228648263695 0.215706663585705 0.203078484027999
v 0.17457969177017 0.00113534511089668 0.227256599557271
v -0.127892020753072 -0.0583970455973839 0.204415240262013
v -0.0664621665873669 -0.207868284175987 0.210406943489164
v -0.0700002255258603 -0.165222783770404 0.207398071302729
v 0.181066402011524 0.124628119674537 0.220552303872623
v 0.168762573307198 0.00639960544218151 0.228159491252243
v -0.123916682058218 -0.0631818935705033 0.204883828706568
v 0.103177518736545 -0.0762842159494663 0.210474615951613
v 0.191778857531884 0.121325699408336 0.224068292278189
v 0.0851030704646598 0.123336212216223 0.216359520431661
v 0.0759029708886013 0.145487815890502 0.194390455674918
v 0.100656151809507 0.13470776789619 0.206218261315223
v -0.0832831481534558 0.00201550369535794 0.20889190466405
v -0.0921963264236382 -0.00169073193081431 0.205401517878177
v 0.192843466080397 0.117231586169763 0.228603349991448
v 0.198506809303358 0.124831599996283 0.225639364044967
v -0.109219312083135 0.132461186605053 0.210795624757847
v 0.171151898155758 -0.0531714198142917 0.225653292682681
v -0.124010348774807 -0.0124440642793297 0.201639353197925
v -0.123832958134265 -0.01872701261067 0.20070692752351
v -0.0998315930102469 0.20388734632929 0.212467928187631
v -0.100928424755552 0.199440621508189 0.209400428428614
v 0.0474686683118533 0.116585368813526 0.222699582410153
v 0.0572383026679868 0.1236383519942 0.215642612218722
v -0.0623669912943616 -0.213094753243442 0.207876573908063
v 0.1809096794307 0.188900380000522 0.228227386124747
v -0.081514181405368 0.137478091617088 0.2047616297804
v 0.184189735338995 0.182105962499025 0.22525535773966
v -0.00614072181680445 0.00182465779450195 0.211419448294256
v 0.172408836427008 -0.00173221871375816 0.222651605399197
v 0.167867230136269 -0.0583499844108947 0.223627512040723
v 0.160893389611911 -0.0653152593185338 0.222277639541438
v 0.163395302581596 -0.0657159344120675 0.219820436622537
v -0.0535147465861758 -0.113614638041254 0.209645840370219
v -0.09457813554276 0.210345088614583 0.208700324325389
v -0.0132087479649672 -0.218237466401561 0.218165895033842
v -0.108476916680149 0.000872045617593065 0.208121874917168
v -0.111432715662721 -0.00354814840035803 0.204297373356999
v 0.169970428736905 0.00396976738070487 0.226019943955801
v 0.136823799551362 0.119898975911455 0.222156877858849
v -0.0932798122102345 0.213888480592975 0.204827425376239
v -0.0648501842283509 0.140649465480591 0.201302599937
v -0.00431925730420266 0.12929278353108 0.210499884526248
v 0.00176242585079758 0.127001615565185 0.211827103600704
v -0.0319626660019734 0.128220874502807 0.209920841438152
v 0.0944045929396202 0.000761199088086256 0.217962232301107
v 0.0332630606139195 -0.11314824337552 0.209247528676887
v -0.128421579814843 -0.0628431753901734 0.199690233903135
v -0.124470435642647 -0.0680414709856504 0.199461962562522
v -0.13044728064548 -0.0613985342405499 0.193620253355141
v -0.12941785432173 -0.0552465699850405 0.198266463202856
v -0.122114641529216 -0.0416275745648866 0.185479885710232
v -0.0440037115980403 0.144585937434168 0.19601423382459
v -0.0676860047179434 -0.206750642885411 0.206016861258375
v 0.184278247458197 -0.0262307024049875 0.218447203494902
v -0.104063751687923 0.133035513305741 0.209211877973671
v 0.186497994039733 0.179580807204511 0.221794866147298
v -0.127773576402024 -0.0689216371515565 0.197567527834148
v -0.122881256325763 -0.0069048485279482 0.203806339989387
v -0.121013261723545 -0.0353023346307376 0.190550674101694
v 0.143334683601245 -0.00308986742496976 0.218507767178646
v -0.0616694956351391 -0.0984654843215043 0.193770601340571
v -0.0249217284398609 -0.218526376585085 0.216358929234715
v -0.0705426240674238 -0.0864939193216343 0.193542066259389
v -0.0850315740361273 -0.0761806069352101 0.1887656713718
v 0.0451182321770918 0.134560756646736 0.20451819324849
v 0.0256920795055274 0.127099581586443 0.211238578868589
v 0.0312775205482129 0.148925145973306 0.190484774371583
v -0.111672848624095 0.1700417288294 0.198947513470709
v 0.0767373933438231 -0.0082367309018675 0.207856818029599
v 0.129190356485823 0.134573708171716 0.20729156494086
v 0.143278741815713 0.134826731705551 0.20848856943092
v 0.146952786433519 0.127264169192645 0.215804422218929
v 0.0547193560923216 0.223419456422401 0.199582621291196
v -0.112139209711252 -0.0136611910641276 0.194802091828892
v -0.11170197085517 0.144196590189116 0.206377938360426
v -0.078537143251016 -0.196739438727524 0.19171798154945
v -0.107109743686336 0.187716840778372 0.201424265506131
v 0.166899732129173 -0.0603792875016476 0.218065712171283
v 0.176457755289449 -0.0135179793006483 0.217405571296493
v 0.174422747629264 -0.00744931851546651 0.21991752946307
v -0.101457599669251 0.139226490663181 0.203928124191828
v -0.00588183483652515 -0.215220776021673 0.220428918930447
v 0.183786693997559 0.190170753980376 0.224958793376011
v 0.0432332868469075 -0.0913902389405867 0.20407242066473
v 0.0408275865272199 -0.00526851085858237 0.207532137435453
v 0.0212863512744036 -0.00477450259516747 0.206975619373233
v -0.0697107673238687 -0.207558297642954 0.190055333666574
v -0.0739895223294887 -0.205718897861649 0.180848936182121
v -0.0626538024803601 -0.216558252986561 0.182920738243439
v 0.181430662948606 -0.0383637708196948 0.212627952375515
v -0.0375351979829305 0.136100670743759 0.203255513176488
v 0.119480239624004 -0.0117596199223815 0.207954155851176
v -0.0549848323713853 -0.106266305870808 0.19593604251319
v -0.0537728963186016 -0.106487931678082 0.200561941051996
v -0.0999489824505448 0.213880603292135 0.204349044851495
v -0.101821186403173 0.207260531461542 0.205139455010188
v -0.108202308447713 0.161554797300992 0.19281939627784
v -0.108041374407991 0.155291280943158 0.193867719769156
v -0.100773556345797 -0.0765947393115994 0.18684187296794
v 0.171357515922368 -0.00722390354868959 0.216967428261875
v 0.170873597028203 -0.0127489333329303 0.211013557193984
v 0.154740811352829 -0.0153063714366596 0.20801620086449
v -0.0823130036248334 -0.00499807838845063 0.202287148697502
v -0.0588135047739682 -0.00653099215150706 0.200110050390655
v -0.0657965441098909 -0.209982800449937 0.199645731791346
v -0.0132843330066645 -0.222306748405854 0.211552525287665
v 0.161775993439768 -0.0943693861009787 0.192020638654616
v 0.137451238231127 -0.0910458638050832 0.194253707352165
v 0.15766653279954 -0.105934905537654 0.179097577314909
v 0.196094898421898 0.126114117464493 0.220988747005668
v 0.171823759377795 -0.0542137199053131 0.20840478215677
v -0.0605985418673393 -0.215710232784024 0.201970695312217
v -0.0621847789944697 -0.214753692923075 0.197790612328353
v 0.17689298625001 0.198679534055532 0.22154413799886
v 0.167265681400468 0.204368186768631 0.215875519899426
v 0.155723750446533 -0.0765829516092233 0.210066880483926
v 0.183476528504446 -0.0323765284982312 0.212451810082456
v -0.0476302756996215 -0.119096066979836 0.199138003350483
v -0.10812292954351 0.14446827086043 0.202745455717919
v 0.181363696289938 0.195637651405592 0.223586935929893
v 0.00450437330263944 -0.008386783480805 0.201943841570756
v 0.0545662682901528 -0.0900784159651892 0.19788413032255
v -0.0796947460241693 -0.0155731542461385 0.190986740916735
v 0.160328506315583 -0.070549253732606 0.216378006464114
v -0.0760627064688618 -0.20185190456621 0.186585388283697
v 0.186527198080721 0.191446858973243 0.221315363827249
v 0.0473158349372486 0.0016418891870152 0.214850125716488
v -0.0446035930872068 -0.125148116195094 0.19303526703899
v 0.0200703150451942 0.220350168855189 0.201656905531745
v 0.191567261137038 0.179584682026458 0.214894580524542
v 0.0421773051004268 -0.0973964283530281 0.203403005446636
v 0.188954509474118 0.124247696379585 0.220592259676374
v -0.00641814785052707 -0.218699385356099 0.213472535740461
v -0.101979098133592 0.201084718605941 0.203935899383546
v -0.0722909459532555 -0.175987793917415 0.184363908004061
v 0.14129135547481 -0.0147600591449978 0.207352348591685
v 0.0434399860454703 0.221117085747132 0.201308122107379
v -0.00235185705239599 -0.214683490490528 0.217295118299662
v 0.0325070311813544 -0.146641420475135 0.169930585984479
v 0.0317941070129479 -0.148741067976804 0.186057656380488
v 0.0138923300248451 -0.193865821749233 0.176538387507831
v -0.0490440727876892 -0.0096087169785389 0.197260224327
v 0.0573705775149109 0.22877166677348 0.194455353006913
v -8.08157447051042e-06 0.131273402543168 0.208428188350864
v -0.107950906152462 0.168428256764971 0.193229702618514
v -0.108135807842609 0.182758278567837 0.195316196197245
v -0.106598840305616 -0.00442382523140301 0.203040701388061
v 0.170638393367545 0.133415348391223 0.211533273122151
v -0.120746199726708 -0.0159952779297014 0.197731461361627
v -0.0846528738403726 -0.0144965839840612 0.192519091707767
v -0.121710127345764 -0.0710494115823548 0.195121851414164
v 0.198602514466597 0.134820330629939 0.218958278857087
v 0.0409514702425651 -0.107050314612393 0.202745072487003
v 0.178194970732548 -0.0189979472060153 0.210894336609256
v 0.193373493781979 0.129090698303673 0.216817763297383
v -0.111303403502892 0.151193195710143 0.199039659341231
v 0.186484792701402 0.13405995417401 0.211742304837831
v 0.0517655417377843 0.225933915521673 0.197232329834473
v 0.0444067509663744 0.236072697693134 0.185272929650858
v -0.0939308029471305 0.155557704504558 0.18924332752698
v -0.0737905723379607 0.143910255336685 0.198639584946471
v -0.121988556840008 -0.0753564302441127 0.18968985474667
v -0.113614430833831 -0.076604872672865 0.187248657329184
v -0.0138208655880566 -0.00625496033578677 0.202181296764307
v 0.0264416963431509 -0.0262510630543698 0.185251086747089
v 0.0181553300070849 -0.0262387275601584 0.185004342789592
v -0.0612124604117221 -0.101944397466901 0.184101271246406
v -0.0525244143940188 -0.111227309223204 0.189900415960456
v -0.105815390121794 0.148746016453117 0.197714780074317
v 0.1851264654899 0.197694891992741 0.220500639881008
v -0.104795955034523 -0.0171105545174306 0.18978125680118
v -0.00381035218507752 0.133971842259122 0.205086301798867
v 0.164326787104748 -0.0654845574711808 0.216016732653154
v 0.0624807775303398 -0.092368040831866 0.195255221635505
v -0.0985401766246451 0.144494478014113 0.19947576183442
v -0.120456811954709 -0.0252720274495662 0.196488536677552
v 0.178937078819888 0.14424956711986 0.202419566880741
v 0.17758301319428 -0.0394367005389016 0.202813636782099
v -0.0916032228679356 0.216590415830336 0.20142890189822
v 0.196289592666411 0.135060273768633 0.214540725167068
v -0.0211333894954838 -0.223884062057454 0.20869570536479
v -0.0500377689422252 0.228594500486995 0.190401496904616
v 0.180478019131156 -0.0247842499616136 0.209013769974052
v 0.0514572872998172 -0.0152109604062099 0.199198090253654
v -0.0271136497816729 0.138526078912372 0.200774422459646
v 0.193687437439237 0.19480334163811 0.210678386105015
v 0.205823725681416 0.186963397626131 0.197473104969803
v 0.196120376587657 0.203379399024772 0.20776512001294
v -0.0338376003630781 -0.00691070580235 0.200607136953205
v -0.130643557930334 -0.0687986690432638 0.195036032476465
v -0.0441938868827063 -0.224479251237853 0.208211346208418
v -0.0400420958703867 -0.228133120344629 0.201445219305195
v 0.00551027562653984 -0.0189708245950146 0.191176695200157
v 0.00905025641531102 0.132258282024073 0.20593776317893
v 0.00282272238857757 -0.209971147297657 0.208286996569009
v 0.181350788602963 0.202085367973152 0.218531284270924
v 0.114728490303724 -0.0135437725317213 0.205876004735812
v -0.0759959828681561 -0.0844975887425085 0.183152420372553
v -0.054936590603107 -0.147649608072338 0.178465466051393
v -0.0588208338925615 -0.153740163513321 0.182270435860109
v -0.0528974668347379 -0.225569186327605 0.19305303459719
v -0.0405927407422064 -0.232716400333169 0.192543785827286
v 0.0448853500840432 -0.0973059736954762 0.200062293710952
v 0.114793929604533 0.134680304736757 0.206825543479334
v 0.193425260215256 0.135677644356291 0.211031946836768
v 0.132032725842184 0.145731234643839 0.196777290863841
v 0.151348503571952 0.144635018712207 0.199579762025536
v 0.0753444240793553 -0.0822050353241695 0.204555205143638
v -0.10831407026403 0.211662859633429 0.194906153448644
v -0.108186324072092 0.196845951252161 0.187491340932913
v 0.160878358237609 -0.0830407153753749 0.203746957479239
v -0.0998373986074533 0.217799455134964 0.200980314035509
v -0.104459700602478 0.213049189795593 0.201503331230724
v 0.1652195857224 -0.0652802701577845 0.21204085816536
v 0.1887636083955 0.194060970363634 0.217727025853431
v 0.164889896612941 -0.0712694389389412 0.211216535083558
v -0.0636822255505836 -0.213697759240963 0.193378816478091
v 0.0408706689416368 -0.114038890189417 0.203023744187815
v -0.0759452692046396 0.232168187449108 0.184389077690011
v -0.0849324636131843 0.224997426516842 0.19252252640175
v -0.069935037775654 0.15491414737811 0.188189757808945
v 0.0165718669281827 0.144525832246983 0.19462587182176
v -0.118051788256594 -0.022156233835215 0.192886500206578
v 0.0659561129562269 -0.0107266131656199 0.204737591847361
v 0.0790889683719492 -0.027148843486646 0.189523517350674
v -0.00398262525703728 -0.217182422486017 0.209924075809552
v -0.129426179202471 -0.0735279697035434 0.192232401789877
v -0.123104457844631 -0.0525536474250505 0.179967855072037
v 0.184458384582323 0.20483202582179 0.216491900289751
v -0.0564633519434414 -0.22085752888997 0.199668803592949
v 0.161797052487855 -0.0734008502286746 0.212839151652058
v -0.0137691110903262 -0.225639658072176 0.204783213059906
v -0.00373399404768642 -0.0185551088672703 0.190812298195705
v -0.0640567780810246 -0.163566926399361 0.186071531203503
v 0.121735507172847 0.228905866005548 0.192828132410598
v -0.110795242119713 0.215300602979371 0.172661781476101
v -0.106195862892525 0.20010967900721 0.165542220521554
v 0.188102846616476 0.140927497997053 0.205382101806251
v -0.0704229535729348 -0.0905005945392773 0.184406112532516
v 0.190754175440383 0.202036760757534 0.215203680638008
v -0.0467780756901577 -0.118576440892335 0.193666143492385
v 0.141239486734902 -0.0263236817516721 0.19653952087349
v 0.128174461210789 -0.0257374317390058 0.195486212629902
v -0.00739296670571131 -0.221369132991655 0.2061316043773
v 0.133931544588261 0.228073077170596 0.193557535581256
v 0.189664952421298 0.146246005253382 0.199927785724441
v 0.19060401726364 0.155338779260679 0.192131524868718
v -0.0144025848443138 0.151802277003201 0.188153225593425
v -0.0415124216681474 0.155586765094415 0.185568275411645
v -0.0314985195622118 0.163466144013098 0.177098269326782
v 0.171120310969728 -0.0185700569334633 0.205187860395826
v -0.017604268459033 -0.229026205733597 0.200232284097753
v 0.195487344708362 0.141902973557215 0.209781475819432
v -0.0389931123188941 0.145734906764056 0.194731304133767
v -0.132269963692049 -0.0697845142268663 0.192865131868528
v 0.032791111897251 -0.1367884103492 0.190994325534555
v 0.0360073095430886 -0.126230826264546 0.20182971629933
v -0.0845750945852597 -0.0847880729590245 0.174767244573892
v 0.18133241828144 -0.0313933177280434 0.207680172195805
v 0.176546254667228 -0.0426367731643757 0.198074964602086
v 0.0511071059601153 -0.10074746828446 0.193998066111208
v -0.044245154717844 -0.13647022736066 0.179556835536829
v -0.103833329253687 0.155447302749783 0.191190838876865
v 0.0959369488586201 -0.0949338651537582 0.191283145132817
v -0.118782268335583 -0.0277078876096267 0.191809708230092
v -0.0988551776183936 0.220776240412757 0.197464695578915
v -0.105328737026809 0.167665290201069 0.188193494772764
v -0.102571645659452 0.171810885663656 0.183109461928043
v -0.0580939051264028 -0.219669742337869 0.195627319342764
v -0.0607965730353977 -0.0208726361589557 0.184573221695161
v -0.0560414604392012 -0.109862170618282 0.181064539071171
v 0.179679202373891 0.207405984216204 0.214041270772241
v 0.163888194599477 -0.0773278014905334 0.208992967232445
v 0.0997630310615577 0.147780870608924 0.193190801542975
v 0.109827227687528 0.1496242729124 0.191735157216346
v -0.0969714712545953 0.223573330673862 0.193883420990211
v -0.133357402873772 -0.0740740850902 0.187181483315037
v -0.129689533704306 -0.0775575650733595 0.185972297641898
v -0.106978650869897 0.21818940274993 0.197171187236058
v -0.114564019339858 -0.0209985873562929 0.190703901571237
v 0.17798528215518 -0.0240741576497282 0.205091642635561
v 0.179294733642069 -0.048197885965918 0.193364458092882
v 0.176511656805709 -0.0570322962326483 0.197679500200619
v 0.190165103765418 0.137256454924257 0.208708590157104
v -0.0770296184301884 -0.185886529213245 0.177377243741544
v 0.0443008190575655 0.147971415519953 0.191972460668633
v -0.134327050137898 -0.0691638416274957 0.181962483179873
v -0.0797041766915538 -0.195889669198179 0.186883444065973
v 0.167459721230675 -0.065510616216663 0.208031346305206
v 0.152813269208747 0.150256499224495 0.194501473133796
v 0.154333471934051 -0.0266672840675402 0.19712579376126
v 0.16161289598762 -0.0882327416671528 0.198130155757442
v 0.167680544418734 -0.0209011634311737 0.202548197088368
v -0.0752548147849299 0.154691302123513 0.189385817681168
v 0.00133018565281171 0.222478909117874 0.1993105353644
v -0.0790266641650343 -0.194139683943405 0.179617117256442
v -0.12978417931834 -0.0793739406250443 0.168453760943235
v -0.126064692292082 -0.0626455819308072 0.166349775552225
v -0.127692309404941 -0.0683927884239777 0.155094130435425
v 0.0471297204914339 -0.110032705384872 0.196368095511523
v 0.194487678148139 0.143596420907261 0.205638097180497
v -0.0665963443040554 -0.095977671615157 0.182312648159141
v 0.0544583122863613 0.149251318494253 0.190239099522441
v 0.0102732783102691 -0.0287242953326844 0.181095772626329
v -0.0596832444412368 -0.218709033212264 0.191505755083986
v -0.105576432259163 0.165041994251419 0.188040329272461
v 0.070033490585125 -0.0950932686425539 0.192509594931671
v 0.183295836879746 0.210903364029455 0.2116964900348
v 0.0642759950903469 0.13830123071485 0.201558212377751
v -0.00304583796098975 -0.218123700280876 0.199208738817607
v 0.00147566572826882 -0.212771143153687 0.201961447099684
v -0.117573035738925 -0.0287903684669361 0.187492952030654
v 0.0916036065292212 -0.0163501763825321 0.201461358649383
v -0.105143928728275 0.161358333973779 0.188440439737097
v -0.0104752089177539 -0.0219798623834256 0.187095609617586
v -0.0196245895339995 -0.0217485940901499 0.186549684299524
v -0.0784496299421115 -0.0260538093611793 0.179698621223101
v 0.187623194678527 0.20818071975304 0.214528683623137
v -0.125148053157923 -0.0812280738268181 0.182001648861821
v -0.0391404988646301 0.230189261205553 0.189637681933903
v 0.167693865543267 -0.0718096669511176 0.208174477121476
v 0.178814100036018 -0.0307745306212503 0.203539171796996
v -0.062967111563556 -0.16183051481898 0.180479664230581
v -0.0915051973660124 0.228912272646415 0.188000559754193
v -0.100127698648671 0.229561170155261 0.18738961192258
v -0.108640709746975 -0.0228387529288068 0.184883524766842
v 0.174766355046391 -0.0243722850421662 0.201832383913596
v -0.047171915232583 -0.118510210377921 0.188306608362117
v 0.047960838916615 -0.115438292746315 0.191895168991106
v -0.0610611142595914 -0.217641991366071 0.187376368006672
v -0.105525856860868 0.222821953661199 0.19412667685186
v -0.110550191927631 -0.0843596822477956 0.175582589863094
v -0.100313925303197 -0.0879987349245366 0.16667868326863
v -0.091125445353385 -0.0862407465698788 0.170269546787393
v -0.102689759992639 0.167465724529408 0.183476928140816
v -0.0772090221162655 -0.0348542198369919 0.169125342589712
v 0.172425064384819 0.216144978497559 0.205027090753054
v 0.201825406650792 0.204285600978626 0.201208762547452
v 0.151189664080805 0.218729423457391 0.202698097750233
v 0.0669651007935635 0.235775692812347 0.185358659446775
v 0.0914046220836582 0.234054222910249 0.187722110116485
v 0.0902749608198822 0.254551954211128 0.167435259882146
v -0.100520182423171 0.159310994392953 0.187071159677979
v -0.119793426238478 -0.035203001830845 0.185825574123087
v 0.130318385339445 -0.0983403786670187 0.186564791667634
v 0.00848344925477204 0.152627310991517 0.186406492565641
v -0.11566694605075 -0.0305855426488173 0.183670372086953
v -0.00822069993794638 -0.224368790117802 0.199153329797446
v -0.0922107349572131 -0.0224803484418486 0.184251874022044
v 0.193456483005659 0.202585537748481 0.211439306282742
v 0.167228987700459 -0.0777420550750116 0.206994470555934
v 0.0523500097766416 -0.0243641347769644 0.19004450285223
v 0.039874804456607 -0.0368647562385735 0.175931991764245
v 0.166469755795684 0.150066518897431 0.196107338426271
v -0.0439173802558422 -0.124408613273327 0.187228638155064
v -0.111218909734395 0.217931138468728 0.189910976940626
v 0.191763709407011 0.209004464161796 0.211419517436803
v 0.192092307072621 0.144252226761053 0.202698727329321
v -0.11022100011333 0.220929498557457 0.19104370247303
v -0.0579045716729133 0.229431359835867 0.18892279169881
v -0.0546318689856937 -0.224623487212874 0.189129158623666
v 0.108595638853785 0.157813338000544 0.18385581767195
v 0.142164688204358 0.156532619013406 0.18727271048322
v -0.0395923759767139 0.244956992703166 0.173298206748169
v -0.0516019812515422 0.24390763344434 0.17334608175737
v -0.130518365672957 -0.0811113354123227 0.17629359132457
v -0.125461631471427 -0.0843111069907467 0.175370665211604
v 0.196761482556468 0.149569975993878 0.201325155809878
v 0.199014028624276 0.155917506131089 0.201906744143464
v -0.0720083894284917 -0.089543209927779 0.180833742737333
v 0.176006405268503 -0.0304562741002927 0.200200074986429
v -0.0287984237781784 -0.0215434704649404 0.186194375591818
v 0.0561630537854005 -0.10666437244773 0.187423641061844
v -0.0745549103008483 -0.179564165691313 0.178024725423105
v 0.186845437638157 0.21401222991912 0.208800182700414
v 0.17120633216291 -0.0255658087185088 0.199175907651615
v -0.10025772388341 0.173324361273762 0.178624626159251
v -0.104100836866148 0.184674377378756 0.18569714966088
v 0.170435393170747 -0.0725585407409832 0.204349217966475
v -0.0716048739022696 -0.171579931773716 0.173958455258452
v -0.0941491089372274 0.234363331828356 0.18105641216497
v 0.0679679498479356 -0.0289374059202827 0.186392751491191
v -0.0285929846412034 -0.237063955984568 0.186269074455916
v 0.0727269723701391 -0.042115369848234 0.174083923380562
v 0.0572811560019626 -0.0349842241465647 0.179833770014111
v 0.165166469647658 -0.0833595573607731 0.203632384701158
v -0.103062195068741 0.226828945093344 0.190428830655347
v -0.0921500825203299 -0.037297482654428 0.166209091236751
v -0.0984513747996169 -0.0376209306894942 0.165613143162566
v -0.133052252167428 -0.0781158815141786 0.181210611524049
v 0.0545548371950813 0.231361167598462 0.192374074017329
v 0.0420611025939079 0.154235311177661 0.184960880255415
v -0.0970501239175747 0.162502898499189 0.183920360351379
v -0.0898715947796368 0.16701498703956 0.178302357992691
v -0.0768521047563003 0.164165194337312 0.180200720374445
v -0.070282128466694 -0.0940146230501616 0.174981585652729
v -0.042845929253902 -0.233477360843205 0.188779490262528
v -0.120161868871781 -0.0843004624974623 0.178037584719786
v 0.1022947712728 -0.0304896897650921 0.18843365182029
v 0.0881420217652273 -0.0295074446629353 0.188463850773531
v -0.0653072261952079 -0.165285063356529 0.173814784636826
v 0.0314870563812233 -0.0367041587937129 0.175723684919177
v 0.105903279536503 -0.0229314055629511 0.196148535285244
v 0.0489229167907224 -0.0375074796451725 0.176457643094749
v -0.117197865913011 -0.035692165055611 0.182039913761678
v -0.0115565156840686 -0.22852613845859 0.195062255538817
v -0.00635457104551258 -0.222632205274081 0.195777145022877
v -0.114461495378106 -0.0371744407079618 0.1789303218644
v -0.104431567115538 -0.0291417070647934 0.176951993707456
v 0.170244861848443 -0.0785663639747547 0.20425393814554
v -0.0751678282046764 -0.174830620232204 0.162970478647943
v -0.0755379037339685 -0.178983515890103 0.156344252583124
v -0.0793747607091145 -0.188362284433721 0.159801106440795
v -0.0375535324701111 -0.0233957071711636 0.183402904660624
v -0.0436336368410114 -0.0279536670934203 0.178270937869449
v -0.0988187315841302 0.181180635381807 0.174407634752546
v -0.0550138804629734 0.158017595022903 0.184370770854454
v 0.0511508444280008 -0.119112330405061 0.17936249331214
v -0.0650472957747607 -0.10317176944294 0.166463552252354
v 0.162652921579481 0.164362091179564 0.181788764941827
v 0.0225901866406193 0.156559105191158 0.182340084758625
v 0.0316044192221269 0.154313528623481 0.184623280498392
v 0.170680994217004 -0.0311836751739751 0.193664109258056
v 0.194301960776774 0.15347082589464 0.194006742585562
v 0.0880285050546818 0.153143630860623 0.187360845872631
v -0.0103108270706959 0.232477709293198 0.188487575747275
v 0.150586664914948 -0.0387176062936649 0.185736995772193
v 0.00242223799573963 -0.21394910205306 0.191133785496657
v 0.198080820147438 0.211383679720096 0.205057988077869
v 0.141261991768906 -0.0456188375037465 0.178667680640241
v 0.126047250327287 -0.0452927876277737 0.177515233433322
v 0.0088263407411692 0.164065659333936 0.175311819868807
v -0.0521347565645261 -0.115200068869392 0.179040012647104
v -0.0581041045922781 0.168226733586873 0.174754260980262
v -0.106613150048759 0.226520567111283 0.187483377902296
v -0.0046428454115343 -0.0347650541107574 0.173896924902152
v 0.174451242244763 -0.0372133150407706 0.195143882413703
v -0.0585197130542962 -0.152476660396893 0.177691432085184
v 0.179439760663171 0.161302315636756 0.185737263917809
v -0.0539582294879807 -0.11456041089354 0.174551603755244
v 0.0285942455644811 0.236033549970077 0.185607776061652
v 0.195122514087604 0.210313652106057 0.208177030938748
v 0.191740142848228 0.215627131147757 0.206507208688514
v 0.196398668835351 0.151379579041369 0.197277711311092
v -0.0746049539580494 -0.092417917499453 0.168154149137404
v -0.118949420982855 -0.0432471231416518 0.180631756591903
v -0.110226092775754 0.222833170584045 0.185235706489239
v 0.0972168843499206 -0.0371224342928717 0.182217598915826
v 0.0196341855053848 0.238289707423021 0.183106054314606
v 0.122720797558521 -0.100337082499347 0.184493019281642
v 0.173750114807501 -0.0736396501702287 0.200485928622398
v 0.183554071922297 0.226326462913943 0.195703410971398
v 0.166276535850902 0.220916378958471 0.200638936087322
v -0.0988125395267543 0.167580075880634 0.180199128793003
v -0.13331123890305 -0.0742966842577594 0.174743806715217
v -0.101402814154226 0.187604663895463 0.175854948123967
v 0.0989960560581444 0.164489304096858 0.176400584229825
v -0.0530939637819668 -0.22715162961738 0.183543557262779
v 0.168318611872748 -0.0851469068188473 0.201765116320922
v -0.00410919254069527 -0.220757436690596 0.192223129972028
v 0.115706703832767 -0.0312879642378476 0.189475227727134
v 0.137857167781813 0.166623113272097 0.177342685864137
v -0.0670460181146234 -0.212327629896707 0.167675517104953
v -0.0615613046379907 -0.218171876245318 0.16690043957125
v -0.0605415672665272 -0.219536112444415 0.172004754535626
v 0.183878736582114 0.218679561933798 0.20352523998616
v 0.200119001720585 0.15704618948755 0.197051672270858
v -0.0125140063940995 -0.230769291711907 0.187615659716634
v -0.0756068975878464 -0.204797137583299 0.175062412840906
v 0.0464231726737206 0.15287084254007 0.186342011085351
v 0.170555888356311 0.232270119021227 0.190313747841786
v 0.177176300996335 0.242599293454831 0.180861817272268
v 0.148809584296106 0.24207788367534 0.180468940923902
v -0.0595780415866691 -0.220735669271846 0.176742039039981
v -0.055966297021311 -0.224653713435534 0.175291947089312
v -0.07152712141733 -0.185134527551099 0.149778453458378
v 0.203696344282303 0.163623117946794 0.195076015186136
v 0.204714713926732 0.170863094541498 0.190806818912986
v -0.0800595322912202 -0.190639211004869 0.170165677611244
v -0.00767269372124765 -0.224864626112539 0.188659405734448
v -0.0800417095025837 0.168120057181462 0.176427395123342
v -0.057728934712791 -0.15168113739823 0.172518136744997
v -0.0628844483697894 -0.16223440408254 0.167689973487453
v 0.173322953301356 -0.0797352750646231 0.200994004860218
v -0.0705340923525522 -0.208884371344695 0.174575692364219
v 0.102766754403686 0.23489668283626 0.186961930413629
v -0.0973481397317582 0.232233059402904 0.184022294419434
v 0.176491840030272 -0.0437222113098134 0.189987413433024
v 0.00277056032843311 -0.212686802710903 0.179849200126215
v -0.0432075633090333 -0.129369517644221 0.174318857425343
v -0.10400658276109 0.229857215206655 0.183497097578934
v -0.0305690364561847 -0.0398319060737651 0.165637944016222
v 0.0764601349647089 0.162334016812398 0.176605514233286
v -0.0433782972086537 -0.135115335818566 0.167107739118652
v -0.053355209975349 -0.145211172796916 0.167836687398722
v -0.0130084295825604 0.162433534900852 0.177502731695635
v 0.182544223703667 -0.0550719450023141 0.189464914818846
v -0.119893482755204 -0.0500654104262898 0.174607813394778
v -0.0502489577389375 -0.231143258591466 0.177462066186106
v 0.191474444312075 0.163734604509396 0.183751069147788
v -0.116416935636657 -0.0432667404531164 0.176654732210277
v 0.191033806221226 0.22088579271932 0.201330589748908
v -0.11202469639053 -0.0421576035661598 0.169561103908904
v 0.11379528188586 0.169109061345951 0.172516363590539
v -0.108060871806298 0.226248771306037 0.180006305633836
v -0.00196566804448936 -0.218679790803943 0.188493848485018
v -0.106152395105656 -0.0364250668699635 0.169311555537153
v 0.171852218366998 -0.0858892323565312 0.199717508265984
v 0.112496205544461 -0.0513170328244042 0.170230855261812
v 0.195441020789077 0.217503217044696 0.203944454678146
v 0.165557360647923 -0.0896820371384256 0.197383546754828
v -0.0539967473785308 -0.145912653283816 0.173523684669895
v 0.176271798468319 -0.0810243606123892 0.197141487029585
v 0.182219717180209 -0.0740558012001169 0.191213639167192
v 0.041924602364799 -0.123830199335218 0.189160850826322
v 0.0601421662893032 0.241459553144078 0.182208797917994
v 0.0572370580343058 0.236375560250921 0.187206666173148
v -0.0587310888769323 -0.111750772233914 0.163539086594375
v -0.106153619001082 0.231749797118982 0.175424555721847
v 0.0744058165998118 -0.106191197797449 0.180316229580295
v -0.128340811872898 -0.0830585441938207 0.170538619143992
v -0.0134275492304967 -0.233470571708654 0.18019398119417
v 0.210004522407396 0.205237636031816 0.191213912443045
v 0.200116545980977 0.158515577585083 0.192187914314388
v 0.0836145261858988 -0.11355768477254 0.16819803963306
v 0.102823260629939 -0.112542409609424 0.170641434566216
v -0.123940173499366 -0.0866948410099623 0.169982846738687
v 0.0161948477212377 -0.0481902135171571 0.161708421486865
v -0.0974919185834618 0.174818145313023 0.175075107162918
v 0.168375899878809 -0.0382812005123886 0.186304188092075
v 0.0212451929687859 -0.0329650827248266 0.178464248565463
v 0.203576284236403 0.212977631747106 0.198258409778655
v 0.20495850476156 0.221963492916775 0.195820325034385
v -0.0882959857517757 0.172468416928703 0.172846431247809
v 0.190896029710952 0.225187805988044 0.196652869180273
v 0.185066508080591 -0.0558859667433736 0.185453658621602
v 0.202335888788492 0.16491639177581 0.187627940434596
v 0.0616260212639721 -0.0539099196788687 0.161020312034089
v 0.052813214062776 -0.0534077884059451 0.16064019315814
v -0.062587644442974 0.173209749489498 0.170183262686985
v -0.0421434921399738 -0.237250760731791 0.178505252248178
v -0.0401444899115273 -0.237544176626718 0.182596308617976
v -0.0720715825587435 -0.207757568398083 0.168935999606082
v -0.0889135448669163 -0.0870131143870933 0.168288462675292
v -0.108044079649675 0.226493637579064 0.168402977332763
v 0.200958853610061 0.212427817512691 0.20160146820636
v -0.0131685046167263 -0.0371266203758548 0.169816778360431
v -0.0443551320357387 -0.128852254350027 0.168570346371539
v 0.0457141391745198 0.157844186876141 0.180826439015863
v -0.107409440130901 -0.0883350414456974 0.166418619124332
v 0.0231725778446052 -0.0394219999866056 0.172020798570391
v 0.0619022021185243 -0.112595730274635 0.178000210592737
v 0.0587189670839948 0.162579637679659 0.176590402835722
v 0.0303069711860285 0.170766483514487 0.168315531061803
v 0.0494485356121925 0.177656861777286 0.161200218825273
v -0.117977014701606 -0.0486775092687886 0.169774597028056
v -0.0908584515325768 -0.0866879218645972 0.168831008483498
v -0.0792169947919105 -0.196059642022329 0.164823337183354
v 0.169119595869753 -0.0916030769046434 0.195825920518093
v -0.0942191723614963 0.175707343651492 0.172059574391616
v 0.197553621373905 0.159579908358052 0.188699548571427
v -0.023834461219256 -0.243887127315057 0.165051272258904
v -0.0123429613798886 -0.232988256188615 0.169166425900186
v 0.172264064043369 -0.0445250277961939 0.180338070476815
v 0.167784687924605 -0.0458810307660208 0.17932402665726
v -0.0593924223271241 -0.156828883145873 0.162836324485097
v 0.0478058656838031 -0.123815306814379 0.177390901659299
v -0.00877376749792929 -0.227071685200133 0.181352203876058
v 0.19667343490833 0.222108334104144 0.199304666491498
v -0.0997489085154604 0.236915869401816 0.176361709233973
v 0.104357129744599 -0.0510884825027915 0.170030399064151
v 0.0650774117675117 -0.108597260460641 0.181262039606655
v 0.175027557175553 -0.0871198472602214 0.196912549005937
v 0.199198965487788 0.218747616024547 0.201223312878969
v 0.0358432065524764 -0.13418598656212 0.186580498936366
v 0.180856607985629 -0.0500449005115455 0.185247665282073
v 0.17632498480783 -0.0444910363627416 0.186292365862432
v -0.0885649569641423 -0.0885868113564214 0.164969431549778
v -0.0729241709312869 -0.206477650646644 0.162481221193952
v -0.115363336384782 -0.0474001808732697 0.166453176763396
v -0.0690461129024785 -0.0373290998502869 0.166297394340699
v -0.117673181853296 -0.0888887107883222 0.163115965708396
v -0.115518937263137 -0.091372239425004 0.159520228529408
v -0.120281140822619 -0.088021198586542 0.167156208939698
v -0.00382754401260616 -0.221135498216269 0.181448492995519
v -0.0491169699365995 -0.122490678116308 0.165667583910243
v -0.126003598533375 -0.0853215745589027 0.166404774362002
v -0.051618306542246 -0.229796876184786 0.173237631140244
v 0.00403512403834808 0.176412470356036 0.163421448033122
v 0.194828089511732 0.161566441147958 0.185778388507261
v -0.0315472356803833 -0.244428302953961 0.173655399143533
v 0.107053242975489 0.173505798477898 0.168127576600185
v -0.0113075674274046 0.249036041505569 0.171442106592633
v -0.0323873669440896 0.245769194631159 0.173124533662282
v 0.0636833547579268 0.246306817674939 0.176594433118492
v -0.0484949301017684 -0.233251868948771 0.166711005751112
v -0.0570022872299167 -0.223581161507754 0.165641306909622
v 0.178204855720398 -0.0885492903045483 0.193556770290809
v 0.155606252633939 0.176274683974601 0.169246415810435
v 0.165254299037725 0.169860973219449 0.176494902386146
v -0.0531360026489162 -0.144766037664998 0.16173889145889
v -0.11881828191074 -0.0505603564097697 0.168935453390288
v 0.0576963116108829 0.177823472587737 0.161636408878043
v 0.172577617387233 -0.093036850537994 0.194185319036789
v -0.0673398331349624 -0.16715703862262 0.155061529598186
v -0.127873668398668 -0.0828003980849853 0.163728869632028
v 0.202847003481532 0.18036354129852 0.181323582273402
v -0.126686532542075 -0.0868529659172837 0.158373001472968
v 0.180960327209843 -0.0508907600452339 0.181417794299085
v 0.174115926451411 -0.045868306457305 0.179438454073868
v -0.0972744202935414 0.240052760277051 0.173088870909067
v 0.202038643777518 0.22044170300024 0.198359946074508
v 0.166141946964818 -0.0954589697330317 0.19143473611429
v -0.0967215548268381 0.181553508424722 0.169952639461401
v 0.0365180125259872 -0.136877783079644 0.181769986637601
v 0.0709025274615494 -0.109926965974541 0.176935308023115
v 0.165805196190167 -0.101193241492568 0.18463009658909
v -0.0883795307173579 -0.0974225623350518 0.14887018192375
v -0.0737635690479454 -0.0969550347265514 0.156686373067365
v -0.0772240664662636 -0.196419873124398 0.154735971050631
v 0.197410049808634 0.225381149946666 0.196592963063399
v 0.181300011377922 -0.0902180494743005 0.189778602141055
v 0.0649850457140225 0.25731333109874 0.165250893752479
v 0.0590480893520859 0.251187926401215 0.17188090028076
v 0.170128012136087 -0.0971091098681381 0.190520744422206
v 0.176093262322047 -0.0945054695110729 0.192074148079009
v -0.0458596159381242 0.178493552647374 0.163078144944258
v 0.0473776999737907 0.241156391749489 0.180196282373788
v -0.0525827106610311 -0.120697557529498 0.157468912063902
v -0.0522534550132165 -0.228810587448959 0.153346840423088
v -0.0557722225089387 -0.225730644053479 0.15981877202979
v -0.0694797857723473 -0.20888636946173 0.154440512412229
v -0.0626677026536301 -0.162364347476128 0.160953680493167
v 0.173590996799019 -0.098073454293454 0.188649696560451
v -0.00684993819617864 -0.225331544041236 0.177944890011319
v -0.0961792694742123 0.187816838991707 0.15912800544063
v -0.0959089272606196 0.193590419231751 0.153423684650004
v 0.161050916931332 0.255315587229694 0.167466168962821
v -0.0916180665105281 0.17788829547084 0.168831067192954
v -0.112718250017393 -0.0472569323416995 0.158138201711691
v -0.118223328304041 -0.0528085338672889 0.158692728175507
v 0.186393865626905 0.229864677807402 0.192858313573691
v -0.0983102549433458 0.187026630078191 0.163905432129639
v -0.09453066394304 0.182239531627705 0.166078703453476
v 0.0882644080181499 -0.0500264752727446 0.169007917760933
v 0.0143118109176541 0.258329001982396 0.162238732619059
v -0.00358600994126911 0.247895146988476 0.172924670292451
v -0.0741264252429609 -0.204365874897657 0.155655030905506
v 0.00313643806835814 -0.212588916682563 0.16254231787761
v -0.123950737537469 -0.0871234527550916 0.162323220724965
v 0.138572263181773 -0.0656207750178065 0.15957577938968
v 0.122108174816422 -0.0645380898469853 0.158366773234356
v 0.185888498034706 -0.0636529824521175 0.18198537475435
v -0.109101705257999 -0.0981266746739999 0.149130210947085
v 0.0705775858595555 0.170927205130328 0.168751850417954
v -0.0461249014295292 -0.138527738874339 0.154236090840025
v -0.0521678247211714 -0.1440532228287 0.155848295393632
v 0.19198217815484 0.228928464592856 0.194098905451618
v -0.0662834975486549 0.248853157999274 0.166545228366241
v -0.00954275092811228 -0.229227570509897 0.173827254813168
v 0.200253247812162 0.166777077642369 0.183793693482183
v 0.126389632920169 -0.111926503837401 0.171625730886724
v -0.00165527651191104 -0.219002384984921 0.177275227079109
v -0.0454396458133683 -0.1279570909238 0.163286975072074
v -0.0571356364923972 -0.148746703118159 0.155023576030236
v -0.104229675034662 0.236204086484071 0.171614372189711
v -0.0498873303065509 -0.231792808081279 0.16244562047404
v -0.107651145040819 -0.0405510724246358 0.162295257343099
v 0.131221306023197 0.246833326961646 0.175431820497212
v 0.185830210850517 0.169566765978708 0.178877464245084
v 0.185741475645849 -0.0651581922553902 0.177866616665693
v 0.188215222777595 -0.0871234687591007 0.180758141595192
v 0.191395160045887 -0.0861119904628218 0.176162011406364
v -0.121610847954465 -0.0567443683025338 0.155353379860964
v -0.0881871610586829 0.179095851993194 0.167038515247885
v -0.0261644803085346 0.169913972835926 0.170583328035641
v -0.0110194166351116 0.177588943935462 0.162882902824099
v -0.0474523049812896 -0.045670719644333 0.157983491888178
v -0.0845986891800186 0.241852037129078 0.172593593992051
v 0.057761788863586 0.243986403540725 0.179900308731278
v 0.117022721930447 0.180447100429332 0.160993803498155
v 0.140510489739567 0.1797768913123 0.164321897810049
v 0.167502041687364 -0.105133590896992 0.180650210500283
v -0.0544956283902336 -0.11989342595249 0.15047532789334
v -0.0336713176347905 0.183320306856025 0.158286938599652
v -0.06382751113878 -0.161539725918572 0.155490847946096
v 0.0342679984570468 -0.0463826070191651 0.166092459381048
v -0.0049710539147802 -0.223375207348847 0.174251038734649
v 0.0440035513118046 -0.0530317206367273 0.160090451770179
v -0.128467946339 -0.0851517337491303 0.153440072710312
v -0.0832268361039132 0.249451677177569 0.163233853340261
v -0.0914892971108953 0.245470148245217 0.167304694136215
v 0.0546655247510239 -0.120685556177675 0.172436556822504
v -0.0583667418220889 -0.053304469706598 0.146563363123222
v -0.0290221352701907 -0.0454135376772388 0.159087322387328
v -0.00951077006140312 -0.0521676561665211 0.154047148283297
v 0.194346238207587 0.231436340966823 0.191880609163756
v 0.199789644142136 0.227837700319173 0.194899077367321
v -0.122358901736022 -0.0904499438988578 0.158991272784183
v 0.17432210057744 0.254008015447583 0.169297180721382
v -0.10754318467898 -0.041899615585056 0.1595425898902
v -0.048125484875953 -0.129019271088478 0.148675103499964
v 0.0465800427690932 -0.12772342899819 0.171701361349598
v 0.0427747637272994 0.246016467631415 0.175044899025895
v 0.0629189765361092 -0.115856122983801 0.169805317128559
v 0.19750312459749 0.169015782256314 0.181045461580757
v -0.0447475831477266 -0.132759643308026 0.154772349777991
v 0.102143018980791 -0.117179693695571 0.16476899198109
v -0.0125336399495916 -0.234551907753582 0.161259290839978
v 0.101832635489767 0.253021929474141 0.169478186820223
v 0.118901610516622 0.251167900052984 0.171251234388959
v 0.108871571586584 0.268575267427536 0.153431306735778
v 0.19995616266566 0.172933656263425 0.180309773565258
v 0.136825336572415 0.268359061852276 0.144334901866867
v 0.135842323858626 0.270296858653218 0.151345582745386
v 0.153772921621462 0.268816936232942 0.14856389858936
v 0.184494378887201 -0.0572979134777788 0.181261728188044
v 0.191646357910607 0.236702951677715 0.187338411376748
v 0.183108888606804 -0.0955983405769983 0.186071047185667
v 0.177168890372185 -0.0997603695705053 0.186802622691804
v -0.0632932472829156 -0.110564791334693 0.147255710762912
v -0.0987931892008087 0.242782063229515 0.164687203592184
v -0.104398377286992 0.235064842741935 0.164807230520781
v -0.0864218740726643 -0.0407799951024014 0.161601244207967
v -0.0899720277528292 -0.0408962808266418 0.161242436592021
v -0.0075469604362786 -0.22734808527277 0.170438431753326
v 0.207842999282885 0.222939130884023 0.191911156626343
v -0.0918550854690212 0.183801799919356 0.16285667745139
v 0.170066057786009 -0.102535618120328 0.184133755566241
v -0.101559753721143 0.239625139541552 0.160551530529617
v 0.0118763637806514 0.176032154673681 0.163686010569899
v -0.0720478418763917 -0.099628205761368 0.152933809601256
v -0.000981631115928235 -0.219215814055092 0.166245744137002
v 0.168667424337132 0.16775063011646 0.178907209347181
v 0.208972372076565 0.222758158034834 0.183310406760642
v 0.179719111200207 -0.0521154944456875 0.177706412316373
v -0.0822229783993521 -0.0461926863262098 0.155166360780328
v 0.194870662617598 0.170858515721154 0.178147767377167
v 0.205518419467708 0.230993560553465 0.187226212132363
v 0.141478803218818 -0.113469607274714 0.169977051913762
v 0.175462515549944 -0.0505132402400382 0.175038479703721
v 0.0379759092639281 -0.137547797123511 0.171759208458582
v -0.00467770049645285 0.262880119857241 0.159541180988868
v -0.0180081030742267 0.265250808768121 0.154133799423244
v -0.0674909843682671 -0.169964833509589 0.145484870292643
v -0.0722373630073635 -0.178443781087547 0.150516464130334
v 0.19816865302786 0.234225316532399 0.189656750428582
v -0.119472071451484 -0.0960622477268623 0.151809533354065
v 0.203217573409129 0.229917766193403 0.191365411912217
v 0.0585460547064351 0.247709065873926 0.175891905816995
v -0.0646459423552675 -0.196663865457539 0.142524506493921
v -0.0687827151955393 -0.205995944069293 0.148006128434546
v 0.205574783218314 0.195466419741593 0.170782420726491
v 0.201323781948223 0.196618086771683 0.154261223709383
v 0.202546205945746 0.202241866167478 0.154041498289428
v 0.0520290076186199 0.190985058488336 0.147850099449829
v 0.0303663861493794 0.193079112528071 0.146025586687964
v -0.122730965645015 -0.0587004919419077 0.151582162948026
v -0.126571567998973 -0.0900222346671584 0.154429140325714
v -0.0881721466169994 0.18489394920267 0.161122154812523
v 0.0362430838526694 0.260139878865706 0.159869776285893
v 0.0200825974320212 0.186440520937062 0.153039471999692
v -0.0949943101091996 0.200511486446313 0.149766055862082
v -0.102647288968115 0.215211514620236 0.157411830439265
v -0.105693579483926 0.229772210835018 0.163853312739904
v -0.118587533360359 -0.0543281369213397 0.154687666871676
v -0.00544260584416849 -0.225756641494088 0.166982647218163
v -0.0899405831670537 -0.0435231374308487 0.157753005606851
v -0.068449547627804 -0.105069140391507 0.146025936824492
v -0.0666208279227846 -0.165879829071824 0.145714522665788
v -0.0451690250798259 -0.236461467699874 0.160104177387379
v 0.18302376016652 -0.0588680096802222 0.177303202970304
v -0.113647502879911 -0.0516786246225138 0.149661357358714
v 0.16309350781471 -0.113454691078313 0.171146908824058
v 0.0395205560376403 -0.137128056060925 0.167326853136624
v -0.046524202499729 -0.139650378918217 0.153334500054093
v 0.1957626762493 0.176922073076737 0.173227683505454
v 0.191784625252558 0.172999732971865 0.175764353202419
v 0.186262966251471 0.177842769242382 0.17102260021468
v 0.20552397350373 0.23085370832855 0.182679784591203
v -0.00767332891222931 -0.229204601052631 0.162886979484333
v -0.0190113000481457 -0.0599195594940745 0.14384886258775
v -0.0281892624361306 -0.0602584010997784 0.14317212350212
v -0.131228066935161 -0.0803081407793667 0.149217371970251
v 0.173774092711148 -0.103916884438283 0.182436442067617
v 0.197655252664505 0.174568139801089 0.176863816281269
v 0.182935330232652 -0.0644128223018861 0.16559655394301
v 0.177895448597903 -0.0618536313380432 0.1638749654627
v 0.173755682415295 -0.0570054114436096 0.168766573053713
v 0.179948109355876 -0.103588866148951 0.182028526107882
v -0.0492580434977489 -0.142650707536752 0.142331851659071
v 0.124372944422387 -0.126842641156345 0.154867101559769
v -0.076207499516609 0.188017348948452 0.155780926338808
v -0.0320802127524728 -0.247286536201375 0.158445363877963
v 0.177915869626446 0.177044404201029 0.170957691290758
v -0.107241914720784 -0.0443477737440366 0.155827730404521
v -0.0558304474939541 -0.226363683020674 0.14272803288634
v 0.0485122497410161 -0.12733124998607 0.168203449814947
v 0.110217768324034 -0.116481376767688 0.165817749988583
v 0.0531665643431906 -0.12379559330254 0.166831306514952
v 0.163297856704393 -0.0644195382941795 0.160434305297248
v 0.187020668420397 -0.0665251091005617 0.17336016217945
v 0.16270568960922 -0.126084100872001 0.153702957150539
v 0.193750924896318 0.239828918301052 0.184689645297357
v -0.0577469051096161 0.179905025007266 0.16323223568814
v -0.0318787871875672 0.260390893889046 0.156690278437082
v -0.00305586953496894 -0.22405769810589 0.163530059645784
v -0.0454599208800184 -0.134408136557483 0.148747106994767
v 0.143583171183605 0.24598163468465 0.176329919431558
v -0.126198201673421 -0.092646115072376 0.15036158503045
v 0.20128515432425 0.180608618091239 0.177610852100652
v -0.0617080373721957 -0.153207910808038 0.147733371145673
v 0.184383212175308 -0.0995320022720675 0.181148751044398
v -0.106827229978091 -0.0466241935217592 0.152407122862009
v -0.0575723778027343 -0.17094635642061 0.135504716675462
v 0.204205239485746 0.188126984305479 0.17448724889409
v 0.0593079386150928 0.254788024500508 0.168136503751676
v 0.0490472483977151 0.255838160776115 0.164756111721111
v 0.199867192135216 0.236378752516382 0.185965538667912
v 0.101627103239041 0.176674475102844 0.164169698058895
v 0.0960927859044127 0.187503620326835 0.152367719914186
v 0.104588071789837 0.188399893227706 0.15223500030633
v -0.0960277436776245 0.245830023608122 0.161198127747386
v -0.0871557000462781 0.251581693521284 0.159408389172763
v 0.0648736995823131 -0.123783320801505 0.15387897536705
v 0.0835497976756681 -0.124508574899365 0.155320420746003
v -0.0551777127518975 -0.121655641457892 0.138976894766325
v -0.0639733690450569 0.262072610990641 0.153207984785775
v -0.119418355796501 -0.055978558737144 0.150966636621508
v -0.0390931955195124 0.192330294178781 0.148036140234493
v -0.0604320108110473 -0.153976325123272 0.142747495773787
v 0.0467242264933338 -0.130913465459992 0.162141226449189
v 0.0372559950665992 -0.140720943888046 0.160848470449898
v 0.0261932495005033 -0.0658358451814616 0.146188219912178
v 0.0530102761410376 -0.0651949870782243 0.148000337725964
v 0.0514202679339579 -0.0723679412596197 0.137580711340639
v -0.041396305959471 -0.238846552582437 0.153202296970294
v -0.0380169770411827 -0.241357455820237 0.146231159790769
v -0.080537519996035 -0.102672085769815 0.139312637441052
v 0.182725187140109 -0.0598861175111492 0.173273510003305
v -0.0282087203357792 -0.248110468910725 0.155643394793805
v -0.0955761472888119 -0.0485220931644731 0.150234213200431
v 0.0811219412845771 -0.0558280055179678 0.162193974649979
v -0.128615382654273 -0.0894838531833232 0.147932856718397
v -0.0921098418239645 0.207857662939742 0.146672602975051
v -0.0380138480304217 -0.0511303568587396 0.151858531536895
v 0.174915498283818 -0.106824520308882 0.178970283434542
v 0.17253610128372 -0.110355244946852 0.175969997551617
v -0.0664640753882426 -0.107494915001782 0.142556256530141
v 0.00858842838216447 -0.0563227897127465 0.15150081592129
v 0.0266461343859733 -0.0588704099283793 0.152634368517699
v -0.0489125684978206 -0.232003225520152 0.146819268337714
v -0.0441874759203265 -0.235976799558177 0.144613885735426
v -0.0346937039811932 -0.242268499710879 0.138927693948862
v -0.0254811080499699 -0.248195438265208 0.143420920168419
v -0.0492137429031183 -0.144768969838386 0.137572241455289
v -0.0522873277028139 -0.150505652001841 0.136658120154939
v 0.0337365559676229 -0.144802326464232 0.154339989644336
v 0.163045616975392 0.187559794535866 0.15871624264779
v 0.107928099171718 -0.0715261478761686 0.150850012899716
v 0.196423757751205 0.1804764015514 0.169791166019558
v 0.146902702647194 -0.0646556724969877 0.160113775869355
v -0.107081721366789 -0.049029945570197 0.148873930129582
v 0.00373499015257698 -0.216202048758937 0.157258835388782
v -0.0845450611993758 0.191128319693649 0.152474664460618
v 0.2049098838302 0.230504709759649 0.178645509885344
v 0.0122466266681957 -0.202164429864642 0.147333876280232
v -0.0889107496324684 0.251402470079061 0.156137608932173
v -0.0828557344281679 0.256109355544925 0.14812815205755
v 0.19960546183148 0.182616060337245 0.170100446815426
v -0.0859056624683377 -0.0562776597078889 0.141208765555113
v -0.0960605243958347 -0.0556654623173519 0.14007236460323
v 0.0253672022257157 0.268441328707013 0.149854639970975
v -0.123230821850137 -0.0972933051104369 0.142859366917931
v -0.115629206665012 -0.100558806200185 0.144776866188478
v -0.100551294514144 0.241424486462347 0.159345631572419
v 0.195136572382264 0.241796196235907 0.181213454575348
v 0.0142786656451492 0.189057397825218 0.149118404195076
v 0.200439388524357 0.237308106602704 0.18194491734292
v 0.19919222615051 0.237765046549197 0.166827510361764
v 0.200415432853859 0.237536252614138 0.174281046304748
v 0.202555659873932 0.221722330232886 0.172502014518431
v -0.000676112452754315 -0.0527045416497855 0.154491957224352
v -0.054893345668791 -0.210444311500572 0.127129948766789
v -0.0516456191390513 -0.226713816953666 0.130932451486163
v -0.00729192153908936 -0.230842138671653 0.155186634553045
v -0.124008488230936 -0.0605039498446627 0.147816246588653
v -0.080909919998979 0.19303687392592 0.150544747048412
v -0.0520627633273973 0.197743648685675 0.144266835192423
v 0.179729433483653 -0.10628025865802 0.17704579340745
v -0.107405904064818 -0.0515034206966865 0.145642844407557
v 0.184000440955712 -0.10245787959984 0.175802208748807
v -0.129916486968865 -0.0672753626039161 0.144995812413113
v -0.0940604244102153 0.247306740876585 0.15818190428635
v -0.00218065814314767 -0.226025346137483 0.156731362796113
v -0.0626491787722911 -0.161247238226366 0.142087555865352
v -0.0654094082688854 -0.185740914175119 0.143757592813107
v 0.0430023938936632 -0.134933238568284 0.159463745870689
v -0.100439922861453 0.236569157569667 0.154726917923003
v -0.0472882872050241 -0.130500343640609 0.143433373162224
v -0.0609422192638823 -0.187796923051644 0.137750141903581
v -0.0503870031510261 -0.230847914568073 0.141905201481505
v -0.00588517959767176 0.184058845052863 0.155916730660874
v -0.120470427562428 -0.0578299252913999 0.147092616604705
v 0.183904023632777 -0.0632705407576477 0.169343359043906
v 0.0231244987012021 -0.162862207441725 0.139380489193351
v -0.0405113531171667 0.269100358722976 0.144634566653194
v -0.0575949878706333 0.268579696914426 0.135637883587769
v 0.18210909541407 -0.104799498579522 0.169879654612711
v 0.180756064084308 -0.107002768172727 0.164336815546448
v 0.184367838316155 -0.103282613061349 0.158980946904171
v 0.106973847725299 -0.118016012366105 0.164055721313977
v -0.101891381724125 -0.110402972353004 0.128374567776164
v 0.0333189953379388 -0.145761533240579 0.143352077770047
v 0.179186655768018 -0.107082144379465 0.176056911900157
v -0.114449366105467 -0.0563631533160301 0.142637033850598
v -0.0469332966231704 -0.132168463753508 0.138152423019188
v -0.0447189390658181 -0.136622785578234 0.129037398598896
v -0.0444168067107717 -0.143294386567023 0.128910562050823
v -0.0521563234559868 -0.158955443817113 0.13208378002032
v -0.0564292979255812 -0.164136851449079 0.135969288621585
v 0.189858580120483 0.183378226460183 0.165396354676162
v 0.182823017361377 0.191237754380966 0.157436782965758
v -0.0993231706138452 0.241277186599803 0.154720648756362
v 0.19151149628445 -0.0933672860382856 0.158623124056894
v 0.193202921283782 -0.0897009383856909 0.166718056271937
v 0.0550193427345341 -0.122839258153933 0.163921235759518
v -0.0120939219300371 -0.236832030075726 0.145314813637991
v -0.128129895973656 -0.0931223414468478 0.130611462245878
v -0.131708310398138 -0.0902629033666077 0.13619669464152
v -0.130605043385315 -0.0833866565170541 0.12443067166003
v 0.190969022522247 -0.074008451058149 0.169727484688518
v 0.195571358300193 0.242956533842911 0.177419832176708
v 0.201032190984207 0.237496859633699 0.177931917302637
v 0.00445775882955745 0.197407406698485 0.138587694251355
v -0.0923059531216611 0.19519404752328 0.149619863425896
v -0.0528431820641087 -0.124807347419067 0.13521231430486
v -0.0753897098713945 -0.106714073413036 0.133119080074076
v 0.180417196510093 0.246157647094853 0.17828764196686
v -0.107575559918696 -0.0540024166223522 0.142276773780039
v 0.172027993320405 -0.112482578366782 0.172015817995677
v 0.0612445088284701 -0.0689166048170871 0.145092696288902
v -0.016313871310089 0.19228359900443 0.148820852211672
v -0.120823115207284 -0.0598301123560112 0.143430239920025
v 0.185751408634658 -0.0681392933115756 0.163995156099902
v 0.0797841074070482 0.185326579532426 0.154227964928405
v 0.197883632931278 0.184038671214946 0.166555366703885
v 0.203442964132434 0.188048563537114 0.170704828472306
v -0.129067813410119 -0.0919943586602915 0.142793270841619
v -0.00110764203147304 -0.0663925532130013 0.138223231643749
v 0.177785365506695 -0.110009605239307 0.16759042155642
v -0.0949380204389188 0.246386021943619 0.154336635998588
v 0.107860818786696 -0.11889628178075 0.16297335975379
v 0.105783665429378 -0.118911051013598 0.163073565301524
v -0.0878587186202573 0.195288429424003 0.147870560869493
v 0.00126098144565382 -0.224486852433117 0.153811965242276
v -0.124273578085381 -0.0643601789346377 0.139892154305121
v 0.17705184500763 0.261421019183345 0.161984601710001
v 0.151624390905955 0.266386847183668 0.155761461586094
v 0.192901270425336 -0.0798088322463832 0.15753029839166
v 0.138861339205991 0.190222271253924 0.153362758897897
v 0.0147643041249905 0.270536504486452 0.147047425121787
v 0.113228949174803 -0.121550880757706 0.160280364303726
v 0.0748549393723246 -0.0643543607835464 0.152298538357858
v 0.0603920539023746 0.262153877594127 0.160529065024514
v 0.0627697845795837 0.259943578633643 0.162959016679826
v 0.07296888969878 0.264788300902337 0.157619353410063
v 0.0421590597986232 0.19687810928997 0.140378270608358
v 0.0500217046830334 -0.130364160143858 0.154960290007688
v -0.00456291642756874 -0.22907013773939 0.152260607593089
v 0.200025089522005 0.228849759184381 0.161291018401469
v 0.121250884422156 0.191537696864913 0.149946082079045
v 0.105229845244565 -0.121116245893767 0.160283747895507
v 0.168888502976408 -0.117674469472494 0.163669457325563
v 0.170498226390645 -0.115045258292364 0.167623583530917
v -0.118282174587466 -0.101305953008561 0.136022960734546
v -0.06278257555969 -0.113293362407329 0.136159568609422
v -0.0701208190406269 -0.110953461055637 0.127561117607978
v -0.0946015923201827 0.229298060575822 0.144911509116616
v 0.172300192631185 -0.112603270213148 0.171201690254758
v 0.0400259946507423 -0.138977488613985 0.152002571202845
v -0.0672630850463476 -0.0563960196641185 0.142531056272465
v 0.10039557343828 0.26818996430015 0.153984553007338
v -0.00698853976281017 -0.231750680980403 0.147161213842252
v -0.0472032614630361 -0.0616498734069576 0.138048746339371
v -0.0908796117458332 0.202076253981366 0.145168651171646
v -0.0969626678536072 0.240406061969387 0.149830086880396
v 0.191952377876443 -0.0774430747227501 0.16085538791576
v -0.110364193034185 -0.104711361957636 0.138094095621093
v -0.0892595133149574 0.250523579236053 0.15191559662468
v 0.191202592819559 -0.0750434085303416 0.164145747666936
v -0.12734172360614 -0.0940936108566851 0.13833197317282
v 0.00728501940104758 -0.0694077122197785 0.134954235155057
v -0.0463805016831333 -0.233157135541873 0.135625652776068
v -0.0405731627532948 -0.237860630747319 0.137714492188121
v -0.0798457357516425 0.198485409644709 0.144987657908729
v -0.0715776570727556 0.201194382069396 0.14146342978656
v -0.02158419181249 -0.246275613428597 0.14254003426771
v 0.202255679161754 0.188718196865798 0.167299149075094
v -0.0122055288365244 0.2713226785563 0.135566035963459
v -0.00193340061737413 -0.227201258891903 0.14931404132733
v 0.19097806765522 0.248411630156963 0.172675957579093
v -0.0748622989599126 -0.0651220723813855 0.131859800695299
v -0.048032789202614 -0.0665196820592825 0.131241477348426
v 0.0534015705073864 -0.126573075095687 0.158294181864154
v -0.124785527786515 -0.0958463407571263 0.134443671711912
v -0.0911424066305879 0.221553427321892 0.143454643283339
v 0.178757644199452 -0.064862601668694 0.161023372572941
v 0.00558881784793594 -0.220206360863966 0.151799123059316
v 0.17200359885417 -0.0672968269115729 0.157577923230282
v -0.0212790247616878 -0.247981458002722 0.13290013677179
v -0.0130520499874544 -0.241429646044807 0.131902783484033
v 0.195162092859563 0.243458427904073 0.173296314046073
v 0.194859649468133 0.188330054385075 0.159673014378332
v 0.201051653904984 0.189417802346342 0.164207867905394
v -0.0946757934126606 0.245458220711804 0.149954301979945
v -0.11409657290761 -0.0588744472232007 0.139231796367447
v -0.0484458106066235 -0.229947638560605 0.124283811407747
v 0.0634366340056464 0.267657445115121 0.1557478160728
v 0.082745489333504 -0.0660489908471942 0.152888354139581
v 0.0925251629721207 -0.072428046062389 0.146867887434983
v 0.185348100167186 0.254177921083749 0.16784262275765
v -0.0683800818260406 0.264852532270419 0.132387991597146
v 0.0595982026948389 0.193778186059514 0.144909316200203
v 0.174296219296105 -0.117095039784576 0.153321831045832
v 0.175568320899307 -0.114667649208424 0.157286557772067
v -0.0610215146870602 -0.11581531155555 0.13258207655606
v 0.193643900447947 -0.0814114506728036 0.15403542704226
v 0.0012998826968816 -0.225806250325875 0.146733240091063
v 0.00762388090884071 -0.220681801478782 0.146834735082079
v 0.112803419056267 0.189044896875243 0.152357349277887
v 0.136644803777731 0.198386924166402 0.143796265379734
v 0.0584287589147416 -0.126454892954401 0.152793190883876
v -0.0903552913756846 0.248717996216622 0.148178681845203
v -0.107594809699154 -0.0562770157938522 0.138989565095906
v 0.042666440191512 -0.0722227371121722 0.133488887328447
v 0.0249153993393427 -0.0704622457391623 0.132277110606067
v 0.196381434041415 0.243088187569702 0.169538835879231
v -0.124172213036188 -0.06700585267196 0.133476135158446
v 0.00532256294036352 -0.225654976047347 0.144502000489126
v -0.093725825219238 0.244044612724001 0.145335558036658
v -0.0851850231569557 0.199818863160394 0.14345874643313
v -0.0937338015267896 0.242530141625696 0.140179640894283
v -0.0316792625404994 0.201013405518713 0.134142475009473
v 0.0525659983887593 0.266871811737282 0.152786263526885
v -0.0449839339069628 -0.167438694889871 0.117848234677291
v -0.0454394102678451 -0.188630607146331 0.115343963600779
v -0.099923836027052 -0.0615813680086519 0.129075613475777
v -0.108048860562235 -0.0594321865237055 0.131649529729077
v -0.10792052005407 -0.0576483737485739 0.135399127525158
v -0.0510733622452986 -0.0670528481709944 0.120031155804242
v 0.179916246627789 -0.0676498169416949 0.158028517851511
v 0.19361848170095 0.248756768198979 0.164783759420147
v 0.186753501127109 -0.0707973406929392 0.161010148618004
v -0.00582163977779911 -0.232927042020678 0.139821738606839
v -0.00082539315874765 -0.228914155856368 0.142331114338934
v 0.0132926889256278 -0.213600124150877 0.142916035395176
v 0.158375003335058 -0.0722907019360827 0.151224884557907
v 0.0479623492626317 -0.133831529254531 0.141960697817628
v -0.12145082551162 -0.0642145447179059 0.135125321764957
v 0.176250344813208 -0.112604383124043 0.162510467391124
v -0.0452262687894419 -0.134449618114446 0.123814208484151
v -0.0514238985951891 -0.126692420926837 0.130676191712473
v -0.0592454483879838 -0.118199811902684 0.128937356915938
v -0.0523456033264416 -0.125101453353721 0.124306212431854
v -0.0868557540300205 0.20407130309682 0.141720425150868
v 0.0703979459925913 -0.124798336202464 0.149495680736409
v -0.112721490675259 -0.105763661673277 0.129588979957556
v 0.110638343807385 0.196671521102389 0.140876004078849
v 0.119473729758783 0.194978647098148 0.136789340394881
v 0.156108757772285 0.193499680696331 0.152262448735595
v -0.0150987931074474 0.200805539863485 0.130879062775931
v -0.00144610311663825 0.198927882315909 0.134893259683024
v -0.0751596406263335 0.260182724329993 0.142370705314477
v 0.113114313664893 -0.128549127664964 0.152275804369721
v 0.151190775884871 -0.129148851263528 0.150664020382224
v -0.0425455303383002 -0.235470549787233 0.128553145026408
v -0.035670342189711 -0.241074428677027 0.134614382307058
v -0.0377322986830236 -0.239003672472849 0.126136867606967
v -0.0832143948207286 0.209383187789379 0.136852772802161
v -0.0855771664850511 0.206710059820423 0.140837966370618
v -0.0903941450371038 -0.0645673591363296 0.126904516811253
v 0.19806937300414 0.194134651747125 0.150584959765079
v -0.120265795052954 -0.0648561016425959 0.130169751545078
v -0.122004324921303 -0.0980770379518905 0.130547086066918
v -0.0901215219675672 0.246595631239704 0.138849780086432
v 0.0588740116039923 -0.125768358991543 0.137321810807753
v 0.0710339995884536 -0.118243305608315 0.135386747151247
v 0.0755060307829355 -0.119481551731749 0.139607460366432
v -0.0837842349737043 0.253952415751896 0.143945417999049
v 0.0993677252885281 -0.125243767368432 0.139243655802395
v 0.0425905968311616 0.271945862201489 0.141970017111918
v 0.02936272576427 0.270731406290894 0.136583051330504
v -0.127915014460661 -0.0906932925030981 0.124171377842047
v 0.0667165146108471 0.272197227633639 0.151250078920676
v -0.0265818045973491 -0.247030647314502 0.128789916746552
v -0.119048258918011 -0.100109172922667 0.12744991496114
v 0.0770997975739529 -0.0726273884758707 0.142690620718022
v -0.0898885468962547 0.248332206102367 0.14329848932019
v 0.180852571366725 -0.0705196807045719 0.155342082333716
v -0.0612623634452933 0.200965868659729 0.133227373186433
v 0.187637421516903 -0.0736472963286003 0.158128419461291
v -0.0818941008353474 0.202865616812437 0.140583944082079
v 0.136884055780154 -0.0758441409629733 0.142658901582182
v 0.126630147036843 -0.0745413373401224 0.145515668445699
v -0.00195169583088277 -0.232920034003245 0.138070806168527
v -0.00491132264532486 -0.240872267064947 0.128384588881885
v -0.0339437510097681 -0.226646826730642 0.0963473023054465
v -0.0392529323071423 -0.230675441780437 0.105826192235963
v 0.156109240622281 -0.0670993215118556 0.157327231430016
v 0.18007790612406 0.261208461166864 0.142005864031578
v 0.19658940594926 0.243418185580602 0.165638915518991
v 0.179685847327566 -0.109082993668303 0.159071759990249
v -0.0333653545012363 0.270337383589311 0.141213530815384
v -0.0836095549425651 0.217805994832758 0.127013898216413
v -0.0873598300736047 0.225661463350195 0.111721177407784
v -0.0820692252198576 0.213079961242267 0.12183494003403
v 0.078468098116943 0.273244920330476 0.14490024795144
v 0.199560551489148 0.237551466361022 0.163329413326891
v -0.121510372791037 -0.0685527553888312 0.122041368225351
v 0.0500580472423989 0.197661332268855 0.137598490705122
v -0.0422551045851655 -0.151120353464655 0.119478232705833
v -0.0783987503117783 0.201865943030207 0.141468414316996
v -0.035995649922431 0.197048867900376 0.123546786430846
v -0.0391511616616104 0.200847473548573 0.133991552092005
v -0.0516349894710609 0.198016248651305 0.126424613532751
v 0.144501544405097 -0.0749167892612447 0.143410708789768
v 0.174426762782646 -0.0727582569258509 0.151709702206464
v 0.0541321554313245 -0.129787804455487 0.142452915953902
v -0.108449784417893 -0.061432863468846 0.128042978451446
v -0.118265288353846 -0.0656209882117884 0.125235289943264
v -0.114932014438133 -0.0649880632925068 0.122557530563961
v -0.0415324851148353 -0.0680084417185243 0.121154447595902
v 0.0107319198791882 -0.223477373842894 0.14245599058817
v -0.0601568338263172 -0.118308890958561 0.121919207232495
v -0.0860581606859662 0.250848589164742 0.13555027145035
v -0.0886111061018677 0.248493191581242 0.137548264121732
v -0.124667082333537 -0.0950550366656156 0.126195642542959
v 0.173274679536515 -0.119435219171585 0.1492428971783
v -0.0804924126618543 0.204332661852536 0.139178346158842
v -0.0751095817813432 -0.112408436693406 0.123150265465871
v 0.0766848390404454 -0.123228389410929 0.145377239239785
v 0.190711029139079 0.193734782794891 0.152698879767786
v 0.162913569566325 0.197861142043094 0.146269699036173
v 0.0370823764078796 -0.142091801273142 0.134039289836805
v 0.0415371283843354 -0.138391682541547 0.142314573980507
v -0.0786796408302846 0.25690888695759 0.134932928773014
v 0.181923586439616 -0.0733451273127746 0.152666163373533
v 0.188640271045813 -0.0759894284599715 0.155015072184613
v 0.00878514431651623 -0.230761197760605 0.140018085785136
v 0.149775275453079 -0.0717078673903677 0.150820105371345
v -0.0500664424043669 -0.126589291347349 0.120098276504641
v 0.194449036881682 0.248481660149947 0.160704607520324
v -0.12657669295435 -0.0811790829928628 0.113528216452066
v -0.0421187204430466 -0.138870287481068 0.120072817743348
v 0.167719217318322 -0.0748070210912583 0.14825234557543
v 0.194947571323128 -0.0834039970555166 0.150765982043885
v 0.197446561594377 0.243388456044565 0.161759007931337
v 0.0870000751232781 -0.0738119182848302 0.139549014070756
v 0.0026873227839082 -0.233770782238086 0.136895885695781
v -0.038334879418453 -0.237541737155172 0.121814075917786
v 0.190733624012606 -0.0964502324761293 0.150840396156843
v 0.179023859830669 -0.111095030763999 0.153940749272325
v -0.0554196549202519 -0.121772646772483 0.114908502134302
v 0.182336173177546 -0.106996133932442 0.152877959788162
v -0.113740951617362 -0.104742339793843 0.120531805618639
v -0.0393692593654748 -0.23693297979917 0.117080042147394
v -0.0757273761222065 0.203058181373754 0.137019409898604
v 0.0288332916585924 0.198011874647206 0.135661959885018
v 0.0132065574774838 -0.230526990934405 0.137744411253604
v 0.175830680937557 -0.0678306004123504 0.132543548877715
v 0.17735604922996 -0.0751544224285422 0.145716103629551
v 0.183494914147501 -0.0721074039393826 0.139942790464751
v 0.116767526474896 0.27063118199197 0.146721216402463
v 0.0762425104315065 0.195979003646472 0.143045954692613
v -0.0945666536385636 0.240408607418234 0.134678963862173
v -0.093251855062649 0.242217944504328 0.128891799499726
v -0.0933626330751803 0.235493569243447 0.122956664335865
v 0.18839648683696 0.256704118451436 0.159657381823822
v -0.101545939580641 -0.110220611977404 0.10921719798522
v 0.179548889485135 0.197928157434673 0.144262527350776
v -0.0912056080213135 0.245075879562017 0.134130882341567
v 0.0121582788929038 0.197922396763924 0.138756949565612
v 0.200769175410422 0.236958940810466 0.160007027316623
v -0.122156659971799 -0.0971295166460138 0.122285880012192
v 0.0269713682045977 -0.195096738802496 0.124308838548487
v 0.0327877231564243 -0.153530873660841 0.120899520074689
v 0.0440146268976261 -0.136640298130425 0.138589168952366
v -0.0199026503699964 -0.249559252962997 0.125983132816201
v 0.0661139775891409 0.275850288710783 0.144819178478377
v 0.0560243576808064 0.27261056516714 0.138698572301602
v 0.205847295963772 0.233550666098476 0.150022212365818
v 0.206054766218872 0.211617509700142 0.146650314773073
v 0.210077456094218 0.217246520436381 0.142098627197793
v -0.0739635231564074 0.201035806218501 0.132403561192518
v -0.0628272380173226 -0.116435629248329 0.112684147360531
v -0.0800334012563425 0.206049566608289 0.135795581462146
v 0.184879343566912 -0.0753633311642761 0.149860677008975
v -0.0455324327721418 -0.230576169418885 0.11586298784391
v -0.0411238749743172 -0.23359571811943 0.111709454945182
v 0.190199910255448 -0.0776270316467227 0.151653324687874
v 0.00615811597988166 -0.239028507747364 0.131616864024657
v 0.020494103455318 -0.226081423186161 0.129632953497814
v 0.0246877846401831 -0.215989833218789 0.124763150932809
v 0.0217754546131533 0.266629062574445 0.128369026656228
v 0.195744028628476 0.247827819772608 0.156770137721808
v -0.12492911947162 -0.0927704664418919 0.118704483446985
v 0.199209246871562 0.243115142723226 0.158276882448704
v -0.0901126304942204 0.246094959795052 0.133397367511416
v 0.202409255791532 0.235908049852469 0.156734220244681
v -0.111187779403821 -0.10703831108652 0.117180219876208
v -0.0798607757594365 0.206481082664059 0.131653965381781
v -0.0799056272463545 0.206402237818755 0.127115732665827
v 0.127933791439867 -0.129363290805622 0.144900414699169
v 0.139222231998742 -0.119267932108605 0.131354343535726
v -0.0325221208976401 -0.242186301329619 0.123535683540706
v 0.0382022130369145 0.259620885933396 0.120812347854435
v 0.15830560926341 -0.128241808166249 0.146730864221103
v 0.181880146538892 -0.108310583922761 0.147319831405192
v 0.0123568217310217 -0.235509352530164 0.134891421171784
v -0.0271453845853085 -0.24570097671114 0.117488445971103
v 0.0412163689989787 0.193973997692695 0.126830019924923
v -0.108671397660961 -0.0623021734173409 0.124361984852012
v 0.0923489945617729 0.265225765585704 0.131542257002123
v 0.163123881500765 0.255088232448988 0.131402610439646
v 0.150825440952184 0.256320880267605 0.131055049660039
v 0.053246121188736 -0.130297446444742 0.135890140999145
v 0.0352047289933701 -0.144479327196816 0.127421060841649
v -0.0788605643726195 0.204814600315691 0.133929652395117
v 0.187280252040973 0.195568053641181 0.141679107537469
v 0.197266013162886 0.194487964176923 0.143445570499928
v -0.120235467752426 -0.0977826908199805 0.117063061221982
v -0.00271614852521554 -0.252611349761269 0.117940454685047
v -0.00132834200917673 -0.247157313219199 0.122580478122828
v -0.0118041043596726 -0.24958252526447 0.122089912627921
v 0.0144715033875607 -0.0668407540584399 0.124449866613128
v -0.0870856716470225 0.249619243851457 0.130930836667073
v 0.177219822353716 -0.114833788956685 0.143866336268868
v -0.0399716830209904 -0.167889535531112 0.108394375290165
v 0.196702097717631 -0.0846213597469049 0.147803020627075
v -0.119095640436353 -0.0678568780497988 0.116916853494157
v -0.09830513145087 -0.0618725894774243 0.122015033798858
v -0.103678080015053 -0.05907373851517 0.117432586350709
v 0.145078863692769 0.19779334489079 0.13818179741888
v 0.160362379860552 0.193179304510422 0.132771414840459
v 0.191970641825258 -0.0788264461886534 0.148518897707825
v 0.184740008809943 -0.0753137226991039 0.14673567409509
v 0.067174035631587 -0.0706921474356529 0.132251673713958
v -0.0441237606166007 -0.130993858557309 0.112868594288139
v -0.0744248917932234 -0.063347049522499 0.117239961682944
v -0.0819560507356613 -0.0627655117402014 0.116302297438907
v 0.119413741372914 -0.0675517004695355 0.127734893658746
v 0.0952843447192465 -0.0734865834691225 0.139915582884954
v 0.200584881002093 0.242303664852528 0.154690303477389
v 0.194967568737954 0.249269790676594 0.152120666732296
v -0.0380517585986869 -0.237366690826538 0.115374871400235
v -0.117974999372829 -0.098736667643775 0.112945488896531
v 0.111172821076207 0.267366335006036 0.139289664719272
v -0.0316918395243114 -0.241853841401456 0.11668281993821
v 0.157485767042996 -0.0712504850038207 0.133876899027197
v -0.0400561406711308 -0.140382583381473 0.115838516661621
v -0.0812133044522691 0.253716203616981 0.121105740329973
v 0.200911943862943 0.196983726975429 0.15098534165029
v 0.169293830167274 -0.114464473174513 0.124012507403175
v 0.154234734301197 -0.109019049019862 0.118157400275983
v 0.138106684646756 0.257411206908186 0.130779472147426
v 0.125373761591069 0.258239311827209 0.130292132161645
v -0.115867316157256 -0.0999280471523235 0.109045647953543
v -0.122753653259722 -0.0942651414463476 0.113509421701179
v -0.0890138178286166 0.247540519978408 0.126956320414501
v 0.00296436325797258 0.192779323989817 0.121131652006036
v -0.114253028959759 -0.0645766725283444 0.1156643302929
v 0.0425186321951571 -0.13780952570343 0.131818191868946
v -0.0569743628868727 0.255229546757443 0.115507118151378
v 0.00197341188682559 0.270641563463929 0.13330268098274
v 0.17120806030684 -0.121981671924772 0.14272106595138
v 0.172037664653704 -0.121566320445357 0.14577243470232
v -0.0768046007086372 0.201701501982467 0.126897103579228
v 0.0694566776257562 0.272857242472961 0.136017132883891
v 0.0657516621655072 0.275179195820124 0.138100076594101
v 0.112856387075657 0.256776001491213 0.126071549995376
v 0.191657224614863 0.253816816940459 0.147014989519634
v 0.202917926546569 0.241476578475709 0.151407177012355
v 0.00962668015906719 -0.244331500440555 0.125650734741181
v 0.187271462989524 0.189184470253241 0.132034209946
v -0.0405770565068138 -0.152881831438178 0.114959025237937
v 0.108059771948452 -0.113350848287877 0.126624489664736
v 0.0209436177461142 0.184406945225372 0.112811952119941
v 0.0480336135322485 -0.193188494496882 0.0879226581623904
v 0.0548181027225583 -0.146620998261851 0.0807966604268041
v 0.0439076448318481 -0.155879316823583 0.0975392500505819
v -0.109193893979772 -0.0621746608053712 0.116230781503278
v 0.0165445781646855 -0.235136398690618 0.132554162132412
v 0.058060507798737 0.19632625822531 0.131255138275315
v 0.0847259374096884 0.188813684630217 0.124091098524591
v 0.102562646598189 0.192529131820204 0.134207477644689
v 0.0616430024528223 -0.058213210484429 0.117616223193412
v 0.0571843602286495 -0.0649458823318183 0.123861729518915
v -0.0793973432040114 0.204090742102085 0.125098729504661
v 0.188107403283674 -0.0754781865402015 0.143802047816657
v 0.203974925068691 0.200570058000882 0.144061574679557
v 0.193370251418852 -0.0795481362125601 0.145506003826329
v 0.0479651392945119 -0.133593156524457 0.124847840161773
v 0.0375902436854881 -0.142366369258063 0.123195983222882
v 0.136220029559242 0.190676850751385 0.129012576158585
v 0.154272947566406 0.186861104119288 0.12618370655829
v 0.0947744384200809 -0.0634391944786023 0.126298722819268
v -0.0361298885852958 -0.137068748030589 0.106591465673716
v -0.0457725898347018 -0.127583707859945 0.105552656611262
v 0.198958734676711 0.245762596631728 0.149228485131517
v -0.0177013340615569 -0.251744010616493 0.1193502251612
v 0.186071653832934 -0.10422916628799 0.142580461866843
v -0.0221178740929749 -0.0686314293462427 0.122902750896643
v 0.0109900666258992 -0.240067061895956 0.130703406928853
v 0.201803089834795 0.195310139795537 0.140264586736586
v -0.0729466977609478 0.198828262404569 0.12913186973814
v 0.182256270649298 -0.109767223302735 0.141847758024068
v -0.0933062451060579 0.242749314110703 0.122974375696513
v -0.0424604599867994 0.193094671763906 0.11987385446783
v 0.197129684247712 -0.0918466757210766 0.134726284226101
v 0.201507900528544 -0.0841824689479432 0.12804407206129
v 0.196606132942225 -0.079673296602162 0.133599048987332
v -0.0744946592277697 0.255563020156188 0.117328637482538
v 0.176872538998639 -0.115540344174904 0.141477797267445
v -0.115149213710618 -0.0650946074852374 0.113833789721814
v 0.19607030423023 0.249086684612441 0.14810772299948
v -0.0907478457190011 0.245638779360862 0.122350613275277
v -0.102710680630197 -0.05665777032261 0.110922583420223
v 0.168760897968013 -0.12193019789214 0.139820558838282
v -0.0405879740219067 0.263631005122123 0.124528805946503
v -0.025135329961195 0.267295076280796 0.129711388152071
v -0.0372341643530205 -0.141543526362769 0.111697856175289
v 0.196889439648225 -0.0828825822622766 0.141333841727214
v -0.0339994135719008 -0.239477342071621 0.111868292265076
v -0.0828868230336267 0.252089852909105 0.117083121881497
v -0.113152680995094 -0.0637529032666818 0.10844574306493
v -0.103274300150516 -0.0552071439767558 0.10679357827705
v -0.00417665654271546 -0.0684735486856636 0.123761390686682
v 0.189018833501362 -0.0755451109547455 0.140550388973525
v -0.120147749706209 -0.070483036248038 0.109996100731787
v -0.118790209464192 -0.0955663492490643 0.104022831189635
v 0.066633027820074 0.189521423924381 0.122132875669267
v 0.0782361968997238 0.176385539103269 0.110684851674944
v -0.0895856150045969 0.246678435167038 0.116269053239371
v 0.204154809920571 0.240424094053351 0.147808350642023
v -0.0247082757490782 -0.24568416205756 0.109820965604987
v 0.0158136116778206 -0.240527094504368 0.129120694598241
v -0.0612665010160705 -0.112753717250268 0.0989808774925058
v 0.191106581969608 -0.0776108264789848 0.138482254276515
v 0.0124572070877478 -0.249259008059232 0.119246681119585
v -0.00405749428178228 0.255530111234964 0.117402878689455
v -0.030101443721693 -0.241683456416002 0.108695909717426
v -0.0134558684512396 -0.253202414609405 0.117840315723706
v 0.20606886014545 0.239250981315182 0.144508274135168
v 0.198528714633136 0.246918730093199 0.140550326981425
v 0.19284865371148 0.252832568870594 0.143115311443752
v -0.0792721566770136 0.199566587929532 0.118845228558888
v -0.123571846547261 -0.0899741699140385 0.106984802663346
v -0.0171914176098152 -0.251112975303897 0.105354995763615
v -0.0101838412040396 -0.255507029132268 0.113184427814831
v 0.0838712436715354 -0.111334269580292 0.127088845913069
v -0.0765095356384931 0.199179003055485 0.123733869779405
v 0.0772378641815462 0.262920769451275 0.127690627181173
v -0.0119017058179035 0.189259405782675 0.117810913751879
v -0.026560055249473 0.180481915578582 0.107925815329573
v 0.18259781591813 -0.109852453395964 0.138382345816195
v 0.0621279714490419 0.272189680947521 0.135065284773927
v 0.200518257311995 0.244605523366269 0.145636838229814
v -0.0935574186847048 0.240334378285217 0.117135529439086
v 0.210800837703726 0.229214886598466 0.139590938432509
v 0.132015793839567 -0.0606371449305558 0.121701576379038
v 0.141850551549085 -0.06999001828828 0.132617975043449
v 0.150201878822658 -0.0591827923010565 0.121496573263754
v 0.177288517451776 -0.116704265593273 0.138796218166681
v -0.0368013978589666 -0.133652694783179 0.099955242288811
v 0.0203241668427552 -0.239932716811381 0.12681745276793
v -0.0524358294753144 -0.122857123962353 0.108401938920877
v -0.0587280197755277 -0.11724170065894 0.105038074443233
v -0.0262471713939591 -0.243865183803554 0.105555280641377
v -0.0223479536531955 -0.2461867883318 0.102859390421062
v 0.0234916245567073 -0.231181337730596 0.124781986803206
v -0.064051992345729 0.187039892892132 0.112336668457626
v -0.049660684626123 0.190043144507108 0.116222827589875
v -0.0719307713122359 0.196235310047831 0.12602041388619
v -0.0327868084667008 -0.238834320470685 0.104176299130063
v 0.127495543114093 0.186971177498213 0.125962652499223
v 0.179070631905347 0.186552500805686 0.127863148299433
v 0.0701317574709381 -0.116660643431108 0.128639212737756
v 0.196909168777392 0.191563849887281 0.137112479849575
v 0.196595446471797 0.193440380485951 0.140175642006555
v 0.20877826930949 0.236156836282988 0.137442650412614
v 0.211745610788778 0.233032627126132 0.13062599212861
v 0.0424779930394323 -0.13759178896955 0.114708456114946
v -0.0951534025667068 -0.0536277069236367 0.108705408028968
v -0.109383822668652 -0.105747089196461 0.105370583030464
v 0.0420080076458537 -0.141030060129784 0.10833490446395
v 0.0146421146464291 -0.245247840995713 0.124704240884025
v -0.110254759243377 -0.060156052239782 0.103498836156471
v 0.114270541496943 -0.110006277335304 0.121186746639321
v 0.208884969344743 0.211185569645449 0.14304920377365
v 0.172382679068814 -0.118409573851172 0.132206818478017
v 0.0962028823361395 -0.101111042497726 0.11056662819882
v -0.0871750121397441 -0.0485119566290872 0.102070959207188
v -0.024729229805665 -0.0634373124952971 0.115341570740837
v 0.105571538327179 -0.0506956766900459 0.1127694370412
v 0.184552589274193 -0.0719344858816185 0.13628103044022
v 0.0540067530116291 0.265770939237727 0.128327135033464
v 0.207394032185662 0.237809999949715 0.140935824851053
v 0.0284167121307758 -0.056489467417634 0.11509908256847
v 0.0583751492673016 -0.125547265334128 0.12398818719073
v 0.050418165448138 -0.131431238721142 0.121570307428612
v -0.124199481438727 -0.0820090949920248 0.101298561311944
v 0.195718921728032 -0.0807150865522404 0.136537951883621
v 0.180065233864201 -0.0681267799341171 0.132006192865259
v -0.122308290865796 -0.0896587178132732 0.0975982627805491
v -0.12170723574142 -0.0913360578513065 0.100368755061311
v -0.0755537969209467 0.194646619996987 0.117765279212363
v 0.203416338361287 0.242169843140949 0.138727715326769
v -0.11167987875013 -0.101849631928397 0.0985824858821613
v 0.205290389764847 0.199102839927594 0.140536587380643
v 0.0683212664958259 0.267356448198713 0.130084991589444
v -0.0704002698409695 0.19007974887996 0.115564486105683
v 0.101715554713151 0.184463379708567 0.123054744075748
v 0.195795687526457 0.250637475555217 0.135165482614935
v 0.0230491770649506 -0.243472665975578 0.119754053178929
v -0.0286607845337434 -0.143127250743099 0.0975441808981293
v -0.0538458042851683 0.236139887351362 0.0965454036721459
v -0.0629572625566996 0.234697186793129 0.0951588770113441
v -0.0487583285168429 -0.12417256310941 0.101214879352973
v 0.191164202375349 -0.0765559738144077 0.136449235606956
v 0.183041841450651 -0.110050992006538 0.133773674418702
v -0.10972936886817 -0.0588865512571342 0.098999409149709
v -0.031188766327004 -0.236495514912382 0.0975914252614038
v -0.070716520189877 -0.0505369884047232 0.103287128700976
v -0.0455145013508809 -0.053198050816636 0.106230632422302
v -0.0900495989940284 0.24448287731109 0.111560991000883
v -0.00666105207589733 -0.258000952142487 0.109873140845154
v 0.206015602298508 0.197488636596135 0.136800415818798
v 0.0542681781106466 -0.127951100316019 0.113155333888491
v 0.0513590667940948 -0.130073402584901 0.104131079378635
v 2.74189234428841e-07 -0.0545532897140977 0.109580470855219
v -0.00909040118613089 -0.0550606677858492 0.109132558447774
v 0.0639791285141706 -0.12033770092305 0.119150396884136
v 0.0611401954465388 -0.122807090723178 0.121534761134496
v 0.00894411396464173 -0.0539441597947398 0.110134392937109
v 0.199986845226505 0.245773186240342 0.136936260018998
v 0.0672479067762357 -0.0499946266049868 0.110714090833071
v -0.0840991539793379 0.247044342536154 0.109276958772483
v -0.114324795388293 -0.0644591326278946 0.103666736976058
v 0.215453727905763 0.22487882784249 0.129180741717782
v 0.187921818906042 -0.105003393454018 0.12955147954539
v 0.118902830819204 0.186818059375245 0.126047959224961
v -0.117187443255988 -0.0964735151449648 0.100096246481295
v -0.0496753554110893 -0.12266756149375 0.0977315577262139
v 0.196782511995507 0.187381439414589 0.130892371468077
v 0.0786462176413671 0.256857008846762 0.121431165523937
v 0.0672639736044353 0.261144571573962 0.123134636100274
v 0.212412644897961 0.20796182689578 0.1355971415955
v 0.202752921192566 0.191515553651605 0.133771227790922
v 0.0140096063097291 -0.252377175754444 0.11125693017088
v 0.0270276306093674 -0.235882935204538 0.119831917104843
v -0.0129661686786914 -0.0468337761835638 0.101037331479307
v -0.0253845218861512 -0.0461815210244649 0.0998500841268713
v -0.0842767589664377 0.218449207678246 0.102790529794071
v -0.087264989294197 0.236645918048661 0.103217462066503
v 0.188051648299011 -0.0717475390985695 0.133970970246883
v -0.104586508654336 -0.105275509833336 0.0986570119762932
v 0.0872478200506109 0.244023830388082 0.109563403271192
v 0.181028051493078 -0.112678910893346 0.130625855535054
v -0.0285041799221087 -0.241101504413355 0.100968146726758
v 0.0670796744315414 0.264185500598938 0.126246894980979
v -0.118935748280428 -0.0712273458647823 0.0952411240448641
v -0.0668911900481411 -0.106771736678881 0.090330545272836
v 0.0298269092464537 -0.22597900661709 0.115905423651623
v -0.032146967976821 -0.136396096385601 0.0933902204381045
v -0.117909587714544 -0.0955766840845311 0.0998839245124392
v 0.121791566284349 -0.0522651050433163 0.113895046068468
v -0.0213582041266542 0.248511045045476 0.109790525654391
v -0.0829746314306476 0.201706028918774 0.109334936671296
v -0.0223563104705609 -0.214606963030857 0.0767247629348564
v -0.0177652632928071 -0.233772671443187 0.0685383360502424
v -0.0213672327768954 -0.236359859374496 0.0760229564232661
v 0.175418621417787 -0.117089070479463 0.128917591353617
v 0.191521195221144 -0.0699204628995719 0.132061040475401
v 0.197297342029475 -0.0721515638256092 0.130580946325603
v 0.209871584804324 0.200430037724408 0.132524028430616
v -0.0773217847853354 0.246932525932088 0.107202507548705
v 0.0120382563315378 0.256127865930984 0.117950779604776
v -0.121838067409005 -0.0854594155918468 0.0921165191831776
v 0.195041002213967 -0.0981764276553353 0.125166631222339
v -0.119119457849368 -0.0934272805260522 0.095760022690305
v 0.183718809312562 -0.110192155990681 0.128983569709641
v 0.0638107591445524 -0.119879894013383 0.112209930733408
v -0.0791166872700441 0.195094713259931 0.112994287502076
v 0.175144267024997 -0.109710867108431 0.11847302499318
v -0.114817679831707 -0.096679086493217 0.0915302508757819
v -0.10795022392571 -0.100777090739702 0.0913377383456252
v 0.19190080196306 -0.099875345542234 0.13051489064466
v -0.0270133203578583 -0.239157302001118 0.0938044273832119
v 0.201169006143095 0.244351493057637 0.133464998678444
v 0.00654135356440038 -0.258054067016453 0.105401528554783
v -0.0363177414051714 -0.0542642001154307 0.107149886686982
v 0.0826437732353628 -0.108035861626769 0.120063583552544
v -0.0752665779422841 0.192936647369598 0.114388087920611
v 0.205820985098567 0.239215441731212 0.131643037494435
v -0.08929374405337 0.238698614980988 0.106548255344347
v -0.0838991109762364 0.244423331814745 0.105432405748887
v -0.0850076332354224 0.240780107185728 0.102416656838208
v -0.0986588716809844 -0.0491864511796488 0.102092479936429
v 0.197731186901948 0.247468418642648 0.128052195282089
v 0.19020766504263 0.252187755332006 0.131012355853417
v 0.0389799957365689 -0.06017612362553 0.119225407006175
v 0.183895103126663 -0.0668364840088673 0.130832180441803
v -0.0112550227010047 -0.252326609178602 0.0951765640898324
v -0.02049550385942 -0.244876067082391 0.0946301357403629
v 0.0236418291904354 -0.24542132522971 0.111950496715656
v -0.114472952668924 -0.0649165460825764 0.0977322494898722
v 0.206489551867466 0.195614072966922 0.133180845245126
v 0.180032963899469 -0.11343457628978 0.126618200319866
v 0.124062251954976 -0.100860623814466 0.108497700023779
v 0.16087219138028 -0.0978962573919916 0.10320213844007
v 0.185067956869179 -0.108628901218702 0.128035229575501
v 0.0490807695886416 0.188378564475737 0.120892342876263
v 0.0582232953871796 0.179301937755566 0.112197789551369
v -0.09965120078268 -0.0472742476927738 0.0980816162009981
v -0.101601806448165 -0.0426706297955545 0.0860373173556555
v -0.10648069496327 -0.0485494275675078 0.0863380949479373
v -0.0737369759940259 0.241694454504494 0.102321431194379
v -0.0509140220305719 0.172901819464497 0.0982968584123761
v -0.0517171001868591 -0.120195141497132 0.0949406962090513
v 0.0290709409768216 -0.238950001554838 0.113160231442755
v -0.101130339103113 -0.0997809301706655 0.0881489974340189
v 0.102926853026706 0.240122338143578 0.10676633940268
v 0.146962839148093 0.177782581971256 0.116366894714276
v -0.00474710384304968 -0.259376684898311 0.102451477304845
v -0.119652059103825 -0.0914870337674151 0.0910787080825526
v -0.0315903355789435 0.169037636851669 0.0954734559321359
v -0.00736185288384965 0.161425395422994 0.0896713963353004
v 0.175454650478064 0.1811242573243 0.121033652668237
v 0.114138859751305 -0.0976571010314679 0.104804076397469
v 0.000413490564471393 0.242792228175828 0.104206740265496
v 0.17404844330406 -0.0634650390695512 0.127190362638768
v -0.109269995649898 -0.0574606132853556 0.0944834292765986
v 0.178111615627562 -0.114415669169145 0.125387680535627
v 0.112104471203349 0.174950072261485 0.112471905207123
v -0.0447431054619607 -0.125537812007343 0.094632528156515
v 0.187261987991404 -0.106233900414947 0.122890856465472
v 0.202456485387367 0.242986287247835 0.129880455191749
v 0.20634306378919 0.194166343846427 0.129717950295193
v -0.0427626238186547 -0.125491969383926 0.088607869539037
v 0.0328492871144049 -0.230919163093943 0.111386211839801
v 0.182083540705863 0.178738519013 0.11839258729985
v 0.197547038346784 0.183194102023083 0.12442027946163
v -0.0782566075754197 -0.100491983350928 0.085465529984534
v 0.0571580383639124 -0.0467193402256299 0.106301931327919
v 0.20307295006939 0.187932145726624 0.1272347426122
v 0.187589986914658 -0.0653313485148276 0.128861279165357
v -0.0589717239285598 -0.112980107981673 0.092545579552937
v -0.109635706667684 -0.0557790698102017 0.0897310056725416
v -0.0757117676533922 0.189697030457647 0.111211607667961
v -0.0748578213870884 0.181593430129722 0.10449362444768
v 0.120647149367045 0.247675254455272 0.11683720283193
v 0.133879923729436 0.24397766183887 0.114222705626693
v 0.0681958724173553 0.258160669043499 0.119932875865062
v -0.112584802803137 -0.0624170465875391 0.0926871766625676
v -0.0808343291106241 0.194038828160436 0.109904804987067
v 0.147322057023613 0.237470267379986 0.108197674885731
v -0.114021186250873 -0.0669892125662901 0.080138488002919
v -0.118026110022385 -0.0838647618929962 0.0813788885931766
v -0.0108513309841859 0.180293114855868 0.108252508410456
v 0.115884862807799 -0.0443822552331598 0.105912701870976
v 0.110817272335269 -0.0331012544369717 0.0948306509487449
v 0.191051858099748 -0.0636080576376834 0.127136090003729
v -0.0264659247754148 -0.237146406405903 0.0867675069677322
v 0.181078769072277 -0.11137363221067 0.122549166450853
v 0.137254861531149 -0.0533034600292023 0.114952003899112
v -0.0249058998648416 -0.233388456050428 0.0807894088915365
v 0.21229501904546 0.202253302484308 0.12480657950114
v 0.0336194692196071 0.176692068222768 0.107718170391118
v -0.0404644375872526 0.249272640748699 0.109907034897226
v 0.050419681101713 -0.131132768300662 0.0971413944386989
v 0.0240064641428626 -0.246099682945225 0.103221026334793
v 0.140253238499426 0.168641201738478 0.106254583939357
v -0.0368871930475095 -0.129711220165513 0.0850253697194657
v 0.215879607333165 0.221103992102833 0.122178863148305
v 0.00500858289877221 0.180575762426282 0.108814339299302
v 0.015939183549774 0.243172754335381 0.104678851978732
v 0.0476656236693677 0.233938692538777 0.0965884129474898
v -0.119388482065318 -0.0880876753121589 0.0864078842460567
v 0.199727207177836 -0.0699246562831912 0.12686533551576
v 0.0212948508564214 -0.249184762052669 0.097276422967215
v -0.116057211494341 -0.0943311935633563 0.087875113503027
v -0.0750399248202187 0.237999490166925 0.0987404759511618
v -0.0822617246208768 0.235719553222854 0.096532579753748
v 0.19636288164367 -0.0961065479984199 0.12077513598975
v 0.0299426548609957 -0.24083836468151 0.105549142536046
v -0.1036234071873 -0.0948223712334674 0.0815628058983364
v 0.0664642438964166 -0.0355913976455512 0.0959412737454309
v -0.0929909164175012 -0.0407567372037171 0.0929776901890163
v 0.0208914563858893 -0.0423242036444919 0.0994849839150422
v 0.176098464320991 -0.0562651282143184 0.119440088138579
v 0.203572013670468 0.241228098038982 0.126436953777517
v -0.0259355010869206 -0.142644018761745 0.080559625928531
v -0.0860977420407791 0.192325571294141 0.101845219389912
v -0.0827735194483216 0.186724792846295 0.106597881050752
v -0.0646684913741839 0.173160038457787 0.0976730069874964
v 0.20706268984785 0.237648607561124 0.128176307330051
v -0.111336061693579 -0.0931475062218104 0.0802634986190476
v 0.209787255231324 0.197173240373203 0.125420720198461
v 0.0389608162349214 -0.214071968084414 0.101589433489668
v 0.17009428925592 -0.0461167543483678 0.108187440111885
v -0.0840645070545023 0.228611568933556 0.0951247333513102
v -0.0841198505091467 0.22124930256558 0.0984271790611192
v 0.198550900415113 0.245305187161828 0.124606890047392
v 0.0125118303058686 0.180793968830511 0.109339172788729
v 0.0785362086366109 -0.0306024942900044 0.0914483435037629
v 0.206399164372334 0.192603500989455 0.126195435490048
v -0.0791591429806276 0.187984545764486 0.108956362860025
v 0.183747549454006 -0.108900306081679 0.119020991359988
v 0.0179052942205629 -0.0535618727252987 0.110712139586382
v -0.0172267381802965 -0.247092837590349 0.0917920425368664
v 0.0955832183245806 0.172348478687893 0.108290507485002
v -0.0195756321867196 -0.24352354724273 0.0865892961239457
v 0.0780615848429904 -0.106470244173219 0.107550714022198
v 0.0817736124928505 -0.106083706445244 0.112635370391322
v 0.196571169671142 -0.0639787412187815 0.126192883452148
v 0.149601209503627 -0.0429689248465183 0.10470169480281
v -0.056264305908473 -0.113247479023721 0.085704810037485
v 0.0612559460132659 0.169959193727409 0.102618563195618
v -0.0462474711755242 -0.120205803908767 0.0812550030533586
v 0.0623722758695736 0.254574492055404 0.11763016185014
v 0.212716819039756 0.231084514438695 0.12704695980333
v 0.190357547066489 -0.103841451482344 0.118622419415644
v -0.057854681656901 -0.099213062039967 0.0767382082278821
v 0.142582830462811 -0.0356808368650694 0.097612497813286
v 0.213359838346558 0.229596310125658 0.123425515911741
v 0.0862159622337828 0.175920624889763 0.111088721382531
v 0.108782766427239 0.159498589160522 0.0952319232126086
v 0.126657123904095 0.159035918634321 0.0960616223287856
v 0.206184274358327 0.191123422485593 0.12256546693192
v -0.0325315499078149 -0.133551956073408 0.0828296278229662
v 0.186519020753252 -0.0594610048377013 0.12371652694847
v 0.21402185754657 0.226055453994692 0.115993714706243
v 0.209411946960364 0.232460481150042 0.117463360080414
v -0.110736230309645 -0.0563764107291645 0.0785277090381031
v 0.203361922981107 0.184732892854993 0.120308456538344
v 0.20194224567564 -0.0685490690861787 0.122499740637703
v -0.00975307020767966 -0.25135667557298 0.0869271939959195
v -0.0228373697624161 -0.23984266352971 0.0825936214600081
v 0.204580598718345 0.23970900747277 0.122958512317745
v 0.190024751116313 -0.057756142845635 0.122079775910343
v 0.0117893817891637 -0.0258666381534423 0.0822205213123046
v 0.000320885572093108 -0.0381712661693994 0.0939784759267426
v 0.208119787177958 0.235923333918478 0.124788582326989
v 0.199313088584739 0.243269882084871 0.121181697289322
v -0.115854877427155 -0.0885444466041087 0.079368116148513
v 0.172526989211505 -0.10054682556993 0.108150548960059
v 0.179517744712371 -0.103976534275356 0.112798346976146
v 0.0686205927950381 0.254965956962919 0.117025603403248
v 0.192210790382115 0.244914931120005 0.120687264380257
v 0.00511127110343951 -0.261592816569521 0.0906439678675213
v 0.0142910202093782 -0.255726924425583 0.0859351447056707
v 0.209413270708626 0.195770528656898 0.121836547920477
v -0.0867453194134331 -0.0386912105925597 0.0906884072122759
v 0.00145511124517954 -0.261789781424059 0.0933468287915264
v 0.185928828597281 -0.105959991747465 0.115700860319886
v 0.202065391302449 -0.0739630372281792 0.115813363545989
v 0.192817167123495 -0.0791811721405829 0.0999834363999832
v 0.195613337137364 -0.0633337523004176 0.102560068357039
v -0.0159250029527175 -0.245403088137665 0.0832900969177265
v -0.0376297498656371 -0.0447083179618654 0.0977896408082395
v 0.172221034491481 0.241391589861746 0.114557789937597
v 0.0758218371126791 0.251212052165212 0.114752636371618
v 0.012147220684229 0.164079575312273 0.0937768843257962
v 0.0204566407224042 0.167312318000495 0.0972930892579811
v 0.00437750338402942 0.167477580962493 0.0963331368346409
v -0.0898459833425414 0.20427445482062 0.091779831914415
v 0.0683121876698618 0.172957436775637 0.106424998435524
v 0.0908363142226278 -0.0985227367885078 0.105331077991114
v 0.0273059675237782 -0.244041444584847 0.100504122933851
v 0.198266091654152 -0.0624877923500232 0.122249753955244
v 0.212458862695147 0.19792643958493 0.114237736601799
v 0.190243562240174 -0.0995293687167884 0.115191774654992
v 0.16401803337476 0.174987949379151 0.113633880659083
v 0.177074493580606 0.169463804098134 0.108099371750763
v -0.0258893819768658 -0.150552475449552 0.0848278795932522
v -0.0740964239793763 0.23511369851403 0.0955726097173191
v 0.199875432568056 0.178486533139384 0.118019588746235
v 0.0565395317070979 -0.124493405422272 0.0901294980156526
v 0.063156034860322 -0.117929913388649 0.0908182303723017
v 0.0665444542554278 -0.116422455189002 0.102675650840532
v 0.205342945910366 0.238091799788353 0.119368237421628
v 0.0300824570013023 -0.245950220768335 0.0752958261998384
v 0.0153946613971214 -0.258615322341545 0.0696967238278825
v 0.208953832948688 0.234290795182695 0.12110825231715
v -0.070631520259179 0.232984035747783 0.093023829536073
v 0.00397755407715696 -0.261824058708559 0.0860432530311588
v -0.111913793951182 -0.0810652006142133 0.0720612057465187
v -0.108549974933443 -0.061939364775338 0.0720520310875133
v 0.193505373832481 0.240398368029853 0.113889268360401
v -0.0126692518799512 -0.247202701394906 0.0802227436620979
v -0.0090590506097297 -0.248959805574829 0.0769876078596984
v 0.0500121285085792 -0.0359255598006069 0.0946360952818672
v 0.0609879054548177 -0.209229179936378 0.0642716553340845
v 0.205889453738835 0.189557354465871 0.118861044309031
v 0.0335655626679146 -0.23852427201795 0.102590496663281
v 0.0343670899029787 -0.239721960554523 0.0950062216758758
v -0.0790465022887593 0.17967011063716 0.103394331148162
v 0.198819993983323 -0.0619748060378382 0.117580447292661
v 0.192486343391606 -0.0567192394158963 0.119565634039359
v -0.0855227130396656 0.18440447808666 0.102737372379464
v -0.0189850615108665 -0.241828668688541 0.0788800322697677
v 0.186797920399317 -0.101239406664941 0.113386296845352
v 0.135534905912449 0.159234856546825 0.0961860543272031
v 0.209237250870653 0.192718413311452 0.114530270242027
v 0.162318981773561 0.162360771159521 0.100771229157318
v 0.174190625669312 0.166080439972631 0.104594711124367
v -0.114146584938115 -0.0851653144559443 0.0754499976718646
v -0.0180777548047522 0.228739206254551 0.089725710735212
v -0.0317461962636914 0.230998112137596 0.0917430810701648
v -0.108167149583059 -0.0781892598581324 0.0680565094299082
v 0.193817270445578 0.168065656941551 0.106060479470701
v -0.111687861005254 -0.0902949767375021 0.0767948180433396
v -0.0802268790633339 0.229761091408231 0.0910779133365352
v -0.0841237223651206 0.225848921414213 0.0925775870672702
v 0.0693677858051542 0.251685645371527 0.114139769153256
v 0.0634914385762036 0.248271848296114 0.111276674427003
v -0.0123928816878531 -0.0316068696509716 0.0863196614151701
v 0.160660901363947 -0.0428811628843304 0.104269733993862
v 0.171175445376431 -0.0291333454082396 0.091061875761521
v 0.161483133339786 -0.0309961984573058 0.0930910859829136
v -0.0713352463278308 -0.099751170497489 0.0821686454818025
v 0.0282121630800647 -0.24472781951411 0.0923956130632457
v -0.0981999150290433 -0.0876484714469844 0.0728032958509306
v 0.0693928157783613 -0.112963019133101 0.0999071859566742
v 0.0772591750581797 -0.104363800048625 0.0999834971190948
v 0.204884907142269 0.185072248956889 0.117610557234278
v 0.208543673028468 0.185110604528692 0.11237615573653
v 0.0383770730803128 -0.231775516146126 0.101270331928789
v 0.0395782654240256 -0.235398148223424 0.0940824135543441
v -0.0949059544963094 -0.038459279087072 0.0896292317198465
v -0.104987968325994 -0.0861253771086086 0.0716262472200717
v -0.0749114787644384 0.175697305108214 0.0998750388971873
v 0.0569811888840023 0.240798032188428 0.103726889867928
v 0.188355110117009 -0.052859397587517 0.116240408121672
v -0.0719242018644324 -0.0968088255594292 0.0791316359870836
v 0.206101803101727 0.236029467817191 0.115879698746201
v 0.189136267872654 -0.0946127857011752 0.11217402458423
v -0.0889067189095279 0.184419936502311 0.0984049298691478
v -0.105674667230977 -0.0484695910483989 0.0812555095265192
v -0.08369275042578 0.172677710138123 0.0965374802747961
v -0.0855043661787794 -0.0715848323684104 0.054266496205506
v -0.0756372749256279 -0.0721024801213526 0.0541357609079141
v -0.0914181928478327 -0.0830115600527049 0.0668174429217235
v 0.116814657666211 0.233470942965694 0.100893497170053
v 0.214513148178604 0.223844817015009 0.112339123139382
v 0.0703277352323548 0.245622476909171 0.108007885072886
v 0.0769854503475681 0.24526251901426 0.108541138088169
v 0.0717406728361082 0.239067530648438 0.102167358983601
v -0.0844333493188452 -0.0311380224025694 0.0827967324407866
v -0.0666928634382425 -0.0349628132510528 0.0870802676302688
v -0.0688877174595867 -0.0251249673798852 0.0767221719821107
v 0.206081611692558 0.169622199668936 0.10838756421922
v 0.0698497767338973 0.248625774645061 0.111070030355949
v 0.0859752364114322 0.153124348859604 0.0875258419074246
v 0.0811606862253164 0.163144457800406 0.0973347036940587
v 0.0725378166913595 0.163059152414165 0.097005693111159
v -0.00802776408301126 -0.233102776306746 0.0520382784437152
v -0.0850229929971327 0.167936591837828 0.0809608112586251
v -0.0885976232365052 0.168893617366827 0.0895002870324973
v -0.0914381409554936 0.175801375725752 0.0896035801351133
v 0.204874965617895 0.178602318596555 0.115576017205627
v 0.18093105402808 -0.100549942664797 0.109975571587508
v 0.205555395607603 0.235242796917034 0.111800402416185
v 0.201241590670277 0.235134463567959 0.10712606569893
v 0.19348644612153 -0.055888417307471 0.116228381421691
v 0.186698401733763 -0.0964658232160951 0.110691949765289
v -0.0876813997037233 0.178114041905487 0.0990261704311076
v 0.218548732101946 0.210169553197612 0.102710700347621
v 0.214520520929837 0.220319167875489 0.10457951797173
v 0.00287152650335958 -0.259756893804761 0.0817978369637637
v 0.0922516457076272 -0.0917508899299452 0.095168119525811
v -0.0889952587909058 -0.032661437330468 0.0844635603235048
v -0.09723367714816 -0.036765741386883 0.0862367760942609
v -0.0666942620284294 -0.083645061364758 0.0641822182287248
v 0.198305998070949 -0.0605073172800526 0.112998832363252
v -0.0730428814293816 0.230085453550576 0.0890552926393158
v -0.0808312033278166 0.22770966537192 0.0877278524370033
v -0.0149022001318148 -0.242726340528521 0.072212759312733
v 0.0444346724945914 -0.22613889484447 0.0923707372273252
v 0.180720642790663 0.166102753322065 0.104367722409353
v 0.209873599478753 0.230702725411566 0.113899307966078
v -0.0855405986208975 0.223239644573965 0.0859926014141388
v -0.0922523267979912 0.183563033907928 0.0938038556459568
v -0.0884510543715375 0.202833486604969 0.0832479381647784
v -0.100998347009804 -0.0421947531353005 0.0817668095409849
v -0.042448385428593 -0.119054941699605 0.074713657222251
v -0.0522519954309336 -0.111635023111731 0.0797509462268246
v -0.0148825544468891 -0.239994712083095 0.0674268231073458
v 0.0265744936894999 -0.250310112760092 0.061795701421516
v -0.0296625420782889 -0.13506075164073 0.0760523725606251
v 0.173167543613445 0.233327983161652 0.10524113353463
v -0.0434233781756184 0.158187530478389 0.084166308566094
v 0.159678418372104 0.236695787425261 0.108413515414637
v 0.0349199177762357 -0.240430016962038 0.087163004189018
v -0.0333260207772827 0.21696164750947 0.0770986222479949
v 0.138306977593158 -0.0311154677540446 0.0930437263423566
v 0.190687845992768 -0.0468310431557793 0.108186737854966
v 0.207937686680033 0.177786582625915 0.11259396600792
v 0.187844860166913 -0.0922489620583167 0.107197603799241
v 0.183632802976361 -0.0933814347822628 0.104169819015942
v -0.043162284075462 -0.0397095261677618 0.0924956401940888
v 0.15537587164321 -0.0807096960987182 0.0817560215417939
v 0.164268733012258 -0.0837354911803302 0.0847574297923929
v 0.13862032662018 -0.090002456968589 0.0939248767318489
v 0.210781149631836 0.190577708542066 0.111226992911744
v 0.201552868595071 0.230124841007781 0.100700181239775
v 0.18756153084535 0.22882950857252 0.0998905830733272
v -0.10494435741869 -0.0468844733768406 0.0764294964443021
v -0.0908835819246144 0.177545391118469 0.0945102817242875
v 0.0290576859336236 -0.245483568622277 0.0840221917277627
v 0.194565348163794 -0.0549887952889867 0.108221512016801
v 0.191689084103673 -0.0517664007773532 0.110769606997998
v 0.00845371420028563 -0.260758123929283 0.0788430041793211
v -0.0638806682375067 0.228913872476211 0.0882892519401805
v -0.0971391036401597 -0.0361709761472622 0.0822558889440018
v 0.057676083860049 -0.126673916379294 0.0837371653977561
v 0.0540879756438236 -0.129692329428538 0.0871656301669893
v 0.210360503621557 0.229002531333723 0.110243266703955
v 0.214588963844968 0.190585256507513 0.105682250943603
v -0.0874704606629413 0.171043294791237 0.0937746365210943
v -0.0817445944573844 0.16619814351688 0.0912458519826346
v 0.210253009628944 0.18323570058717 0.109908975605277
v 0.0694644673306902 -0.112143333926997 0.0925001425537087
v -0.107360697346998 -0.074247888602032 0.0644547594028786
v -0.0259599840924977 -0.14049000239573 0.0748111323775515
v 0.00697394177784366 -0.260674065240575 0.0744159685329785
v 0.147274493171436 -0.0926816560926119 0.0967018085489497
v -0.0384919294724565 -0.124385062596596 0.0763072906206552
v 0.174293862142015 -0.097557663910847 0.105160885339769
v -0.00377672534859651 -0.251634232612177 0.0711460596837483
v 0.205905011950343 0.233171344872762 0.108176242100355
v 0.0347516253309221 -0.0284214157095705 0.0861655604201253
v 0.0259375927101815 -0.0257071941638756 0.0829410598286713
v -0.00864011233398808 0.232110130882362 0.0929502613681759
v -0.104763628092395 -0.0829557867592946 0.0685019932698009
v -0.101467746866207 -0.0417230400445305 0.0778733024678109
v 0.0428246296232285 -0.232551946398931 0.0903098530959271
v -0.0435074081134789 -0.115038389802291 0.0718698707147399
v -0.0863490478637506 0.216670841071423 0.0815643684012932
v 0.0899602077750221 0.216414819322509 0.0814670655016105
v 0.138322457651315 0.218556944300254 0.0865352212941394
v 0.13099179652282 0.226696474011198 0.0950577170393811
v 0.152123762109331 0.221583784637931 0.0909523069694597
v -0.0483482953622044 -0.0269736461658112 0.0794964114163997
v -0.080104213516875 0.226426770994448 0.0849685820574624
v -0.0495671262472293 0.227353066120707 0.087356264771423
v -0.0304234931616676 -0.0333433456053037 0.0870418012598164
v -0.0227957335045584 -0.158313105943347 0.0724223648724044
v 0.210618602168689 0.177139782277519 0.108944970861651
v -0.00934528637093827 -0.0219236411509641 0.0766670603236362
v 0.00441917636784452 -0.0218636770408496 0.0779087940763382
v 0.071822008861161 0.226487997824085 0.0896765639531994
v -0.0907076542031508 -0.030786795369461 0.0812453205893456
v -0.00324523068679893 -0.215228133822427 0.0452150339637043
v 0.21072759380106 0.225101169325393 0.1029323814222
v -0.10108740923831 -0.0399635850539428 0.0732471775163511
v -0.00978883638362334 -0.246364498280095 0.0698023297490886
v -0.104941973394012 -0.0493860208955064 0.0702692352015507
v 0.17946361550423 0.166594942511649 0.104981068689148
v 0.213360656145469 0.217947436412837 0.0965769804051837
v -0.103523100897263 -0.0474500394210888 0.0616593639651396
v -0.073508924511036 0.22463802286944 0.083489136156884
v -0.0809183438046281 0.222848130240372 0.0806230970124782
v -0.0730481234309476 0.228868350492365 0.0870290930089739
v 0.038305543492806 -0.237979392623565 0.0842643740787956
v -0.0971385995342721 -0.0343433285785509 0.0734208071295442
v -0.0256944806287758 -0.132445390986904 0.0648664516680587
v -0.01786501998979 -0.141327598204466 0.0592464931130285
v 0.0464580619083568 -0.229975644899945 0.0865766508599525
v 0.20698149818023 0.230461175929745 0.105066345111661
v 0.190074168660915 -0.0878128773364738 0.103337915104992
v -0.00133440184800239 0.152035071958628 0.0808557864852111
v 0.017070269689159 0.15372785824683 0.0834557348905985
v -0.00543605807544752 -0.248048688247685 0.0625220413340894
v 0.060661692564423 -0.0230933074000662 0.0824181839245844
v 0.0341290349912977 0.160681957332596 0.0919484085435795
v -0.0108449537536164 -0.241728535738255 0.0607258732918635
v 0.00912467878338713 -0.259965717231761 0.0680730346963415
v -0.0847000962349771 -0.024580950241655 0.075543085400253
v 0.0357300133452697 -0.241027972937666 0.0789629947613966
v 0.190862077229644 -0.0395376098872616 0.101855642929293
v 0.192946753269879 -0.035255143325832 0.0969812105212029
v 0.213415309673421 0.175971554171676 0.104654613529109
v 0.0542432913045428 -0.0263943718678632 0.0853864966265031
v 0.179978723989579 0.165197640186768 0.103355982843739
v 0.192793287641772 -0.0509975805887297 0.107093659404773
v -0.029642069251888 -0.13171682662023 0.0712236592021879
v 0.0499599024872091 -0.226026728140829 0.0825491044821775
v -0.104205172297658 -0.0795461246946347 0.0648127902761139
v -0.0627185836507112 0.162139417102188 0.0873384759995912
v 0.0476039295644623 0.160198679463428 0.0924545996124387
v 0.210568451156335 0.169767704231661 0.106667258349139
v 0.221813400081413 0.19400928605249 0.0968536587754617
v 0.175168981503596 -0.095177100451335 0.100167520004611
v -0.0904971912361038 -0.0267216320652368 0.072595080710257
v 0.0662039170248909 -0.115867488776726 0.0795488675137851
v 0.0755004340711198 -0.103510363705249 0.0794050366303187
v -0.0307851080715176 -0.0174213228972567 0.071234499213025
v -0.0372940053469206 -0.013103485006152 0.0660751907456065
v 0.00236158069435252 0.226504324789421 0.0878186001948332
v 0.0142074716115479 0.222204078184864 0.0835215400930275
v 0.184597463222584 0.163605174795533 0.101534208550518
v 0.176471183738881 0.161715101212115 0.0994099695293056
v 0.0453504992237231 -0.231711234942934 0.0855583520486243
v 0.00297322175736863 0.222668735355465 0.0838855446266081
v 0.135326852315989 0.144565283765192 0.0814838732648048
v 0.11744418594498 0.145889801496131 0.0822542480682012
v -0.0303322646975861 -0.124177862930261 0.0622017994857866
v 0.195116435194021 -0.0517697178512207 0.10373489005271
v 0.0857031990142604 -0.0918760955276886 0.0843187951701436
v 0.212691994390478 0.162921444697931 0.100112490503021
v -0.0151646375104554 0.146825582330217 0.0747379420904282
v -0.029493556801811 0.157982175186513 0.0846540848284018
v 0.0419787051786432 -0.235678447561752 0.0814475081476755
v -0.0509718214535578 -0.0988540334464258 0.0742998558729231
v 0.192540614832516 -0.0450603200297517 0.105326625231188
v -0.0254516766434988 -0.128095976735353 0.060428870980793
v -0.0658131884269703 0.222487315645089 0.0814452368759983
v 0.0214502598659638 0.155427142645985 0.0853975448383504
v -0.046434346716928 0.218777584706665 0.0787545965305299
v -0.041040001060104 -0.105852363373021 0.0682290872278808
v -0.0376540812972804 -0.113307565652102 0.0653861734640412
v -0.00635782338967189 -0.245967406983226 0.0582713490133033
v 0.033579999405647 -0.243654126298827 0.0732067915729189
v 0.0546626393405155 0.145637457446224 0.0783754364164667
v 0.0613236437606102 0.150343846098343 0.0831458738382285
v 0.219478848358543 0.207713773606787 0.0924104794984207
v -0.0506151298157518 -0.0908785717623665 0.0689685487511803
v 0.0726272741166581 0.147181106292767 0.0804046548691997
v 0.155361607568653 0.228597835100641 0.0988862164573119
v 0.0780454653980991 -0.205673347858294 0.0366431592637589
v 0.0778705840714654 -0.16093267739123 0.0300341771766177
v 0.18439850442913 -0.0914482157571657 0.0990476356406496
v 0.204595155788227 0.149840753960953 0.0871434775302094
v 0.208193732383783 0.154996976116497 0.0922219830907118
v -0.100048275007112 -0.0382468806362356 0.0688187805557826
v 0.213910594850565 0.169403983930846 0.103674994635906
v -0.0859702938901304 0.164405424335523 0.0850404166246676
v -0.0797403119629439 0.160325554432485 0.0859526537911291
v -0.104594597883378 -0.0760858608886659 0.061492357176837
v 0.180014447597001 -0.0907079659671863 0.0940551003427462
v 0.207299135305683 0.228511930766561 0.101480170209709
v 0.194762387708653 -0.0496705099308657 0.103311104701848
v -0.0835534033545968 0.158916224563481 0.0755973053715613
v -0.0712213172863402 0.166639109563962 0.0630133325478763
v -0.103880485544665 -0.0632550630098497 0.0580547951300967
v -0.106172890815754 -0.0690097985470655 0.0613093371203959
v -0.0986122803043795 -0.0784288442794597 0.062895113230076
v 0.190319523316964 -0.0805425835821336 0.0951520694011188
v 0.187030559087155 -0.0884803011097714 0.0969291472528262
v -0.0802245879495805 0.217731034922266 0.0773570862761337
v -0.0733453296206498 0.217501579141938 0.0758528445497573
v 0.0949185170830166 0.152906044360379 0.0879893301053641
v 0.21193631736223 0.222425885533687 0.101056493224247
v 0.0427562688870472 -0.236194612094029 0.0739658643950076
v -0.0245943297402487 0.143447609393208 0.0706710896147667
v 0.109807344032826 -0.0119460705635405 0.0737557419711641
v 0.0996385105540887 -0.0145003596280585 0.0759316264839529
v 0.0974449422434765 -0.0258769034335384 0.0868951412912329
v 0.0465632430993015 -0.232011901765677 0.0793622311090916
v -0.0967613135972169 -0.033141254049173 0.0691193713260134
v 0.217403960733739 0.175255104932707 0.100843768722107
v 0.194585687776015 -0.0437021363834272 0.102809303267164
v -0.10439324887064 -0.0719844112634534 0.0585363868295279
v 0.00671271410345749 -0.158568425681049 0.0251101466157758
v -0.0750190773272079 0.15640829221012 0.0823126786488166
v -0.0708024941458661 0.152444535256598 0.078649349790532
v 0.209616842771855 0.224457441677953 0.0977730182823453
v 0.201696612679917 0.227662782052478 0.0973719849229465
v 0.17779394646175 -0.0856510630916184 0.086455267450018
v -0.0776754644393314 0.213785749286085 0.0729595886974952
v 0.199590009017928 0.216899101414901 0.0859474844309588
v 0.182673635827328 0.21518081620428 0.0845843440518683
v -0.026523139091129 -0.114641949309114 0.0561001361839909
v 0.197148788666445 -0.0488237707399422 0.0998491874778336
v -0.00219223439702933 0.224828998318492 0.0860829888647913
v -0.00646238361473316 0.223189188688942 0.0841593985675587
v 0.0097898007877844 -0.259770689264587 0.0626276099483227
v -0.086464954053008 -0.0229649491218161 0.0718168196913814
v -0.00043172175648288 -0.25191142050895 0.0589797239596376
v 0.0123494781878039 -0.259037856403607 0.0568304641111049
v 0.0660026455348105 -0.116746374390381 0.0723134377250162
v 0.19943498230061 -0.0498261128832987 0.095950001562636
v 0.191529958792021 -0.0746124511683435 0.096451755671349
v 0.0405034749755925 -0.239112369179002 0.0685700308348247
v 0.144044426634454 -0.024103866872152 0.086669123533076
v 0.217661415037318 0.168679213750148 0.10045838786446
v 0.0765499195604651 0.219026864250509 0.0824656561049485
v -0.0852558697965857 0.161198061827327 0.0804437258543058
v -0.080186157763195 0.156432646821115 0.081829628923222
v -0.0991545198370849 -0.0755332122175623 0.0592803735696616
v -0.0935632405382322 -0.0279055937297485 0.0642604770244267
v -0.100668036012092 -0.0381950626307756 0.0639205429454557
v 0.0388394851102871 -0.0186519511802704 0.0764379366376253
v 0.169048904118788 0.219504674465868 0.0888483714822226
v 0.161539631900786 0.227261787716722 0.0976410407029363
v 0.187763897409317 -0.0850793147518382 0.0930339761413146
v -0.0543976264135058 -0.0148240460185551 0.0662174093558041
v 0.144036669977775 0.146914592844852 0.084059355168482
v -0.0789686926558616 -0.0189580398032632 0.0693639367153436
v -0.010466088630976 -0.0140062992826133 0.068857665591752
v 0.00669812151044964 -0.00295018847381657 0.0590538364310143
v -0.00708814976138934 -0.00292941188741233 0.0579166296618983
v 0.034948567018393 -0.243990091347106 0.0649121780368592
v 0.193665007578965 -0.0387096258985343 0.100233717772633
v 0.179568091446718 0.15110655342417 0.0882267687859102
v 0.0537338061390877 -0.226443658175114 0.0720258977625897
v 0.214430420604411 0.155633048160874 0.0931776140607574
v 0.216761413492303 0.161864853857302 0.0977951139810515
v -0.00663270538349017 -0.243163600427782 0.0539885822581987
v -0.092901167928898 -0.073785531564142 0.0570968294062954
v -0.0966472385248355 -0.0309165062966173 0.0600367688210698
v 0.196339090591523 -0.0424662066753741 0.100064866440979
v -0.0720241330381197 -0.0162214220210462 0.0663204564379682
v 0.00488081814644947 -0.224855113778295 0.0330021596560533
v 0.00245114662651796 -0.231201517228916 0.0363463791602108
v 0.221707547573475 0.17399374054503 0.0965882167657032
v -0.00827291811610211 0.216495273349531 0.0769290045706952
v -0.102989544935857 -0.06754728179241 0.0559534636158015
v -0.036129791126063 -0.107473953826734 0.0643975411871009
v 0.0764651709532666 -0.0161078857788919 0.0765932324533067
v 0.197360693547494 -0.0373595603747945 0.0955213741067512
v 0.196106245669327 -0.0318814113317178 0.0924931626965037
v -0.0201416778921966 -0.128622014780227 0.0549607023872198
v 0.184087720510374 0.140398598008825 0.0782668157405392
v 0.212632532350136 0.142743415080107 0.0801875159416255
v -0.055391205556358 0.208176854650177 0.0672076720601668
v -0.0367521702098709 0.201439248733186 0.0607340972520829
v 0.182462631573542 -0.0882424034047033 0.0910790366207984
v -0.0991128961178166 -0.0721339545538592 0.0556922807157192
v 0.206278114082098 0.223738724832095 0.0929464138021196
v 0.211990380010063 0.220437839211063 0.0942257707180106
v -0.0392812664455556 -0.10040789557718 0.0674102868870778
v 0.0460908040978395 -0.233575135655931 0.0713011337454556
v -0.00245245828815419 -0.247337825238226 0.0508386332711931
v 0.220361819714804 0.160945972279171 0.094501821340256
v 0.174401480905835 -0.0175561149725444 0.0806693345638813
v -0.0334595542140459 0.145218746290741 0.071768642688684
v -0.0568685157712376 0.152795170389625 0.0784352114385997
v -0.0824055560128373 -0.0177316281368042 0.0663905938889747
v 0.12685741642502 -0.0803212365393016 0.0815319150675176
v -0.0651715749003287 0.215457890035932 0.0737477478302968
v 0.186490144219745 0.134953526329133 0.0728981918056709
v 0.19866575363015 -0.0437104977054516 0.0964128029939744
v 0.000221475680713526 -0.235653297976372 0.0400233881491684
v -0.00414030695766707 -0.234365261967035 0.0460753397090929
v -0.103567513702575 -0.0390078912386136 0.0528366137366729
v 0.0704760770486971 -0.110552318852836 0.0704986505768244
v -0.0432222114158739 -0.0865172460706565 0.0630988424660351
v 0.19312843636924 -0.0293434177261653 0.0913740222356323
v 0.140392426773041 -0.0196464628429406 0.0824207054433042
v 0.190383095546395 -0.0775205165396066 0.0854205388423428
v 0.194700568910356 -0.0707715232131401 0.0872583295904757
v 0.172716606911078 -0.081183887219564 0.0819983961877192
v -0.102131058670447 -0.0626618918801655 0.0526190030696183
v -0.00228689913089132 -0.243841245448062 0.0468692573769569
v 0.185562710807385 -0.0257427431088903 0.088214069945875
v -0.0693884348101469 0.172445993866446 0.0635731677301581
v -0.103488229091634 -0.0576454872046617 0.0489043866721584
v -0.0733956801417496 0.214270332795339 0.0719051160144193
v -0.0830513839604431 0.15532611314354 0.0789881100326459
v -0.00138960123555112 -0.239886773361855 0.0431779986099066
v -0.0275989330988236 -0.0980445292432934 0.0579387516935921
v 0.214214154246947 0.215086632766353 0.090479735880167
v 0.221663504007277 0.202988229037614 0.0874732065847582
v 0.188543951923064 -0.0811512114812367 0.0893079381126247
v 3.47758134882633e-05 0.223737200573674 0.0848922713409691
v 0.0777319409792504 0.214035472626073 0.0775257750647695
v 0.157720812608701 -0.0106345893784008 0.0744289444723428
v 0.147347183379518 -0.0128636140348422 0.0762685722094629
v 0.137854725946491 -0.0748414329335036 0.0747731344479533
v 0.17344198938422 0.143222459479033 0.0810901783714495
v -0.10661489150901 -0.0524154858996505 0.044488244297223
v 0.0915992402044119 0.139301123622714 0.0742583828032015
v 0.105660064062183 0.139737781394869 0.0761880998089634
v 0.0937163930445645 -0.0803929531769908 0.0759177015508278
v 0.083620461734989 -0.0916102957409526 0.0698161306988554
v 0.0781534260457104 -0.0996798782514875 0.0763504201054586
v 0.0639766668404583 -0.132397107434354 0.0567839449946484
v 0.066065785331493 -0.11835475477844 0.0654595641953759
v -0.0924369746335216 -0.0254165351115197 0.0597019302027187
v -0.0811963392251588 0.152837592486931 0.0772892846568344
v -0.0991356788735587 -0.0684494599849874 0.0525993262388444
v 0.184473644397501 -0.0855596693424125 0.0884832579529409
v 0.208715515136849 0.2203069256905 0.0895350679547905
v 0.159513297252891 0.142192151350846 0.0799190135047337
v -0.00180437510813918 0.22360434858522 0.0846997738073576
v 0.116624188119268 0.21614170153129 0.0824915597067293
v -0.0765909858153391 0.208028830845182 0.0690434288188792
v -0.0771291002967976 0.197278323909293 0.070203177407317
v -0.030203908106195 -0.0859756228779459 0.0571037858463144
v 0.0500510985180925 -0.231100274922249 0.0684245716453047
v -0.0853447410020363 -0.0163119986553781 0.0586811047767476
v 0.0144630750008807 0.133000092956294 0.0634071891894389
v 0.0198595818717116 0.134486808224588 0.0649336150978991
v 0.0176322526986732 0.142997258724957 0.0724968397314575
v 0.212341073102798 0.151716408191549 0.0889356427439656
v -0.0627965484226449 0.210725210347602 0.0695928320075933
v -0.0816580993996716 -0.0102601337507417 0.0536364564486729
v 0.0438968250483493 -0.236922184170891 0.0661784492587243
v 0.02882780092266 -0.00696690554348891 0.0644264224718864
v 0.218734546105938 0.154277183100726 0.0911813019320478
v 0.0679650191832999 0.140027594461029 0.0736602310911012
v 0.204902095926546 0.217374802423253 0.0854759893678688
v 0.0755180077505495 -0.102408800664718 0.0637852983022671
v 0.148479031125485 0.212515142184843 0.0804997011842525
v 0.174896348191907 0.20486658893887 0.0731947390496623
v 0.168755232172442 0.200323401593279 0.0681113154589075
v -0.0937730485097299 -0.0669898925514036 0.0501915073121641
v 0.041802885169191 -0.239472962294003 0.060539872922842
v 0.0291650458842898 0.219521178418672 0.0812644138306333
v 0.0895982124557478 -0.0173127586047359 0.0780933593451706
v 0.199525138085594 -0.0432351444191155 0.0916905746173423
v 0.0676587203211221 -0.124612978168533 0.0462993778386306
v 0.205156356934746 -0.0319251362700391 0.0827091772809758
v 0.201972004124789 -0.0483828948632825 0.0751918118789399
v 0.211461208509729 -0.0325729018237623 0.0664044444048019
v -0.0882163997895507 -0.0181821849487977 0.0547913181307853
v -0.092488383637683 -0.0244176619446229 0.0551838847483283
v -0.0834753513607033 0.153891844143369 0.0743607653319274
v 0.0512376674639281 0.218300581807841 0.0805061749733362
v 0.0585666839808378 0.219260622715414 0.0820494950493676
v 0.0604352449596247 0.201735293685371 0.064022242490222
v 0.0693994611359483 -0.111590281479969 0.0478905457742483
v 0.0691594315986296 -0.110701166522793 0.0566795030625019
v 0.00235138207633142 -0.251037915216061 0.0473383941075004
v -0.0963463269588428 -0.0301063821969546 0.0546826597686141
v -0.0209793077741432 -0.00275288860983529 0.0569825336371399
v 0.222004100029883 0.151108557639419 0.0871056485642544
v -0.0708621765925554 0.209785914219288 0.0677044485843861
v 0.214539574041686 0.14566226083427 0.0830457538360838
v -0.0704752619531531 0.147494030988399 0.0723719158865905
v 0.223491753377095 0.158393381855793 0.0902921315774211
v 0.0472930098348174 -0.234543382953499 0.0637127017282478
v 0.13959230444192 0.205997912947779 0.0731115804725137
v 0.114641837172205 0.200328513983416 0.0661685363158886
v 0.035912362897768 0.138379831766884 0.0701589522783802
v 0.217042636584968 0.210330667831215 0.0858795672821734
v 0.0219196591164474 0.144592984400508 0.0747373054779406
v -0.0994291846287169 -0.0642358695077549 0.0499049693348566
v 0.186675764901927 -0.082427181100732 0.0854771595339377
v 0.211674322221309 0.216504684052188 0.086440938960727
v 0.20048352884425 -0.0372493790402241 0.0871075352485044
v 0.198377777354196 -0.0367550927845873 0.0918278908857782
v 0.0572511621671316 -0.225605062343215 0.0611650015799965
v -0.0746986473596279 0.145546601054706 0.0704737294318693
v 0.128930400854267 0.1370617757978 0.0740563741866755
v -0.0623823451123958 -0.00742324265620649 0.0574725281989742
v -0.068801953355637 -0.00246711554765716 0.0525694842213634
v -0.0290154103945316 0.00130113806955218 0.0525346484360354
v -0.0807765561590192 0.148243804248899 0.070699697160926
v 0.195319906804737 -0.0261832258097949 0.088746431883067
v -0.0232019228648851 -0.080802505071475 0.0491780543579911
v -0.0192581163096128 -0.0867392471340824 0.0465117918127739
v -0.0551534607562945 0.00171010766005201 0.0495458093116815
v 0.180470388996347 -0.0834271725539433 0.0835212774215965
v 0.00944407925825059 -0.213118621880279 0.0258570408269811
v 0.0572325087794938 0.132305574494218 0.0648974797196551
v -0.082222631272504 0.156403036075363 0.0704233796711227
v -0.0709854033557939 0.204832642582489 0.0644609736362978
v -0.0702430752577528 0.196582869667435 0.0614227566566247
v 0.0240100051214354 -0.253251528850853 0.0433083102891688
v 0.0346857772958429 -0.245205803420919 0.0517024747512672
v 0.21970346636567 0.144755607229146 0.0827822240141341
v 0.198146703355389 -0.031222875775033 0.0903180566769594
v 0.043372166844492 -0.239874354124218 0.0522639802933416
v -0.055103658320579 0.200593294229139 0.0599850803176459
v 0.147622744972888 0.135922058675837 0.0731966763228753
v -0.101070165478261 -0.0602615813512358 0.0464829463831102
v 0.227702342767802 0.164352910367653 0.0857822800781437
v 0.0168410459450307 -0.256767585341833 0.0502470614833921
v 0.0507639760350796 -0.23238113984514 0.0605970428138516
v -0.0888825766011178 -0.0177027381034949 0.0505757242003263
v -0.0737183301158044 0.144562196879724 0.0693004045041276
v -0.0868109673161656 -0.0147257269794663 0.0455633730324546
v 0.0676406826201749 -0.114685089834031 0.0609420191838522
v -0.0545617230610804 -0.0699812829255485 0.050402167137899
v -0.0427604386869665 -0.074220732357864 0.0532112797193481
v -0.0834892387273234 0.150948721921589 0.0680741779807202
v 0.194534779381574 -0.0236202195274809 0.0867995950952044
v -0.0675294954363742 0.20055654312047 0.0607307788647737
v 0.0995300111427961 -0.0736631590467151 0.0699326571114799
v 0.104020901482736 -0.0758157661580874 0.0761835116594846
v -0.0475568837497848 0.140449022849212 0.0655456237763476
v -0.0978014765404643 -0.0317467148883195 0.0429304906917628
v 0.229745930363524 0.152840814055323 0.0792974355926106
v -0.0200564135136973 -0.113637245789578 0.0498811839776381
v -0.0235852206124934 0.197611338976848 0.0573474280231876
v -0.0946972824937683 -0.0635356447753792 0.046529557512722
v -0.0169321393964565 -0.0985709315096348 0.0476710821132428
v 0.0451451792643583 -0.237307138715312 0.058151308274539
v -0.0919882453603605 -0.0233893564013061 0.0503126517150194
v 0.199015587921473 -0.0256959633131868 0.0874257381454273
v 0.189025926283407 -0.079126831837205 0.0823871883199471
v 0.212636621413663 0.215324813322881 0.0845863203716977
v 0.212594557009111 0.211941961345099 0.0801283313622263
v -0.0623816166728848 0.203430265258125 0.0627350938352309
v -0.0786378832634292 0.144966151598022 0.0679038270223771
v -0.104106078749081 -0.0522182007523522 0.0379559525944662
v -0.103931473355773 -0.0406811588196144 0.0349668670057706
v 0.183309265599014 -0.0810425663407456 0.08070509812022
v 0.193485007302335 -0.0209967614515174 0.0843597782409421
v 0.201370036282452 -0.0596492382452297 0.0730365227600562
v 0.201737715172153 0.212093167603719 0.0809352273454038
v 0.0831112456921647 -0.0897510972445103 0.0581818197926198
v 0.0859797006710021 -0.0872824627499256 0.0666101247771133
v -0.0118386665382973 -0.103636912334972 0.0430552911660302
v -0.0841089851668154 -0.0674937502878197 0.0501106868905046
v 0.16244194489732 -0.076661267653343 0.0775612415840998
v 0.217627965827743 0.207858217724521 0.0819748254811154
v 0.192603850813929 -0.0747511916373459 0.0802443208146508
v 0.222737222719764 0.198423920571226 0.0763841279383431
v 0.221043270138715 0.200049938237535 0.0723515795240355
v 0.216452436078087 0.204234644818156 0.0736835995270284
v 0.0855566766213357 0.132042854523547 0.0667379642019641
v 0.201449816362748 -0.032167376650603 0.0867633221778432
v 0.224888996067993 0.146340334858744 0.0819593064948734
v 0.0625059883385152 -0.0043669544036206 0.0635642755922328
v -0.0836717223963919 0.151438789807418 0.0629530819523492
v 0.0177595922481089 -0.255202174354746 0.0450437536973964
v 0.180762886065702 0.136342780225656 0.0743058519844662
v -0.063877350224202 0.142273104678177 0.0666084553670398
v 0.130583117354529 -0.0064464128773786 0.0702506403631657
v 0.123139282844856 -0.065717143770228 0.063015334566814
v -0.0814119491870074 0.144671669930067 0.0638575120410378
v 0.0783601324345114 0.208323726841313 0.0718259798011052
v -0.0715525693759266 -0.0637250333553192 0.0459093705383983
v 0.202286101159073 -0.0205741294222087 0.0821998715508121
v 0.0884400062829326 -0.083264893369783 0.0635627812090402
v 0.218343502574172 0.141442827385015 0.0795746273956662
v 0.00819488552678008 0.195354623844714 0.0553944638816077
v 0.0413932997182533 0.200285641571019 0.0619349721857645
v 0.0324157169596522 0.1898262961825 0.0501348878799687
v 0.0986539605370625 0.132660979169744 0.067878898446597
v 0.229179702327353 0.148307160772548 0.078606589344728
v -0.0745767773734286 0.139839612509522 0.0630576900342665
v -0.102999023502049 -0.0565373579310684 0.0423189107132009
v -0.0786816175630991 -0.00548686785134311 0.0480625578273293
v -0.0174336525090966 0.191537388783833 0.0510199688274793
v 0.00128158062334469 0.207826376175416 0.0683464712942407
v -0.00187680687025365 0.190063572457667 0.0494837782001683
v 0.0802467846815783 0.125453048259495 0.0599785647037032
v 0.0430208854704407 -0.0073158299441905 0.0654681526453084
v 0.177149615976596 -0.00187447917064533 0.0672207804534861
v 0.163345660635543 0.000473694077194826 0.0648352099200938
v 0.203969297537067 0.13135726859881 0.0695933733826084
v -0.0496300449654542 0.129633501699691 0.0544207627523222
v 0.202548795919774 -0.0254387522613502 0.0845396519126556
v -0.0123684927316133 0.132576216866032 0.0608432443680228
v -0.00224008957183216 0.129921586725161 0.058500257578185
v 0.0487859724255286 -0.235336469628394 0.0556875490409657
v 0.00278646036896636 -0.240544337786931 0.0363285851266996
v -0.0822971897536823 0.152411325431264 0.0578346492064043
v -0.0963521006344821 -0.060297791020438 0.0427656366329799
v 0.0771225699262758 -0.00176726086562665 0.0621746969306576
v 0.22799489367925 0.141315596141821 0.0767782314016343
v 0.232396591759691 0.180221615955759 0.0765374955646765
v 0.182183665802066 -0.0109363911226261 0.074952804386714
v 0.217142435549499 0.13942316150884 0.0775929692636153
v 0.185926396965773 -0.0781165568214107 0.0777443401993158
v -0.0903019964866347 -0.0204991028004144 0.0453360726265198
v 0.239928154259401 0.168026092475507 0.0648217406926396
v 0.0944381265274357 0.200685009285615 0.0650341050532672
v 0.209188990392628 -0.0260646461817632 0.0775446975643959
v 0.0453844934910458 -0.240320646107285 0.0436919849138429
v -0.066243565365218 0.00357935714397642 0.0471142009784886
v 0.2202858113505 0.135163300703911 0.0735335637279407
v 0.00760846494100874 -0.250618004802922 0.0402767628655995
v 0.00743880887040632 -0.243958229591851 0.0327036334359057
v 0.0142287510162302 -0.248384879074149 0.0338458725407058
v 0.195059159187477 -0.0705683692665249 0.0756314530565906
v -0.0117317228864378 -0.120740492212054 0.0418095474376261
v 0.0579515854369083 -0.228073138087755 0.0542179992526096
v 0.178670362986883 -0.0761556091271394 0.0764469917647408
v -0.00846118737265291 -0.115350216583834 0.0384500735536612
v -0.0234304956305393 0.12990394406368 0.0577268437179548
v 0.216495995872541 0.206920420372077 0.0780684785897257
v 0.0362927039865558 0.117530194413261 0.0495351665389319
v 0.0540101119168119 0.121431594994549 0.0540207503346094
v 0.201259132375486 -0.0152499556537285 0.0785051820816035
v 0.078073683329544 -0.0957097384409801 0.0493643234353246
v 0.199599393574602 -0.00979485710942119 0.0747260173542356
v 0.169360982756911 -0.0597813213277121 0.0586492548498221
v 0.176520065596442 -0.0686499905991617 0.0680835602258144
v 0.0907047755714642 -0.0786486737066863 0.0602804441411219
v -0.0740172787728928 -0.000942245135630523 0.0458089873291941
v -0.0790309315676139 0.139556570539829 0.0607075934636814
v 0.188945865888765 0.200921033766014 0.0694301514702365
v 0.221540760695602 0.136893967342144 0.0753920448372886
v -0.0855737511248259 -0.014159221272572 0.0406750357310217
v 0.0836677213855184 -0.00167185816928132 0.0629168121768586
v 0.100776499456583 0.000835062540206295 0.0616732640042751
v -0.0704475537060232 0.0107554483537101 0.0398058781054694
v -0.0701512263369003 0.00460952354937274 0.0441737931517311
v -0.0839826855642812 0.146511814162615 0.060634062245801
v 0.132125629128695 0.124262025888577 0.0606320180341316
v 0.112419670627393 0.132658624141702 0.068944991531048
v -0.00791860132303249 0.128710753874469 0.0568759270907918
v -0.0811716290289171 0.134868936938 0.0552552314036796
v 0.0521790468494784 -0.232882769651638 0.0533599965501022
v 0.0505546771134685 -0.23586278590686 0.0478642547555048
v 0.0089660699376552 -0.235136679228012 0.0269327612914573
v 0.212004428509602 0.208432296253331 0.0764656025941292
v -0.0834822300057408 -0.0107106985903279 0.0450592293662682
v -0.0861162437712898 0.142011171426114 0.0548081702855589
v 0.025699978438332 -0.249343466750144 0.0341745809130662
v -0.0855910178764789 0.134703227302345 0.0520346574048997
v -0.088990229374209 -0.0582936100753226 0.0403161389124683
v -0.0973060517243659 -0.0567780141944552 0.0386903752924349
v 0.00667642874944379 -0.230878071946953 0.0305533498714489
v -0.103181279951375 -0.0476604577400487 0.0334023893190075
v 0.0791443386075044 0.0147493882459716 0.0464100513997953
v 0.0687871631638062 0.0171564609872175 0.0438032337790617
v 0.0597319906488239 0.0092254948798573 0.0503109402354763
v 0.200218017446157 0.126282713131269 0.0644639920612949
v 0.209561278724228 0.207591895636344 0.075313311169146
v -0.0745343238469126 0.126450705556042 0.0488325532489689
v -0.0529912685946629 0.11821057277153 0.0426237493124754
v 0.205983557112821 -0.0193705199296358 0.078907820043498
v 0.225362908000626 0.193696509580671 0.0714987661286971
v 0.0869530601026422 -0.0837047849143177 0.0573368226726653
v -0.0791643639386786 -0.00622633074222287 0.0436768263921263
v 0.196804097938132 -0.00377532201070336 0.0690281355196693
v -0.0646272937276526 0.195573846642468 0.0568805686140168
v -0.0615922106221146 0.199319055602393 0.0590642629808086
v 0.0458785358432225 0.015603134417503 0.0434693094835962
v 0.0221872257232234 0.00824871211852975 0.0489025206963911
v 0.0205906394656735 -0.0031825582973197 0.0599637993460402
v -0.0944034285065818 -0.025865540749367 0.0324174652841924
v 0.185839499690853 0.1251274559214 0.063300161606749
v -0.0758075360181002 0.158296122765593 0.0420814617928002
v 0.190845363526349 -0.0708686766991082 0.0709506777307141
v 0.225960196615693 0.135092950353378 0.0732816728883317
v 0.145978094902047 -0.0654454284802804 0.0638448728103836
v 0.23694295817044 0.143339985888534 0.0671177730123801
v 0.164630143528581 0.122831706729368 0.0608737125789424
v 0.0724555817047102 -0.105184016091015 0.054344633979324
v -0.0850586113834581 0.147069471006433 0.0561170652989882
v 0.152804384955556 0.12503343584633 0.0624920131993953
v -0.0838093157268934 -0.0113961636976977 0.0404700390471715
v 0.186832028564401 -0.067077475489251 0.0665069243545065
v 0.23146986955255 0.186014295382849 0.0659862858948647
v -0.0655667692570907 0.193051470946273 0.0568878963237009
v 0.205376721307424 -0.0129431113294436 0.075687228260087
v 0.0977357634810884 -0.0670472579509453 0.0547302505760652
v 0.10606992049035 -0.064436021794789 0.0601335675357923
v 0.102409732931026 -0.0699187898642942 0.0666645494667497
v -0.0630575575009142 0.185393344036348 0.0542598915528571
v -0.0746461694529583 -0.00143522848098675 0.0413902222025508
v -0.0323380395906753 0.186173296795185 0.0453915866831014
v -0.0491486259096566 0.190816584254573 0.049428349336778
v -0.0464125326348032 0.194807930984028 0.0538535330257129
v 0.0226774334199896 0.124945518103951 0.0556621710371713
v 0.0596679029112567 -0.22829575845068 0.0482620342554743
v -0.0640025347048382 0.176410991425525 0.0537946683206346
v 0.222257656337044 0.129328903935639 0.0679214357150298
v -0.0295628284416531 0.176444713665041 0.0344945508715319
v -0.0285298247627567 -0.0758910711184299 0.0510165822395346
v 0.073214769781245 -0.217306232368925 0.0396294298498247
v -0.0981235298317254 -0.0531118805812025 0.035296593721818
v 0.0137540094544021 -0.241456412768938 0.0269998716750458
v 0.0210829580787403 -0.240171307262121 0.0253217217562941
v 0.108215555604533 0.00806917853966654 0.054790905900904
v 0.106862335634771 0.00333719534148038 0.0614218117829865
v 0.124828639444719 0.0018411853687335 0.0620215162989881
v 0.0290300447961028 -0.250024562883611 0.0372623997509337
v 0.197442788520247 -0.0658061117721723 0.0713613480787115
v -0.0945124527085801 -0.0333039978206698 0.0207016207862236
v -0.0982403558511473 -0.0381020430105257 0.0246103209257791
v -0.00676129816897193 -0.135636071111146 0.0398772516677649
v 0.21488135610065 0.203971640985031 0.0723629263048123
v -0.0800926213929628 -0.00623494226452732 0.0392743306211914
v -0.00885381779469456 0.113510543020229 0.0424072959253693
v -0.00301221818650112 0.1146978953391 0.0440975798436661
v 0.143090347411684 0.107397435770223 0.0450564627323863
v 0.0721199109565253 -0.116776461478434 0.036485535643867
v 0.20970274056076 -0.0201652528473982 0.0756901451705969
v -0.082129224560858 0.148253275271574 0.0322279531833832
v -0.0710799596344073 0.164142335673599 0.0253593683216015
v -0.0715492372766108 0.159923584919086 0.0177907370131749
v 0.0915214231260824 0.123376067974027 0.0577143880246372
v 0.08977288963822 0.109226608943695 0.0440406801704776
v -0.041709702666016 -0.0694874950277498 0.0497509125761719
v -0.0490358536744967 -0.0605435400677156 0.0419447722794426
v 0.0389928342072688 -0.244602025971655 0.0358243741398019
v -0.0826394328151742 0.129560842134119 0.0488297147043834
v 0.182935692706986 -0.00102379568113109 0.066521325196163
v 0.203814561583307 -0.00710975830789663 0.071931391859097
v -0.0829983246950421 -0.0530479891912709 0.0351552742799877
v 0.192437555325184 0.182058472973962 0.0496744836098802
v 0.176393248041406 0.182755226353107 0.0499352245218019
v -0.0751098536386263 0.00504910044902656 0.0370272903485344
v 0.229958709953742 0.133183251294961 0.0693157494593879
v -0.0541581127225847 0.0135282302890797 0.0387151054641349
v -0.0585795879941346 0.0155400470784075 0.0364898139050615
v 0.223482862479706 0.197350590803412 0.0687238501763919
v 0.218390497507279 0.200467449826286 0.0682845703007606
v -0.0585724415038054 0.194634083240553 0.0545143659221863
v 0.221820561933331 0.119847330909186 0.05801883988665
v 0.223718675729321 0.124462285830118 0.0617567545066457
v -0.0366424776028676 0.122677534099978 0.0491441203195506
v -0.0805372334265596 -0.00653408030610557 0.0349135200807553
v 0.0539904969918222 -0.233588392137876 0.045605708134235
v 0.0654269872153131 -0.223005444968271 0.0473566485330525
v 0.235554474159118 0.180584432361284 0.060586061066405
v 0.24028583939019 0.175644028839012 0.0547052191237092
v -0.084395267941512 -0.0129825473530162 0.0350762175382508
v 0.0318118595696931 -0.244395037403552 0.0272042669202931
v 0.206548464622882 0.203608019935216 0.0715135274566553
v -0.0863133267634375 0.143273913264519 0.0492353278264557
v 0.209187189041248 -0.0102389493696979 0.0719110886508572
v 0.131951828374034 0.000895226091082131 0.0633226741336773
v -0.00779668732326414 -0.109171279769107 0.0380901431855737
v -0.0158772361294631 -0.0906178244882019 0.0425871187299597
v 0.0490257536160885 -0.238869017254509 0.0416237704218144
v 0.109505186440125 0.109772993098504 0.0452325152050687
v 0.126919234021633 0.115568208884529 0.0520635637369421
v 0.0039374799575652 0.0103848076666006 0.0454846767570868
v -0.060560984848804 0.190748432019897 0.0529737212952156
v -0.0801475464057269 -0.000575050085479664 0.0301214358791011
v 0.00892260858893684 -0.225319794144087 0.0273684435572997
v -0.00946892408340868 0.0164639410844994 0.038669401786671
v -0.0333990247798849 -0.0671506350046506 0.0476570772827321
v -0.0246048459119369 -0.0714622109139474 0.047283233537438
v 0.218743392295738 0.109927912312273 0.0506902637235622
v 0.225039591811386 0.116258951195426 0.052187984633327
v -0.0720093993577682 0.0167780461403581 0.035324810006859
v 0.213132952901816 -0.0207729931115285 0.0715796232968744
v -0.0116146642003145 -0.0685498712730942 0.0348898157238528
v -0.0148660745428087 -0.0781153548265702 0.0381277652986863
v 0.226466838999065 0.128343276607508 0.0652184629299914
v -0.101040387633675 -0.0430566766905262 0.0290789889371608
v -0.0924201025916307 -0.0486063422210495 0.0300986310508241
v 0.0732843964916137 0.195821384395505 0.0588344044081374
v 0.057713123543876 -0.231630962844327 0.0433698821693542
v 0.214246369753616 0.19523855552245 0.0631902901635188
v 0.20814981472834 -0.00448238703469545 0.0690380499084261
v 0.117378112709479 0.0142621853662036 0.049495937862425
v 0.129853335876601 0.0156876039573216 0.0493308946816737
v -0.00789072280898916 -0.117908712790383 0.0376456576235128
v -0.00225501644297637 -0.121085847969268 0.0312199979700892
v 0.212763482946115 -0.00829282588547344 0.0680581749608806
v 0.216256887928483 -0.015250188734824 0.0660646731180417
v 0.0752327607595443 -0.0989675519109729 0.0441675090861979
v 0.0142339188026695 -0.229701678430775 0.0198932159088564
v 0.0106543782333216 -0.230577050720843 0.0241801219391588
v 0.178607981794894 0.00816960262277303 0.0585054298329417
v 0.196971563948863 0.0114001368837847 0.0568643713607236
v 0.199523228859057 0.112182990134896 0.05201566242129
v -0.0515514346365725 0.18751720704914 0.0456804840635006
v -0.0566193006563782 0.19148310727817 0.0509191261102877
v -0.00826307923751565 -0.077586370346463 0.0313812016496513
v -0.0110463460642989 -0.0906342580417054 0.0342299566343473
v -0.0839301408036492 -0.0498105306154544 0.0319738725774538
v 0.0973976366915895 0.18421096890528 0.0480531653525757
v 0.0964992572285898 0.18968389252569 0.0540163385343226
v 0.113014819353219 0.18742057696539 0.0524730511458501
v 0.193333003872703 -0.0663825741993091 0.0671511061532682
v -0.0889700918070021 0.135999833835605 0.040891735816096
v -0.0869998970624951 0.131034604009371 0.0453894064381394
v -0.0739998860067462 0.012663285596022 0.0366781468280733
v 0.0871117543732805 0.0120032074306121 0.0495636442796385
v 0.0993071925623556 0.0266351527702917 0.0363552772766255
v 0.171876236295882 0.111908057835754 0.0506054283941029
v 0.232516447212314 0.131003474511953 0.0633528423154422
v -0.0962369525350458 -0.0454643575670909 0.0277939902803695
v 0.198668320317786 -0.0616081923956627 0.0677465151063659
v -0.00134501353561474 -0.100938923221473 0.025839962530013
v -0.00726037003559864 -0.102331995904 0.0341196832076781
v 0.0276058471678595 0.110775479413383 0.0425111395087872
v 0.036433216151214 0.107705087878296 0.0403251359274541
v 0.056210361299575 -0.234474144796622 0.0374320705674675
v -0.0828776657700181 0.125683117498466 0.0426166022789451
v -0.0744083113798173 0.120150921888516 0.0427671672873617
v 0.00623608642928793 0.111662924921022 0.0415851906755065
v -0.061802045491604 -0.0422443794451346 0.025287527243917
v 0.0642699518332596 0.108661407058923 0.0423583542211513
v -0.0274221668746039 -0.0609536599189877 0.0424758576362792
v -0.0148584295920603 -0.0622598910740746 0.037999908349087
v 0.102046361041591 -0.0623934490990687 0.0534067603452922
v 0.226653989665149 0.192041904096009 0.0635366770333782
v -0.00529207062641978 -0.108551418118879 0.0335970223403731
v 0.149350112281624 -0.0427531502888352 0.0395165665943971
v 0.169926200457912 -0.0431311327336079 0.0418261508979061
v 0.0136733389475597 -0.237598187512171 0.024052922553834
v -0.00683578658086328 -0.11583215439146 0.0364535329236718
v 0.0626766374016205 -0.22712426325205 0.0438681563936372
v 0.216108897335143 -0.00909214753116062 0.0644786111721546
v -0.0890067724678669 -0.0204563586379659 0.017939666133019
v 0.198608080940968 -0.0569292046262766 0.0633664501552786
v 0.200567288338458 -0.0515308280525975 0.063747375249773
v 0.228471863430297 0.127603799910426 0.0600470655066496
v -0.0836909540003025 -0.00444236262833692 0.0202854589378725
v -0.0804900686100515 0.00591820340470249 0.0301654955117721
v -0.0827714841912261 0.0122032233981562 0.025766064257516
v 0.180878779663695 0.116628027933244 0.0552013139637079
v -0.0609902153301274 0.185935719400565 0.05086725961723
v 0.00304405161879817 0.0279491824411074 0.0278932709752036
v -0.00118215644566583 0.0240058157211796 0.0318062555698847
v 0.0155541633315501 0.0142013617387041 0.0427263331934223
v -0.0825844968860888 0.0188646557096359 0.025571620274215
v 0.0149970317694713 0.0960612089724801 0.0277044364377123
v 0.0330084832375197 0.102328757152212 0.0346199082919403
v -0.061251421186371 0.183110805559164 0.0452583854416974
v -0.0635286142871672 0.17884413458519 0.0430786590781164
v 0.155029930940392 0.182433630344294 0.0488977570099858
v 0.134159514635183 0.182094211886485 0.047714347295981
v 0.127859522239308 0.195978764528573 0.0622057120741931
v 0.101890541509418 0.10659774651245 0.0423373079178536
v -0.0367660530155998 0.0168745842310335 0.0368135908382234
v 0.036096347244982 0.0197207398746316 0.0388777996578039
v 0.0570916786694088 0.0251302951655936 0.0346105949136142
v 0.155039430107787 0.018017179525262 0.0490982816857405
v 0.174993944590662 0.0176336960249976 0.0508473973213848
v 0.211744800905095 -0.00174014708560695 0.0650298213339131
v 0.183360743992764 -0.0643822731017732 0.0632766565791203
v 0.131248900638262 0.0959036129955826 0.0326764660173606
v 0.0903486269498467 -0.0740739518609924 0.0383635140616295
v 0.0988915100984626 -0.0620646821308255 0.0453605618142479
v -0.0238438335775499 0.0298012264186018 0.0255644396739901
v -0.00878542861763634 0.0316118100724918 0.0248359467909773
v 0.220879309917142 -0.0228019533231438 0.054839495197107
v 0.206532679611974 0.00109624779570035 0.0650431498012383
v -0.0917292428135736 -0.0285540021285584 0.0166155885174498
v 0.0564453762132067 0.0408856799034599 0.0190995063353049
v 0.0808973011738838 0.0243509638534949 0.03726509295098
v 0.204507022096363 0.1968236467606 0.0647682458028188
v 0.0884306088620132 0.190886151238833 0.0546061511914132
v 0.0284386967953114 0.177011678767646 0.0365450506217464
v 0.243396105865396 0.166114062706198 0.0532776944776753
v 0.239387590354174 0.174945064341754 0.0498694251160851
v -0.0716204969035396 0.0239148396857314 0.0292215864330748
v 0.144527220120578 0.0120098978231098 0.0535554408545277
v -0.0766314461664599 -0.0475126652711876 0.0298813243502134
v 0.226008714690367 0.123277628196175 0.0565669862755253
v 0.0596104629659008 -0.232001729497159 0.0356131558913576
v 0.0651859279264509 -0.226503729544276 0.0384509195397396
v 0.220454503634559 0.195414473027271 0.0629028428087842
v 0.195970286865002 -0.063759716858733 0.0651247139341765
v 0.230862365797097 0.186333161295155 0.0617873838243231
v 0.189870073493275 -0.0650121601871127 0.0643768607132098
v 0.110282586435557 0.0325936167273373 0.0314060547076397
v 0.168211005466849 0.188035210887583 0.0551252394057243
v -0.058806798107974 0.183343191038958 0.0422308067723174
v 0.0811150938664327 -0.0906101021791277 0.0443124529400254
v 0.199231869044297 0.0273882750413147 0.0453205145644997
v 0.118547465036994 0.0983771408400116 0.0348844220012138
v -0.08859007327651 0.132875005884892 0.0401476292687562
v 0.0669246391889951 -0.226987742836432 0.0311666973422583
v 0.0690597221206002 -0.223550410414968 0.0357284057296044
v -0.0688954634300108 0.16880821156253 0.0459114073709753
v -0.0295928410237281 -0.0565275605340151 0.0386227986761735
v 0.210827387277971 0.00454517415349968 0.0617444345372979
v 0.0758658985237804 0.0863459656225714 0.0215766377430256
v 0.0142419930399998 -0.233525251627124 0.0209485493274924
v 0.228308216593954 0.12444286009634 0.0517169081611271
v 0.0498177437928593 -0.240277113657213 0.0267451910295481
v -0.0926840190049964 -0.0448610682198598 0.0268007081663647
v 0.0187449296889281 -0.234629128827923 0.0195002938442773
v 0.209314929806689 0.012072298380186 0.0574451511067309
v -0.0853391766799562 -0.043299802735589 0.0251125569259654
v -0.012833478095438 0.0944005723292468 0.0242121715716207
v -0.00778667215494227 0.099413124367214 0.0292004903695736
v -0.0185078498885131 0.106696753373228 0.0352999874894468
v 0.229774349701621 0.128508842022916 0.0543758272642587
v 0.228369766915618 0.118620413756553 0.0490435738337461
v -0.0810805068518253 0.121280384483492 0.0362408654311747
v -0.0848246943377556 0.126201134685241 0.0381437320216035
v 0.224536826472708 0.110845741171526 0.0495544873505198
v 0.191116543064668 0.108729091121983 0.0485050235633243
v -0.0121317575757459 -0.056065932033198 0.0339423244581785
v -0.025195809015063 -0.045479012904607 0.0289736500291398
v -0.0827343071093587 0.00600685602696663 0.0261539994028916
v -0.0855686182585141 0.00623931373048317 0.0215693023552464
v 0.215630511526167 -0.00268340408833455 0.0622274398593134
v 0.21489182717742 0.00556888122582557 0.0587219131899376
v -0.0870563662310886 0.134989794619034 0.0343009591586751
v 0.197318982883681 -0.0592846342714588 0.0619482892971153
v -0.043604015659744 0.102579377684605 0.0291629023195074
v -0.0272195201739185 0.110107745557135 0.0374287218679394
v 0.0377191475986926 0.0351604017225579 0.0230206780524282
v 0.0275814918222586 0.032772324784133 0.0254371883336635
v 0.0374793494482717 -0.154423297045667 -0.0145437269218933
v 0.0357590718336736 -0.190391232961198 -0.0125231000229206
v -0.0854524330701876 -0.0153033853703783 0.0136820624162245
v 0.186775226490578 -0.0539663961990863 0.0527964288404075
v 0.0167841488758018 -0.217894824369918 0.0151969901158656
v 0.0552072990744905 -0.237254932532566 0.0313840139521794
v 0.192413825258619 -0.0629994448623006 0.0616453725280941
v -0.0426102179243729 0.180581780431228 0.0383790871605611
v -0.050610148896868 0.182926742366492 0.0409181204789304
v -0.0656869505789724 0.174162103921289 0.0419222188690567
v 0.219144456495174 -0.0100097810575585 0.0600674399061856
v 0.0237189834839332 -0.199915331977582 0.00449966346066387
v 0.0789396660180174 -0.122779088261322 0.0262226274452422
v 0.0831476154057415 -0.102597353244358 0.0167563059929103
v -0.000925448565561678 0.0995269707744967 0.0300379498978672
v 0.066875051746753 0.188069486664196 0.0505093106119043
v 0.237186713846511 0.146456727103458 0.0432161699022312
v -0.074849944305826 0.115726645914683 0.0369488515355857
v -0.078385911095835 0.117683203075775 0.0299207672721486
v -0.0751458550775387 0.111588329598696 0.0306128939781309
v 0.218518345187349 -0.00176283390375325 0.057637186814126
v -0.0472069654766488 0.0271597575953093 0.0272057083578814
v -0.077102391582708 0.114214734920242 0.0277980693899122
v -0.0817338504761893 0.122761692499031 0.0316791550398617
v 0.109721755453183 -0.053795148979363 0.0463202998515203
v 0.214576975478305 0.0098822080983477 0.0569226428277007
v 0.0432664382905056 0.0337933767875763 0.0249601717089257
v 0.0981344779519615 0.0981348516383135 0.0335312950205091
v 0.022893827470062 -0.235540527507512 0.0190421738343338
v 0.0172518031929538 -0.224217217248704 0.0149650384992537
v 0.161936868174413 0.191967024436317 0.0590070966965792
v -0.0719148077242433 0.110613204855471 0.0332993744672621
v -0.0653666722944877 0.10579316812282 0.0312005228078466
v 0.208170569535556 0.0168039119273552 0.0539400643240674
v 0.145005788158543 0.0267771597872483 0.0406523669554627
v 0.132005580547921 0.0253585042820867 0.0402014260202848
v 0.0879913249582839 -0.0793122603277782 0.0434998271079375
v -0.0517496295883968 0.105321039548804 0.0310644826142065
v 0.16462095345054 0.0289260971530578 0.0404830222211445
v -0.0760304014221273 0.132988399645909 0.0181886461946815
v -0.0734097707956466 0.14705927768727 0.014983841450193
v -0.0660988121963978 0.143315874769204 0.00420215875062848
v -0.0742518890103348 0.0277983795929758 0.0255427175569558
v 0.223467246900942 0.103474991140585 0.0457089128234839
v -0.0615768545657735 0.0344409697405416 0.0205992971265852
v -0.0687238948346407 0.0343151449446547 0.0211212166909554
v -0.0828008621384723 0.0236530412210298 0.0200407062753053
v -0.0848479347867127 0.0202006027907882 0.0211753179685544
v 0.200759141142605 0.0916678057006275 0.0358985354075357
v 0.222578166512632 0.190567222112719 0.0580121392075301
v 0.00866134027476593 0.174074567693113 0.0325835033812943
v 0.177961112460997 0.0301351014094877 0.040510904168793
v -0.00388704199303391 -0.0883887335248186 0.027100279343607
v 0.0823009292811783 -0.0879667263891042 0.0392942498986859
v 0.213842235585883 0.0176809110960935 0.0532929171046338
v -0.091240650513675 -0.0367146734157117 0.0196438411879323
v 0.0885681861905843 0.0390654116481809 0.0224449269505003
v 0.0925769509503039 0.0534751173882941 0.00836070186288135
v 0.218663261201176 0.189164898880495 0.0565873346504473
v 0.210660409406232 0.189307874177877 0.0569731978558348
v 0.0545689943490968 0.10206126443407 0.0353119457050552
v 0.0204115207246797 -0.229969602605327 0.0132462726694406
v 0.221531709416165 0.00794640079113817 0.0507687532023017
v -0.0658347929669809 0.172624963513746 0.0352417836605727
v -0.0674999525687615 0.169790947113623 0.0340324461057691
v 0.221622718050441 0.0158399211201271 0.0482486530326327
v -0.0757877622003595 0.0288810086393748 0.0209961634556402
v 0.198372674018971 -0.054730323511489 0.0569911525170747
v 0.0258195432551431 -0.119515851498259 -0.00418505987162355
v 0.232056840226493 0.112824601053292 0.0436589507884976
v 0.232175466330225 0.119848867913654 0.0454616821491787
v 0.0806016990890699 -0.089821026461756 0.0228753925752828
v 0.229721167445701 0.187021080211165 0.0582055350445167
v -0.0857681364593877 0.0138488949524504 0.0218456259551099
v -0.0784776897613164 -0.0375556065885699 0.0200083900188182
v -0.0170791682747182 0.0726937147630737 0.00250608031731685
v -0.00275465075466154 0.0714898413732373 0.00214700029969641
v -0.00456816171378304 0.0900778415649705 0.0208565162714014
v 0.0249948530838895 0.0875396336422482 0.0197262435665136
v 0.0388955736289738 0.0881416420459284 0.0214737487587444
v 0.231433371557224 0.126273025121522 0.047238963579475
v 0.0253444408565201 -0.234186581210864 0.0147070111051654
v 0.0861407389187883 -0.0800272751658425 0.0341658357939992
v -0.00904751062531107 0.0510117655973025 0.0040929108702083
v -0.0140574251928739 0.0424876922985396 0.0129544169177416
v 0.0102192263340451 0.0370440167684286 0.0202432307653682
v 0.22869097125818 0.106627903884844 0.0452495803593304
v 0.212956984431228 0.02248563082588 0.0503214905861672
v 0.221555750534346 0.021734703505635 0.0464682330307926
v 0.222171652021071 0.0946433734953297 0.0398985707755706
v 0.227714737342159 0.098165704622905 0.0416040877718685
v 0.0620330076105075 -0.23206844466481 0.0275812635700639
v 0.194395264788142 -0.0582405273063823 0.0567249877296385
v -0.07755943077269 0.108147659370821 0.0240071389915657
v -0.0266902423162767 0.0939440598175591 0.0223923787569557
v 0.187566823615232 0.0993983901982552 0.0401518801094286
v 0.0503806205613525 0.0959640837535825 0.0296534877272117
v 0.179910826685004 0.095638300164288 0.0365352651091883
v -0.00185194852406248 0.175488804327733 0.0339238497065445
v 0.0335417945352215 -0.239591973181163 0.0209598192728406
v 0.234892559245043 0.181591677180922 0.0563393514124947
v 0.0913698869220514 0.188578349849958 0.0525450773106812
v 0.201054113244433 -0.0498792902080301 0.0587089629299571
v 0.094954323431571 0.0399036460393913 0.0220723154407898
v -0.0608236585807927 0.0871733664338669 0.015501105131377
v 0.221867141087677 -0.00452109394869118 0.0537618760514993
v 0.14409474425885 0.0932921072139059 0.0304247806024444
v 0.157306449641983 0.0877871496017209 0.0261644238356118
v -0.0785225214851876 0.0302726899163687 0.0124252267438325
v -0.0632201184339573 0.177652778260884 0.0378777749354049
v -0.0317604584787565 0.0827506437362565 0.0119674191660498
v -0.0675077659018377 0.159662547427826 0.0142882663548988
v -0.0692060915602956 0.153671305814523 0.0114528848197197
v 0.217294053990778 0.0288861796816079 0.0456485465484918
v -0.0408439585987193 0.0350575932954524 0.0204441345022776
v 0.148395128037021 0.0411433997361417 0.0282956197968119
v -0.0746347837339717 0.101786912546532 0.0238370040253194
v -0.0698190765450254 0.100738211649657 0.0260772664578415
v -0.0232007905577054 0.0397519205535434 0.0160051418620272
v 0.129022066955635 0.0857759625610499 0.0225056797914117
v -0.0741542544583668 0.044262588557698 0.0130761142574222
v -0.0706348436734932 0.0399348841194243 0.0166875363436578
v -0.0549772896915315 0.0468557164082938 0.0102386076013236
v 0.186586285484586 0.0942893636916904 0.0362183067671738
v -0.0775352615320987 0.120117090120347 0.0257221976712874
v 0.00295586931362816 -0.086987338716715 0.0197018242825642
v 0.00827291080065271 -0.0934342009757763 0.013845157283606
v 0.0742337120638601 -0.219684590802287 0.0333428865678103
v 0.227303983252862 0.18688381242588 0.0555106797017743
v 0.104565631981926 -0.122464742983263 -0.00755423660614983
v 0.0675957659357094 0.0579296204023929 0.00357997981816514
v 0.050236761295043 0.0519946648629944 0.00624937937866525
v -0.0896470279208886 -0.0323797758630592 0.0158512271000067
v 0.214684905004027 -0.0334162432100506 0.0419852582637335
v 0.218659066796645 -0.0289890649459257 0.0360319016069627
v 0.226513646976888 0.00527156127486144 0.040561629196936
v 0.232944320398045 0.182467281234834 0.0527464587317653
v 0.233957412603336 0.177972163448513 0.0476275521849223
v 0.192233865242492 0.079862808839513 0.0263027303814729
v 0.199464466175724 0.079492642279484 0.0271689370353836
v -0.0887807057126618 0.0141043771482199 0.0169865453869161
v 0.222135240898783 0.0895942156667087 0.0361809738392502
v 0.227610771888335 0.0811590265761473 0.030806673470546
v 0.226814662300231 0.0863552909458811 0.0346404313782778
v -0.0800296768851233 0.0269449056043431 0.0133283698378808
v -0.0917920987620949 -3.0966884129643e-05 0.00533810532153181
v -0.0890451589105311 0.0166676000412677 0.0112997689380046
v 0.117397194858589 -0.0456654351162631 0.0385588084927104
v 0.130053349131318 -0.0414820443208181 0.0366549423652627
v 0.177686602823864 0.0809951745300978 0.0243190969176461
v 0.0381085835745204 0.0453494116723275 0.0130525663235288
v 0.0292133617636553 0.0424645250629916 0.0151755915779151
v -0.0589789660402092 0.178890522666048 0.0368905387145856
v 0.224747102865438 0.0255621242315549 0.0414748374277721
v 0.226895950836123 0.0944835642011989 0.0398981155637209
v 0.23245187760043 0.105976993461124 0.0419934043857633
v 0.0120106993688632 0.0704154990683692 0.00159714588484371
v 0.0263155633981734 0.0783373343166357 0.010992865329276
v -0.0745046375779278 0.0966684744843499 0.0211416532458899
v -0.0386545358907179 0.0841060723839195 0.0125623814360762
v -0.0841245436022738 0.0225183943499498 0.0154090294223156
v 0.0150333547844158 0.0552099687275603 0.00252919125327654
v 0.107198026692558 0.0781457603987689 0.0152866815594136
v 0.115397622011885 0.08472712936754 0.0216769255963021
v 0.102870079880234 0.0924187140576034 0.0282326130738083
v 0.204919523781337 0.034114476982967 0.0410969670074782
v 0.01993849481583 -0.224674773588337 0.0108453719021211
v 0.0570582883374594 -0.231219229202841 0.0101329815670266
v 0.0380164575611536 -0.232787571451667 0.0111640674064616
v 0.217031502781114 0.0337765138165808 0.0427343074399176
v 0.19629690807518 -0.0537674507013996 0.0522610092803819
v -0.039596012040647 0.048269798831898 0.00819465368882579
v 0.230730953938731 0.090646001314509 0.0377942117440845
v 0.0166297813541957 0.0453374294279839 0.0118261450395485
v 0.230674281727265 0.08585302662326 0.0353784462403374
v 0.0436814949164109 0.181129098832022 0.0420223924474497
v 0.120695418751635 0.0546804453136677 0.0103645127522765
v 0.0997143173536297 0.0542055742929111 0.00786410178018395
v 0.122022896841084 0.180894524601822 0.0458062770229233
v 0.0909354824038566 0.187759742666359 0.0514266650668621
v -0.0578747937372542 0.175228347948798 0.0323344884912799
v 0.0708916131415646 -0.224163301125881 0.0287205354283914
v 0.0544635275830103 0.0848191882401932 0.019102657058107
v 0.20171844558059 -0.0499759050922723 0.0519485665027046
v -0.0816509128784019 0.0995917340427397 0.01572506283223
v -0.0112076289252936 -0.0451226032765849 0.0268681068221901
v 0.0929803845330931 0.187447787174369 0.0513028529163478
v -0.0835163362053691 -0.0319833576528667 0.0139780633334521
v 0.236434081771018 0.106057283585588 0.0385243741734279
v -0.0777530209161734 0.114721977888424 0.0231621461266121
v 0.183222253592348 0.0451534470015965 0.0292539942086686
v 0.217307256731397 0.0396586548203063 0.0393037406611369
v -0.0740383841228418 0.0498308740938849 0.00992572228063888
v 0.103898677832624 -0.0483022828672216 0.0167339195486083
v 0.11112665308749 -0.0423891600228893 0.0283773902910422
v 0.108555174552304 -0.0472554955294774 0.0338483788517371
v -0.0739795847363806 0.0399554364372173 0.014390239829053
v 0.221384959369042 0.0327602261946878 0.041375745148068
v -0.0825717097984714 0.0944097112121195 0.0134503869123712
v -0.0743486466780785 0.0913739225315862 0.0179672371836113
v 0.197341166892382 0.0502141367796647 0.0269064145061219
v 0.221518484298378 0.0679632358527734 0.0256975741975726
v 0.227658341880884 0.0748469620502007 0.028745825421343
v 0.0866316120506722 -0.0762770661668565 0.023914097553321
v 0.0923526953448701 -0.0684157067203383 0.0330619881710973
v 0.168719139709024 0.0500988498848184 0.0240492319025974
v -0.0858965990400432 -0.0114938796077956 0.00949789331003481
v 0.0657346074582723 -0.22960946989367 0.0256319129503468
v 0.204163472854868 -0.0472028789988752 0.0523497263962101
v -0.0802045822811925 0.0364605649046132 0.0078971448834381
v -0.0285683480855362 0.0554985400517055 0.000935058071294868
v 0.0229191928049198 -0.219487005656903 0.00609695738920652
v 0.155437917390647 0.0399527383582074 0.0302721809168864
v 0.218372073034559 0.0482525922606334 0.0337045039218544
v -0.0728392494749506 0.0545850147670731 0.00667043774033803
v -0.0492492982379428 0.0604165228231483 -0.00175406320942714
v 0.0237559717902059 -0.230149286837808 0.0103123991947927
v 0.0222907656950131 0.0546771272638519 0.00207355061829717
v 0.154562144221823 0.0676266197543382 0.0158512628071235
v 0.217013623188568 0.185816971277248 0.0535466097063605
v 0.222467636725851 0.0409746386462065 0.0377409807805516
v -0.0878125784034721 -0.023959437485382 0.012874567385526
v 0.199060704185963 0.0687300574489471 0.0194656165137513
v 0.114283138117182 0.077451862964868 0.0148396771418631
v 0.049157615844635 -0.227565835872522 0.00427091677919462
v 0.187470217015216 -0.0448117131681765 0.0436712500723851
v 0.200518845004245 -0.0372828824434253 0.0356469712810302
v 0.202037681695008 -0.0407194120502468 0.0392173853256615
v 0.235647641108128 0.113843469484569 0.0397202731745478
v 0.2383386126916 0.168981404551616 0.0435520216148553
v 0.237343023799339 0.173408839531344 0.045190516977575
v 0.235795611776831 0.098738141017394 0.0373508515927338
v 0.0702429729035747 0.0679256774348406 0.00418093399942037
v 0.0775088917116885 0.0761591090128981 0.0115663840426036
v 0.128051962473341 0.0718336005935967 0.00945410691851483
v 0.134779467469816 0.0706370880100315 0.0104545157099051
v -0.0806544930924237 0.105554108759898 0.0184711455969707
v -0.0629549244456324 0.174327715127553 0.0323476401395406
v -0.0795875856838426 0.110156873783144 0.020710679293602
v 0.238243171228781 0.164684653096161 0.0425191485880487
v -0.0804559525145251 0.0427382954742512 0.00697377495779082
v 0.0613753237816663 -0.234465901489432 0.0215320566554423
v 0.224729647496469 0.0144965280395675 0.0445186543265195
v 0.0781525373749227 -0.217068385871955 0.0297737306841931
v 0.220042574135412 0.0565215595657632 0.028405924331211
v 0.206418334611024 0.0617203180102702 0.0209623625087347
v -0.0739027133677028 0.0865937905303203 0.0149527207910341
v -0.0854111659288348 0.0907971859705996 0.00759264475944941
v -0.0826102668951633 0.0836886273452088 0.00816478451942856
v 0.141460333902676 0.0798356794024941 0.0187708269995561
v -0.0611360379711093 0.0711437467691769 -0.000476304756923624
v 0.22662967809046 0.18406531466025 0.0519383425706391
v 0.127168927077242 0.0496923509233597 0.016140764205029
v 0.100012685800452 0.0789884265308061 0.0154633147712365
v 0.227822160695545 0.0204930482546881 0.0384915942694523
v -0.0394694638521204 0.0701535217651985 -6.27878893365659e-05
v -0.0200811151191313 0.0584107894251429 -0.000903657878873792
v -0.0870030918948253 -0.0271247791086746 0.0124548402681777
v -0.00227533575194909 -0.0521883735681104 0.0243969144430132
v -0.00519382288833774 -0.0644898597950915 0.0284920226494459
v 0.235522196297204 0.136752316448529 0.0395717677417051
v 0.206058212649449 0.173383552175549 0.0403373207342869
v 0.196711749690215 0.17451592397853 0.0414020849608109
v 0.223231847798094 0.0447213622279212 0.0360974898422769
v 0.231022134896731 0.0840078048316429 0.0340833682822952
v -0.0771035560551001 0.0451915235208813 0.0102128139316973
v 0.176444576408313 0.0660045753399646 0.0179427097170748
v 0.183698977906899 0.0590392035925618 0.0186099905883324
v 0.16909080430492 0.0656176867376971 0.0178388716009645
v 0.231496529778769 0.0593910137299329 0.0300197364472235
v 0.224668976511604 0.0507003692905221 0.0334986145175484
v 0.226864926679336 0.0625914692952058 0.0279738688363272
v -0.0340802023529264 -0.0286229360973678 0.0145500806837271
v -0.0184263202476431 -0.0385908295222299 0.0230697585691832
v 0.154433495442675 0.0496671263355028 0.0231171466053408
v 0.147747514502598 0.0495141695638259 0.0213596165764482
v 0.092593828062444 0.18214716187922 0.0455655136799126
v 0.22463266617313 0.0333596622755556 0.0381498826044938
v 0.0649688172321428 -0.231851230951519 0.0198081394039381
v 0.22550762060483 -0.0219982861680305 0.0290963247046329
v 0.230646444100046 -0.012429053282184 0.0296197768522267
v 0.12744977033967 0.0543250208137872 0.0115287934003822
v -0.0737048832525402 0.0818288226438463 0.011163142965493
v 0.0401953486448911 0.0648520582736959 0.000978060992626599
v -0.0848702282759594 0.0213262438755777 0.0103801948501858
v 0.227377367942043 0.0657492189734899 0.0278345867832259
v -0.0761771895959536 0.0632520115188326 -0.00105690167760626
v -0.0821011740459493 0.0590248850787606 0.00222278107898527
v -0.0657455930767715 0.171105579012592 0.02987455410766
v 0.22534510326306 0.037596495007056 0.0363362473683804
v -0.0497924196650539 0.173228788322058 0.0299892811584387
v -0.0821051507660239 0.0494255195596313 0.00595150301316036
v 0.113914187694389 0.0650819053858345 0.0058643466181076
v 0.232096199120891 0.0786396881782867 0.0301168916018441
v -0.080495939723466 0.0301221018040491 0.00867119402766846
v 0.0924092152330795 0.0694876527061645 0.00627223865227462
v 0.219446671535703 0.18009529352282 0.0476389722041093
v 0.0273541434628595 -0.229348513033519 0.00825675521566553
v 0.0313504373892794 -0.228291437047426 0.00652468221713565
v 0.14750461820493 0.0629092404918842 0.0151187442688188
v 0.0856224694947813 0.0710865667951911 0.00678917732439536
v -0.00170085799147246 -0.0772220081917699 0.0242959981715318
v 0.120890366624456 0.0726806846722943 0.0101160441428148
v -0.0741464458606829 0.0725136734953395 0.00308723170919769
v -0.0792447716621231 0.112287077682832 0.0159602788261773
v -0.0686489673226128 0.126009925694932 0.00522207980684461
v -0.0751605820552348 0.0679885268391876 -0.000148271804977869
v 0.0753677426371676 -0.221435968513506 0.0261349624840343
v 0.208053221599491 -0.0423674883392791 0.0472960410599767
v 0.212384530656914 -0.0356973335903302 0.0480580429951539
v 0.0786995922123204 0.0718811980847331 0.00713532607029803
v 0.0847536667665977 0.0694104355853436 0.00583479502822808
v -0.0866041473292199 0.0533515865231772 0.00219538630042537
v -0.032562619403094 0.0666295425461965 -0.00216193200336611
v 0.0158456066129334 0.167912368377441 0.0261941928368459
v 0.224553111799996 0.181115651021068 0.0489989478392277
v 0.0807089686003125 0.182510040781564 0.0455841018272995
v 0.121240073377209 0.0671095842247224 0.00802201846578128
v 0.234981059824144 0.0932731642480397 0.0358077009002101
v 0.236509587659388 0.0750794863176304 0.0282620015557454
v 0.234970576179905 0.0914982770158701 0.0351985537773747
v 0.234474114520264 0.164428849916855 0.0379616903477211
v 0.231459277498576 0.155831021506737 0.0303711612598155
v 0.23721126158075 0.0652822268716243 0.0276763402718906
v -0.0223267773864724 -0.0295740775191263 0.0160406052903493
v 0.0693965726379424 -0.22700115160574 0.0236122002942006
v 0.0229971486091084 -0.225163315269063 0.00718349709521672
v 0.232231083230907 0.0623346909131747 0.0288983413898573
v -0.0826311016938891 0.0305417342924244 0.00416241912842636
v 0.234941198509951 0.0554310436259464 0.0292796649773558
v 0.23522632081016 0.0870727703024103 0.0337692792227308
v -0.0787390598605499 0.077518909674376 0.00679972594873043
v 0.199353569092863 -0.0486720703765817 0.0475345528995789
v -0.0848905751684038 0.0479528795264636 0.0031138471168031
v -0.0836731447906898 0.0437185126597768 0.00355474414554762
v 0.193760251502085 -0.0479081012505022 0.0467213257360071
v -0.0187083499696333 0.168991921654473 0.0262642658467647
v 0.236074963716162 0.081335915550087 0.0309659169459464
v 0.000782899788934712 -0.0645535156493627 0.020973514432021
v -0.079123677250486 0.0726454437726947 0.00315248636421354
v 0.104388778889762 -0.0522042611950468 0.0351689512779047
v -0.0656775904933706 0.137926656241008 0.00303889248444965
v -0.0844519607758065 0.0683675997487647 -0.000752611283839515
v -0.0860512997741132 0.0637082871853802 -0.000488562643249421
v -0.0797502178514145 0.111449049618982 -0.00251762744616807
v -0.0848692433096891 0.0965221724994393 0.00961921688346588
v -0.0837746929103165 -0.0215926201672436 0.00837980920364761
v -0.0886753461623633 -0.00680800213803984 0.00474064875029085
v 0.227101620906056 0.0267004998233752 0.0366103227967046
v 0.226985404692582 0.0305863347170131 0.0353043979872755
v 0.228718563630378 0.0393977027769834 0.0326955582974344
v 0.0730026693957834 -0.224404972730859 0.0212352702854972
v -0.0576956557296524 0.170967039507354 0.0269415823534154
v -0.0830311840050132 -0.0279359605257128 0.0106076105660114
v 0.0826860587739264 -0.213277748375801 0.0262797532444771
v 0.23682721641092 0.0618955213795514 0.0282004835558401
v -0.0730472386939304 -0.0316079658155119 0.0148455558028191
v 0.234535031825167 0.0453386552576357 0.0279233389907774
v 0.0687810438412829 -0.229450383535415 0.0177088633634968
v -0.0323972411620568 0.160065511994484 0.0160536695774657
v -0.0503767194338982 0.160996789591739 0.016067963430474
v -0.0483068754235015 0.169175865333408 0.0255023666952913
v 0.0900626655222634 -0.068999134144039 0.0238801885740625
v -0.0865366849601725 0.0746167051200545 0.00104999273016926
v 0.239629421211336 0.081924015181574 0.0286091094270266
v 0.242055844013007 0.068538168014067 0.0257900893243887
v 0.237923835950392 0.102788750059277 0.0239500337821636
v -0.0829873554897576 0.0381272764310031 0.00399102415281451
v 0.00571670837924034 -0.0813718359162612 0.0161140155987411
v 0.0254778865869041 -0.213696971706907 0.00177858129664902
v -0.082981535062268 -0.0160711550919916 0.0044624281959152
v 0.237775314934306 0.0945822817850686 0.0321375001512794
v -0.0823401974972498 0.0207201476796315 -0.0138236392530912
v 0.0940922785753958 -0.195202037232972 0.0153850929885649
v -0.0865333227089415 0.0602290376035086 0.000596307888150792
v 0.0262249745112327 -0.225084928919639 0.00423969885070016
v 0.231187689974733 0.0387723594840721 0.0291345430265028
v 0.238955286341905 0.0881507169253592 0.0305778421463019
v -0.0652143163387013 0.168993055938379 0.0245850354602742
v 0.12716182761595 0.171293209837852 0.0362994850892416
v 0.0352178356473946 0.160861489737393 0.0199193455984508
v 0.20368175212895 -0.044328490193069 0.0437232237372421
v 0.209608735901917 -0.0394293381437063 0.0415159225267941
v -0.0686754657362217 -0.0256256402436782 0.00974085970071223
v -0.0583957051234734 -0.0250904735619071 0.0101237671686711
v 0.0653577052240061 0.178357678610132 0.0403055428938132
v -0.0876480233550326 0.0126178312829032 -0.00814808236414217
v 0.129707249886201 -0.0341494768332596 0.0285686483730013
v 0.0983490139357718 0.172600701688222 0.0361883580311821
v 0.0572840237098984 -0.217120433396468 -0.00921110474549713
v 0.0555969404150799 -0.222221662571266 -0.00231595948401361
v 0.0401672605913059 -0.21758416647028 -0.006891334351556
v 0.025621263313665 -0.219919745354937 0.00185222805541865
v 0.0426690782388648 0.163030760916682 0.0225717375826078
v -0.0216183285873938 0.165469336776216 0.0223973728074901
v -0.085771342777632 0.0853353541457538 0.00550480051323745
v 0.232831374729443 0.174323975819465 0.0426362711643366
v -0.0878325164787934 0.0696232881541052 -0.00151470596266691
v 0.240995297614489 0.0616675143237985 0.0258303523973457
v 0.0701780394698421 -0.228005718030541 0.00944840372490567
v 0.143405926423609 -0.0381456523361889 0.0341904516529448
v 0.190090378797524 -0.0301917352161016 0.0293772487619871
v 0.224121477333629 0.177022760426717 0.0443383397578446
v 0.23947191537224 0.0545212147632784 0.0266318803561224
v 0.076828197763823 -0.221824149886176 0.0185092080020457
v 0.0130567939457974 -0.0534079888327944 0.00616391661301171
v 0.00999845264964837 -0.0599633588075711 0.00975778576280866
v 0.000602225766357935 -0.0523083822363281 0.0207508804876508
v -0.0813115680843334 -0.0227756396146957 0.0068092765679393
v 0.244161829343983 0.0838502992540355 0.019646374312568
v -0.0900098208037703 0.0643643431538858 -0.00253167080331967
v -0.0167473672734403 0.163973505363351 0.0210457980264148
v -0.0684979633697789 0.164771648964098 0.0208471878493873
v 0.228536438004889 0.0264623524709197 0.0312895785642287
v -0.0899780480483819 0.0550438307124647 -0.00225923411688543
v -0.0852938217850779 0.0918454509104128 0.00319450368365633
v -0.0273529331243157 0.158505343994981 0.0143873692627323
v 0.00346559299304594 0.158764745097273 0.0156822742384837
v 0.0300539681615227 -0.224169141518379 0.00229012926123093
v -0.0871228075213638 0.0451817666781021 -0.00838774179759875
v -0.080690629215626 0.0340268115566874 -0.0184575477676311
v -0.0612007963908795 0.168076809996021 0.0226912502250164
v 0.0526270426339792 0.159617672327209 0.0196692010460327
v 0.07195379364984 -0.226577285887834 0.0154136987702296
v 0.117629503682992 -0.15726762219225 -0.0188578909325937
v 0.123691225781264 -0.149952273303975 -0.0275291838969994
v 0.0378740384418445 -0.222331108157946 -0.00114793458741161
v 0.0919010260108109 -0.0647246364238246 0.0187301990795561
v 0.0988572697595053 -0.0538243443688277 0.0130074790089718
v 0.172320692753314 0.169474684341047 0.0363903141569846
v 0.149436194198454 0.170407379390327 0.0360239649972667
v 0.00393663053279642 -0.0645626292991976 0.0173732373366604
v 0.00440832023801987 -0.0705933868141659 0.017212091437653
v 0.234584000230718 0.170461209061584 0.0403881632393219
v 0.108967385371648 -0.0425662182957484 0.0198287300749447
v 0.00263458969404882 -0.0340219201583516 0.0149668742199425
v -0.0878903291277417 0.0734550537596273 -0.0116297557318594
v -0.00431147451777432 -0.0386625168718325 0.0208809259500426
v -0.0807408176979102 -0.0183798552701613 0.00299199037910007
v -0.0653056039193171 0.163187944837743 0.0175980291194452
v 0.227697984261161 0.174532197942123 0.0406666959068095
v 0.164529847010328 -0.0266149684327631 0.0247746578585395
v 0.0725052704203292 0.171444665066644 0.0331811875583108
v 0.0917349073110365 0.166988563254267 0.0296251247410534
v 0.230190518062912 0.00480580836195187 0.0280569469165101
v 0.233827165039152 0.0246362801103477 0.0162195312350744
v 0.0882928630391628 -0.0770307142563152 0.00759930739921177
v 0.0056324407163945 -0.0280927938880703 0.0112041267049246
v 0.0151591464481918 -0.0279260997229404 0.00167645141407359
v 0.0184845036729993 -0.0342689374921112 -0.00119466484797511
v -0.0915194585896853 0.0566115142745036 -0.00875875629026839
v -0.0652339410257583 0.13071500677913 0.00110860207103828
v 0.0912859240570905 -0.0650879513717922 0.00856924474687438
v 0.080862795643261 -0.218932771836421 0.0159889699540972
v 0.0290038240861328 -0.2199571685674 -0.00131603666202959
v 0.215643754509271 0.172640633293968 0.0391100615908848
v -0.0578991575775577 0.165637700696559 0.0206876858301136
v -0.0758723890653137 -0.0202712116431013 0.00414281978154839
v -0.0719140044567904 -0.0191532392532919 0.00351862222776512
v 0.247069001011944 0.0683666232851074 0.0188267808863932
v -0.0072072095450801 -0.0281194378759921 0.0159963492199098
v -0.0873281878180187 -0.00674163747151002 -0.00110299707786263
v 0.0870393578614794 -0.212527047506345 0.0159415517381607
v -0.0633570395528611 -0.0169490198931753 0.00233162041699597
v 0.0640717023143814 -0.228006703977348 0.00601636539692119
v 0.0791774458450207 -0.221340695805868 -0.00257825779548665
v 0.0773175907368066 -0.22395485045736 0.0049438961909265
v -0.0842102624649316 -0.0131257530927899 0.000496302179876085
v 0.0753444129229787 -0.224100366378792 0.0130303472733205
v 0.213784771711994 -0.0339199053993204 0.0363673476629472
v 0.242318343256604 0.0453769465326157 0.0165780194262529
v -0.071614297531795 0.100052216418461 -0.0191846015094944
v -0.0723554377266147 0.111220116120492 -0.0179227357209571
v 0.0285063907651405 -0.214257372123882 -0.00259952838063089
v 0.145776378252815 -0.0242594097032615 0.0209350394154
v 0.119895827108897 -0.033490654916975 0.0252900013795068
v -0.0197422327106081 -0.0238620996718442 0.0113807124874786
v 0.0328475762084733 -0.219329432644953 -0.00340485092265101
v 0.0281337012242156 -0.207877584384352 -0.00204244194282656
v -0.0851067140617218 -0.00419970251159655 -0.0056397149253517
v 0.236315555519279 0.120977281470485 0.0303528921169175
v 0.230122577029933 0.170942874306583 0.0378714361477513
v 0.207460479122523 -0.0382889685282574 0.037010524632679
v -0.0553479289909447 0.162067618966315 0.0170447744645546
v 0.185219732669607 0.16516303232251 0.031991668603017
v -0.0836904065888973 0.000750420191620506 -0.0108499546280667
v 0.23118746449514 0.150425709768682 0.0281414195999756
v 0.229435638841554 0.136271912106901 0.0196893726238106
v 0.197325958905274 0.160764153857941 0.0277843832075326
v 0.0782537588974723 0.150617479052951 0.012503804814577
v 0.0627817719874962 0.156175405349648 0.0165587948999341
v 0.241138515479272 0.05774532803903 0.00579779575634624
v 0.121233067022548 -0.0279368917379204 0.0208563513487081
v -0.0852947304138199 0.00517113100580983 -0.0124622302168734
v 0.240474233810847 0.0657153611936182 0.00684984804224479
v 0.229143960046303 0.149745081586586 0.0241613835057045
v 0.0114324982737028 -0.0721697309950871 0.00899411536901501
v 0.226745595968122 0.167554604452851 0.0333119086765848
v 0.224185562195368 0.171837697809609 0.0373023696271493
v -0.0727444016295479 0.0924902719653161 -0.0207513894447476
v -0.0783865982109429 -0.0162717870447563 0.000646137889381201
v 0.15083544763624 0.156466670611539 0.0218551253098713
v 0.141534863173925 0.15146947736858 0.0166374317023593
v 0.00892601920267754 -0.0789333608527688 0.0121722718648482
v 0.209070924668433 -0.0365044395046728 0.0355636522231855
v 0.219789753504852 0.168924780045969 0.0347862484816482
v 0.217494203320213 0.163798243632815 0.0293100295078868
v 0.231444545760486 0.108915560565355 0.0111006947739248
v 0.230011741153287 0.115736453489816 0.01210276733133
v 0.208154915172493 -0.0338965680773003 0.032281218071868
v 0.110511784858557 0.161942420207238 0.0256355469383383
v -0.0624762514606068 0.159737429386384 0.0143093214106555
v 0.178490223992677 0.157529653607628 0.0240406935661709
v 0.168467408371893 0.15289119787856 0.0193885539144458
v 0.11137450917996 0.14675337447929 0.011006972901633
v 0.115214306242583 -0.0318742682462165 0.0186865844538912
v 0.0688691702004128 0.144239414357487 0.00583738606617501
v 0.0534040957536257 0.149971783778587 0.00990330039963967
v 0.241416146416939 0.0820526335231378 0.01146603564955
v 0.216646839447241 -0.03089106931072 0.0331377242079748
v -0.070378232257394 -0.0141263567642811 -0.000736838342143084
v -0.0813956303796692 -0.0120816739908666 -0.00249703623647026
v 0.236591213364536 0.00967272390482986 0.012199613090635
v 0.0319647201065668 -0.214369918633592 -0.00582854440198679
v 0.227493813090364 -0.0190491001821022 0.0252012913827668
v 0.224587691588592 0.163258773764698 0.0274688661508402
v 0.219200575211961 0.161982365159939 0.027099721285481
v 0.0822612603747569 -0.218790556815997 0.00844945571581245
v 0.220245440115303 -0.0256818225638483 0.0279415449693546
v -0.0646363602630051 0.156167539477999 0.0100838677714037
v -0.0848382017230196 0.0107942178401519 -0.0134929113645241
v 0.0938028324246525 -0.0643217401256304 -0.00185087937003416
v 0.0971295390093468 -0.0526038457021408 -0.0012866209817294
v -0.021932178777988 -0.0197223205496631 0.00751636808627594
v 0.230223341578075 -0.00993471261663104 0.0241361864916028
v 0.225434997067705 -0.017338539842543 0.0207410843777839
v -0.0589200800921308 0.157177155143816 0.0116917190349888
v 0.162118975787596 -0.00966504651884291 0.00900622567120182
v 0.0521621292343333 -0.167279482264276 -0.0366217428314512
v 0.047193756035148 -0.187744446527138 -0.0312418498622392
v -0.0840464820773178 -0.00742394322439064 -0.00484747385486906
v 0.0341918312558255 -0.209295195446421 -0.0105701944475269
v -0.066128854412544 0.149119604571238 0.0061898037168133
v 0.0364842463384881 -0.218553669634841 -0.00525232376621691
v 0.231673451649136 0.164338530913649 0.0332828673424562
v 0.210559853433612 -0.0291915862409584 0.0275833455198517
v 0.10632299849417 -0.0429006933372573 0.0114823697043209
v 0.10052522441486 -0.0488152164998399 0.00340778667804149
v -0.0653301786079622 0.154056658595358 0.00855180030415037
v 0.217373606687681 -0.0248150421027736 0.024732672857138
v -0.0778743893133174 0.0395428431608801 -0.0232718386868697
v 0.213194103810174 -0.00735874992762187 0.00925399732332225
v 0.207939941119122 -0.0164259217002048 0.0167900070638452
v 0.184670620866529 -0.000310745905930906 0.00223029515342074
v -0.0801070836951376 0.0159216780663622 -0.0180576589529669
v 0.125356913127468 -0.0238886277610022 0.0187718640714917
v -0.0403391137841777 -0.00661990857995624 -0.00519452019929255
v 0.237496832745078 0.0224487648925894 0.00732421174954514
v 0.238622264043589 0.0292991211816983 0.00715086143612523
v 0.229193197132758 0.159666371039885 0.0274816523312562
v -0.0790910256532883 -0.00889118917444313 -0.00582665974514317
v 0.233624831068769 0.10087206383252 0.00991904511824374
v 0.235557860131417 0.0869538761745399 0.00565315551926738
v 0.197256961295 -0.0221875590487053 0.0222128565783098
v -0.0496338751630099 -0.000417361414325953 -0.0109846086203892
v 0.0872174644893505 0.157324525859633 0.0192106693056833
v 0.093646365148666 0.146562390350508 0.00914863146591303
v -0.0395363401904024 0.150437601812787 0.00509337124374771
v -0.0523440849929532 0.149430494134059 0.00336295000596939
v -0.0788193140020216 0.0455772538146989 -0.0232805466993163
v 0.137764611100992 -0.0198348588924257 0.0163929935733914
v 0.122572402799813 -0.0165786525115541 0.0124863182032386
v 0.0203887562268727 0.156768855341456 0.0144134732580564
v 0.212315803832638 -0.0190498602952196 0.0189374350421248
v 0.228109824899898 0.129754712034268 0.0145568202747167
v 0.0353386479914032 -0.214279020034722 -0.00866738145441478
v -0.0610574274654775 0.153719681512156 0.00745653723548941
v -0.0814997815852065 -0.00421416036062174 -0.00823915940282837
v -0.00295203701012337 -0.0122438408736267 0.00385355105957426
v 0.00742738883460437 -0.0150506579213092 0.00474598118885932
v 0.000123410816149109 -0.0216499956207903 0.0105842732361371
v 0.105720763613997 -0.036161340026415 0.00767153892467735
v 0.106576299126448 -0.029716215441195 0.00863214939077291
v 0.018788589595965 -0.0462645164974889 -0.00143926742237378
v 0.00312996301660443 0.148852650370202 0.00508061740384426
v -0.0168570438787377 0.13731054018331 -0.00754722579951056
v 0.108186911867535 -0.0233989428000075 0.00925024133216843
v 0.0875291201189237 -0.213927934190026 0.0087871626215814
v -0.00620675937014873 -0.00390398654266466 -0.00344671991442769
v -0.00411954032089303 0.137679993267951 -0.0067712481643481
v -0.0753857746771727 0.0513511674315949 -0.0267081965715373
v 0.222663159905306 -0.0208477438184676 0.0222198591827707
v 0.0985262511121474 0.154217963923287 0.0170632571491734
v 0.226790661282336 0.154126661376999 0.0220975509696116
v 0.221707955219625 0.157993313023929 0.0225101635037545
v 0.240290321084311 0.0502267933423624 0.00486482521421016
v 0.0236613599086745 -0.0791268815629216 -0.00597559971708507
v 0.0415368890747864 0.140133571477342 -0.000977132786751468
v 0.0174151146647353 -0.0646909089903267 0.00093592086457906
v 0.0988786542689668 -0.0767854322849078 -0.00668835432364654
v -0.0621836062138789 0.149649375945051 0.00393263842238691
v 0.0844322301344528 -0.218124073456802 0.000881924139717936
v -0.0684055953628107 -0.00934375994882323 -0.00501911028111629
v 0.0336841869978012 -0.20328209316149 -0.0108166417813233
v 0.0901998731831417 -0.212224176272317 0.00391797962743481
v 0.0203026045737534 0.146487204510622 0.00363809890050049
v 0.14763103693702 -0.0136786775551222 0.0118753518127208
v 0.238446729640142 0.0363261673372114 0.00370391920219539
v 0.239347042569829 0.0432637184696913 0.00407987363730419
v -0.0810352511160741 0.00985351799159527 -0.0172261206718912
v 0.22750802895247 0.142863430556855 0.018061051624156
v -0.0811235758420296 0.0697865420407796 -0.0214449708609614
v -0.07595720554816 0.0589856668754778 -0.0263318788224908
v -0.0629600985000484 0.143989027351597 0.000895607272426965
v 0.0880935036615302 -0.214973936065907 -0.000890785139031683
v 0.0386502688192344 -0.213781693459494 -0.0111385166762977
v 0.0639225769270802 -0.212351409138376 -0.0153290579397609
v 0.0712062689848268 -0.208720289004717 -0.0199070311345627
v 0.0810054968753108 -0.216906688943204 -0.0100599637095341
v 0.0930873359219965 -0.20806419316008 0.00733231028335516
v 0.0878370450068431 0.138396611200704 -7.06783514142381e-05
v 0.0762796631403939 0.146458487996927 0.00867338824100174
v -0.0721099694925249 -0.00327368201292528 -0.0103791434002885
v -0.0779107572522982 -0.00211377757489303 -0.0106327535640795
v 0.208800045863047 0.156640196271776 0.0232401803568544
v -0.0590828977130018 0.145104435581379 -0.000884453045342992
v 0.228463530470448 -0.00575884548434408 0.019382431096884
v -0.0609302540068619 0.135948229202342 -0.00624770997549662
v -0.0660721002200768 0.129125970749327 -0.00621011584106276
v -0.0790529515306814 0.000382781101270113 -0.0125820274262859
v -0.0702453952284736 0.125378404494738 -0.00938532271645007
v -0.0625021544604137 0.139362815865558 -0.00049665918060208
v -0.0769362791458405 0.0819245595315334 -0.0243090112418912
v -0.0696953826479927 0.109604186342775 -0.0220688120920131
v -0.0694069291423455 0.103984489951192 -0.0227081125189309
v 0.0118792100121028 -0.0221231114648699 0.00439085451013187
v 0.0253827365635012 -0.0449887808270134 -0.0100602896312004
v 0.175982419801876 0.135769118294167 0.00433666995411608
v 0.168397698195627 0.136309099945811 0.00471890825490784
v -0.0641149287683423 0.132276634584154 -0.00978272168741524
v -0.080689218045937 0.00488471249585165 -0.0150931105509369
v -0.0490429898289566 0.14429676312649 -0.00166912707632778
v -0.0362848165231383 0.136236477215536 -0.0087773817038336
v 0.22426951216768 0.148545175043566 0.0171477847144113
v 0.0422975804763425 -0.19206665700452 -0.0221700557353966
v 0.0164053375216544 -0.0566743082199108 0.00193798024300954
v 0.128755264618587 -0.00773778135355423 0.00560553027971395
v 0.134233300586698 -0.0034927487373985 0.002924431692813
v 0.140865774692438 -0.00826154717752673 0.00719157866280133
v -0.025011112012864 0.135169865957335 -0.0100284535417194
v 0.00751185009644558 0.136401254272854 -0.00753964266239139
v 0.0369639919960759 -0.203926555528995 -0.014773112598069
v -0.0699596573169218 0.00354810482421767 -0.0158910484639911
v 0.221395762640114 -0.0167487732091101 0.0181986573229095
v -0.0349592292663429 0.00789378321395042 -0.016230898073022
v -0.0274060960301682 0.00490979858950457 -0.0131991091051525
v -0.0597183719880345 0.140426065526088 -0.00350617448368404
v 0.0405346247350973 -0.209118158488674 -0.0169470280251937
v -0.0766033553066357 0.0198288519679607 -0.0220726381568194
v 0.224048547534021 -0.0116464557246596 0.0168585668312985
v 0.013823117276977 0.136291540522127 -0.00712681040131468
v 0.226511916691094 -0.00628387556237934 0.0156673804024944
v 0.201141174722914 0.14731389646468 0.0155456413011419
v 0.230592361789482 -0.000256720649278504 0.0183898574369262
v 0.233651716306698 0.00287203107623932 0.00796463828232243
v 0.218806779470665 0.152054488470758 0.0176959233538082
v 0.0816620541616823 -0.20993304689837 -0.0187206417107875
v -0.0706362990547124 0.123025298662381 -0.0161125387831153
v -0.0721751448787602 0.117050894509407 -0.0173689067134663
v 0.167408665897105 -0.00108934742116509 0.00231315273178085
v 0.237897063556358 0.0747471887124536 0.00471552381627086
v 0.0398041836325052 -0.198293885242876 -0.018596663266912
v 0.230940451402682 0.095989261166776 0.0036957998335119
v -0.0599997692034219 0.13906231921767 -0.00444841304328963
v 0.0987821668936265 -0.204737675863238 -0.00152568640861759
v 0.226131663341083 0.136705694490953 0.0121434124482538
v -0.0770414307288196 0.00933563723093586 -0.0196052762282514
v -0.0466143276048617 0.138248540041605 -0.007433477478884
v 0.221146335852617 -0.0109088294634383 0.0137360971061463
v 0.0459781060119497 -0.212242697348009 -0.0147158363587207
v 0.0536910009317374 0.139512230559287 -0.000574204127820188
v 0.225398972466299 0.142980239092942 0.0143900754542555
v 0.229384288641429 -0.00211331000885117 0.00942849785465137
v -0.0552315515535529 0.141879199970859 -0.00398169025688895
v 0.0107785097050312 -0.0106669524764322 0.00179356253963735
v 0.186175880556079 0.139786201341506 0.00854979153499616
v 0.0832449876274715 -0.219055510769621 -0.00437294567091125
v 0.227149115927744 0.123321864075106 0.0096900968293458
v 0.12812145467835 -0.0125443415085023 0.00974240580463936
v 0.113665503550054 -0.0131475875452121 0.0037077848759789
v -0.064449525991323 0.128424589088291 -0.0164246318002572
v -0.0770480826517238 0.0143788197597913 -0.0213520850405947
v 0.105394081866864 -0.0169645281300325 -0.00353292433094598
v 0.159253657727981 0.132166765327122 -7.19518519908857e-05
v 0.00955072565015528 -0.00396171702898093 -0.00129592811089771
v 0.0990457528652972 0.138270737230542 0.00219087875731387
v -0.0765651517810186 0.0252809123528562 -0.0226480601343695
v -0.0575224123389808 0.137016031214189 -0.00850772322717305
v -0.0770805506833932 0.0311822103539631 -0.023120019247333
v 0.098655841959663 -0.0280678605963292 -0.00346147454071224
v 0.0177972756680107 -0.0160930979237514 -0.00307757096515816
v 0.0442867045749398 -0.208501451462808 -0.0188677017307686
v 0.0520816701592839 -0.206169030910924 -0.0215758655382967
v 0.220520088572754 0.147494219998416 0.0146827061656861
v 0.017932443033686 -0.0218833009518593 -0.0022792101611596
v -0.0671195166515336 0.123733547702032 -0.0195374773857613
v 0.0917997309207464 -0.211798713878898 -0.00321506378737631
v 0.0694409767199265 0.134734330725768 -0.00354839987111005
v 0.0289202825316247 0.1316082279587 -0.0113321871436837
v 0.206947175244803 0.139519272358676 0.00898324980973096
v 0.0495195461165063 -0.147402144381492 -0.0320676310197493
v 0.0547505141063795 -0.117749112837503 -0.040161759197128
v 0.222948096361622 -0.000143250402131885 0.00326241380820427
v 0.222015264307693 -0.00583274424918869 0.00827905516602456
v 0.0279375278434352 -0.062637763336794 -0.0127892481233012
v -0.0695747449058783 0.0981701767421671 -0.023637077503134
v -0.0559142589289756 0.132987406929527 -0.0130980975296076
v 0.105534411223107 -0.195712502647915 -0.00284949644604872
v 0.200728875338938 0.138999419733961 0.00852447588608666
v 0.0984047710109823 -0.0482438093912668 -0.00116026735043017
v 0.0961617447349 -0.0412891447255509 -0.00468615671619537
v 0.225103831075199 -0.00682870908863284 0.0115132194457491
v 0.236335019840767 0.00881609969076708 0.00740057765385383
v 0.142392783375787 -0.00292491379786628 0.00247607045020907
v 0.0081512007050032 0.000472772974588887 -0.00499558003260506
v -0.0288278441392017 0.0167632454475015 -0.0245827284775425
v 0.228385403207257 0.116274096819266 0.00868876130668675
v -0.0680523361796528 0.0125439202389918 -0.0239603047901381
v 0.237406983234596 0.015525449339633 0.00733893802435412
v 0.2220930113691 0.142505383589728 0.0117528479734699
v 0.0868019903967944 -0.216602544446413 -0.00628473121181114
v 0.0436046168518725 -0.204012633530765 -0.0214453850117949
v 0.0969234312398967 -0.0346818640259572 -0.00398208922684809
v 0.115837549317512 0.133994484111367 -0.000623302433525931
v 0.107156899277857 0.12991288468492 -0.00494351415013367
v 0.224431119118565 0.130201786187397 0.00748137679179166
v 0.147472617897297 8.65598217522715e-05 0.000106841919914317
v 0.155532465994687 0.000867160938968576 4.07231627480224e-05
v -0.00280369520479629 0.00198643806085066 -0.00764054612188687
v 0.0241513539573799 -0.0274738941659558 -0.00884171158323463
v -0.0315861519586034 0.0203224375030381 -0.0286057014413162
v -0.0438015028725916 0.0116350117308346 -0.0212742786487887
v -0.0734970762771445 0.0194457157095677 -0.025284093323672
v 0.128231556999854 -0.0991430930628763 -0.0415596023616691
v 0.216837987113015 0.133940875220205 0.00407059798810341
v -0.00650193851356142 0.00990607818875163 -0.0153540439387497
v -0.0738526406804111 0.0250427418109118 -0.0264000108977728
v 0.229139050668555 0.102762680270583 0.00414439793232146
v 0.227510912777698 0.109554831540066 0.00484259063668635
v 0.207331347879848 0.00332951034206865 -0.0010581408404672
v -0.0725280739284989 0.0873799703214444 -0.0266501501494766
v 0.00672044987129087 0.00457043253465864 -0.00868714989215044
v -0.0742041627974476 0.0308309669350099 -0.0267403396288443
v 0.230979391523754 0.00328624390044815 0.00387728166489744
v -0.0743750395296038 0.0366563685897033 -0.0268900213140691
v 0.0178103854879901 -0.00447353699601285 -0.00391692527488282
v -0.0688335994032548 0.11797949343312 -0.0209798062619952
v -0.0404079783628222 0.0300793949378025 -0.0416888250001848
v -0.0615318912617826 0.0239307742387463 -0.0331152124994268
v -0.0727349413849994 0.0634850882648724 -0.0294526075930908
v 0.23373288610964 0.00937025866866329 0.00321070561588302
v 0.219784767117326 0.00719731739734458 -0.00425047414468379
v 0.0954968555555315 -0.208525797350548 -0.00572095808758213
v 0.139475071767745 0.00359524776220807 -0.00342239412044414
v 0.12349302358109 0.00116280075087243 -0.00303982078401292
v 0.234628462792986 0.0299462958558065 0.000630472815881154
v 0.00225807670615504 0.125430154112685 -0.021512671326605
v -0.00649673747725998 0.128985554307868 -0.0176192442308811
v -0.0697306965471099 0.112095117218958 -0.0218532160694845
v 0.236084838228834 0.0225058714653631 0.00342372159377434
v 0.232077503081506 0.0165689336669533 4.90553381696879e-05
v 0.0541639206494261 0.131109726324323 -0.00919545469577164
v 0.0471852485753071 0.123644017117809 -0.0181202000826039
v 0.00798787818801939 0.0143562053683933 -0.0168516460770794
v 0.00987117004918955 0.0104016952024721 -0.0126621763125464
v -0.064371756425999 0.0182233966231743 -0.0286259555879191
v 0.0307256576835341 -0.026260388144649 -0.0169851616035265
v 0.188530254730434 0.131430132969864 0.000547033327046275
v 0.169318061589139 0.124431701657886 -0.00735523875154191
v 0.0904382231772584 -0.21367449993772 -0.00863907677209134
v -0.0711987231318831 0.0426597270072083 -0.0298172590026642
v -0.0717765064841636 0.0486352945089942 -0.029896831013815
v 0.0823834842635036 0.130937013838704 -0.00851746955334554
v 0.0691835249439204 0.12686925568569 -0.0119867888986548
v 0.225475875757713 0.123284038874038 0.0060300125742565
v 0.0520219371815981 -0.183056254447302 -0.0402759278861696
v 0.122090138171015 -0.00436333976637959 0.00114881747878701
v 0.0471209623690416 -0.203704130031686 -0.0241922849373894
v 0.174012441601192 0.00672833156287484 -0.00504645688494654
v 0.0431900105058288 -0.198802465929469 -0.022556535551098
v 0.0977912016211174 -0.0511612666127299 -0.0110017737676156
v 0.0169404001308961 0.00274282074995555 -0.00682194915634113
v 0.0885835467929047 -0.213219785605875 -0.014493964660892
v 0.0848785458166901 -0.215345631717003 -0.0122370437964807
v 0.236025240320503 0.0366195539751875 0.000827679856106165
v -0.0145794805643717 0.127769130046691 -0.0196182253246156
v 0.144705891239418 0.132487695353147 -0.000137456262566564
v -0.0137565331466633 0.0127591312416353 -0.0185846486275888
v 0.109064030212113 -0.0124853377056125 -0.00883818049180533
v 0.113172999657426 -0.181196394257634 -0.0103939262831984
v 0.0603209067334908 0.131171313002849 -0.00846283947218347
v 0.0270266754424605 -0.0209679552636416 -0.0126732478713769
v -0.0464026281439643 0.125789802466206 -0.0220262175379069
v -0.0485897673268075 0.117633749844643 -0.0321058766783233
v -0.0651932185143991 0.11818154390216 -0.0241123703082469
v 0.0600722179387845 -0.204864729935723 -0.0233285170705977
v 0.197982910705477 0.129176968251633 -0.000931628550439956
v 0.216155551425513 0.127390438793262 -0.00147935734223988
v 0.237079011090662 0.0594254727266317 0.000371963982348924
v 0.237035112711069 0.0660934367594515 0.00112174498561491
v 0.115287594570025 -0.00240003981413944 -0.0137695694808584
v 0.13749846504114 0.132654887299069 -0.000312149301523417
v -0.0731170686213038 0.0694619139967701 -0.0289468956785084
v 0.236548566863934 0.0527626310767331 -0.000329609809865955
v -0.071196315333639 0.0366633886605536 -0.0301975319230787
v 0.0239831819597711 -0.00988123447685201 -0.00967934277698381
v -0.0721680548508636 0.05753768194721 -0.0293700561396958
v 0.237183429386443 0.0434704533814336 0.00128349546595798
v 0.153871261899159 0.120380766765403 -0.012259962972284
v 0.133937440023953 0.119706695349239 -0.0139962404369726
v 0.0989590895543176 -0.204894234854584 -0.00861998405170095
v -0.0660797404625191 0.112160742671849 -0.0245815289582798
v -0.0734441194264825 0.081543901155076 -0.0277841708526892
v 0.153996117031611 0.00822481500543037 -0.00695422913136944
v 0.102539804984217 -0.0237265014524368 -0.0186711175268942
v 0.105787409950804 -0.0189304411052022 -0.0239951034415023
v 0.218126257929759 0.121395886218954 -0.0031716507233606
v -0.0732068238131726 0.0754435719539473 -0.028363230126062
v -0.0267243645815047 0.124028890705551 -0.0258412059588519
v 0.103382423817289 0.122810417492143 -0.0128240517724513
v 0.0918830745003412 0.129518812005766 -0.00900683314148123
v -0.0586155814344463 0.111754003940516 -0.0296654459322101
v 0.0940511673358139 -0.21079588961406 -0.01096217222963
v 0.0825606635720226 0.126692791396822 -0.0127336069202316
v 0.0463059280359033 -0.199305494578544 -0.0262008486313342
v 0.116089750002422 0.122766324794576 -0.011712163715133
v 0.0238457088907919 -0.0158254956088485 -0.00935067183302712
v -0.0666734008082505 0.106420422075522 -0.0255388254081559
v 0.014617974234797 0.124501250288003 -0.0210990805712358
v 0.227612958318012 0.0890077117850939 -0.000370593650313153
v -0.0719806315088135 0.0515920121247774 -0.0299391833234537
v -0.00359319736980789 0.0152272291539676 -0.0196304856045643
v -0.00928134663770086 0.0226154710393388 -0.0285242100444324
v 0.00503900575372094 0.0192714823212457 -0.0221410539765407
v 0.20925861444462 0.124639243207313 -0.0057238546231859
v 0.165512659215562 0.00636436756505985 -0.00485542217207554
v 0.0962894273667305 -0.034866793131412 -0.00909213558744076
v -0.0672886779311203 0.0980653271323453 -0.026908124701647
v -0.0683430832012597 0.0922486961116955 -0.0284243062733551
v 0.0243715625697415 0.00174855062749049 -0.0107812148724334
v 0.115436447704927 -0.0692635335224676 -0.0311266799318811
v 0.234467037326565 0.0755580150320961 -9.76648480804539e-05
v 0.235346548579299 0.0799352462516362 0.00244360529661203
v 0.0472519388752429 -0.194211012013418 -0.0315013267853951
v 0.0346690353819448 0.124167305702683 -0.0188592470141575
v -0.0198898935484662 0.027718664927018 -0.0356344711304859
v -0.0278314739312126 0.0297755645865864 -0.038848886332565
v 0.0923126594745282 -0.211036474124549 -0.0167037785056637
v 0.116538704711657 -0.189286068555836 -0.021036360106057
v 0.121108491145719 -0.184463117559735 -0.0247116906763909
v 0.0698825120337745 0.12108430295312 -0.0179160053801106
v 0.0874826940113261 0.122695144653519 -0.0162594720505374
v -0.0596761153983676 0.105895753597434 -0.0305647838273981
v 0.0270545516651569 -0.00397408344886756 -0.0135532497395236
v -0.0393251152443185 0.122830423467696 -0.0270779055817231
v 0.193924525063794 0.122499984810666 -0.00774449994924044
v -0.0153249188434046 0.0290725187395271 -0.0367767032814588
v -0.00614354108326358 0.031865905481113 -0.0384733287170008
v -0.0031044354456275 0.0289578007972801 -0.0344721870923022
v 0.0505400945957162 -0.202496116364009 -0.0256048387047252
v -0.0694869483776231 0.0867330784848523 -0.0297129128220816
v 0.222199354576457 0.109658961522638 -0.000570335522168693
v 0.102952191271641 -0.0439036275593183 -0.0202842514962054
v -0.0600624418451963 0.0432599406903033 -0.0378212052978237
v -0.0700914976453893 0.0809707901920288 -0.0306767934246722
v 0.159111107448576 0.0108872034392921 -0.00928474062110247
v 0.0585544127515446 0.1222066803634 -0.018218419636297
v 0.107847907851871 -0.197727287952717 -0.0146046924998624
v 0.0988058978477137 -0.0309233728156556 -0.0137531696890443
v -0.0603911007737036 0.0493847257398898 -0.0377442509858646
v 0.0311418058199975 0.121315481838286 -0.0227616664381988
v -0.0697520287933613 0.0693212546090577 -0.0317398238063946
v 0.135389229948385 0.00964904473395022 -0.00821649828330622
v 0.143153528786945 0.00990581494844055 -0.00875865095867599
v -0.068270023759848 0.0516375292294338 -0.0324387664912717
v -0.0692163333020671 0.0634472776690963 -0.0322428984696489
v 0.196406963631864 0.0104624801756783 -0.0078913058685295
v 0.235378258211746 0.0461541398450997 -0.00101634275773363
v 0.22540765256686 0.09576406408159 -0.000398564298595338
v 0.217723791435297 0.102650333242346 -0.0104899152469014
v 0.0535453625761761 -0.201115749859175 -0.0272566315162443
v 0.195874403188989 0.117293769544522 -0.0133524193652282
v 0.210819198728334 0.116449958553872 -0.011670292412117
v 0.211207507578364 0.112775570606118 -0.0151402939998289
v -0.0505064270693662 0.04206258405215 -0.0477122993540028
v -0.0475027372525264 0.033166473687681 -0.0441139500724184
v 0.0426349115144938 -0.0363299581036937 -0.0320047335343853
v -0.000166232330171232 0.0261022958500003 -0.0300721714948391
v -0.0699309313111791 0.0751562670980564 -0.0313796301863731
v 0.103242067595682 -0.201242597669776 -0.0116363519638968
v 0.049697750772604 -0.199169930888371 -0.0292277500780133
v 0.0973856783260298 -0.207389336211696 -0.0133144548627106
v 0.169891145410468 0.0124503904498283 -0.0106939028068482
v -0.0586191880218833 0.0942543368625882 -0.0360067486189277
v -0.0625246393213566 0.0864857261431966 -0.034888942144736
v 0.187213886034886 0.117945580943121 -0.0131598935107492
v 0.160675609961747 0.0223810359332077 -0.020199994503764
v 0.16341895453413 0.0202897176925481 -0.0179926181916553
v 0.153145748460742 0.0153352934692804 -0.0133777907881225
v 0.111553244322157 -0.00772609889126763 -0.0183381165048521
v 0.0275105285145037 0.0139334932494951 -0.0159047868215125
v 0.0241448052207821 0.00958086006228809 -0.0125529250147881
v 0.0214073870074593 0.0191409328040942 -0.0187919654161935
v 0.125684944852117 0.120771303523799 -0.0135722051905859
v 0.023196438807666 0.120680873187019 -0.0250485751071368
v 0.030082625895993 -0.00965518673911445 -0.0166319426320407
v 0.0301512643591844 -0.0156912450599195 -0.0164594191941356
v 0.213608938928051 0.0171413202822701 -0.0133959820549271
v 0.212555579657755 0.0110584357618136 -0.00878937890015465
v 0.112108880261918 -0.193606115486379 -0.0176496721668176
v -0.0627102737633288 0.0749207634642736 -0.0367685862584016
v -0.0441476271959468 0.116810014197959 -0.0333418930550427
v 0.0581536136020052 -0.195925090031486 -0.0345669397535766
v 0.0668646998196959 -0.201617424009677 -0.0281727703084576
v 0.0157133611064659 0.115592149263476 -0.0326585564853178
v 0.216254821058464 0.11429376547617 -0.00692217069133124
v 0.124333880138133 0.00660372600584129 -0.0115897034579518
v 0.128773835107023 0.0103954141078631 -0.0131994470032378
v 0.233193659124608 0.0603810301335424 -0.00478720679928121
v 0.230039378627462 0.0618978238314422 -0.0111054703206892
v 0.231978304993087 0.0697089810758865 -0.00656992195223086
v -0.0622587028826102 0.0691868056818949 -0.0372680792622858
v 0.226811656297618 0.0327117426645986 -0.0077010141049095
v 0.228674907487097 0.0530276452933144 -0.0124535408527404
v 0.230873773635249 0.0476581364917848 -0.0060431726527615
v 0.0920154467782481 0.119082493780119 -0.0194755864024682
v 0.0412084975668737 -0.0905096918504028 -0.0262540518991747
v 0.044518138033796 -0.0694720257740103 -0.0318146703365887
v 0.0900058105826419 -0.208122705123834 -0.0221187125432216
v 0.16618350241469 0.0180523504838727 -0.0160277255323275
v 0.0522292549280639 -0.189225366100546 -0.0397825820465312
v 0.0507384180151883 -0.194717556891483 -0.0351218378044504
v 0.100896463900131 -0.204057593990559 -0.0157170942151165
v 0.0856832194631401 0.114488215190005 -0.0249768568024881
v 0.0147948546939485 0.021337730003456 -0.0221809594907423
v 0.166777048100542 0.11645731915438 -0.0152832277351131
v 0.0590018514459298 -0.178164005750248 -0.0477017477084136
v 0.150352769383947 0.0176283496611077 -0.0153482089212815
v 0.137574604991451 0.0148490676960777 -0.0127169000079786
v 0.227009318812309 0.0396509817909455 -0.0107502139706802
v -0.0567956044829742 0.105573609686171 -0.0335545136536765
v 0.0441541212536746 0.115087954628071 -0.0279077435914372
v -0.0576091120774282 0.0554752223439648 -0.0408783131925538
v -0.0478087481568321 0.106173822247193 -0.0437434001946487
v -0.0554303057217438 0.100131237148074 -0.0381350566578951
v -0.0565349893218214 0.0886903143319516 -0.0403322138963586
v -0.0566229801522529 0.0804923303511443 -0.0417569821568884
v 0.22021541881243 0.0138135922015194 -0.00872170869998952
v -0.000966781860204126 0.119087409060598 -0.0311820572845409
v 0.0959755273032728 -0.208344865816671 -0.0191890396834695
v -0.0384144649102068 0.118622431014024 -0.0328766980649476
v -0.0578520908236599 0.100085867850692 -0.0348588573903299
v 0.0523553184850806 -0.198010935930044 -0.0315662540087713
v 0.0740752512063231 -0.205734165597331 -0.0237162356199105
v 0.207114316237252 0.0203122716043982 -0.0179182343104656
v 0.189649564512283 0.0146987295219713 -0.012569264758035
v 0.196996787845006 0.0216161092764184 -0.0205341760055403
v 0.114065659778178 0.119240699548247 -0.0152329522894755
v -0.0562221012817032 0.0729480059064375 -0.0433178666905037
v -0.0580772556508318 0.0613849109183089 -0.0408417155041793
v 0.213199337405519 0.11438062335019 -0.00998659388724709
v 0.0259003452266137 0.0208440793683786 -0.019792222545134
v 0.167110901847105 0.0149390773756643 -0.012978397948931
v -0.0518511772130029 0.110874266049932 -0.0354618711813364
v 0.0976332690530513 -0.204284720957084 -0.0269070105693835
v 0.0302143623710067 -0.00361631497114376 -0.0169062258678013
v 0.138324742721647 0.0202827064426552 -0.020242522188377
v 0.143065772566595 0.0235828834296124 -0.021940836649815
v 0.147754665698745 0.0199279781092216 -0.0174174425366625
v 0.104774066001418 -0.20088433568754 -0.0185840263653081
v 0.220404910800592 0.021090553168181 -0.0121880288518962
v 0.0310336985482295 0.00844884251603212 -0.0176010641885206
v 0.204042572343588 0.110988955551078 -0.018679967147736
v 0.015306114456035 0.0278331247394543 -0.0289727322352791
v 0.122163241534263 0.00450703125068762 -0.0244591691707762
v 0.126951825962935 0.0094248023892776 -0.0211363587836754
v -0.0483795380328211 0.0607839798346077 -0.0542041414014977
v 0.12208817484866 -0.164889526725577 -0.0234249844750795
v 0.0995851018349865 -0.205679844313288 -0.0211922222343912
v 0.128845345777474 0.105050164682358 -0.0292174481757606
v 0.115136079796397 0.113769987429327 -0.0207203569790859
v 0.0207033588994541 0.0285135359240779 -0.0280110909736506
v -0.0463440815305557 0.0912331735451936 -0.0560558014259359
v 0.0594997984701146 0.111339542683195 -0.0300468191838058
v 0.177078078505347 0.0196273751744224 -0.0177555603667931
v 0.00849315352753587 0.0293116863911953 -0.0320088532752673
v 0.134081741557822 0.0161613320404868 -0.0189079362997639
v -0.0430188403223337 0.0340455916661235 -0.0453407553147753
v 0.13304925298852 0.0156857647654807 -0.0227823993757907
v 0.110672547682837 -0.0254167919187244 -0.0353816342222004
v 0.108561476294626 0.109183927069404 -0.0253383555310194
v 0.139798004366852 0.110893502765624 -0.0222102257534903
v 0.0949333830863168 -0.199853788789106 -0.031283434756588
v 0.00567777477936615 0.032000420582667 -0.0361848172097934
v 0.0441037625021174 0.109791748451757 -0.0336797768928894
v 0.11651106965666 0.108265058976467 -0.0259303061181078
v 0.0368694137442646 -0.0100712130419268 -0.024083627393717
v 0.10882735448705 -0.0138273195984117 -0.0294859086704322
v 0.0569578219570645 -0.193336455446672 -0.0392180547600094
v -0.00500757059076727 0.112897012538875 -0.040598166737513
v -0.0218318688702771 0.115452556583954 -0.0395381951947376
v 0.176830096747686 0.110789539005506 -0.0208039788638002
v 0.163611689979448 0.105854434358247 -0.0266928163235994
v 0.171013051304803 0.0274214883937891 -0.0252869018699561
v 0.214623585940665 0.108070166705167 -0.0136137267662667
v 0.031446631305101 0.0147517281120459 -0.0180982428106019
v -0.047953161911569 0.0478070509063593 -0.0520295713832481
v -0.0304052818736417 0.117551315579772 -0.0366643319085106
v 0.218281708141479 0.0290518330346168 -0.0195690713185004
v 0.220174587520459 0.0349159279477869 -0.0241839767337267
v 0.225281155871237 0.0401695308376453 -0.0150656543075601
v 0.224672553134827 0.0898673680418359 -0.0108129713015916
v 0.0233085808124438 0.0247416546807575 -0.0238118239644928
v -0.0339773539173079 0.0366446599708715 -0.0467942256439972
v -0.023175459463589 0.0309883452191646 -0.0398044435477904
v 0.094931977917378 -0.190554865934497 -0.0412087006769396
v 0.102661047703449 -0.196268604485837 -0.0364486130105326
v 0.10869045331581 -0.197399388280455 -0.0214056427541667
v 0.18526196449325 0.110226556501645 -0.0207858492465718
v 0.23084213906393 0.0770972911527262 -0.00876358541980736
v 0.0278760044945682 0.113735331586248 -0.0323113105904231
v 0.051200140290463 0.0952977770102381 -0.0486973964563869
v 0.0420166135660629 0.0974488523337857 -0.0460164792713253
v 0.217212046103527 0.0228125913144397 -0.0151068719816008
v 0.209298175969809 0.025153087186634 -0.0236939154670159
v 0.103234223087389 -0.202891067167545 -0.0237964803290915
v 0.0404086495476759 0.00246730534269925 -0.0269979114034764
v 0.102103424782716 0.105252141554178 -0.0299293110283129
v 0.0740333610793815 -0.197742237132496 -0.033258815143304
v -0.0470718431234417 0.0713661727381297 -0.055961296051414
v 0.228953050462007 0.0832929331207553 -0.00790312777416311
v 0.152787131485714 0.103808390263909 -0.0294932376249249
v -0.0173513469323736 0.0365106878743736 -0.0464232632428856
v 0.187659544200117 0.0281176456866525 -0.0267980636747346
v 0.0768625257420069 0.0982121571559331 -0.0409520900914032
v 0.07132004413165 0.098801709763715 -0.0409396215321499
v 0.0672449024308848 0.10646728271504 -0.0334980329782561
v 0.229800540463113 0.08323049462282 -0.0241780212224618
v 0.0669797213428927 0.111886089100471 -0.0277491148983485
v 0.220478197606749 0.0282965768932695 -0.0160664149963308
v 0.0378127179701864 0.00902854513054994 -0.023692991663539
v 0.0267243815825688 0.0254403700271966 -0.0257733428659355
v -0.0330242338053205 0.112676465779553 -0.0459353408946531
v -0.029295701671873 0.111750949853212 -0.0475985460302799
v 0.114581349018499 -0.00327400531552967 -0.0235220575021738
v -0.0398245598273708 0.111860627535165 -0.0408767067360025
v 0.224568613424325 0.0539082615381047 -0.024347180978558
v 0.0166484192043257 0.0327378574157426 -0.0343682061140913
v -0.0408262938239298 0.0396087285768161 -0.0496294744519193
v -0.044620938455875 0.102296625472722 -0.0533044356690748
v 0.0274742544652528 0.104043113575658 -0.0434570348830205
v 0.124342700192372 -0.179351309419892 -0.028929560079747
v 0.0870598802718511 0.109079528501622 -0.0302097676236856
v 0.113030894010199 -0.193776100174597 -0.0241592920308104
v 0.03775135772177 0.0149219182728462 -0.0244714965532825
v 0.0555563027215895 -0.189204955620018 -0.0426131010643124
v 0.0646898996248416 -0.193622960114952 -0.037619584618372
v 0.107119576717271 -0.200001947998205 -0.0262540144220993
v 0.179106771543886 0.105452176047073 -0.0258842018996249
v 0.19575211894967 0.104737085851269 -0.0259815872249111
v 0.0898294065557348 0.105124729101849 -0.0333076295000496
v 0.101386887304781 -0.202026376340835 -0.029304023378982
v -0.0443588003443047 0.110053800447534 -0.0404449494860937
v -0.000888516816770694 0.0377157530450992 -0.0452519679251418
v 0.0104548764898489 0.0383830969469432 -0.0430887348188342
v 0.227794478912664 0.0881242301395331 -0.0359069244563651
v 0.225216727916517 0.0654415926825462 -0.0490449802530958
v 0.0230409745785199 0.0306726945416063 -0.0316715834029029
v 0.0266302154641685 0.0284556676315158 -0.0328519502029786
v 0.155602712873814 0.0267618204408221 -0.0242298355910168
v 0.214026255155334 0.108210387414766 -0.0166821209981521
v 0.217316722772771 0.101766934471048 -0.0139650826721376
v 0.0136986374425703 0.0355556961655914 -0.0385993273917144
v 0.11423560943475 -0.00341583834881983 -0.0287031198411974
v 0.0624889149993475 -0.172601045834044 -0.0508517554050103
v 0.226282365144933 0.0916068091397679 -0.0308397861130129
v 0.223516901926538 0.0950265444274551 -0.0260946526840727
v 0.141435953155136 0.0242300199065499 -0.0251111730695915
v 0.133987543679514 0.0170117271811893 -0.0312701944523519
v 0.139352171162205 0.0231065130836182 -0.0326285867300205
v -0.0215498397119615 0.109611258316372 -0.0510585815323493
v 0.110916310230361 -0.196404331783868 -0.0287563564335487
v 0.0341997672441216 0.022866735914685 -0.0350542963300962
v 0.117975895749609 0.102701116495807 -0.0311490694495233
v -0.0366625059842999 0.11269885360732 -0.0437692898882426
v 0.219762406037403 0.0979182413066233 -0.0179835180632383
v 0.144535469658876 0.0279348170516381 -0.030127928927298
v 0.12676723141929 0.00949347714363401 -0.0300188083254521
v 0.0598912493384073 -0.188741006181514 -0.0442652734844214
v 0.0665391942738305 -0.1907803740928 -0.0413436764276199
v 0.224051755155744 0.094358588805459 -0.0224705209785464
v 0.217038526129743 0.0292175196580438 -0.0233050312806845
v 0.125542266997947 -0.16600410426687 -0.0277265699322183
v 0.121673974538386 0.00544933115003954 -0.0394253593258487
v 0.219833185062427 0.0421182240273583 -0.0267539796454544
v 0.0544314345193331 -0.0812165664038155 -0.0441767558424249
v 0.0590712118888406 -0.184045770324981 -0.0468561393972952
v -0.0430098224854494 0.108295552737512 -0.0449944257677212
v 0.109813920647705 0.103792170706027 -0.0304490200584378
v 0.136754947004038 0.104392166989974 -0.0292916197908829
v 0.117394128525675 -0.190239630489486 -0.0275788440328193
v 0.0439008573463071 0.00817435759326346 -0.0307267023956459
v -0.0235508287391641 0.0428057913200301 -0.0554647945611851
v 0.105106393821138 -0.199776247598952 -0.0315962797753965
v 0.148064405231418 0.0264675092299431 -0.0239858517994528
v 0.212666999157452 0.107724559792643 -0.0198704529643191
v 0.0155799560568586 0.107194187112493 -0.0438620184076571
v 0.227419603996179 0.0908075191332351 -0.0438963004507476
v 0.0632950506275669 -0.0502743356787394 -0.0568184084217897
v 0.0537676203253028 -0.0590043536610031 -0.0441724621682929
v 0.206748614486832 0.0260316292635664 -0.0263860747814726
v 0.167362641150534 0.103947756967372 -0.0286297265351171
v 0.144649648830736 -0.157706451924916 -0.0537652999255404
v 0.0209377443582109 0.0373608727475353 -0.0423564521854098
v 0.0559685034634183 -0.0692404063964665 -0.047141785861927
v 0.0619072332050886 -0.0802516322213209 -0.0519429832532224
v 0.129134903665795 0.0119091379805551 -0.03513942739451
v 0.141983082153546 0.101702957308449 -0.0320907092343
v 0.116093326421671 -0.190762761672498 -0.0396902391300389
v 0.110498874594348 -0.191581271960548 -0.0417437813923274
v 0.112391425547971 -0.184128707766929 -0.0480532436210063
v -0.0161786747952228 0.0406533325811763 -0.052358427955692
v -0.007958205292117 0.0429922745648628 -0.0554584001782778
v 0.061365632637415 -0.159084231134985 -0.0482930580441553
v 0.0265677020476208 0.0994596582645996 -0.0490567594662916
v 0.07988916346267 -0.194092034427429 -0.0378658660048904
v 0.0338046283940942 0.025424550972274 -0.0417506179344535
v 0.125017267884445 0.0946246408331295 -0.0390257718162774
v 0.116781081039079 0.0943614918356023 -0.0384666668470768
v 0.0284827346455845 0.0313078419952376 -0.0437619633643345
v 0.0637922776128414 -0.149895303564494 -0.0508396990796295
v 0.0945383008872245 0.0999341446332809 -0.0382162790302433
v 0.0675149476669673 -0.187881918311217 -0.0450249270356409
v 0.114483050872026 -0.193119684184934 -0.0317072912720181
v 0.216404868492215 0.102991221011367 -0.0207722151162026
v -0.0449524429524585 0.0535335226061332 -0.0562053696206177
v 0.179270007116482 0.0977252109687366 -0.0333026839207854
v 0.2110248378682 0.106628185015916 -0.0226600467016199
v -0.0422349564407669 0.0551647559500382 -0.0603026314085209
v -0.037394897351797 0.0634032679380121 -0.0703665666527677
v 0.133274364329768 0.0945720695545257 -0.0395179464006211
v 0.0490950608972907 0.000465805069919421 -0.0402363524065745
v 0.0473340943459169 -0.00485686156338049 -0.0362029561237135
v 0.153967258322785 0.0344145021010105 -0.0342377008732556
v 0.16077014036431 0.0292604571445661 -0.0268519414435897
v 0.0836328137305184 -0.187254468165648 -0.0449896040498459
v 0.0899299279181275 -0.186002123799764 -0.0465469879348844
v 0.113522289996503 -0.0101309668023681 -0.0404162983652072
v -0.0439616942056402 0.0479334434400101 -0.054188442988539
v -0.0402259003857061 0.109429690721877 -0.0477848814286238
v 0.108767879390995 -0.196808981020263 -0.0340407606428769
v -0.00534066340040291 0.106477459518984 -0.0516320151752892
v 0.076142700962621 -0.182964163743471 -0.0497828823670002
v -0.0397034487361144 0.0487995819612804 -0.0547281643527376
v -0.0333370767508119 0.044828047392121 -0.0534539933083347
v 0.158002560207306 0.10112726807612 -0.0321202227750617
v -0.0163584003278681 0.103599040451039 -0.0616709299488855
v -0.026850016450372 0.107089767365676 -0.0563426341497887
v 0.0593771484565449 -0.0103036462559879 -0.0559250865168075
v 0.017617532469244 0.0371360163064328 -0.0401275881640161
v 0.117991908525429 -0.189857460561821 -0.0351571776757352
v 0.112054356179405 0.0974210950527412 -0.0354785510444534
v 0.215488357579417 0.0294914186994157 -0.0271425354031041
v 0.103864424708409 0.099407625315813 -0.0346472738703053
v 0.0615444494190814 0.0973545660993745 -0.0448666489373506
v 0.0437232656604345 0.0122669206512768 -0.0364348880643173
v 0.0595069192984725 -0.0874607645448545 -0.0483810686951161
v 0.0621070943574405 -0.0976104906983892 -0.050378841274074
v 0.0110616028891761 0.0426000778566224 -0.0494018772512587
v 0.0683993328789045 -0.184822287966061 -0.0483414281494563
v 0.0636782261813152 -0.181742341773909 -0.0506766420062433
v 0.210367620069797 0.0336674252171289 -0.0326984890878043
v 0.21308524183768 0.0312727950300646 -0.0303632775885414
v 0.10643671167193 -0.194020954742851 -0.039113681876876
v -0.0374667772432303 0.0875413312422499 -0.0681848996616149
v 0.219903832931106 0.0986892237516259 -0.0216083633141706
v -0.0335881046999618 0.109390822987348 -0.0525489412690858
v -0.0405013745215164 0.106074039552038 -0.0541146003785195
v 0.0391558762810883 0.0174991259087693 -0.0347794302229626
v 0.12929669465527 -0.0434382676834784 -0.0558573592426572
v 0.218353779132075 0.0356207227434148 -0.0280021571430092
v 0.0364961383599534 0.0245949322238913 -0.0450627352798587
v 0.0413313022918206 0.0167473035585007 -0.0386077773343509
v 0.140626596433828 -0.141619473154153 -0.0489848767450969
v 0.215659683801531 0.103217391350359 -0.0242062273195165
v 0.112439829269687 -0.193813487953 -0.0366096508652067
v 0.0656248521764327 -0.177216540808402 -0.0539826216805027
v 0.206430110086025 0.0338667285739507 -0.0344596535978653
v 0.033609830479535 0.0935911071272256 -0.0534133731556954
v 0.194653694437486 0.034500780479885 -0.0346764951378644
v 0.176356300287873 0.0301776194767117 -0.0279634060571656
v 0.0652109680032787 -0.108986321104191 -0.0519233896958881
v 0.191923443002858 0.0944766691676034 -0.03854045882059
v 0.182655974204126 0.0909230110504329 -0.0503548943600789
v 0.0658688117747305 -0.168352711246678 -0.0548041164509839
v 0.0629357488504303 -0.122005103490927 -0.0498352931145639
v 0.214267990161275 0.102134600503169 -0.0270415003744069
v 0.212691529511618 0.100548844389519 -0.029782494698485
v 0.204497818016842 0.100866134808811 -0.0295140765623658
v 0.13451521695435 0.0176460545910677 -0.0357835615511962
v -0.0364496335202192 0.0487884873769283 -0.0562595900711292
v 0.144931513992565 0.0882129591143048 -0.0450253966946161
v -0.0437488925601917 0.097434826307607 -0.058997325656363
v 0.0111241102342768 0.0465515567248207 -0.0559668590872934
v 0.152612216775338 0.0962489217722616 -0.0371598733450126
v 0.051726016508253 0.00387586317844109 -0.0498885937554442
v 0.0437037233184567 0.01593136376711 -0.0427762546839371
v 0.128841373898898 -0.177807170094507 -0.0391547272938937
v 0.219542289544272 0.0989525134638287 -0.0250788907558403
v 0.166157788786955 0.0388530942490401 -0.0369087462319235
v 0.176546005638445 0.037412040665732 -0.035429429308662
v -0.022666148237303 0.0452622871614647 -0.0622001841335267
v 0.152609639455704 0.0343517672225653 -0.0376641611960589
v 0.120165959873713 -0.0058874802625066 -0.0507914794613424
v 0.148469067343846 -0.0218794699188526 -0.0881636939125423
v 0.12617698824952 0.00474228488010155 -0.0608305134404421
v 0.141010780095686 0.00960807120643624 -0.0878158880105081
v -0.0362116950310702 0.0991196232676974 -0.0691024237222284
v 0.215612131537985 0.0375189554508607 -0.0308493359555603
v 0.121090100683743 -0.186937855076977 -0.0396241729056361
v 0.0710251665909922 -0.178042756221366 -0.0557234348443307
v 0.131002935600062 0.0865756673031467 -0.0506065841714283
v 0.136420294347851 0.0192359383925369 -0.0500919754624482
v 0.143039114168253 0.0259192737096166 -0.038216183333098
v -0.0363549609366308 0.0503955271566363 -0.0635676276082019
v -0.0293160770615868 0.0473924295428839 -0.0635511333134259
v 0.151449896599973 0.0323772796829944 -0.0455654463446679
v 0.0207053670192603 0.0974854222994578 -0.0601845731174625
v 0.00835764914947949 0.0996039653299309 -0.0605442698182927
v -0.0300765098811503 0.108356568902653 -0.054319130828274
v 0.0662094252701258 -0.115863314374245 -0.0533859767224076
v 0.0972750906642249 0.0963638780412447 -0.0441671634221356
v 0.0718407961188191 -0.155522581857209 -0.0614848081194364
v 0.0691964453785581 -0.162184213642933 -0.0580206795196371
v 0.217730962767359 0.0433698523363872 -0.0303106733477431
v 0.0679548054195589 -0.172558623635837 -0.0572335340528645
v -0.0376194863727744 0.106577969366178 -0.0567177867660316
v 0.171182620992579 0.089187085634792 -0.0533468676435807
v 0.157566475948904 0.0915097501180266 -0.05849858924857
v 0.126785069984558 0.00967943112203065 -0.0499060660788564
v 0.121886489249048 0.00532803234258458 -0.0448482690346814
v 0.206982313821139 0.0372423141391298 -0.0389072018442554
v 0.0952280424128362 -0.178569573800471 -0.0541447767669106
v 0.218798873458466 0.0984630516269289 -0.0283612875715819
v 0.142415929893799 0.0875498546254878 -0.0562352306635838
v 0.0316005196882938 0.0324534865806562 -0.0534298126630736
v 0.170282506925858 0.0896740992477695 -0.0447948020859218
v -0.0277541681037182 0.103476694872459 -0.0630067816056005
v 0.0213584561338626 0.0423784261183503 -0.0560710994739865
v 0.052708626851588 0.0148020198082244 -0.0536870898413428
v 0.211004428406639 0.0995021913655275 -0.0324427573578314
v 0.213908375267009 0.0394413275303993 -0.0341326543592666
v 0.111194686943666 0.091581233702975 -0.0437538968515442
v 0.0731291184974866 0.0943659623067435 -0.0448072053250173
v 0.125367257155704 -0.182834889956919 -0.043301321460205
v 0.00706395760718429 0.0573722400664975 -0.0825544056932273
v 0.0233099990675523 0.0483827133833103 -0.0873119779101933
v 0.024718491928962 0.0426655715914259 -0.0664766202110055
v 0.0728575647070432 0.0911518008575947 -0.0515900098961676
v 0.0932720719642692 0.0939429066726751 -0.0515518015948605
v 0.119489835423018 -0.187159363743655 -0.042922012670939
v 0.0594274876904412 -0.0685520353682402 -0.0518490967932155
v 0.0583294246834891 -0.0629526306561217 -0.0498645680293888
v 0.0685337595253506 -0.0584154415137014 -0.0624368475847217
v 0.077613186006738 -0.176609171711652 -0.0569004466074728
v -0.0100567596213662 0.0487446087349176 -0.0684526744963241
v 0.213240630862207 0.0408896303486304 -0.0377046168921301
v 0.220661939096186 0.0492559834605243 -0.0342087427583267
v -0.0246323356764893 0.102385351479103 -0.0648065517543539
v 0.22266817707273 0.0951431365010326 -0.0296546660658419
v 0.0671932352636971 -0.116810471647268 -0.0549704117989465
v 0.0702590590977251 -0.119698265772272 -0.0602845415941254
v 0.105244562713529 -0.180939598928359 -0.0511456867054733
v -0.0340113146131886 0.105869400019481 -0.0590255532031629
v -0.0345111599049332 0.0524180885275278 -0.0708962877731797
v 0.217054985953405 0.044544517239697 -0.0344954779366869
v -0.0374290793312318 0.10357917616979 -0.0634378886463685
v 0.158976052258384 0.0373895946161895 -0.0367743361307522
v 0.217410548558625 0.0980347902583089 -0.0314350698129331
v 0.0370228366369422 0.0273748937347087 -0.0520936636403043
v 0.205338364128485 0.0963812417079479 -0.0449364631122432
v -0.0311557689766214 0.0584611377995445 -0.0771341317133444
v -0.0241360275867386 0.0819514775271292 -0.0856715355553994
v 0.131662912342264 0.0147654387785408 -0.054657547681131
v 0.0269256437846615 0.0393500593160725 -0.0616937861317318
v 0.189664213370933 0.0386214838450236 -0.0394618437072315
v 0.0475656498456038 0.0195695836492865 -0.0522487772556295
v 0.0655293191836279 -0.0967552735217676 -0.0558067039000985
v 0.0705320234325384 -0.167730661546347 -0.0605411055354889
v -0.0183874491215249 0.103644347745909 -0.0691157861515703
v 0.0728007361035777 -0.174002047863985 -0.0593410568912102
v 0.0823318613726088 -0.143330593808388 -0.0739348051477658
v 0.0748707262461379 -0.148314641222234 -0.0649121646993489
v 0.0718866781310682 -0.128869750288077 -0.0616659772650075
v -0.032736391886464 0.0493000558243561 -0.0682441858409291
v 0.203085353302674 0.0403828934812536 -0.0442707866874238
v 0.127564644639715 -0.180090537696573 -0.0494741822590104
v 0.129924878839104 -0.177543711829361 -0.045557054412127
v -0.0256790290681914 0.0471289494956581 -0.0670476289415629
v 0.214947998782402 0.0978398359036545 -0.0380978015146165
v 0.221729397853202 0.0951847025929862 -0.0332847133660877
v 0.169849674936101 0.0429874011716997 -0.0428663648275057
v -0.0311688858894248 0.105020499654039 -0.0615375274425025
v -0.00886733102030915 0.108546631259731 -0.0767228699751507
v 0.133427597842787 -0.172560057992751 -0.0422499779099732
v 0.180438640447147 0.0419424956752756 -0.0414659042245157
v 0.0414297379965819 0.091884992423565 -0.0577324567658249
v -0.0188341686880796 0.0457963054102932 -0.0650672445877427
v 0.121923878738917 -0.181762138838923 -0.0496794221647716
v 0.216852132666321 0.0457371811112638 -0.0387174561111409
v 0.140549107142172 0.0225150897536422 -0.0551836809623645
v 0.149667195865229 0.0305079386117407 -0.0575796124416
v 0.159916664763988 -0.0860939207551872 -0.0854482766090786
v 0.154637956205529 -0.0335905111708067 -0.092933710517111
v 0.0724234174102422 0.0923366154482948 -0.0579620921773591
v 0.0869356990024601 0.0958637157348468 -0.0608915009644405
v 0.0827137713954772 0.0972634248030406 -0.0644639607178733
v 0.22083255499491 0.0952959244285679 -0.0368539746374365
v 0.205454897823957 0.039095447052628 -0.0419078332899957
v 0.0606294147347671 -0.00237369807875075 -0.0595186102951724
v -0.0262009540062197 0.0545619032988473 -0.0793071374770774
v -0.0206452378963843 0.0613263205870585 -0.0885206150067535
v 0.0665636527503466 -0.0848303283257419 -0.0587194617813964
v 0.0676851471318348 -0.0905648916155976 -0.0601177395035735
v 0.0186023514818251 0.0458622815616268 -0.0607816914804919
v 0.0671012753021479 -0.114949093707537 -0.0547236038768627
v 0.225587457719875 0.0922480091925043 -0.0348161541352248
v 0.21251018213352 0.0424296653540361 -0.0411819673681348
v 0.0781630006493378 -0.0972894271681489 -0.0718174055089418
v 0.0883899348665216 -0.130445692172491 -0.0809463350581372
v 0.106496717343817 0.0952967399408883 -0.0635529839931317
v 0.0908989483725833 0.0940315456096565 -0.0570293819284752
v -0.0214562604615665 0.0485469361367624 -0.0698872725166247
v -0.0284881288667751 0.049698085866993 -0.07187226633278
v 0.0230222601886187 0.0995171531048217 -0.0694179088565606
v 0.0789700714462262 -0.173355025746341 -0.0608894651365884
v -0.0343052091868538 0.103276088546347 -0.0658877035438992
v 0.073565229398431 -0.162351240783006 -0.0633724920917698
v -0.0143504701029413 0.0473766403434827 -0.0666238084418058
v 0.137951002423324 -0.16912471268451 -0.0522476159605751
v 0.11814178536796 0.0898326582524805 -0.0572389129509628
v -0.0332406429771631 0.0951956118762027 -0.0743022125702706
v 0.191615491299725 0.0945136106634289 -0.0502872515376192
v 0.0654629318653302 -0.0782064188232989 -0.0569775137098206
v 0.0576136128669425 0.0961781904749495 -0.0650733160184597
v 0.0526984939087 0.10550017761191 -0.0745831793977785
v 0.0464658758953478 0.0246678020258864 -0.0611677034792777
v 0.0574350137525841 0.0088046976978788 -0.0577227658163651
v 0.0975062522335506 -0.171365652170908 -0.0614876997389581
v 0.10504430145821 -0.172381656548958 -0.0599802512591697
v 0.0547458902647599 0.0922032571598547 -0.0570785138664207
v 0.202283700173985 0.0421936650851121 -0.0476831078275299
v -0.0303298325108174 0.0532638265573946 -0.0753702707242176
v 0.219655663990871 0.0512670756940937 -0.0428123873232453
v 0.215885279006912 0.0470769022949151 -0.0426562347624447
v 0.118915650654164 -0.178049795310294 -0.0540416579386531
v 0.0673282400295084 -0.0709957611450566 -0.0607565425898816
v -0.0172087636399539 0.0499981493034145 -0.0718864921197235
v 0.0802668206965678 -0.169651222764648 -0.0648191592290286
v 0.224657607671175 0.0928748612961236 -0.0385219197312566
v 0.13131575780226 -0.176103175227224 -0.0526342650758271
v 0.163070978087479 0.0438178715862307 -0.0589216806967595
v 0.167075952767045 0.0481008962548704 -0.064405481676632
v 0.176911553344001 0.0515453425929175 -0.0578680484728254
v 0.211472019920478 0.0440023646086009 -0.0446132377635953
v 0.076277313182665 -0.164880059317586 -0.0661291834619778
v -0.0238509630277298 0.0514869206374443 -0.0748872112131271
v 0.147552340154066 -0.151032643434821 -0.0580149026107559
v -0.0302449246323088 0.101540694230409 -0.0670717423131778
v 0.123934168473124 -0.168920277430702 -0.0627950888120856
v 0.122105276820245 -0.174606804765849 -0.0575520224521786
v 0.155745691828704 0.0363176849652549 -0.0476015227244615
v 0.19048388986121 0.0463584783545433 -0.0513655601724523
v 0.0686748812306559 -0.092370000610821 -0.0613399744220911
v 0.0725475836580987 -0.0963072996686442 -0.0664761586673403
v 0.0849911617480808 -0.171507097431729 -0.0620074144334247
v 0.220366002848911 0.0956668978352033 -0.040706716038789
v 0.12532293609265 -0.178733616677197 -0.0534404209392848
v -0.0330210492451787 0.0992380941076197 -0.071533965028916
v 0.0436288392054088 0.0278017130139281 -0.0652295265090267
v 0.0762315130422696 -0.156164549652486 -0.0669654005646956
v 0.201172181202789 0.0464087645556615 -0.0545984829855395
v 0.208252633686091 0.0466484821075359 -0.0554013695396876
v -0.0130510987381347 0.0516740842991533 -0.0743204223080026
v 0.214802747516579 0.0486449346180293 -0.046373054443557
v 0.212215674530285 0.0978301875657194 -0.0441918585622084
v -0.0219143854575771 0.10304426727692 -0.0673687169615391
v -0.0196639039335753 0.052991200865512 -0.0773243877931075
v -0.0303620524442428 0.100048462426446 -0.074426698328808
v 0.210538746313159 0.0450644484532758 -0.0481734856172383
v -0.00873679314710404 0.0524771056833138 -0.0762322532583665
v -0.00461942737567888 0.0538360167876375 -0.0773347977594617
v 0.0785134745733227 -0.159955236965409 -0.0693970232068696
v 0.224089515550325 0.0937285923083923 -0.0426674315152973
v 0.0676299018427599 -0.082414150815447 -0.0599015431159145
v 0.135143450143363 -0.17230677465952 -0.055883336404481
v 0.0918773404307548 -0.162529181620184 -0.0703470702360643
v -0.0220178029550012 0.0557545250749519 -0.0821449275287633
v 0.0759291449588707 -0.0827090533275173 -0.0695304244516858
v 0.0827520604664516 -0.0695072246567017 -0.0788351182460003
v 0.0844765619976647 -0.0800350322527346 -0.0798908079953318
v 0.145898363347597 0.111022571781833 -0.0790788810653837
v 0.117511963180015 0.097984492255203 -0.0682307149857548
v 0.218573190685987 0.0524970545808744 -0.0470476684920429
v 0.0815953568183116 -0.16544084264777 -0.0680176044884818
v 0.106997228630846 -0.16674755652776 -0.065469491263621
v 0.0678008358034489 -0.0854047188341223 -0.0602708047819909
v 0.0352075918505787 0.0330662233190806 -0.0631088357042613
v 0.128689469742843 -0.175218929199219 -0.0567813120163446
v 0.054062320230419 0.0188333949231577 -0.0594018912976903
v 0.15072867864229 -0.145675588180682 -0.0624499581331431
v 0.151248728768575 -0.135913304443887 -0.0621761334912872
v 0.0853034299166796 -0.136917502101694 -0.0773502762640923
v 0.219547194558395 0.0964068053223084 -0.0444162165766067
v 0.0839365761147969 -0.149404834452904 -0.0756951025236224
v 0.0809839152977191 -0.154863079594523 -0.0726460846413981
v 0.0174011824331243 0.110642391088697 -0.0801197334447862
v 0.227000893596546 0.0945955149616477 -0.0519516929752208
v 0.22360548684149 0.0950980689261443 -0.0465609172825117
v 0.215233065810076 0.102156147758387 -0.0533711596467704
v 0.205147772615483 0.102342280274428 -0.0563200604624966
v 0.0355033942220439 0.0344484160222896 -0.0701963122996311
v -0.0153177219989989 0.0546458278211121 -0.0797907599988964
v 0.0902069346803905 0.0980628477958873 -0.0627902313858439
v 0.21411101208058 0.0496791641254516 -0.0503796841752416
v 0.227667286392722 0.0859585206745405 -0.0549484825839004
v 0.0361969350454646 0.0355740861704072 -0.077707789263043
v -0.0189227829079383 0.107550283072203 -0.0765918374544566
v -0.0217566531181138 0.105327044151838 -0.0740739762378163
v -0.0272681122233126 0.102837363683023 -0.0763292065196423
v 0.209577957492324 0.0459305161345093 -0.0520307178886656
v 0.118346847293552 -0.159462391023611 -0.072155916084182
v 0.153660858142444 0.0340024833263337 -0.0630922237089395
v 0.161653516304942 0.0420502653857889 -0.0700731126089107
v -0.0178234686719415 0.0571573525132208 -0.0846976910016977
v 0.107871064257215 -0.158515405978771 -0.073570824242315
v 0.192849684061088 0.0521667877085382 -0.0599784956412722
v 0.138537979182957 -0.168260861254958 -0.059539406007257
v 0.0833405971522843 -0.161148777845129 -0.0716957684253786
v 0.217651504273083 0.0535127272646549 -0.0511322860498597
v 0.132011754428005 -0.171677056029845 -0.0601779353447629
v 0.132003034134875 0.0142715262329749 -0.0595100765762223
v -0.016493709360859 0.110231188947796 -0.0792697192749337
v -0.00691284262605683 0.0570766179529343 -0.0841013422987456
v -0.00126659999020906 0.0638406829574518 -0.093286464694019
v 0.00336111174938149 0.063194983136725 -0.0932385229035501
v 0.219272865391431 0.0981454842212205 -0.0481606780247048
v 0.229194409673956 0.0929370445797182 -0.0573485003566885
v 0.0437425748351656 0.0296313858445213 -0.0726339440543611
v 0.0941455444482344 -0.117446678302141 -0.0889379674026525
v 0.0961253451123928 -0.123483451446351 -0.0902662113287571
v 0.144760034994165 0.0258787205489564 -0.0603307024705027
v 0.0537472646841603 0.0219480717682047 -0.0665010667801565
v -0.028695946958559 0.0994720930134993 -0.0812172249651176
v 0.135642901012127 0.014859164178297 -0.07512381289903
v 0.213469395590121 0.0505912198605392 -0.0546542085099619
v 0.136902046418563 0.0181041908901396 -0.0642601448173279
v -0.0135125290251173 0.058703753558401 -0.0869415096773264
v 0.0571334541880853 0.018484404013484 -0.0630071432749212
v 0.0638825235077365 0.0961388259228105 -0.0650287115813985
v 0.145516247331231 -0.159502073632045 -0.0598130439788291
v 0.0741816656284593 -0.0126098343248643 -0.0746925491109403
v 0.197035786608252 0.108780002007466 -0.067498702544095
v 0.223427479360112 0.096850615671251 -0.0504043246014773
v -0.015992167448303 0.0738407017873456 -0.0958633779962646
v 0.0851777898213368 -0.156452479946181 -0.0753043583075986
v 0.135484624154242 -0.167788187409847 -0.0636494667465711
v 0.216695066643252 0.0546220723773785 -0.0553165491636965
v 0.0307358011572989 0.0396214977766817 -0.0800599157020934
v 0.127738194444147 -0.166217678867198 -0.065351081461726
v 0.0928913023945645 -0.130559613651515 -0.0861182019613019
v 0.11403697705785 0.0941288666417116 -0.0630878077300371
v 0.0782994870466936 0.103994998729204 -0.0733383652815126
v 0.142223817288827 -0.163869224693028 -0.0632401189863588
v 0.0787951048512939 0.09878573900807 -0.0679889172257835
v 0.141644243988525 0.0221825888826578 -0.0690547016651935
v 0.0914755639232607 -0.159252984890046 -0.0741484148614148
v -0.0231120858429678 0.108413732224439 -0.0842103361201443
v -0.0232009586623566 0.100608140784245 -0.0903605383895044
v 0.0778652483734533 0.124134313684811 -0.0955901406299722
v 0.0587537003238585 0.126118352537634 -0.0964379570490806
v 0.0704991826737488 0.110546656686078 -0.0800952142022499
v 0.138739854661107 -0.163790475925918 -0.0670013783598856
v 0.0392077563610746 0.0339860725341262 -0.0803541649371495
v 0.0440522853695434 0.0313181125160923 -0.0804324003395546
v 0.206067495339828 0.0506952029768682 -0.0604337772410531
v 0.207231770401153 0.0484876813892627 -0.058827888822266
v 0.212422327072987 0.0513507408694092 -0.0591587190855252
v 0.146328872116205 0.0262332139998114 -0.0740682533358945
v 0.103086878659044 0.10727095689994 -0.0761540882122457
v 0.118768703422536 0.105632157151867 -0.075870823551897
v 0.0895355382744426 -0.0857800087048191 -0.0856386382991919
v 0.0928679528083303 0.107192288248115 -0.0748576273894339
v 0.0796025246194687 -0.057212307099363 -0.0774424331894848
v 0.00512423348709327 0.0599949886638899 -0.0879343626395461
v 0.0779314963985238 -0.0425559994893482 -0.0757076896034622
v 0.0245356509260366 0.0502001199174117 -0.0954775573933442
v 0.091590762411869 -0.155532765817702 -0.077745534007787
v 0.148446545650115 -0.154191084104747 -0.0706291129262855
v 0.0979069116981705 0.103052226831305 -0.0697644057710441
v -0.0166119526717931 0.062949395074125 -0.091830525861164
v 0.220138744328254 0.102293584769177 -0.0561428301155471
v 0.128674405566261 -0.15889448188574 -0.0724107739373834
v 0.223441448187982 0.0990128769684172 -0.0542941871695023
v 0.0633524878310166 0.0182505621029924 -0.0711668552925452
v 0.0629026487588698 0.0140139509264875 -0.0659278607134121
v 0.152833489423736 0.0326326283000105 -0.0710743250377727
v 0.219670086183151 0.0601010144679871 -0.0590492117441165
v 0.224269524275264 0.0684024391947996 -0.0574515093334152
v 0.14056557664457 0.0198049434943006 -0.0792901124114221
v 0.145827815474653 -0.159249879967107 -0.0668580742300958
v 0.0872651779172647 -0.151430499638554 -0.0785252063855422
v 0.216022433865489 0.0557500847168568 -0.0599477831183884
v -0.0123782083459384 0.0650807327392539 -0.0945446383693927
v 0.0534847521872985 0.0244091744779223 -0.0742846577873927
v 0.0317953281786233 0.0416298804406565 -0.0872878405718664
v 0.0868637670263444 -0.143522691062405 -0.0788458582443194
v -0.0183999149339509 0.0840265100758619 -0.0946499561558473
v 0.14242603853844 0.123076029126311 -0.0924768663791027
v 0.115578169477325 0.118431779244123 -0.0886679670883598
v -0.0100378339155157 0.061736193761266 -0.090600156026619
v 0.192506673957161 0.0606750460060455 -0.0704522211383704
v 0.203890898815975 0.0635226875619168 -0.0780058308322903
v 0.208331048122051 0.0596012285722648 -0.072566293673231
v 0.13515548739917 -0.160111507864298 -0.0708773141403386
v -0.000446832098561677 0.124656198966333 -0.0918387242772355
v -0.00938966497311798 0.129964435569219 -0.0970619537899315
v -0.0120930767052533 0.126466553228375 -0.0949168754900219
v 0.227546146401087 0.0968211284917133 -0.0559629953305245
v 0.161078428143524 0.0416804070040506 -0.0738564900427777
v 0.21215657104963 0.0535331349028759 -0.0614891274616321
v 0.0532151725940396 0.0304869706329661 -0.0828225853151708
v 0.211948504219394 0.10568568811852 -0.0591630649750591
v 0.105170760874532 -0.150399750525687 -0.08147318608057
v 0.158297664031699 -0.138459771250664 -0.0762552712179943
v 0.160201488467588 -0.129369245791212 -0.0751762740158523
v 0.0873389642564662 -0.0375923619590984 -0.0898395030383977
v 0.0902973693942848 -0.00281176740408429 -0.0956376152002623
v 0.0566744117030638 0.0245887530667655 -0.0778203630719138
v -0.0214811628984174 0.111301175488059 -0.0895086647851239
v 0.218926195123525 0.104576272014363 -0.059231634594971
v 0.226946673013634 0.102103887203177 -0.0634648745174503
v 0.222753333990794 0.107141537746612 -0.0643452182642865
v 0.227497380324067 0.0991144484890844 -0.0597020676350608
v 0.119319831780731 -0.151617990647468 -0.0795426420582756
v 0.230413523316766 0.0960974055775458 -0.0752909936297415
v 0.16553154049966 0.0457115444327788 -0.0755661500810454
v 0.170668493850905 0.0522697307024856 -0.0699135912325158
v -0.0144914611162128 0.122295324262679 -0.090991239942175
v 0.0981216823584215 -0.14958675252314 -0.0836967477985023
v 0.219231221482046 0.0615134802442527 -0.0630199214654468
v 0.205185140351929 0.0528963415371924 -0.0637842100637795
v 0.154796935983557 -0.143342677916543 -0.0724478849693432
v 0.141998955601985 -0.159289915237206 -0.0706260942777089
v -0.017072395401179 0.115824540651097 -0.0880303327584864
v 0.00966399562263717 0.0608195585977208 -0.0991385861666033
v 0.0408006363624441 0.0369044060796566 -0.0870558860004333
v -0.0104371385843999 0.071066786081392 -0.0992826525736223
v 0.215780325802861 0.0574241922259208 -0.0629498672303828
v 0.0893126620275632 -0.145888390303772 -0.0818793622555195
v -0.0197997218713858 0.112172677246807 -0.0950591902215547
v 0.123245867482148 -0.148860498488017 -0.081922610095562
v 0.113318218327767 -0.143691048418175 -0.0871160689270486
v 0.211891805505639 0.0551892409848934 -0.0638587616682188
v -0.0165695989455269 0.0897104918180926 -0.097123461252661
v 0.0897462149272042 -0.137668490273771 -0.08222980926088
v 0.0906989833681226 0.109356456362599 -0.0776180646874089
v -0.0111182572234456 0.0809548896116405 -0.103493338281098
v 0.146926708972655 0.0255118616260268 -0.0835299270491753
v 0.157293997666695 -0.108525724366173 -0.0760105165019433
v 0.166405273539296 -0.10154684278667 -0.0899662127207538
v 0.168351998368312 -0.12198649023725 -0.0896693220206454
v 0.0321667487929933 0.119002240461245 -0.0883142308738417
v 0.0888263866536782 -0.0449762633008715 -0.0903491334920892
v 0.063763197442725 0.0226466360917451 -0.0773745631795926
v 0.230263110403824 0.0985852862527656 -0.0650847649346174
v 0.0919399232014105 -0.140469671884424 -0.0850429440158068
v 0.20514758824511 0.121618998181156 -0.0813534935435515
v 0.159861894863152 0.117906908033593 -0.0849761639056375
v 0.215872350161743 0.109100252315675 -0.0648181083172884
v 0.215045023124678 0.0589108973980633 -0.0666694533422263
v 0.0158258250035439 0.0572046898742149 -0.104153951930994
v 0.138725907241571 -0.156487813108333 -0.0746242849126
v 0.210168497696195 0.0579224447808668 -0.0711546186609846
v 0.210638059686572 0.0561771782039239 -0.0685469320547768
v 0.00910984432073635 0.119395217406859 -0.08814139511871
v 0.141995877889983 -0.152788346568251 -0.0785443697400167
v 0.148551156028387 -0.150431835784249 -0.0782737660671885
v -0.00209970290747105 0.0660961094465277 -0.0955475559969304
v 0.132452117393456 -0.156272057563608 -0.0749058398219259
v 0.221776959823955 0.0670732381471009 -0.0666514862530047
v 0.0153165970063167 0.125143703177968 -0.0930031761388688
v -0.00404293584393685 0.0693548132258536 -0.100168997251808
v 0.156378782397635 0.0356424910206921 -0.0804205605613615
v 0.208030575152768 0.108981197585027 -0.0650041822420186
v 0.218459048533478 0.0629121754794966 -0.0672021736190953
v -0.00692123304571794 0.0724549680284331 -0.10293913164659
v 0.000648764692073486 0.0680303642109374 -0.100330518600483
v 0.10352402053722 -0.0107500711180696 -0.111486569046204
v 0.108035732972458 -0.0346272757223152 -0.114236720084542
v 0.0745781649640463 0.0103488064555795 -0.0784239599573772
v 0.0817854080060242 0.111126322896386 -0.0810408015448637
v 0.169724762218354 0.0501929543045687 -0.0775976126138945
v 0.0968622213379721 -0.140707013209762 -0.0890710320570796
v 0.0982630768591111 -0.145335427339886 -0.0871411006269588
v 0.133597053181716 -0.147778544894109 -0.0823731363196096
v 0.165104184513746 -0.127986653875699 -0.0849200008893839
v -0.00135343692214948 0.105771002585405 -0.118564953417508
v -0.00384815534816077 0.0887286246538571 -0.114584140648858
v 0.0942970472350622 -0.0663359368740088 -0.0934112363933804
v 0.094441850613983 0.113740404478983 -0.0830309030077725
v 0.0627673203884071 0.0311476837104575 -0.0856374678916693
v 0.0682185725407912 0.0246574394661744 -0.0797458971718582
v 0.214535386814737 0.0599971505431805 -0.0709925218916522
v 0.0541014058164966 0.0385981669690326 -0.0905637860216254
v 0.0561582733077041 0.0341210548125963 -0.0869652943357416
v 0.0826403243982771 -0.0549783224609941 -0.0818820405799465
v 0.0973296854938783 -0.110124350108503 -0.0932020780170603
v -0.00727456052537205 0.0764130439923747 -0.108609422028124
v 0.221324661628162 0.0687416144016743 -0.070989818124141
v 0.0920158718089664 0.116340536657184 -0.0853174047710606
v 0.0425649698833775 0.0463136213487858 -0.0973614110882648
v 0.0480603516442892 0.0430856735597062 -0.0944945826245721
v 0.0409028888277473 0.0511112718538669 -0.101724636800406
v 0.0230668611918992 0.128296769586698 -0.096443111383153
v 0.178633692206354 0.0589199332793361 -0.0822283683904436
v 0.214850396707603 0.111540533718556 -0.0675862565140427
v 0.227480132554655 0.10568960647563 -0.0665125497078553
v 0.218167828873063 0.0643248603001843 -0.0712589283592415
v 0.15498031402018 -0.143739517649423 -0.0789314691067328
v 0.168445622448302 0.0475203753219277 -0.0891184463135599
v 0.124268525564148 -0.139547137851074 -0.0900145619176392
v 0.2067738419803 0.114160852347021 -0.071019217548035
v 0.102782366029121 -0.143674279718531 -0.0883770710983301
v 0.223611963620028 0.110752259755512 -0.0670562488430186
v 0.143960334089286 0.0204807966230486 -0.0906756393525856
v 0.00117708662318319 0.069426362643568 -0.107711781671722
v 0.0974669794706683 0.118727083805695 -0.0876773419945758
v 0.232388555038589 0.10591920797992 -0.0716419276148883
v 0.209818062678213 0.060407768007023 -0.0740245508657456
v -0.0167097238223664 0.120604262995059 -0.0952923494433044
v 0.223972097629804 0.114203224607378 -0.0698371688488363
v 0.216440996390298 0.114994294929236 -0.071117328055603
v 0.0815874791761871 0.115925194475624 -0.0865248902319874
v 0.214665719886079 0.0618920218175855 -0.0742703712674016
v -0.00942164240093003 0.12050605212772 -0.110302743061683
v 0.145637407015525 -0.14860429544099 -0.0822686461753463
v 0.137585251910382 -0.144891135825361 -0.0848773220610096
v 0.169758726013418 -0.0794046752211734 -0.099415615437926
v 0.00579980977202673 0.0646238707385815 -0.106669177019481
v 0.225911918456648 0.0809585971131164 -0.0736149757918904
v 0.225466513324215 0.0869367461141092 -0.0859584774187731
v 0.214350535892081 0.0640122075837044 -0.0775638310532648
v 0.0997917523429245 -0.135110988871507 -0.0929454392455818
v -0.00232902261440879 0.0722667871182803 -0.111375553937714
v 0.142449321066563 -0.143543283539635 -0.0864407090076717
v 0.155256942645615 -0.140276964679132 -0.086224083825562
v 0.161908419573932 -0.133308007169729 -0.0870071755602444
v 0.159782699495655 0.0385334605074214 -0.0900937651260817
v 0.00628122049234076 0.129559725030687 -0.0964425825821547
v 0.229331203186176 0.10971638272049 -0.0688741834270419
v 0.217983740616887 0.0663256487201407 -0.0752236666779781
v 0.0983994065530834 -0.127848745845615 -0.0927338127409526
v 0.149190450929633 0.0270513090902821 -0.091841153441885
v 0.159141334094602 -0.00485263270814743 -0.111749181471819
v 0.153039736886358 0.0132213958106352 -0.110848892127056
v 0.101325250663203 -0.085143229089553 -0.100423197344023
v 0.105057530456281 -0.103909789628201 -0.103081990306024
v 0.0230058215592062 0.0568748314812061 -0.108709267522063
v 0.0763194422029689 0.0271583604583462 -0.084953052296736
v 0.131264692650172 -0.130828085318851 -0.0964402427124393
v 0.138967716871313 -0.135735392571176 -0.0922131628086869
v 0.17904421111318 -0.0566748470868049 -0.117871497362254
v -0.00471552137148838 0.0766532503165841 -0.113001284776786
v 0.0584338234512402 0.0397868431126538 -0.0925997481924413
v 0.0669711938434081 0.0349110631737582 -0.0878228193743892
v 0.234735664201472 0.11339659442142 -0.0783325058525521
v 0.155366041434718 0.0341110893682899 -0.0910222129393146
v 0.0987036428725438 -0.117057846221547 -0.0945191954694167
v 0.148961346341892 -0.143743779762554 -0.086285749423953
v 0.116734760895259 0.125356942366484 -0.0965321075532652
v 0.196899987994169 0.0681308005563821 -0.0851487050887332
v 0.205040393483578 0.0669661440162551 -0.0826906368988895
v -0.00510191720428933 0.131901041561293 -0.0977375643050059
v 0.106615636583882 -0.133680974290675 -0.0956606625418838
v 0.183723782228676 0.0628232489340153 -0.0851853744378799
v 0.213791134325978 0.0655991784296598 -0.0810794693429694
v -0.00894118579963497 0.127095118658996 -0.106507122740646
v 0.20300681416598 0.0685474578884514 -0.0854668752827024
v 0.221351666438627 0.071530001096438 -0.0795827035068842
v 0.215113799069723 0.117037259630819 -0.0743432876075498
v 0.0754151281610763 0.0398008910501158 -0.0923513539869789
v 0.0616098636768455 0.046656763415143 -0.0985995264135723
v 0.102055221824412 -0.12966690831666 -0.0960931659491801
v 0.0945115722840026 -0.0457840930822977 -0.0958480632700785
v 0.231111729844985 0.113360234895596 -0.07197929906581
v 0.101148159137683 -0.122235725776932 -0.0967181741667729
v 0.105463337673646 0.121837862025534 -0.0910746337009417
v 0.0469831794922493 0.0473646043606314 -0.0986583341549548
v 0.217624435819728 0.0695415714593869 -0.083450770225823
v 0.223524340780882 0.116879431156288 -0.0731438797707519
v 0.0843967013912701 0.0193018335895652 -0.0919411814796439
v -0.0017346133285701 0.134447912989614 -0.0995207645942646
v 0.00334971260421784 0.0683527926957494 -0.111860310431195
v 0.216248195979264 0.12013699107901 -0.0783085370346398
v 0.0557468372020847 0.0500016516321778 -0.101193246340124
v 0.0203569524076875 0.0605748204301058 -0.114089256459871
v 0.152518182325516 -0.138349776292661 -0.090145047346571
v -0.0104013590702447 0.128519536100137 -0.0995601982679776
v 0.00735155424001079 0.0643805775628045 -0.112349593621219
v 0.0912377358933077 0.122644735475915 -0.0920481715308387
v 0.212397575420973 0.0686793079085496 -0.0842944896150466
v -0.000116473620959924 0.071936964570533 -0.115632633999626
v 0.189151666161581 0.134831218487892 -0.101398242299936
v 0.103974764073185 -0.116542883133489 -0.100434745831375
v 0.127808058137548 0.129653172882531 -0.101521914370633
v 0.0921562555044176 0.0120947596465767 -0.102197428713223
v 0.094613449885708 0.00647195353681447 -0.104262721251267
v 0.129324867161922 -0.126009731313006 -0.100279219750637
v 0.0215639164821908 0.139650615959204 -0.109131418331328
v 0.231481113402978 0.116886662237902 -0.0755993701494137
v 0.224537725632933 0.119961885259166 -0.0776065051013004
v 0.104756600764737 -0.12435635723357 -0.10013066176666
v 0.230693534668103 0.116636114707621 -0.0964678049398796
v 0.214324838955327 0.122916351543557 -0.0809898770640595
v 0.0774400291023054 0.0441909556569875 -0.0962513690558819
v 0.163140827649622 -0.128956525905952 -0.0954659265090407
v 0.00531551471231537 0.0674987727363952 -0.115948320113215
v 0.10732000962292 -0.110017472302578 -0.10470300774008
v 0.0181160836220241 0.0647857659161298 -0.119399520834255
v 0.190503501601986 0.0671906891835753 -0.102382903932211
v -0.00175547517325478 0.0770498955631583 -0.117032180070923
v 0.0990074031426673 0.122846868969531 -0.0917457788543326
v 0.0784895033005177 0.129490428264228 -0.101745713119926
v 0.0737480983447347 0.132735662651768 -0.104790536168779
v 0.084683502446383 0.0318412496858766 -0.0936698074494405
v 0.0526825823261344 0.0595519902238728 -0.109465660102408
v 0.220792202532374 0.0732151413697075 -0.0839217174606032
v 0.217260336409414 0.127673106112912 -0.0853501561539467
v 0.219348797865575 0.0758098006123759 -0.0876990895148689
v 0.000584465191373484 0.0835730451933829 -0.119973304551394
v 0.171535103066215 -0.115890546921687 -0.0942205751251428
v 0.00186258888561377 0.134997343731644 -0.101826083756629
v -0.00785007309740662 0.131743438582084 -0.102853685743485
v 0.0949063785895692 0.127858754622941 -0.0968571243939969
v 0.10788237972394 -0.123829134731073 -0.102406590427841
v 0.0978661467894156 0.0347610535582429 -0.109202344430094
v 0.147012741413078 -0.127176378689631 -0.0981652610660464
v 0.155971897201434 -0.132748731780614 -0.0946378158491864
v 0.111223740232672 -0.074793047970927 -0.11398741056956
v 0.155983767345044 0.0339631986073302 -0.0978508196366911
v 0.00225716778764878 0.071656696172454 -0.119866403824281
v 0.215986593160282 0.0720354426509993 -0.0870355645963868
v 0.00826998417096293 0.0676870237122614 -0.119477345614051
v 0.23049575423835 0.11996996740079 -0.079243036597252
v 0.0992234046050369 0.00349587136280676 -0.109371665354124
v 0.176856137358995 0.0557843580588891 -0.0935406970918714
v 0.168918759646605 0.0472257871857819 -0.0982232449323638
v 0.174016593937384 0.0520793912731916 -0.103827600794887
v 0.210393817727542 0.0715370871625593 -0.0865943652713792
v 0.10785213802256 -0.117976096792956 -0.104266940461651
v 0.00173128406058244 0.136887010310627 -0.109072354787941
v 0.174543711775402 -0.109785986196111 -0.0989302808858968
v 0.00116188653116426 0.077364030071746 -0.121115641851546
v 0.228585675050373 0.122808126925413 -0.0822922017948884
v 0.224637099686549 0.125526486377059 -0.0844377281541248
v 0.107984803122371 -0.0977687961328493 -0.107204800837612
v 0.0120083993800694 0.141817137158648 -0.114754565037164
v -0.00449334076458082 0.134386206325757 -0.104910048672717
v 0.00441019326562841 0.0916896004508616 -0.125083673873775
v 0.17005312118856 -0.122225945673878 -0.0961869275507027
v 0.208178192842423 0.0739393139586838 -0.0940190527160635
v 0.200024892234903 0.0713770000231904 -0.0962858802002325
v 0.0695208974261938 0.0577601589971746 -0.107771289547124
v 0.0730674263083613 0.0492954489650819 -0.100975360513871
v 0.115295922009082 -0.116246956649647 -0.107939301719773
v 0.135944472910846 -0.116783580403118 -0.106764100251795
v 0.132373583775601 -0.121240178815469 -0.103967321568268
v 0.00571851341379261 0.0724169236069905 -0.123591284174044
v 0.23248936210635 0.120037283461505 -0.0848940876846311
v 0.133676373344173 -0.110999054798424 -0.110827546963175
v 0.0120088283464579 0.0679887676272605 -0.12163332863945
v 0.0275179532398847 0.0695986187524199 -0.123941628723361
v 0.209399480250305 0.0729702954601226 -0.0903174741545738
v 0.151179603751278 0.024067105924413 -0.104238534454546
v -0.00160257746904016 0.136361723365614 -0.10703937222924
v 0.101197038385398 0.126862650594913 -0.0963685992147846
v 0.113385051699108 -0.0826398845482475 -0.115178038633986
v 0.110626406368514 -0.0902722469587474 -0.110967255108615
v -0.00294027009413868 0.133942513782867 -0.111096605585141
v 0.159500005084384 -0.126572222863773 -0.099115578629665
v 0.214084406128185 0.0749099069002656 -0.0901261043079122
v 0.00291700766472315 0.137457768005128 -0.115988383033306
v 0.153737045817759 0.0278712214231565 -0.107935607111701
v 0.0346508662625028 0.068080629200208 -0.121220149011686
v 0.164231216810906 0.0420941993965546 -0.0996173405045503
v 0.00462548543064181 0.0784851762153253 -0.124550774603974
v 0.0748284274530871 0.053326355500854 -0.104954544139484
v 0.156621361872157 0.0286651140904864 -0.117964948295235
v 0.214131076516539 0.132471426178231 -0.091603665358821
v 0.221029188197161 0.0829172648785517 -0.0956347138889464
v 0.221674297319148 0.0898713003029182 -0.103041335397404
v 0.152028053515338 -0.125253441031776 -0.0997034726860701
v 0.00811898730039 0.0860646341260077 -0.128197624608693
v 0.162170151760175 -0.11990370263112 -0.103515513940701
v 0.168855228688189 -0.117092710018132 -0.104038059368872
v 0.1108653381062 -0.111919056107575 -0.107871504260802
v -0.00185035075184175 0.132866098521036 -0.118159785764704
v 0.000462939995553886 0.13345896675629 -0.123380503736664
v 0.00088046445114502 0.129397899316996 -0.125661703033365
v 0.173256957420027 -0.116081895395102 -0.100995421006176
v 0.218151332230055 0.0779842209169122 -0.0913529426857247
v 0.105616241409711 0.134765453216186 -0.105849223312514
v 0.09821366892484 0.132386408922747 -0.102237612196642
v 0.0874465576105322 0.0374541994828699 -0.0973053890763004
v 0.150930850285447 -0.123129291614442 -0.101087263003278
v 0.144718107848526 -0.111538753858731 -0.109800447248176
v 0.015974080068973 0.06931051855018 -0.123689147034104
v 0.110096012608569 -0.102766162875762 -0.1097559863853
v 0.103645915266968 5.87027609011795e-05 -0.114323671832635
v 0.00826471189455169 0.0797043563696966 -0.127907684891149
v 0.00953492056966406 0.0735947779632027 -0.126507268837812
v 0.17696044683367 -0.0954178670800758 -0.103112939085831
v 0.158534443103173 0.0351167182755062 -0.108770313002708
v 0.164946150222728 0.0419794469305858 -0.106578109671053
v 0.112020134824966 -0.0577436070838509 -0.117174124396641
v 0.158108403614951 -0.12461254556728 -0.100418063934111
v 0.213066898018269 0.0766153616119652 -0.0935811834969457
v 0.180160847810305 -0.0897972544734954 -0.107579397532156
v 0.156793502925983 0.147892522315033 -0.121895860569367
v 0.136826005786834 0.146034894245406 -0.120537304993741
v 0.113000578827449 0.143784270863192 -0.116769201954535
v 0.0658391756963377 0.0633451854956666 -0.113113718712936
v 0.230001301056907 0.122604552922178 -0.0876785881032005
v 0.0756010222066998 0.0563228873777479 -0.109259288865782
v 0.0879656901369217 0.0540877954739291 -0.108683420472243
v 0.158255172979585 -0.114077813735807 -0.107519132228575
v 0.116425310832328 -0.110603581843058 -0.111277708918666
v 0.177250993337289 -0.104064470243404 -0.103538772096123
v -0.000464799141544498 0.135923772264159 -0.113725784254793
v 0.178100312783765 0.0566990504633939 -0.101840840324897
v 0.216468906883283 0.0803567399981672 -0.0996103604678677
v 0.02014905640419 0.0704619440812735 -0.125374930547249
v 0.220579980306241 0.130774076956854 -0.0908321365839995
v 0.011303683128747 0.0807245497009287 -0.131172068758683
v 0.0135777047166661 0.0755530225058137 -0.12887098953831
v 0.17590688863625 -0.109693032816992 -0.105735569425991
v 0.204974676701657 0.0748214874720546 -0.104078963762478
v 0.199540627110849 0.0717287140382445 -0.113088909815787
v 0.16119822240037 0.0377035465427265 -0.11241434484802
v 0.0852713325047645 0.0460666349583022 -0.100202887536255
v 0.172537960172079 0.0502940656966171 -0.115425199142067
v 0.176472313079131 0.0545549887332669 -0.106713469507938
v 0.22457210677242 0.127078263671096 -0.0884898177391298
v 0.0894914406674415 0.13393343909896 -0.106762836393504
v 0.096821503407422 0.143265867747179 -0.117325490490747
v 0.0780368217352238 0.145976347629721 -0.119397549081666
v 0.228734821231339 0.125215950227459 -0.0917706059876996
v 0.208065274345807 0.0793276852527991 -0.114489261371813
v 0.209294004268914 0.0796160512489551 -0.110440219669792
v 0.178817926860008 0.0568925470264852 -0.109424196163998
v 0.0917556610818126 0.132386671344521 -0.103478740744893
v 0.112682468664448 -0.0968308970358765 -0.113149060492275
v 0.206845135009144 0.0743318483340318 -0.0973394162400095
v 0.212165751283427 0.0772765526363811 -0.0975075779300729
v 0.00676328949248137 0.14028138109201 -0.125080238169258
v 0.0620623470931259 0.163207309483215 -0.13729253927763
v 0.0368613382592055 0.150821045544276 -0.122543772570108
v 0.0175150261760792 0.0752704407191478 -0.130102086848157
v 0.096415261587844 0.134561676927683 -0.105091213946649
v 0.0754406783127396 0.0690832407330122 -0.124402394063908
v 0.0847770450283263 0.0663548259304471 -0.121056065161774
v 0.0820131781727481 0.057749007732383 -0.114089330066448
v 0.0548007328180524 0.0648685704672263 -0.114773677303599
v 0.0689168404064197 0.0652851144057925 -0.119895692585351
v 0.171515247329271 -0.110635295806514 -0.108561050459861
v 0.116886179104563 -0.104986323839536 -0.114774022991675
v 0.0115738319892821 0.0942040707201201 -0.135289050189548
v 0.0106707005966563 0.0869352509406642 -0.131444547339228
v 0.102187591724322 0.0207202795789116 -0.11274522351795
v 0.161868479155713 -0.109361759284746 -0.110472787355661
v 0.180321703684282 -0.0974742129341173 -0.11567653084247
v 0.027755832618787 0.0765156278504427 -0.132494403046429
v 0.034173572753491 0.0749600510711048 -0.129556058856379
v 0.211140784082593 0.0779218104232295 -0.101610140623841
v 0.165244144523564 -0.104121389095621 -0.113990640491427
v 0.0118774125830026 0.0805844850010258 -0.131662278538004
v 0.0165252975859964 0.0766063612972938 -0.131849973750298
v 0.177952248201748 -0.103376915697171 -0.110744999512577
v 0.00987592041802838 0.109954820210488 -0.134864575635025
v 0.00288533982389486 0.135968250036242 -0.126117295818123
v 0.229689574565866 0.12410667148535 -0.098082814319097
v 0.115550212419554 -0.0895600158244336 -0.116509420238116
v 0.187300160227803 0.0647570314836168 -0.112463578504187
v 0.018083996032375 0.0774614814884902 -0.133327245350582
v 0.0554234383709718 0.0695383805327182 -0.121176438709878
v 0.0921428662977962 0.0472126382845502 -0.104981627182397
v 0.223412663378521 0.10835673884572 -0.116172344454549
v 0.229033579645804 0.116709790064045 -0.105359500591078
v 0.224245440790114 0.12901477260756 -0.0936592093324679
v 0.217479551085494 0.135551293055833 -0.0979360404730724
v 0.173627645434886 -0.10403119978058 -0.113526068988201
v 0.0150148850713964 0.0822279584640698 -0.134808900799958
v 0.118882714780037 -0.0538117399051111 -0.126799436329467
v 0.123123910457604 -0.0963429498065576 -0.120200115110194
v 0.215076939210373 0.0811285679015838 -0.103426351271278
v 0.12864346694347 -0.0929949755851132 -0.122192349836336
v 0.134985392089492 -0.106697787136906 -0.114243413232054
v 0.222761385713111 0.131687368071211 -0.0975600162256822
v 0.116100885190275 -0.0758454332692841 -0.119324130341223
v 0.0185452720226237 0.0907935375777486 -0.142033870106641
v 0.0179845793111319 0.0835574279627762 -0.138345019599034
v 0.210111608173505 0.0784056890670664 -0.105878455180836
v 0.0216344133157207 0.0794975273412263 -0.13607693409856
v 0.226845791950045 0.127426680699558 -0.0959754970776933
v 0.14189471020201 -0.105939306376137 -0.113736937754001
v 0.160667061523538 0.0370163712404868 -0.119482642103718
v 0.121092213015734 -0.0473164072998309 -0.130731659012625
v 0.143921344484923 -0.0958740834039367 -0.120296639329427
v 0.153778651001947 -0.0947091390470742 -0.120310820537904
v 0.138856370022109 -0.0880580010227056 -0.125757794810537
v 0.145129138963509 -0.084321351819685 -0.127387466156592
v 0.0137661897718991 0.103079259931744 -0.138044236179328
v 0.229658329936816 0.12986469142363 -0.116375548740469
v 0.229233807288289 0.129035008698186 -0.106501587940526
v 0.138482328375672 -0.0991572993957381 -0.118497462103896
v 0.185363899081785 -0.0865427599254554 -0.11819353116304
v 0.120614909668849 -0.0905613633495583 -0.12042828098349
v 0.101131150008183 0.0526655202959774 -0.114283881807592
v 0.0984694817377119 0.0471663143512961 -0.110462635723779
v 0.111758368483733 0.00329579034726579 -0.123287899444974
v 0.118013047969779 -0.0820066541223083 -0.121035639701997
v 0.118542522698647 -0.0685934629397997 -0.12376508565499
v 0.0904985996550709 0.0621395316465413 -0.117004205162482
v 0.0055170044102704 0.135303505328296 -0.131288336272852
v 0.00494727725608859 0.126424432241113 -0.130892187451753
v 0.213988760631481 0.0816965544193724 -0.108036313938664
v 0.168450547346832 -0.0986261121791816 -0.117552121590827
v 0.0632640838918258 0.0711792627659404 -0.124477388698645
v 0.131844438386745 -0.091523926061187 -0.12330972302026
v 0.175514539258722 -0.0967698519751653 -0.118109079566315
v 0.0178774635638975 0.147182470238891 -0.119055513993878
v 0.0965194203819087 0.0735381091866778 -0.129086730010271
v 0.0905362201479294 0.0748936229034261 -0.127966447145214
v 0.0940131202313711 0.0820279738536047 -0.141445292517233
v 0.210039822786538 0.080005745029978 -0.108838632481373
v 0.0417959389236989 0.087686365755621 -0.142779535082577
v 0.0479803328691873 0.0857033442962438 -0.140277910517812
v 0.0136209726605565 0.137029151930223 -0.142113732148585
v 0.0112780341417012 0.128293928843799 -0.137737240034504
v 0.188310086823559 0.0695919574574109 -0.126951557045385
v 0.188105926827007 0.0674157224234768 -0.120474421967641
v 0.181627845045777 0.060465673886031 -0.119479491052987
v 0.225880551752503 0.129780636809825 -0.100054876280908
v 0.0243918559419357 0.152187916120355 -0.123126565625364
v 0.2176771818682 0.0859444911419944 -0.107926456165948
v 0.160692545673869 0.0357892648964594 -0.126011207244462
v 0.159778610108555 0.0184488287130017 -0.124390353617939
v 0.20727206810397 0.137838507461987 -0.100676149369659
v 0.181804507038355 -0.0905658764463655 -0.12031045022283
v 0.0623089843068453 0.0895553178017506 -0.142571066316368
v 0.0748193704788935 0.0835402327300712 -0.136482008788
v 0.221627636643389 0.134225934720778 -0.101332375299091
v 0.165140416884795 0.0423802320624316 -0.12044113580833
v 0.21599173787788 0.137634776329176 -0.101334947983562
v 0.0211180977930681 0.0851856902280946 -0.141089649186242
v 0.00986796094138167 0.120741014508533 -0.136262217681878
v 0.224536492403396 0.11604981585735 -0.120818041797846
v 0.0292911316592978 0.0842388652524487 -0.140715162071798
v 0.100452744017556 0.148171115936217 -0.122422173416329
v 0.109777736797962 -0.00985687282300654 -0.121183634724217
v 0.119183324749727 -0.0168375578675321 -0.131844686598945
v 0.121889407002208 -0.0841604591117726 -0.124286976246631
v 0.120961329492579 -0.0609410178190893 -0.128215933977885
v 0.0153315530623982 0.147046926747127 -0.123705630148322
v 0.223194876287875 0.110809323778694 -0.120342089928261
v 0.170777156581401 -0.0918007286595056 -0.12188038390211
v 0.155534171357671 -0.0876735820673632 -0.124710654349599
v 0.213453853131401 0.0832001379047571 -0.11149094347144
v 0.121072089756932 -0.0748053939816406 -0.125694985286046
v 0.0217121877486111 0.0929497608813485 -0.14527164343707
v 0.0199473713153318 0.106811642171402 -0.144097726674031
v 0.127510069661562 -0.00679748833195255 -0.145379176660685
v 0.16571408350591 0.042997141091975 -0.126729228359726
v 0.225329111667403 0.132262386537074 -0.104240897146154
v 0.214507441130855 0.140072123959363 -0.10445215271612
v 0.187369978237738 -0.0716283477938945 -0.121860900064575
v 0.218985621447056 0.0929058350045137 -0.115543639644099
v 0.152426618205719 -0.0898676904234455 -0.123495279035445
v 0.0827579120534963 0.0814989040591466 -0.134074251758227
v 0.163151185752182 0.0262575302511286 -0.132747749562877
v 0.177999473791181 0.0569772944067561 -0.128453953077366
v 0.012832993387221 0.110813557815839 -0.137970234368961
v 0.011299753713627 0.143917118047969 -0.133490930591459
v 0.213252501067926 0.0847845418505004 -0.11457001296375
v 0.184885227198588 -0.0387320159949421 -0.131171022959474
v 0.188055737735127 -0.0264481309983297 -0.139804130377323
v 0.220726883268376 0.13693515697613 -0.104900672792693
v 0.163188117765982 0.0392507171650341 -0.129672576769656
v 0.187018417235754 -0.0804274477200548 -0.123378073888066
v 0.177205934824916 -0.0890259522900719 -0.122689408133069
v 0.179209025221225 -0.082121911247253 -0.12746700145309
v 0.0215771102107977 0.116147920525819 -0.147025975908098
v 0.0246487328911372 0.0871372783147865 -0.143916313420865
v 0.116458737643208 0.148532208572044 -0.122028563980998
v 0.165848387441852 0.0349111391598447 -0.14113909729341
v 0.181157643604479 -0.00299362899498392 -0.14353586148013
v 0.177872674511554 0.0372989524758819 -0.163042680006544
v 0.167415320824149 -0.0864694827003747 -0.12540434102172
v 0.170734547783802 0.0487640401780279 -0.126667884422792
v 0.0141088657010692 0.146941630379999 -0.136492236127605
v 0.174685289151108 0.160536185710177 -0.138289179467992
v 0.164696784819584 0.162751433222802 -0.141475775732835
v 0.19419438843758 0.0693783346954491 -0.116970201267316
v 0.19926906461598 0.152333909024433 -0.125801207909506
v 0.215921167531237 0.0887155987259961 -0.115823040803681
v 0.106013264641087 0.0386795593723269 -0.118881662138133
v 0.124377648897758 -0.0772110156570359 -0.128875633308475
v 0.113775267061063 0.018703994930917 -0.1274276844567
v 0.0248046050148417 0.0945687851703755 -0.14808952742322
v 0.224329376349586 0.134218298828811 -0.10829283324936
v 0.21260120873571 0.0854615940776617 -0.118677450742515
v 0.0173038054193417 0.126669556742305 -0.143932580591732
v 0.212831272211985 0.141955879849348 -0.107741601092267
v 0.219246441494355 0.138934983130361 -0.108380583091639
v 0.123543878980931 -0.0674464689095953 -0.130511013146173
v 0.193179088038553 0.00901286839522611 -0.170415589315299
v 0.191177934078917 0.0364457958986445 -0.179655571427243
v 0.181232434921246 0.0433851002713335 -0.170825275223723
v 0.0281706140037547 0.0894582987022998 -0.146356191967041
v 0.0319041826123463 0.0915450625509037 -0.148994465538971
v 0.189931609904557 -0.0732656240697713 -0.128329037059864
v 0.207301479875956 0.0794946830412221 -0.121331772003305
v 0.208744758370116 0.0825285621317417 -0.124645064949674
v 0.0161734975906211 0.148875254596236 -0.13217289579775
v 0.0238458522277793 0.156076973606901 -0.131321644625027
v 0.103437347122649 0.0575454313170583 -0.117922610397182
v 0.135448519106553 0.154954909172973 -0.131330936705247
v 0.0919759519633277 0.0664847760909806 -0.120980996181403
v 0.170485648281153 -0.0811371846796088 -0.128790830313901
v 0.132612894363509 -0.0737981589569518 -0.13350127441693
v 0.0380796541033656 0.159944184282841 -0.132797156839926
v 0.127823912045005 -0.0411998081935234 -0.140832646212608
v 0.150722095252604 -0.0804776818803003 -0.129608229569525
v 0.223235218902048 0.137130005282328 -0.111685484426412
v 0.227039693393143 0.136325763431952 -0.118565040847238
v 0.214575594044772 0.143564377977708 -0.113863098869363
v 0.207660395566943 0.145395535905827 -0.113425637023275
v 0.152167221752699 -0.0735066338383343 -0.133543678553809
v 0.15687061793917 -0.0697828385459837 -0.135651858959551
v 0.185361900319525 -0.0770792728069502 -0.12994014043485
v 0.0279569796626571 0.0965259560969775 -0.150944850142401
v 0.218042342448786 0.14112317644477 -0.112210170715812
v 0.192546016721876 0.0749708655142781 -0.133512427921168
v 0.199457558487305 0.0820323702171828 -0.142878422707412
v 0.206406820457429 0.0820988482195177 -0.13011499260309
v 0.171369334904611 0.0491964663616414 -0.133535275622826
v 0.0972162369038615 0.0703876683412236 -0.124491595619656
v 0.120616761138875 0.15316199217415 -0.127621854654754
v 0.112382118347835 0.0491068432492306 -0.126295499908783
v 0.212545804027054 0.0867202999703537 -0.122453725956119
v 0.125960075691263 -0.0599270462917526 -0.134331782790334
v 0.109153176045418 0.0634637077492469 -0.127789798901774
v 0.217868144686115 0.0942430825755326 -0.11988171075183
v 0.215286180020654 0.0897600151054333 -0.119830885122936
v 0.146556369272151 -0.0715152356731541 -0.134547694517565
v 0.217356100570528 0.0955744446093879 -0.124251838362406
v 0.220868408204085 0.103381933331408 -0.130230934970084
v 0.222978190720432 0.138976173811484 -0.116168176389815
v 0.0279006777043363 0.111225555037458 -0.153693109409053
v 0.0359716406037071 0.125374531433909 -0.166304435690145
v 0.0189986990150007 0.151812641240205 -0.13483875154169
v 0.194357666209399 -0.0214034303699802 -0.149378721936009
v 0.195462931692642 -0.0174795588468755 -0.160489206978311
v 0.193552062644132 -0.00878979492127983 -0.158410466902471
v 0.0295268009367058 0.161444863162738 -0.136764911615466
v 0.0267090881127432 0.15885087217031 -0.13433034754977
v 0.182702754060554 0.0631372615018256 -0.133713107485216
v 0.173779794871765 -0.0754407572656086 -0.132285255431277
v 0.18138996756543 -0.0745480629333134 -0.132248464191573
v 0.19251077959134 -0.0666786139191671 -0.13283907244704
v 0.188485961991603 -0.0700546848171117 -0.13467309717204
v 0.133529123853333 -0.0673891740452654 -0.137299345070495
v 0.221719949810408 0.142111550297904 -0.119120157340109
v 0.197087469696032 -0.0381278838298474 -0.145690594957512
v 0.215951539930753 0.145492721419577 -0.119246158225598
v 0.0900886539132129 0.163496300928814 -0.140119504495613
v 0.184805800187296 0.0665553001330608 -0.136242668936573
v 0.0452272912020408 0.0901434896805184 -0.145424034044631
v 0.128443985194304 -0.062473196502955 -0.136947503798503
v 0.213558931230992 0.0897881728433082 -0.126494785465861
v 0.228638635805823 0.130206784648133 -0.125897328102313
v 0.0393454928012064 0.0923221403070098 -0.148733590054514
v 0.0313356986788553 0.098243359965265 -0.153541813952533
v 0.193162655841832 -0.0514072970115383 -0.136355964098619
v 0.0168839248150618 0.149742037660574 -0.139423233868577
v 0.125584717713396 -0.0478438793426993 -0.136617765182767
v 0.0374932082260401 0.165679029404897 -0.139850607499924
v 0.129747478683251 -0.0336618839725765 -0.145070287077047
v 0.021584068967627 0.154703557245103 -0.137412629480041
v 0.112593636203216 0.0619072471003378 -0.134990842619718
v 0.10568113988273 0.0688959474444094 -0.138226686961886
v 0.19532777538335 -0.0446779800150992 -0.140936903622017
v 0.223896239431213 0.116430779741683 -0.127198063844713
v 0.115382489845163 0.0544211338103307 -0.130095087000855
v 0.216890341681458 0.0950620759228938 -0.127607305122414
v 0.209981096120988 0.0856032195622691 -0.128431639065828
v 0.194599641185141 -0.0598707595514878 -0.137665193716036
v 0.176941795524575 -0.0701309829424798 -0.135815376143458
v 0.0319876779061207 0.105696843398806 -0.157093795868255
v 0.132176342411695 -0.0553031769945442 -0.142458116764283
v 0.19134467836356 -0.0630511070077388 -0.139488893464328
v 0.0396590920708516 0.0965490633670627 -0.152852791343924
v 0.180269664431009 -0.0632894971330281 -0.139776722442056
v 0.101630314522291 0.170652476201922 -0.149441976569447
v 0.106393693623763 0.184224378299059 -0.167005231399056
v 0.0877521997391409 0.183914753617929 -0.165984873175502
v 0.135445838028138 -0.00927585056437311 -0.156963809657333
v 0.133517857690254 -0.0178870099240728 -0.152924578147686
v 0.227407970258447 0.138981823239832 -0.122062776866152
v 0.225178047862639 0.108601317558897 -0.143226346244601
v 0.237193369770025 0.138462721351813 -0.143041355418658
v 0.233410502766498 0.135801025700291 -0.134119433756116
v 0.0480824855332415 0.093181700055 -0.14816312219317
v 0.0995392148610292 0.075645341360656 -0.140306592902576
v 0.122242713271627 0.160058136704142 -0.135956070922916
v 0.12572069399038 0.164431041742179 -0.141409451247507
v 0.133827894460924 -0.0610655799086618 -0.14104331158934
v 0.151805302399137 -0.0683585871876505 -0.136791599563333
v 0.155817686272024 -0.0596505539036518 -0.142287387091474
v 0.158499952374144 -0.0631745804678669 -0.139804583233788
v 0.185552834467119 -0.0596312525021526 -0.142340367404018
v 0.0173949707309134 0.147782209553095 -0.14745697472457
v 0.0195304195292936 0.152480885080885 -0.142620408585654
v 0.182016577397657 0.0615958123274582 -0.14541816801602
v 0.0548671354160927 0.0987520648280838 -0.153119760678705
v 0.0697172665332319 0.0955605062871473 -0.147410576621611
v 0.0229334712430825 0.156473505378484 -0.143719683750628
v 0.160669125910864 -0.0555708222793787 -0.144577837784774
v 0.175944680025687 -0.0572394213766704 -0.143790411576928
v 0.0808994203266318 0.0910891717928712 -0.143959991575844
v 0.0785156235942366 0.0959655453886347 -0.151024682965091
v 0.085467785109243 0.0913951885605607 -0.150539616879979
v 0.0209270061984887 0.147856569722981 -0.154648660412661
v 0.0455265634157732 0.0982754927858281 -0.153613323603781
v 0.0350398120393612 0.099925815545208 -0.156023501776337
v 0.0302071685576234 0.161892860249871 -0.136995248761673
v 0.131721700334035 -0.0265278190202518 -0.148927991978221
v 0.195767859306105 -0.0528774728916524 -0.14285232365888
v 0.22140380554128 0.148022599675066 -0.125253416775505
v 0.215040147906163 0.147783026239201 -0.122551779295721
v 0.185725173820953 0.0671073533139918 -0.143443298112689
v 0.211685706399546 0.0883514391139704 -0.132144917137119
v 0.129818254367695 -0.0464737231031337 -0.143249815228911
v 0.171384803408775 0.0489370129699849 -0.140945854387758
v 0.214886636145488 0.092966492559948 -0.13115332840514
v 0.231771023645149 0.146287107646506 -0.128283090806765
v 0.127641055888788 0.0381948090180855 -0.143635674292834
v 0.17086016449036 0.0462679803784364 -0.148257345882513
v 0.0442873336950276 0.170623502358056 -0.146895613285025
v 0.0513695785131848 0.0959405564011265 -0.150663182371039
v 0.191588695793079 -0.0552342544419206 -0.144967045519894
v 0.223927147404884 0.144705809774853 -0.123116706661681
v 0.0293900436883351 0.162648602143452 -0.140817435452926
v 0.175093866173669 0.0517584653867669 -0.1514971408899
v 0.208536906063121 0.0878266574202966 -0.139676549675451
v 0.0354666914798181 0.1151748856523 -0.16326153585676
v 0.140099178151305 -0.0518661542404579 -0.146935688662378
v 0.0206318390667238 0.152974957665405 -0.14620960672622
v 0.216305920002067 0.0962962546595688 -0.13587116175434
v 0.0387138901333353 0.102200919278448 -0.158109190402859
v 0.029488566014127 0.162845576593691 -0.145149222671174
v 0.0350503446456581 0.107010059682829 -0.159979818743689
v 0.139934279811101 -0.0460581418979506 -0.150290401402873
v 0.0247050961004396 0.158117775323411 -0.148685287866398
v 0.192255297898808 0.0759430487374005 -0.142146986173364
v 0.196861685795391 -0.0452499196679517 -0.148131733526178
v 0.212866813317971 0.0917786573858276 -0.136355625225353
v 0.220954777253993 0.151316391260513 -0.128068448972131
v 0.212366767975325 0.152376039239738 -0.1285574607297
v 0.160486071556979 -0.0502486747898147 -0.14824396819544
v 0.178663544665458 -0.0518628908415763 -0.147404477370689
v 0.180485771548249 -0.0458154783962629 -0.151605585088726
v 0.192004844502039 -0.0481483726089718 -0.150309266764035
v 0.0211402243019977 0.153524326598001 -0.150150427660756
v 0.206586816044006 0.0890276398964517 -0.151890923774778
v 0.21033524815463 0.0904240378210086 -0.143489271805488
v 0.178171651936237 0.0560043283548045 -0.147466818114512
v 0.232116755002482 0.149906433858656 -0.13205338285402
v 0.226698437274551 0.154414331441543 -0.133688759500668
v 0.118270361881362 0.0555944285746301 -0.136488251494913
v 0.227814729286352 0.116685391640956 -0.160804249548582
v 0.0350249537684371 0.168010352748653 -0.147061380066766
v 0.134893240995205 -0.0408421299003375 -0.149728599210419
v 0.159508905959062 -0.0449393714694082 -0.151714421566118
v 0.0708125139723396 0.103324230516264 -0.158824718990104
v 0.173345905640331 0.047102966743261 -0.157600438337666
v 0.0472725551282258 0.101780219251493 -0.156782025662969
v 0.168324955397585 -0.0486259501145556 -0.148623358666688
v 0.198182071152174 -0.0311465043164611 -0.150442439912446
v 0.0469792232671679 0.178226035860411 -0.160146215583954
v 0.0425375653435393 0.104435744656608 -0.160107413369042
v 0.0255964471204631 0.159088078752303 -0.152839334484951
v 0.0298020958218716 0.163170492795142 -0.149730110491588
v 0.22057484698379 0.10188269899461 -0.138273517969392
v 0.134438043740421 0.0186714435315847 -0.156880203733112
v 0.197593011394449 -0.0380791058179519 -0.15253401150065
v 0.114075056916377 0.0626537980157049 -0.147385929682348
v 0.106005827473953 0.0725080920043005 -0.154474289477679
v 0.115613168798146 0.0635037651122933 -0.159141197825524
v 0.214371523622447 0.0943258937833045 -0.140809258707708
v 0.192751575192797 0.0754152886163746 -0.150915839171652
v 0.117940383163111 0.182536731429929 -0.164569776038662
v 0.219892359104903 0.153962894170615 -0.131238172203161
v 0.120427026019564 0.0565035277457002 -0.14860258089608
v 0.0382264084391027 0.108992489955593 -0.162694067646917
v 0.0442101641155958 0.119821262596688 -0.171559680732382
v 0.0450774158018185 0.112553449347777 -0.167183986862006
v 0.211142777239661 0.155154166471687 -0.13159342683931
v 0.206333749925256 0.16219600471282 -0.141196917763155
v 0.0521690673006925 0.103936235888853 -0.158333041631311
v 0.186600980817568 0.0679804102410767 -0.148927250199758
v 0.178525218354603 0.0556769763272551 -0.152200827289136
v 0.0983534715331504 0.0779724231833181 -0.144735549103063
v 0.197091751530556 0.0800603650637859 -0.148846573398071
v 0.0957261969228599 0.081997721835044 -0.153245247753977
v 0.218070899123719 0.0989896845666876 -0.140965441789457
v 0.0282752395647579 0.160172953316195 -0.164599805749656
v 0.0298763089910464 0.1535116630683 -0.168261053565306
v 0.0462846906361458 0.107064784583429 -0.161833293307926
v 0.192780464388324 -0.0400271010997502 -0.155544363280153
v 0.109007463131765 0.0672044070743342 -0.145210024121146
v 0.134087663166903 -0.0316481999196202 -0.151573376303117
v 0.0304600360595779 0.163774902936399 -0.151770694568352
v 0.189357544122307 -0.0387638174286296 -0.157074447025816
v 0.140215616354225 -0.0396855775155692 -0.153496928137648
v 0.0457681001024794 0.178315871882889 -0.164102317439097
v 0.058592131903622 0.183920380874674 -0.166514401509605
v 0.175009074961225 0.0507930591462493 -0.155734341714447
v 0.181678690939353 0.0611044326187545 -0.150408447973608
v 0.0714478475303371 0.182422294410982 -0.161331600083566
v 0.235974504758007 0.145003100227901 -0.134978888396228
v 0.0417922806894964 0.110745599210271 -0.164844187782506
v 0.182312447139279 -0.0399507766437604 -0.155362629466147
v 0.19653356751233 -0.0305620592713134 -0.157669119200287
v 0.218859843692599 0.157165803802938 -0.134275010595326
v 0.0263824333842364 0.159595558944338 -0.156773584790063
v 0.219830353050613 0.101969139834257 -0.146164343001041
v 0.21602103604764 0.0972120505817103 -0.14565855889261
v 0.0615563055861227 0.104482118530469 -0.15790837532656
v 0.212048459512043 0.0930627184474176 -0.147212247887815
v 0.178060024908547 -0.0427424465840857 -0.153441047969433
v 0.174443203320862 0.166172158013843 -0.146217814115305
v 0.194446256331061 0.0774649197140778 -0.154946531277929
v 0.186109445312554 0.0669742321811604 -0.156446148523617
v 0.178710381214999 0.0558358366226729 -0.154525862327481
v 0.19180157229798 0.0125603901042027 -0.180946844900637
v 0.189579119804969 0.0148101004922613 -0.18579131632517
v 0.191092171953211 0.0223845717783372 -0.187707248993242
v 0.0498444179343338 0.109634802791578 -0.163758772705985
v 0.0866203880733603 0.0928267212216037 -0.16511522561133
v 0.0888997729418879 0.0893672564362537 -0.15821500298497
v 0.0363539370605215 0.169434177067936 -0.151683961681684
v 0.160953357129942 -0.0369755767306547 -0.156675543812064
v 0.0352598082364133 0.158567573143229 -0.179244851756754
v 0.0458623253779227 0.13789643670974 -0.18758119669047
v 0.136151561266808 -0.0245966477052943 -0.155175147434613
v 0.0585791158718275 0.109667574017613 -0.163040753832788
v 0.0322322509833026 0.165503549439676 -0.15546891067826
v 0.10139676982949 0.0762672350980487 -0.151916865983145
v 0.139151498088818 -0.0335608554921072 -0.155859133280377
v 0.229532777599648 0.155077988824929 -0.140630874824773
v 0.225242604224058 0.157381419039919 -0.137380472323068
v 0.0902257688869285 0.087615650911592 -0.154322097408438
v 0.235439969190575 0.148314323429702 -0.139361865344161
v 0.217195723817623 0.159810486660041 -0.137363459647488
v 0.0828766256679422 0.0971866819254521 -0.170643872807251
v 0.146122229808982 -0.0356351665147217 -0.156730913125128
v 0.190326853661006 0.0721426517891224 -0.16288668624626
v 0.141330306106671 0.169597603583243 -0.149320430591869
v 0.136677953243163 0.174063591676371 -0.154493363610788
v 0.192492175067883 -0.0241792986229034 -0.163599365172138
v 0.194306798723136 -0.0231921604214211 -0.161324183157373
v 0.121537451697698 0.0576721944462132 -0.160725089114398
v 0.190495353146691 -0.0314223008119785 -0.161130956927877
v 0.176619625053955 -0.0331807141389588 -0.15955612899251
v 0.205932264241554 0.0899069726925234 -0.161226125436459
v 0.213798856892259 0.0954783149127958 -0.151738139437657
v 0.177240745670764 0.0461261553697309 -0.166128308735609
v 0.217641186329591 0.0999351060403681 -0.15011393975088
v 0.0483758079983655 0.115243733518102 -0.169132562903803
v 0.0312833382894856 0.164843357118863 -0.159666834510351
v 0.070104089847988 0.106113371317555 -0.172916867532576
v 0.221823911956228 0.105006286876465 -0.151616036535623
v 0.0532211520581003 0.11200314958556 -0.165976346773768
v 0.0353875639099019 0.168558919007267 -0.160154178402543
v 0.124808288397752 0.0525255526415376 -0.154737704256504
v 0.0410010016348164 0.173039391550059 -0.153477240508924
v 0.143323390369475 -0.030990455092447 -0.159167671566589
v 0.139762504136053 -0.02588800028074 -0.159680193193163
v 0.215411519001265 0.162419005309931 -0.140435447879025
v 0.137865416782862 -0.0166813980625934 -0.159007659782442
v 0.0397889427046589 0.173626779755547 -0.161744344081384
v 0.102956365637268 0.0767170256536435 -0.163130329906954
v 0.176930148962996 0.0516267553345594 -0.164132654523049
v 0.178658654977261 0.0555409842670606 -0.160561108674484
v 0.223565594393694 0.160018511600216 -0.140945638655038
v 0.194535457759008 -0.0102347568518827 -0.164516840992402
v 0.215409344104639 0.0980902848913978 -0.155916162683593
v 0.183752014075422 0.0636473582474225 -0.159179482187928
v 0.132531515486408 0.0329469670308004 -0.167187184113532
v 0.185642202019541 -0.0278360911160188 -0.163838574111544
v 0.234070948644422 0.151323492198599 -0.143749022954033
v 0.0318944935542932 0.165225047199583 -0.163646804418457
v 0.109167479820476 0.0709252733366744 -0.161417443589043
v 0.04352604016295 0.126232661899462 -0.175934265012194
v 0.151074492190838 0.179121773664079 -0.161684071341454
v 0.190030760699026 -0.0166572655638676 -0.16859858546474
v 0.194126019091827 0.0328541911530751 -0.184134664037399
v 0.056733918943678 0.114038248760779 -0.16831100536304
v 0.145754484202666 -0.0228568955330052 -0.164206560234547
v 0.159741963055247 -0.0238881682070987 -0.164852664732163
v 0.174045480365688 -0.022811586146653 -0.16622793162423
v 0.137229073080936 -0.00131456559886385 -0.160922561207815
v 0.0299206321503929 0.159735924861081 -0.168416639673896
v 0.229963773192839 0.156897287115147 -0.151886723385392
v 0.227694950495055 0.157384237600761 -0.144705170941705
v 0.153558831397556 -0.0164730864851721 -0.16878524666115
v 0.210683302012606 0.16628821881589 -0.147084459848506
v 0.0919119405025949 0.0879909572916306 -0.165269047941747
v 0.0931285574934028 0.0859657825831772 -0.161376214117257
v 0.219161740554893 0.102619596820243 -0.155051005682359
v 0.182152524471018 0.0610642199025215 -0.16118723085472
v 0.196013830340246 0.0795633063689514 -0.173009983857571
v 0.201550324369765 0.0878232623757123 -0.175354871177826
v 0.202445004247315 0.0877887300228827 -0.167338127137718
v 0.221664740840296 0.162321454743124 -0.144503580720653
v 0.160174732989394 -0.0172167721602458 -0.169446141230518
v 0.171071762531874 -0.0144820647560074 -0.172044482876858
v 0.140543396478845 -0.017903133144132 -0.162293569420797
v 0.141175354295822 0.182765140311021 -0.165212708425306
v 0.133992955789804 0.185940280754248 -0.167829294102709
v 0.215397245668964 0.0998742894111926 -0.164134540678047
v 0.0515735047208913 0.116950546560006 -0.171452727474175
v 0.224670427737385 0.109331866053892 -0.156305498518035
v 0.219704706168824 0.164935660445899 -0.147873233774648
v 0.140458507829612 -0.00994801048709581 -0.164174611846208
v 0.0326823796340467 0.165359721894815 -0.167553724439019
v 0.0632856651378862 0.111134699394382 -0.169826992174445
v 0.0496600673101978 0.121075238440362 -0.177511471708727
v 0.128157815900977 0.0498942840697755 -0.161461045168985
v 0.0507054984908105 0.136076844721634 -0.197996991820719
v 0.0414050363581405 0.169731631344286 -0.194280886454817
v 0.0506495347276506 0.162296363038612 -0.215126639976417
v 0.186163627292492 -0.0214816139818277 -0.168188458969594
v 0.0565108892973917 0.116937374577845 -0.17788217295895
v 0.0592747846697894 0.113971656663188 -0.171595709486892
v 0.135157643059975 0.0100966903766114 -0.177094485320425
v 0.136879093321809 0.011767254516804 -0.169845776219528
v 0.13074738622321 0.028061636168131 -0.173130289518313
v 0.220740974073078 0.105258689032551 -0.159583628859993
v 0.218504700586008 0.103692323687301 -0.165528617226963
v 0.0973650828906695 0.0825666517766692 -0.164471485724159
v 0.138615440046417 0.00578853493577199 -0.165122523111193
v 0.142750360936613 -0.0172805887922671 -0.164947849453671
v 0.225813784116631 0.160410900615921 -0.148341615769425
v 0.117769640490696 0.0635669960334986 -0.170038423278751
v 0.122308197508776 0.0601132661163245 -0.176220520475743
v 0.125732181232255 0.0544556965926834 -0.167308278164767
v 0.192527991048708 -0.00824764667592787 -0.170963839528682
v 0.191745261309287 -0.0020410189113357 -0.175805805137716
v 0.0374687868879606 0.170170217239708 -0.170784875542277
v 0.184178709127908 0.063455741630264 -0.165190328442805
v 0.198580290742983 0.0824111117995148 -0.161319783632528
v 0.200450399896051 0.0851357529062377 -0.164375652110619
v 0.179959834286301 0.055246621686331 -0.170801188436466
v 0.0651178767282681 0.195708352637407 -0.192235788174906
v 0.0552283532881666 0.186424333444296 -0.182768789261466
v 0.184346246853672 0.048584075134846 -0.178986439826814
v 0.181377661184446 0.0538495019754572 -0.177806321376864
v 0.17541831122465 -0.0186160436671712 -0.169585665796584
v 0.179590439612249 -0.0163612803744549 -0.171457315319129
v 0.213728539565598 0.100251371593184 -0.173663969395335
v 0.111237115830049 0.0705673006508452 -0.172103506899822
v 0.0334152849032155 0.165349763417346 -0.1716654999171
v 0.10507711524454 0.0774257182924667 -0.17382642832149
v 0.0948575804694033 0.0862835471113196 -0.172170505398245
v 0.0990762195646561 0.0828185224379205 -0.175076331826375
v 0.100422035529986 0.0807470179909863 -0.171054464959176
v 0.0454951301151408 0.177762580782433 -0.168601920330063
v 0.192488470559578 0.0749521192783121 -0.166062047671209
v 0.192073050988956 0.0742531019709427 -0.173158020188987
v 0.234227670428116 0.146576236869673 -0.154049421466158
v 0.185087331309967 -0.00853089124838822 -0.175666942410322
v 0.0612872825484209 0.113113158748664 -0.175264826299524
v 0.150617135931031 -0.0121314850910918 -0.170849307777483
v 0.140324941993913 -0.0010910511254171 -0.168232843533242
v 0.214464525432308 0.168994322305179 -0.152627289702751
v 0.0865964533388534 0.0963184942036665 -0.18311473586109
v 0.0519185782837214 0.120748011961542 -0.180640406198174
v 0.0561413142969528 0.189364861977038 -0.189771471249875
v 0.13085647075734 0.0449123851676351 -0.167553993859126
v 0.190829475189431 0.00393362868151477 -0.180070630080353
v 0.0500979607566347 0.126404050654693 -0.185918325418004
v 0.050736125039817 0.181764371500994 -0.175965407904003
v 0.225299263086284 0.16245403924483 -0.154432464517303
v 0.179829579564345 -0.0107313435866274 -0.175146328212164
v 0.189500867641376 0.173020083368052 -0.157256914932176
v 0.186863848596132 -0.00306108107117427 -0.178722547969628
v 0.143064656653459 -0.00331390033354638 -0.172917402572194
v 0.229110077738469 0.158496696562621 -0.158498946965267
v 0.147854641566081 0.181997724873928 -0.164537558352631
v 0.158369681078541 0.182257158543539 -0.166383416445946
v 0.181594304709541 0.0574377145512354 -0.174573446769598
v 0.185746882652041 0.0651573345556817 -0.175456513580476
v 0.0428754435887601 0.17557683246676 -0.176780753740745
v 0.0893577348715731 0.0961895384147766 -0.191259629296138
v 0.0941937390483598 0.0914474292631676 -0.189996501162775
v 0.221811513940959 0.107646543858896 -0.164600280168736
v 0.0967049938225162 0.0868196955682334 -0.182563074083474
v 0.0935664495856909 0.0883773487245927 -0.17605556531068
v 0.17312107740551 -0.0101333825053263 -0.175181517520776
v 0.0376487049241685 0.170538401325349 -0.174739289045867
v 0.189736737477292 0.0713747731074932 -0.176290591785218
v 0.227706386001681 0.13389519315998 -0.175709667615359
v 0.228145636306505 0.153029307495024 -0.172768000927942
v 0.0634266987513302 0.112350858653725 -0.179052342638582
v 0.158806389260817 -0.0104669305762789 -0.173865526809119
v 0.217530375628645 0.104970824652203 -0.170363721429476
v 0.179290426396627 0.182323835205414 -0.169418732648859
v 0.22855226538175 0.158825260053447 -0.164494070726091
v 0.127275325865123 0.05005831464217 -0.173279708014374
v 0.0589399790874518 0.116340293477151 -0.181284110828899
v 0.140279999560099 0.00291163745467467 -0.176529775431996
v 0.141906631109769 0.00451171304698854 -0.182608615994374
v 0.119844280025767 0.0566485585475791 -0.185047411561868
v 0.221234254938664 0.109202733969088 -0.168904779996531
v 0.224916136869455 0.114828436074384 -0.167138886018775
v 0.0517224041989949 0.126237935864281 -0.189475318664004
v 0.165735615154707 -0.00860759569460164 -0.175889486977382
v 0.156089768875862 0.000484524947586965 -0.179996268899636
v 0.113923248501781 0.070198021189063 -0.182407385521692
v 0.11607284707402 0.0666346594563199 -0.188091325093267
v 0.121375440274985 0.0381785161792628 -0.186159124144026
v 0.125163452665593 0.0264008725899349 -0.182813936869283
v 0.0990646744799054 0.189944257915338 -0.175856810227113
v 0.221199502618621 0.168605378481538 -0.157808283419499
v 0.05411712410409 0.120546442679418 -0.183848958360423
v 0.13839297520202 0.232762647038984 -0.157461340137391
v 0.144587405004184 0.238327662545124 -0.161651687965188
v 0.139665399704887 0.238340323710651 -0.1609853280719
v 0.16811011294069 -0.00285189533223976 -0.179032340693418
v 0.141758586144831 0.231155289866092 -0.157108384111186
v 0.180549715033285 -0.00489644887695681 -0.178696289785883
v 0.107196954167555 0.0773263585862896 -0.184031786519514
v 0.153599996319168 0.186535005576839 -0.171736762820737
v 0.122891689644929 0.0447417540143056 -0.181452652580711
v 0.225512497510483 0.163389125968114 -0.159730205804369
v 0.0827666598150596 0.100579544017415 -0.188366560471927
v 0.072528535047651 0.109486877562153 -0.194641362936801
v 0.0872161996171663 0.100784358131636 -0.204323089135422
v 0.18025574507515 0.000818082976055675 -0.183045438139571
v 0.0380658065001089 0.170721965698437 -0.178794416848831
v 0.110927738621075 0.0744321645417783 -0.190128726156677
v 0.205164128384939 0.0931159715491788 -0.181455651678891
v 0.146979719384631 0.23398718811424 -0.159777435582366
v 0.149275810416549 0.226118110342033 -0.162628204449952
v 0.140806106782703 0.222275901958457 -0.159909250436883
v 0.130757646192684 0.229956921347887 -0.164157600842117
v 0.0866842009898544 0.194015763527441 -0.182089945753428
v 0.0821848335866412 0.198925969108987 -0.192246442163487
v 0.13777140316455 0.239545922521907 -0.163419578916003
v 0.134032017388033 0.235621665446772 -0.160251015365977
v 0.0610700680215808 0.115831588986361 -0.184835264219488
v 0.182390722604789 0.0567417631578389 -0.181961854600894
v 0.18722503475814 0.0686079204943042 -0.179227178960724
v 0.0656895744341165 0.111699468965269 -0.182894622492461
v 0.16714164338086 -0.00266348341374165 -0.179140135291918
v 0.157576452711429 0.00338187641052705 -0.18232872379928
v 0.150602620944777 0.233353715498129 -0.162574250901461
v 0.130315159346499 0.237820201986945 -0.163319715300204
v 0.193839839286821 0.0767367059432772 -0.17651704879591
v 0.131667478495074 0.0130730805960288 -0.182840485486015
v 0.147986768979617 0.239486476178483 -0.164256375616622
v 0.20705778934186 0.0956263958663009 -0.18437885173419
v 0.209658094748415 0.0992321357532378 -0.186201411008383
v 0.0492060130219696 0.181811814221652 -0.18439900475494
v 0.0446320901969012 0.17736282995677 -0.182485026955774
v 0.139630818373434 0.242466202996652 -0.168564605241092
v 0.179181343183809 0.188102888886552 -0.176205886223741
v 0.191832406134261 0.180106525935788 -0.167824751656628
v 0.122209525404986 0.187000201634192 -0.170424417947821
v 0.11948728877534 0.188848061038759 -0.173103143166491
v 0.13472016610459 0.241431238766327 -0.166256969425755
v 0.154917452551532 0.237114350200895 -0.164101098557641
v 0.156751682665149 0.231493999174411 -0.168341330571932
v 0.157836827907914 0.237958318342121 -0.167120822296003
v 0.185743272573624 0.0654928090162641 -0.187094422563936
v 0.216307046345883 0.105063988020641 -0.179618869421363
v 0.217803290366952 0.106638415676814 -0.173787698551714
v 0.185400910863044 0.00757694808029925 -0.186270763785273
v 0.0599288000299076 0.119692267349825 -0.194050224850884
v 0.0580106014287237 0.120074603935912 -0.190518334847832
v 0.164625182594488 0.00428823114927128 -0.183890723351625
v 0.173457243024672 0.00261952075874052 -0.183257610613801
v 0.142812680629908 0.217392451716846 -0.162226681123017
v 0.0383955009074887 0.16415002854225 -0.186634066631943
v 0.185719209124329 0.0511360364576812 -0.182869524548613
v 0.0560700789895875 0.120387427153671 -0.187134148384605
v 0.222311541327214 0.16910421258857 -0.162527485486125
v 0.124406653173367 0.234907041749102 -0.170550841995091
v 0.124343433360754 0.226239749576611 -0.171813029642896
v 0.144013985457811 0.00782586638547994 -0.186625566280083
v 0.154137739562688 0.00666411182507665 -0.185059623394168
v 0.1025358259619 0.0812185357352481 -0.181586671549005
v 0.218365001566749 0.175683175677089 -0.166858159764492
v 0.124233692838591 0.241099013878886 -0.169134396535717
v 0.170437367200368 0.00023582607295654 -0.181374576952949
v 0.152306433096217 0.220665059049631 -0.166062150884922
v 0.130801114120459 0.221216189246283 -0.165351424723419
v 0.151489667658279 0.24114994137835 -0.166772224833852
v 0.135361029232781 0.217893970051937 -0.163388011092179
v 0.223674594351078 0.116448030140525 -0.173590250663693
v 0.110840988601967 0.194079991907597 -0.181800348419831
v 0.100712462358917 0.193246812891697 -0.18085343606821
v 0.198635382941224 0.0845893436412355 -0.186432752856468
v 0.14067759008847 0.188349259421222 -0.171587468894287
v 0.0629381302575845 0.115437647307355 -0.188391458709627
v 0.154905820966706 0.242499846145469 -0.169091748470884
v 0.211781491707018 0.18535116563274 -0.176761537406634
v 0.188958295182034 0.0708195378335984 -0.182786453795393
v 0.124259155110205 0.0167483266476624 -0.192370104298284
v 0.12866627052949 0.0136636350740666 -0.190018110059594
v 0.136053333093475 0.187391492059027 -0.169777713632273
v 0.22559560256471 0.164237041378582 -0.165380344730916
v 0.138564253732458 0.210504704359546 -0.166719658040418
v 0.150939632895788 0.213483049821119 -0.167599387038771
v 0.0568395116314029 0.128361713085274 -0.203643872776407
v 0.0585403245214235 0.123373378943369 -0.198907227655614
v 0.147883126952863 0.248383622298219 -0.177137925270853
v 0.125018916366834 0.246285552651446 -0.174440332042787
v 0.154908197917771 0.190701542871302 -0.177450798502422
v 0.170396493436752 0.19150692599954 -0.180057994540944
v 0.100741894680498 0.0856497810084296 -0.189243217576549
v 0.127415374866153 0.214567319922276 -0.170629446869183
v 0.158571659627745 0.24394856160831 -0.171196587202703
v 0.164381042740023 0.240581185894145 -0.171801932429474
v 0.158518407451689 0.216028013248171 -0.173057823724562
v 0.145346202136451 0.188995939513653 -0.173712038538126
v 0.111585538386772 0.0530742958151524 -0.195517116104895
v 0.137422199093454 0.00782296734035201 -0.185051284247295
v 0.192001538284138 0.0757298422759628 -0.18969445542719
v 0.201216914925715 0.0882603768912048 -0.188285566060342
v 0.166706994138551 0.00654255308641998 -0.185774633697737
v 0.196741159430787 0.196952325398974 -0.190492403069065
v 0.187894037083009 0.194733408709416 -0.187302312487959
v 0.128079872131779 0.190054483203885 -0.172328993437735
v 0.162813856840104 0.233696566119522 -0.174023209288309
v 0.19385562830422 0.0408767542760923 -0.187316136298526
v 0.193797625603433 0.0504449743114468 -0.193216879415686
v 0.189403957344713 0.0547861173509847 -0.189297725978014
v 0.121395381493508 0.236061694892348 -0.17347287205907
v 0.0392265661786382 0.170536701921234 -0.186821566077308
v 0.168078232639941 0.193798359404681 -0.183543841338364
v 0.148543140250524 0.20661738463355 -0.170312031884147
v 0.222716505051597 0.170322956805794 -0.167823806930319
v 0.118508373633809 0.243820367000655 -0.174801716037174
v 0.113538613683677 0.239031193765762 -0.183041386287824
v 0.2253505550817 0.164663383653872 -0.171438475514882
v 0.170958584036389 0.00896756570186123 -0.188039418560065
v 0.17164053352569 0.00517274543149626 -0.184865028871139
v 0.140525008581116 0.199510521909924 -0.172656908270426
v 0.162130616840597 0.223831678043361 -0.175369045398249
v 0.11840261884657 0.229408092206844 -0.177950726922129
v 0.161983284669519 0.257537780518796 -0.188430322458565
v 0.149704148280137 0.258126891553968 -0.189181852510297
v 0.0427390751274658 0.175816920959253 -0.19056773707121
v 0.18661028628235 0.0605361890776639 -0.188545291061502
v 0.105450931090159 0.081355644017043 -0.191806622875188
v 0.219171402738097 0.108959611638132 -0.18024785746511
v 0.208135781687567 0.0981597434356454 -0.195345533645098
v 0.213765732991809 0.106371150454251 -0.205648630550793
v 0.220277550288954 0.113905908714948 -0.192888907121399
v 0.0969580555345347 0.0914391136947282 -0.198344747526878
v 0.101555916550346 0.0848579716223651 -0.200709738357483
v 0.127140041186062 0.205370907009474 -0.172844951801041
v 0.124558586237502 0.191734279788997 -0.174809903009653
v 0.0652712746559315 0.115076335692783 -0.192182178961618
v 0.173109387899005 0.0120764289649465 -0.191670457911231
v 0.181753282523407 0.0123651359236152 -0.192829245525987
v 0.157146294449631 0.209007384963107 -0.174684840940219
v 0.219734171767757 0.11142295328387 -0.186536060717737
v 0.137683309620405 0.192577058414356 -0.174302238999675
v 0.133216698618648 0.192233059872043 -0.174821841972966
v 0.121943701081619 0.247987852377352 -0.177000469466956
v 0.131769128085285 0.253954493693229 -0.183924610955396
v 0.11384515563704 0.192256884994536 -0.179028488159015
v 0.167033770603619 0.241582112014551 -0.174640379615435
v 0.186371957910137 0.0156226110604232 -0.19255107850057
v 0.114291539285511 0.213074945658998 -0.184120283009487
v 0.118682137329658 0.196175766363547 -0.180536797213732
v 0.167907326281663 0.0129228930390188 -0.192173039467164
v 0.157950589639457 0.0204015463263933 -0.198218656051771
v 0.166048549377686 0.0223441515937518 -0.20132056660804
v 0.1167193039072 0.190507642839691 -0.17607032615813
v 0.157432573530874 0.0146508062241448 -0.193773381016573
v 0.164361821045407 0.00992513512304961 -0.189169924576756
v 0.155959346167047 0.202364585062851 -0.176465533702031
v 0.149350324846674 0.195054818864874 -0.176493097473444
v 0.220408930899137 0.175666718967619 -0.170923173132036
v 0.165900308349822 0.2340755124256 -0.176844783845656
v 0.165684094560574 0.246452962846611 -0.175395963032006
v 0.066954116876895 0.114553947028419 -0.195851388115939
v 0.0606139900289253 0.122681086689462 -0.202287547478456
v 0.133314104527477 0.010985843612005 -0.187645364448979
v 0.202917896333102 0.0909734703680005 -0.191498878455564
v 0.19588888983745 0.081601692745851 -0.189932987093077
v 0.0508609338688979 0.184702274662479 -0.190248738019108
v 0.115563715478397 0.245293908666481 -0.177298560571892
v 0.0687337996071632 0.114229531990114 -0.199721225416917
v 0.0720113541500999 0.11421404863327 -0.207468324026349
v 0.107721433541933 0.195731058454369 -0.184422102084895
v 0.223431383742392 0.169657406097556 -0.173119995911319
v 0.140725115802293 0.0162576985654662 -0.195497048927765
v 0.162622907088449 0.197650697741199 -0.182827717168381
v 0.122460726768403 0.193858513358744 -0.178153572821501
v 0.11239926711651 0.199438672242365 -0.186381899391873
v 0.164944333756323 0.217685432781932 -0.179356666887071
v 0.167679567233387 0.211508310594368 -0.183326448886459
v 0.150475878097053 0.0195567231138974 -0.197624223734329
v 0.110673251723528 0.207118488983386 -0.188408019049623
v 0.169950876150157 0.242008134118415 -0.177482333644309
v 0.198095433911453 0.0379072166609374 -0.195015504832018
v 0.112672663533819 0.231136577802047 -0.184106000526523
v 0.114884434652283 0.221436974120831 -0.18254053848252
v 0.115368580048397 0.0352291558240562 -0.193900117504169
v 0.118977834297695 0.0243786740130337 -0.191871100421648
v 0.132610122693847 0.0147789116156064 -0.194599839292046
v 0.118588571714678 0.249718355688274 -0.179374285871351
v 0.169630261010642 0.246658860126434 -0.177162108098257
v 0.0465702460430078 0.180681285519049 -0.194302390702947
v 0.190361290624478 0.0715418597884112 -0.192422218923756
v 0.226584592527146 0.164800032645524 -0.177506209403238
v 0.154046388144837 0.195999331570993 -0.178160502444947
v 0.168553404718034 0.226222599078743 -0.180849959283387
v 0.122323307073759 0.255332765607114 -0.187010136154051
v 0.172489123184517 0.240503737963908 -0.181387702100945
v 0.191039487736028 0.02257452860099 -0.192466555308397
v 0.190553356677931 0.0664085011890528 -0.194208481168187
v 0.199556032893666 0.0863091636491129 -0.196344293274353
v 0.112149938114505 0.0449150695442339 -0.196313515652293
v 0.234550167098149 0.139265536287123 -0.194078032600143
v 0.232294276554202 0.146083874881126 -0.185269770210715
v 0.162670193977942 0.250057831910087 -0.179049150038741
v 0.224210763090895 0.174097776104056 -0.180331415974845
v 0.221187570765176 0.180646472709926 -0.178563898935203
v 0.111210043749315 0.061389088330951 -0.195124258934371
v 0.198247252643188 0.0289047501308261 -0.201310488716901
v 0.203880177715135 0.037803577809994 -0.205308062354795
v 0.171350984777215 0.0182852522621493 -0.198576199861236
v 0.174867896695873 0.236247028666452 -0.185035845376495
v 0.0430249939531496 0.175854339113982 -0.194441670853942
v 0.166362058243748 0.198462615622736 -0.185482117158275
v 0.17411986163659 0.201545670359281 -0.190730875181501
v 0.16879443047617 0.250158919668579 -0.17963148695442
v 0.172351195017486 0.247328025032439 -0.179059516994741
v 0.197855941840613 0.0458133409097689 -0.197309990464985
v 0.110979050585258 0.0697112092899499 -0.195008177466635
v 0.115195275602187 0.251519273267075 -0.182064280625364
v 0.203233022281153 0.0910985520849605 -0.203009030814287
v 0.110830558109825 0.247015439085675 -0.183615922826809
v 0.0562489947305254 0.195190434938711 -0.204104638982175
v 0.0552632705566304 0.190263254778272 -0.194371988750406
v 0.115644318370271 0.027424910033988 -0.195369731467853
v 0.17474442509063 0.219212480207776 -0.187961880231507
v 0.0804498009106971 0.10905632483085 -0.217917529630278
v 0.223404501572863 0.119580894734362 -0.186899729353452
v 0.104464287716698 0.197554828351008 -0.186987582073982
v 0.181770926340011 0.0154677434227944 -0.196683431805733
v 0.0521534343311828 0.186995229863055 -0.194531742561276
v 0.0557146868344099 0.134534669658408 -0.208205461780583
v 0.0927935323675391 0.0848852716423125 -0.215914231939463
v 0.102745343714654 0.040588729383256 -0.207051955963767
v 0.109399658258599 0.0314863501986379 -0.202115388736919
v 0.175309977762495 0.247968357607824 -0.182305888636475
v 0.194656926892266 0.075401441456484 -0.198827642591968
v 0.0449551101874543 0.174610837895647 -0.201838883700274
v 0.108594775986298 0.222646846822366 -0.188261093310973
v 0.192237712868552 0.0238377423300879 -0.200895950659537
v 0.178514025313943 0.193370327025961 -0.184777804675232
v 0.11063815332344 0.239344057462647 -0.185969988378785
v 0.172374764354396 0.253264682212063 -0.182595409231105
v 0.112438720596445 0.252525003816583 -0.184096931400491
v 0.181610919288894 0.216656740359393 -0.1950307831545
v 0.181852456367233 0.202915389556202 -0.195963588809828
v 0.0651251289498241 0.11927694980344 -0.204959737274952
v 0.228670948603785 0.168645185372878 -0.184430625797415
v 0.10736899853755 0.208235132808754 -0.191084877310141
v 0.178428226012786 0.248569314360098 -0.185847507377125
v 0.175566009827154 0.22939038777007 -0.186901531088262
v 0.120645870384999 0.0193835959125316 -0.195725421684643
v 0.0464929136565769 0.180818019305232 -0.198424036980456
v 0.180283160090208 0.235689609580741 -0.191012293004042
v 0.105999892400674 0.203220743876083 -0.191384580437239
v 0.11737026737086 0.264102401626381 -0.197310441412936
v 0.121482813057083 0.269378284792905 -0.203385017588648
v 0.11404478725274 0.267358944201877 -0.205191202481015
v 0.0994973362225776 0.210646159046031 -0.200491062670493
v 0.104267118827613 0.210198925657308 -0.193652281142606
v 0.193438403573091 0.0251518054147521 -0.195497101815713
v 0.171678331501142 0.195713981966861 -0.186711866753911
v 0.111852850642613 0.255742614089396 -0.187561071529131
v 0.179578543428127 0.240759568146413 -0.188684921032529
v 0.128993984744097 0.0171252367443012 -0.197266591629106
v 0.0995983335872495 0.0655344533275579 -0.207729995235234
v 0.103048156761341 0.048429391800038 -0.206089393886779
v 0.182102857137044 0.231766007425115 -0.197022011311779
v 0.0680136820065143 0.200066900784504 -0.19768798905892
v 0.208347493387672 0.0978995285289385 -0.208084304021935
v 0.224446855536791 0.180488752184947 -0.181933743992817
v 0.205657072860977 0.0933778928765044 -0.206117952294778
v 0.0497695352223097 0.185375757573362 -0.203097328899771
v 0.105100033825337 0.246240513312056 -0.192433432672739
v 0.109281496281801 0.253219392437359 -0.185922243013272
v 0.0647662477298109 0.121894263669833 -0.209155714332257
v 0.200365507644933 0.0301996085117683 -0.204509323125404
v 0.186229140097202 0.0196977491157895 -0.201437671474989
v 0.137302004799738 0.018994972267582 -0.197589439702449
v 0.207971081695541 0.0855553991611901 -0.213375011841404
v 0.178763622843663 0.0192504495794437 -0.202450118326465
v 0.227111825255227 0.174063929795982 -0.185086832824763
v 0.182725366036252 0.198794693374578 -0.19483834514281
v 0.223647472513357 0.120177303358028 -0.194649657317883
v 0.219949860269837 0.186876123916621 -0.181381866208554
v 0.13571412713918 0.261361021271312 -0.193340850984951
v 0.0568691605684688 0.139942901666411 -0.220055246205328
v 0.130800969012461 0.0221612449036313 -0.202645148295586
v 0.177457701983299 0.254813253041334 -0.185789020020356
v 0.0468415434164466 0.180819860837833 -0.20218157194438
v 0.0994428566553135 0.201920209261042 -0.192540347184178
v 0.104011471967008 0.238858926989223 -0.195690108252249
v 0.112424578333486 0.0296648976819957 -0.198684077689246
v 0.106827367684053 0.226925894961791 -0.207141186816137
v 0.0857367007951758 0.201867751540958 -0.198711898270811
v 0.0939051032995818 0.203748593251593 -0.198609969965917
v 0.115843606137281 0.258767793858195 -0.191200750839924
v 0.114599483496276 0.025246712110451 -0.201938305044043
v 0.154796268048969 0.0225374180460773 -0.20032098279504
v 0.074171610510079 0.202253964575618 -0.20069338165491
v 0.221576065266896 0.116430468738921 -0.19829527339984
v 0.203930012412076 0.0514266387504748 -0.205881539597206
v 0.207531003464227 0.197317969836228 -0.191831904523382
v 0.227939567028347 0.186923508540011 -0.187146687263531
v 0.222210230599881 0.191724211553682 -0.187036415648879
v 0.0988518830160348 0.209742429631184 -0.209304790093824
v 0.0962521814920897 0.20621706019311 -0.203807200598232
v 0.137991646784857 0.0230116709371615 -0.202459266158029
v 0.141292237728787 0.0222003820805051 -0.199728566043239
v 0.105724007900404 0.253795811641065 -0.189423762943536
v 0.143847667885355 0.267577851449635 -0.200448596439766
v 0.128508464269488 0.265397756995456 -0.198879876389104
v 0.21393790002405 0.0725813283053112 -0.218283309295765
v 0.219670680478403 0.0532649311699603 -0.223854968622909
v 0.225036263878759 0.0561869366424855 -0.229517776706958
v 0.146678529969988 0.0214979209059179 -0.199408375246819
v 0.102432382663912 0.205269061997882 -0.193645746185874
v 0.231051497164075 0.173904696479564 -0.190071573593359
v 0.194579602289072 0.0252737648641333 -0.203723013616337
v 0.181166804622331 0.248592409584011 -0.189306644137391
v 0.0483217353906648 0.18067667179601 -0.205212339965436
v 0.158765866326282 0.0224781993150017 -0.205645958198602
v 0.10634153597777 0.0329578524260334 -0.205758440799122
v 0.0851648454591285 0.103604967012322 -0.217006064269736
v 0.168946191050317 0.0227819925443775 -0.204008514608576
v 0.202576584252314 0.0312170300073095 -0.20786174481231
v 0.188162572550198 0.021270587475351 -0.203978021184331
v 0.151256173462707 0.0237021510915263 -0.204391742167857
v 0.247607778285609 0.186447442089871 -0.206889768820579
v 0.251503633845366 0.160202500071499 -0.213018726184478
v 0.255812329905614 0.172712441725744 -0.232707833121819
v 0.223253393564623 0.11865047571839 -0.204703232564716
v 0.186835846657138 0.199744670873298 -0.19663664096422
v 0.109708155354566 0.258630179543747 -0.1911772046784
v 0.225955125439141 0.123102112582718 -0.200626968415804
v 0.178827446517435 0.0190898634670562 -0.210726080632642
v 0.180263269637788 0.255548192861213 -0.189349081935721
v 0.212723259615419 0.097724395488047 -0.217351056216532
v 0.217270878315051 0.111543430332712 -0.213907895365804
v 0.183375214658306 0.247700219725524 -0.196563088602291
v 0.09924939633265 0.206398215066431 -0.196313675571042
v 0.196943672541262 0.0263805932338362 -0.2067571454484
v 0.109663014029741 0.0300033456288195 -0.209176313419554
v 0.118454531464772 0.0273202728774349 -0.210505437249066
v 0.175635096096316 0.259592579313349 -0.189878703209873
v 0.104773359501964 0.253433478710943 -0.197991729768506
v 0.105932074043227 0.220176090880487 -0.209361853103671
v 0.192735916454988 0.0234421842505837 -0.209217381891911
v 0.144431547588919 0.0202530187113017 -0.206153587430483
v 0.106575137898641 0.257079376240156 -0.191431015623876
v 0.053532116242583 0.191044681673391 -0.211059157803673
v 0.231825243148489 0.186428314378939 -0.190944610443665
v 0.0630380840589375 0.201460561077151 -0.204498204457608
v 0.236062805175594 0.180073507112909 -0.195886319525693
v 0.109857423592839 0.260225688046089 -0.19345418927482
v 0.171641065514189 0.0222152830738765 -0.206807410539312
v 0.0848456225464853 0.0818505624844212 -0.225748568165593
v 0.124317952256588 0.0248747725512091 -0.209057947639415
v 0.123145215880693 0.0216035564754743 -0.21477277352619
v 0.136352975231617 0.014026287802622 -0.210132627446452
v 0.182194130966018 0.255527187986781 -0.19343325405802
v 0.166506970309176 0.0232238425202842 -0.205452424242749
v 0.226702915839834 0.192428007005277 -0.189259952326522
v 0.111422215034559 0.262921317887937 -0.197202500028153
v 0.190249452896346 0.0228653236102826 -0.21464194236695
v 0.185637176667059 0.0175163539794053 -0.213440270737651
v 0.193925834580141 0.0167466359036085 -0.220757625440582
v 0.181845629967136 0.23928026353703 -0.198496731313651
v 0.206178546756461 0.0378426270653645 -0.208569492928696
v 0.0579267369178924 0.14474986382417 -0.231396560451085
v 0.0597626618654076 0.138654068807223 -0.230627551987759
v 0.0972123903974137 0.2067701963781 -0.199782658533191
v 0.191155637818071 0.200663532080259 -0.197863934482858
v 0.062324260230804 0.127363412123367 -0.213926909939801
v 0.199192915554634 0.0276321522308477 -0.210050353714216
v 0.178060793267256 0.260686752920639 -0.193940992520536
v 0.188861954066672 0.204754276208361 -0.201473895248449
v 0.240673235655087 0.151251529851884 -0.198914041674778
v 0.0945395579044797 0.0511347452145427 -0.215570888118449
v 0.107393549359647 0.259360230617794 -0.195555034507463
v 0.105917848873193 0.247400506447781 -0.203608491009016
v 0.094588109503815 0.0430853045095302 -0.216627374302505
v 0.099291117478188 0.0370425054863563 -0.216448590211567
v 0.101272639292216 0.0359656126736894 -0.2134370486175
v 0.0664965434435238 0.121660541456538 -0.212792166921745
v 0.0712675009717386 0.120516587936874 -0.227526109523999
v 0.204374893440904 0.0314782971942705 -0.211878076400888
v 0.206645774005588 0.0326163936270392 -0.214853374861618
v 0.0889465195171262 0.20453828849116 -0.204718427106407
v 0.239986659069795 0.186810613778839 -0.199693320874261
v 0.235408931630725 0.192436224799973 -0.195204910972782
v 0.228743283875787 0.197771122373088 -0.19474965263007
v 0.14180209052116 0.00946286486576456 -0.21282743903072
v 0.154122623042043 0.0151691231041946 -0.209080038955149
v 0.0567115826539396 0.196060009725445 -0.208059568386896
v 0.148456731155196 0.00754565382864187 -0.21554071442227
v 0.104002146301378 0.0343029037893413 -0.210018257156666
v 0.190209592648537 0.212425846845794 -0.205475135652598
v 0.228348231443655 0.125068958582619 -0.223297896246395
v 0.218906403936312 0.109675049650013 -0.220615664068617
v 0.170317207024385 0.266172064882136 -0.198837824584023
v 0.169421612660106 0.0173075142683095 -0.21005218373757
v 0.196951441671046 0.201544877077017 -0.198065809830122
v 0.0670372211416893 0.206067971104774 -0.209252297451949
v 0.18606584301444 0.222711446594182 -0.211540800781196
v 0.178175635848756 0.232240302974803 -0.212544866154094
v 0.179380567866988 0.236774720817809 -0.20524875900784
v 0.226549009104915 0.123813116224154 -0.2086513669078
v 0.102563377446586 0.213403540281911 -0.210940254128948
v 0.180683769402929 0.253420496751582 -0.201293692493013
v 0.179911814729218 0.258396462717464 -0.198007312362203
v 0.160377295153303 0.267538099954853 -0.199751188339372
v 0.203372705260146 0.0311738054103752 -0.216132716257751
v 0.0566103156024406 0.195941129719805 -0.212117983913655
v 0.221129191636032 0.200495766789972 -0.197258199536829
v 0.107384531206008 0.031860154556095 -0.21308350226389
v 0.108123038301474 0.260455577285179 -0.2001346501435
v 0.0604975507742387 0.201767906108861 -0.211914524808204
v 0.0905375283115468 0.208774969684382 -0.213639648794264
v 0.193914617063267 0.0230971734742817 -0.216377856618069
v 0.198205283261655 0.0289121623603127 -0.217460309309553
v 0.0900133298756461 0.220366630198625 -0.228676284412722
v 0.0775422765609008 0.218861024983197 -0.225898747163869
v 0.0638793718646704 0.127273116474044 -0.217567595256743
v 0.121721619371829 0.0262214922354494 -0.213072629794146
v 0.116168213089853 0.0290837160130883 -0.214724627970212
v 0.0820289575317522 0.102286424610673 -0.228176412127585
v 0.17613419396356 0.00894369207421897 -0.217601912206084
v 0.0755622180287291 0.114514474610831 -0.230454281814611
v 0.192401347828218 0.205849059555814 -0.203324230228639
v 0.17607343332254 0.263524821728652 -0.198639575456246
v 0.156384447174404 -0.00163884500341664 -0.223423056844216
v 0.181966910935217 0.0190195485719233 -0.212819367758535
v 0.127783763386786 0.272634633201858 -0.207763805793737
v 0.11180565043771 0.265232782330352 -0.202109913709464
v 0.137912150700579 0.00653722815450158 -0.214323631590051
v 0.128400428476186 0.00833150074868021 -0.215040532364959
v 0.0981943136313628 0.209522377719752 -0.213807123488356
v 0.177251610707856 0.243692957794736 -0.206337766472496
v 0.238018119682607 0.198648136416884 -0.200402689983087
v 0.230070061600421 0.202820433677677 -0.201005031232876
v 0.105487947715806 0.0337755188030676 -0.217472659024331
v 0.118850404832669 0.0271567727877287 -0.216742430262155
v 0.23955164145637 0.138243197742774 -0.228552023537999
v 0.245683037072816 0.150305388681584 -0.209971584240995
v 0.213060733658094 0.0420954669997536 -0.216973630300214
v 0.222090123669877 0.20995488559755 -0.210116710544858
v 0.221878453948865 0.214968084195002 -0.21653868399253
v 0.202119635495407 0.214716767120761 -0.217410697782999
v 0.12195261119742 0.00101162304622523 -0.222135766560546
v 0.117521492628447 0.0220845291475047 -0.221386250489599
v 0.0601079708871378 0.201385654157156 -0.215771160709714
v 0.112637165744833 0.224119604490904 -0.215984874398957
v 0.221736874443873 0.205213070305823 -0.203754822490838
v 0.17701385899771 0.264110189258802 -0.202924642100627
v 0.195918588879645 0.207690367674497 -0.204865125145331
v 0.11380081280414 0.0307228024614243 -0.218274518699223
v 0.112677380270121 0.260972175684191 -0.208164541322681
v 0.112189452573276 0.253628948411721 -0.209743728555457
v 0.211639960399767 0.0363953816714631 -0.219713221379011
v 0.0535589126626259 0.191986688376345 -0.2182858765388
v 0.0890731072096213 0.045453251022287 -0.222705029373343
v 0.0916994414265175 0.0444399349608622 -0.219531672336242
v 0.0861775921173312 0.0546525972357979 -0.224710134723757
v 0.193200643823777 0.210142980746943 -0.20513813742344
v 0.176129442004982 0.262254716834263 -0.206745499537903
v 0.138992239022168 -0.00102806265894995 -0.220018309398324
v 0.129154678773296 0.00193245219952287 -0.217805046298504
v 0.106114015429845 0.240578010940198 -0.204702143026984
v 0.115741899107785 0.247614219823595 -0.214274570962289
v 0.172134590180728 0.267424153948856 -0.203243204387838
v 0.207592600543427 0.0338294704612648 -0.221907114125812
v 0.134699906854175 -0.00367452783326186 -0.220755675294691
v 0.226573122182754 0.0721163708121981 -0.230747131425435
v 0.243135539775581 0.193491428118046 -0.203988789923773
v 0.0622612785666997 0.155359514481846 -0.243253963284413
v 0.0591861563012816 0.1571614301195 -0.236385116281101
v 0.0675211839816088 0.175247246808401 -0.248900814214371
v 0.173472331049295 0.250058188765083 -0.211364474089799
v 0.0945829146223428 0.0389643725512524 -0.221907478219451
v 0.102282323547907 0.0359068419226192 -0.223222504131305
v 0.0708029677969426 0.210540584126826 -0.214364110713985
v 0.112678197242129 0.239058033379168 -0.212593209992161
v 0.0843401341314155 0.0629707163416888 -0.227085742925254
v 0.0822591322680264 0.0510528545506998 -0.23075375931649
v 0.0721051714255966 0.216187108163253 -0.223085065235097
v 0.189102832102679 0.0106528027369903 -0.219994683380675
v 0.108856151162003 0.0334149460194898 -0.224360131774819
v 0.110619891708147 0.0318864947637994 -0.221672867159513
v 0.21472992551047 0.0503400502214922 -0.218390071784363
v 0.217906150434608 0.0449961475443578 -0.222419516134563
v 0.175411982750964 0.24220811098225 -0.209940448147127
v 0.11593484975671 0.0279946034751003 -0.219695444581028
v 0.0593731359202476 0.201449898784073 -0.219790042861491
v 0.0562203533057469 0.197362723915471 -0.223521190876664
v 0.0639700051215445 0.206991259706624 -0.216296766478261
v 0.120286608608528 0.270926861976387 -0.208490527139315
v 0.117288233027564 0.264391250264712 -0.212485939655548
v 0.0627760521201015 0.132792291127597 -0.225946527081629
v 0.192904966508511 0.212997941718127 -0.209505707517966
v 0.200908303819888 0.030263447843777 -0.220159842728414
v 0.140304145823157 -0.00851184447849702 -0.225633970062088
v 0.0602207236201566 0.202400768982539 -0.224085207766973
v 0.196792046475221 0.0169828602006038 -0.223969140095844
v 0.133033392698597 -0.0125678383622143 -0.227490114767231
v 0.136449755126164 -0.00884167376792206 -0.225576163776606
v 0.122688107318313 -0.0123604136093144 -0.226116210890858
v 0.0685624958076308 0.213375607312264 -0.222446814679152
v 0.121789395848607 -0.00651427990617666 -0.223602795901984
v 0.172943189473763 0.267887214322254 -0.207437946139823
v 0.103243060054957 0.213205289213891 -0.212578126963042
v 0.218323262252355 0.0417272931820101 -0.22803765337545
v 0.106463011475378 0.215811970564897 -0.215770288534484
v 0.16906154416062 0.270653001402759 -0.207418905997301
v 0.0865943526675531 0.048161881302773 -0.22568729188157
v 0.113610635092774 0.0291246653659847 -0.223419045633992
v 0.150661683706624 0.275680498751488 -0.210083794721586
v 0.143633731130445 0.275693028589336 -0.210163503491243
v 0.23447841282727 0.203761865232149 -0.203638269534395
v 0.140980423622391 -0.0106086409249438 -0.227252053799006
v 0.189896734767504 0.217223898610793 -0.214762032156411
v 0.0540094855657135 0.159940948583339 -0.226051824996439
v 0.118547754178223 0.255985737199423 -0.2162987174253
v 0.0917772059696595 0.0410116708402753 -0.225414436503078
v 0.146450730478426 -0.0115654975043237 -0.229175425708136
v 0.162744509357891 0.272477794547497 -0.206976560326134
v 0.149637646869444 -0.0143739695556481 -0.231348965357703
v 0.230414157261508 0.207397219626511 -0.207540364538588
v 0.138383321980712 -0.0126398288512695 -0.228483638868488
v 0.123597920200007 0.271812725732595 -0.212630256032456
v 0.136150782490277 0.275171633851971 -0.210647373438722
v 0.130883569186366 0.271726356489808 -0.215048464633011
v 0.178810011271748 -0.0050620291056021 -0.228666480054038
v 0.244450363902064 0.196924941001923 -0.209638131497594
v 0.237799370407877 0.203255346521687 -0.207368400984781
v 0.0998421000787332 0.211813210674292 -0.217753451306285
v 0.163224017309698 0.273744731348989 -0.2111828366104
v 0.157529415897745 0.275193339338237 -0.210345374181439
v 0.0643658348472983 0.208042479909572 -0.224245035392963
v 0.220138685018222 0.0466397720087085 -0.22520377530719
v 0.204605753681956 0.0329495305510644 -0.228366191218922
v 0.223947844296313 0.0939540210536843 -0.22826817069554
v 0.12765894331478 -0.0181620841424796 -0.232014189176797
v 0.119200120756074 0.234109402879625 -0.220467140208142
v 0.191114214385144 0.004782122023088 -0.223958172067294
v 0.189074172313925 0.218597560283768 -0.219581462985886
v 0.167477375463829 0.24525112806262 -0.223491792390992
v 0.168130391628518 0.250002311808015 -0.219967105772992
v 0.143711319529748 -0.0139726955778723 -0.230391939878497
v 0.10089037306297 0.036571092697675 -0.233896011895471
v 0.106689481370381 0.0343678285822938 -0.226952269367759
v 0.171623022733494 0.266431778607368 -0.211088576242926
v 0.111319955096955 0.0298168588372058 -0.226521285136997
v 0.210636996983371 0.0379267364932513 -0.229111476296554
v 0.192448546500685 0.0103994978089198 -0.222200431800738
v 0.0554340722897074 0.189795667278084 -0.230471930362685
v 0.0619266428997159 0.141429284616369 -0.245132488993419
v 0.0950022697410402 0.0407379210107188 -0.23396510636214
v 0.167580307632507 0.267202359313509 -0.21478926942172
v 0.081700667378825 0.222975229424936 -0.230963269071237
v 0.14136729872476 -0.0155038039278791 -0.231002916121347
v 0.0862072021982481 0.0453184491979024 -0.230024868926254
v 0.135402632396941 -0.0159730804743637 -0.230657813170079
v 0.169099653179723 0.270437422480375 -0.211788195496184
v 0.240285300848166 0.2019476619303 -0.211673116456335
v 0.111468819580376 -0.0115144173641178 -0.23502411278213
v 0.118612210220206 -0.0135301497120881 -0.227952967925837
v 0.12092382320737 0.269756901382075 -0.212737230801215
v 0.0870347910023427 0.0440295752762722 -0.232707223277906
v 0.252342572865685 0.15341554438662 -0.232949627229315
v 0.222611083129603 0.0482985134153211 -0.227958339450448
v 0.152335353405154 -0.0191577147712424 -0.235358678255134
v 0.154957659374742 -0.0174127506052834 -0.233665189209588
v 0.102790400418004 0.024439508478334 -0.237860111888562
v 0.225878445800528 0.0794224508319561 -0.229897788654529
v 0.144940835719495 -0.0182059497799765 -0.233831449992698
v 0.0562596987002853 0.197072781850593 -0.227693646021305
v 0.188252630426577 -0.00582010913908102 -0.229793953269137
v 0.125487214115169 0.268701851185191 -0.215577632385908
v 0.077016454626915 0.078259327328907 -0.234946269908121
v 0.0654055477845536 0.100701293735493 -0.246864592820163
v 0.162129631137518 -0.0118583567773139 -0.230700595136899
v 0.0666964111901021 0.211252140068647 -0.228188774365472
v 0.198740344240478 0.0113734921862334 -0.228467617338899
v 0.194193045891797 -0.00144068870531344 -0.22774684381034
v 0.117135755981364 0.2223425429584 -0.225468486812554
v 0.102902844936987 0.0313330378409966 -0.236970717822534
v 0.185571460468782 0.221956476700222 -0.215844659000116
v 0.170468595183644 -0.0160102359248712 -0.234193617628592
v 0.174267106822431 -0.0170420295279973 -0.235392360622837
v 0.195575889239249 -0.0141896187389489 -0.234450561543521
v 0.197038381133642 -0.00798585813995907 -0.231689982397492
v 0.133514410520237 -0.0204446416826324 -0.235576980399221
v 0.180163435890191 -0.0157766156707871 -0.235165439386277
v 0.0639900280232699 0.129338037916342 -0.24351734658259
v 0.236857834054207 0.206789037990039 -0.214625456432099
v 0.230005165741036 0.211711608208303 -0.214599562915143
v 0.127641764311702 0.264200968320836 -0.218995032876628
v 0.160272715705086 -0.0202400605333998 -0.235887680561723
v 0.163428282755652 -0.0200504564297944 -0.235727653166262
v 0.195029124804994 0.00475529092814384 -0.225965491722802
v 0.178283611071038 0.227553047633028 -0.225213375631404
v 0.0599756869850669 0.202273453959737 -0.228243436433553
v 0.204088666385346 0.0271126547608761 -0.234359011004901
v 0.206474361121663 0.0343386550325249 -0.232136507195222
v 0.224887477173997 0.0500948973745139 -0.230791840324761
v 0.121741653948157 -0.0174077817530456 -0.230116563341567
v 0.124787659122657 0.236628583798137 -0.227603986410799
v 0.122751639615773 0.225476942372436 -0.232370203055701
v 0.162548483501015 0.271944136621486 -0.214868647689591
v 0.146062293266009 -0.0215937138913367 -0.237447394745376
v 0.164803732615024 0.256852351003508 -0.221184167655132
v 0.166211752167757 0.261814839471759 -0.217854908409279
v 0.222482116983251 0.0455068525902088 -0.234060610269623
v 0.248146851440746 0.1941809914147 -0.216433971139065
v 0.241418137571293 0.2016177103027 -0.218564224210136
v 0.071022855824354 0.216141767983291 -0.225680107348135
v 0.113834789360307 0.220291167415943 -0.222221306854271
v 0.0753906540607308 0.0640324139351779 -0.237904521929547
v 0.07889024526627 0.0516066700585315 -0.234502235283515
v 0.157049226835299 0.274177290062862 -0.21401771013082
v 0.143890649840929 0.2749974332451 -0.213447616238536
v 0.211488448811252 0.0162915468759549 -0.245031108154295
v 0.209196306906208 0.0218680055590134 -0.241088183492251
v 0.201686984220865 0.0122116088563691 -0.232033242811193
v 0.157735214925029 -0.0222023374870174 -0.238121710797215
v 0.145795323177482 -0.0244214778993776 -0.240584663826809
v 0.190204217643228 0.21940109747305 -0.223939731202367
v 0.0579147449669667 0.1953456291605 -0.235296064634829
v 0.233178432736543 0.0677335152774706 -0.237512046279882
v 0.0634700110187189 0.207158286619018 -0.232411859045576
v 0.232309960524288 0.117776756762334 -0.236545760625748
v 0.136899164736096 0.273625383312529 -0.214058868163318
v 0.196855128260432 0.00552209438878514 -0.231228442585035
v 0.18430765156934 0.222602817025559 -0.220369255283739
v 0.085596102414821 0.0446950926853823 -0.234040290028537
v 0.168861675938911 -0.0212735283606711 -0.237963872134514
v 0.116192293280059 -0.0170828964456754 -0.232796764080119
v 0.210601585337174 0.0381609417165587 -0.239270058666456
v 0.215241067677072 0.0422645280103363 -0.235939980022334
v 0.201300110634044 -0.00124384201300823 -0.233156982337386
v 0.161578033005174 0.267584458141648 -0.218064971057707
v 0.0596577019257443 0.202107060994783 -0.23221833838278
v 0.132874116692224 0.267468950974363 -0.217519416845351
v 0.22689667862966 0.0518795218986416 -0.233930954283416
v 0.232907194188032 0.210927585928201 -0.218049262728714
v 0.239643552987625 0.203944775626751 -0.223182088603999
v 0.105328002033416 -0.0123905332690661 -0.241780420607533
v 0.0982014147893108 0.000664662513970157 -0.245598649420263
v 0.126577885803685 -0.0206082322380336 -0.234365017619346
v 0.162178156483057 -0.0235481666557723 -0.24145718370993
v 0.109699413110031 0.218389322659248 -0.226791026734257
v 0.239718237133793 0.12408660501824 -0.242895969233761
v 0.157268372781908 0.26983418154382 -0.217163901082179
v 0.154041516045147 -0.0276691106351184 -0.254463638504387
v 0.161082918957209 -0.0276197965509818 -0.254706353098574
v 0.206828531585142 0.000624497085948832 -0.240359885475285
v 0.209570730866662 0.00814177690756025 -0.242472076080242
v 0.234297496916768 0.0950254252354002 -0.238658208781302
v 0.248072305171867 0.109089418720611 -0.253216304018163
v 0.078088850513674 0.0504210112512752 -0.23853415981655
v 0.138392531460994 0.270042414723508 -0.216285608100202
v 0.125115520516048 0.242971366768717 -0.225590692821026
v 0.231991356911171 0.0582615498645831 -0.239420748494894
v 0.150744460487024 0.271156386926296 -0.216248541753156
v 0.0917709243490733 0.042457508712238 -0.237152224267828
v 0.12518277519858 0.250064301658453 -0.224053384869661
v 0.0680023941777648 0.212695974521367 -0.232423538412098
v 0.073112555368838 0.218532628026131 -0.229752935937866
v 0.185256570624803 -0.0151227244636298 -0.235021991222436
v 0.18963282500741 -0.0165526894292584 -0.236295246516015
v 0.098549203368154 0.0380206544659246 -0.237607374340161
v 0.218141240788984 0.22197133237816 -0.226046599110129
v 0.120633392009118 -0.0214683141253367 -0.236886312756106
v 0.17645237767378 -0.0223081108677274 -0.239976545587548
v 0.182931609291321 -0.0208337010262566 -0.239354296432108
v 0.195838659828333 0.227707653186497 -0.235856200462699
v 0.186283343384195 0.223234353635834 -0.228874907073149
v 0.144508791462969 0.27124773032674 -0.216324565769583
v 0.242167092356692 0.201110656817174 -0.230342351215727
v 0.22439840920982 0.0477759545108049 -0.237348317412606
v 0.157878127256466 0.263017691524779 -0.221035332824375
v 0.189471252995436 -0.019938627174473 -0.242780620647634
v 0.174792617875036 0.229585572893816 -0.234489738473584
v 0.0730271266985016 0.112348836968623 -0.236822042496142
v 0.242185599825806 0.155935293295299 -0.256476230051192
v 0.245522396528269 0.141285128538074 -0.248067863057098
v 0.244277425874893 0.135973972382911 -0.253343169942643
v 0.184712783641549 0.222433107691165 -0.224631123509853
v 0.0834920831160308 0.0464784353799197 -0.238355925695943
v 0.0878585910253048 0.0453057308295816 -0.243048889730209
v 0.112903014637288 0.219947887500037 -0.230178450884812
v 0.0697373423286425 0.214260381807671 -0.236557542238476
v 0.233668638687847 0.211318646613408 -0.223510008103676
v 0.138713349669634 -0.0260876663818919 -0.242868324903218
v 0.201073359494668 -0.00799104572865171 -0.234240743891801
v 0.139245565583753 0.264201245932938 -0.219930741448378
v 0.248813288344408 0.192683940268847 -0.22813119142042
v 0.229055251658811 0.0536076142023797 -0.237148750998962
v 0.0708604663930602 0.0606348871703849 -0.243879940618084
v 0.06533423132481 0.0795475268023475 -0.248624759923536
v 0.170049132209341 -0.0249636868126401 -0.243880916454826
v 0.217728583528325 0.0444233353837148 -0.238960761300937
v 0.195764363431906 -0.0166849138169114 -0.242667707111544
v 0.145112905212796 0.265215407673278 -0.219635807137116
v 0.0633416844137979 0.206958843235283 -0.236419112445347
v 0.0949446490091549 0.0353565491390518 -0.245424545068284
v 0.16328861376495 0.251531712095178 -0.224620595046553
v 0.229115117254149 0.215203717074693 -0.221893291048887
v 0.139815725211421 0.258346093915511 -0.224326914379728
v 0.169142860882155 0.231364488425658 -0.239073499551883
v 0.153558579321089 0.244779587698758 -0.232121546430425
v 0.212484264377282 0.034051874053927 -0.248862965616208
v 0.213444546475026 0.040546562938591 -0.242435224345035
v 0.106215729763266 0.220289294349557 -0.230774899609096
v 0.061015097767067 0.200582999460056 -0.239718100137987
v 0.126415835390773 -0.0258794191837281 -0.249121868487519
v 0.177069437066085 -0.0246942909694466 -0.243169910069505
v 0.0757136416065848 0.221274231514548 -0.236366880632206
v 0.130679889346758 0.23335547032065 -0.235522952249326
v 0.133094811031991 0.247703044726516 -0.228989284158745
v 0.157594993134717 0.257052824793393 -0.224907590737582
v 0.0899948486332685 0.0299116510792783 -0.251300293406486
v 0.0733698249190977 0.054585973003762 -0.24286553550027
v 0.115452806439452 -0.0181973797271186 -0.23668532564334
v 0.198913229153972 -0.0144705175306025 -0.238188392969673
v 0.227729735207686 0.0507466286934749 -0.239579017540532
v 0.145798670452647 0.259235420989077 -0.223812565136029
v 0.0984000734938321 0.222410078199934 -0.232047791114246
v 0.110381355591994 -0.0148426163650169 -0.237290038073584
v 0.181006196595043 0.226601509224825 -0.233923244569089
v 0.111664425963383 0.229968783411032 -0.241417217252502
v 0.120925166051198 0.226814382326516 -0.239874290986925
v 0.0926723870914473 0.041300213541711 -0.242652378441177
v 0.152617518882523 0.252333008615194 -0.228287569188225
v 0.143343850769702 0.245466384293939 -0.231951969300993
v 0.0872232871856808 0.227048473058501 -0.237503701123741
v 0.08088268831276 0.225661779896487 -0.239442724873758
v 0.207046320623862 -0.00604261796775967 -0.241442773724837
v 0.0776065334182781 0.0495223061244915 -0.242532478337175
v 0.249800648466253 0.170239905811238 -0.242878498032302
v 0.220143011903442 0.0465966399753456 -0.242250486049219
v 0.0919706165872493 0.0403625708643458 -0.246600365895921
v 0.139302940595789 -0.0280593484006155 -0.250240521816389
v 0.202513173219934 -0.0126290002907886 -0.240978110200335
v 0.115368158835874 -0.0192818723037711 -0.240721953839808
v 0.0713009299188588 0.216016776108834 -0.240833887838593
v 0.214291755644953 0.0410808512986591 -0.247270101039937
v 0.238336920077643 0.206303510963391 -0.227652950218599
v 0.228699520687051 0.0530936796650426 -0.244316302340908
v 0.1099444776978 -0.0162238168037671 -0.240585668861714
v 0.0948262401957232 0.232725458010572 -0.245439387423674
v 0.0758245654445724 0.221055190958602 -0.240778191570575
v 0.140329195585751 0.251813047891834 -0.228120512184235
v 0.0992327883332081 -0.00779872626275267 -0.246868190495738
v 0.199248848086655 -0.0146265185904922 -0.244959604968767
v 0.117274436295913 -0.0204607588212423 -0.249658907634092
v 0.168693673120985 -0.0286937965102629 -0.254662461370002
v 0.216313007051467 0.0208856831854721 -0.253295952561252
v 0.239087347517283 0.0716401325522503 -0.243908717569331
v 0.0584910193536692 0.0902583867085528 -0.25779358250171
v 0.0674326102291752 0.211551776178072 -0.240546865304571
v 0.0645535878114791 0.205389483404792 -0.24415200631537
v 0.125752835475055 0.227913762043773 -0.235299083411283
v 0.0910910325591927 0.00142364639866093 -0.253491065750433
v 0.0725826077658173 0.053588331049967 -0.246823199004944
v 0.236671010222427 0.208532296295892 -0.23180607185219
v 0.229943469659031 0.215667878563548 -0.226371659450738
v 0.212322218427958 0.00250708331991922 -0.245925765153327
v 0.0900094056593276 0.0386779538465981 -0.250213616177725
v 0.0795605898540867 0.0494273901270795 -0.251514691180593
v 0.204694540960611 -0.0106740470086783 -0.244988869914575
v 0.17582540477252 -0.0266057836111488 -0.251261827757535
v 0.219222211161917 0.0474563836359393 -0.249580658700748
v 0.110004676417023 -0.0170998163331455 -0.24475109899694
v 0.142831323630341 0.23187321751667 -0.240106765238419
v 0.136640203869726 0.230426045621764 -0.240623155145203
v 0.23278164224273 0.0568567658548629 -0.244072337885882
v 0.194810862754132 -0.0175042804639033 -0.246826286744879
v 0.209482683164778 -0.00448055852197595 -0.244616143603765
v 0.0858895826934775 0.230043648983983 -0.245045140706758
v 0.245234669099686 0.197911703820888 -0.237251807676538
v 0.247563732485191 0.12257230995167 -0.255752710487349
v 0.128749668342675 0.22881498133942 -0.238256881382718
v 0.156273539431801 0.233193206402357 -0.238798901902308
v 0.0830010926449678 0.0108815923493246 -0.260303520565325
v 0.0837144075358565 0.228095689498687 -0.242815820861932
v 0.0790745901551129 0.223526651289056 -0.244923993359002
v 0.230836155552541 0.215809871475311 -0.230917431864744
v 0.149849224119859 0.233057070528595 -0.239170625374307
v 0.187268906488282 -0.0219229261767848 -0.256859023765498
v 0.0656705290610934 0.13854382417791 -0.254669956476387
v 0.0682034328570234 0.210145480352715 -0.248681961367293
v 0.0665144642495901 0.115357005431518 -0.263761839900577
v 0.0620773863525478 0.103410575084959 -0.261052999610931
v 0.207191692408017 -0.00904877098724987 -0.248309234979504
v 0.216095429313165 0.226389742236895 -0.232448825058074
v 0.212232814726131 0.232661385767035 -0.242138136631956
v 0.226067036207528 0.220439660699671 -0.231517528040168
v 0.104121570760531 -0.0137536438796641 -0.245380355952103
v 0.22102399241944 0.0423269415457027 -0.261631739298165
v 0.182175723193359 0.228548259679339 -0.237904292369674
v 0.0833979848652199 0.0436114672500333 -0.255186550459643
v 0.245261695584177 0.0895859429488458 -0.250544016537439
v 0.249184051650255 0.0953876667886703 -0.254648549841041
v 0.197406738675622 -0.0154828024970484 -0.251978489929419
v 0.201447024033615 -0.0129660816098462 -0.248764825628694
v 0.225397864088028 0.052798888399075 -0.25664994460901
v 0.231333268605125 0.0545919917739697 -0.247404025825879
v 0.130828280028014 0.228580639466049 -0.240444304062317
v 0.125178853566907 0.228246665386472 -0.241539117961448
v 0.0713911716573696 0.216312067928428 -0.244782151557479
v 0.212101190872543 -0.00333952703531002 -0.247151317325171
v 0.0676933919045289 0.0575147831468439 -0.250864976839376
v 0.235767222362066 0.0588567420224546 -0.247264871932564
v 0.241306435915495 0.0671678072658038 -0.24819358148935
v 0.233948464765416 0.212393142782444 -0.234997265954601
v 0.231841584157584 0.215321557467169 -0.240022444735547
v 0.22761549562624 0.220292951984416 -0.240932544585321
v 0.176654232040898 0.231154193522228 -0.242831883859562
v 0.104777336656666 -0.0144462632578736 -0.249386702654571
v 0.237264218238498 0.209490173183033 -0.243646747387862
v 0.0835786699339648 0.0363480134155246 -0.257064960278396
v 0.0714185461892132 0.215747526584862 -0.248945628555158
v 0.0726130814062614 0.0531314506504062 -0.250950084430092
v 0.222120261817192 0.225042383202636 -0.236788453694141
v 0.209483350463737 -0.00710660183333485 -0.250262239462926
v 0.0714900866111627 0.149898410063645 -0.258973874108572
v 0.147307212910923 -0.0312966084388695 -0.257212559013888
v 0.0942517851703484 -0.00494962687328606 -0.251605101430364
v 0.0686357579062681 0.202443176272156 -0.250708861910512
v 0.0755282226256024 0.220052875638304 -0.253189431939874
v 0.222434227207073 0.0487417118366333 -0.260279218912022
v 0.11328832151068 -0.0179652889619165 -0.258912918286639
v 0.213779814196018 -0.0015202531046278 -0.250285526648035
v 0.203874898212849 -0.0109326666586845 -0.250512777191184
v 0.130597566503004 0.230361792873385 -0.244269189681055
v 0.120117832608457 0.232518309843571 -0.244675347907129
v 0.233360357568342 0.0563957997864485 -0.251431258811399
v 0.105714774704872 0.242818361745562 -0.261260755999318
v 0.124199560170201 0.245459355080622 -0.259847565351388
v 0.137296864291551 0.230287854481571 -0.244748133546941
v 0.218037760458463 0.229906081103801 -0.24175155887741
v 0.223562017759711 0.22477870874314 -0.246176734417698
v 0.0638663137542754 0.0623845159297261 -0.255976465707882
v 0.143931851835676 0.231214265212828 -0.244243091572894
v 0.0993913690682749 -0.0109085352306539 -0.254338181306805
v 0.236218469358291 0.207360857081179 -0.252161433131224
v 0.245855827308733 0.189847870204517 -0.244134745665909
v 0.238029958916559 0.18544123699219 -0.255028900367394
v 0.150626066650716 0.233592683606261 -0.247643156729087
v 0.0737824934867103 0.0532043208688813 -0.259646593993728
v 0.0814803163246875 0.0423079554151264 -0.259007072512684
v 0.0638563097871568 0.125011620404941 -0.256075700813712
v 0.196719294698577 0.244195295730445 -0.25699080289882
v 0.170905654058848 0.233546283268286 -0.247185144331858
v 0.0798033281696657 0.0179847229326988 -0.262745805792674
v 0.0797753560438722 0.0271124998157742 -0.262144759284211
v 0.241009802079427 0.0633535667125012 -0.253841575795006
v 0.119072152572794 -0.0214766761865332 -0.258717474471122
v 0.164007342464667 0.232984394349401 -0.247268991155183
v 0.0847791069946977 0.229124252262502 -0.248488864535273
v 0.0736222686956727 0.0438985342234862 -0.26664993421678
v 0.072543670151226 0.0354329023163805 -0.268592106658557
v 0.0807011921678475 0.0341804942847928 -0.260380208826539
v 0.067396617311575 0.056946619694922 -0.254892487593003
v 0.137434723082872 0.233785372532453 -0.247942936659277
v 0.13267200449317 -0.0303040007998194 -0.256977442507517
v 0.206597065234054 -0.00936055110092152 -0.252243710648817
v 0.211331481831902 -0.00521744480667535 -0.253233588817672
v 0.233764844150742 0.214367009431424 -0.249153057829113
v 0.228330097217095 0.220270298465534 -0.245531562685804
v 0.228813442869626 0.054458052852399 -0.260169886112339
v 0.23614681980058 0.0586054255484633 -0.253995644267334
v 0.236580984598301 0.165115542017021 -0.261388199291883
v 0.0799306483024439 0.224526066533976 -0.2490079504855
v 0.0740934441230095 0.21306124613524 -0.256305994681211
v 0.192714713766685 -0.0183666709901689 -0.257970793276299
v 0.198133714573244 -0.0146834356036987 -0.263907406079546
v 0.0880066280973737 0.231496030598177 -0.247964824522479
v 0.0598472131803018 0.0681963483312116 -0.261100416387478
v 0.0582901072848005 0.0745928327577195 -0.262232130226218
v 0.109076996217421 -0.0157527711147981 -0.263254370301393
v 0.215648041407044 0.000254075926276331 -0.253780671952925
v 0.250863733169512 0.0772735540991254 -0.260352210976051
v 0.058221476466638 0.0898537402099438 -0.261448679829653
v 0.0848532439543966 0.00141996490924692 -0.261402358068047
v 0.0941174706393085 -0.00685831906268678 -0.255356368107721
v 0.183847613705363 0.247298644064668 -0.260928164851777
v 0.172003819750544 0.243698175042018 -0.257381455706552
v 0.102676174166642 0.239276396089535 -0.255175336228732
v 0.0720409361460938 0.172284149251775 -0.255100338437681
v 0.139729003967931 -0.0309342430856355 -0.256815129259495
v 0.250205864753886 0.0930778532210969 -0.263749642929491
v 0.162223370527279 -0.030988181840023 -0.257389336268156
v 0.0731526612167437 0.192796876224006 -0.255195066025519
v 0.127117993281437 -0.0274504201697795 -0.257724380908628
v 0.209222299968662 -0.00776089325334519 -0.255926145417032
v 0.0895577270050146 -0.00377002692793286 -0.260096312233129
v 0.0626839244691965 0.0621932314229475 -0.260178371222944
v 0.17573446579402 -0.0291547702344718 -0.258819899374295
v 0.144499345512225 0.244000104151561 -0.258717899404851
v 0.0678811815747208 0.0568504724808578 -0.259213546840628
v 0.213526593026017 -0.00346569291212825 -0.256555655250047
v 0.155491578229167 -0.0368965227246311 -0.260562189510527
v 0.226605518163735 0.0481593743625116 -0.269809760255347
v 0.229688431460471 0.0552477169742584 -0.267416936205162
v 0.079902832416919 0.223895265024314 -0.257484692942402
v 0.0903589831991847 0.23335323886927 -0.251445502215577
v 0.168871685013308 -0.0303377416951998 -0.257626707950754
v 0.0949544990084731 0.236906472100976 -0.257328372805859
v 0.075809125990637 0.147402829700472 -0.265357293427073
v 0.228023120593899 0.0170941011171003 -0.271046845564198
v 0.237672242979605 0.0260607521301363 -0.283506756879724
v 0.236879127284776 0.0341447553006151 -0.283082701360778
v 0.0947284245808446 -0.00833963819398419 -0.25912343068785
v 0.124819329460343 -0.0262164892213377 -0.262508019639789
v 0.0718705252861762 0.127623479831767 -0.265702626067966
v 0.0846070352243029 0.228487487572764 -0.253188334648629
v 0.0817643612204252 0.179732924813206 -0.266444416002252
v 0.24065153697403 0.0621310496469152 -0.259660826190861
v 0.244134524840919 0.0661450531066626 -0.257502647172023
v 0.190624697424422 -0.0208079281121883 -0.262931338645644
v 0.161799989316649 -0.0362296295405165 -0.260779071435312
v 0.148718129193167 -0.0406003217495064 -0.264169585518016
v 0.233260760795044 0.213479717832624 -0.253375298883215
v 0.0731854660360816 0.0523383782276639 -0.263665650947497
v 0.06555936480344 0.100934728921258 -0.267357357211204
v 0.217769745228162 0.00218826501174633 -0.258390825240698
v 0.071804835112579 0.0267099165983946 -0.270530265250751
v 0.0717142416526853 0.0181966126985709 -0.271837461943003
v 0.140202765822449 -0.0476768621417746 -0.270565333495715
v 0.150587744885295 -0.0490888560784438 -0.271841503952433
v 0.213411045510951 0.234193460354237 -0.251646555289217
v 0.206965790058852 0.236621771647705 -0.247026318575383
v 0.172717747827175 -0.0378495875440574 -0.263442413454447
v 0.229285363577983 0.220254532139824 -0.25010118545057
v 0.249042057668306 0.107451024637832 -0.262090962630492
v 0.247434666433083 0.121855318216496 -0.260088334791918
v 0.0888498338675488 0.232188912952781 -0.257715627378819
v 0.231601582411763 0.0571854050884138 -0.26249612417246
v 0.176330248971864 -0.0302423322612434 -0.261003880699322
v 0.210924771743599 -0.00696154715506471 -0.26087339813328
v 0.208217991234501 0.23844016000533 -0.256487894392184
v 0.233733500605887 0.179087026059423 -0.26178641534095
v 0.0782224114445213 0.21696798233458 -0.260370513108477
v 0.1191706042408 -0.0224012613087145 -0.262892028559807
v 0.0844542364023058 0.228003773343838 -0.257663254524501
v 0.129132507081666 -0.0355083446406422 -0.263676963863089
v 0.0799747460500828 0.00513863576507248 -0.266086340465731
v 0.0710328976793614 0.0568778700864403 -0.268024698151237
v 0.102505890364846 -0.012237924213484 -0.263283890811849
v 0.16030161624279 -0.0406712304929051 -0.264862331578835
v 0.0610199477610024 0.0810768395872336 -0.266683789121041
v 0.23078791869027 0.196208177019844 -0.261491708340483
v 0.0781362536278765 0.00775829584190034 -0.266822351042883
v 0.214528822349072 -0.00430035658207645 -0.262895468901777
v 0.182112650118345 -0.0265501638543154 -0.261603060647695
v 0.134855942273346 -0.0389441098708388 -0.262943428369092
v 0.203684100037141 -0.0101798477983194 -0.269937087985176
v 0.0898743013109086 -0.0054954568636732 -0.264220361196916
v 0.115218775669346 -0.0207632256816883 -0.26693440580486
v 0.183399165060023 -0.0309695338350762 -0.268006000600857
v 0.21931104616284 0.229050194218075 -0.251248450502631
v 0.24859064584417 0.0774675714067718 -0.270237818655226
v 0.238162653018073 0.0834568163676324 -0.281402055288183
v 0.0625944916153979 0.0615307599454883 -0.264240285088518
v 0.228045719720047 0.194382901209149 -0.265014675527124
v 0.224996448675017 0.224562889975943 -0.255175713733224
v 0.24482501731365 0.0665594698956456 -0.261079895921651
v 0.248419489496944 0.071270290476726 -0.266098344483624
v 0.0850430660260097 -0.000334064863769301 -0.265283166968619
v 0.0797681188502687 0.209354858952253 -0.261961269001864
v 0.0811275803301879 0.201436764338146 -0.263530605070524
v 0.241731790020072 0.137863825195756 -0.260911711802961
v 0.0910011489740387 -0.00578386719917036 -0.268239892600503
v 0.101583344176904 -0.0088132383817112 -0.276377691792447
v 0.105585730393868 -0.0129754505264808 -0.271960283210118
v 0.244240778104669 0.0655185566051221 -0.265012630103557
v 0.220823401002274 0.0042729674802881 -0.262440387392654
v 0.217847036803919 -0.0023225915172563 -0.265806596462159
v 0.2242922483718 0.00698312053098278 -0.266840175325054
v 0.157206904793498 -0.0489354285089606 -0.27223613532207
v 0.201967573376552 0.240551883969194 -0.252055977074609
v 0.100280132479822 0.23985704110044 -0.261772026883242
v 0.124623206022324 -0.0284879486014054 -0.266282290893633
v 0.0611362993274924 0.0661800580622249 -0.269199053210731
v 0.228542533567969 0.217971690512449 -0.258481744992479
v 0.0809011393153551 0.222608319151014 -0.261343421766507
v 0.240761937085908 0.125890338600275 -0.266857483123398
v 0.239425931769345 0.110744876799039 -0.273083011195389
v 0.168685527887353 -0.0431711018993314 -0.267866182650569
v 0.162528543359181 -0.0446964714441632 -0.268651269915539
v 0.223176934729889 0.00143407107376243 -0.274723241106318
v 0.0843863320024003 0.227393783786394 -0.262113795775307
v 0.131004498742084 0.251370100198518 -0.266832472724846
v 0.126990958681821 -0.04570644845794 -0.272645943171956
v 0.133604515798044 -0.0464941826355157 -0.269293756112642
v 0.0723961946345989 0.0494084169499001 -0.270684494965971
v 0.0739214485983315 0.133671531551514 -0.266714326276839
v 0.18497429772682 -0.0251295420254809 -0.264866411909421
v 0.188781819616433 -0.0222851605805248 -0.267119711082785
v 0.11001127607583 -0.0164533574627795 -0.267568903727889
v 0.0642190638854756 0.0605502432853776 -0.268073297742044
v 0.0882138503139986 0.230719150114443 -0.262210745927578
v 0.213934557737733 -0.00447117325077398 -0.270985806818263
v 0.104574104215521 -0.0125619377525295 -0.267889939028346
v 0.234218381880165 0.0589374158499078 -0.266005605267117
v 0.0711270252607188 0.0427469346427979 -0.269908559624268
v 0.239928756117714 0.104218844857753 -0.274119830159943
v 0.226778945103482 0.205992182526727 -0.263516332115931
v 0.0787958978683191 0.00465491522766768 -0.275258611322044
v 0.0807590299400983 0.00305845272479136 -0.270350226844321
v 0.0785506751706873 0.167342051098642 -0.264741444229531
v 0.177021988075915 -0.0450278622451673 -0.269920369927385
v 0.182137761710143 -0.04032732936415 -0.269786821567391
v 0.213505242216345 0.233970032060554 -0.256103782178964
v 0.0856603198897607 -0.00135736857190123 -0.2691921905555
v 0.235394115655149 0.0607959266719255 -0.270320255188178
v 0.0857996647388713 0.217818187534833 -0.26713474615153
v 0.231895426762034 0.0563233029056884 -0.273595552228409
v 0.0891958824209814 0.174054626357387 -0.276101015273279
v 0.0908956265068939 0.159792700525629 -0.280863761223109
v 0.164301132243354 -0.0480694824815731 -0.272033139040148
v 0.0703537822112891 0.0335246480005871 -0.271846160822473
v 0.0940652266194218 -0.00518833815819924 -0.276761978148687
v 0.0680095240129733 0.0709096500148105 -0.276157467834207
v 0.0667990172983999 0.0647730507352198 -0.276087413691033
v 0.220097427576364 0.228421462242533 -0.260035809454878
v 0.122118755163957 -0.0353511448512659 -0.271554516025785
v 0.124140000345874 0.251339078351517 -0.267873673043684
v 0.202752341739986 0.242818923269612 -0.261317478407873
v 0.185584104869443 -0.0259557825775071 -0.269560300914999
v 0.233542691030619 0.15262086410906 -0.268381599457294
v 0.23352813781472 0.160032167455432 -0.266492758137149
v 0.090934134125999 0.232045571406981 -0.266754911140206
v 0.191722477131276 -0.0198012575419605 -0.270583119165542
v 0.0857422214190953 0.225946040113136 -0.266012165051266
v 0.197545403511817 -0.0149561599502437 -0.270802863763408
v 0.224034529115096 0.221991445485461 -0.263524748723727
v 0.0709391954308433 0.0412122291772163 -0.273540273912012
v 0.117428657077628 -0.0309962851972011 -0.276161591112484
v 0.219469607459734 0.207276674874256 -0.27206901438031
v 0.222630060672899 0.190903295439749 -0.272620195693819
v 0.227787704966819 0.168519953059004 -0.271817485141289
v 0.114618738010959 -0.0229856707345457 -0.27408848595547
v 0.0663568466285711 0.0600006208934163 -0.27187709238155
v 0.074201870793742 0.0539443340889739 -0.275218763934234
v 0.151130543742138 -0.0525682904639148 -0.275669633861191
v 0.0874823822088332 0.18995743585909 -0.2717764965024
v 0.0955173724714007 0.215709975724097 -0.276686691727366
v 0.0944415316619245 0.191345724268739 -0.279469183252328
v 0.138452129328698 -0.0540649752096523 -0.277176884656101
v 0.220120645435463 0.227749545564411 -0.264346665138832
v 0.178574044882758 -0.0484327882395246 -0.273226166647469
v 0.069901297594207 0.0244793814828527 -0.273967740635121
v 0.187209437407656 -0.0304614678009161 -0.273582491353296
v 0.235948664395808 0.0481224806907011 -0.283911868696963
v 0.236283089536884 0.0544598200218978 -0.28406559294733
v 0.164336934301443 -0.0554403246299039 -0.279229523683766
v 0.173539191873133 -0.0536411625427912 -0.277540640956195
v 0.0866602268512347 -0.00153892445643948 -0.273176290519508
v 0.0955944117357919 0.235982287313469 -0.266657626951538
v 0.212177065105195 0.21461864629538 -0.280017385584993
v 0.212515748693585 0.225223564611641 -0.276899288844981
v 0.0819964508469906 0.141512990525576 -0.27447895176431
v 0.244087892969751 0.0654766553695469 -0.269251091469356
v 0.234825444908344 0.12723246721426 -0.273839282797924
v 0.213746019862716 0.23385459783989 -0.260521672298152
v 0.0779171787483659 0.044439651802989 -0.28202123921926
v 0.0721964921359311 0.0344051763200556 -0.276879219920821
v 0.0817114568975033 0.00240572362221729 -0.274362924118903
v 0.10566648901743 0.243006808820535 -0.265948770274147
v 0.0797831619163943 0.119069664407329 -0.277171281780738
v 0.203106923264717 -0.0102423878305332 -0.272842901185248
v 0.184102193064784 -0.0444067049754517 -0.27309095781312
v 0.11117530807121 0.245786679487975 -0.265440294939854
v 0.100534687021829 0.239474723710238 -0.266466899288726
v 0.106620689089567 -0.0141538026974824 -0.275685378408702
v 0.194206843588255 -0.0175980474558187 -0.274405540156292
v 0.158517257675058 0.247650047833972 -0.261069891206819
v 0.191224271494063 -0.0229604911065489 -0.2761818273949
v 0.0705461695353646 0.0189453052860742 -0.2766116360573
v 0.208449966823691 0.237784143543961 -0.265114754796154
v 0.247520697721543 0.0714475590109089 -0.270664046774536
v 0.0723158223655964 0.0125274575953571 -0.278617282157069
v 0.124047728661063 -0.0441730522348179 -0.277486445274012
v 0.151620184411165 -0.0570988954442282 -0.279301120736192
v 0.145857909672612 -0.0610339259489256 -0.282283717831118
v 0.230624120512791 0.111648318203329 -0.28363303627325
v 0.227502101119274 0.118557301471149 -0.286052392711804
v 0.2309061989576 0.14710174301879 -0.273258532880906
v 0.192180818947989 0.24718598427295 -0.265385808925393
v 0.090743330571472 0.221245786411111 -0.271962721451836
v 0.116389089728238 0.249543042183792 -0.269157854356503
v 0.190061939608829 -0.0390346576979709 -0.277857604669035
v 0.198318436527456 -0.0146521248789825 -0.276103117691797
v 0.194257053997976 -0.0287621419916757 -0.282237371627325
v 0.0865561467132802 0.129885405066749 -0.282611319979191
v 0.235053060673256 0.0598381425015635 -0.274195764367592
v 0.237220393528877 0.041074343742097 -0.28419731431567
v 0.0960368039912737 0.235204764479086 -0.271020964990011
v 0.183857381232796 -0.0491198875727537 -0.279962692507803
v 0.117128489330497 -0.0318408907108574 -0.279673433066413
v 0.127148377623046 -0.0479723796803749 -0.276771922250258
v 0.0762320803857468 0.0216572364683435 -0.284093481115137
v 0.216860030545353 -0.00258279437515044 -0.274017288411645
v 0.214464761753812 0.23195084573912 -0.269176397325546
v 0.0938050372478559 0.226750897027452 -0.274407153482594
v 0.233354862694745 0.0150092724331174 -0.280112393964327
v 0.179684762967025 -0.0547557124165547 -0.285478851546427
v 0.0766035573076779 0.0562437656461875 -0.282582368870193
v 0.1006327727143 0.239002506335412 -0.270845312541228
v 0.0848635377112793 8.51893148941743e-05 -0.278477234469738
v 0.0837953785321828 0.0379609803010181 -0.290465310618044
v 0.201527122151791 -0.0121277812859606 -0.276573890489084
v 0.245702145379571 0.0698299247086961 -0.275210400849089
v 0.105259451582554 0.243263276115327 -0.270477805345042
v 0.0785367669881294 0.00515997247862681 -0.279201576278542
v 0.168579245466319 -0.0593806126712661 -0.282349419057622
v 0.152594532475279 -0.0654905987984805 -0.286496915154586
v 0.158259101219916 -0.0616808362991586 -0.283241837493333
v 0.0709099812898703 0.0702908787748807 -0.279507595450462
v 0.0699288830526082 0.0778142465722439 -0.276660201788473
v 0.0758481249901065 0.0757130885714873 -0.283021784726106
v 0.23109119508359 0.104985244138244 -0.284945860542237
v 0.197932110328215 0.245469176569241 -0.265546995690205
v 0.16248334301688 -0.0608665203997115 -0.283216283988638
v 0.223023649313086 0.00050473447987207 -0.276264486772966
v 0.22665058954204 0.00422302338647578 -0.27720807603264
v 0.24597580976633 0.071555564934212 -0.275687640365003
v 0.23739929723668 0.0641961930925135 -0.279299322708524
v 0.219129985499012 0.226009597945265 -0.268562175644934
v 0.177661351082575 0.247806083862702 -0.268564384452325
v 0.17215668975914 0.249083868547404 -0.26444759645998
v 0.120520916013996 -0.0379094026128256 -0.27849830859069
v 0.212870870454911 -0.00344427898293165 -0.279258582027868
v 0.158790128473652 0.25039155653894 -0.271834846406329
v 0.151779289698337 0.251259493769554 -0.268245443953357
v 0.202721578049477 0.242420515935752 -0.265490610140648
v 0.140453082293784 -0.0636316141929964 -0.284461802569408
v 0.184000493181464 -0.0490230162103682 -0.292277434471765
v 0.133450428305767 -0.0541560076741245 -0.281079777458543
v 0.109998137446925 0.247029584393361 -0.274544633080398
v 0.077746783661029 0.0506068857365411 -0.281461186508695
v 0.225334778260619 0.154829017709013 -0.278550088166233
v 0.216928742909087 0.163259141601214 -0.287354667307996
v 0.130924681509236 -0.0520222106290325 -0.285710059448547
v 0.0699550407579944 0.0642339688190098 -0.279368449654866
v 0.158593018889396 -0.065441708417664 -0.286329552935199
v 0.219990789475902 0.197396774691494 -0.274268328402873
v 0.165805682522444 0.250163148777355 -0.268225226825833
v 0.199941744613328 -0.0154116160804807 -0.283617709275714
v 0.0814240258583114 0.108130054452959 -0.281752123179492
v 0.100695430382007 0.238464412468518 -0.275245469792511
v 0.102225688029476 -0.0103337375662897 -0.280451517120795
v 0.16359291585627 -0.0647850825723895 -0.286306314944483
v 0.221046901673191 -0.000419288301003959 -0.280119026584531
v 0.146276395773476 -0.0652528582472221 -0.285563088305455
v 0.242708646705425 0.0672704281234644 -0.277875450453767
v 0.098888926206121 -0.00623824347967426 -0.285900185121446
v 0.129362152356511 -0.0473354413436764 -0.289732838654846
v 0.073568586446928 0.0971336170480028 -0.276528967048144
v 0.193282301184754 -0.0389736909286477 -0.285524926881994
v 0.113858674255211 -0.0268181784725009 -0.285161980013598
v 0.0987916847798499 0.230822658773693 -0.27843786756284
v 0.135064733165984 -0.0588775196358549 -0.284484484337943
v 0.0818076345278159 0.0024138343311391 -0.28828413392896
v 0.0848002593379043 0.000910269309177288 -0.291390176302435
v 0.0884525971952793 -0.00211203784234163 -0.286781827736852
v 0.226437176423825 0.00341149119480478 -0.283160742798295
v 0.088531564646774 0.143964017189521 -0.281930904536155
v 0.0829385090272104 0.00159364465466508 -0.282643334368605
v 0.0759872639913757 0.00801196795354772 -0.28460055461396
v 0.169283838805234 -0.0632427765539151 -0.285628557247119
v 0.197916238517535 0.242309565192871 -0.272964366690277
v 0.229978191082859 0.00690681401264342 -0.28483704334736
v 0.120918173794893 -0.0379181463331411 -0.287530060287113
v 0.105302210522776 0.241966052281783 -0.279050161733501
v 0.242973720801013 0.0696751275399644 -0.278410379698522
v 0.203525769779326 0.240154154693416 -0.273768893606091
v 0.0829346381867083 0.0943153986634025 -0.28599438220748
v 0.0927277943949569 0.103542759514163 -0.294719840743792
v 0.10021927235668 0.227626601819818 -0.279275190090587
v 0.116250440260592 0.249147383718559 -0.273558412064051
v 0.218034174173843 -0.000339702459582609 -0.282824522791118
v 0.131211186531847 0.251884890835125 -0.270669067848911
v 0.209288821025566 0.23517407276002 -0.2738582966745
v 0.242724202350529 0.074345184789458 -0.279444576200854
v 0.158387680134271 -0.0677487650438421 -0.289292520660124
v 0.144996262733584 0.251838056275912 -0.268809431373495
v 0.138466998221123 0.250245104575084 -0.273104556820402
v 0.146299936488722 -0.0678816511041143 -0.288924420496025
v 0.164419645661592 -0.0666274472715386 -0.289651952116991
v 0.21490101155809 0.145007234807519 -0.294423820584165
v 0.140421040810907 -0.0657170942136406 -0.288010668272395
v 0.204539081390506 -0.00945403662530945 -0.286950875911543
v 0.216261211430987 0.178441415809627 -0.284066493131501
v 0.0915400052691837 0.118306192566273 -0.290886399043694
v 0.184432887648669 0.244962041967858 -0.272337166934264
v 0.226287046158258 0.135749387865111 -0.282816267928102
v 0.0808712204448333 0.00324262429786373 -0.287181307611692
v 0.116206820008489 -0.0308971401326328 -0.288767385722678
v 0.125320554829342 0.248156762982722 -0.275210916909091
v 0.0780162952699922 0.0817175082231424 -0.283560247463149
v 0.207706595971383 -0.00474581452024426 -0.288781003506931
v 0.236830082150487 0.0640381379821135 -0.283445395208049
v 0.152843755774283 -0.0684853906081964 -0.289303543420134
v 0.0740647298762202 0.0697230109062467 -0.282583734598796
v 0.171364445253793 0.24399291156427 -0.27484863789998
v 0.237768854342235 0.0686156459338116 -0.285048995696298
v 0.103447009368033 -0.0101854763419112 -0.284673835470284
v 0.107526122596735 -0.0146696485640175 -0.283392472444615
v 0.17004912243558 -0.0650878871603846 -0.289824228303817
v 0.101860320033584 0.236484134202912 -0.279378306241294
v 0.174619708967181 -0.0624226308727419 -0.290104681367133
v 0.0806052404624221 0.0503254935752353 -0.28519113324857
v 0.110393732395952 0.245261724895649 -0.278614160426641
v 0.213130333093197 0.185642887393518 -0.286166094399615
v 0.133235030146518 -0.0562802007059471 -0.289145313306719
v 0.178764204207427 -0.0572876707790992 -0.290357472038238
v 0.079765491312163 0.0557578104024952 -0.285516192187903
v 0.240179637437961 0.0739153251312297 -0.283572784841949
v 0.223661541229605 0.00247561536758051 -0.28701356705003
v 0.0833695732901285 0.0563852725496027 -0.289293614798734
v 0.076297769190346 0.0666274863849737 -0.285338664115776
v 0.106595833630402 0.202132590757598 -0.289710018803554
v 0.110886486471893 0.192180685426118 -0.296215366501848
v 0.198809476212945 -0.0248829886440224 -0.288511258211312
v 0.218549212628196 0.196853106013009 -0.276553612148494
v 0.196735761618878 -0.0325823255682679 -0.288165874019194
v 0.0876610676156042 0.0669121790035399 -0.292578466644286
v 0.0871935527103832 0.0625567754004063 -0.292368557359377
v 0.111205673745695 -0.0221357441771531 -0.294329788325564
v 0.0796731106060966 0.007628848518268 -0.289948017513405
v 0.177135361931661 0.242894738294809 -0.274897790739947
v 0.0885502196702112 0.000639162557606793 -0.293971970701265
v 0.117150726933819 0.246122226480261 -0.276713414633964
v 0.157954979046864 -0.0682801804556427 -0.293060812840614
v 0.1530005228597 -0.0691930902548283 -0.293150649390443
v 0.161075887871468 -0.0607866016056115 -0.300896270026767
v 0.169555811732282 -0.0645029501649516 -0.293991817287097
v 0.233836645665063 0.012781525552801 -0.285504274260093
v 0.132449717591469 0.245778570784602 -0.277068137742209
v 0.146356218942705 -0.0680348135729146 -0.292811643388681
v 0.132526616016994 -0.0524875916982152 -0.2891219605559
v 0.151968113390299 0.247841043347129 -0.274947401086345
v 0.145332389465484 0.247873258802599 -0.275504211476438
v 0.203235959360419 0.236854599304039 -0.278138635067394
v 0.234324940597006 0.0539352040323776 -0.289438207809493
v 0.236870811438317 0.0329189482004479 -0.289944064695286
v 0.218390164807111 0.199310509612551 -0.276034958092079
v 0.0830659456216123 0.0145653270956744 -0.293262350876423
v 0.107121716274672 -0.0140245149730052 -0.287563981147243
v 0.105881730113805 0.239027116519442 -0.282189999171933
v 0.236980567262 0.024479321029116 -0.290862459910385
v 0.203009190963018 -0.0135999399348707 -0.293553967155728
v 0.140305113194228 -0.065452323798488 -0.292235325820752
v 0.174754304374046 -0.0626249219437181 -0.294311296619168
v 0.181103359237335 -0.0559092541827849 -0.295459962416691
v 0.136624442430348 -0.0618637497774163 -0.292220954253652
v 0.101077503906123 0.223927557282383 -0.280759251747443
v 0.110394064558865 0.229537769700971 -0.287925657853937
v 0.13603163989878 -0.0589032801325316 -0.293125518760372
v 0.195900079457909 0.235183337516923 -0.280536008110788
v 0.190380409736502 0.240609316910112 -0.275867904474456
v 0.117419947263211 -0.0336218858711457 -0.292665549843862
v 0.111137347851636 -0.0223280513949524 -0.298558156681771
v 0.117321421232351 -0.0347136033223104 -0.301225202409937
v 0.113244554189262 0.23794159924408 -0.285083967693123
v 0.233779249706295 0.0604708225227813 -0.288940176398998
v 0.215613034154965 0.200047039519196 -0.279571665619277
v 0.100170895607587 -0.00621841493334962 -0.289428024435761
v 0.227637274270797 0.0485406514307363 -0.297659828818826
v 0.081834825037078 0.0786385306083427 -0.288140594025176
v 0.228778572158934 0.00666400872911258 -0.289990854731736
v 0.197446919419557 0.221244583789524 -0.289618916750823
v 0.200171009385238 0.228028167983506 -0.28416892197714
v 0.106564258280121 -0.00908978593151835 -0.29642519677842
v 0.108053173106671 -0.0139845665048637 -0.291456631536785
v 0.236221768006642 0.0760939268908635 -0.286923091528725
v 0.195549971903738 -0.0361022810539652 -0.292424875086074
v 0.223285468193468 0.0989814214072438 -0.297004022622818
v 0.229590782071253 0.0851854713117851 -0.292584630152054
v 0.188477804292882 0.233661835601649 -0.282083542346081
v 0.234345374717793 0.0732104353188697 -0.289251453470644
v 0.121852808503722 -0.0404678139958625 -0.299788980060126
v 0.130089075198444 -0.0496548446653207 -0.298206540458713
v 0.0775663036162539 0.0730512122829426 -0.285213710856382
v 0.18289470013374 0.23850324067857 -0.278414454369871
v 0.235988128305647 0.0165304776413509 -0.292129202368891
v 0.231534136654135 0.0668395434777722 -0.292374982403573
v 0.234460683184721 0.0710912873193488 -0.288707207791748
v 0.104153806145365 0.21898597781047 -0.284330994096751
v 0.0869016523583407 0.0226503856654747 -0.295734189598923
v 0.100388842178206 0.142473795583079 -0.295931337261767
v 0.0912098417247683 0.126228495556304 -0.28903673181762
v 0.140936326964004 -0.0637312962178233 -0.296285886462063
v 0.174272409238128 -0.0615784810244985 -0.298233871421211
v 0.152238117403884 -0.0600643054131877 -0.304696423810403
v 0.101115176901508 -0.0030658033001138 -0.295361062315064
v 0.125977137064233 0.244788485572442 -0.278329742709139
v 0.119448655410116 0.239871418875722 -0.283458177191391
v 0.099706939942647 0.175865254194288 -0.287870226301931
v 0.136861001348389 -0.0597072832041496 -0.295581850098317
v 0.198686791330603 -0.0302482300689071 -0.299579732580597
v 0.200025496789986 -0.0238068755111566 -0.29984330485442
v 0.0863803903626697 0.00541484381358106 -0.297541827259175
v 0.232267730739026 0.0104397743966004 -0.291889338877774
v 0.139223086712536 0.243113754979614 -0.278992784560288
v 0.206483493595477 -0.00507990349773315 -0.292238434630642
v 0.0972878248789796 0.151300429921443 -0.290586935982468
v 0.158357029754567 0.243313496213921 -0.277586961592416
v 0.22564122152935 0.00593671692927702 -0.293907193204138
v 0.183824287393645 -0.0526216017500084 -0.298554775653151
v 0.207177272678522 0.201856372718398 -0.290847910857549
v 0.080625649991508 0.07244007174745 -0.288397186295345
v 0.214981699943944 0.00379501696694708 -0.295167134174236
v 0.177746664358322 -0.0581318009215288 -0.302319826201225
v 0.180065405214046 -0.0579640428556389 -0.299091603930985
v 0.195352459671748 -0.0355541758407097 -0.298469041402865
v 0.196821998044608 -0.0118734903373982 -0.305743311617977
v 0.211442493788033 0.158467847980882 -0.295082253270841
v 0.112151754537914 0.213313460217902 -0.292883875566003
v 0.133016366890943 0.242317643959975 -0.280200866489196
v 0.171048535837899 0.240737234420609 -0.277616542314337
v 0.0904656724831791 0.0575958648698572 -0.296368378520555
v 0.164754329007594 0.242202490038282 -0.277696336827392
v 0.145534786661153 0.243947601103927 -0.27826196083513
v 0.14187440277953 -0.0602971332841952 -0.299741627171322
v 0.152143987144138 0.239722083878753 -0.280913836174647
v 0.189189894341652 -0.0456714371275497 -0.305832310352568
v 0.230821126759705 0.0599174020539477 -0.293460691563078
v 0.12704602032674 0.237279610124343 -0.285235478904363
v 0.146372956640471 -0.0634330307186371 -0.301109573831472
v 0.177001391013662 0.234626163040337 -0.282002488432714
v 0.0842063507945103 0.0727665442800724 -0.291110056783645
v 0.088746531694206 0.0839495132790289 -0.294109172688394
v 0.175117930723503 0.225573232451729 -0.288756860807077
v 0.17890813128322 -0.0540237462988492 -0.308031793968768
v 0.169333631197159 -0.055936947516543 -0.305005594420519
v 0.168653555171924 -0.0533288318367371 -0.30862094838972
v 0.0863048034187571 0.0113675633194782 -0.298079380320171
v 0.22771555186907 0.0551862863670928 -0.296971879067313
v 0.120847456222655 0.235860829642879 -0.287240149082897
v 0.204408096972827 0.193929651187608 -0.29560345998662
v 0.0997953013563838 0.00192035927037549 -0.298404351314762
v 0.229612108410511 0.0099770638339048 -0.296806394516489
v 0.215892850692352 0.132303917844344 -0.297165618393567
v 0.0953774248627504 0.0907890819780437 -0.299526411013921
v 0.0917061438395326 0.0834142267768837 -0.297399892692009
v 0.191019706072676 -0.0401561219731121 -0.309937310670352
v 0.232809624396374 0.0780048436751807 -0.290254871520788
v 0.232127426553415 0.0155010608545956 -0.297828410378929
v 0.194619097502179 0.214274726645948 -0.295398062953201
v 0.183333541818487 -0.0538600423474282 -0.301935273457055
v 0.203474529470065 -0.00528207608845606 -0.295786315993286
v 0.181366531770694 0.236951938214205 -0.279917155264346
v 0.227596746758248 0.0281878593905963 -0.300521286491939
v 0.135058342555419 -0.054361423092772 -0.302182470854023
v 0.168760242409386 0.23888158266003 -0.279546439638668
v 0.159884677977475 -0.0581493224663113 -0.30476389409256
v 0.204666866627841 0.180948588028164 -0.297632115480086
v 0.204406774620825 0.187404025011697 -0.296594064351951
v 0.0894922562975455 0.0103927396153991 -0.301620289380747
v 0.225954178051963 0.00981142227569086 -0.300340688990255
v 0.101366463101868 0.0990572520913751 -0.304967940123021
v 0.102562950950625 0.130478198627301 -0.300872769111857
v 0.139463755009797 0.23911342910867 -0.28209569216877
v 0.104006478052672 0.162216898887224 -0.295408580825544
v 0.106491586350701 0.156480693810423 -0.299703006036578
v 0.0849395474559455 0.0784483314331836 -0.291452172680564
v 0.0902197164017059 0.00526173866266334 -0.299783150566595
v 0.147160755101406 0.237515972162261 -0.282918816726836
v 0.192071060252179 0.207406340057509 -0.301017442921834
v 0.176262911410845 0.208087351067979 -0.302647955343577
v 0.185964756959331 -0.0500665684413303 -0.304652778322164
v 0.205261590381484 0.00130391513351548 -0.296599635001025
v 0.227677558624608 0.0213421590238031 -0.301324241053299
v 0.181761846385316 -0.0547397865600183 -0.305253191647578
v 0.227836465620459 0.0704828251271672 -0.294785085858448
v 0.130105701236994 -0.0521420932007313 -0.301802072200744
v 0.12381881959876 -0.0439188873239888 -0.303613799018815
v 0.22381433348838 0.062515470329397 -0.298342866166215
v 0.164803467939124 0.236148177628142 -0.282201723655732
v 0.145855575637149 -0.0610071577378448 -0.305037228579416
v 0.0904049001239692 0.0354086829697748 -0.297971056554145
v 0.0969645553938703 0.0414546478624216 -0.3050796969235
v 0.0966998135330514 0.0220247312412803 -0.307920233945607
v 0.0904239388472182 0.0632899230046496 -0.295631718606765
v 0.128626204592474 0.23294646161051 -0.28878598487118
v 0.0926421564604085 0.015624737264926 -0.305451884020074
v 0.157652217275525 -0.0589027292720002 -0.304793860767436
v 0.106687865972234 0.174259131610806 -0.295691524782265
v 0.115493827570133 -0.0290542949936882 -0.306060303309478
v 0.228010147239181 0.0804099935972046 -0.297435367110638
v 0.119680958023374 0.222379054445383 -0.295478842116539
v 0.114740197884201 -0.0179057086203563 -0.306940436925852
v 0.0910813831414838 0.0695759755875139 -0.295885557522293
v 0.204976057699637 0.174409549531676 -0.298796304465809
v 0.221821128164524 0.0108334815390299 -0.30245625588707
v 0.206502103975634 0.0104093884023034 -0.304561220078975
v 0.197872412738544 -0.0241674799189111 -0.304162387680891
v 0.172520771956265 0.232154582838003 -0.284398457524787
v 0.11942700561399 0.203416537804317 -0.302476029058149
v 0.194398279748637 0.194699766410687 -0.305358516977802
v 0.0879379126715049 0.0788596593450354 -0.294510751777843
v 0.121927374139928 -0.0406854273081149 -0.312532433304599
v 0.124502167839934 -0.0453196684765495 -0.31135762068169
v 0.219688518532905 0.112429376809281 -0.297665723651459
v 0.109295883189059 -0.00307321786488527 -0.299950747306923
v 0.201120686434021 0.0013964120645446 -0.298384944386404
v 0.227149987815507 0.0854679563150563 -0.296545639855124
v 0.140026151103137 0.234435623911059 -0.286145749366282
v 0.136554584975646 0.223425216312187 -0.294797703581149
v 0.099056341663302 0.117236459426937 -0.299600988029286
v 0.150203897365797 -0.0516943481731989 -0.310347393943826
v 0.141391150864788 -0.0514358319914637 -0.315917585464035
v 0.223231376048601 0.0705142012056621 -0.297045511000317
v 0.152124437457673 0.235302125793246 -0.284292307310282
v 0.224782086238762 0.0380951225842027 -0.302389963753325
v 0.224683386763038 0.0427451771234819 -0.301578701274324
v 0.157519091068857 0.232557187452811 -0.285269829306016
v 0.103378827561758 0.14950104828049 -0.297882734836344
v 0.228176170798815 0.015346201053304 -0.301972739977976
v 0.130450242077024 -0.0490387831921915 -0.311370369471474
v 0.13653691563134 -0.0472967081208658 -0.309110874217845
v 0.118914359654697 -0.0345284521202081 -0.309184640503209
v 0.09113619339524 0.0789327492259738 -0.297332837555972
v 0.107700878592705 0.125486734980371 -0.308146734008767
v 0.107483763490288 0.11919682111941 -0.308978739282009
v 0.150025082418734 0.23005889959771 -0.288205058056427
v 0.167167585539506 0.216485572734778 -0.296566955153268
v 0.194366204668072 -0.000135690519880167 -0.306207180097005
v 0.185033619881223 -0.050775307532005 -0.308030284516572
v 0.100935419957475 0.0719290179077312 -0.305445262405222
v 0.103418194015702 0.066426250453697 -0.309698358511119
v 0.0971003086676351 0.0586266443706823 -0.303349149202332
v 0.0929812771046731 0.00997452920897033 -0.304524032352635
v 0.10833578346282 0.00257520647606395 -0.301183839272497
v 0.199900949904902 0.161319271070111 -0.308370738303022
v 0.206655868572595 0.147216734502897 -0.304391036964845
v 0.223740543134536 0.0765535413458551 -0.298255028975608
v 0.146629692164966 0.219395766094495 -0.296684773878299
v 0.113701662227275 -0.0129559803269597 -0.305953564034861
v 0.113283800851686 -0.0048480731330351 -0.303501219182963
v 0.135200395536118 -0.05301292402093 -0.315443651265297
v 0.195532662902236 -0.0185516946309356 -0.307201093301273
v 0.116369937355076 0.190001711705072 -0.302033587277487
v 0.11732122704854 0.177531034819072 -0.306096180021794
v 0.0941228356203441 0.0682546197422783 -0.298813566857745
v 0.224315225740149 0.0558360727850716 -0.299573848852231
v 0.128680359847563 0.214101079914283 -0.301825310305521
v 0.125166530645809 -0.047133502463006 -0.306541617372096
v 0.11149583705252 0.145303375397516 -0.308087979778573
v 0.094653398433716 0.0732483521527972 -0.299220063812485
v 0.158821530570628 -0.0542660283733264 -0.30789440584028
v 0.187996318959601 -0.0469841142827118 -0.310294524527704
v 0.220642586646281 0.016120463232996 -0.307606926424357
v 0.22479806466247 0.030913392661542 -0.303625858974222
v 0.224876212918945 0.0252995118589481 -0.304762743420541
v 0.218702198934777 0.0326144945146792 -0.30919990506449
v 0.221632457907074 0.0195899237516344 -0.308289603961672
v 0.210298026943345 0.0530133548664196 -0.311979543076917
v 0.209062947860375 0.0661940953257017 -0.310064189815927
v 0.107991894549068 0.0133145005556837 -0.310877493751666
v 0.218989609621609 0.0723569680548592 -0.299538085319498
v 0.222504574071406 0.0818815380855595 -0.304457014247566
v 0.112394136689409 0.00365613149400609 -0.303298663696082
v 0.183055119853696 -0.0510856727516539 -0.311356442540668
v 0.215845922732943 0.0695553727595645 -0.303183132728104
v 0.199018631741512 0.00719134469418482 -0.302316063957898
v 0.164179755219075 -0.0512452753196275 -0.312028793164837
v 0.169985054841269 -0.0479441717933761 -0.31354681757199
v 0.216692987439457 0.119550797730766 -0.299745814039962
v 0.21640265210452 0.125843970008128 -0.298581629198892
v 0.218607673691848 0.0814536837911151 -0.306461269636741
v 0.224735510135721 0.0856364857427825 -0.300288302377332
v 0.14624931061485 -0.0475479192234318 -0.316318397065755
v 0.0946523307463093 0.0856869843829678 -0.300441264652048
v 0.195231619729603 0.00922964991985929 -0.304827937413777
v 0.174138913434777 0.213296691865881 -0.298530688420814
v 0.212589435204309 0.139444302925624 -0.299035991662656
v 0.126384615517182 -0.0480159222176786 -0.310911184180597
v 0.191431422071691 -0.0229481041051238 -0.310573012141645
v 0.0966476190562585 0.010254430053683 -0.306376649323844
v 0.104485492580715 0.112293368942165 -0.306740277407242
v 0.100426476289054 0.0110165215613773 -0.308025635213605
v 0.102523151608803 0.0157388014184328 -0.313048135907353
v 0.115757994153545 0.167654045637221 -0.307707496577795
v 0.211235338945859 0.0756331799955928 -0.304887670828433
v 0.216186402878435 0.0783729697172222 -0.302793902579704
v 0.0976153307462081 0.0708415566000845 -0.302401812773206
v 0.127073821599631 0.201729906199839 -0.30837489624758
v 0.124966079545704 -0.0224335750037722 -0.317918725615714
v 0.12297615409124 -0.0349155048438904 -0.317515014906161
v 0.18007132243262 -0.0502132627449688 -0.313875550606463
v 0.0942507750551835 0.0801431013880603 -0.300467458230042
v 0.157604576750461 0.209277711356174 -0.302632539786128
v 0.131264527883109 0.194457646049663 -0.312766628135848
v 0.191179669189777 0.188552652536041 -0.309837453502052
v 0.133348101971271 0.212300684298838 -0.30288977473434
v 0.186808696061878 -0.0477768636005084 -0.314037613473431
v 0.146012700963318 0.200618282611056 -0.309580072671257
v 0.131383489170714 0.200381981425821 -0.310701496667859
v 0.191910796526332 0.182145990263513 -0.31107711410482
v 0.188935889605566 -0.0429957608265036 -0.315407739429322
v 0.0958287594649836 0.0154749852501372 -0.308425251576677
v 0.212865446003991 0.101977926276947 -0.310661596631228
v 0.211008321222946 0.0221206288007764 -0.31601322939977
v 0.212956520576541 0.018366382087225 -0.312110097597636
v 0.202283808734449 0.0167691548276867 -0.312668082016671
v 0.160424802689084 -0.0453801451907587 -0.318032843412702
v 0.127553750365814 -0.0487675330590261 -0.314756756768531
v 0.0976072347675189 0.0804265447423532 -0.303146746461181
v 0.104043674304223 0.0816172177724811 -0.308536031032465
v 0.117877160110641 -0.0174912056658625 -0.310357713395012
v 0.10083082411836 0.0857314046540498 -0.306610006894675
v 0.221568547856647 0.037102438546932 -0.305298564444629
v 0.1248739168557 -0.0451950919724694 -0.315384935871129
v 0.12576812725376 -0.0430776667648338 -0.321929400336807
v 0.125244671360278 -0.0449392452497694 -0.319526358420045
v 0.192843673956073 -0.0167026831234892 -0.310116967193901
v 0.179684767218908 0.198908630995189 -0.30911408068104
v 0.208083234500396 0.128217638433205 -0.308372452253522
v 0.217465755169533 0.0884971241894634 -0.311155531788688
v 0.162700449874912 0.196083088096281 -0.311094764172191
v 0.129350790289698 -0.0501570425387102 -0.315105667605479
v 0.207226670769819 0.140855485944249 -0.30576919621995
v 0.212317838195984 0.0799020023275088 -0.305417391129387
v 0.144582532600737 0.196724140323737 -0.312332082926105
v 0.139174513335714 0.193246941639224 -0.314820964542879
v 0.106565847596743 0.0604535763210192 -0.313107630483205
v 0.106379793346288 0.0546225590400722 -0.313843356429415
v 0.218203821882684 0.100520281645104 -0.304035678355919
v 0.18123763259009 0.193672917770493 -0.312269566048794
v 0.203025640139241 0.123466509294698 -0.31610171497348
v 0.181266418182218 -0.0459242290524751 -0.319395433604629
v 0.187032550403478 -0.043397323112515 -0.319379726650479
v 0.219453423735771 0.0264774278926393 -0.311175789947457
v 0.209246099846338 0.0286878871247 -0.318970746087969
v 0.207630994419116 0.0766458696594558 -0.307821940272819
v 0.214966421057638 0.0828414855267662 -0.308794731486198
v 0.0989388279836225 0.0154210358541942 -0.311316670757092
v 0.207464981697519 0.0232272916643706 -0.318488857062056
v 0.148756766365885 -0.0430145295926908 -0.314854836765123
v 0.191302144365791 0.0105037482719921 -0.307079629406111
v 0.169820050521901 -0.0364764984350111 -0.314938092225067
v 0.106328038848754 0.047284103087318 -0.314610696700475
v 0.106141530735727 0.0323668159303473 -0.317399013140016
v 0.117285441703659 -0.00340881513892927 -0.306384656386138
v 0.129112912046296 0.178158275579235 -0.316961302938102
v 0.190509118522533 -0.0106789760469649 -0.312280679546475
v 0.12700862836068 0.000611304910046927 -0.316080323440105
v 0.173842807406267 -0.0459006853405305 -0.31746672136458
v 0.197007041254399 0.081064716917964 -0.317350631410389
v 0.200627750558867 0.0796464377123454 -0.314180237678633
v 0.198873683215154 0.069290451174466 -0.319604867910284
v 0.185280345391764 -0.0365840544983216 -0.32229696827352
v 0.0992236821110938 0.021001357801798 -0.311922150861789
v 0.128090415152695 -0.0478664841240824 -0.318976969516246
v 0.205647240466945 0.083661191719911 -0.311452956708421
v 0.134828943389842 -0.0512094845172112 -0.319972640282445
v 0.114750692445287 0.00969473540797282 -0.308055663355755
v 0.194113756150522 0.0142441345976964 -0.309877896579998
v 0.140966661596061 -0.0509702720941617 -0.320002585613324
v 0.188278408378121 0.00390687263339154 -0.312526904553316
v 0.107175951857767 0.106528661319263 -0.310573027466094
v 0.106502827658399 0.0937148903470178 -0.312250300292754
v 0.104101127724541 0.0937834226398566 -0.308832412350234
v 0.187337617272177 -0.0124229688561063 -0.315891208226354
v 0.127877312878669 0.0121078494966036 -0.313844183336971
v 0.198544590933421 0.143350114421122 -0.315877025477352
v 0.15181885763642 0.18474619482336 -0.318098416087193
v 0.161091284916189 -0.0380010569190667 -0.322432707184605
v 0.122303442598658 0.16343050968232 -0.317266393628772
v 0.143287650307185 -0.0504126884359907 -0.319854642257374
v 0.190568095282357 0.163556000503104 -0.318700499635517
v 0.116434011509227 0.141066878196868 -0.315513479061916
v 0.103084664391638 0.0264720272402842 -0.314895289774542
v 0.205667905332912 0.0669932094169947 -0.313286735342334
v 0.204081066916464 0.0780058184157198 -0.310954810571221
v 0.15117454572035 -0.043834739659532 -0.319206644276498
v 0.107141386024441 0.0736552306342532 -0.311670982645134
v 0.146777247608844 -0.0478921046708106 -0.319458511885227
v 0.125901186406878 -0.0349261666191261 -0.32064947089444
v 0.167295807078869 0.184460672503937 -0.318386085709211
v 0.178850988869364 0.184449507591924 -0.318049216155867
v 0.187999199016219 0.0115367510772618 -0.309976128521579
v 0.109146824169559 0.0186720389990631 -0.316163389563883
v 0.190625164946131 0.0160198535048513 -0.312231985952262
v 0.173854027550746 -0.0362421559000439 -0.320438039605757
v 0.202407306332649 0.0355336447900506 -0.323574407904332
v 0.177872123274527 -0.0444587579600811 -0.321740121930965
v 0.110014707272606 0.0679777789048945 -0.315222849797329
v 0.118403556206392 0.128471211846445 -0.320914184335851
v 0.114951111409713 0.107117451271149 -0.320650004967907
v 0.129063783971664 -0.0469131055024558 -0.323675618542833
v 0.184236239772071 -0.0420978104788906 -0.32209946913501
v 0.133111288624722 -0.0473972435488397 -0.323895861453647
v 0.13723201807701 -0.048135832101898 -0.323323396782465
v 0.108889503407875 0.0475340911356124 -0.317221249897855
v 0.108674885932645 0.0400916019017482 -0.318732411384397
v 0.102139190664665 0.0207093302374297 -0.315031902034206
v 0.1346715883486 0.175841592601681 -0.321032928865588
v 0.203991141109966 0.0240740638054964 -0.320718178679891
v 0.170155571727883 -0.027982941732218 -0.319747908330368
v 0.208740025844862 0.0962796663568559 -0.319532142032118
v 0.181921885292229 0.169676621418956 -0.323063116065748
v 0.170581690939268 0.174497815482076 -0.323628516477387
v 0.143018379784134 -0.0481547133524078 -0.323841122183176
v 0.106256468593702 0.0872026528597384 -0.312627081891052
v 0.201569638130016 0.0854328655350249 -0.313965237565198
v 0.11659923995934 0.0213318569077121 -0.320215623032582
v 0.121239638186866 0.0269744185563484 -0.327860577968935
v 0.127021399569542 0.0214525016816665 -0.321117495219509
v 0.146844550836713 -0.0472244608018961 -0.323847880065409
v 0.112368249091214 0.0294132589746168 -0.325763650489301
v 0.117472759481955 0.0264206708685379 -0.326015146250505
v 0.185038205702882 0.0126092965233281 -0.313908561478462
v 0.110416357922195 0.0803332169860785 -0.314270834887621
v 0.128820365844786 -0.0279335662948816 -0.321939432940264
v 0.166125885968332 -0.0336855586208352 -0.322176028340722
v 0.160714650606514 -0.0390852485139932 -0.331128337649557
v 0.154141852916752 -0.0428776558437853 -0.329041085025031
v 0.159051903897551 -0.0352189170727331 -0.338011356761168
v 0.105625147123216 0.0207841057756212 -0.317162067726639
v 0.127517050990053 -0.0155500790363043 -0.320072583092057
v 0.106695156090668 0.0888057960237169 -0.312861796787589
v 0.194694816368402 0.0195381690887685 -0.316954015848207
v 0.181255786578546 -0.0409144376160808 -0.324234783930251
v 0.204795998756442 0.0881861823781022 -0.316656537847461
v 0.182520511740235 -0.0237776220332029 -0.320362741095551
v 0.182045194431347 -0.00756627452533438 -0.32137768337545
v 0.184779677252261 -0.00897719407865296 -0.318541201478595
v 0.179388693002964 -0.0153336111662161 -0.321813798886882
v 0.193797161287106 0.0826940867773601 -0.320544121917941
v 0.129846452796469 -0.0467263858099501 -0.324060991460774
v 0.127418010964827 0.147442247166452 -0.327495504796987
v 0.126231435707281 0.138032158772135 -0.328801159606386
v 0.11870945301597 0.135266233701443 -0.319748608277677
v 0.119862191052901 0.0384935599877447 -0.328818287571373
v 0.113899173843474 0.0425277103716043 -0.323246877665793
v 0.128309176721626 0.0734507261617321 -0.328948878209252
v 0.187521334698731 0.0176829079576049 -0.315357282501034
v 0.198488512263492 0.0868778177259525 -0.317393903374079
v 0.17650108599735 -0.031535922981216 -0.323844184553744
v 0.12671591330877 0.0158763152167188 -0.314954879774132
v 0.20849366084818 0.0916722123433075 -0.320434628667946
v 0.140693908054292 -0.0403523300215467 -0.332362432986744
v 0.128369343838646 -0.0416586372209004 -0.325257194991858
v 0.120925770584261 0.0865625674854026 -0.323320543125591
v 0.126751854108885 0.0844942836373809 -0.324770377555517
v 0.122291189135656 0.0774043287658826 -0.322597591631174
v 0.151258242152976 -0.0445261973733367 -0.327234580993824
v 0.182910957964667 -0.0355065723329644 -0.325077308088448
v 0.108305858339085 0.0882826796217221 -0.316190783581229
v 0.125537760396482 0.152851409448005 -0.324440977900517
v 0.135251009526005 -0.0415007297895456 -0.329976884668732
v 0.181945900712547 0.0062589182490502 -0.318527401645866
v 0.112899039732964 0.0940779872665845 -0.323337149862736
v 0.110924324147995 0.0936454474164443 -0.319637340473262
v 0.170880591179671 -0.0311358544011771 -0.323544456854946
v 0.131667975803745 0.013918235963361 -0.316611779734776
v 0.106004816652617 0.0254260158082982 -0.318246707013197
v 0.17442029746755 -0.0229718553380074 -0.323681020391447
v 0.109381365976647 0.055142005291007 -0.316270343287933
v 0.188750205333414 0.151936960648699 -0.324900751202758
v 0.180264331589017 0.157631788971158 -0.329616425036016
v 0.191424456954603 0.0777855369874379 -0.325336534196185
v 0.174644398443731 0.124136598492827 -0.34781745140129
v 0.173376935071277 0.130610826314998 -0.345020649698264
v 0.180797796283084 0.135482248326029 -0.339222623790994
v 0.11390751859209 0.0837455271240345 -0.31755586600665
v 0.128101481062982 -0.0217486363929685 -0.320995802841976
v 0.192363388069874 0.0261782964218454 -0.326799004114447
v 0.176236992887465 -0.0149268832073586 -0.324235210651567
v 0.12856450028336 -0.0349732805482865 -0.32389044976837
v 0.13078444361928 0.0180283888107452 -0.317045234751413
v 0.191669382707925 0.0903189713425271 -0.323335554507518
v 0.19685717104594 0.0937260553883419 -0.327427802915342
v 0.111171126385359 0.0888700148765849 -0.319684020008967
v 0.200821087542687 0.0252945675981697 -0.323502360978623
v 0.202311095909875 0.0944097685891266 -0.326091992644291
v 0.206011552729652 0.097341272152611 -0.322638049826382
v 0.163937785027142 -0.0370562113630799 -0.331612225578166
v 0.170272029556435 -0.0303138752827989 -0.332423446429157
v 0.172709413211991 -0.0277115871845026 -0.33388663103392
v 0.134416772190022 0.0486427902807337 -0.338424302322125
v 0.126298917264961 0.0406790174669953 -0.333882263399495
v 0.129086314703978 0.0195003213037925 -0.31899917352298
v 0.123531326712847 0.123337637879605 -0.328455285374897
v 0.167444080572405 -0.034278720117626 -0.331396608606524
v 0.169367405926523 -0.0321941990516642 -0.331579797852768
v 0.149654713767355 0.174081818486159 -0.323874587711062
v 0.135619784348596 0.0152139030114349 -0.31918828352759
v 0.178857976266028 0.163473862987051 -0.327422212666476
v 0.131195136389239 -0.0405895366034953 -0.328376352311826
v 0.192522606541321 0.120854297556488 -0.331519026098059
v 0.171681807724021 -0.0210527024319989 -0.332433964976395
v 0.133399667381378 -0.00140111774746283 -0.323394248870108
v 0.108622251088791 0.091315247821458 -0.316078275248556
v 0.18747084102537 0.0589947794427852 -0.334063667515266
v 0.134633100278991 0.0871499121110589 -0.330840185877253
v 0.160183366744911 0.17064259211429 -0.325774253160804
v 0.133943474771349 -0.0139648723337164 -0.325692223754073
v 0.134497059428607 -0.0202593196884582 -0.326520269963185
v 0.192060871772781 0.0448612486806016 -0.33183964198663
v 0.196249491784744 0.0309060965987412 -0.32992107730718
v 0.131186757196068 -0.0344136060185666 -0.326821914632091
v 0.13700371580463 -0.0296996988444682 -0.331537543744009
v 0.190398897109691 0.0844269274659011 -0.323860230295204
v 0.133316844036504 0.020133275483835 -0.320910637710994
v 0.207928494925868 0.103496838403522 -0.3175255128981
v 0.202817359148474 0.030467635956042 -0.324496610262178
v 0.136543229202267 -0.000286878260086764 -0.32630455189682
v 0.135415004423375 0.155603943193795 -0.331705934347345
v 0.174274231403847 0.0174671505529336 -0.322789134951755
v 0.178499915730075 0.0140467505075269 -0.320560883723327
v 0.172520911852287 0.00198158279330716 -0.329128857978066
v 0.1814781267279 0.0196666016601535 -0.322231079544949
v 0.189750586456807 0.145886709536439 -0.326544553133771
v 0.184317153289199 0.0858848103227015 -0.331167003771186
v 0.187341568747495 0.0863648666897182 -0.32727172120482
v 0.133569358557749 -0.0370566146921078 -0.330656810314428
v 0.17080670117071 0.15521538017772 -0.333221179379
v 0.158598644790495 0.165118327930832 -0.328891127640231
v 0.138353076693745 0.164397887944585 -0.329298142381512
v 0.137930501814486 0.0214501666688572 -0.322242588205203
v 0.124179714148867 0.0282071545949501 -0.330883848290768
v 0.127662768692049 0.0296876865446669 -0.333105780918437
v 0.179014995600717 -0.00610987982493506 -0.324358103122434
v 0.108114983229192 0.0264466832416563 -0.320600851147822
v 0.133308696633981 0.0247070241159218 -0.327006440281798
v 0.13877456886561 0.0166410195792215 -0.322157293277927
v 0.108702561871545 0.0315234671315289 -0.320792345688523
v 0.169288531716304 -0.00311113994749189 -0.333377270081884
v 0.172237468372573 -0.00438101010721018 -0.329823118785037
v 0.168822793660977 -0.0206655802821776 -0.336178929663321
v 0.142932606771795 0.00206052220661353 -0.332531307185194
v 0.139501112710077 0.000798708954188274 -0.329462524574004
v 0.142428020898642 0.0171887225868667 -0.325142063610688
v 0.124754849218434 0.088483755232262 -0.325749332272624
v 0.11823260386781 0.0970203413435537 -0.330339439051133
v 0.175296058483736 -0.00866454947431356 -0.327473764598065
v 0.201557169780738 0.111525456382055 -0.322288586215682
v 0.171127061150892 0.0181258985032213 -0.326213043163563
v 0.130576167154775 0.112974451352438 -0.339737015070417
v 0.132470976126917 0.13184181079752 -0.338808653686626
v 0.191601124379201 0.0974091880447016 -0.334482686555527
v 0.185833528675256 0.0942206685123976 -0.330343883675069
v 0.146022503852923 0.159541950073157 -0.332828274819845
v 0.140822608437943 0.0224225958128512 -0.325644191454346
v 0.178816475737691 0.0810517796390243 -0.339450257902635
v 0.173454936499242 0.0241191588203489 -0.327194956629689
v 0.181151282581694 0.0255721250551762 -0.327978763259647
v 0.111250018681709 0.0410463621860134 -0.320842798728876
v 0.136690652883486 0.0820916347049436 -0.334427618306216
v 0.140412540524169 -0.0119943582389933 -0.331563381617898
v 0.177318532767298 0.0274453199768715 -0.330138957191231
v 0.203405906851434 0.0987246910291212 -0.325742349640281
v 0.167403969583419 0.0208492110781705 -0.32885183545262
v 0.166107667144425 0.00408350544975945 -0.336005399505169
v 0.199579132128742 0.0296855151291972 -0.327358679165044
v 0.110488731242545 0.0325656021657341 -0.323193191057821
v 0.117425711979223 0.104176743449629 -0.324539568301745
v 0.136173079555443 -0.0357158717887927 -0.333410540633354
v 0.128490216452399 0.0904798781943395 -0.328445276087269
v 0.169191107147344 0.138243140812327 -0.341964483938814
v 0.145178435926545 0.0179209300285101 -0.328371487924425
v 0.140167250234097 0.0272552486105851 -0.332276748748472
v 0.130869382735091 0.0312160974748404 -0.335903298215914
v 0.139588636382628 0.143634543780799 -0.338536157590524
v 0.1375415024836 0.149499743961851 -0.334862332783835
v 0.152528551709466 0.153237694284136 -0.335683072999877
v 0.121778740925949 0.0970182039623645 -0.333386215631529
v 0.125816336820401 0.0981366191918273 -0.33575438984165
v 0.148870226058923 -0.0357318605951189 -0.338801834962984
v 0.152652877747855 -0.0338093439865453 -0.340286803297483
v 0.162098508227487 -0.0125513199110086 -0.342756484435546
v 0.16103249126047 0.0160254756231622 -0.336420956533617
v 0.181572236702918 0.0886656968788146 -0.334678610270683
v 0.143114967801967 0.0243970960239067 -0.329312179518733
v 0.170022563871059 0.0254102804843529 -0.329756009950581
v 0.166002213402154 -0.0347954446168796 -0.333958770680664
v 0.152991461682837 0.146694626942626 -0.338836417134514
v 0.183584902743063 0.117089229196861 -0.342627439457731
v 0.149434618482693 -0.0232319276473097 -0.343281579360604
v 0.142844771028719 -0.0275251226149394 -0.33714310766098
v 0.200508718763053 0.099970884000176 -0.328657626185445
v 0.196597010176516 0.106530897548423 -0.330193918461134
v 0.132925961602456 0.0919627082217977 -0.331272146692413
v 0.137878588053622 0.088086306961421 -0.334358200496287
v 0.181717487949635 0.0944592547961908 -0.333603412669164
v 0.112827309577821 0.034362879248947 -0.325121888433122
v 0.149405991693703 0.0194628381825411 -0.330795957559985
v 0.15312155403186 0.0262213124528049 -0.332272536581967
v 0.187398398054059 0.0301503992394875 -0.333777462085792
v 0.142323248615495 -0.0324110128190157 -0.338079554704544
v 0.178454700841316 0.0873413727161889 -0.338757832804989
v 0.16739793913441 0.0823648406895039 -0.355814227167075
v 0.175807717695877 0.0880862548381753 -0.34292177897097
v 0.118632338364924 0.0322486321959163 -0.329899251967938
v 0.136138275085163 0.0944199867006477 -0.334860171566355
v 0.15883522127119 0.0256665754988697 -0.333763833915255
v 0.159273394620439 0.02454602621052 -0.333759043567091
v 0.158496877071908 0.0209236890680725 -0.334831008034395
v 0.156159838460562 0.014517903201709 -0.338165328309521
v 0.150203194286878 0.00722902470586936 -0.338346683320135
v 0.193580889640292 0.0336445352572189 -0.33304805127622
v 0.16832466238995 -0.0323717942985883 -0.336609005936244
v 0.159782438091309 0.0314408477379273 -0.337048214474711
v 0.141653129440859 0.0941313251757887 -0.337654289290987
v 0.14144878643141 0.0887228681456227 -0.338133922517914
v 0.143029474045824 0.0838008148588387 -0.340219146027191
v 0.191523036500785 0.10338145182594 -0.337990693339283
v 0.145113716439806 -0.037028430979363 -0.337063024314278
v 0.179394698619114 0.0951398674476132 -0.337977114485634
v 0.169844220456954 -0.0279326511121694 -0.337034474759764
v 0.142948654232305 -0.00408589843131196 -0.333936121464719
v 0.148917243051868 0.0300641400772149 -0.33576410960497
v 0.165752326944104 -0.0332236660416983 -0.338707876079681
v 0.156178852215948 0.0825828223184105 -0.352415670742039
v 0.15653705058392 0.0587017182525281 -0.354420295986699
v 0.145675682466241 0.0561469322893116 -0.346098511983042
v 0.180573773750962 0.0328568570820023 -0.338762353564531
v 0.122346298389655 0.103456267596792 -0.331795160956846
v 0.173216059774288 0.0356312856947719 -0.343634700159294
v 0.182387603853159 0.0989369023065137 -0.338820648132272
v 0.144222447436494 0.0918310414946682 -0.3405318918562
v 0.190665740888724 0.109060442973207 -0.336580728307002
v 0.185222728452653 0.105868043629916 -0.344224641744891
v 0.177584961405924 0.068430816475778 -0.34458925827636
v 0.162290287278507 -0.000228611776163691 -0.340609973635097
v 0.174670185818425 0.0953099541276733 -0.341243984809128
v 0.133968031933072 0.0998198884821596 -0.345590576857044
v 0.136607536989671 0.0996970915900504 -0.342737960186459
v 0.163124655513479 0.0298241055994545 -0.334498357572308
v 0.143635900913956 0.0966933199771527 -0.340976539904198
v 0.157370406196512 0.00204972520803091 -0.342586922708757
v 0.14550295446046 -0.0322538624184878 -0.340752660101526
v 0.150100458217896 -0.00590905854241562 -0.342007072990304
v 0.147277612362866 0.0942535782762437 -0.342624166743572
v 0.160010229416994 0.126888905420424 -0.349517482522656
v 0.143635018400774 0.132415923680676 -0.346207823625866
v 0.150012011843008 0.0874499817909389 -0.346206597733289
v 0.190049708903076 0.0344101748002972 -0.33569556216749
v 0.125258952290856 0.0350183688208357 -0.334523372611506
v 0.146909929801269 0.0991311734554028 -0.343363266833297
v 0.124580636119494 0.101355827159445 -0.335693869687003
v 0.130356279096697 0.10621595399637 -0.34132107273484
v 0.167596746128903 -0.0278574906184518 -0.340153445616285
v 0.150949584907077 0.0967644118265661 -0.346022702305205
v 0.171661665605215 0.0952142563342108 -0.345207505736997
v 0.165446527428598 0.0347566591874548 -0.341920149620147
v 0.131589110862201 0.101545559682157 -0.34140610923687
v 0.149285408979589 0.101146662112717 -0.34681737796955
v 0.168888933562863 0.0954957527766454 -0.349026285739527
v 0.140660921155641 0.101508906755851 -0.345876397319667
v 0.158140540592452 -0.0199691714002201 -0.345560189810263
v 0.148711804428317 -0.0311792665142189 -0.343238894635498
v 0.16863748284611 0.0622613931890374 -0.355739711336248
v 0.167931714353997 0.0755251778665633 -0.356540748077768
v 0.186415836394285 0.0430199357896888 -0.338274170890986
v 0.184163039752644 0.0372230288672109 -0.341852206880505
v 0.156275926134196 0.09781781513038 -0.348116136535743
v 0.153734964754 0.0892324326023553 -0.349428533182985
v 0.157359649489932 -0.0322711715426144 -0.341940274126092
v 0.154828234367205 -0.0321723321111349 -0.341345697348108
v 0.153543647983816 0.102400600518382 -0.349495258375675
v 0.181684301550682 0.108989258718485 -0.347179686880772
v 0.163454250916801 -0.0284119118371449 -0.34277129423454
v 0.133847776400822 0.0334441165397694 -0.338413925120352
v 0.158532156350801 0.0996389160634208 -0.351266020080692
v 0.131773945146011 0.0381713113818689 -0.339576956599658
v 0.165680856076108 0.0923801342477319 -0.353880545412586
v 0.15237857945376 -0.0295785959542133 -0.344273857214837
v 0.161385964603058 0.0880605332574419 -0.355484628414033
v 0.13632963747089 0.121413091084811 -0.346057165264442
v 0.143670309412957 0.10675654611721 -0.35726431195283
v 0.150434491232646 0.109336602597151 -0.359169109486161
v 0.178063063748826 0.110107588111645 -0.350634827318751
v 0.158885746693253 -0.0272665084318488 -0.345237418292031
v 0.15741080967493 -0.0266622477606208 -0.345689263953245
v 0.170673216673345 0.0383361984198568 -0.347261635750332
v 0.136962802729061 0.0347649972727801 -0.341376391937278
v 0.156878164914906 0.107229873541274 -0.357916190846963
v 0.16142044013866 0.10387124883473 -0.354002173635273
v 0.167593557925949 0.112898348381757 -0.356634812609535
v 0.179765530657682 0.0476718458654567 -0.344319642576421
v 0.132735699170466 0.10194713465662 -0.345077281052649
v 0.166148737157592 0.0974879099255506 -0.353031332250751
v 0.162649305732226 0.104818684161271 -0.355060088096925
v 0.173409281213332 0.111110864125276 -0.354504236305076
v 0.134853527799346 0.11158628056621 -0.345185592818234
v 0.135551835993994 0.039925882621208 -0.341879805754489
v 0.135962415075194 0.101282464951706 -0.348646782625096
v 0.145324012252494 0.126706781970375 -0.350276408711194
v 0.153234275134721 0.0389440825714742 -0.348455399694177
v 0.181297046883723 0.0402830949654603 -0.345074876011646
v 0.139144627259012 0.0417519032663886 -0.344284071473506
v 0.144623726857469 0.113514101028819 -0.356267936124554
v 0.138861272093107 0.104482575352526 -0.352545557799102
v 0.154593519538357 0.120892337789957 -0.353817964648033
v 0.149455309561617 0.115423744898654 -0.3574807986399
v 0.156526560708121 0.110921180236684 -0.362060060985654
v 0.157924627830057 0.0402536988519135 -0.349771682208521
v 0.143162918168878 0.04438151589742 -0.346426588044697
v 0.14736919197832 0.0397356285213838 -0.348272188875202
v 0.16277735092936 0.0753475850080281 -0.357718889605978
v 0.163909253435518 0.0403079152488345 -0.349974084381034
v 0.177707606199205 0.0413424178104814 -0.347632330833557
v 0.172699650843713 0.0558737992764108 -0.351499087010791
v 0.146676789086309 0.0458187501644621 -0.348837052728073
v 0.174678148869444 0.0418269024303638 -0.350986137195295
v 0.162684633028324 0.109238289366733 -0.360485178544207
v 0.167520900442519 0.0395114893904087 -0.348720826505824
v 0.164089289708157 0.0685726868216539 -0.358706227632437
v 0.173893476219487 0.0483169297189108 -0.350874729517682
v 0.16419946950034 0.0483203771654799 -0.357630240616955
v 0.154853449917794 0.0505766767075343 -0.353784258456101
v 0.167824315679067 0.0485153696816449 -0.357274473820198
v 0.15039427674529 0.0426420831080917 -0.350833161111681
v 0.170555765673009 0.0424463913224774 -0.352935509307881
v 0.154103136784312 0.0435358507881144 -0.353017577989956
v 0.166941367745962 0.0552623737489207 -0.358679586988544
v 0.167453958812713 0.0439317117753963 -0.354774552292163
v 0.162795992704197 0.0443398685726659 -0.354853060600926
v 0.157501324351144 0.0461443927311804 -0.354691363047735
f 1 2 3
f 4 5 6
f 7 8 9
f 10 11 12
f 9 13 14
f 9 15 13
f 1 16 17
f 18 19 14
f 2 1 20
f 13 21 22
f 13 6 21
f 23 4 24
f 25 4 15
f 26 27 28
f 27 29 28
f 30 31 32
f 33 7 9
f 34 20 1
f 1 3 16
f 4 6 15
f 26 12 35
f 36 2 37
f 38 39 24
f 20 37 2
f 40 41 42
f 32 43 44
f 4 25 45
f 46 47 40
f 27 35 48
f 49 32 31
f 50 35 12
f 51 44 43
f 52 51 53
f 51 52 44
f 54 3 19
f 32 49 43
f 26 55 30
f 56 47 46
f 48 57 27
f 56 46 58
f 31 30 55
f 46 40 42
f 52 59 42
f 57 60 27
f 36 19 2
f 22 14 13
f 59 61 42
f 52 62 59
f 63 39 38
f 30 32 12
f 26 30 12
f 29 27 60
f 6 13 15
f 35 50 48
f 56 64 47
f 24 4 40
f 52 65 62
f 19 18 54
f 28 66 26
f 59 67 61
f 67 59 62
f 68 6 5
f 69 23 24
f 43 70 51
f 17 34 1
f 9 14 19
f 26 35 27
f 47 38 40
f 71 72 45
f 4 45 40
f 37 73 36
f 31 74 49
f 4 23 5
f 51 70 53
f 75 36 73
f 12 76 77
f 25 15 78
f 46 42 61
f 41 45 72
f 24 39 69
f 46 61 58
f 79 38 47
f 80 5 23
f 76 12 44
f 74 31 55
f 11 50 12
f 48 81 82
f 20 34 83
f 44 12 32
f 84 64 56
f 55 26 66
f 38 24 40
f 65 52 53
f 52 42 44
f 78 15 8
f 18 85 54
f 39 63 69
f 47 64 79
f 61 86 58
f 57 48 87
f 49 88 43
f 48 50 81
f 16 54 89
f 37 20 90
f 28 29 66
f 50 11 81
f 62 91 67
f 92 21 6
f 60 57 93
f 36 9 19
f 94 63 38
f 34 17 95
f 70 43 88
f 23 69 80
f 84 79 64
f 95 83 34
f 58 96 56
f 5 80 68
f 18 22 85
f 45 41 40
f 16 3 54
f 73 97 75
f 6 68 92
f 61 67 86
f 83 90 20
f 15 9 8
f 87 93 57
f 84 56 96
f 73 37 98
f 65 99 62
f 33 75 97
f 100 44 42
f 38 79 94
f 19 3 2
f 101 87 48
f 36 75 9
f 29 102 66
f 75 33 9
f 103 104 78
f 91 62 99
f 49 74 88
f 90 98 37
f 82 101 48
f 89 54 85
f 10 12 77
f 89 17 16
f 78 104 25
f 18 14 22
f 41 105 42
f 41 72 106
f 58 86 96
f 103 107 108
f 97 73 109
f 110 69 94
f 111 106 112
f 113 89 85
f 103 78 8
f 67 114 86
f 115 95 17
f 104 116 71
f 33 97 117
f 107 103 8
f 98 109 73
f 118 81 11
f 22 92 85
f 104 71 25
f 71 116 119
f 69 63 94
f 120 119 116
f 83 95 121
f 122 82 81
f 123 124 125
f 79 84 126
f 72 127 128
f 93 102 60
f 88 129 70
f 100 105 130
f 90 131 132
f 72 71 127
f 100 130 133
f 87 134 135
f 133 76 44
f 93 87 135
f 120 116 103
f 105 100 42
f 84 96 126
f 11 10 118
f 53 99 65
f 17 89 115
f 136 130 105
f 101 82 137
f 107 8 7
f 110 138 85
f 66 139 55
f 95 115 121
f 86 114 96
f 98 90 132
f 29 60 102
f 102 140 139
f 111 136 105
f 126 94 79
f 71 119 127
f 97 109 141
f 71 45 25
f 142 122 81
f 90 83 143
f 106 105 41
f 67 91 114
f 117 97 141
f 100 133 44
f 82 122 137
f 109 98 132
f 110 80 69
f 81 118 142
f 144 123 133
f 102 93 135
f 10 77 125
f 145 144 130
f 117 146 107
f 111 112 147
f 115 89 148
f 136 145 130
f 149 121 115
f 22 21 92
f 103 116 104
f 136 150 145
f 151 129 139
f 111 105 106
f 152 138 110
f 144 133 130
f 127 119 153
f 128 112 72
f 109 154 141
f 155 136 111
f 125 118 10
f 132 154 109
f 156 137 122
f 108 157 158
f 117 107 7
f 108 107 157
f 122 142 156
f 144 145 159
f 150 136 155
f 160 161 155
f 99 53 129
f 145 150 159
f 117 7 33
f 161 150 155
f 155 111 147
f 148 149 115
f 112 106 72
f 90 143 131
f 158 157 162
f 119 120 153
f 135 163 102
f 164 108 158
f 108 120 103
f 53 70 129
f 121 149 143
f 144 165 123
f 146 157 107
f 150 166 159
f 129 88 139
f 151 167 129
f 89 113 148
f 158 162 168
f 169 127 153
f 108 164 120
f 146 117 170
f 117 141 170
f 150 161 166
f 123 125 77
f 144 159 165
f 171 147 172
f 142 173 174
f 163 135 134
f 175 176 177
f 153 120 178
f 137 156 179
f 131 180 132
f 149 148 181
f 164 182 178
f 142 118 173
f 157 146 162
f 164 178 120
f 154 132 180
f 181 143 149
f 128 169 112
f 160 155 171
f 171 155 147
f 146 170 162
f 123 77 76
f 169 183 184
f 185 172 147
f 139 74 55
f 174 156 142
f 83 121 143
f 123 165 124
f 87 101 134
f 186 187 188
f 161 189 166
f 190 191 153
f 192 171 193
f 169 153 183
f 110 92 68
f 159 194 165
f 192 160 171
f 190 153 178
f 164 195 182
f 134 196 163
f 197 181 148
f 91 99 114
f 161 198 189
f 187 199 188
f 195 158 168
f 159 166 194
f 178 200 201
f 202 179 156
f 203 204 205
f 192 198 160
f 206 207 185
f 112 188 147
f 169 128 127
f 118 125 173
f 124 208 209
f 190 178 201
f 123 76 133
f 161 160 198
f 143 181 210
f 164 158 195
f 156 174 202
f 196 140 163
f 193 171 172
f 166 189 211
f 188 199 147
f 184 186 188
f 197 113 212
f 110 85 92
f 102 163 140
f 169 184 112
f 201 200 213
f 191 183 153
f 181 197 210
f 187 186 214
f 215 216 217
f 197 148 113
f 184 188 112
f 218 219 220
f 221 172 185
f 189 222 223
f 196 134 219
f 162 205 168
f 126 114 224
f 198 192 222
f 165 208 124
f 137 179 134
f 201 225 190
f 191 190 226
f 189 198 222
f 227 221 185
f 225 226 190
f 182 200 178
f 166 211 194
f 228 210 197
f 182 229 230
f 179 202 231
f 193 232 192
f 176 212 113
f 182 195 229
f 233 206 199
f 140 196 219
f 141 234 203
f 187 233 199
f 206 185 147
f 189 223 211
f 212 228 197
f 202 174 235
f 192 236 222
f 225 201 237
f 170 203 205
f 184 238 186
f 226 239 240
f 237 201 213
f 200 182 230
f 184 183 241
f 240 242 241
f 243 176 113
f 193 244 232
f 162 170 205
f 186 238 214
f 131 234 180
f 214 238 245
f 206 233 207
f 246 174 173
f 233 247 207
f 165 194 208
f 221 193 172
f 232 248 249
f 226 250 239
f 102 139 66
f 237 250 225
f 194 211 251
f 219 252 140
f 124 173 125
f 174 246 235
f 110 94 126
f 210 228 253
f 240 191 226
f 230 213 200
f 192 232 236
f 235 231 202
f 195 254 229
f 151 139 255
f 206 147 199
f 211 223 251
f 124 209 256
f 238 184 241
f 257 258 259
f 244 221 260
f 221 244 193
f 232 249 236
f 250 261 239
f 141 180 234
f 259 258 262
f 141 154 180
f 194 263 208
f 228 212 264
f 138 243 85
f 168 265 254
f 214 245 257
f 233 259 247
f 240 241 191
f 223 222 266
f 226 225 250
f 218 220 267
f 268 246 173
f 269 250 270
f 224 114 167
f 244 248 232
f 222 236 266
f 262 271 247
f 252 272 140
f 264 253 228
f 221 227 260
f 203 234 273
f 134 274 220
f 252 219 218
f 101 137 134
f 275 276 270
f 223 277 251
f 214 259 187
f 278 257 245
f 195 168 254
f 207 279 185
f 259 262 247
f 126 96 114
f 250 269 261
f 235 280 281
f 99 167 114
f 213 275 270
f 231 235 274
f 230 229 275
f 168 205 265
f 236 249 282
f 273 131 215
f 266 236 282
f 261 283 239
f 284 139 272
f 208 263 285
f 244 260 286
f 242 239 283
f 244 286 248
f 287 288 278
f 260 227 289
f 203 273 204
f 124 256 268
f 250 237 270
f 290 279 247
f 272 252 218
f 124 268 173
f 227 291 289
f 176 264 212
f 249 292 282
f 241 242 293
f 152 110 126
f 240 239 242
f 294 271 258
f 261 295 283
f 279 291 227
f 207 247 279
f 246 280 235
f 110 68 80
f 223 266 277
f 241 293 296
f 286 297 292
f 253 264 298
f 214 257 259
f 249 248 292
f 294 299 271
f 271 300 301
f 229 265 275
f 281 274 235
f 302 303 291
f 304 263 277
f 305 287 278
f 237 213 270
f 283 293 242
f 259 233 187
f 286 289 306
f 301 290 247
f 307 268 256
f 271 262 258
f 241 296 308
f 218 309 272
f 310 289 303
f 295 311 283
f 215 298 216
f 288 312 299
f 286 306 297
f 246 307 280
f 141 203 170
f 238 308 245
f 241 183 191
f 266 313 277
f 167 151 314
f 301 247 271
f 278 288 294
f 175 298 264
f 219 134 220
f 293 283 311
f 264 176 175
f 309 218 267
f 315 307 256
f 278 258 257
f 294 288 299
f 238 241 308
f 215 253 298
f 209 285 316
f 274 317 220
f 289 291 303
f 286 260 289
f 288 318 312
f 143 210 253
f 261 269 295
f 289 310 306
f 318 319 312
f 308 320 245
f 292 321 322
f 279 227 185
f 295 323 311
f 272 309 284
f 194 251 263
f 291 324 302
f 290 324 279
f 179 231 134
f 311 325 293
f 220 326 267
f 285 209 208
f 246 268 307
f 312 319 327
f 273 234 131
f 248 286 292
f 270 276 269
f 267 328 309
f 329 300 330
f 301 300 331
f 312 327 299
f 307 315 280
f 332 333 334
f 318 335 336
f 325 311 323
f 266 282 313
f 263 251 277
f 327 319 330
f 298 175 216
f 278 294 258
f 274 281 317
f 279 324 291
f 325 337 293
f 310 303 338
f 300 327 330
f 339 281 280
f 296 293 337
f 306 340 297
f 332 334 295
f 314 151 255
f 341 278 245
f 318 288 287
f 342 322 343
f 215 344 345
f 315 256 346
f 347 346 209
f 328 348 309
f 281 339 317
f 175 177 349
f 341 305 278
f 323 295 334
f 301 331 290
f 245 320 341
f 323 350 325
f 131 143 253
f 342 282 292
f 300 299 327
f 134 231 274
f 309 348 284
f 318 336 319
f 328 267 351
f 280 315 339
f 337 325 350
f 352 353 255
f 282 342 313
f 213 230 275
f 349 216 175
f 204 265 205
f 344 215 217
f 340 321 297
f 271 299 300
f 292 297 321
f 345 273 215
f 300 354 331
f 300 329 354
f 335 287 355
f 152 224 356
f 276 332 269
f 357 324 290
f 331 357 290
f 346 256 209
f 358 354 329
f 338 359 340
f 296 360 308
f 336 361 362
f 317 363 220
f 350 323 364
f 348 328 351
f 326 351 267
f 334 364 323
f 275 265 365
f 287 305 355
f 337 366 360
f 367 368 332
f 335 318 287
f 243 138 152
f 369 317 339
f 88 74 139
f 229 254 265
f 335 355 370
f 284 255 139
f 336 362 330
f 273 345 371
f 216 349 372
f 373 341 320
f 99 129 167
f 215 131 253
f 331 354 357
f 310 338 340
f 355 305 374
f 314 255 353
f 316 285 263
f 204 375 265
f 275 365 276
f 304 277 313
f 336 330 319
f 376 336 335
f 377 378 304
f 317 379 363
f 362 361 380
f 348 381 284
f 296 337 360
f 337 350 366
f 351 382 348
f 358 329 383
f 364 366 350
f 216 372 217
f 357 354 384
f 349 177 372
f 366 364 385
f 386 361 336
f 341 374 305
f 381 387 388
f 370 376 335
f 339 315 346
f 364 389 385
f 329 390 383
f 306 310 340
f 321 340 391
f 382 351 392
f 393 329 330
f 314 394 224
f 347 209 316
f 381 382 387
f 303 395 338
f 393 390 329
f 204 273 371
f 361 396 380
f 362 380 397
f 379 398 363
f 399 372 177
f 400 393 397
f 362 393 330
f 366 385 401
f 346 369 339
f 381 388 352
f 392 326 402
f 354 358 384
f 403 390 393
f 303 302 395
f 345 404 371
f 370 405 376
f 360 401 406
f 396 361 386
f 376 386 336
f 372 407 217
f 383 390 408
f 391 340 359
f 384 409 410
f 411 355 374
f 392 351 326
f 324 357 412
f 316 263 304
f 390 413 408
f 405 414 415
f 220 363 326
f 384 358 409
f 395 359 338
f 416 404 344
f 413 400 417
f 418 391 359
f 372 399 407
f 364 333 389
f 360 366 401
f 332 295 269
f 342 292 322
f 419 379 369
f 380 420 397
f 414 421 422
f 396 423 424
f 425 426 373
f 378 316 304
f 420 396 424
f 324 412 302
f 376 427 386
f 358 383 409
f 392 387 382
f 390 403 413
f 405 415 428
f 400 403 393
f 317 369 379
f 152 126 224
f 367 332 365
f 399 177 429
f 360 425 308
f 381 348 382
f 177 243 430
f 386 431 423
f 375 371 432
f 386 427 431
f 322 433 343
f 397 434 435
f 408 413 436
f 284 381 255
f 437 395 302
f 368 333 332
f 427 405 428
f 383 408 409
f 407 399 438
f 439 440 441
f 224 394 356
f 352 255 381
f 302 442 443
f 345 344 404
f 326 444 402
f 347 316 445
f 364 334 333
f 316 378 446
f 359 395 437
f 418 359 437
f 362 397 393
f 396 386 423
f 347 447 346
f 343 377 304
f 357 384 410
f 399 429 438
f 374 373 421
f 414 411 421
f 224 167 314
f 380 396 420
f 427 448 431
f 408 436 449
f 363 398 326
f 387 392 402
f 413 403 400
f 437 302 443
f 416 344 217
f 428 448 427
f 368 389 333
f 447 419 369
f 322 450 433
f 326 451 444
f 343 304 313
f 375 452 265
f 401 453 454
f 360 406 425
f 408 449 409
f 371 404 432
f 326 398 451
f 445 316 446
f 453 455 454
f 406 456 425
f 447 369 346
f 457 458 397
f 406 459 456
f 204 371 375
f 376 405 427
f 397 420 434
f 460 402 444
f 355 411 370
f 458 400 397
f 447 461 419
f 411 374 421
f 448 428 462
f 405 370 414
f 402 463 387
f 347 445 447
f 464 378 465
f 428 415 462
f 466 457 435
f 417 400 467
f 465 377 433
f 417 468 436
f 406 454 459
f 423 469 424
f 400 470 467
f 445 461 447
f 471 442 302
f 446 378 464
f 373 374 341
f 472 416 217
f 469 473 424
f 409 474 410
f 322 391 418
f 425 373 308
f 475 476 477
f 457 397 435
f 401 385 453
f 431 478 469
f 463 388 387
f 463 402 460
f 479 439 480
f 446 461 445
f 367 481 482
f 400 458 470
f 483 471 410
f 415 414 422
f 484 485 472
f 413 417 436
f 424 486 434
f 424 473 486
f 243 113 85
f 415 487 462
f 458 457 470
f 488 438 429
f 429 430 489
f 471 302 412
f 446 464 490
f 460 444 491
f 492 493 367
f 437 494 418
f 495 496 486
f 419 497 379
f 406 401 454
f 217 407 498
f 479 499 439
f 500 501 502
f 475 373 503
f 388 463 460
f 470 457 504
f 497 419 461
f 451 398 379
f 425 456 426
f 438 488 498
f 415 422 487
f 467 470 505
f 424 434 420
f 443 442 506
f 450 322 418
f 414 370 411
f 442 507 506
f 508 466 435
f 410 412 357
f 434 509 435
f 417 467 468
f 373 426 503
f 343 313 342
f 510 489 430
f 487 478 462
f 368 453 385
f 423 431 469
f 511 494 443
f 488 429 489
f 512 513 514
f 515 466 516
f 495 486 517
f 518 519 461
f 520 521 522
f 431 448 462
f 373 475 421
f 434 496 509
f 487 422 523
f 385 389 368
f 471 412 410
f 524 498 488
f 460 525 388
f 496 495 509
f 431 462 478
f 506 511 443
f 486 526 517
f 515 504 466
f 467 527 468
f 478 487 523
f 375 432 452
f 455 492 528
f 529 530 526
f 437 443 494
f 426 456 531
f 409 480 474
f 525 460 491
f 492 482 532
f 494 533 450
f 534 526 530
f 378 377 465
f 475 535 476
f 489 524 488
f 509 536 537
f 394 314 538
f 472 539 416
f 457 466 504
f 529 540 541
f 377 343 433
f 139 140 272
f 522 510 430
f 498 524 542
f 368 493 453
f 486 473 526
f 464 465 543
f 474 483 410
f 509 537 435
f 531 456 459
f 478 540 469
f 519 497 461
f 388 544 352
f 509 495 536
f 492 367 482
f 472 485 545
f 436 468 479
f 459 455 528
f 506 507 546
f 466 508 516
f 511 506 533
f 547 365 452
f 467 505 527
f 508 435 548
f 422 477 523
f 491 549 525
f 550 551 536
f 418 494 450
f 421 477 422
f 497 552 451
f 407 438 498
f 494 511 533
f 553 481 367
f 465 513 543
f 432 501 452
f 176 243 177
f 455 493 492
f 365 332 276
f 539 545 501
f 486 496 434
f 507 471 483
f 515 516 554
f 555 542 524
f 524 489 555
f 388 525 544
f 442 471 507
f 539 472 545
f 526 534 517
f 519 556 557
f 459 454 455
f 505 558 527
f 519 557 559
f 491 444 560
f 446 490 518
f 497 451 379
f 561 562 550
f 561 495 517
f 549 491 560
f 539 432 416
f 561 534 562
f 476 535 563
f 506 564 533
f 421 475 477
f 565 510 522
f 515 554 566
f 531 503 426
f 534 530 562
f 498 542 484
f 455 453 493
f 543 490 464
f 567 516 508
f 528 531 459
f 505 470 504
f 152 522 243
f 322 321 391
f 561 536 495
f 525 549 544
f 542 555 568
f 444 569 560
f 508 548 567
f 515 505 504
f 480 439 474
f 540 473 469
f 570 507 483
f 544 549 560
f 540 523 541
f 561 517 534
f 571 572 573
f 475 503 574
f 539 501 432
f 452 365 265
f 432 404 416
f 506 546 564
f 542 568 484
f 519 559 552
f 529 541 575
f 546 570 576
f 510 555 489
f 516 567 554
f 519 518 556
f 567 548 577
f 497 519 552
f 578 528 579
f 480 409 449
f 580 581 548
f 579 492 532
f 528 578 531
f 582 503 531
f 583 568 555
f 529 526 473
f 515 558 505
f 584 536 551
f 480 449 436
f 567 585 554
f 500 586 452
f 433 514 513
f 560 587 544
f 518 461 446
f 533 588 450
f 581 577 548
f 562 589 550
f 537 584 435
f 468 527 479
f 490 543 590
f 591 592 546
f 555 510 583
f 579 528 492
f 546 507 570
f 314 353 538
f 444 571 569
f 500 502 593
f 594 356 394
f 479 480 436
f 551 550 589
f 501 545 502
f 472 217 498
f 561 550 536
f 479 595 499
f 582 578 579
f 567 577 585
f 596 595 479
f 592 564 546
f 587 560 569
f 441 483 474
f 484 597 598
f 570 483 441
f 490 556 518
f 599 580 600
f 527 558 479
f 568 583 601
f 589 562 602
f 554 603 566
f 533 592 604
f 562 530 602
f 571 573 605
f 537 536 584
f 584 548 435
f 540 529 473
f 589 606 551
f 515 607 558
f 513 590 543
f 523 476 563
f 512 514 608
f 515 566 607
f 373 320 308
f 609 482 481
f 535 475 574
f 544 610 352
f 594 611 356
f 484 601 597
f 579 612 582
f 613 538 610
f 614 551 606
f 615 580 548
f 583 510 616
f 451 552 444
f 485 502 545
f 569 617 587
f 578 582 531
f 610 618 619
f 481 553 620
f 589 621 606
f 576 570 622
f 594 394 538
f 623 585 577
f 439 441 474
f 554 585 603
f 559 557 572
f 577 581 623
f 624 596 607
f 616 601 583
f 602 625 626
f 582 627 503
f 530 529 575
f 559 571 444
f 533 564 592
f 614 584 551
f 614 628 629
f 544 618 610
f 580 615 600
f 630 514 450
f 452 586 547
f 612 631 627
f 631 632 627
f 614 615 584
f 490 633 556
f 581 580 634
f 532 609 631
f 556 635 557
f 603 636 637
f 623 581 638
f 493 368 367
f 617 569 639
f 585 636 603
f 523 477 476
f 558 596 479
f 631 640 641
f 626 642 621
f 514 433 450
f 484 568 601
f 590 513 512
f 580 599 634
f 591 546 576
f 614 606 628
f 553 643 644
f 582 612 627
f 616 565 645
f 490 590 633
f 621 628 606
f 177 430 429
f 484 472 498
f 614 600 615
f 501 500 452
f 604 591 646
f 616 645 647
f 553 644 620
f 648 649 650
f 586 651 547
f 601 616 597
f 586 593 652
f 593 653 654
f 439 499 440
f 655 656 657
f 557 658 572
f 544 587 618
f 633 635 556
f 522 152 356
f 559 572 571
f 441 659 570
f 627 574 503
f 660 481 620
f 512 661 590
f 558 607 596
f 585 623 636
f 618 617 639
f 444 552 559
f 530 625 602
f 662 663 622
f 612 532 631
f 512 608 664
f 665 666 667
f 628 642 668
f 628 621 642
f 630 450 588
f 669 670 671
f 647 597 616
f 635 667 557
f 563 541 523
f 532 482 609
f 629 672 673
f 485 653 502
f 625 575 674
f 627 632 675
f 633 676 635
f 658 667 666
f 677 678 535
f 440 499 595
f 590 661 633
f 441 679 659
f 634 680 681
f 614 629 600
f 584 615 548
f 682 678 683
f 609 481 660
f 672 684 673
f 630 608 514
f 682 563 678
f 653 593 502
f 653 485 685
f 639 686 618
f 625 530 575
f 664 608 687
f 634 638 581
f 655 599 656
f 613 688 594
f 627 675 574
f 563 535 678
f 611 520 356
f 634 599 680
f 621 589 602
f 598 485 484
f 541 682 689
f 597 647 690
f 626 621 602
f 629 691 600
f 661 512 664
f 571 639 569
f 637 624 607
f 676 667 635
f 599 600 656
f 681 692 638
f 686 639 650
f 693 657 694
f 604 592 591
f 685 485 695
f 500 593 586
f 647 645 696
f 629 673 691
f 628 668 672
f 638 636 623
f 683 678 669
f 634 681 638
f 612 579 532
f 677 535 574
f 661 697 633
f 679 440 595
f 655 657 698
f 699 645 565
f 682 683 689
f 696 690 647
f 608 630 700
f 599 655 680
f 610 353 352
f 622 701 576
f 675 669 677
f 658 666 572
f 702 642 626
f 648 571 605
f 588 703 630
f 659 662 622
f 632 631 641
f 636 624 637
f 629 628 672
f 673 704 691
f 613 610 705
f 641 706 707
f 681 708 692
f 665 667 709
f 699 696 645
f 691 710 656
f 637 607 603
f 650 711 686
f 591 701 646
f 667 676 709
f 712 713 588
f 699 565 714
f 715 716 596
f 563 682 541
f 687 717 718
f 680 655 719
f 638 720 636
f 600 691 656
f 659 622 570
f 704 684 721
f 465 433 513
f 540 478 523
f 655 722 719
f 640 706 641
f 618 686 619
f 441 440 679
f 636 720 624
f 723 596 716
f 619 686 711
f 681 719 708
f 520 522 356
f 697 676 633
f 660 640 609
f 571 648 650
f 672 724 684
f 683 669 671
f 672 725 726
f 690 696 727
f 728 679 595
f 711 650 649
f 720 692 729
f 666 573 572
f 701 591 576
f 696 699 727
f 672 668 725
f 672 726 724
f 692 708 729
f 664 687 697
f 597 690 598
f 730 604 646
f 704 673 684
f 367 365 547
f 681 680 719
f 731 732 714
f 724 721 684
f 571 650 639
f 687 608 700
f 698 733 722
f 728 734 735
f 631 609 640
f 711 736 619
f 701 622 663
f 737 727 699
f 738 646 663
f 533 604 588
f 683 739 689
f 739 740 741
f 719 742 708
f 613 594 538
f 699 714 737
f 736 711 649
f 743 744 745
f 640 620 746
f 661 664 697
f 720 747 624
f 593 654 652
f 646 701 663
f 604 712 588
f 702 626 674
f 748 685 695
f 666 665 573
f 687 718 697
f 687 749 717
f 655 698 722
f 522 430 243
f 620 750 746
f 521 565 522
f 721 724 726
f 587 617 618
f 654 685 748
f 669 675 670
f 693 698 657
f 691 704 710
f 697 718 751
f 702 725 642
f 641 675 632
f 752 703 713
f 729 742 753
f 723 595 596
f 656 710 694
f 630 703 700
f 698 693 733
f 754 755 710
f 721 756 704
f 738 730 646
f 737 714 757
f 598 727 758
f 675 677 574
f 657 656 694
f 675 759 670
f 607 566 603
f 760 739 671
f 727 737 758
f 693 694 761
f 762 763 648
f 654 748 764
f 688 705 765
f 756 754 710
f 626 625 674
f 706 640 746
f 713 766 767
f 649 768 736
f 619 769 610
f 679 728 659
f 726 770 721
f 729 753 747
f 689 739 741
f 771 688 765
f 728 735 659
f 756 721 770
f 725 772 773
f 703 752 749
f 774 775 776
f 719 722 742
f 733 693 777
f 725 668 642
f 654 653 685
f 778 741 779
f 722 780 781
f 676 751 709
f 641 707 675
f 689 741 541
f 732 757 714
f 768 649 763
f 723 728 595
f 693 761 777
f 756 710 704
f 620 644 750
f 598 695 485
f 730 738 782
f 722 733 780
f 694 783 761
f 752 767 784
f 670 785 786
f 762 648 787
f 757 758 737
f 619 736 769
f 756 788 754
f 707 706 746
f 752 789 749
f 605 790 791
f 775 792 776
f 731 714 565
f 793 773 794
f 735 795 662
f 749 789 717
f 510 565 616
f 781 742 722
f 739 683 671
f 741 575 541
f 665 605 573
f 725 702 796
f 797 798 799
f 640 660 620
f 662 795 663
f 793 770 773
f 670 759 785
f 741 778 674
f 733 777 780
f 725 796 772
f 728 723 734
f 713 703 588
f 782 738 800
f 763 801 768
f 735 662 659
f 802 652 654
f 756 793 788
f 687 700 749
f 754 788 803
f 725 773 726
f 748 804 764
f 760 671 805
f 678 677 669
f 806 807 808
f 759 707 809
f 665 810 790
f 730 782 712
f 598 690 727
f 742 781 753
f 703 749 700
f 769 768 801
f 667 658 557
f 755 754 803
f 758 757 811
f 802 654 764
f 648 763 649
f 604 730 712
f 553 367 547
f 746 750 809
f 707 759 675
f 812 777 761
f 797 738 663
f 729 708 742
f 780 777 813
f 801 763 814
f 770 726 773
f 756 770 793
f 739 760 740
f 741 674 575
f 598 758 695
f 781 815 753
f 783 806 808
f 777 816 813
f 817 818 819
f 707 746 809
f 761 783 812
f 762 814 763
f 723 716 734
f 665 709 810
f 797 663 820
f 801 821 769
f 521 731 565
f 644 822 750
f 736 768 769
f 803 823 755
f 697 751 676
f 810 709 824
f 740 779 741
f 825 817 695
f 757 732 811
f 755 694 710
f 748 695 804
f 826 805 827
f 759 809 828
f 788 829 803
f 821 801 814
f 782 800 830
f 674 778 796
f 750 822 809
f 777 812 816
f 795 735 831
f 788 793 832
f 610 538 353
f 781 780 815
f 747 753 792
f 812 833 816
f 793 794 832
f 834 835 836
f 772 794 773
f 652 802 651
f 740 760 837
f 830 712 782
f 796 838 772
f 734 716 839
f 715 840 716
f 734 841 735
f 705 842 765
f 802 843 651
f 823 844 845
f 716 840 839
f 812 783 833
f 758 811 846
f 823 829 844
f 797 847 738
f 789 848 717
f 848 752 784
f 814 762 849
f 847 800 738
f 850 851 852
f 814 853 821
f 829 854 844
f 800 855 830
f 856 838 857
f 644 643 822
f 809 822 858
f 859 858 860
f 797 799 847
f 861 811 732
f 735 841 831
f 829 832 854
f 800 847 855
f 862 813 816
f 863 778 864
f 747 720 729
f 780 813 815
f 831 820 795
f 790 836 791
f 855 865 830
f 751 824 709
f 841 734 866
f 791 648 605
f 764 804 867
f 847 799 868
f 758 825 695
f 638 692 720
f 816 833 862
f 853 814 849
f 822 860 858
f 783 808 833
f 811 869 846
f 826 837 805
f 811 861 869
f 802 870 843
f 665 790 605
f 769 871 610
f 872 718 717
f 797 820 798
f 841 873 831
f 778 779 864
f 874 808 807
f 823 803 829
f 855 847 868
f 841 866 873
f 810 824 875
f 876 877 751
f 796 702 674
f 834 810 875
f 813 878 879
f 755 823 694
f 648 791 787
f 715 596 624
f 758 846 825
f 863 864 880
f 867 804 817
f 791 836 787
f 831 881 820
f 786 785 882
f 838 796 883
f 862 833 884
f 865 855 868
f 813 879 815
f 828 809 858
f 828 885 785
f 829 788 832
f 831 873 881
f 886 715 624
f 732 731 887
f 874 833 808
f 823 845 888
f 867 817 819
f 734 839 866
f 806 889 807
f 834 836 790
f 832 794 854
f 890 884 874
f 891 872 717
f 713 712 766
f 873 866 892
f 849 893 853
f 887 861 732
f 810 834 790
f 874 807 894
f 817 825 895
f 869 861 896
f 865 766 830
f 769 821 871
f 888 806 694
f 837 760 805
f 866 839 892
f 848 789 752
f 869 897 846
f 846 898 825
f 881 873 892
f 764 867 870
f 783 694 806
f 823 888 694
f 813 862 878
f 856 794 838
f 882 785 885
f 899 900 901
f 844 899 845
f 867 819 870
f 875 824 902
f 903 853 893
f 884 833 874
f 825 898 895
f 670 805 671
f 869 896 897
f 731 521 904
f 871 842 705
f 779 837 864
f 897 898 846
f 815 792 753
f 586 652 651
f 826 827 905
f 886 624 775
f 906 849 787
f 712 830 766
f 907 908 909
f 893 849 906
f 785 759 828
f 861 910 896
f 892 911 881
f 889 806 888
f 802 764 870
f 875 902 912
f 821 903 871
f 844 913 914
f 865 868 915
f 821 853 903
f 889 888 916
f 875 917 834
f 835 834 917
f 918 919 920
f 839 921 892
f 922 850 766
f 820 663 795
f 897 896 923
f 799 924 868
f 826 864 837
f 862 884 878
f 899 844 914
f 807 925 926
f 858 927 828
f 897 923 898
f 779 740 837
f 854 856 913
f 910 923 896
f 670 786 805
f 893 928 903
f 856 857 929
f 651 745 553
f 890 874 894
f 930 889 916
f 804 695 817
f 643 860 822
f 610 871 705
f 870 819 931
f 868 924 915
f 932 910 887
f 906 933 893
f 799 934 935
f 870 936 843
f 935 937 938
f 917 939 835
f 917 875 912
f 792 879 940
f 941 878 884
f 752 713 767
f 928 893 933
f 651 936 743
f 898 923 942
f 899 916 845
f 943 840 715
f 944 904 521
f 914 900 899
f 924 799 935
f 817 945 818
f 807 889 925
f 915 922 766
f 840 943 921
f 927 858 859
f 899 901 916
f 884 890 946
f 820 881 798
f 815 879 792
f 923 910 942
f 859 860 947
f 946 941 884
f 786 827 805
f 807 926 894
f 871 948 949
f 950 890 894
f 930 916 901
f 839 840 921
f 915 938 922
f 771 944 611
f 907 911 908
f 849 762 787
f 931 819 818
f 907 798 911
f 861 887 910
f 918 920 951
f 928 933 948
f 952 891 953
f 930 954 889
f 889 954 925
f 878 940 879
f 939 917 955
f 844 854 913
f 827 956 905
f 891 952 872
f 931 957 936
f 894 926 950
f 901 958 959
f 915 935 938
f 958 960 959
f 915 766 865
f 942 932 961
f 917 912 955
f 860 962 947
f 963 964 965
f 881 911 798
f 886 775 774
f 927 885 828
f 890 950 946
f 945 817 895
f 877 824 751
f 942 910 932
f 900 966 958
f 871 928 948
f 876 751 718
f 798 934 799
f 966 967 958
f 968 940 941
f 969 954 930
f 933 951 948
f 898 942 895
f 950 926 970
f 971 972 973
f 775 747 792
f 939 787 835
f 870 931 936
f 942 961 895
f 926 974 970
f 877 902 824
f 975 943 715
f 939 976 787
f 921 977 892
f 978 872 952
f 979 851 980
f 913 981 914
f 901 900 958
f 982 715 886
f 971 974 925
f 950 983 946
f 944 521 520
f 766 850 767
f 921 943 977
f 974 926 925
f 907 909 934
f 978 876 872
f 984 932 887
f 882 885 985
f 956 986 905
f 904 887 731
f 936 957 987
f 651 743 745
f 798 907 934
f 940 878 941
f 864 905 880
f 966 900 914
f 787 836 835
f 988 989 990
f 915 924 935
f 991 966 981
f 872 876 718
f 986 956 965
f 859 885 927
f 950 970 983
f 935 934 937
f 984 887 989
f 947 992 859
f 981 966 914
f 939 955 976
f 930 901 959
f 887 904 989
f 993 945 994
f 977 908 892
f 905 986 880
f 771 995 944
f 895 996 994
f 916 888 845
f 891 717 784
f 860 643 745
f 986 965 997
f 852 851 998
f 922 999 850
f 937 1000 938
f 871 903 928
f 743 987 1001
f 902 1002 912
f 946 983 968
f 895 961 996
f 992 947 1003
f 1004 1005 1006
f 951 1007 948
f 772 838 794
f 1008 983 970
f 1009 883 1010
f 925 954 972
f 976 918 787
f 1011 976 955
f 965 956 786
f 1012 765 842
f 1007 951 920
f 909 1013 934
f 978 952 1014
f 951 933 906
f 1015 1003 962
f 611 944 520
f 960 958 967
f 852 891 784
f 959 969 930
f 956 827 786
f 992 1003 1016
f 984 989 988
f 960 1017 959
f 1018 988 990
f 553 547 651
f 977 1019 908
f 970 974 1008
f 999 1020 850
f 818 957 931
f 856 981 913
f 986 997 880
f 968 983 1021
f 932 1022 996
f 983 1023 1021
f 975 1024 1025
f 1024 975 982
f 771 611 594
f 945 895 994
f 902 877 1004
f 976 1026 918
f 882 963 965
f 961 932 996
f 955 1002 1027
f 947 962 1003
f 918 906 787
f 955 912 1002
f 937 1013 1028
f 918 951 906
f 1011 955 1027
f 960 1029 1017
f 852 998 891
f 776 792 1030
f 949 948 1007
f 963 882 985
f 975 977 943
f 992 1031 885
f 967 966 991
f 902 1004 1002
f 1032 1008 974
f 920 1033 1007
f 975 715 982
f 818 993 957
f 882 965 786
f 978 1014 1034
f 908 1019 1035
f 967 991 1029
f 922 938 999
f 992 1036 1031
f 1037 1038 1011
f 771 765 995
f 920 919 1039
f 850 852 767
f 957 1040 1041
f 796 778 883
f 1042 971 973
f 987 957 1001
f 920 1039 1033
f 863 1043 883
f 934 1013 937
f 857 1044 929
f 919 918 1045
f 1045 1046 1047
f 1008 1032 1023
f 974 971 1032
f 745 744 1048
f 745 643 553
f 938 1000 999
f 975 1019 977
f 863 883 778
f 908 1035 909
f 1007 1033 949
f 976 1038 1026
f 891 998 953
f 1049 1050 1051
f 1029 1052 1017
f 952 953 1053
f 932 984 1022
f 975 1025 1019
f 997 1054 880
f 991 981 929
f 851 979 1055
f 940 968 1030
f 999 1000 1056
f 998 851 1055
f 1024 982 1057
f 651 843 936
f 908 911 892
f 1039 919 1045
f 937 1056 1000
f 864 826 905
f 983 1008 1023
f 971 925 972
f 1032 1058 1059
f 1023 1032 1059
f 959 1017 969
f 1004 1006 1027
f 1045 918 1046
f 1060 984 988
f 965 1061 997
f 842 949 1062
f 994 996 1063
f 1031 985 885
f 1060 1022 984
f 838 1009 1044
f 1018 990 1064
f 1049 1020 1050
f 976 1011 1038
f 1032 971 1065
f 1057 1066 1024
f 1025 1035 1019
f 1056 1050 999
f 705 688 613
f 1052 1067 1068
f 745 1015 962
f 1045 1069 1039
f 1070 1071 963
f 1052 1072 1067
f 1004 1073 1005
f 877 1074 1004
f 1020 980 851
f 1031 1036 985
f 1023 1059 1021
f 968 941 946
f 876 978 1034
f 859 992 885
f 969 973 972
f 953 998 1055
f 1017 1052 969
f 1024 1066 1025
f 1063 1075 1076
f 992 1016 1036
f 996 1022 1077
f 1056 937 1078
f 1054 997 1061
f 1079 1080 1013
f 1081 774 776
f 1020 999 1050
f 1037 1011 1027
f 968 1021 1030
f 1029 991 1072
f 1004 1027 1002
f 993 1040 957
f 1060 988 1082
f 1078 937 1028
f 1016 1003 1015
f 1050 1056 1051
f 957 1041 1001
f 909 1079 1013
f 880 1054 863
f 971 1042 1065
f 1083 1016 1015
f 1021 1084 1030
f 991 1085 1072
f 1086 1068 1087
f 1032 1065 1058
f 1052 1068 969
f 981 856 929
f 1035 1088 1089
f 1069 1045 1090
f 1068 1086 969
f 1056 1078 1051
f 965 964 1061
f 1060 1077 1022
f 918 1026 1046
f 1013 1080 1028
f 985 1091 1070
f 952 1053 1014
f 1036 1092 985
f 1035 1025 1088
f 1061 1093 1054
f 1052 1029 1072
f 1057 1094 1066
f 1090 1045 1047
f 995 1095 944
f 982 774 1057
f 1006 1037 1027
f 949 842 871
f 1036 1016 1092
f 1054 1043 863
f 1089 1096 909
f 1009 1010 1097
f 1065 1098 1099
f 1100 1091 1101
f 1085 991 1102
f 1099 1058 1065
f 717 848 784
f 949 1103 1062
f 1059 1104 1084
f 1034 1014 1105
f 1033 1039 1069
f 953 1106 1107
f 1074 1034 1108
f 972 954 969
f 1053 953 1107
f 1106 979 1109
f 1059 1084 1021
f 1057 1110 1111
f 1078 1112 1051
f 1086 1087 1113
f 743 936 987
f 842 1062 1012
f 1077 1114 1063
f 1083 1092 1016
f 1065 1042 1098
f 1038 1046 1026
f 964 963 1071
f 1034 1074 876
f 1058 1099 1104
f 960 967 1029
f 1078 1028 1112
f 1035 1089 909
f 1066 1094 1088
f 1093 1061 1115
f 964 1116 1117
f 1053 1107 1118
f 1105 1108 1034
f 990 1095 1119
f 794 856 854
f 1120 1006 1121
f 1061 1122 1115
f 1070 963 985
f 1040 993 1123
f 1124 1125 1126
f 953 1055 1106
f 1082 1127 1114
f 1106 1055 979
f 1025 1066 1088
f 1053 1118 1105
f 1074 1108 1128
f 792 940 1030
f 1060 1082 1114
f 949 1033 1103
f 1124 1049 1125
f 1094 1057 1111
f 1082 988 1018
f 1042 1129 1130
f 1071 1070 1116
f 1107 1131 1118
f 990 904 944
f 1112 1125 1051
f 990 989 904
f 982 886 774
f 1132 1074 1128
f 1104 1099 1133
f 969 1086 1134
f 1054 1093 1043
f 1010 1135 1136
f 1047 1137 1090
f 909 1096 1079
f 969 1134 973
f 883 1043 1010
f 1138 1098 1042
f 1092 1083 1139
f 1038 1140 1046
f 818 945 993
f 1141 979 980
f 1108 1105 1118
f 1092 1139 985
f 1137 1103 1090
f 1006 1142 1037
f 1143 1112 1028
f 1028 1080 1144
f 996 1077 1063
f 1059 1058 1104
f 1107 1145 1131
f 1088 1146 1089
f 1129 1042 973
f 1147 1148 1149
f 1096 1150 1079
f 1068 1067 1087
f 1074 1073 1004
f 1087 1067 1151
f 1117 1122 1061
f 852 784 767
f 1005 1152 1153
f 1083 1154 1139
f 1113 1155 1134
f 745 962 860
f 1115 1135 1093
f 1074 877 876
f 991 929 1102
f 1125 1112 1143
f 850 1020 851
f 1067 1156 1151
f 1010 1136 1157
f 1093 1135 1043
f 771 594 688
f 1073 1158 1152
f 1159 1160 1144
f 1077 1060 1114
f 1138 1042 1130
f 1038 1037 1140
f 1108 1161 1128
f 1137 1047 1162
f 1132 1128 1163
f 1053 1105 1014
f 774 1110 1057
f 1164 1143 1028
f 1124 1126 1165
f 1117 1166 1122
f 1113 1167 1168
f 1147 776 1030
f 1167 1169 1168
f 964 1071 1116
f 1073 1074 1132
f 1020 1049 980
f 1098 1133 1099
f 1159 1144 1080
f 1147 1030 1084
f 1086 1113 1134
f 1170 1083 1015
f 1049 1051 1125
f 1103 1137 1162
f 1087 1151 1167
f 1114 1127 1171
f 1091 1139 1101
f 1005 1073 1152
f 1069 1090 1103
f 1070 1091 1116
f 1040 1123 1041
f 1118 1172 1161
f 1142 1006 1120
f 1127 1082 1018
f 1143 1126 1125
f 973 1134 1129
f 1005 1153 1006
f 1173 1174 1150
f 1063 1076 1123
f 1063 993 994
f 1161 1172 1175
f 1107 1106 1145
f 1091 985 1139
f 1176 1177 1121
f 1178 765 1012
f 980 1124 1179
f 1180 1181 1062
f 1098 1138 1182
f 1140 1142 1183
f 1108 1118 1161
f 1184 1123 1076
f 1046 1185 1047
f 979 1141 1109
f 1096 1146 1150
f 1164 1028 1144
f 1067 1085 1156
f 1098 1182 1133
f 857 838 1044
f 1186 1130 1129
f 1135 1115 1187
f 1015 1188 1170
f 1138 1189 1182
f 1155 1113 1168
f 1083 1170 1154
f 1113 1087 1167
f 1073 1190 1158
f 1122 1166 1191
f 1120 1183 1142
f 1186 1192 1193
f 1122 1187 1115
f 1165 1126 1194
f 1037 1142 1140
f 1001 1195 743
f 1063 1196 1075
f 1197 1151 1156
f 1192 1198 1193
f 838 883 1009
f 1163 1190 1132
f 964 1117 1061
f 1126 1143 1194
f 1006 1153 1121
f 1186 1134 1192
f 1152 1199 1153
f 1095 995 1200
f 1100 1101 1201
f 1088 1111 1202
f 1203 1145 1106
f 1096 1089 1146
f 1153 1199 1121
f 1154 1101 1139
f 1187 1136 1135
f 1001 1184 1195
f 1033 1069 1103
f 1073 1132 1190
f 1138 1130 1204
f 1183 1205 1046
f 1163 1128 1206
f 1018 1171 1127
f 1067 1072 1085
f 1207 1185 1208
f 1209 1194 1164
f 980 1049 1124
f 1156 1085 1102
f 1133 1182 1210
f 1157 1097 1010
f 990 944 1095
f 1130 1186 1204
f 1101 1154 1201
f 1091 1211 1116
f 1183 1120 1177
f 1202 1110 1212
f 1009 1213 1214
f 1155 1168 1192
f 1138 1204 1189
f 1199 1152 1215
f 1201 1216 1217
f 1187 1122 1191
f 1169 1167 1218
f 1165 1194 1219
f 1143 1164 1194
f 1048 1220 1188
f 1203 1106 1109
f 1158 1221 1222
f 1182 1189 1210
f 1167 1223 1218
f 1159 1150 1174
f 1201 1217 1224
f 1131 1172 1118
f 1063 1123 993
f 1188 1220 1225
f 1170 1188 1154
f 1140 1183 1046
f 1156 1102 1197
f 1226 1227 1147
f 1190 1163 1228
f 1199 1215 1121
f 1148 1084 1133
f 1088 1094 1111
f 1009 1214 1044
f 1171 1196 1114
f 1229 1141 1230
f 1158 1222 1215
f 1229 1109 1141
f 1171 1018 1231
f 1018 1232 1231
f 1166 1233 1234
f 1188 1216 1154
f 1184 1076 1235
f 1159 1174 1236
f 1237 1189 1204
f 1136 1187 1191
f 1164 1144 1160
f 1202 1173 1150
f 1151 1197 1223
f 1216 1188 1225
f 1206 1161 1175
f 1237 1204 1193
f 1169 1238 1168
f 1239 1210 1189
f 1171 1231 1196
f 1168 1238 1192
f 1159 1080 1079
f 1169 1218 1240
f 1230 1141 980
f 1100 1201 1224
f 1145 1241 1131
f 1184 1041 1123
f 1183 1177 1205
f 1189 1237 1239
f 1215 1152 1158
f 1242 1237 1193
f 1215 1243 1121
f 1196 1063 1114
f 1133 1210 1148
f 1159 1079 1150
f 1197 1244 1223
f 1084 1104 1133
f 1121 1243 1245
f 1134 1155 1192
f 1192 1246 1198
f 995 1247 1200
f 1110 1248 1212
f 1248 1249 1212
f 1128 1161 1206
f 1202 1150 1146
f 1091 1250 1211
f 1175 1172 1251
f 1167 1151 1223
f 1185 1162 1047
f 1205 1185 1046
f 1201 1154 1216
f 1124 1165 1179
f 1191 1252 1136
f 1062 1253 1012
f 1009 1254 1213
f 1209 1164 1160
f 1243 1255 1245
f 1210 1239 1256
f 1257 1239 1237
f 1257 1237 1242
f 1252 1157 1136
f 1235 1075 1258
f 1238 1169 1240
f 1205 1177 1176
f 1110 1259 1248
f 1206 1260 1261
f 1186 1129 1134
f 1194 1262 1219
f 1185 1263 1162
f 1259 1081 1264
f 1265 1149 1148
f 1266 1267 1254
f 1268 1217 1225
f 1097 1254 1009
f 1010 1043 1135
f 1109 1269 1203
f 1192 1238 1270
f 1243 1215 1222
f 1202 1146 1088
f 1145 1203 1241
f 1064 1271 1272
f 1176 1121 1245
f 1064 990 1271
f 1197 1102 1273
f 1209 1262 1194
f 1274 1275 1178
f 1260 1276 1261
f 1247 995 1178
f 1158 1190 1228
f 1224 1277 1250
f 1158 1228 1278
f 1165 1219 1179
f 1279 1280 1208
f 1269 1241 1203
f 1206 1261 1163
f 1239 1257 1256
f 1180 1062 1103
f 1158 1278 1221
f 1177 1120 1121
f 1202 1212 1173
f 1207 1263 1185
f 1209 1160 1281
f 1116 1233 1117
f 1222 1255 1243
f 1224 1217 1277
f 1252 1282 1283
f 1244 1197 1273
f 765 1178 995
f 1100 1224 1250
f 1269 1109 1229
f 1192 1270 1246
f 1241 1251 1172
f 1211 1233 1116
f 1240 1284 1238
f 1263 1180 1162
f 1281 1160 1285
f 1286 1287 1288
f 1252 1191 1282
f 1261 1289 1228
f 1240 1290 1284
f 1262 1209 1281
f 1202 1111 1110
f 1235 1258 1291
f 1091 1100 1250
f 1290 1292 1284
f 1184 1293 1195
f 1294 1242 1193
f 1295 1157 1283
f 1270 1284 1296
f 1261 1228 1163
f 1250 1297 1298
f 1206 1175 1260
f 1299 1257 1242
f 1217 1268 1277
f 1217 1216 1225
f 1257 1300 1256
f 1219 1262 1301
f 1018 1064 1232
f 1302 1229 1303
f 1255 1222 1287
f 1218 1304 1290
f 1212 1249 1173
f 1241 1269 1305
f 1306 1207 1208
f 1307 1308 1119
f 1157 1252 1283
f 1281 1301 1262
f 1250 1309 1211
f 1157 1295 1097
f 1178 1275 1310
f 1260 1175 1311
f 1222 1221 1287
f 1198 1294 1193
f 1245 1279 1176
f 1218 1244 1304
f 1312 1309 1313
f 1250 1277 1297
f 1180 1263 1314
f 1258 1075 1196
f 1315 1316 1317
f 1258 1318 1291
f 1232 1272 1319
f 1241 1172 1131
f 1159 1285 1160
f 1234 1282 1191
f 1293 1320 1321
f 1204 1186 1193
f 1234 1191 1166
f 1219 1322 1323
f 1225 1220 1324
f 1233 1166 1117
f 1238 1284 1270
f 1174 1173 1325
f 1326 1325 1173
f 1184 1327 1293
f 1240 1218 1290
f 1328 1302 1303
f 1214 1329 1044
f 1233 1312 1330
f 1295 1283 1331
f 1205 1176 1279
f 1207 1314 1263
f 1316 1332 1333
f 1305 1251 1241
f 1242 1294 1334
f 1259 1264 1335
f 1268 1297 1277
f 1001 1041 1184
f 1180 1103 1162
f 1301 1281 1336
f 1314 1181 1180
f 1299 1242 1337
f 1048 1188 1015
f 1286 1255 1287
f 1257 1299 1300
f 1230 980 1179
f 1244 1273 1304
f 1336 1281 1285
f 1338 1300 1299
f 1339 1258 1231
f 1279 1245 1286
f 1048 1015 745
f 1221 1340 1287
f 1286 1245 1255
f 1341 1342 1311
f 1147 1084 1148
f 1298 1297 1343
f 1344 1330 1345
f 1268 1225 1324
f 1232 1339 1231
f 1159 1236 1285
f 1235 1291 1346
f 1302 1305 1229
f 1179 1219 1323
f 1286 1288 1347
f 1336 1348 1301
f 1349 990 1119
f 990 1349 1271
f 1278 1340 1221
f 1218 1223 1244
f 1119 1308 1349
f 1148 1210 1256
f 1258 1196 1231
f 1350 1351 1081
f 1233 1211 1312
f 1276 1260 1311
f 1247 1178 1310
f 1324 1352 1268
f 1353 1354 1355
f 1346 1327 1184
f 1185 1279 1208
f 1354 1236 1355
f 1329 1356 929
f 1357 1358 1012
f 1358 1178 1012
f 1314 1317 1181
f 1305 1269 1229
f 1286 1280 1279
f 1339 1232 1319
f 1330 1234 1233
f 1306 1208 1359
f 1360 1230 1179
f 1232 1064 1272
f 1330 1312 1313
f 1251 1305 1361
f 1298 1343 1362
f 1248 1335 1363
f 1095 1200 1364
f 1198 1365 1294
f 1365 1366 1367
f 1368 1247 1369
f 1282 1344 1370
f 1371 1372 1296
f 1293 1321 1373
f 1314 1374 1317
f 1375 1376 1377
f 1185 1205 1279
f 1340 1288 1287
f 1303 1229 1230
f 1378 1357 1253
f 1276 1379 1289
f 1348 1336 1380
f 1302 1361 1305
f 1268 1352 1297
f 1338 1299 1337
f 1175 1341 1311
f 1346 1381 1327
f 1254 1267 1382
f 1383 1384 1385
f 1386 1324 1220
f 1303 1230 1360
f 1326 1355 1325
f 1285 1380 1336
f 1248 1363 1249
f 1298 1387 1309
f 1300 1265 1256
f 1388 1303 1360
f 1258 1339 1389
f 1330 1344 1234
f 1361 1341 1251
f 1390 1288 1383
f 1352 1324 1386
f 1110 774 1259
f 1280 1286 1347
f 1337 1391 1392
f 1250 1298 1309
f 1393 1292 1290
f 1337 1394 1391
f 1380 1395 1348
f 1295 1331 1266
f 1328 1303 1396
f 1307 1119 1095
f 1296 1246 1270
f 1235 1076 1075
f 1297 1352 1343
f 1350 776 1147
f 1097 1295 1254
f 1200 1247 1368
f 1386 1220 1397
f 1175 1251 1341
f 1292 1371 1296
f 1398 1399 1353
f 1296 1372 1246
f 1292 1296 1284
f 1228 1289 1278
f 1276 1400 1379
f 1298 1362 1387
f 1319 1389 1339
f 1314 1306 1374
f 1304 1273 1401
f 1208 1280 1402
f 1316 1181 1317
f 1236 1354 1285
f 1254 1382 1213
f 1380 1285 1403
f 1346 1184 1235
f 1404 1307 1095
f 1361 1302 1405
f 1404 1095 1364
f 1387 1313 1309
f 1406 1407 1408
f 1368 1364 1200
f 1347 1402 1280
f 1368 1369 1409
f 1342 1400 1311
f 1338 1337 1392
f 1358 1274 1178
f 1214 1213 1382
f 1330 1313 1410
f 1326 1173 1249
f 1359 1374 1306
f 1411 1358 1357
f 1393 1290 1401
f 1290 1304 1401
f 1395 1380 1412
f 1062 1316 1253
f 1337 1334 1394
f 1328 1405 1302
f 1327 1413 1293
f 1300 1338 1265
f 1314 1207 1306
f 1401 1414 1415
f 1341 1416 1417
f 1372 1365 1246
f 1352 1386 1343
f 1326 1249 1363
f 1208 1402 1418
f 1380 1403 1412
f 1347 1288 1419
f 1258 1389 1318
f 1386 1420 1343
f 1276 1311 1400
f 1371 1421 1422
f 1359 1208 1418
f 1395 1322 1348
f 1371 1393 1421
f 1338 1423 1265
f 1389 1319 1424
f 1346 1291 1425
f 1426 1283 1427
f 1341 1428 1416
f 1342 1341 1417
f 1248 1259 1335
f 1344 1282 1234
f 1319 1272 1429
f 1272 1430 1429
f 1271 1349 1430
f 1081 776 1350
f 1356 1431 1432
f 1349 1308 1433
f 1308 1307 1434
f 1307 1404 1435
f 1436 1396 1437
f 1425 1381 1346
f 1236 1325 1355
f 1242 1334 1337
f 1404 1364 1438
f 1247 1310 1369
f 1310 1275 1439
f 1364 1368 1440
f 1275 1274 1441
f 1442 1443 1394
f 1331 1426 1266
f 1374 1359 1444
f 1357 1012 1253
f 1358 1445 1446
f 1402 1347 1447
f 1411 1357 1448
f 1315 1317 1449
f 1389 1424 1318
f 1379 1450 1289
f 1044 1329 929
f 1062 1181 1316
f 1316 1333 1378
f 1357 1378 1451
f 1327 1381 1452
f 1363 1453 1326
f 1317 1374 1449
f 1450 1278 1289
f 1259 774 1081
f 1415 1393 1401
f 1423 1338 1392
f 1400 1342 1454
f 1426 1455 1266
f 1429 1424 1319
f 1303 1388 1396
f 1452 1413 1327
f 1397 1420 1386
f 1436 1456 1396
f 1426 1427 1407
f 1174 1325 1236
f 1457 1458 1367
f 1330 1410 1459
f 1372 1371 1422
f 1402 1460 1418
f 1418 1444 1359
f 1272 1271 1430
f 1322 1301 1348
f 1433 1430 1349
f 1390 1383 1385
f 1434 1433 1308
f 1362 1461 1387
f 1435 1434 1307
f 1419 1447 1347
f 1355 1326 1453
f 1438 1435 1404
f 1405 1328 1456
f 1291 1462 1425
f 1439 1369 1310
f 1463 1273 1102
f 1464 1439 1275
f 1289 1261 1276
f 1441 1464 1275
f 1409 1440 1368
f 1440 1438 1364
f 1465 1323 1466
f 744 1467 1468
f 1362 1469 1461
f 1446 1441 1274
f 1444 1449 1374
f 1370 1344 1345
f 1358 1446 1274
f 1411 1445 1358
f 1315 1332 1316
f 1417 1454 1342
f 1316 1378 1253
f 1309 1312 1211
f 1333 1451 1378
f 1451 1448 1357
f 1370 1283 1282
f 1370 1427 1283
f 1391 1443 1470
f 1412 1471 1466
f 1379 1400 1472
f 1450 1340 1278
f 1294 1442 1334
f 1214 1382 1329
f 1291 1318 1462
f 1403 1471 1412
f 1473 1388 1360
f 1402 1447 1460
f 1341 1361 1405
f 1371 1292 1393
f 1474 1363 1335
f 1356 1329 1431
f 1444 1418 1460
f 1355 1453 1475
f 1415 1421 1393
f 1449 1444 1460
f 1454 1472 1400
f 1424 1429 1462
f 1381 1476 1452
f 1429 1477 1462
f 1478 1479 1315
f 1353 1355 1475
f 1480 1477 1429
f 1412 1322 1395
f 1473 1481 1482
f 1430 1433 1483
f 1332 1479 1484
f 1048 1468 1485
f 1433 1486 1483
f 1341 1405 1428
f 1391 1394 1443
f 1409 1369 1487
f 1439 1464 1488
f 1369 1489 1487
f 1446 1445 1490
f 1464 1441 1488
f 1445 1411 1490
f 1440 1491 1438
f 1441 1492 1488
f 1333 1332 1484
f 1435 1438 1493
f 1479 1332 1315
f 1427 1370 1345
f 1424 1462 1318
f 1447 1419 1390
f 1411 1494 1490
f 1451 1333 1484
f 1469 1420 1397
f 1411 1495 1494
f 1478 1315 1390
f 1383 1450 1496
f 1388 1437 1396
f 1390 1419 1288
f 1390 1385 1478
f 1413 1497 1320
f 1498 1453 1363
f 1430 1480 1429
f 1322 1466 1323
f 1460 1447 1390
f 1433 1434 1486
f 1369 1439 1489
f 1487 1489 1499
f 1198 1246 1365
f 1440 1500 1491
f 1379 1496 1450
f 1441 1501 1492
f 1448 1502 1495
f 1438 1491 1493
f 1442 1458 1443
f 1264 1081 1503
f 1473 1360 1481
f 1340 1450 1383
f 1399 1354 1353
f 1315 1449 1460
f 1454 1504 1505
f 1362 1420 1469
f 1412 1466 1322
f 1322 1219 1301
f 1422 1506 1507
f 1453 1498 1475
f 1408 1345 1459
f 1293 1413 1320
f 1381 1425 1476
f 1508 1509 1414
f 1510 1474 1264
f 1422 1511 1506
f 1456 1328 1396
f 1469 1397 1376
f 1399 1403 1354
f 1425 1512 1476
f 1454 1416 1504
f 1345 1408 1427
f 1365 1442 1294
f 1448 1451 1502
f 1422 1507 1372
f 1421 1509 1511
f 1430 1483 1480
f 1472 1454 1505
f 1387 1461 1513
f 1426 1331 1283
f 1446 1490 1501
f 1439 1514 1489
f 1403 1285 1354
f 1493 1515 1486
f 1440 1487 1500
f 1437 1388 1473
f 1265 1148 1256
f 1516 1470 1443
f 1477 1512 1462
f 1387 1513 1313
f 1481 1360 1179
f 1315 1460 1390
f 1428 1517 1416
f 1421 1415 1509
f 1479 1518 1484
f 744 1373 1467
f 1413 1452 1497
f 1484 1518 1502
f 1474 1510 1519
f 1451 1484 1502
f 1323 1481 1179
f 1365 1367 1442
f 1411 1448 1495
f 1490 1494 1501
f 1379 1472 1496
f 1492 1514 1488
f 1376 1397 1485
f 1492 1501 1520
f 1391 1470 1392
f 1441 1446 1501
f 1329 1382 1431
f 1439 1488 1514
f 1500 1487 1499
f 1440 1409 1487
f 1442 1394 1334
f 1507 1521 1365
f 1426 1407 1455
f 1376 1522 1523
f 1524 1525 1498
f 1330 1459 1345
f 1436 1428 1456
f 1425 1462 1512
f 1398 1353 1526
f 1048 744 1468
f 1513 1461 1523
f 1408 1459 1527
f 1461 1469 1523
f 1288 1340 1383
f 1512 1477 1528
f 1295 1266 1254
f 1507 1365 1372
f 1437 1529 1436
f 1422 1421 1511
f 1512 1528 1476
f 1407 1427 1408
f 1365 1521 1366
f 1476 1528 1530
f 1384 1383 1496
f 1518 1479 1531
f 775 624 747
f 1502 1518 1532
f 1480 1483 1533
f 1227 1350 1147
f 1495 1502 1532
f 1534 1398 1526
f 1469 1376 1523
f 1535 1536 1537
f 1505 1538 1496
f 1494 1495 1539
f 1454 1417 1416
f 1483 1486 1540
f 1399 1471 1403
f 1494 1539 1501
f 1507 1541 1521
f 1501 1542 1520
f 1514 1543 1489
f 1493 1434 1435
f 1273 1414 1401
f 1493 1491 1544
f 1545 1499 1543
f 1513 1523 1546
f 1479 1478 1531
f 1470 1547 1392
f 1498 1525 1475
f 1367 1548 1549
f 1443 1458 1516
f 1550 1528 1477
f 1476 1551 1497
f 1552 1471 1399
f 1540 1533 1483
f 1474 1335 1264
f 1474 1498 1363
f 1517 1504 1416
f 1539 1542 1501
f 1553 1540 1486
f 1514 1520 1554
f 1514 1554 1543
f 1544 1515 1493
f 1543 1499 1489
f 1455 1406 1555
f 1545 1500 1499
f 1437 1556 1529
f 1457 1367 1557
f 1455 1407 1406
f 1428 1529 1558
f 1476 1530 1551
f 1323 1465 1481
f 1556 1559 1529
f 1468 1560 1485
f 1524 1498 1474
f 1472 1505 1496
f 1458 1442 1367
f 1561 1562 1482
f 1507 1506 1541
f 1563 1496 1564
f 1362 1343 1420
f 1392 1565 1423
f 1463 1508 1414
f 1504 1566 1505
f 1567 1552 1398
f 1353 1475 1526
f 1552 1399 1398
f 1452 1476 1497
f 1410 1568 1459
f 1510 1264 1503
f 1529 1569 1558
f 1455 1570 1266
f 1533 1571 1550
f 1478 1572 1531
f 1458 1457 1516
f 1468 1467 1573
f 1470 1516 1547
f 1406 1408 1527
f 1313 1574 1410
f 1511 1575 1506
f 1493 1486 1434
f 1517 1576 1577
f 1544 1491 1500
f 1513 1574 1313
f 1562 1473 1482
f 1505 1566 1538
f 1385 1384 1563
f 1513 1578 1574
f 1504 1517 1579
f 1533 1477 1480
f 1367 1366 1548
f 1511 1509 1575
f 1570 1455 1555
f 1481 1580 1482
f 1405 1456 1428
f 1533 1540 1571
f 1195 744 743
f 1535 1465 1466
f 1525 1526 1475
f 1566 1504 1579
f 1581 1582 1539
f 1457 1583 1516
f 1398 1534 1567
f 1584 1542 1539
f 1506 1585 1541
f 1582 1584 1539
f 1520 1542 1554
f 1544 1545 1515
f 1513 1546 1578
f 1521 1541 1366
f 1478 1385 1572
f 1367 1586 1557
f 1579 1517 1577
f 1510 1587 1519
f 1588 1267 1570
f 1527 1568 1589
f 1496 1590 1564
f 1591 1592 1547
f 1563 1384 1496
f 1593 1375 1377
f 1527 1459 1568
f 1574 1594 1410
f 1586 1367 1549
f 1320 1595 1321
f 1596 1597 1465
f 1538 1566 1598
f 1437 1562 1556
f 1599 1547 1592
f 1474 1519 1600
f 1579 1598 1566
f 1524 1474 1600
f 1601 1350 1227
f 1533 1550 1477
f 1517 1558 1576
f 1428 1436 1529
f 1602 1457 1603
f 1267 1266 1570
f 1541 1604 1366
f 1385 1563 1572
f 1437 1473 1562
f 1531 1605 1518
f 1552 1466 1471
f 1528 1550 1530
f 1574 1578 1594
f 1149 1606 1226
f 1485 1220 1048
f 1506 1607 1585
f 1534 1526 1608
f 1524 1608 1526
f 1496 1609 1610
f 1611 1559 1556
f 1457 1557 1603
f 1509 1612 1575
f 1497 1551 1613
f 1356 1102 929
f 1598 1609 1538
f 1392 1547 1565
f 1531 1614 1605
f 1535 1596 1465
f 1195 1373 744
f 1540 1553 1571
f 1397 1220 1485
f 1529 1611 1615
f 1534 1616 1617
f 1557 1586 1603
f 1558 1618 1576
f 1532 1518 1605
f 1619 1587 1503
f 1523 1522 1546
f 1515 1553 1486
f 1584 1554 1542
f 1514 1492 1520
f 1545 1620 1515
f 1621 1584 1622
f 1376 1375 1623
f 1541 1585 1604
f 1624 1561 1625
f 1572 1563 1564
f 1551 1530 1626
f 1598 1579 1627
f 1516 1583 1591
f 1547 1599 1565
f 1626 1613 1551
f 1611 1556 1561
f 1536 1535 1466
f 1267 1431 1382
f 1406 1628 1555
f 1320 1497 1613
f 1351 1503 1081
f 1604 1585 1607
f 1506 1575 1607
f 1609 1598 1627
f 1602 1583 1457
f 1529 1615 1569
f 1577 1627 1579
f 1629 1373 1321
f 1530 1550 1630
f 1227 1226 1631
f 1567 1632 1536
f 1614 1633 1605
f 1632 1537 1536
f 1550 1571 1630
f 1591 1602 1634
f 1635 1626 1530
f 1636 1637 1463
f 1555 1628 1638
f 1510 1503 1587
f 1564 1639 1572
f 1406 1640 1628
f 1571 1553 1641
f 1642 1564 1590
f 1366 1604 1548
f 1195 1293 1373
f 1630 1635 1530
f 1496 1538 1609
f 1517 1428 1558
f 1589 1640 1527
f 1531 1572 1614
f 1613 1626 1643
f 1602 1603 1644
f 1373 1645 1646
f 1525 1524 1526
f 1481 1597 1580
f 1613 1643 1595
f 1612 1647 1607
f 1627 1648 1609
f 1602 1649 1634
f 1482 1650 1651
f 1624 1615 1611
f 1607 1652 1604
f 1591 1547 1516
f 1522 1653 1546
f 1619 1654 1655
f 1546 1656 1578
f 1571 1641 1630
f 1605 1633 1657
f 1529 1559 1611
f 1575 1612 1607
f 1606 1658 1226
f 1624 1611 1561
f 1580 1659 1650
f 1481 1465 1597
f 1535 1660 1596
f 1661 1641 1620
f 1572 1639 1614
f 1662 1603 1586
f 1653 1522 1623
f 1589 1663 1664
f 1569 1618 1558
f 1621 1622 1665
f 1545 1544 1500
f 1570 1555 1638
f 1548 1604 1652
f 1627 1577 1666
f 1565 1265 1423
f 1556 1562 1561
f 1626 1635 1667
f 1581 1539 1532
f 1668 1669 1657
f 1609 1648 1610
f 1639 1564 1642
f 1647 1612 1670
f 1667 1643 1626
f 1567 1534 1632
f 1468 1671 1560
f 1587 1672 1673
f 1587 1619 1674
f 1675 1569 1615
f 1675 1615 1624
f 1320 1613 1595
f 1519 1673 1600
f 1614 1668 1633
f 1568 1410 1594
f 1577 1676 1666
f 1634 1592 1591
f 1677 1568 1594
f 1678 1679 1680
f 1467 1373 1646
f 1642 1590 1681
f 1648 1627 1666
f 1678 1682 1679
f 1656 1683 1578
f 1675 1618 1569
f 1635 1630 1684
f 1522 1376 1623
f 1351 1619 1503
f 1656 1653 1685
f 1644 1603 1662
f 1589 1664 1686
f 1578 1677 1594
f 1687 1688 1689
f 1414 1273 1463
f 1684 1667 1635
f 1653 1656 1546
f 1591 1583 1602
f 1647 1670 1679
f 1614 1639 1668
f 1524 1690 1608
f 1584 1691 1622
f 1662 1692 1693
f 1552 1536 1466
f 1576 1618 1694
f 1624 1625 1675
f 1695 1590 1610
f 1660 1687 1659
f 1600 1690 1524
f 1696 1595 1643
f 1638 1697 1570
f 1677 1698 1568
f 1630 1699 1684
f 1674 1700 1672
f 1560 1671 1701
f 1676 1576 1694
f 1643 1667 1702
f 1703 1704 1656
f 1662 1586 1692
f 1705 1535 1537
f 1632 1534 1617
f 1597 1596 1659
f 1697 1588 1570
f 1577 1576 1676
f 1545 1543 1706
f 1592 1634 1707
f 1548 1652 1682
f 1702 1696 1643
f 1704 1683 1656
f 1485 1560 1377
f 1639 1642 1668
f 1667 1684 1702
f 1496 1610 1590
f 1652 1647 1679
f 1708 1709 1482
f 1640 1406 1527
f 1710 1711 1676
f 1602 1644 1649
f 1596 1660 1659
f 1698 1663 1568
f 1581 1532 1605
f 1592 1707 1599
f 1676 1694 1712
f 1653 1623 1685
f 1543 1554 1621
f 1509 1508 1612
f 1519 1587 1673
f 1508 1713 1670
f 1657 1581 1605
f 1693 1644 1662
f 1634 1649 1707
f 1714 1713 1508
f 1687 1689 1715
f 1711 1666 1676
f 1673 1716 1690
f 1707 1717 1718
f 1699 1719 1684
f 1719 1702 1684
f 1720 1537 1721
f 1722 1695 1610
f 1376 1485 1377
f 1642 1681 1668
f 1674 1619 1655
f 1552 1567 1536
f 1721 1537 1723
f 1703 1656 1685
f 1539 1495 1532
f 1696 1724 1595
f 1720 1705 1537
f 1595 1725 1321
f 1482 1651 1726
f 1373 1629 1645
f 1664 1727 1686
f 1630 1641 1699
f 1652 1607 1647
f 1651 1715 1728
f 1654 1619 1351
f 1534 1608 1616
f 1628 1729 1638
f 1730 1731 1732
f 1648 1666 1711
f 1580 1597 1659
f 1641 1661 1699
f 1733 1671 1573
f 1694 1625 1734
f 1644 1735 1649
f 1633 1668 1657
f 1735 1693 1736
f 1650 1482 1580
f 1663 1589 1568
f 1682 1737 1548
f 1549 1738 1739
f 1740 1706 1543
f 1640 1589 1686
f 1431 1741 1432
f 1720 1721 1688
f 1655 1654 1742
f 1582 1691 1584
f 1696 1743 1724
f 1692 1549 1739
f 1588 1431 1267
f 1707 1718 1599
f 1702 1719 1743
f 1508 1670 1612
f 1723 1632 1617
f 1600 1673 1690
f 1654 1351 1350
f 1690 1616 1608
f 1623 1744 1685
f 1683 1698 1677
f 1663 1698 1745
f 1746 1645 1629
f 1737 1682 1678
f 1729 1628 1747
f 1618 1675 1694
f 1705 1660 1535
f 1748 1749 1622
f 1683 1677 1578
f 1719 1699 1750
f 1709 1625 1561
f 1625 1694 1675
f 1710 1676 1712
f 1751 1752 1625
f 1682 1652 1679
f 1686 1727 1747
f 1587 1674 1672
f 1621 1554 1584
f 1467 1753 1573
f 1700 1674 1655
f 1599 1606 1565
f 1730 1732 1754
f 1595 1724 1725
f 1573 1671 1468
f 1710 1722 1711
f 1716 1673 1672
f 1651 1728 1755
f 1737 1549 1548
f 1616 1756 1617
f 1641 1553 1620
f 1686 1628 1640
f 1757 1601 1758
f 1670 1680 1679
f 1735 1736 1759
f 1593 1377 1760
f 1737 1738 1549
f 1719 1750 1743
f 1761 1668 1681
f 1645 1762 1763
f 1588 1754 1431
f 1735 1644 1693
f 1620 1545 1706
f 1751 1709 1708
f 1756 1764 1765
f 1628 1686 1747
f 1651 1755 1766
f 1377 1767 1760
f 1375 1768 1623
f 1750 1699 1769
f 1737 1770 1771
f 1703 1772 1704
f 1601 1227 1758
f 1467 1646 1753
f 1729 1773 1638
f 1754 1774 1431
f 1703 1744 1775
f 1699 1661 1769
f 1590 1776 1681
f 1593 1760 1777
f 1687 1705 1688
f 1683 1778 1698
f 1645 1746 1762
f 1668 1761 1669
f 1659 1687 1715
f 1696 1702 1743
f 1705 1720 1688
f 1581 1657 1748
f 1779 1780 1752
f 1781 1733 1573
f 1768 1744 1623
f 1772 1782 1778
f 1697 1638 1773
f 1778 1783 1745
f 1704 1772 1778
f 1784 1785 1786
f 1646 1763 1753
f 1787 1788 1789
f 1663 1745 1664
f 1722 1610 1711
f 1773 1729 1790
f 1747 1791 1790
f 1776 1761 1681
f 1709 1561 1482
f 1773 1790 1792
f 1750 1793 1743
f 1680 1670 1713
f 1738 1737 1771
f 1771 1770 1794
f 1321 1789 1629
f 1795 1735 1759
f 1796 1694 1734
f 1655 1742 1797
f 1694 1798 1712
f 1321 1725 1789
f 1730 1754 1588
f 1565 1149 1265
f 1665 1740 1621
f 1799 1800 1801
f 1750 1769 1793
f 1772 1703 1775
f 1735 1717 1649
f 1657 1802 1748
f 1751 1779 1752
f 1625 1803 1734
f 1669 1761 1804
f 1377 1560 1701
f 1683 1704 1778
f 1722 1710 1695
f 1671 1733 1701
f 1778 1805 1783
f 1672 1806 1716
f 1565 1606 1149
f 1751 1708 1779
f 1625 1807 1803
f 1808 1809 1689
f 1778 1745 1698
f 1770 1678 1680
f 1665 1622 1810
f 1787 1789 1725
f 1669 1802 1657
f 1690 1716 1616
f 1773 1792 1730
f 1646 1645 1763
f 1735 1795 1811
f 1377 1701 1767
f 1761 1812 1804
f 1813 1710 1712
f 1774 1741 1431
f 1726 1651 1766
f 1798 1694 1796
f 1794 1770 1814
f 1375 1593 1815
f 1789 1746 1629
f 1816 1807 1817
f 1745 1783 1664
f 1432 1463 1102
f 1709 1751 1625
f 1818 1819 1820
f 1810 1622 1749
f 1757 1742 1601
f 1759 1821 1822
f 1823 1733 1824
f 1793 1825 1743
f 1227 1631 1826
f 1737 1678 1770
f 1692 1736 1693
f 1729 1747 1790
f 1759 1736 1821
f 1735 1811 1717
f 1771 1827 1738
f 1828 1620 1706
f 1632 1723 1537
f 1756 1723 1617
f 1700 1829 1672
f 1716 1806 1616
f 1827 1830 1739
f 1782 1831 1832
f 1782 1832 1778
f 1616 1764 1756
f 1738 1827 1739
f 1746 1789 1788
f 1831 1833 1832
f 1710 1813 1695
f 1610 1648 1711
f 1815 1593 1777
f 1703 1685 1744
f 1813 1712 1798
f 1689 1688 1721
f 1781 1753 1834
f 1708 1835 1779
f 1770 1680 1814
f 1692 1821 1736
f 1717 1707 1649
f 1836 1831 1837
f 1758 1227 1826
f 1669 1804 1802
f 1740 1543 1621
f 1701 1838 1767
f 1746 1788 1839
f 1753 1781 1573
f 1761 1776 1812
f 1769 1840 1793
f 1650 1659 1715
f 1841 1776 1590
f 1588 1697 1773
f 1825 1840 1842
f 1815 1843 1768
f 1708 1726 1835
f 1781 1834 1844
f 1375 1815 1768
f 1767 1838 1845
f 1846 1811 1795
f 1637 1508 1463
f 1792 1791 1847
f 1740 1848 1706
f 1849 1728 1715
f 1744 1837 1775
f 1727 1783 1850
f 1730 1588 1773
f 1759 1846 1795
f 1840 1851 1842
f 1821 1692 1739
f 1620 1553 1515
f 1732 1774 1754
f 1742 1654 1601
f 1848 1828 1706
f 1700 1655 1829
f 1852 1771 1794
f 1708 1482 1726
f 1815 1777 1853
f 1749 1748 1802
f 1854 1661 1620
f 1855 1636 1432
f 1763 1834 1753
f 1856 1840 1769
f 1857 1672 1829
f 1827 1771 1852
f 1760 1858 1777
f 1794 1814 1859
f 1798 1860 1813
f 1856 1769 1661
f 1813 1861 1695
f 1862 1833 1863
f 1651 1650 1715
f 1781 1844 1824
f 1829 1655 1797
f 1839 1762 1746
f 1601 1654 1350
f 1805 1832 1833
f 1821 1864 1822
f 1865 1864 1739
f 1866 1867 1774
f 1680 1713 1814
f 1849 1715 1809
f 1732 1731 1868
f 1781 1824 1733
f 1869 1718 1717
f 1861 1841 1695
f 1870 1857 1829
f 1822 1871 1872
f 1815 1853 1843
f 1726 1766 1835
f 1724 1825 1873
f 1837 1831 1775
f 1701 1823 1838
f 1850 1783 1805
f 1854 1874 1875
f 1766 1876 1835
f 1755 1728 1876
f 1798 1796 1860
f 1877 1878 1879
f 1763 1762 1880
f 1782 1772 1775
f 1792 1847 1881
f 1882 1721 1723
f 1732 1868 1774
f 1734 1819 1796
f 1766 1755 1876
f 1724 1873 1725
f 1804 1812 1883
f 1689 1721 1882
f 1838 1823 1824
f 1880 1834 1763
f 1748 1691 1582
f 1760 1767 1858
f 1727 1664 1783
f 1806 1764 1616
f 1728 1849 1876
f 1731 1877 1868
f 1813 1860 1861
f 1884 1689 1885
f 1799 1801 1886
f 1733 1823 1701
f 1759 1872 1846
f 1759 1822 1872
f 1887 1756 1765
f 1797 1888 1870
f 1689 1809 1715
f 1841 1812 1776
f 1825 1724 1743
f 1889 1890 1816
f 1858 1767 1845
f 1637 1891 1892
f 1856 1851 1840
f 1893 1894 1779
f 1740 1665 1895
f 1762 1839 1896
f 1730 1792 1881
f 1819 1734 1897
f 1805 1898 1850
f 1846 1872 1899
f 1414 1509 1415
f 1782 1775 1831
f 1748 1582 1581
f 1900 1820 1816
f 1838 1901 1845
f 1896 1880 1762
f 1599 1718 1606
f 1809 1902 1903
f 1687 1660 1705
f 1794 1904 1852
f 1819 1818 1796
f 1787 1725 1873
f 1867 1741 1774
f 1812 1841 1905
f 1835 1906 1907
f 1908 1847 1791
f 1805 1778 1832
f 1747 1727 1791
f 1803 1807 1816
f 1796 1818 1860
f 1909 1844 1910
f 1911 1912 1835
f 1808 1689 1884
f 1432 1867 1913
f 1862 1898 1805
f 1768 1914 1915
f 1825 1916 1873
f 1857 1917 1806
f 1822 1864 1871
f 1845 1918 1858
f 1226 1658 1631
f 1872 1871 1899
f 1919 1911 1920
f 1843 1921 1914
f 1870 1829 1797
f 1911 1919 1912
f 1920 1911 1903
f 1839 1788 1922
f 1923 1919 1920
f 1849 1903 1876
f 1875 1856 1661
f 1911 1876 1903
f 1924 1925 1920
f 1757 1758 1826
f 1876 1911 1835
f 1857 1806 1672
f 1780 1894 1926
f 1777 1918 1927
f 1896 1922 1928
f 1692 1586 1549
f 1841 1929 1905
f 1924 1920 1903
f 1912 1906 1835
f 1924 1930 1931
f 1923 1920 1932
f 1828 1848 1933
f 1912 1919 1934
f 1764 1917 1935
f 1833 1831 1863
f 1768 1843 1914
f 1904 1936 1852
f 1714 1937 1814
f 1833 1862 1805
f 1938 1939 1940
f 1941 1807 1752
f 1896 1839 1922
f 1825 1793 1840
f 1942 1847 1908
f 1923 1943 1919
f 1944 1932 1920
f 1943 1934 1919
f 1944 1920 1925
f 1827 1852 1830
f 1861 1945 1929
f 1898 1908 1791
f 1695 1841 1590
f 1863 1831 1836
f 1946 1912 1934
f 1921 1947 1914
f 1895 1665 1810
f 1865 1739 1948
f 1903 1849 1809
f 1901 1838 1824
f 1788 1787 1949
f 1946 1906 1912
f 1871 1864 1950
f 1902 1809 1808
f 1820 1900 1951
f 1925 1924 1952
f 1636 1891 1637
f 1902 1924 1903
f 1887 1882 1756
f 1899 1871 1953
f 1954 1866 1868
f 1877 1731 1881
f 1934 1943 1955
f 1877 1881 1878
f 1825 1842 1956
f 1943 1923 1957
f 1851 1856 1958
f 1946 1959 1960
f 1902 1930 1924
f 1949 1922 1788
f 1857 1870 1917
f 1924 1931 1952
f 1843 1853 1921
f 1882 1885 1689
f 1356 1432 1102
f 1818 1961 1860
f 1752 1807 1625
f 1923 1932 1962
f 1742 1963 1797
f 1846 1869 1811
f 1861 1961 1945
f 1964 1946 1960
f 1925 1965 1944
f 1966 1967 1933
f 1935 1917 1968
f 1744 1768 1915
f 1959 1955 1969
f 1631 1799 1826
f 1958 1842 1851
f 1932 1944 1970
f 1896 1971 1910
f 1897 1816 1820
f 1955 1943 1972
f 1847 1973 1881
f 1909 1974 1975
f 1946 1955 1959
f 1844 1834 1910
f 1850 1898 1791
f 1787 1976 1949
f 1777 1858 1918
f 1962 1957 1923
f 1757 1977 1978
f 1744 1915 1837
f 1854 1875 1661
f 1979 1980 1981
f 1880 1896 1910
f 1901 1982 1983
f 1960 1984 1964
f 1907 1779 1835
f 1970 1962 1932
f 1731 1730 1881
f 1985 1986 1987
f 1988 1989 1865
f 1846 1899 1869
f 1845 1901 1983
f 1734 1803 1897
f 1941 1752 1780
f 1871 1950 1953
f 1834 1880 1910
f 1853 1777 1927
f 1952 1990 1965
f 1863 1836 1991
f 1854 1992 1874
f 1938 1859 1937
f 1877 1879 1993
f 1882 1723 1756
f 1739 1830 1948
f 1964 1907 1906
f 1965 1970 1944
f 1884 1885 1981
f 1994 1982 1824
f 1856 1995 1958
f 1868 1877 1993
f 1749 1996 1997
f 1936 1904 1940
f 1925 1952 1965
f 1918 1845 1998
f 1828 1854 1620
f 1982 1901 1824
f 1984 1907 1964
f 1930 1999 1931
f 1800 1799 1631
f 1952 1931 2000
f 1852 1936 1830
f 2001 2002 2003
f 1864 1821 1739
f 1870 1888 1968
f 1867 2004 1913
f 1907 1986 1893
f 1742 1978 1963
f 1961 1820 1951
f 1946 1934 1955
f 2005 2000 1931
f 1960 2006 1984
f 1787 1873 1976
f 1943 1957 1972
f 1980 1930 1902
f 1896 1928 1971
f 1927 1918 2007
f 1862 1863 1991
f 1957 2008 1972
f 1941 1780 1926
f 1983 1998 1845
f 1953 2009 1899
f 1883 1802 1804
f 1922 1949 2010
f 1870 1968 1917
f 1984 1987 1907
f 1957 1962 2008
f 2011 1895 1810
f 1987 1984 2006
f 2001 2003 1883
f 1946 1964 1906
f 1861 1860 1961
f 1960 2012 2006
f 1959 1969 2013
f 2014 1909 1910
f 1998 2007 1918
f 1881 1973 1878
f 1727 1850 1791
f 1909 1994 1844
f 1980 2015 1999
f 1828 1933 2016
f 1970 1965 2017
f 1792 1790 1791
f 1941 1817 1807
f 2010 1928 1922
f 1909 1975 1994
f 2018 1942 2019
f 2018 1973 1942
f 1915 1947 2020
f 1982 1994 2021
f 1985 1987 2022
f 1986 1907 1987
f 2023 2024 2003
f 1927 1921 1853
f 1987 2025 2022
f 1894 1780 1779
f 1819 1897 1820
f 2024 1996 1802
f 1999 2015 2026
f 1962 2027 2008
f 2005 1931 1999
f 1740 1895 1848
f 1764 1935 1765
f 1982 2028 1983
f 1873 1916 1976
f 1949 2029 2010
f 1816 1817 1889
f 1910 2030 2014
f 1991 2031 2032
f 2033 1765 2034
f 1978 2035 2036
f 2011 1810 2037
f 1945 1961 1951
f 2014 1974 1909
f 1954 1868 1993
f 1947 1921 2038
f 1950 2039 1953
f 2040 2017 1965
f 1902 1808 1884
f 1990 2040 1965
f 1883 2003 1802
f 1994 1824 1844
f 2009 2041 1869
f 1989 2042 1950
f 1874 2043 2044
f 1842 1995 2045
f 2007 2046 2038
f 1869 1717 1811
f 1817 1941 1926
f 1862 2047 1908
f 1975 2021 1994
f 1940 2048 1936
f 1915 1914 1947
f 1936 2048 1830
f 1971 2049 2050
f 1904 1794 1859
f 2005 1999 2051
f 2052 2037 1810
f 1971 1928 2049
f 1952 2000 1990
f 1862 1908 1898
f 1998 1983 2053
f 2021 2028 1982
f 1930 1980 1999
f 1985 2054 2055
f 2041 2056 2057
f 2012 2058 2006
f 1842 2059 1956
f 1865 1989 1864
f 1841 1861 1929
f 1867 1866 2004
f 1980 1902 1981
f 1955 1972 1969
f 1951 1929 1945
f 1825 1956 1916
f 2000 2060 2061
f 2007 1998 2053
f 2052 1749 1997
f 1907 1893 1779
f 2053 2062 2063
f 2038 2064 1947
f 2029 2065 2010
f 1972 2066 1969
f 1990 2000 2061
f 1999 2026 2051
f 1899 2009 1869
f 1985 1893 1986
f 1963 1888 1797
f 1828 2016 1854
f 1979 1981 2067
f 1226 1147 1149
f 1900 1816 1890
f 2031 1836 1837
f 2055 2068 2069
f 2033 2070 1887
f 1967 2071 2043
f 1892 1714 1508
f 1902 1884 1981
f 1927 2038 1921
f 1962 2017 2027
f 2064 2020 1947
f 2004 1954 2072
f 2062 2053 1983
f 1889 2073 2074
f 1960 1959 2012
f 2039 1950 2042
f 2013 2012 1959
f 1985 2022 2054
f 2024 1802 2003
f 2058 2025 2006
f 1910 1971 2030
f 2017 2075 2027
f 2076 2077 1862
f 2010 2049 1928
f 2070 1882 1887
f 1905 1900 2078
f 1974 2014 2079
f 1987 2006 2025
f 1980 1979 2015
f 2000 2005 2060
f 1942 1908 2047
f 2080 2046 2081
f 1972 2008 2066
f 1985 2055 1893
f 1916 2082 1976
f 2007 2083 2046
f 2016 1967 1992
f 1432 1741 1867
f 1962 1970 2017
f 2009 1953 2084
f 2040 1990 2085
f 2086 2036 2087
f 1866 1774 1868
f 1900 1890 2078
f 1939 1938 2088
f 2089 1991 2032
f 2090 1915 2020
f 2021 2091 2092
f 1933 1967 2016
f 1636 1463 1432
f 1897 1803 1816
f 2093 2031 1837
f 1992 1967 2043
f 2064 2038 2080
f 2028 2021 2092
f 1989 1950 1864
f 2030 1971 2050
f 2010 2065 2049
f 1742 1757 1978
f 1977 1799 1886
f 1961 1818 1820
f 2094 1935 1968
f 1916 1956 2082
f 2030 2079 2014
f 1938 1940 1904
f 2055 2095 2068
f 2040 2075 2017
f 2052 1810 1749
f 1938 1904 1859
f 2015 2096 2026
f 1892 2097 1714
f 1878 1973 2018
f 2055 2069 1893
f 1905 1929 1900
f 2090 1837 1915
f 2093 1837 2098
f 2034 2099 2100
f 2020 2064 2101
f 2004 1866 1954
f 2067 2102 1979
f 2103 2019 2104
f 1963 1978 2036
f 1993 2072 1954
f 2041 2057 1718
f 2070 1885 1882
f 2061 2085 1990
f 1889 1817 1926
f 2105 1894 1893
f 1842 2045 2059
f 2058 2106 2107
f 2025 2058 2107
f 2026 2108 2051
f 1890 2109 2078
f 2058 2012 2106
f 2025 2110 2022
f 1713 1714 1814
f 2011 2037 2111
f 2005 2051 2060
f 2012 2013 2112
f 2036 2035 2087
f 1917 1764 1806
f 2113 2015 1979
f 1748 1622 1691
f 2054 2110 2114
f 1953 2115 2084
f 2053 2063 2083
f 2090 2020 2116
f 2080 2101 2064
f 1894 2117 1926
f 1996 1749 1802
f 2016 1992 1854
f 2039 2042 2115
f 2001 1905 2078
f 2067 2118 2119
f 2120 2082 1956
f 2095 2121 2068
f 2069 2122 2123
f 2033 1887 1765
f 2073 1889 1926
f 2123 2122 2124
f 2046 2083 2081
f 2015 2113 2096
f 2051 2125 2060
f 2098 2090 2116
f 1837 2090 2098
f 1800 1631 2126
f 2049 2127 2050
f 1874 1992 2043
f 2107 2110 2025
f 1973 1847 1942
f 2101 2116 2020
f 2001 1883 1812
f 2110 2054 2022
f 1976 2128 2129
f 2001 1812 1905
f 2127 2065 2029
f 1888 1963 2036
f 1989 2130 2042
f 1879 2131 2072
f 2095 2054 2114
f 2091 1975 1974
f 2108 2125 2051
f 2132 2048 1940
f 2047 2104 2019
f 1991 1836 2031
f 2009 2084 2041
f 1939 2132 1940
f 1942 2047 2019
f 1969 2112 2013
f 2048 1948 1830
f 1890 1889 2074
f 2026 2096 2108
f 1929 1951 1900
f 2080 2038 2046
f 2089 2032 2133
f 2103 2104 2134
f 2135 2136 1913
f 2094 1968 1888
f 2040 2137 2075
f 1842 1958 1995
f 1891 2138 1892
f 1969 2066 2112
f 2055 2054 2095
f 1939 2088 2139
f 1995 1874 2044
f 2031 2093 2032
f 2069 2140 2105
f 2141 1966 1933
f 2076 1862 1991
f 2116 2142 2098
f 2049 2065 2127
f 2143 2115 2042
f 2138 2097 1892
f 2144 2113 2102
f 2113 2145 2096
f 1976 2082 2128
f 2096 2146 2108
f 2085 2061 2147
f 2069 2068 2122
f 1976 2029 1949
f 2093 2148 2149
f 2150 2151 2152
f 2135 2153 2136
f 1976 2129 2154
f 1967 1966 2155
f 2007 2053 2083
f 1953 2039 2115
f 2027 2156 2008
f 1631 1658 2157
f 2061 2060 2147
f 2021 1975 2091
f 2127 2029 2158
f 2029 2154 2158
f 2159 2160 2161
f 2121 2122 2068
f 2113 1979 2102
f 2162 2149 2148
f 1508 1637 1892
f 2163 1995 2164
f 2163 2045 1995
f 2042 2130 2143
f 2142 2116 2165
f 2040 2085 2137
f 1636 2166 2167
f 2093 2149 2032
f 1714 2168 1937
f 2028 2092 2062
f 2145 2146 2096
f 1991 2089 2076
f 2047 1862 2077
f 2060 2125 2169
f 1976 2154 2029
f 2086 1888 2036
f 2047 2170 2104
f 2171 2172 2173
f 2174 2035 1978
f 1927 2007 2038
f 2069 2123 2140
f 2048 2175 2176
f 2137 2147 2177
f 1977 1886 2174
f 2116 2101 2165
f 2059 2120 1956
f 1856 1875 1995
f 2178 2114 2179
f 2001 2078 2002
f 2076 2180 2077
f 2069 2105 1893
f 2086 2094 1888
f 2095 2114 2178
f 2144 2102 2181
f 2182 2138 2183
f 2120 2171 2128
f 2125 2108 2184
f 2018 1879 1878
f 2081 2165 2101
f 2120 2128 2082
f 2113 2144 2145
f 2121 2095 2178
f 2132 2139 2185
f 2086 2087 2186
f 2115 2143 2187
f 2132 2175 2048
f 2147 2060 2169
f 2132 1939 2139
f 2097 2161 1714
f 2130 1988 2150
f 2142 2188 2148
f 2099 2189 2100
f 1859 1814 1937
f 1977 1757 1826
f 2105 2140 2190
f 2135 2004 2072
f 2048 2176 1948
f 2130 1989 1988
f 2191 2135 2072
f 2122 2121 2192
f 2115 2193 2084
f 2102 2067 2194
f 2166 1636 1855
f 2108 2146 2184
f 2089 2195 2076
f 2180 2076 2195
f 2174 1978 1977
f 2143 2130 2196
f 1935 2034 1765
f 1995 2044 2164
f 1995 1875 1874
f 2077 2180 2170
f 2197 2123 2124
f 2123 2197 2140
f 1977 1826 1799
f 2154 2129 2198
f 2125 2184 2169
f 2041 2199 2056
f 2120 2059 2171
f 2050 2200 2201
f 2093 2142 2148
f 2202 2203 2204
f 1996 2024 2205
f 2081 2083 2063
f 2142 2165 2188
f 2178 2192 2121
f 2129 2128 2206
f 2146 2145 2207
f 2149 2208 2032
f 2094 2186 2099
f 2144 2209 2145
f 2102 2194 2181
f 1894 2105 2117
f 2195 2089 2133
f 2122 2210 2124
f 2195 2133 2211
f 2194 2067 2119
f 2027 2075 2156
f 2080 2081 2101
f 2154 2198 2158
f 1801 1800 2212
f 2018 2103 1879
f 2206 2198 2129
f 2153 2213 2214
f 2127 2200 2050
f 2215 1996 2205
f 2216 2087 2035
f 2204 2118 2067
f 2041 2193 2199
f 2002 2078 2109
f 2146 2217 2184
f 2197 2218 2140
f 1886 2219 2174
f 2094 2086 2186
f 2132 2185 2175
f 2196 2187 2143
f 2137 2085 2147
f 1997 1996 2215
f 1631 2157 2126
f 2220 2081 2063
f 2035 2174 2216
f 2196 2130 2150
f 1800 2126 2212
f 2171 2206 2128
f 2177 2221 2156
f 2139 2222 2185
f 2134 2104 2211
f 2032 2208 2223
f 2093 2098 2142
f 2224 2225 2176
f 2115 2187 2193
f 2161 2168 1714
f 2208 2149 2162
f 2194 2226 2181
f 2156 2066 2008
f 2175 2224 2176
f 1993 1879 2072
f 1913 2136 2227
f 1886 1801 2219
f 2209 2207 2145
f 2032 2223 2133
f 2117 2073 1926
f 2141 1933 1848
f 2124 2228 2197
f 2218 2197 2228
f 2144 2181 2209
f 2164 2044 2229
f 2087 2216 2230
f 2075 2137 2177
f 2192 2178 2231
f 2074 2232 1890
f 2162 2148 2233
f 2234 2194 2119
f 2223 2208 2162
f 2235 2131 2236
f 2122 2192 2210
f 2237 2238 2239
f 2188 2240 2233
f 2219 2241 2242
f 2028 2062 1983
f 2094 2099 1935
f 2169 2243 2177
f 2126 2157 2244
f 1938 1937 2088
f 2185 2245 2175
f 2246 2172 2163
f 2105 2190 2117
f 2218 2247 2140
f 2147 2169 2177
f 2133 2248 2249
f 2047 2077 2170
f 2250 2251 2246
f 2200 2252 2253
f 2181 2226 2254
f 2255 2193 2187
f 2256 2157 1658
f 2187 2196 2255
f 2257 2163 2164
f 2245 2224 2175
f 2148 2188 2233
f 2228 2258 2218
f 1879 2103 2131
f 2206 2171 2259
f 2059 2172 2171
f 2146 2207 2217
f 2235 2191 2072
f 2234 2226 2194
f 2260 2044 2043
f 2231 2179 2261
f 2162 2262 2223
f 2228 2124 2263
f 2133 2249 2211
f 2231 2210 2192
f 2264 2196 2265
f 2180 2195 2211
f 2252 2266 2253
f 2103 2018 2019
f 2133 2223 2248
f 2131 2235 2072
f 1937 2168 2088
f 2211 2170 2180
f 2103 2134 2131
f 2092 2063 2062
f 2267 2037 2052
f 2268 2171 2173
f 2207 2209 2269
f 2106 2110 2107
f 2260 2229 2044
f 2124 2270 2263
f 2241 2271 2242
f 2247 2190 2140
f 2272 2273 2181
f 2184 2217 2169
f 2245 2185 2222
f 2004 2135 1913
f 2075 2177 2156
f 1948 2176 1865
f 2199 2274 2056
f 2176 1988 1865
f 2250 2246 2275
f 2268 2259 2171
f 2134 2276 2131
f 2037 2267 2111
f 2258 2277 2278
f 2074 2073 2279
f 2226 2234 2254
f 2151 2280 2281
f 2181 2254 2282
f 2264 2255 2196
f 2239 2283 2284
f 2269 2217 2207
f 2285 2057 2056
f 2023 2109 2286
f 2223 2262 2248
f 2126 2244 2287
f 2288 2112 2156
f 2166 1786 2289
f 2153 2214 2290
f 2023 2002 2109
f 2291 2275 2292
f 2071 1967 2155
f 2245 2293 2224
f 2258 2263 2277
f 2294 2295 2296
f 2011 1848 1895
f 2139 2088 2296
f 2087 2230 2186
f 2117 2190 2297
f 2262 2162 2298
f 2066 2156 2112
f 2235 2213 2191
f 2212 2126 2287
f 2174 2219 2242
f 2045 2163 2172
f 1885 2070 1981
f 2153 2191 2213
f 2273 2269 2209
f 2237 2286 2238
f 2193 2255 2199
f 2070 2204 1981
f 2074 2279 2232
f 2159 2161 2097
f 2071 2260 2043
f 2267 2052 1997
f 2215 2267 1997
f 2299 2119 2300
f 2070 2033 2204
f 2162 2233 2298
f 2182 2159 2138
f 2251 2173 2172
f 2258 2247 2218
f 2201 2030 2050
f 2247 2301 2190
f 2245 2302 2293
f 2254 2234 2303
f 2264 2265 2304
f 2155 2305 2071
f 2257 2164 2306
f 2168 2160 2294
f 2248 2262 2298
f 2210 2261 2307
f 2267 2308 2111
f 2247 2309 2301
f 2011 2141 1848
f 2124 2307 2270
f 1786 2166 1855
f 2310 2308 2311
f 2222 2312 2302
f 2119 2118 2300
f 2248 2313 2249
f 2201 2091 2079
f 2310 2111 2308
f 2238 2232 2279
f 2255 2314 2199
f 2265 2150 2152
f 2023 2003 2002
f 2273 2209 2181
f 2200 2253 2315
f 2224 2293 2225
f 2316 2034 2100
f 2024 2317 2205
f 2268 2318 2252
f 1784 1786 1855
f 2159 2097 2138
f 2183 2138 1891
f 2319 2299 2300
f 2232 2109 1890
f 2249 2320 2211
f 2258 2228 2263
f 2234 2299 2303
f 2321 2322 2230
f 2111 2141 2011
f 2302 2312 2323
f 2324 2317 2286
f 2136 2290 2325
f 2157 2256 2244
f 2267 2326 2308
f 2023 2317 2024
f 2327 2215 2205
f 2260 2305 2328
f 2329 2330 2243
f 2059 2045 2172
f 2117 2331 2073
f 2173 2251 2332
f 2258 2278 2247
f 2299 2234 2119
f 2278 2309 2247
f 2313 2333 2334
f 2201 2079 2030
f 2057 1606 1718
f 2294 2160 2335
f 2124 2210 2307
f 2260 2328 2306
f 2313 2334 2336
f 2303 2282 2254
f 2164 2229 2306
f 2267 2215 2327
f 2269 2337 2217
f 2338 2216 2174
f 2153 2135 2191
f 2263 2270 2277
f 2242 2338 2174
f 2257 2246 2163
f 2339 2277 2270
f 2278 2340 2309
f 2104 2170 2211
f 2173 2318 2268
f 2249 2341 2320
f 2246 2257 2275
f 2219 2212 2241
f 2161 2160 2168
f 2333 2342 2343
f 2245 2222 2302
f 2106 2179 2114
f 2267 2327 2326
f 2225 2280 1988
f 2274 2199 2314
f 2198 2206 2259
f 2071 2305 2260
f 1966 2344 2345
f 2217 2243 2169
f 2136 2153 2290
f 2250 2275 2346
f 2117 2297 2331
f 2347 2201 2200
f 2276 2236 2131
f 2252 2259 2268
f 2255 2264 2314
f 2134 2211 2348
f 1432 1913 2227
f 2299 2349 2303
f 2196 2150 2265
f 2340 2278 2350
f 2251 2172 2246
f 2351 2352 2353
f 2354 2227 2136
f 2250 2332 2251
f 2311 2326 2355
f 2188 2165 2081
f 2277 2350 2278
f 2216 2338 2230
f 2279 2073 2239
f 2309 2356 2301
f 2293 2357 2225
f 2099 2034 1935
f 2338 2242 2321
f 2230 2189 2186
f 2311 2308 2326
f 2343 2240 2358
f 2041 2084 2193
f 2341 2313 2336
f 2302 2359 2357
f 2313 2248 2333
f 2151 2150 1988
f 2360 2214 2213
f 2361 2182 2183
f 2167 1891 1636
f 2362 2363 2166
f 2190 2301 2297
f 1966 2345 2155
f 2249 2313 2341
f 2282 2364 2272
f 2269 2273 2337
f 2159 2182 2365
f 2202 2204 2033
f 2316 2202 2033
f 2159 2335 2160
f 2222 2296 2312
f 2340 2366 2367
f 2310 2368 2141
f 2368 2310 2311
f 2155 2369 2305
f 2156 2370 2288
f 2270 2307 2371
f 2372 2373 2371
f 2271 2374 2321
f 2210 2231 2261
f 2244 2375 2376
f 2063 2092 2377
f 2173 2332 2318
f 2378 2289 1786
f 2327 2205 2379
f 2380 2291 2292
f 2319 2300 2381
f 2319 2349 2299
f 2316 2033 2034
f 2322 2189 2230
f 2212 2287 2241
f 2201 2347 2091
f 2309 2340 2356
f 1718 1869 2041
f 2350 2277 2339
f 2336 2382 2341
f 2332 2250 2383
f 2303 2349 2384
f 2111 2310 2141
f 2298 2342 2333
f 2057 2385 1606
f 2320 2382 2386
f 2323 2295 2387
f 2317 2023 2286
f 2219 1801 2212
f 2363 2167 2166
f 2388 2331 2297
f 2287 2376 2241
f 2276 2134 2348
f 2381 2118 2389
f 2242 2271 2321
f 2282 2303 2364
f 2240 2188 2390
f 2361 2365 2182
f 2264 2304 2314
f 2189 2099 2186
f 2204 2203 2118
f 2291 2346 2275
f 2281 2280 2391
f 2265 2152 2392
f 2368 2355 2393
f 2250 2346 2394
f 2332 2383 2318
f 2340 2350 2366
f 2288 2395 2396
f 2304 2397 2314
f 2339 2270 2371
f 2368 2398 2399
f 2248 2298 2333
f 2204 2067 1981
f 2357 2400 2225
f 2287 2244 2376
f 2231 2178 2179
f 2304 2265 2401
f 2159 2365 2335
f 2344 1966 2368
f 2394 2383 2250
f 2222 2139 2296
f 2350 2402 2366
f 2233 2342 2298
f 2403 2386 2404
f 2405 2256 1658
f 2406 2384 2349
f 2349 2319 2406
f 2368 2393 2398
f 2347 2200 2315
f 2236 2407 2360
f 2319 2408 2409
f 2236 2213 2235
f 2320 2341 2382
f 2382 2336 2410
f 2319 2411 2408
f 2381 2300 2118
f 2188 2081 2412
f 2280 2151 1988
f 2340 2367 2356
f 2413 2368 2399
f 2275 2257 2292
f 2346 2291 2414
f 2271 2415 2374
f 2321 2230 2338
f 2367 2416 2356
f 2155 2345 2369
f 2414 2394 2346
f 2334 2410 2336
f 2276 2348 2407
f 2345 2417 2369
f 2418 2405 2385
f 2331 2239 2073
f 2280 2400 2391
f 2419 2334 2333
f 2239 2331 2388
f 2348 2211 2320
f 2302 2357 2293
f 2326 2379 2355
f 2411 2381 2389
f 2415 2420 2374
f 2363 2421 2183
f 2347 2422 2091
f 2344 2423 2345
f 2388 2297 2424
f 2303 2384 2364
f 2386 2382 2425
f 2272 2181 2282
f 2426 2407 2427
f 2401 2397 2304
f 2428 2302 2323
f 2265 2392 2401
f 2286 2109 2238
f 2426 2360 2407
f 2366 2429 2367
f 2406 2319 2409
f 2410 2425 2382
f 2091 1974 2079
f 2081 2220 2412
f 2127 2158 2200
f 2368 1966 2141
f 2238 2109 2232
f 2306 2328 2430
f 2294 2088 2168
f 2416 2367 2429
f 2431 2419 2343
f 2380 2414 2291
f 2323 2387 2432
f 2413 2344 2368
f 2354 2136 2325
f 2383 2394 2433
f 2430 2434 2435
f 2384 2406 2436
f 2403 2348 2320
f 2342 2240 2343
f 2314 2437 2274
f 2369 2328 2305
f 2203 2389 2118
f 2357 2359 2400
f 2411 2438 2408
f 2302 2428 2359
f 2350 2339 2402
f 2394 2414 2433
f 2426 2214 2360
f 2345 2439 2417
f 2351 2322 2321
f 2283 2239 2388
f 2295 2312 2296
f 2301 2440 2441
f 2167 2363 2183
f 1784 1855 2227
f 2419 2333 2343
f 2410 2334 2419
f 2167 2183 1891
f 2405 2418 2256
f 2112 2288 2106
f 2280 2225 2400
f 2442 2365 2361
f 2189 2322 2100
f 2384 2436 2364
f 2205 2317 2379
f 2429 2443 2416
f 2444 2418 2385
f 2425 2404 2386
f 2229 2260 2306
f 2383 2445 2318
f 2414 2380 2446
f 2321 2374 2351
f 2271 2241 2415
f 2429 2366 2447
f 2436 2406 2409
f 2426 2448 2290
f 2344 2413 2423
f 2354 1784 2227
f 2436 2409 2449
f 2446 2433 2414
f 2425 2410 2450
f 2451 2256 2418
f 2365 2452 2335
f 2314 2397 2437
f 2453 2221 2177
f 2354 2325 2454
f 2091 2422 2455
f 2403 2320 2386
f 2106 2114 2110
f 2402 2447 2366
f 2401 2392 2456
f 2326 2327 2379
f 2428 2457 2359
f 2356 2416 2440
f 2416 2443 2440
f 2319 2381 2411
f 2458 2151 2281
f 2397 2401 2459
f 2240 2390 2460
f 2461 2324 2286
f 2200 2158 2252
f 2337 2272 2364
f 2325 2462 2454
f 2419 2450 2410
f 2359 2457 2400
f 2428 2432 2463
f 2012 2112 2106
f 2442 2452 2365
f 2295 2335 2464
f 2443 2465 2466
f 2459 2437 2397
f 2236 2360 2213
f 2467 2446 2380
f 2392 2152 2468
f 2469 2203 2470
f 2447 2465 2429
f 2404 2425 2471
f 2236 2276 2407
f 2432 2472 2463
f 2354 2454 1784
f 2443 2429 2465
f 2450 2471 2425
f 2385 2405 1606
f 2337 2273 2272
f 2473 2467 2380
f 2176 2225 1988
f 2389 2474 2411
f 2322 2353 2100
f 2475 2473 2292
f 2362 2166 2289
f 2423 2476 2477
f 2363 2478 2421
f 2470 2203 2202
f 2411 2474 2438
f 2443 2466 2440
f 2479 2347 2315
f 2480 2481 2364
f 2345 2423 2439
f 2337 2329 2243
f 2482 2483 2266
f 2433 2484 2445
f 2335 2485 2464
f 2377 2092 2455
f 2408 2438 2486
f 2408 2486 2409
f 2214 2426 2290
f 2487 2488 2427
f 2489 2490 2441
f 2446 2467 2484
f 2283 2388 2491
f 2385 2057 2492
f 2322 2351 2353
f 2404 2471 2493
f 2421 2361 2183
f 2403 2493 2494
f 2457 2428 2463
f 2335 2295 2294
f 2462 2495 2454
f 2496 2487 2497
f 2451 2375 2256
f 2441 2424 2301
f 2369 2417 2430
f 2498 2372 2371
f 2399 2398 2499
f 2457 2500 2391
f 2450 2419 2431
f 2456 2459 2401
f 2244 2256 2375
f 2465 2447 2501
f 2353 2352 2502
f 2453 2177 2243
f 2392 2468 2456
f 2439 2423 2477
f 2297 2301 2424
f 2437 2503 2274
f 2362 2289 2504
f 2363 2362 2478
f 2466 2505 2440
f 2506 2438 2474
f 2288 2179 2106
f 2467 2473 2507
f 2508 2378 1785
f 2347 2509 2422
f 2501 2510 2466
f 2484 2511 2445
f 2203 2469 2389
f 2471 2431 2512
f 2513 2475 2292
f 2431 2343 2514
f 2507 2484 2467
f 2515 2453 2243
f 2063 2377 2516
f 2323 2312 2295
f 2517 2486 2438
f 2233 2240 2342
f 2158 2198 2252
f 2428 2323 2432
f 2356 2440 2301
f 2438 2506 2517
f 1855 1432 2227
f 2505 2489 2440
f 2257 2306 2292
f 2457 2391 2400
f 2465 2501 2466
f 2417 2434 2430
f 2368 2311 2355
f 2473 2380 2292
f 2505 2518 2489
f 2519 2468 2458
f 2375 2415 2376
f 2471 2512 2493
f 2471 2450 2431
f 2505 2466 2510
f 2454 1785 1784
f 2487 2520 2497
f 2521 2442 2361
f 2522 2324 2523
f 2524 2507 2473
f 2486 2449 2409
f 2281 2391 2525
f 2421 2478 2521
f 2469 2526 2527
f 2455 2092 2091
f 2451 2418 2444
f 2528 2515 2243
f 2503 2529 2274
f 2530 2531 2352
f 2335 2452 2485
f 2532 2415 2375
f 2328 2369 2430
f 2379 2317 2324
f 2448 2325 2290
f 2329 2533 2330
f 2486 2534 2449
f 2475 2524 2473
f 2534 2517 2535
f 2486 2517 2534
f 2221 2453 2536
f 2516 2537 2063
f 2252 2318 2445
f 2538 2468 2519
f 2421 2521 2361
f 2532 2530 2415
f 2403 2404 2493
f 2469 2474 2389
f 2198 2259 2252
f 2539 2540 2355
f 2541 2508 1785
f 2347 2479 2509
f 2520 2403 2494
f 2510 2542 2505
f 2518 2505 2542
f 2458 2281 2525
f 2370 2543 2395
f 2511 2544 2445
f 2463 2545 2500
f 2469 2546 2526
f 2512 2547 2493
f 2454 2495 1785
f 2489 2518 2490
f 2544 2548 2549
f 2431 2514 2512
f 2362 2504 2478
f 2487 2427 2407
f 2517 2527 2535
f 2391 2500 2525
f 2550 2551 2522
f 2449 2552 2553
f 2540 2393 2355
f 2220 2063 2537
f 2415 2530 2420
f 2423 2499 2476
f 2288 2370 2395
f 2494 2493 2547
f 2217 2337 2243
f 2539 2355 2551
f 2423 2413 2499
f 2475 2554 2555
f 2534 2535 2556
f 2241 2376 2415
f 2440 2489 2441
f 2253 2557 2315
f 2524 2475 2558
f 2427 2448 2426
f 2468 2152 2458
f 2559 2377 2455
f 2516 2377 2560
f 2475 2513 2554
f 2495 2541 1785
f 2537 2516 2560
f 2542 2561 2518
f 2402 2339 2371
f 2562 2370 2221
f 2511 2484 2507
f 2500 2563 2525
f 2514 2564 2512
f 2542 2510 2565
f 2566 2567 2568
f 2220 2569 2412
f 2518 2561 2490
f 2570 2462 2448
f 2517 2506 2527
f 2571 2261 2572
f 2545 2573 2500
f 2456 2503 2459
f 2537 2574 2220
f 2575 2538 2519
f 2576 2432 2387
f 2455 2577 2559
f 2329 2578 2579
f 2100 2353 2316
f 2472 2545 2463
f 2580 2562 2221
f 2538 2456 2468
f 2377 2581 2560
f 2582 2583 2584
f 2434 2417 2439
f 2508 2585 2378
f 2547 2586 2494
f 2502 2587 2316
f 2547 2512 2564
f 2504 2588 2478
f 2371 2373 2402
f 2508 2589 2590
f 2521 2478 2588
f 2451 2444 2591
f 2520 2592 2497
f 2593 2594 2519
f 2510 2584 2565
f 2420 2530 2352
f 2555 2558 2475
f 2490 2595 2568
f 2560 2574 2537
f 2449 2534 2552
f 2378 1786 1785
f 2470 2596 2597
f 2261 2179 2572
f 2541 2495 2598
f 2599 2600 2601
f 2462 2598 2495
f 2238 2279 2239
f 2500 2573 2563
f 2393 2499 2398
f 2424 2567 2388
f 2353 2502 2316
f 2561 2542 2602
f 2472 2432 2576
f 2430 2435 2513
f 2561 2603 2490
f 2604 2479 2315
f 2605 2576 2387
f 2606 2482 2544
f 2507 2524 2558
f 2351 2420 2352
f 2372 2607 2373
f 2453 2608 2536
f 2574 2569 2220
f 2427 2570 2448
f 2413 2399 2499
f 2284 2609 2610
f 2535 2527 2611
f 2527 2506 2474
f 2422 2612 2577
f 2430 2292 2306
f 2570 2488 2613
f 2614 2615 2532
f 2616 2253 2266
f 2586 2592 2494
f 2565 2602 2542
f 2152 2151 2458
f 2586 2547 2617
f 2405 1658 1606
f 2324 2461 2523
f 2330 2528 2243
f 2477 2476 2434
f 2448 2462 2325
f 2240 2460 2358
f 2508 2590 2618
f 2619 2581 2559
f 2581 2620 2560
f 2593 2519 2458
f 2568 2441 2490
f 2370 2156 2221
f 2546 2469 2621
f 2547 2564 2617
f 2422 2509 2612
f 2388 2567 2491
f 2513 2622 2623
f 2558 2555 2624
f 2379 2551 2355
f 2480 2436 2449
f 2348 2403 2520
f 2603 2595 2490
f 2580 2221 2536
f 2625 2509 2479
f 2564 2514 2626
f 2456 2538 2503
f 2567 2441 2568
f 2266 2483 2627
f 2558 2511 2507
f 2574 2628 2569
f 2569 2629 2412
f 2603 2561 2630
f 2631 2593 2563
f 2632 2633 2503
f 2492 2057 2285
f 2527 2634 2611
f 2393 2635 2499
f 2539 2551 2636
f 2488 2570 2427
f 2288 2572 2179
f 2527 2526 2634
f 2457 2463 2500
f 2602 2630 2561
f 2370 2562 2637
f 2442 2485 2452
f 2545 2638 2573
f 2639 2496 2497
f 2526 2546 2634
f 2461 2286 2237
f 2377 2559 2581
f 2532 2640 2531
f 2585 2508 2618
f 2482 2266 2544
f 2625 2612 2509
f 2569 2641 2642
f 2266 2252 2445
f 2611 2556 2535
f 2574 2643 2628
f 2644 2476 2499
f 2434 2439 2477
f 2540 2539 2635
f 2562 2645 2637
f 2616 2266 2627
f 2284 2237 2239
f 2555 2554 2646
f 2545 2605 2638
f 2453 2515 2608
f 2592 2586 2647
f 2531 2530 2532
f 2437 2459 2503
f 2546 2648 2634
f 2614 2451 2591
f 2316 2596 2202
f 2520 2494 2592
f 2617 2647 2586
f 2646 2624 2555
f 2569 2642 2649
f 2602 2565 2650
f 2554 2513 2623
f 2536 2608 2580
f 2585 2289 2378
f 2515 2528 2651
f 2571 2498 2371
f 2480 2364 2436
f 2652 2653 2523
f 2654 2643 2620
f 2603 2630 2595
f 2351 2374 2420
f 2559 2577 2655
f 2534 2556 2552
f 2574 2620 2643
f 2629 2569 2649
f 2513 2656 2622
f 2528 2330 2651
f 2373 2584 2501
f 2487 2348 2520
f 2631 2563 2657
f 2544 2511 2658
f 2337 2364 2578
f 2637 2543 2370
f 2515 2651 2608
f 2630 2659 2660
f 2637 2661 2662
f 2581 2619 2663
f 2565 2584 2650
f 2664 2461 2237
f 2665 2550 2522
f 2666 2395 2543
f 2645 2661 2637
f 2623 2646 2554
f 2573 2667 2563
f 2577 2612 2655
f 2396 2395 2668
f 2295 2464 2387
f 2669 2670 2572
f 2538 2632 2503
f 2288 2396 2572
f 2455 2422 2577
f 2626 2671 2672
f 2575 2632 2538
f 2575 2519 2594
f 2673 2585 2618
f 2567 2424 2441
f 2614 2532 2451
f 2390 2629 2649
f 2630 2602 2659
f 2574 2560 2620
f 2562 2580 2645
f 2625 2479 2604
f 2674 2614 2591
f 2442 2521 2588
f 2284 2283 2491
f 2674 2675 2676
f 2624 2677 2658
f 2501 2584 2510
f 2647 2678 2592
f 2556 2679 2552
f 2680 2645 2580
f 2316 2587 2596
f 2637 2662 2543
f 2592 2678 2497
f 2522 2379 2324
f 2620 2581 2663
f 2681 2682 2683
f 2684 2488 2487
f 2685 2686 2687
f 2688 2689 2690
f 2662 2666 2543
f 2673 2504 2289
f 2685 2691 2686
f 2464 2692 2387
f 2691 2693 2686
f 2689 2685 2687
f 2689 2687 2690
f 2693 2694 2695
f 2599 2601 2588
f 2694 2696 2697
f 2619 2559 2655
f 2698 2604 2315
f 2666 2668 2395
f 2601 2442 2588
f 2686 2693 2699
f 2700 2701 2685
f 2695 2697 2702
f 2612 2703 2655
f 2704 2705 2706
f 2704 2707 2705
f 2647 2617 2672
f 2539 2636 2708
f 2687 2686 2709
f 2608 2680 2580
f 2702 2697 2707
f 2508 2541 2598
f 2668 2710 2396
f 2711 2712 2713
f 2700 2714 2701
f 2715 2713 2688
f 2445 2383 2433
f 2329 2337 2578
f 2654 2620 2663
f 2716 2691 2701
f 2717 2718 2719
f 2645 2720 2661
f 2330 2721 2651
f 2469 2527 2474
f 2630 2722 2595
f 2396 2669 2572
f 2688 2690 2715
f 2715 2690 2709
f 2720 2645 2723
f 2396 2710 2669
f 2696 2694 2716
f 2724 2695 2702
f 2717 2704 2706
f 2390 2412 2629
f 2723 2680 2725
f 2726 2727 2728
f 2690 2687 2709
f 2645 2680 2723
f 2718 2717 2706
f 2662 2720 2729
f 2651 2730 2608
f 2731 2732 2733
f 2732 2734 2733
f 2605 2735 2638
f 2733 2736 2737
f 2719 2738 2739
f 2740 2736 2733
f 2741 2712 2736
f 2715 2711 2713
f 2641 2628 2742
f 2743 2744 2706
f 2737 2731 2733
f 2744 2738 2719
f 2739 2655 2703
f 2745 2719 2746
f 2578 2747 2579
f 2741 2713 2712
f 2744 2718 2706
f 2741 2736 2740
f 2726 2728 2732
f 2663 2619 2738
f 2745 2748 2717
f 2390 2749 2460
f 2748 2704 2717
f 2734 2740 2733
f 2739 2738 2619
f 2654 2663 2738
f 2716 2701 2750
f 2745 2717 2719
f 2730 2725 2608
f 2253 2616 2557
f 2608 2725 2680
f 2654 2742 2643
f 2738 2742 2654
f 2736 2751 2737
f 2591 2444 2385
f 2716 2693 2691
f 2602 2650 2659
f 2666 2662 2729
f 2665 2522 2653
f 2604 2752 2625
f 2628 2643 2742
f 2728 2753 2732
f 2734 2732 2754
f 2686 2699 2755
f 2480 2449 2553
f 2739 2619 2655
f 2633 2756 2757
f 2481 2758 2578
f 2753 2728 2723
f 2662 2661 2720
f 2646 2623 2677
f 2742 2738 2743
f 2718 2744 2719
f 2728 2720 2723
f 2390 2759 2749
f 2760 2741 2740
f 2736 2712 2751
f 2677 2761 2658
f 2711 2715 2762
f 2763 2700 2688
f 2716 2750 2764
f 2701 2765 2750
f 2748 2707 2704
f 2695 2766 2699
f 2686 2767 2709
f 2485 2601 2464
f 2584 2583 2650
f 2694 2693 2716
f 2696 2707 2697
f 2379 2522 2551
f 2674 2591 2675
f 2595 2768 2568
f 2666 2729 2769
f 2732 2753 2754
f 2748 2745 2702
f 2492 2770 2385
f 2771 2754 2753
f 2772 2763 2713
f 2731 2726 2732
f 2649 2642 2759
f 2659 2773 2660
f 2748 2702 2707
f 2711 2762 2774
f 2634 2679 2611
f 2751 2712 2774
f 2719 2739 2746
f 2695 2694 2697
f 2612 2625 2703
f 2605 2387 2775
f 2776 2739 2703
f 2712 2711 2774
f 2556 2611 2679
f 2777 2729 2727
f 2741 2778 2772
f 2641 2743 2779
f 2701 2691 2685
f 2780 2698 2315
f 2593 2525 2563
f 2730 2771 2723
f 2598 2683 2589
f 2700 2685 2689
f 2774 2762 2781
f 2739 2776 2746
f 2636 2551 2550
f 2782 2783 2784
f 2614 2674 2615
f 2532 2615 2640
f 2785 2786 2787
f 2393 2540 2635
f 2508 2598 2589
f 2630 2660 2722
f 2774 2781 2788
f 2737 2789 2790
f 2791 2480 2553
f 2329 2792 2533
f 2668 2666 2769
f 2557 2780 2315
f 2442 2601 2485
f 2632 2575 2756
f 2569 2628 2641
f 2678 2647 2793
f 2529 2794 2274
f 2623 2622 2795
f 2787 2734 2754
f 2710 2668 2769
f 2727 2729 2720
f 2730 2721 2771
f 2725 2730 2723
f 2593 2458 2525
f 2575 2796 2797
f 2610 2664 2237
f 2390 2649 2759
f 2616 2627 2798
f 2499 2799 2644
f 2716 2800 2696
f 2641 2742 2743
f 2755 2801 2767
f 2738 2744 2743
f 2699 2766 2755
f 2625 2776 2703
f 2802 2803 2776
f 2513 2435 2656
f 2672 2793 2647
f 2626 2617 2564
f 2644 2434 2476
f 2722 2768 2595
f 2713 2741 2772
f 2728 2727 2720
f 2669 2710 2804
f 2746 2805 2745
f 2330 2533 2721
f 2806 2763 2772
f 2623 2795 2677
f 2787 2740 2734
f 2806 2772 2807
f 2808 2809 2810
f 2695 2724 2766
f 2784 2587 2502
f 2613 2462 2570
f 2604 2698 2752
f 2659 2650 2583
f 2760 2786 2811
f 2545 2472 2576
f 2696 2800 2812
f 2813 2814 2815
f 2741 2760 2778
f 2670 2669 2816
f 2670 2571 2572
f 2558 2624 2511
f 2571 2817 2498
f 2700 2818 2714
f 2660 2773 2722
f 2626 2672 2617
f 2808 2810 2743
f 2813 2729 2814
f 2533 2819 2721
f 2634 2648 2820
f 2769 2729 2813
f 2821 2801 2822
f 2693 2695 2699
f 2696 2812 2705
f 2769 2804 2710
f 2545 2576 2605
f 2698 2823 2752
f 2709 2767 2824
f 2825 2787 2754
f 2364 2481 2578
f 2698 2780 2823
f 2692 2464 2826
f 2634 2820 2679
f 2727 2726 2827
f 2621 2469 2470
f 2764 2828 2829
f 2546 2830 2648
f 2585 2673 2289
f 2624 2646 2677
f 2831 2821 2822
f 2631 2832 2593
f 2743 2706 2808
f 2613 2681 2462
f 2553 2833 2834
f 2390 2188 2412
f 2804 2835 2669
f 2607 2836 2373
f 2808 2705 2837
f 2575 2594 2796
f 2700 2689 2688
f 2812 2837 2705
f 2701 2714 2765
f 2729 2777 2814
f 2779 2743 2810
f 2784 2838 2587
f 2639 2678 2793
f 2709 2824 2762
f 2839 2789 2751
f 2840 2684 2487
f 2638 2667 2573
f 2675 2591 2385
f 2835 2816 2669
f 2696 2705 2707
f 2721 2841 2771
f 2284 2491 2609
f 2842 2795 2622
f 2843 2588 2504
f 2481 2480 2844
f 2837 2845 2846
f 2805 2847 2702
f 2760 2811 2807
f 2808 2706 2705
f 2848 2779 2810
f 2631 2657 2849
f 2771 2753 2723
f 2488 2684 2613
f 2673 2850 2851
f 2387 2852 2775
f 2754 2771 2853
f 2566 2568 2854
f 2792 2819 2533
f 2752 2776 2625
f 2633 2757 2529
f 2722 2855 2768
f 2786 2856 2811
f 2839 2751 2774
f 2653 2522 2523
f 2795 2857 2677
f 2858 2859 2847
f 2532 2375 2451
f 2571 2371 2261
f 2827 2726 2731
f 2780 2557 2860
f 2670 2861 2571
f 2773 2659 2862
f 2822 2863 2864
f 2778 2760 2807
f 2776 2803 2746
f 2752 2802 2776
f 2752 2823 2802
f 2622 2656 2842
f 2804 2769 2813
f 2670 2816 2861
f 2737 2790 2827
f 2722 2773 2855
f 2846 2808 2837
f 2601 2600 2464
f 2861 2817 2571
f 2801 2755 2822
f 2777 2865 2814
f 2329 2579 2792
f 2294 2296 2088
f 2583 2862 2659
f 2860 2823 2780
f 2866 2648 2830
f 2779 2642 2641
f 2805 2702 2745
f 2610 2609 2867
f 2766 2822 2755
f 2435 2868 2656
f 2557 2869 2860
f 2721 2819 2841
f 2847 2870 2702
f 2635 2539 2708
f 2837 2871 2845
f 2730 2651 2721
f 2872 2597 2873
f 2874 2754 2853
f 2761 2677 2857
f 2777 2727 2827
f 2844 2758 2481
f 2716 2829 2800
f 2835 2804 2815
f 2523 2875 2876
f 2777 2827 2877
f 2797 2756 2575
f 2870 2724 2702
f 2830 2878 2879
f 2827 2790 2877
f 2633 2632 2756
f 2679 2820 2833
f 2874 2853 2880
f 2881 2882 2343
f 2813 2815 2804
f 2845 2883 2846
f 2737 2827 2731
f 2825 2754 2874
f 2866 2820 2648
f 2683 2682 2884
f 2793 2672 2885
f 2765 2714 2886
f 2794 2887 2285
f 2713 2763 2688
f 2639 2497 2678
f 2888 2889 2890
f 2673 2851 2504
f 2771 2891 2853
f 2765 2764 2750
f 2642 2779 2759
f 2892 2828 2764
f 2853 2891 2880
f 2793 2893 2639
f 2802 2823 2890
f 2819 2792 2894
f 2832 2849 2895
f 2857 2842 2896
f 2624 2658 2511
f 2765 2886 2892
f 2897 2898 2899
f 2735 2900 2667
f 2894 2841 2819
f 2816 2835 2901
f 2803 2802 2890
f 2589 2902 2590
f 2768 2903 2568
f 2583 2582 2904
f 2905 2866 2830
f 2553 2552 2833
f 2778 2807 2772
f 2857 2795 2842
f 2358 2460 2906
f 2237 2284 2610
f 2815 2901 2835
f 2855 2907 2908
f 2671 2885 2672
f 2889 2805 2746
f 2840 2909 2910
f 2889 2746 2803
f 2892 2911 2828
f 2491 2912 2609
f 2557 2616 2869
f 2503 2633 2529
f 2884 2902 2589
f 2579 2913 2792
f 2914 2785 2825
f 2889 2888 2805
f 2915 2842 2656
f 2700 2763 2806
f 2667 2657 2563
f 2814 2865 2916
f 2673 2618 2850
f 2735 2605 2917
f 2667 2918 2657
f 2771 2919 2891
f 2615 2920 2640
f 2600 2826 2464
f 2644 2921 2434
f 2861 2922 2817
f 2862 2907 2773
f 2724 2870 2863
f 2923 2924 2925
f 2820 2866 2926
f 2692 2927 2928
f 2893 2793 2885
f 2869 2929 2890
f 2786 2760 2787
f 2766 2724 2863
f 2788 2839 2774
f 2862 2583 2904
f 2873 2587 2838
f 2823 2860 2890
f 2841 2894 2930
f 2618 2590 2850
f 2926 2833 2820
f 2639 2893 2496
f 2757 2931 2529
f 2801 2821 2824
f 2796 2594 2932
f 2430 2513 2292
f 2855 2773 2907
f 2644 2799 2898
f 2913 2894 2792
f 2578 2758 2747
f 2807 2811 2933
f 2700 2806 2818
f 2847 2859 2870
f 2749 2759 2848
f 2841 2930 2771
f 2917 2605 2775
f 2498 2817 2922
f 2861 2901 2922
f 2789 2737 2751
f 2865 2777 2877
f 2828 2911 2934
f 2785 2787 2825
f 2873 2596 2587
f 2848 2810 2935
f 2758 2936 2747
f 2842 2937 2896
f 2387 2692 2928
f 2919 2771 2930
f 2839 2938 2939
f 2761 2940 2658
f 2814 2901 2815
f 2837 2812 2871
f 2912 2941 2942
f 2692 2826 2927
f 2906 2943 2358
f 2715 2709 2762
f 2681 2683 2598
f 2716 2764 2829
f 2756 2797 2944
f 2756 2945 2757
f 2638 2735 2667
f 2373 2501 2447
f 2755 2767 2686
f 2860 2869 2890
f 2461 2664 2523
f 2891 2919 2946
f 2947 2871 2800
f 2890 2889 2803
f 2760 2740 2787
f 2758 2844 2936
f 2757 2945 2931
f 2812 2800 2871
f 2919 2930 2946
f 2579 2948 2913
f 2809 2846 2883
f 2768 2855 2903
f 2616 2798 2869
f 2546 2621 2830
f 2825 2874 2880
f 2747 2949 2948
f 2923 2925 2950
f 2785 2856 2786
f 2836 2951 2952
f 2832 2895 2953
f 2796 2954 2797
f 2859 2863 2870
f 2498 2955 2372
f 2848 2956 2749
f 2371 2307 2261
f 2822 2766 2863
f 2957 2947 2829
f 2885 2958 2893
f 2905 2926 2866
f 2885 2671 2959
f 2770 2675 2385
f 2907 2862 2904
f 2808 2846 2809
f 2597 2596 2873
f 2679 2833 2552
f 2921 2435 2434
f 2798 2960 2869
f 2961 2818 2933
f 2829 2828 2934
f 2840 2962 2684
f 2905 2830 2963
f 2767 2801 2824
f 2590 2902 2850
f 2818 2806 2933
f 2964 2843 2504
f 2891 2946 2965
f 2830 2879 2963
f 2358 2943 2343
f 2761 2896 2940
f 2966 2916 2967
f 2684 2681 2613
f 2266 2445 2544
f 2918 2968 2895
f 2798 2627 2969
f 2970 2890 2929
f 2954 2796 2932
f 2779 2848 2759
f 2627 2483 2969
f 2971 2972 2973
f 2920 2974 2782
f 2657 2918 2849
f 2682 2975 2884
f 2851 2850 2964
f 2901 2966 2922
f 2871 2976 2845
f 2871 2947 2976
f 2825 2880 2914
f 2805 2977 2847
f 2826 2599 2927
f 2911 2892 2924
f 2747 2948 2579
f 2978 2875 2867
f 2956 2848 2935
f 2483 2482 2979
f 2882 2514 2343
f 2930 2913 2946
f 2901 2814 2966
f 2969 2960 2798
f 2487 2407 2348
f 2797 2954 2944
f 2735 2917 2900
f 2285 2887 2980
f 2653 2981 2665
f 2957 2829 2934
f 2982 2788 2781
f 2958 2983 2893
f 2880 2891 2965
f 2912 2942 2609
f 2983 2909 2496
f 2588 2843 2984
f 2781 2762 2824
f 2956 2460 2749
f 2621 2470 2597
f 2681 2598 2462
f 2958 2885 2985
f 2947 2800 2829
f 2809 2883 2986
f 2499 2635 2799
f 2788 2938 2839
f 2904 2987 2907
f 2908 2907 2987
f 2986 2971 2809
f 2926 2988 2833
f 2989 2943 2906
f 2990 2492 2285
f 2991 2992 2993
f 2514 2882 2994
f 2756 2944 2945
f 2831 2822 2864
f 2855 2908 2903
f 2785 2914 2856
f 2995 2824 2821
f 2789 2877 2790
f 2969 2483 2979
f 2936 2949 2747
f 2943 2989 2996
f 2498 2922 2955
f 2944 2997 2945
f 2930 2894 2913
f 2914 2965 2998
f 2911 2923 2934
f 2999 2675 2770
f 2991 2957 2992
f 2888 3000 2977
f 2943 2881 2343
f 2956 2935 3001
f 2373 2447 2402
f 2961 2933 3002
f 2966 2955 2922
f 2433 2446 2484
f 2960 2929 2869
f 2881 2943 2996
f 2826 2600 2599
f 3003 2999 2770
f 2948 2949 3004
f 2372 3005 2607
f 2995 2821 2831
f 2913 2948 2946
f 2794 3006 3007
f 2553 3008 2791
f 2818 2886 2714
f 2789 2939 2877
f 2675 2999 2676
f 2915 2656 2868
f 2671 2626 2959
f 2914 2998 2856
f 2684 2682 2681
f 3001 2906 2460
f 2921 2868 2435
f 2944 2954 3009
f 2975 2682 2962
f 2653 2652 2981
f 3010 3011 2996
f 2850 3012 2964
f 2903 2854 2568
f 3013 2931 2945
f 2936 2844 3014
f 2610 2867 2664
f 2900 2917 3015
f 2937 2842 2915
f 2908 2987 3016
f 2599 2984 3017
f 2652 2523 2876
f 2582 3018 2904
f 2550 2708 2636
f 2849 2918 2895
f 2596 2470 2202
f 2988 2834 2833
f 2861 2816 2901
f 2960 2969 3019
f 2987 2904 3018
f 2832 2953 2932
f 2983 2958 3020
f 2966 2814 2916
f 2991 2976 2957
f 2970 2888 2890
f 2811 3021 2933
f 2818 2924 2886
f 2883 2845 2991
f 2985 3020 2958
f 2881 3011 2882
f 3001 2935 2973
f 2960 3022 2929
f 2955 3005 2372
f 2977 3000 3023
f 2946 3024 3025
f 2893 2983 2496
f 2916 2865 3026
f 2791 2844 2480
f 3027 2975 2962
f 3028 2854 3029
f 2991 3030 2883
f 2594 2832 2932
f 2998 3031 2856
f 2949 2936 3004
f 2948 3004 2946
f 2963 3032 2905
f 2928 3033 2852
f 2896 2937 3034
f 3035 3036 3037
f 2854 3028 2566
f 2939 2938 3038
f 3001 2973 2906
f 2996 3011 2881
f 2971 2935 2810
f 2615 2676 2920
f 2807 2933 2806
f 2791 3014 2844
f 3039 2966 2967
f 2965 2946 3025
f 2955 2966 3039
f 3040 3036 2921
f 2658 2940 2544
f 2553 3041 3008
f 3009 2997 2944
f 3035 2915 3036
f 2976 2947 2957
f 3003 2770 3042
f 2845 2976 2991
f 3012 2850 3043
f 2969 2979 3019
f 2676 3003 3044
f 2935 2971 2973
f 3018 2582 2952
f 2945 2997 3045
f 2665 2981 3046
f 3047 3029 2903
f 3048 2884 2975
f 3049 2872 2873
f 3050 3043 3051
f 3042 2770 2492
f 3020 3052 2983
f 2954 3053 3009
f 2811 3054 3021
f 2960 3019 3022
f 2914 2880 2965
f 3016 2987 3055
f 3035 2937 2915
f 2929 3022 2970
f 2482 3056 2979
f 2967 2916 3026
f 2902 3048 3043
f 3057 3058 2775
f 3018 3055 2987
f 3005 2955 3039
f 2902 2884 3048
f 3014 2791 3059
f 2915 2868 3036
f 2956 3001 2460
f 2879 3060 2963
f 3018 2952 3061
f 2921 2898 3062
f 2684 2962 2682
f 3063 2936 3014
f 2765 2892 2764
f 2900 2918 2667
f 3036 2868 2921
f 3020 2985 3064
f 2926 3032 2988
f 2794 2056 2274
f 3015 3065 2900
f 3066 2927 2599
f 2967 3026 3067
f 2936 3068 3004
f 2920 2676 3044
f 2851 2964 2504
f 3000 2888 2970
f 2791 3008 3059
f 3052 3069 2983
f 3010 2996 2989
f 2885 2959 2985
f 2938 2788 2982
f 2496 2909 2840
f 2983 3069 2909
f 3053 2954 2932
f 2838 3070 2873
f 2789 2839 2939
f 2621 2878 2830
f 2387 2928 2852
f 2640 2782 2784
f 2957 2934 2992
f 3071 2967 3067
f 3072 3073 3074
f 2971 3075 3076
f 2902 3043 2850
f 3039 3077 3005
f 2607 3077 3078
f 2832 2594 2593
f 2888 2977 2805
f 3021 3002 2933
f 2895 2968 2953
f 2979 3079 3019
f 3032 2963 3080
f 2994 3081 3082
f 3016 2903 2908
f 3035 3083 2937
f 2606 3056 2482
f 2937 3084 3034
f 2920 2782 2640
f 3085 2995 3086
f 3065 3087 2918
f 3055 3088 3016
f 3052 3020 3064
f 2970 3022 3089
f 2926 2905 3032
f 3018 3090 3055
f 2606 2544 2549
f 3091 2934 2923
f 3050 3012 3043
f 2923 2911 2924
f 3013 2945 3045
f 2676 2999 3003
f 2566 2912 2567
f 2854 2903 3029
f 2884 2589 2683
f 3014 3092 3063
f 3093 3094 3095
f 3094 3060 2879
f 2964 3096 2843
f 3036 3040 3097
f 2971 2810 2809
f 3009 3053 3098
f 3011 3010 2882
f 3039 2967 3077
f 2607 3005 3077
f 3080 2988 3032
f 2923 2950 3091
f 2859 2858 2863
f 3099 3100 3010
f 3066 2599 3017
f 2936 3063 3101
f 2936 3101 3068
f 2939 3102 2877
f 2491 2567 2912
f 3088 3047 3016
f 2989 2973 2972
f 3040 3103 3097
f 2971 3076 2972
f 2878 3094 2879
f 2496 2840 2487
f 3000 3089 3104
f 2609 2978 2867
f 3083 3035 3037
f 3105 3106 2864
f 2858 3107 2863
f 2963 3060 3093
f 3046 2708 2550
f 3091 2992 2934
f 2979 3056 3079
f 2621 2597 2878
f 2818 2925 2924
f 3108 3054 3031
f 3109 2990 2285
f 3030 2986 2883
f 3004 3068 2946
f 2900 3065 2918
f 2615 2674 2676
f 3016 3047 2903
f 3069 3110 3111
f 3028 2941 2912
f 3112 3113 3114
f 2920 3044 2974
f 3023 3104 3115
f 3065 3015 3116
f 3087 2968 2918
f 3093 3080 2963
f 2553 3117 3041
f 3040 2921 3062
f 3019 3079 3118
f 3014 3059 3092
f 3018 3119 3090
f 2927 3033 2928
f 3110 3120 3111
f 3121 2994 2882
f 2959 3122 3113
f 3088 3055 3090
f 3068 3024 2946
f 3123 2998 2965
f 2990 3042 2492
f 3050 3051 3124
f 2937 3083 3084
f 3125 3053 2932
f 3099 2972 3076
f 2640 2352 2531
f 3126 3027 3127
f 3128 3129 3130
f 2924 2892 2886
f 3054 2856 3031
f 2940 3131 2548
f 3010 3121 2882
f 3132 3002 3108
f 3129 2995 2831
f 2995 3085 2824
f 2985 3113 3064
f 2840 3027 2962
f 3133 3134 3135
f 2875 3136 2876
f 3092 3101 3063
f 3121 3100 3137
f 3036 3097 3037
f 3056 2606 3138
f 3023 3000 3104
f 2967 3071 3077
f 3077 3071 3078
f 2927 3066 3033
f 2514 2994 2626
f 2775 3139 3015
f 3034 3084 3140
f 2973 2989 2906
f 2832 2631 2849
f 3102 3133 3135
f 3093 3095 3141
f 3000 2970 3089
f 3059 3142 3143
f 3064 3113 3110
f 3056 3144 3079
f 2896 3034 2940
f 2997 3145 3045
f 3118 3022 3019
f 3047 3088 3146
f 3044 3147 2974
f 3148 3149 2925
f 3150 3151 3152
f 3121 3081 2994
f 2959 2626 3082
f 3110 3113 3112
f 3153 2834 2988
f 2997 3009 3145
f 3090 3146 3088
f 3025 3123 2965
f 3154 3107 3023
f 2811 2856 3054
f 3155 3031 3123
f 3126 3051 3043
f 3124 3156 3157
f 3109 2285 2980
f 2940 2548 2544
f 3083 3158 3159
f 3078 2836 2607
f 3059 3008 3142
f 3044 3003 3042
f 2548 3160 3161
f 3162 3027 2840
f 3101 3092 3024
f 2858 2977 3023
f 3163 3164 3165
f 3102 2865 2877
f 3166 3075 3167
f 3139 3150 3168
f 3046 2550 2665
f 2549 3138 2606
f 3069 2910 2909
f 3085 3086 2781
f 3169 3098 3125
f 3170 3171 3172
f 2818 2961 2925
f 3071 3173 3078
f 3080 3174 2988
f 3087 3168 3175
f 3168 3176 3175
f 3085 2781 2824
f 3029 3047 3177
f 2941 3028 3178
f 3069 3064 3110
f 2994 3082 2626
f 2597 2872 3179
f 3083 3097 3158
f 3143 3092 3059
f 3117 2834 3180
f 3096 3181 2984
f 3138 3182 3144
f 3099 3010 2989
f 3038 2982 3072
f 3099 2989 2972
f 3146 3183 3047
f 3184 2950 3149
f 3015 2917 2775
f 3078 3173 2836
f 2986 3030 3167
f 2991 2993 3030
f 2599 2588 2984
f 2782 2974 2783
f 2974 3147 3185
f 3166 3167 3186
f 3162 2840 2910
f 3093 3060 3094
f 2836 2584 2373
f 3081 3121 3137
f 3054 3108 3021
f 3084 3083 3159
f 3187 3094 2878
f 3139 3188 3150
f 3119 3018 3061
f 3174 3153 2988
f 3146 3090 3189
f 2942 2978 2609
f 2708 2799 2635
f 3183 3177 3047
f 2961 3190 2925
f 2898 2921 2644
f 3181 3191 2984
f 2834 3153 3180
f 3192 2652 2876
f 3050 3096 3012
f 3119 3193 3189
f 3072 2982 2781
f 3031 2998 3123
f 3075 2986 3167
f 3194 3044 3042
f 3090 3119 3189
f 3124 3157 3050
f 3173 3071 3195
f 3196 3145 3098
f 3009 3098 3145
f 3084 3197 3140
f 3195 3071 3067
f 3033 3198 3057
f 3068 3101 3024
f 3056 3138 3144
f 3123 3165 3199
f 3192 2876 3200
f 3008 3041 3142
f 3138 2549 3182
f 3038 2938 2982
f 3092 3143 3163
f 3045 3145 3201
f 3202 3203 3204
f 3117 2553 2834
f 3002 3190 2961
f 2794 2285 2056
f 3205 3030 2993
f 3206 3136 2875
f 3207 3106 3105
f 3208 3131 3209
f 3129 3128 2995
f 3118 3144 3089
f 2974 3185 2783
f 3069 3052 3064
f 3100 3099 3210
f 3069 3111 2910
f 3045 3006 3013
f 3187 3095 3094
f 3183 3146 3189
f 3148 2925 3190
f 2836 2952 2582
f 3211 3026 3135
f 3096 2964 3012
f 3082 3081 3212
f 3144 3118 3079
f 3213 3166 3186
f 3057 2775 2852
f 3107 3105 2864
f 3111 3214 2910
f 3173 3215 2836
f 3083 3037 3097
f 3187 2878 3179
f 2990 3216 3042
f 3098 3053 3125
f 3087 3116 3168
f 3041 3217 3142
f 2898 2799 2899
f 2640 2784 2502
f 3205 3167 3030
f 3159 3197 3084
f 3092 3163 3024
f 3173 3218 3215
f 2549 2548 3219
f 3195 3218 3173
f 2864 3106 2831
f 3195 3067 3220
f 3075 3166 3076
f 3200 3221 3222
f 3223 3224 3089
f 3214 3225 3226
f 3212 3081 3137
f 3227 2950 3184
f 2865 3135 3026
f 2977 2858 2847
f 3193 3119 3061
f 3228 3229 3149
f 3136 3200 2876
f 3156 3230 3231
f 3182 3219 3232
f 2836 3215 2951
f 3158 3097 3103
f 3050 3157 3096
f 3177 3183 3233
f 3203 2887 3007
f 3025 3165 3123
f 3210 3234 3137
f 3235 3207 3105
f 3195 3220 3218
f 3143 3142 3163
f 3108 3002 3021
f 3194 3147 3044
f 3041 3117 3217
f 3236 3141 3095
f 3099 3076 3210
f 2708 2899 2799
f 2783 3185 3237
f 3144 3182 3238
f 3182 2549 3219
f 3189 3233 3183
f 3196 3098 3169
f 3082 3212 3239
f 3029 3178 3028
f 3102 3038 3133
f 3211 3240 3220
f 3174 3241 3153
f 3196 3201 3145
f 3121 3010 3100
f 3067 3211 3220
f 3095 3187 3236
f 3040 3242 3103
f 3218 3243 3215
f 2523 2664 2867
f 3154 3023 3115
f 3169 3125 3244
f 3245 2897 2899
f 3216 3194 3042
f 3117 3246 3217
f 3219 2548 3161
f 3111 3120 3214
f 3190 3247 3148
f 3107 3154 3248
f 3249 3250 3251
f 2992 3252 2993
f 3142 3164 3163
f 3013 2794 2931
f 3080 3093 3141
f 3120 3110 3253
f 3215 3243 2951
f 2898 2897 3062
f 3254 3255 3125
f 3229 3256 3149
f 3106 3257 3129
f 3201 3258 3006
f 3233 3259 3177
f 3108 3031 3260
f 2865 3102 3135
f 3261 3126 3127
f 3106 3129 2831
f 3182 3232 3238
f 3253 3110 3112
f 3262 3263 2984
f 3107 2864 2863
f 3163 3165 3024
f 2968 3254 2953
f 3087 3065 3116
f 3177 3178 3029
f 3264 3265 3255
f 3147 3266 3185
f 3155 3123 3199
f 2968 3087 3175
f 3107 3235 3105
f 3038 3267 3133
f 2843 3096 2984
f 3040 3062 3242
f 3218 3268 3243
f 3134 3269 3270
f 3075 2971 2986
f 2783 3271 2784
f 3197 3272 3273
f 2953 3125 2932
f 3179 2872 3274
f 2838 2784 3271
f 3103 3275 3158
f 3158 3276 3159
f 3126 3043 3048
f 3141 3236 3277
f 3126 2975 3027
f 3233 3189 3278
f 3236 3279 3277
f 3168 3150 3280
f 3142 3217 3164
f 2640 2502 2352
f 3109 3281 3216
f 3282 3283 3062
f 3157 3181 3096
f 2950 2925 3149
f 3144 3238 3089
f 3224 3284 3104
f 3113 3122 3114
f 3106 3207 3257
f 3275 3103 3242
f 3140 3209 2940
f 3129 3257 3285
f 3212 3286 3239
f 3139 3116 3015
f 3080 3141 3174
f 3102 2939 3038
f 3260 3031 3155
f 3132 3287 3002
f 2878 2597 3179
f 3288 3287 3132
f 2836 2582 2584
f 3203 3007 3204
f 3201 3196 3289
f 3120 3290 3214
f 3253 3290 3120
f 3112 3114 3291
f 2992 3091 3227
f 2951 3243 3268
f 3264 3255 3254
f 3147 3194 3266
f 3235 3285 3257
f 3197 3159 3272
f 3259 3233 3292
f 3293 3175 3176
f 3045 3201 3006
f 3236 3294 3279
f 3169 3244 3295
f 3100 3210 3137
f 3161 3232 3219
f 3276 3158 3275
f 3263 3017 2984
f 3227 3184 3296
f 3297 3017 3263
f 3086 3072 2781
f 2978 3298 2875
f 3033 3057 2852
f 2548 3131 3160
f 3299 3300 3273
f 3210 3213 3234
f 2910 3226 3162
f 3220 3240 3301
f 3124 3051 3302
f 3233 3303 3292
f 3304 3181 3157
f 3199 3305 3306
f 3196 3169 3307
f 3074 3267 3038
f 2978 3308 3298
f 2990 3109 3216
f 3261 3302 3126
f 3179 3294 3187
f 3309 3240 3310
f 3117 3180 3246
f 3238 3232 3223
f 3107 3248 3235
f 3311 3312 3313
f 3304 3157 3156
f 3162 3127 3027
f 3164 3217 3314
f 2775 3058 3139
f 3089 3224 3104
f 3177 3259 3178
f 3140 2940 3034
f 3176 3168 3280
f 2980 3281 3109
f 3239 2959 3082
f 3244 3315 3295
f 3218 3220 3268
f 3278 3189 3193
f 3155 3199 3306
f 2761 2857 2896
f 3268 3316 2951
f 3248 3317 3311
f 3125 2953 3254
f 3318 3253 3112
f 2887 3319 3320
f 3321 3261 3127
f 3180 3153 3322
f 3174 3323 3241
f 3184 3256 3296
f 3107 2858 3023
f 3126 3048 2975
f 3266 3216 3324
f 3118 3089 3022
f 3180 3322 3246
f 3205 2993 3252
f 2984 3191 3325
f 3232 3326 3223
f 3271 3327 2838
f 2951 3316 2952
f 3286 3328 3239
f 3074 3038 3072
f 3242 3329 3275
f 3330 3209 3331
f 3131 3208 3160
f 3236 3187 3294
f 3176 3332 3293
f 3192 3046 2981
f 3186 3167 3333
f 3231 3230 3334
f 3292 3335 3259
f 3304 3156 3231
f 3307 3289 3196
f 3336 3294 3179
f 3074 3337 3338
f 3290 3225 3214
f 3329 3242 3339
f 3259 3335 3178
f 3233 3278 3303
f 3227 3091 2950
f 3266 3194 3216
f 3169 3295 3307
f 3290 3340 3341
f 2980 2887 3320
f 3275 3342 3276
f 3165 3025 3024
f 3137 3234 3343
f 3217 3246 3344
f 3345 3323 3346
f 3332 3176 3280
f 3201 3289 3258
f 3220 3347 3268
f 3137 3286 3212
f 3239 3122 2959
f 3304 3191 3181
f 3159 3276 3272
f 2652 3192 2981
f 2968 3175 3293
f 3217 3344 3314
f 3242 3283 3339
f 2910 3214 3226
f 3316 3268 3347
f 3348 3058 3057
f 3167 3205 3333
f 3185 3266 3324
f 3232 3161 3326
f 3347 3220 3301
f 3349 3128 3130
f 3328 3286 3343
f 3318 3350 3340
f 3139 3058 3351
f 3277 3279 3352
f 3161 3160 3326
f 3269 3353 3270
f 3115 3317 3154
f 3342 3275 3329
f 3246 3322 3344
f 3017 3033 3066
f 3336 3279 3294
f 3199 3354 3305
f 3248 3311 3235
f 3137 3343 3286
f 3249 3303 3278
f 3249 3193 3250
f 3269 3133 3267
f 2872 3171 3355
f 3017 3297 3033
f 3277 3174 3141
f 3314 3356 3165
f 3224 3357 3284
f 3192 3358 3046
f 3359 3351 3058
f 3360 3361 3362
f 3216 3363 3324
f 3342 3272 3276
f 3112 3291 3350
f 3316 3364 2952
f 3336 3179 3274
f 3209 3131 2940
f 3230 3124 3365
f 3349 3366 3128
f 3185 3324 3237
f 3262 2984 3325
f 3229 3367 3256
f 3290 3318 3340
f 3347 3364 3316
f 3280 3368 3332
f 3160 3208 3369
f 3223 3357 3224
f 3210 3076 3213
f 3197 3273 3140
f 3271 3370 3327
f 3335 3292 3371
f 3128 3372 3086
f 3348 3359 3058
f 3293 3254 2968
f 3134 3211 3135
f 3190 3287 3247
f 3072 3372 3073
f 3289 3373 3374
f 3343 3375 3328
f 3376 3108 3260
f 3377 3326 3160
f 3227 3378 3379
f 3380 3186 3333
f 3303 3381 3292
f 3122 3328 3375
f 3225 3382 3226
f 3245 2899 3383
f 3384 3352 3279
f 3289 3374 3258
f 3385 3344 3322
f 3317 3115 3312
f 3351 3188 3139
f 3376 3132 3108
f 3297 3263 3386
f 3339 3387 3388
f 3343 3389 3375
f 3344 3390 3314
f 3279 3336 3384
f 3190 3002 3287
f 3332 3368 3264
f 3249 3278 3193
f 3191 3304 3391
f 3392 3363 3281
f 3381 3371 3292
f 3369 3377 3160
f 3393 3280 3150
f 3329 3394 3342
f 3395 3396 3397
f 3364 3347 3301
f 3323 3174 3346
f 3156 3124 3230
f 3385 3322 3241
f 3136 3221 3200
f 3076 3166 3213
f 3330 3369 3208
f 3124 3302 3365
f 3231 3391 3304
f 3330 3331 3398
f 3399 3380 3333
f 3335 3400 3178
f 3290 3253 3318
f 3250 3401 3251
f 3402 2941 3178
f 3207 3235 3257
f 2992 3227 3252
f 3403 3404 3405
f 3150 3188 3151
f 3395 3397 3162
f 3368 3280 3393
f 3239 3328 3122
f 3394 3329 3339
f 3199 3165 3354
f 3344 3385 3390
f 3393 3150 3152
f 3162 3321 3127
f 3234 3389 3343
f 3314 3390 3356
f 3358 2899 2708
f 3326 3377 3406
f 3375 3407 3122
f 3171 3408 3172
f 3255 3265 3315
f 3326 3406 3223
f 3311 3409 3235
f 2985 2959 3113
f 3164 3314 3165
f 3389 3410 3375
f 3295 3411 3307
f 3389 3234 3412
f 3249 3413 3303
f 3414 3384 3336
f 3228 3415 3416
f 3062 3283 3242
f 3352 3346 3174
f 3353 3417 3270
f 3073 3337 3074
f 3341 3225 3290
f 3391 3418 3191
f 3272 3342 3419
f 3381 3303 3420
f 3363 3216 3281
f 3227 3296 3378
f 2887 3203 3319
f 3289 3307 3373
f 3301 3421 3364
f 3342 3394 3422
f 3341 3382 3225
f 3245 3423 2897
f 3368 3424 3264
f 3223 3089 3238
f 3407 3114 3122
f 2523 2867 2875
f 3338 3425 3426
f 3412 3234 3213
f 3191 3418 3325
f 3427 3428 3383
f 3377 3369 3406
f 3382 3429 3430
f 3431 3432 2952
f 3413 3420 3303
f 3417 3240 3211
f 3261 3433 3302
f 3188 3359 3151
f 3434 3390 3385
f 3260 3155 3306
f 2980 3320 3281
f 3379 3435 3252
f 3324 3436 3237
f 3437 3348 3057
f 3371 3381 3438
f 3439 3356 3390
f 3440 3331 3441
f 3384 3414 3442
f 3297 3386 3443
f 3407 3375 3410
f 3444 3387 3282
f 3247 3287 3445
f 3315 3265 3446
f 3409 3285 3235
f 3421 3431 3364
f 3369 3330 3398
f 3397 3321 3162
f 3297 3198 3033
f 3227 3379 3252
f 3128 3366 3372
f 3284 3115 3104
f 3422 3419 3342
f 3447 3448 3445
f 3415 3247 3445
f 3413 3249 3251
f 3051 3126 3302
f 3255 3315 3244
f 3449 3414 3336
f 3295 3315 3411
f 3046 3358 2708
f 3339 3450 3394
f 3365 3302 3433
f 3412 3451 3452
f 3341 3340 3453
f 3421 3301 3309
f 3139 3168 3116
f 2941 3402 3308
f 3368 3393 3424
f 3420 3438 3381
f 3322 3153 3241
f 3403 3454 3206
f 3390 3434 3439
f 3412 3380 3451
f 3369 3398 3406
f 3350 3453 3340
f 3336 3274 3449
f 3072 3086 3372
f 3349 3130 3455
f 3394 3450 3422
f 3408 3171 3049
f 3364 3431 2952
f 3188 3351 3359
f 3456 3223 3406
f 3223 3457 3458
f 3450 3339 3388
f 3067 3026 3211
f 3365 3433 3459
f 3264 3460 3265
f 3382 3430 3461
f 3354 3356 3439
f 3198 3437 3057
f 3007 3258 3374
f 3462 3463 3376
f 3386 3464 3443
f 3371 3400 3335
f 3273 3441 3209
f 3228 3416 3465
f 3466 3376 3260
f 3415 3448 3467
f 3307 3411 3373
f 3114 3407 3468
f 3209 3441 3331
f 3420 3413 3251
f 3240 3309 3301
f 3315 3469 3411
f 3411 3470 3373
f 3431 3421 3309
f 3412 3213 3186
f 3471 3410 3472
f 2794 2529 2931
f 3410 3468 3407
f 3473 3442 3414
f 3474 3475 3476
f 3466 3260 3306
f 3273 3209 3140
f 2897 3423 3062
f 3477 3478 3333
f 3339 3283 3387
f 3363 3436 3324
f 3440 3441 3479
f 3284 3480 3115
f 3392 3481 3436
f 3334 3230 3482
f 3417 3353 3483
f 3414 3449 3473
f 3484 3485 3130
f 3398 3456 3406
f 3370 3271 3237
f 3372 3366 3073
f 3439 3434 3486
f 3309 3310 3487
f 3206 3221 3136
f 3425 3337 3488
f 3383 2899 3489
f 3007 3006 3258
f 3490 3305 3354
f 3374 3373 3491
f 3251 3401 3492
f 3469 3315 3446
f 3241 3434 3385
f 3338 3267 3074
f 3493 3494 3306
f 3409 3495 3484
f 3496 3231 3334
f 3412 3186 3380
f 3497 3284 3458
f 3403 2875 3404
f 3352 3384 3442
f 3450 3498 3422
f 3499 3256 3367
f 3466 3462 3376
f 3434 3500 3486
f 3501 3263 3262
f 2995 3128 3086
f 3228 3148 3247
f 3129 3285 3130
f 3240 3417 3502
f 3503 3334 3482
f 3293 3264 3254
f 3504 3200 3222
f 3251 3505 3420
f 3415 3467 3416
f 3438 3420 3506
f 3374 3491 3007
f 3049 2873 3070
f 3318 3112 3350
f 3432 3431 3507
f 3321 3508 3459
f 3395 3162 3226
f 3468 3509 3114
f 3309 3507 3431
f 3419 3422 3510
f 3463 3288 3376
f 2899 3358 3489
f 3411 3469 3470
f 3462 3511 3463
f 3410 3389 3472
f 3504 3512 3192
f 3061 2952 3432
f 3264 3424 3460
f 3513 3408 3049
f 3363 3392 3436
f 3442 3473 3514
f 3371 3438 3400
f 3400 3402 3178
f 3435 3477 3252
f 3400 3515 3516
f 3468 3410 3471
f 3517 3456 3398
f 3505 3506 3420
f 3251 3492 3505
f 3453 3350 3518
f 3488 3337 3073
f 3398 3331 3517
f 3273 3300 3519
f 3256 3184 3149
f 3382 3453 3429
f 3520 3425 3488
f 3130 3285 3484
f 3152 3521 3393
f 3355 3449 3274
f 3507 3309 3487
f 3114 3509 3291
f 3522 3473 3449
f 3198 3297 3443
f 3358 3192 3512
f 3498 3510 3422
f 3373 3470 3523
f 3462 3466 3524
f 3277 3352 3174
f 3271 2783 3237
f 3496 3391 3231
f 3498 3450 3388
f 3241 3323 3500
f 3241 3500 3434
f 3425 3525 3426
f 3357 3223 3458
f 2887 2794 3007
f 3526 3527 3528
f 3130 3485 3455
f 3373 3523 3491
f 3221 3206 3454
f 3206 2875 3403
f 3438 3506 3529
f 3461 3226 3382
f 3507 3530 3432
f 3531 3469 3446
f 3359 3532 3151
f 3330 3208 3209
f 3533 3349 3455
f 3425 3338 3337
f 3134 3270 3211
f 3534 3535 3536
f 3480 3312 3115
f 2978 2941 3308
f 3472 3412 3452
f 3516 3534 3402
f 3400 3516 3402
f 2566 3028 2912
f 3400 3529 3515
f 3537 3538 3521
f 3476 3475 3539
f 3540 3541 3250
f 3359 3348 3542
f 3509 3468 3471
f 3470 3469 3543
f 3518 3429 3453
f 3417 3211 3270
f 3349 3533 3366
f 3284 3357 3458
f 3288 3132 3376
f 3457 3544 3458
f 3321 3459 3433
f 3501 3545 3546
f 3472 3389 3412
f 3547 3514 3473
f 3327 3070 2838
f 3473 3522 3547
f 3440 3517 3331
f 3151 3548 3152
f 3382 3341 3453
f 3293 3332 3264
f 3449 3355 3522
f 3549 3404 2875
f 3437 3198 3443
f 3285 3409 3484
f 3228 3247 3415
f 3311 3317 3312
f 3491 3204 3007
f 3255 3244 3125
f 3436 3370 3237
f 3506 3505 3492
f 3387 3550 3388
f 3500 3323 3551
f 3491 3552 3204
f 3070 3327 3049
f 3334 3503 3496
f 3532 3548 3151
f 3553 3325 3418
f 3388 3554 3498
f 3441 3519 3479
f 3221 3454 3222
f 3477 3435 3555
f 3524 3466 3306
f 3501 3262 3545
f 3556 3488 3073
f 3557 3558 3325
f 3530 3507 3487
f 3489 3358 3512
f 3240 3502 3310
f 3311 3559 3409
f 3228 3149 3148
f 3345 3346 3560
f 3550 3387 3444
f 3509 3561 3291
f 3543 3523 3470
f 3521 3538 3562
f 3310 3502 3563
f 3359 3542 3532
f 3288 3445 3287
f 3471 3564 3509
f 3513 3049 3327
f 3506 3565 3529
f 3501 3386 3263
f 3477 3205 3252
f 3352 3442 3346
f 3517 3457 3456
f 3469 3531 3543
f 3566 3564 3471
f 3540 3432 3530
f 3482 3459 3508
f 3323 3345 3551
f 3425 3567 3525
f 3510 3498 3568
f 3493 3305 3490
f 3298 3549 2875
f 3523 3569 3491
f 3461 3395 3226
f 3570 3566 3471
f 3571 3547 3522
f 3282 3423 3428
f 3572 3511 3462
f 3548 3526 3528
f 3321 3433 3261
f 3554 3388 3550
f 3492 3573 3506
f 3574 3522 3355
f 3423 3282 3062
f 3477 3333 3205
f 3575 3545 3262
f 3514 3576 3577
f 3134 3133 3269
f 2794 3013 3006
f 3578 3392 3320
f 3403 3579 3580
f 3503 3482 3581
f 3299 3568 3582
f 3327 3370 3583
f 3152 3537 3521
f 3584 3430 3429
f 3496 3418 3391
f 3524 3572 3462
f 3585 3531 3446
f 3392 3281 3320
f 3250 3586 3401
f 3554 3568 3498
f 3501 3546 3464
f 3487 3587 3530
f 3522 3574 3571
f 3506 3573 3565
f 3509 3564 3561
f 3588 3589 3327
f 3430 3590 3461
f 3269 3426 3353
f 3486 3354 3439
f 3499 3296 3256
f 3441 3273 3519
f 3319 3578 3320
f 3429 3518 3360
f 3367 3591 3499
f 3592 3440 3479
f 3593 3486 3500
f 3228 3465 3594
f 3354 3165 3356
f 3454 3580 3222
f 3595 3586 3596
f 3517 3597 3457
f 3529 3598 3515
f 3403 3580 3454
f 3501 3464 3386
f 3599 3560 3577
f 3223 3456 3457
f 3547 3571 3576
f 3424 3521 3460
f 3493 3306 3305
f 3540 3600 3541
f 3467 3601 3602
f 3603 3497 3458
f 3562 3604 3605
f 3548 3532 3606
f 3397 3607 3321
f 3608 3299 3582
f 3573 3492 3609
f 3379 3610 3555
f 3611 3553 3503
f 3455 3612 3533
f 3499 3378 3296
f 3613 3396 3395
f 3523 3543 3569
f 3267 3338 3269
f 3540 3587 3600
f 3559 3311 3313
f 3350 3291 3361
f 3401 3609 3492
f 3367 3614 3591
f 3521 3424 3393
f 3430 3584 3590
f 3517 3440 3592
f 3553 3496 3503
f 3481 3615 3436
f 3401 3586 3595
f 3360 3584 3429
f 3616 3617 3618
f 3564 3566 3619
f 3554 3582 3568
f 3620 3607 3397
f 3380 3399 3451
f 3170 3574 3355
f 3542 3476 3621
f 3622 3571 3574
f 3616 3533 3612
f 3592 3623 3597
f 3387 3283 3282
f 3310 3624 3487
f 3585 3625 3626
f 3593 3627 3628
f 3587 3487 3624
f 3560 3346 3577
f 3542 3621 3532
f 3545 3558 3629
f 3630 3481 3578
f 3620 3397 3396
f 3543 3531 3631
f 3558 3575 3325
f 3565 3573 3632
f 3554 3633 3582
f 3511 3572 3634
f 3486 3593 3354
f 3635 3583 3370
f 3636 3576 3571
f 3609 3637 3573
f 3203 3638 3319
f 3538 3537 3528
f 2872 3355 3274
f 3553 3418 3496
f 3613 3395 3461
f 3436 3615 3635
f 3561 3564 3619
f 3562 3605 3460
f 3551 3639 3640
f 3545 3629 3546
f 3571 3622 3636
f 3457 3597 3544
f 3609 3401 3595
f 3605 3446 3460
f 3529 3565 3598
f 3641 3607 3620
f 3438 3529 3400
f 3485 3484 3617
f 3637 3632 3573
f 3229 3228 3594
f 3621 3642 3606
f 3553 3557 3325
f 3606 3526 3548
f 3353 3426 3483
f 3566 3643 3619
f 3593 3490 3354
f 3428 3245 3383
f 3574 3170 3622
f 3644 3399 3333
f 3613 3645 3646
f 3497 3480 3284
f 3647 3613 3461
f 3545 3575 3558
f 3570 3472 3452
f 3446 3265 3460
f 3551 3345 3639
f 3504 3192 3200
f 3442 3514 3346
f 3521 3562 3460
f 2978 2942 2941
f 3321 3607 3508
f 3543 3648 3569
f 3517 3592 3597
f 3611 3503 3649
f 3650 3590 3584
f 3538 3651 3562
f 3630 3578 3638
f 3551 3593 3500
f 3632 3598 3565
f 3530 3587 3540
f 3592 3479 3623
f 3652 3495 3559
f 3653 3310 3563
f 3419 3299 3273
f 3605 3654 3446
f 3365 3459 3482
f 3624 3600 3587
f 3637 3609 3595
f 3567 3520 3655
f 3531 3585 3631
f 3489 3656 3657
f 3658 3403 3405
f 3540 3061 3432
f 3620 3396 3641
f 3659 3651 3660
f 3576 3661 3577
f 3569 3552 3491
f 3611 3557 3553
f 3489 3657 3383
f 3662 3663 3483
f 3548 3528 3537
f 3624 3310 3653
f 3557 3664 3558
f 3554 3550 3633
f 3619 3665 3561
f 3319 3638 3578
f 3590 3650 3647
f 3616 3618 3666
f 3570 3471 3472
f 3667 3636 3622
f 3668 3475 3474
f 3584 3360 3669
f 3272 3419 3273
f 3586 3250 3670
f 3671 3669 3362
f 3417 3483 3502
f 3548 3537 3152
f 3640 3672 3673
f 3562 3651 3604
f 2872 3049 3171
f 3346 3514 3577
f 3230 3365 3482
f 3633 3444 3674
f 3632 3637 3675
f 3437 3443 3474
f 3425 3520 3567
f 3676 3622 3170
f 3479 3519 3677
f 3299 3510 3568
f 3203 3678 3638
f 3635 3679 3583
f 3170 3680 3676
f 3641 3681 3682
f 3551 3640 3593
f 3589 3513 3327
f 3669 3650 3584
f 3419 3510 3299
f 3436 3635 3370
f 3595 3675 3637
f 3677 3623 3479
f 3621 3606 3532
f 3588 3327 3583
f 3645 3613 3647
f 3361 3518 3350
f 3550 3444 3633
f 3616 3366 3533
f 3621 3476 3683
f 3345 3560 3639
f 3680 3170 3172
f 3600 3624 3653
f 3636 3667 3661
f 3598 3632 3684
f 3661 3685 3577
f 3658 3686 3687
f 3667 3688 3689
f 3497 3690 3313
f 3580 3691 3222
f 3556 3366 3616
f 3649 3581 3692
f 3693 3694 3695
f 3629 3696 3546
f 3543 3631 3648
f 3688 3697 3689
f 3649 3503 3581
f 3631 3698 3648
f 3699 3300 3700
f 3536 3535 3701
f 3702 3597 3623
f 3515 3534 3516
f 3643 3703 3704
f 3651 3538 3660
f 3515 3598 3705
f 3675 3684 3632
f 3644 3333 3478
f 3546 3474 3464
f 3706 3707 3677
f 3481 3392 3578
f 3665 3619 3643
f 3708 3447 3511
f 3709 3710 3512
f 3585 3446 3654
f 3711 3642 3621
f 3204 3552 3712
f 3610 3379 3378
f 3713 3647 3650
f 3559 3495 3409
f 3527 3660 3528
f 3493 3714 3715
f 3367 3229 3594
f 3383 3657 3427
f 3603 3458 3544
f 3494 3715 3572
f 3248 3154 3317
f 3694 3527 3695
f 3569 3648 3552
f 3716 3599 3577
f 3623 3677 3702
f 3613 3717 3396
f 3718 3556 3616
f 3676 3680 3688
f 3675 3595 3596
f 3557 3719 3720
f 3338 3426 3269
f 3557 3720 3664
f 3627 3640 3673
f 3641 3396 3681
f 3684 3721 3598
f 3635 3615 3679
f 3428 3722 3282
f 3631 3723 3698
f 3447 3445 3288
f 3601 3448 3447
f 3599 3639 3560
f 3653 3724 3600
f 3408 3513 3725
f 3647 3713 3645
f 3648 3726 3552
f 3649 3727 3611
f 3607 3641 3508
f 3534 3515 3705
f 3721 3705 3598
f 3650 3669 3713
f 3689 3661 3667
f 3664 3728 3629
f 3665 3361 3561
f 3633 3729 3582
f 3527 3694 3660
f 3474 3348 3437
f 3667 3676 3688
f 3514 3547 3576
f 3659 3660 3730
f 3643 3731 3703
f 3428 3423 3245
f 3732 3298 3308
f 3733 3563 3502
f 3734 3735 3736
f 3627 3593 3640
f 3361 3704 3737
f 3170 3355 3171
f 3612 3455 3485
f 3597 3702 3738
f 3640 3639 3672
f 3630 3638 3678
f 3559 3739 3740
f 3684 3675 3596
f 3325 3575 3262
f 3555 3741 3478
f 3696 3668 3474
f 3742 3444 3282
f 3685 3735 3577
f 3579 3743 3691
f 3525 3744 3745
f 3727 3649 3692
f 3680 3172 3746
f 3361 3360 3518
f 3581 3747 3692
f 3724 3653 3563
f 3660 3694 3730
f 3579 3658 3743
f 3594 3465 3614
f 3690 3748 3739
f 3474 3476 3542
f 3696 3629 3749
f 3707 3702 3677
f 3465 3750 3614
f 3662 3483 3426
f 3648 3698 3751
f 3752 3416 3467
f 3729 3633 3674
f 3590 3647 3461
f 3751 3726 3648
f 3582 3729 3608
f 3753 3671 3362
f 3754 3755 3742
f 3750 3465 3416
f 3520 3488 3556
f 3711 3621 3683
f 3481 3756 3615
f 3644 3741 3757
f 3361 3291 3561
f 3661 3689 3685
f 3555 3478 3477
f 3639 3599 3672
f 3474 3443 3464
f 3758 3610 3759
f 3667 3622 3676
f 3452 3731 3570
f 3721 3684 3760
f 3367 3594 3614
f 3474 3542 3348
f 3710 3656 3489
f 3361 3737 3362
f 3524 3494 3572
f 3665 3643 3704
f 3556 3073 3366
f 3596 3761 3684
f 3671 3713 3669
f 3585 3626 3723
f 3566 3570 3731
f 3762 3645 3713
f 3702 3707 3738
f 3535 3763 3701
f 3222 3691 3504
f 3764 3731 3452
f 3765 3692 3747
f 3669 3360 3362
f 3766 3630 3678
f 3691 3767 3504
f 3679 3615 3768
f 3526 3606 3642
f 3508 3641 3682
f 3448 3415 3445
f 3447 3288 3463
f 3519 3300 3706
f 3563 3769 3724
f 3683 3476 3539
f 3552 3726 3712
f 3546 3696 3474
f 3765 3770 3692
f 3771 3589 3588
f 3761 3760 3684
f 3593 3628 3490
f 3724 3541 3600
f 3645 3762 3646
f 3627 3673 3628
f 3772 3626 3625
f 3558 3664 3629
f 3749 3668 3696
f 3718 3616 3666
f 3773 3774 3775
f 3776 3670 3541
f 3777 3778 3779
f 3727 3770 3557
f 3605 3604 3654
f 3780 3672 3599
f 3711 3695 3642
f 3781 3535 3534
f 3685 3689 3782
f 3689 3783 3782
f 3713 3671 3762
f 3581 3784 3747
f 3729 3785 3786
f 3787 3788 3451
f 3756 3768 3615
f 3789 3751 3698
f 3435 3379 3555
f 3698 3723 3789
f 3499 3610 3378
f 3761 3596 3790
f 3588 3583 3679
f 3651 3659 3604
f 3690 3497 3603
f 3579 3403 3658
f 3585 3654 3625
f 3791 3738 3707
f 3792 3697 3688
f 3785 3793 3786
f 3794 3495 3652
f 3527 3526 3695
f 3710 3489 3512
f 3682 3681 3795
f 3643 3566 3731
f 3726 3751 3796
f 3483 3663 3797
f 3798 3790 3586
f 3799 3673 3672
f 3720 3728 3664
f 3716 3780 3599
f 3601 3467 3448
f 3787 3399 3800
f 3787 3451 3399
f 3729 3786 3608
f 3688 3680 3792
f 3707 3706 3791
f 3769 3563 3801
f 3790 3798 3802
f 3803 3172 3408
f 3770 3727 3692
f 3540 3250 3061
f 3524 3306 3494
f 3804 3628 3673
f 3724 3769 3776
f 3193 3061 3250
f 3726 3796 3712
f 3202 3805 3678
f 3656 3806 3807
f 3731 3764 3703
f 3729 3674 3785
f 3612 3485 3617
f 3734 3716 3735
f 3604 3659 3654
f 3630 3756 3481
f 3672 3780 3799
f 3631 3585 3723
f 3689 3697 3783
f 3742 3674 3444
f 3668 3808 3809
f 3797 3502 3483
f 3760 3761 3810
f 3646 3762 3811
f 3784 3581 3482
f 3790 3812 3761
f 3749 3629 3728
f 3682 3482 3508
f 3526 3642 3695
f 3743 3813 3691
f 3202 3678 3203
f 3447 3463 3511
f 3683 3814 3815
f 3733 3801 3563
f 3557 3611 3727
f 3770 3719 3557
f 3743 3658 3813
f 3538 3528 3660
f 3673 3799 3804
f 3723 3626 3789
f 3705 3760 3781
f 3580 3579 3691
f 3816 3817 3818
f 3819 3618 3820
f 3737 3821 3362
f 3697 3792 3783
f 3822 3762 3671
f 3738 3791 3823
f 3711 3683 3815
f 3717 3681 3396
f 3812 3810 3761
f 3512 3767 3824
f 3801 3776 3769
f 3618 3825 3820
f 3826 3300 3827
f 3786 3828 3608
f 3809 3539 3475
f 3703 3829 3704
f 3699 3791 3706
f 3751 3789 3830
f 3788 3787 3831
f 3832 3784 3482
f 3787 3800 3831
f 3749 3833 3668
f 3751 3830 3796
f 3576 3636 3661
f 3659 3730 3834
f 3780 3716 3835
f 3835 3799 3780
f 3810 3781 3760
f 3616 3612 3617
f 3497 3313 3480
f 3703 3836 3829
f 3762 3822 3811
f 3172 3803 3837
f 3695 3711 3815
f 3536 3308 3402
f 3774 3773 3549
f 3812 3790 3802
f 3752 3750 3416
f 3838 3805 3202
f 3705 3721 3760
f 3752 3467 3602
f 3839 3720 3719
f 3746 3792 3680
f 3840 3841 3842
f 3452 3451 3788
f 3798 3843 3802
f 3788 3764 3452
f 3724 3776 3541
f 3753 3822 3671
f 3399 3644 3800
f 3708 3511 3634
f 3789 3844 3830
f 3519 3706 3677
f 3741 3644 3478
f 3738 3544 3597
f 3791 3699 3823
f 3758 3845 3846
f 3525 3567 3744
f 3690 3739 3313
f 3742 3755 3674
f 3753 3362 3847
f 3839 3719 3770
f 3848 3783 3792
f 3801 3849 3776
f 3740 3652 3559
f 3850 3851 3852
f 3670 3776 3849
f 3783 3853 3782
f 3720 3854 3728
f 3733 3841 3801
f 3805 3766 3678
f 3813 3658 3687
f 3855 3803 3725
f 3810 3812 3802
f 3738 3823 3856
f 3704 3829 3737
f 3834 3857 3654
f 3734 3835 3716
f 3797 3858 3733
f 3783 3848 3853
f 3703 3764 3859
f 3313 3312 3480
f 3693 3695 3860
f 3792 3746 3848
f 3795 3832 3482
f 3861 3766 3838
f 3862 3725 3513
f 3766 3756 3630
f 3861 3863 3756
f 3404 3549 3773
f 3841 3849 3801
f 3628 3864 3490
f 3734 3736 3865
f 3755 3785 3674
f 3857 3625 3654
f 3837 3803 3866
f 3732 3774 3549
f 3828 3827 3608
f 3781 3810 3867
f 3690 3603 3868
f 3869 3657 3656
f 3830 3870 3796
f 3839 3770 3871
f 3872 3308 3536
f 3822 3873 3811
f 3849 3874 3670
f 3679 3768 3588
f 3875 3749 3728
f 3404 3773 3405
f 3782 3876 3735
f 3831 3877 3859
f 3813 3767 3691
f 3878 3808 3833
f 3879 3816 3586
f 3853 3876 3782
f 3361 3665 3704
f 3687 3880 3881
f 3802 3882 3810
f 3883 3884 3885
f 3886 3755 3887
f 3699 3706 3300
f 3670 3250 3541
f 3813 3687 3767
f 3789 3626 3844
f 3888 3889 3588
f 3758 3555 3610
f 3765 3747 3890
f 3613 3646 3717
f 3722 3891 3754
f 3827 3300 3299
f 3836 3892 3829
f 3868 3893 3690
f 3662 3426 3525
f 3750 3591 3614
f 3854 3894 3875
f 3861 3838 3895
f 3838 3202 3896
f 3897 3898 3899
f 3874 3879 3670
f 3900 3901 3857
f 3737 3829 3821
f 3882 3867 3810
f 3738 3856 3544
f 3755 3886 3785
f 3795 3681 3902
f 3835 3734 3903
f 3857 3904 3625
f 3778 3774 3732
f 3732 3549 3298
f 3788 3831 3859
f 3831 3905 3877
f 3906 3447 3708
f 3828 3786 3793
f 3822 3753 3907
f 3908 3826 3827
f 3741 3909 3757
f 3668 3809 3475
f 3741 3555 3758
f 3617 3484 3495
f 3668 3833 3808
f 3869 3428 3427
f 3746 3910 3848
f 3883 3556 3718
f 3854 3875 3728
f 3848 3910 3853
f 3841 3840 3849
f 3766 3861 3756
f 3765 3871 3770
f 3628 3852 3864
f 3559 3313 3739
f 3685 3782 3735
f 3874 3849 3840
f 3730 3694 3693
f 3746 3172 3837
f 3746 3837 3911
f 3912 3832 3902
f 3913 3591 3914
f 3915 3916 3900
f 3856 3868 3603
f 3798 3586 3816
f 3626 3772 3844
f 3915 3693 3860
f 3901 3917 3918
f 3854 3919 3920
f 3202 3921 3896
f 3300 3826 3700
f 3662 3745 3922
f 3793 3785 3886
f 3907 3873 3822
f 3892 3821 3829
f 3882 3802 3843
f 3797 3733 3502
f 3923 3906 3708
f 3588 3889 3771
f 3840 3842 3924
f 3910 3746 3911
f 3799 3835 3903
f 3805 3838 3766
f 3733 3858 3842
f 3634 3923 3708
f 3830 3844 3870
f 3634 3572 3923
f 3493 3864 3925
f 3811 3717 3646
f 3841 3733 3842
f 3722 3742 3282
f 3703 3859 3877
f 3865 3903 3734
f 3847 3907 3753
f 3877 3926 3836
f 3796 3870 3927
f 3875 3833 3749
f 3863 3768 3756
f 3823 3928 3856
f 3798 3929 3843
f 3204 3712 3930
f 3931 3887 3932
f 3874 3933 3879
f 3905 3934 3935
f 3788 3859 3764
f 3824 3936 3709
f 3800 3934 3905
f 3811 3937 3938
f 3886 3939 3793
f 3867 3882 3940
f 3539 3814 3683
f 3757 3800 3644
f 3758 3909 3741
f 3869 3427 3657
f 3703 3877 3836
f 3794 3941 3825
f 3534 3705 3781
f 3858 3797 3663
f 3843 3942 3882
f 3943 3944 3945
f 3591 3946 3499
f 3617 3794 3825
f 3796 3927 3712
f 3682 3795 3482
f 3945 3798 3816
f 3860 3947 3948
f 3894 3854 3920
f 3861 3895 3863
f 3716 3577 3735
f 3844 3772 3949
f 3811 3938 3717
f 3858 3662 3922
f 3821 3892 3950
f 3856 3928 3951
f 3952 3893 3868
f 3910 3953 3853
f 3905 3926 3877
f 3887 3891 3932
f 3839 3871 3854
f 3744 3567 3655
f 3755 3754 3887
f 3954 3905 3935
f 3827 3299 3608
f 3811 3873 3937
f 3942 3940 3882
f 3876 3853 3955
f 3362 3956 3847
f 3957 3886 3887
f 3834 3900 3857
f 3844 3958 3870
f 3875 3959 3833
f 3808 3960 3809
f 3903 3804 3799
f 3693 3834 3730
f 3838 3961 3895
f 3909 3758 3846
f 3793 3939 3962
f 3871 3765 3963
f 3913 3914 3897
f 3886 3957 3939
f 3872 3732 3308
f 3493 3925 3714
f 3878 3964 3960
f 3915 3860 3965
f 3740 3966 3652
f 3892 3836 3967
f 3903 3865 3968
f 3867 3535 3781
f 3828 3793 3962
f 3928 3823 3699
f 3969 3921 3202
f 3875 3894 3959
f 3659 3834 3654
f 3745 3662 3525
f 3695 3815 3860
f 3874 3924 3933
f 3856 3603 3544
f 3520 3883 3655
f 3967 3950 3892
f 3953 3955 3853
f 3970 3971 3891
f 3870 3958 3927
f 3942 3843 3929
f 3972 3973 3974
f 3572 3715 3923
f 3900 3916 3901
f 3589 3771 3975
f 3976 3902 3681
f 3921 3969 3977
f 3910 3978 3953
f 3836 3979 3967
f 3968 3850 3852
f 3910 3911 3978
f 3709 3512 3824
f 3980 3981 3982
f 3494 3493 3715
f 3894 3983 3984
f 3985 3858 3986
f 3869 3970 3891
f 3912 3784 3832
f 3963 3765 3890
f 3939 3957 3987
f 3589 3975 3862
f 3700 3928 3699
f 3974 3988 3989
f 3686 3880 3687
f 3926 3905 3954
f 3687 3881 3767
f 3894 3920 3983
f 3962 3939 3987
f 3903 3968 3852
f 3863 3990 3768
f 3844 3949 3958
f 3832 3795 3902
f 3693 3915 3900
f 3362 3821 3950
f 3873 3907 3937
f 3202 3204 3969
f 3991 3625 3904
f 3959 3894 3984
f 3992 3993 3994
f 3758 3759 3845
f 3768 3888 3588
f 3874 3840 3924
f 3968 3995 3850
f 3858 3663 3662
f 3940 3942 3996
f 3960 3539 3809
f 3929 3997 3942
f 3836 3954 3979
f 3953 3978 3955
f 3591 3750 3914
f 3784 3890 3747
f 3998 3941 3966
f 3752 3898 3914
f 3736 3989 3995
f 3858 3922 3986
f 3826 3999 3700
f 3890 4000 3963
f 3362 3950 3956
f 3912 3902 4001
f 3539 3960 3814
f 3867 4002 3535
f 3898 3897 3914
f 3534 3536 3402
f 3856 3952 3868
f 3954 3935 4003
f 3837 4004 3911
f 4005 3898 3601
f 3949 3772 3991
f 3748 4006 3739
f 3831 3800 3905
f 3838 3896 3961
f 3950 3967 4007
f 3931 3957 3887
f 3995 4008 3850
f 3985 3842 3858
f 4009 3718 3666
f 3610 3499 3946
f 3924 4010 3933
f 3884 3883 3718
f 3933 4011 3879
f 3997 3996 3942
f 3884 3718 4009
f 3907 4012 3937
f 3759 3946 4013
f 3978 4014 3972
f 4015 3987 3957
f 3591 3913 3946
f 3883 3744 3655
f 3975 4016 3862
f 3864 3493 3490
f 3879 3586 3670
f 4017 3975 3771
f 3999 4018 3928
f 3914 3750 3752
f 3958 4019 3927
f 3815 3814 3947
f 3700 3999 3928
f 3693 3900 3834
f 3950 4020 3956
f 3940 3996 4002
f 3903 3852 3804
f 3701 4021 4022
f 3957 3931 4015
f 3628 3804 3852
f 4023 3989 3988
f 3794 3617 3495
f 4024 3745 3744
f 3709 4025 3806
f 4026 3725 3862
f 3906 4027 3601
f 4011 3816 3879
f 3997 3929 3944
f 4028 4029 4030
f 3919 3854 3980
f 3978 4004 4014
f 4017 4016 3975
f 3819 3820 4031
f 3878 3960 3808
f 3895 3961 4032
f 3955 3978 3972
f 4033 3958 3949
f 3943 3945 4034
f 3924 3985 4010
f 3954 4003 3979
f 3979 4007 3967
f 4024 3744 4035
f 3895 3990 3863
f 3771 4036 4017
f 4030 4029 3686
f 3837 4037 4038
f 3690 3893 3748
f 3854 3871 3963
f 3938 3937 4039
f 4040 4001 4041
f 3962 4042 3827
f 4011 3933 4010
f 4043 4004 3837
f 3896 4044 3961
f 4045 3934 3800
f 3405 4046 4030
f 3919 3980 3982
f 3773 4046 3405
f 3949 3991 4047
f 3880 4029 3881
f 3656 3710 3806
f 3909 4048 3757
f 3999 4049 4018
f 3987 4015 4050
f 3909 3846 4048
f 4037 3837 3866
f 3854 3963 3980
f 4023 4051 3989
f 3759 3610 3946
f 3759 4013 3845
f 3996 3997 3944
f 3836 3926 3954
f 3938 4052 3717
f 3931 3932 4053
f 4017 4036 4016
f 3405 3686 3658
f 3995 4054 4008
f 4055 3937 4012
f 4056 3913 3897
f 3720 3839 3854
f 3916 4057 4058
f 3951 4018 4059
f 3916 3965 4057
f 4033 3949 4047
f 3951 4059 4060
f 3586 3790 3596
f 4053 4015 3931
f 3972 3974 3989
f 3784 4040 3890
f 4026 3855 3725
f 3878 3833 3959
f 4040 3912 4001
f 3993 3956 3994
f 3955 3736 3876
f 3918 4061 3904
f 3950 4007 4020
f 3807 3869 3656
f 3816 4011 4062
f 3837 4038 4043
f 4063 3807 3806
f 3958 4033 4064
f 3996 4065 4002
f 4064 4019 3958
f 3961 4044 4032
f 4066 4048 4067
f 3993 3847 3956
f 3921 3977 4044
f 3965 3948 4057
f 4010 4062 4011
f 3895 4032 4068
f 3862 4016 4026
f 3937 4069 4039
f 4042 4070 3827
f 4026 4016 4036
f 3978 3911 4004
f 3850 4071 3851
f 4043 4014 4004
f 3962 3987 4050
f 4019 4072 3927
f 3990 4068 3888
f 4029 4028 3881
f 3901 4058 3917
f 4071 4073 3864
f 3860 3815 3947
f 3722 3754 3742
f 4061 4074 4075
f 3944 4076 3996
f 3828 3962 3827
f 4010 4077 4078
f 3880 3686 4029
f 3895 4068 3990
f 4079 4050 4015
f 3927 3930 3712
f 4015 4053 4079
f 3924 3842 3985
f 3898 3602 3601
f 3883 3520 3556
f 3999 3826 4049
f 4007 3979 4080
f 4057 3948 4081
f 4082 4028 4030
f 3923 4083 3906
f 3959 3984 3878
f 3993 4055 4012
f 4046 3773 3775
f 4076 4065 3996
f 3923 4084 4083
f 3763 4002 4085
f 3850 4008 4071
f 3929 3798 3945
f 3908 4049 3826
f 3867 3940 4002
f 3709 3806 3710
f 3901 3916 4058
f 4065 4085 4002
f 3979 4003 4080
f 3968 3865 3995
f 4077 3985 3986
f 4012 3907 3847
f 3851 4071 3864
f 4007 4080 4020
f 3901 3904 3857
f 4043 4038 4014
f 3891 3971 4086
f 3896 3921 4044
f 3666 3618 3819
f 3819 4087 3666
f 4037 4088 4089
f 4090 4040 4041
f 4091 4023 3988
f 4033 4047 4064
f 4062 4010 4078
f 4072 4092 4093
f 3883 4094 3744
f 3938 4039 4052
f 3883 3885 4094
f 3998 3966 4006
f 4095 4024 4035
f 3951 3928 4018
f 4068 4032 4096
f 3768 3990 3888
f 3916 3915 3965
f 3887 3754 3891
f 3991 4061 4075
f 3946 3913 4013
f 3937 4055 4069
f 4068 4096 3888
f 4097 4079 4053
f 4098 4080 4003
f 3960 3964 3814
f 4099 4100 3897
f 4052 3681 3717
f 4019 4064 4092
f 3803 3408 3725
f 4076 3944 4101
f 3944 3929 3945
f 3935 4098 4003
f 3956 4020 4102
f 3906 4083 4027
f 4092 4103 4093
f 4050 4079 4104
f 4049 4105 4018
f 4104 4106 4042
f 3893 4107 4006
f 4028 4108 3881
f 3878 4109 4110
f 4111 4112 4113
f 4055 3993 4069
f 4066 4067 4114
f 3973 3972 4014
f 3589 3862 3513
f 4071 4008 4115
f 4065 4116 4085
f 4101 3944 3943
f 4054 4117 4008
f 3913 4056 4013
f 4047 4118 4119
f 4072 4093 4120
f 3535 4002 3763
f 3852 3851 3864
f 4121 3864 4073
f 4044 4122 4032
f 4053 3932 4097
f 3752 3602 3898
f 4064 4047 4119
f 4047 3991 4118
f 4079 4097 4104
f 4080 4123 4020
f 4038 4124 4014
f 4125 3981 4126
f 3906 3601 3447
f 4018 4105 4059
f 4117 4115 4008
f 3991 3772 3625
f 4127 4128 4126
f 4049 3908 4129
f 3889 3888 4130
f 4076 4116 4065
f 3618 3617 3825
f 4000 3980 3963
f 4050 4104 4042
f 4052 4039 4131
f 4132 4133 4095
f 4094 4035 3744
f 4024 4095 4134
f 4006 4135 4136
f 3893 4006 3748
f 3994 3956 4102
f 4020 4123 4102
f 4080 4098 4113
f 3891 4137 3932
f 3767 3512 3504
f 3784 3912 4040
f 4021 3763 4085
f 4115 4073 4071
f 4124 4038 4037
f 4036 3771 3889
f 4052 4131 3976
f 4026 4036 4138
f 4127 4090 4041
f 3803 4139 3866
f 4058 4140 4141
f 4006 3966 3740
f 4140 4142 4141
f 3405 4030 3686
f 4143 4144 4070
f 4129 4105 4049
f 3964 3947 3814
f 4124 3973 4014
f 3955 3972 3989
f 4098 3935 4113
f 3992 4069 3993
f 3935 3934 4145
f 4010 3985 4077
f 3927 4120 3930
f 3869 3722 3428
f 4117 4054 4051
f 4052 3976 3681
f 4087 4009 3666
f 4119 4092 4064
f 4146 3817 4078
f 4080 4147 4123
f 4148 4039 4069
f 4104 4149 4106
f 3908 4144 4129
f 4150 4151 4152
f 3901 3918 3904
f 4072 4019 4092
f 4138 4036 3889
f 3897 3899 4099
f 4061 3918 4074
f 4127 4126 4000
f 4028 4082 4108
f 3965 3860 3948
f 4153 4097 3932
f 4138 3889 4154
f 4058 4141 3917
f 4137 3891 4086
f 4155 4156 3936
f 3992 3994 4157
f 3736 3995 3865
f 4082 4030 4158
f 3918 4159 4074
f 3980 4000 4126
f 4039 4160 4131
f 4078 3816 4062
f 4027 4161 4005
f 4104 4162 4149
f 3951 4060 3952
f 4145 3934 4066
f 4034 3945 3816
f 4076 4101 4116
f 4115 4117 4163
f 3952 4060 4164
f 4051 4054 3989
f 4051 4165 4117
f 4097 4153 4162
f 4166 4059 4105
f 4069 3992 4148
f 4167 4168 3714
f 4169 4118 4170
f 4022 3732 3872
f 4110 4171 4172
f 3701 3763 4021
f 3955 3989 3736
f 4121 4173 3864
f 4025 3936 4156
f 4021 4174 3779
f 4124 4037 4089
f 3943 4175 4101
f 4006 3740 3739
f 4124 4176 3973
f 3869 3807 4177
f 3962 4050 4042
f 4005 3601 4027
f 4105 4129 4166
f 3998 4006 4136
f 4178 4179 4180
f 4158 4030 4181
f 4165 4163 4117
f 3652 3966 3941
f 3878 4110 3964
f 4182 3943 4034
f 4102 4183 3994
f 3820 3825 3941
f 4083 4161 4027
f 3819 4031 4184
f 4058 4057 4140
f 4101 4175 4116
f 3982 4185 3983
f 4059 4166 4186
f 4187 4188 4189
f 4080 4113 4147
f 4190 4167 3714
f 4140 4057 4081
f 4173 3925 3864
f 4127 4000 3890
f 4026 4138 3855
f 4073 4163 4191
f 3893 4188 4107
f 3981 3980 4126
f 4146 4078 4077
f 3917 4141 4159
f 4092 4119 4103
f 4176 3974 3973
f 3736 3735 3876
f 3918 3917 4159
f 4032 4122 4192
f 4165 4051 4023
f 4039 4148 4160
f 4147 4193 4194
f 4102 4123 4147
f 3935 4111 4113
f 4040 4090 3890
f 4104 4097 4162
f 4193 4195 4194
f 4196 4067 3846
f 4176 4124 4089
f 4093 4103 4197
f 4127 4041 4198
f 4175 3943 4182
f 3869 3891 3722
f 4153 4199 4200
f 4201 4148 3992
f 3866 4202 4088
f 4129 4144 4203
f 4144 3908 4070
f 4032 4192 4096
f 4204 4041 4001
f 4162 4153 4200
f 4090 4127 3890
f 4129 4203 4166
f 4118 3991 4075
f 3970 3869 4177
f 4150 4152 4205
f 4169 4119 4118
f 4077 3986 4206
f 3922 4207 3986
f 3745 4134 3922
f 3977 4208 4209
f 3927 4072 4120
f 3767 3881 3824
f 3935 4145 4111
f 4186 4060 4059
f 4153 4137 4210
f 4166 4203 4186
f 3757 4045 3800
f 4163 4165 4211
f 4023 4212 4165
f 4168 3715 3714
f 4148 4201 4160
f 4056 3897 4100
f 4119 4213 4103
f 4214 3925 4173
f 4128 4215 4125
f 4116 4175 4216
f 4157 3994 4217
f 4070 3908 3827
f 4073 4115 4163
f 4121 4073 4191
f 3982 4218 4185
f 4205 3889 4130
f 4219 4121 4191
f 4091 3988 4220
f 3982 3983 3920
f 4182 4221 4175
f 3774 3778 3775
f 4022 3872 3701
f 4200 4149 4162
f 4157 4201 3992
f 3977 4209 4044
f 4083 4222 4161
f 4212 4211 4165
f 3856 3951 3952
f 3807 4063 4177
f 4108 3824 3881
f 4223 4169 4170
f 4140 4081 4224
f 4225 3988 3974
f 4203 4144 4143
f 4125 4126 4128
f 4221 4216 4175
f 4089 4226 4176
f 4108 4082 4158
f 4147 4112 4193
f 4215 4128 4227
f 3974 4176 4228
f 4211 4191 4163
f 4178 4143 4070
f 4131 4160 4229
f 4214 4173 4121
f 4081 4230 4224
f 4060 4231 4164
f 4031 3820 4232
f 4197 4213 4233
f 4102 4147 4183
f 4234 4235 4236
f 3775 3778 4237
f 4238 4132 3884
f 3893 3952 4188
f 4110 3947 3964
f 4239 4240 4241
f 4116 4216 4242
f 3982 3920 3919
f 4024 4134 3745
f 4116 4242 4085
f 4212 4023 4091
f 4137 4086 4210
f 3976 4243 4204
f 3794 3652 3941
f 4066 3934 4045
f 4244 4206 3986
f 4106 4149 4245
f 4209 4122 4044
f 3982 3981 4218
f 4066 4045 4048
f 3998 4246 3941
f 4119 4223 4213
f 4203 4231 4186
f 4221 4182 4247
f 4248 4160 4201
f 4249 4250 3969
f 4093 4197 4120
f 4034 4247 4182
f 4054 3995 3989
f 4226 4228 4176
f 4209 4251 4122
f 4074 4159 4252
f 4108 4253 4254
f 4255 4256 4257
f 4226 4089 4088
f 4153 3932 4137
f 3898 4005 3899
f 4111 4193 4112
f 4231 4258 4164
f 4149 4200 4245
f 4259 4198 4041
f 3976 4001 3902
f 4119 4169 4223
f 4143 4260 4203
f 4160 4248 4229
f 4070 4042 4241
f 4245 4239 4106
f 4045 3757 4048
f 4211 4212 4261
f 4262 4263 4230
f 4091 4264 4212
f 4146 4077 4206
f 4081 4262 4230
f 4223 4170 4265
f 4251 4209 4208
f 4120 4266 4267
f 4156 4268 4025
f 4147 4194 4183
f 4142 4140 4224
f 4216 4221 4269
f 4214 3714 3925
f 4191 4235 4219
f 4201 4157 4270
f 4231 4203 4260
f 4157 4217 4270
f 4247 4271 4221
f 4255 4034 4256
f 4153 4210 4199
f 4192 4130 4096
f 4264 4261 4212
f 4074 4252 4075
f 3816 4078 3817
f 4200 4199 4272
f 4022 4021 3779
f 4273 4034 4255
f 4197 4103 4213
f 3976 4274 4243
f 4083 4084 4222
f 4272 4245 4200
f 4259 4041 4204
f 3993 4012 3847
f 4275 4178 4276
f 4270 4248 4201
f 4271 4269 4221
f 4277 4154 4278
f 4247 4034 4273
f 4113 4112 4147
f 4142 4279 4141
f 4150 4205 4130
f 3715 4168 3923
f 4191 4211 4235
f 4268 4156 4280
f 4253 4158 4181
f 3866 4139 4281
f 4214 4190 3714
f 4226 4282 4228
f 4213 4223 4283
f 4159 4284 4252
f 3981 4125 4218
f 4060 4186 4231
f 4031 4232 4285
f 4216 4269 4242
f 4042 4106 4239
f 4264 4091 4220
f 4193 4111 4286
f 4046 4287 4181
f 4022 3778 3732
f 4237 3778 3777
f 3872 3536 3701
f 4174 4288 3779
f 3779 4288 4289
f 4107 4135 4006
f 4118 4075 4170
f 3947 4081 3948
f 4260 4143 4275
f 4128 4198 4227
f 4290 4192 4122
f 4291 4208 3969
f 4067 4048 3846
f 4271 4247 4273
f 4260 4292 4231
f 4279 4142 4224
f 4146 4293 4294
f 3947 4262 4081
f 4275 4143 4178
f 4193 4286 4195
f 4159 4279 4284
f 4248 4295 4229
f 4296 4297 4298
f 4056 4100 4299
f 4300 4272 4199
f 4223 4265 4283
f 4239 4245 4240
f 4231 4292 4258
f 4226 4301 4282
f 4109 4302 4110
f 4199 4210 4300
f 4303 4220 4225
f 4155 3936 3824
f 4037 3866 4088
f 4183 4194 4304
f 4286 4305 4306
f 4245 4272 4240
f 4207 4307 4308
f 4095 4035 4132
f 4261 4309 4310
f 3969 3204 3930
f 3709 3936 4025
f 4275 4292 4260
f 4161 4222 4311
f 4312 4218 4125
f 4313 4314 4066
f 4220 4309 4264
f 4313 4066 4114
f 4315 4316 3923
f 4061 3991 3904
f 4283 4233 4213
f 4316 4084 3923
f 4225 3974 4228
f 4194 4195 4304
f 4248 4270 4295
f 4269 4317 4318
f 4211 4261 4235
f 4230 4263 4319
f 4273 4317 4271
f 4229 4320 4274
f 3976 4229 4274
f 3775 4321 4046
f 4279 4224 4322
f 4323 4121 4219
f 4312 4324 4218
f 4155 3824 4108
f 4261 4264 4309
f 4210 4325 4300
f 3952 4164 4189
f 4005 4161 4311
f 3818 3817 4326
f 4327 4278 4328
f 4269 4318 4242
f 4228 4282 4225
f 4070 4241 4178
f 3777 4329 4330
f 4120 4197 4266
f 3778 4022 3779
f 4085 4242 4021
f 4146 4326 3817
f 4279 4159 4141
f 4316 4222 4084
f 4320 4331 4274
f 4269 4271 4317
f 4217 4332 4270
f 4272 4300 4333
f 4246 3998 4334
f 4195 4335 4304
f 4208 4336 4251
f 4086 3971 4337
f 3855 4139 3803
f 4338 3806 4025
f 3820 3941 4246
f 4261 4310 4235
f 4128 4127 4198
f 4279 4322 4284
f 4046 4181 4030
f 4309 4220 4303
f 4339 4340 4281
f 4292 4341 4258
f 4272 4333 4240
f 4226 4088 4301
f 4087 3819 4184
f 4285 4184 4031
f 4181 4342 4343
f 4188 3952 4189
f 4087 4238 4009
f 4178 4180 4276
f 3885 3884 4132
f 4277 3855 4138
f 4321 4330 4344
f 4237 3777 4330
f 4321 4237 4330
f 4224 4319 4322
f 4242 4345 4174
f 4286 4111 4305
f 4305 4145 4314
f 4021 4242 4174
f 4317 4273 4346
f 4204 4001 3976
f 4095 4307 4134
f 4273 4255 4346
f 4192 4290 4150
f 4265 4170 4347
f 4207 3922 4134
f 4088 4202 4301
f 4319 4224 4230
f 4348 4293 4244
f 4324 4349 4185
f 4034 3816 3818
f 4154 4350 4278
f 4332 4295 4270
f 4246 4351 4232
f 3855 4277 4139
f 4301 4202 4340
f 4352 4353 4354
f 4185 4109 3983
f 4286 4355 4195
f 4291 3969 4250
f 3866 4340 4202
f 4233 4283 4356
f 4357 4184 4285
f 4238 4358 4359
f 4360 4361 4311
f 4192 4150 4130
f 4238 3884 4009
f 4197 4233 4266
f 4111 4145 4305
f 4362 4276 4180
f 4309 4363 4310
f 4326 4364 3818
f 4303 4365 4309
f 4366 4336 4367
f 4314 4145 4066
f 4132 4094 3885
f 4368 4369 4307
f 4311 4222 4370
f 4333 4300 4325
f 4292 4275 4341
f 4371 4312 4372
f 4267 4249 4120
f 4317 4373 4318
f 4284 4374 4252
f 4218 4324 4185
f 4282 4375 4225
f 4340 3866 4281
f 4042 4239 4241
f 4013 4376 3845
f 4323 4190 4214
f 4377 4283 4265
f 4338 4063 3806
f 4229 4295 4320
f 4181 4343 4253
f 4336 4291 4367
f 4365 4363 4309
f 3818 4364 4256
f 4252 4298 4075
f 4227 4198 4259
f 4323 4214 4121
f 4326 4378 4364
f 4258 4379 4164
f 4295 4332 4320
f 4251 4290 4122
f 4205 4154 3889
f 4301 4380 4282
f 4240 4381 4241
f 3775 4237 4321
f 4139 4278 4281
f 4187 4189 4382
f 3777 3779 4289
f 4318 4345 4242
f 4346 4373 4317
f 4135 4107 4187
f 4333 4381 4240
f 4234 4323 4235
f 4109 3878 3984
f 4383 4384 4385
f 4086 4386 4325
f 4263 4262 4172
f 4283 4377 4356
f 4291 4250 4367
f 4277 4278 4139
f 4235 4363 4236
f 4340 4387 4301
f 4220 3988 4225
f 4277 4138 4154
f 4380 4375 4282
f 4377 4265 4347
f 4335 4388 4304
f 4355 4335 4195
f 4232 3820 4246
f 4373 4389 4318
f 4275 4276 4341
f 4333 4390 4381
f 4341 4379 4258
f 4304 4217 4183
f 4391 4355 4306
f 4389 4345 4318
f 4392 4339 4281
f 4107 4188 4187
f 4393 4177 4394
f 4253 4108 4158
f 4252 4374 4298
f 4395 4324 4312
f 4217 3994 4183
f 3976 4131 4229
f 4208 3977 3969
f 4307 4207 4134
f 4396 4365 4303
f 4205 4152 4154
f 4130 3888 4096
f 4244 4207 4308
f 4397 4322 4319
f 4387 4340 4339
f 4390 4325 4398
f 4207 4244 3986
f 4399 4391 4400
f 4146 4206 4293
f 4013 4056 4401
f 4363 4365 4402
f 4005 4311 3899
f 4380 4301 4387
f 4233 4356 4266
f 3998 4136 4334
f 4355 4286 4306
f 4304 4388 4403
f 4320 4404 4331
f 4358 4405 4406
f 4390 4398 4407
f 4238 4405 4358
f 4253 4343 4254
f 4251 4336 4290
f 4373 4346 4408
f 4284 4322 4409
f 4388 4335 4355
f 4410 4356 4377
f 4276 4362 4341
f 4390 4333 4325
f 4368 4307 4095
f 4319 4263 4397
f 4172 4262 3947
f 4411 4259 4243
f 4255 4408 4346
f 4259 4204 4243
f 4363 4402 4236
f 4336 4208 4291
f 4013 4401 4376
f 4244 4293 4206
f 4268 4338 4025
f 4365 4412 4402
f 4347 4297 4413
f 4298 4170 4075
f 4338 4414 4063
f 4304 4403 4217
f 4326 4146 4294
f 4322 4415 4409
f 4416 4298 4374
f 4185 4349 4109
f 4255 4417 4408
f 4389 4418 4419
f 4362 4180 4420
f 4320 4332 4404
f 4217 4421 4332
f 4422 4423 4416
f 4225 4383 4303
f 4377 4347 4410
f 4345 4389 4419
f 4152 4151 4424
f 4379 4341 4425
f 4345 4419 4174
f 4342 4287 4426
f 4427 4187 4428
f 4380 4387 4429
f 4343 4430 4254
f 4383 4396 4303
f 4408 4431 4373
f 4312 4125 4215
f 4241 4381 4432
f 4417 4255 4433
f 4381 4390 4432
f 4349 4302 4109
f 4434 4435 4436
f 4339 4437 4387
f 4371 4372 4438
f 4341 4362 4425
f 4254 4155 4108
f 4356 4410 4439
f 4440 4259 4441
f 4167 4190 4435
f 4389 4431 4418
f 4355 4399 4388
f 4235 4310 4363
f 4409 4442 4443
f 4356 4444 4266
f 4386 4086 4337
f 4189 4445 4446
f 4425 4447 4379
f 4263 4448 4397
f 4388 4399 4403
f 4297 4170 4298
f 4368 4133 4449
f 4343 4342 4430
f 4450 4348 4244
f 4151 4451 4424
f 4452 4293 4348
f 4376 4196 3846
f 4294 4293 4453
f 4365 4396 4412
f 4454 4433 4455
f 4322 4397 4415
f 4376 3846 3845
f 4249 3969 3930
f 4387 4437 4429
f 4366 4367 4456
f 4305 4457 4306
f 4034 3818 4256
f 4458 4243 4274
f 4459 4250 4354
f 4339 4392 4437
f 4425 4362 4420
f 4460 4410 4347
f 4399 4400 4461
f 4326 4294 4378
f 4238 4359 4132
f 4350 4462 4278
f 4463 4256 4364
f 4156 4155 4280
f 4431 4408 4417
f 4178 4241 4179
f 4392 4464 4437
f 4462 4350 4465
f 4332 4421 4404
f 4407 4432 4390
f 4266 4444 4267
f 4466 4457 4314
f 4063 4394 4177
f 4452 4453 4293
f 4222 4316 4370
f 4331 4458 4274
f 4440 4227 4259
f 4196 4114 4067
f 4410 4460 4439
f 4467 4196 4376
f 4467 4376 4401
f 4370 4315 4468
f 4453 4378 4294
f 4236 4402 4469
f 4168 4167 4315
f 4254 4470 4155
f 4336 4366 4290
f 4471 4417 4433
f 4472 4299 4100
f 4366 4473 4290
f 4170 4297 4347
f 4474 4366 4456
f 4323 4219 4235
f 4395 4349 4324
f 4475 4421 4217
f 4190 4323 4435
f 4448 4415 4397
f 4389 4373 4431
f 4476 4396 4383
f 4477 4234 4469
f 4447 4164 4379
f 4440 4372 4312
f 4478 4479 4475
f 4402 4412 4469
f 4460 4347 4413
f 4447 4425 4480
f 4446 4382 4189
f 4416 4296 4298
f 4476 4412 4396
f 4297 4296 4413
f 4431 4481 4418
f 4331 4482 4458
f 4371 4395 4312
f 4356 4439 4444
f 4475 4217 4403
f 4263 4172 4448
f 4325 4386 4398
f 4378 4483 4364
f 4234 4236 4469
f 4184 4357 4087
f 4430 4484 4470
f 4189 4485 4445
f 4476 4383 4385
f 4189 4447 4485
f 4486 4359 4358
f 4479 4404 4421
f 4419 4418 4487
f 4109 3984 3983
f 4375 4380 4429
f 4439 4460 4488
f 4409 4374 4284
f 4256 4463 4257
f 4368 4095 4133
f 4442 4409 4415
f 4395 4489 4349
f 4479 4421 4475
f 4337 4490 4491
f 4492 4440 4441
f 4334 4135 4427
f 4227 4312 4215
f 4412 4493 4469
f 4364 4483 4463
f 4437 4494 4429
f 4425 4420 4480
f 4495 4461 4400
f 4493 4412 4476
f 4473 4150 4290
f 4496 4448 4172
f 4497 4313 4114
f 4497 4114 4498
f 4433 4255 4257
f 4432 4407 4499
f 4422 4500 4423
f 4378 4501 4483
f 4502 4456 4503
f 4504 4505 4401
f 4415 4448 4442
f 4506 4507 4502
f 4299 4508 4401
f 4481 4509 4418
f 4360 4370 4510
f 4152 4424 4154
f 4407 4511 4499
f 4512 4399 4461
f 4399 4512 4403
f 4360 4311 4370
f 4257 4513 4433
f 4484 4342 4426
f 4429 4514 4375
f 4133 4515 4449
f 4278 4327 4464
f 4502 4474 4456
f 4409 4422 4374
f 4227 4440 4312
f 4331 4516 4482
f 4517 4492 4441
f 4305 4314 4457
f 4452 4348 4518
f 4426 4519 4520
f 4466 4314 4497
f 4470 4280 4155
f 4257 4463 4521
f 4430 4342 4484
f 4378 4522 4501
f 4250 4249 4354
f 4179 4241 4432
f 3947 4110 4172
f 4296 4523 4413
f 4393 3971 3970
f 4439 4524 4444
f 4114 4196 4498
f 4407 4398 4511
f 4404 4479 4516
f 4315 4370 4316
f 4467 4525 4526
f 4527 4179 4528
f 4493 4529 4469
f 4243 4458 4530
f 4416 4423 4296
f 4168 4315 3923
f 4210 4086 4325
f 4167 4435 4315
f 4493 4476 4385
f 4311 4361 3899
f 4531 4519 4287
f 4507 4506 4451
f 4321 4344 4287
f 4447 4480 4485
f 4431 4417 4481
f 4473 4451 4150
f 4399 4355 4391
f 4331 4404 4516
f 4437 4532 4494
f 4393 4337 3971
f 4334 4136 4135
f 4533 4442 4448
f 4534 4484 4426
f 4535 4403 4512
f 4411 4243 4536
f 4417 4471 4481
f 4444 4537 4267
f 4489 4438 4538
f 4489 4371 4438
f 4479 4539 4516
f 4540 4468 4315
f 4394 4541 4393
f 4420 4180 4542
f 4422 4416 4374
f 4393 3970 4177
f 4189 4164 4447
f 4454 4471 4433
f 4543 4544 4545
f 4342 4181 4287
f 4323 4436 4435
f 4451 4151 4150
f 4509 4487 4418
f 4496 4172 4171
f 4464 4546 4437
f 4413 4488 4460
f 4529 4477 4469
f 4529 4493 4547
f 4440 4492 4372
f 4391 4457 4400
f 4133 4132 4359
f 4493 4548 4547
f 4501 4549 4521
f 4423 4500 4296
f 4249 3930 4120
f 4398 4386 4550
f 4551 4268 4280
f 4314 4313 4497
f 4225 4375 4383
f 4516 4539 4482
f 4478 4475 4552
f 4429 4494 4514
f 4553 4384 4383
f 4546 4532 4437
f 4442 4533 4443
f 4458 4482 4530
f 4409 4443 4422
f 4378 4452 4522
f 4479 4554 4539
f 4180 4179 4527
f 4481 4471 4454
f 4250 4456 4367
f 4496 4533 4448
f 4532 4555 4494
f 4359 4515 4133
f 4479 4478 4554
f 4361 4099 3899
f 4378 4453 4452
f 4556 4506 4502
f 4366 4474 4473
f 4369 4308 4307
f 4489 4302 4349
f 4439 4488 4524
f 4494 4555 4514
f 4420 4557 4480
f 4558 4327 4328
f 4535 4475 4403
f 4522 4452 4518
f 4482 4559 4560
f 4514 4561 4375
f 4512 4461 4495
f 4562 4496 4171
f 4509 4481 4563
f 4473 4507 4451
f 4398 4550 4511
f 4296 4564 4523
f 4467 4526 4565
f 4350 4566 4465
f 4480 4567 4485
f 4481 4568 4563
f 4482 4539 4559
f 4046 4321 4287
f 4385 4384 4548
f 4569 4570 4571
f 4400 4457 4572
f 4487 4573 4574
f 4470 4534 4520
f 4575 4100 4099
f 4529 4576 4477
f 4483 4501 4521
f 4487 4174 4419
f 4444 4524 4537
f 4577 4422 4443
f 4443 4533 4578
f 4413 4523 4579
f 4493 4385 4548
f 4495 4580 4512
f 4522 4581 4501
f 4569 4499 4570
f 4411 4441 4259
f 4546 4582 4532
f 4580 4535 4512
f 4328 4583 4584
f 4246 4334 4351
f 4555 4532 4582
f 4576 4529 4547
f 4514 4555 4585
f 4586 4587 4405
f 4454 4455 4568
f 4327 4546 4464
f 4588 4589 4590
f 4338 4268 4551
f 4561 4383 4375
f 4591 4550 4337
f 4446 4445 4592
f 4593 4517 4441
f 4488 4594 4524
f 4487 4563 4573
f 4530 4560 4595
f 4596 4531 4287
f 4414 4394 4063
f 4457 4466 4572
f 4597 4368 4449
f 4132 4035 4094
f 4557 4420 4542
f 4577 4598 4422
f 4554 4478 4599
f 4428 4600 4601
f 4435 4434 4315
f 4433 4513 4455
f 4427 4135 4187
f 4602 4450 4308
f 4534 4426 4520
f 4557 4567 4480
f 4501 4581 4549
f 4462 4465 4603
f 4585 4555 4582
f 4533 4496 4562
f 4561 4514 4553
f 4414 4551 4604
f 4483 4521 4463
f 4234 4605 4323
f 4474 4502 4473
f 4606 4495 4588
f 4607 4582 4546
f 4413 4579 4488
f 4357 4238 4087
f 4395 4371 4489
f 4533 4562 4578
f 4552 4599 4478
f 4542 4180 4527
f 4449 4515 4608
f 4538 4438 4609
f 4514 4610 4553
f 4568 4611 4563
f 4569 4571 4528
f 4539 4554 4559
f 4581 4522 4612
f 4500 4564 4296
f 4477 4576 4605
f 4585 4582 4607
f 4538 4609 4613
f 4484 4534 4470
f 4457 4391 4306
f 4561 4553 4383
f 4524 4614 4537
f 4450 4615 4616
f 4530 4595 4617
f 4499 4511 4570
f 4360 4618 4575
f 4569 4432 4499
f 4546 4327 4607
f 4522 4619 4612
f 4547 4620 4576
f 4411 4536 4621
f 4488 4579 4594
f 4559 4554 4599
f 4622 4606 4588
f 4530 4482 4560
f 4511 4550 4570
f 4422 4598 4500
f 4485 4623 4624
f 4187 4382 4428
f 4569 4528 4179
f 4254 4430 4470
f 4625 4330 4626
f 4330 4329 4626
f 4519 4627 4520
f 4566 4424 4451
f 4487 4509 4563
f 4580 4495 4628
f 4629 4557 4542
f 4289 4329 3777
f 4329 4630 4626
f 4535 4631 4632
f 4633 4428 4601
f 4487 4574 4174
f 4468 4634 4635
f 4196 4565 4498
f 4547 4636 4620
f 4562 4171 4637
f 4638 4585 4607
f 4278 4464 4392
f 4639 4434 4436
f 4640 4543 4545
f 4549 4641 4521
f 4351 4642 4285
f 4629 4567 4557
f 4586 4642 4587
f 4481 4454 4568
f 4502 4507 4473
f 4593 4441 4411
f 4514 4585 4610
f 4438 4492 4609
f 4541 4643 4393
f 4445 4485 4624
f 4644 4503 4459
f 4611 4573 4563
f 4523 4645 4579
f 4369 4368 4597
f 4646 4597 4449
f 4538 4613 4647
f 4513 4641 4648
f 4585 4638 4610
f 4427 4649 4334
f 4650 4280 4651
f 4485 4567 4623
f 4535 4628 4631
f 4492 4517 4609
f 4434 4639 4540
f 4623 4567 4629
f 4642 4586 4285
f 4606 4628 4495
f 4586 4357 4285
f 4522 4518 4619
f 4599 4552 4652
f 4384 4653 4548
f 4523 4564 4654
f 4535 4552 4475
f 4599 4655 4559
f 4572 4466 4588
f 4570 4591 4571
f 4238 4357 4405
f 4524 4594 4614
f 4607 4558 4638
f 4571 4656 4657
f 4506 4566 4451
f 4547 4548 4636
f 4243 4530 4617
f 4553 4658 4384
f 4328 4278 4583
f 4450 4244 4308
f 4450 4616 4348
f 4594 4579 4659
f 4560 4660 4595
f 4619 4518 4616
f 4243 4617 4536
f 4618 4510 4661
f 4466 4662 4588
f 4056 4299 4401
f 4508 4504 4401
f 4171 4543 4640
f 4575 4472 4100
f 4517 4593 4609
f 4472 4618 4663
f 4605 4664 4436
f 4611 4568 4665
f 4550 4386 4337
f 4570 4550 4591
f 4489 4538 4666
f 4655 4599 4652
f 4629 4667 4668
f 4669 4592 4445
f 4579 4645 4659
f 4455 4670 4568
f 4560 4671 4660
f 4578 4577 4443
f 4549 4612 4672
f 4394 4414 4541
f 4537 4673 4267
f 4436 4664 4674
f 4528 4675 4676
f 4519 4426 4287
f 4620 4605 4576
f 4573 4611 4677
f 4649 4678 4334
f 4643 4337 4393
f 4510 4679 4661
f 4619 4680 4612
f 4503 4456 4459
f 4154 4424 4350
f 4196 4467 4565
f 4629 4681 4623
f 4682 4610 4638
f 4495 4400 4572
f 4670 4665 4568
f 4472 4683 4299
f 4683 4508 4299
f 4578 4684 4577
f 4495 4572 4588
f 4359 4486 4515
f 4527 4528 4676
f 4486 4685 4608
f 4562 4686 4578
f 4628 4622 4631
f 4556 4687 4688
f 4607 4327 4558
f 4548 4653 4689
f 4665 4677 4611
f 4548 4689 4636
f 4690 4639 4436
f 4536 4691 4621
f 4602 4308 4369
f 4574 4288 4174
f 4591 4337 4491
f 4450 4602 4615
f 4500 4598 4564
f 4692 4587 4642
f 4569 4179 4432
f 4612 4680 4672
f 4693 4613 4593
f 4528 4571 4657
f 4350 4424 4566
f 4627 4694 4520
f 4670 4455 4695
f 4586 4405 4357
f 4414 4604 4541
f 4610 4682 4696
f 4536 4697 4691
f 4610 4696 4553
f 4513 4695 4455
f 4681 4629 4668
f 4560 4655 4671
f 4622 4588 4590
f 4679 4468 4635
f 4634 4690 4698
f 4560 4559 4655
f 4513 4648 4699
f 4406 4700 4358
f 4638 4558 4682
f 4701 4702 4608
f 4680 4619 4703
f 4538 4647 4704
f 4620 4705 4605
f 4699 4706 4707
f 4549 4581 4612
f 4622 4708 4631
f 4571 4591 4656
f 4549 4672 4641
f 4566 4688 4465
f 4234 4477 4605
f 4619 4709 4703
f 4710 4653 4384
f 4577 4684 4711
f 4637 4712 4686
f 4665 4670 4713
f 4636 4714 4705
f 4467 4401 4505
f 4467 4505 4525
f 4715 4716 4663
f 4695 4717 4670
f 4595 4660 4617
f 4716 4504 4508
f 4677 4665 4718
f 4678 4351 4334
f 4655 4719 4671
f 4689 4653 4710
f 4427 4633 4649
f 4695 4513 4699
f 4720 4721 4558
f 4519 4722 4627
f 4573 4677 4723
f 4613 4609 4593
f 4724 4725 4564
f 4672 4680 4726
f 4351 4285 4232
f 4278 4392 4281
f 4466 4727 4662
f 4717 4713 4670
f 4603 4583 4462
f 4598 4728 4564
f 4556 4688 4566
f 4686 4684 4578
f 4729 4696 4682
f 4730 4731 4732
f 4523 4654 4645
f 4497 4727 4466
f 4710 4384 4730
f 4684 4733 4711
f 4521 4641 4513
f 4498 4565 4734
f 4728 4598 4577
f 4468 4540 4634
f 4592 4600 4428
f 4703 4726 4680
f 4361 4575 4099
f 4713 4718 4665
f 4623 4681 4624
f 4540 4315 4434
f 4625 4344 4330
f 4696 4658 4553
f 4438 4372 4492
f 4562 4637 4686
f 4723 4735 4288
f 4519 4736 4722
f 4737 4738 4678
f 4663 4508 4683
f 4574 4573 4723
f 4718 4723 4677
f 4491 4656 4591
f 4682 4558 4729
f 4678 4649 4739
f 4740 4667 4542
f 4528 4657 4675
f 4722 4694 4627
f 4619 4616 4709
f 4717 4695 4699
f 4636 4689 4714
f 4692 4741 4587
f 4620 4636 4705
f 4465 4688 4742
f 4743 4659 4645
f 4629 4542 4667
f 4535 4580 4628
f 4710 4744 4689
f 4655 4652 4719
f 4535 4632 4552
f 4659 4614 4594
f 4641 4745 4648
f 4696 4729 4746
f 4747 4602 4369
f 4747 4748 4602
f 4489 4749 4302
f 4491 4750 4656
f 4709 4616 4751
f 4640 4712 4637
f 4673 4249 4267
f 4628 4606 4622
f 4652 4632 4719
f 4752 4753 4754
f 4684 4686 4733
f 4713 4717 4755
f 4756 4725 4757
f 4749 4489 4666
f 4699 4758 4717
f 4491 4759 4750
f 4645 4654 4743
f 4728 4711 4760
f 4761 4631 4762
f 4621 4593 4411
f 4681 4668 4624
f 4250 4459 4456
f 4738 4351 4678
f 4738 4642 4351
f 4644 4459 4354
f 4718 4763 4723
f 4329 4289 4630
f 4728 4724 4564
f 4711 4764 4765
f 4618 4766 4663
f 4353 4352 4767
f 4709 4768 4703
f 4742 4688 4687
f 4641 4726 4745
f 4716 4508 4663
f 4769 4743 4770
f 4769 4659 4743
f 4758 4755 4717
f 4741 4406 4405
f 4360 4575 4361
f 4668 4771 4624
f 4587 4741 4405
f 4558 4721 4729
f 4689 4744 4714
f 4710 4772 4744
f 4744 4773 4714
f 4667 4774 4668
f 4659 4769 4614
f 4669 4445 4624
f 4644 4752 4754
f 4686 4712 4775
f 4776 4746 4729
f 4646 4702 4777
f 4726 4778 4745
f 4658 4730 4384
f 4597 4747 4369
f 4771 4668 4774
f 4718 4755 4763
f 4747 4779 4780
f 4719 4632 4781
f 4782 4783 4541
f 4784 4761 4762
f 4785 4615 4748
f 4616 4518 4348
f 4783 4490 4643
f 4657 4656 4750
f 4574 4723 4288
f 4719 4786 4671
f 4775 4733 4686
f 4675 4787 4788
f 4596 4344 4625
f 4694 4789 4790
f 4525 4791 4526
f 4758 4699 4707
f 4736 4789 4722
f 4724 4728 4760
f 4733 4764 4711
f 4360 4510 4618
f 4618 4472 4575
f 4792 4793 4794
f 4700 4486 4358
f 4729 4721 4776
f 4278 4462 4583
f 4617 4795 4536
f 4743 4654 4796
f 4743 4796 4770
f 4660 4797 4617
f 4646 4608 4702
f 4798 4799 4687
f 4675 4657 4787
f 4712 4640 4545
f 4710 4730 4772
f 4748 4615 4602
f 4800 4709 4751
f 4768 4801 4778
f 4705 4664 4605
f 4802 4770 4803
f 4662 4804 4589
f 4786 4719 4781
f 4641 4672 4726
f 4805 4797 4660
f 4771 4806 4624
f 4802 4769 4770
f 4773 4744 4772
f 4280 4807 4651
f 4664 4808 4674
f 4617 4809 4795
f 4768 4800 4801
f 4755 4758 4810
f 4720 4558 4328
f 4746 4776 4811
f 4774 4667 4812
f 4590 4813 4708
f 4806 4669 4624
f 4771 4814 4806
f 4673 4537 4614
f 4545 4775 4712
f 4622 4590 4708
f 4815 4816 4817
f 4818 4625 4626
f 4718 4713 4755
f 4818 4596 4625
f 4694 4470 4520
f 4699 4648 4706
f 4588 4662 4589
f 4819 4706 4648
f 4733 4775 4764
f 4820 4821 4822
f 4696 4746 4658
f 4726 4768 4778
f 4823 4824 4825
f 4662 4727 4804
f 4751 4785 4826
f 4736 4827 4789
f 4694 4722 4789
f 4828 4829 4830
f 4538 4704 4666
f 4707 4810 4758
f 4769 4802 4614
f 4741 4692 4830
f 4632 4652 4552
f 4544 4543 4831
f 4832 4833 4834
f 4506 4556 4566
f 4633 4427 4428
f 4621 4691 4593
f 4800 4751 4835
f 4590 4589 4813
f 4505 4504 4716
f 4836 4776 4721
f 4338 4551 4414
f 4657 4750 4787
f 4754 4687 4556
f 4837 4838 4763
f 4171 4640 4637
f 4596 4287 4344
f 4786 4781 4805
f 4527 4740 4542
f 4503 4556 4502
f 4664 4714 4808
f 4772 4839 4773
f 4540 4639 4690
f 4675 4788 4676
f 4592 4428 4446
f 4840 4811 4776
f 4771 4841 4814
f 4827 4790 4789
f 4673 4614 4802
f 4768 4709 4800
f 4693 4647 4613
f 4835 4751 4826
f 4728 4577 4711
f 4812 4841 4774
f 4819 4842 4843
f 4776 4836 4840
f 4823 4727 4824
f 4711 4844 4760
f 4742 4799 4845
f 4804 4846 4847
f 4754 4798 4687
f 4800 4835 4801
f 4726 4703 4768
f 4847 4589 4804
f 4808 4773 4839
f 4816 4848 4817
f 4761 4781 4631
f 4505 4716 4525
f 4849 4730 4732
f 4786 4660 4671
f 4526 4734 4565
f 4676 4788 4740
f 4720 4328 4584
f 4787 4850 4851
f 4775 4545 4852
f 4802 4853 4673
f 4785 4748 4854
f 4798 4754 4753
f 4810 4707 4855
f 4788 4856 4740
f 4536 4795 4697
f 4834 4857 4858
f 4781 4761 4805
f 4787 4759 4850
f 4859 4813 4589
f 4352 4249 4673
f 4643 4490 4337
f 4860 4693 4861
f 4618 4661 4766
f 4706 4855 4707
f 4721 4720 4836
f 4498 4824 4497
f 4839 4772 4849
f 4724 4760 4725
f 4589 4847 4859
f 4810 4837 4763
f 4545 4862 4852
f 4756 4757 4863
f 4704 4864 4666
f 4370 4468 4510
f 4811 4658 4746
f 4697 4861 4691
f 4763 4865 4735
f 4592 4866 4600
f 4865 4867 4735
f 4531 4736 4519
f 4790 4827 4820
f 4714 4773 4808
f 4742 4687 4799
f 4819 4648 4842
f 4691 4693 4593
f 4770 4796 4868
f 4648 4745 4842
f 4650 4551 4280
f 4855 4837 4810
f 4783 4782 4869
f 4634 4698 4870
f 4486 4608 4515
f 4808 4871 4674
f 4771 4774 4841
f 4788 4851 4856
f 4835 4872 4801
f 4804 4727 4846
f 4811 4840 4873
f 4730 4849 4772
f 4872 4835 4826
f 4664 4705 4714
f 4615 4751 4616
f 4786 4805 4660
f 4840 4874 4873
f 4257 4521 4513
f 4531 4821 4736
f 4498 4875 4824
f 4876 4877 4878
f 4289 4867 4630
f 4801 4879 4778
f 4723 4763 4735
f 4838 4880 4881
f 4741 4830 4406
f 4813 4859 4882
f 4841 4812 4883
f 4796 4884 4868
f 4821 4820 4827
f 4700 4685 4486
f 4787 4750 4759
f 4839 4885 4886
f 4760 4844 4887
f 4850 4759 4888
f 4889 4859 4847
f 4890 4891 4353
f 4646 4449 4608
f 4797 4817 4809
f 4855 4706 4892
f 4842 4745 4893
f 4811 4730 4658
f 4814 4894 4895
f 4756 4884 4725
f 4802 4803 4853
f 4813 4882 4708
f 4857 4883 4812
f 4872 4896 4801
f 4798 4753 4897
f 4764 4775 4852
f 4770 4868 4803
f 4784 4762 4898
f 4808 4886 4871
f 4864 4899 4666
f 4698 4690 4794
f 4819 4892 4706
f 4844 4900 4887
f 4503 4644 4754
f 4745 4879 4893
f 4584 4901 4877
f 4693 4860 4902
f 4903 4836 4720
f 4847 4846 4889
f 4814 4841 4883
f 4765 4904 4844
f 4788 4787 4851
f 4837 4855 4905
f 4663 4906 4907
f 4782 4541 4908
f 4428 4382 4446
f 4739 4649 4633
f 4761 4909 4805
f 4739 4633 4601
f 4910 4882 4859
f 4859 4889 4910
f 4803 4911 4853
f 4860 4861 4912
f 4792 4690 4436
f 4840 4836 4874
f 4913 4858 4740
f 4551 4650 4604
f 4596 4818 4914
f 4915 4916 4917
f 4736 4821 4827
f 4755 4810 4763
f 4875 4918 4824
f 4851 4919 4856
f 4830 4829 4406
f 4693 4902 4647
f 4700 4406 4829
f 4891 4752 4644
f 4891 4644 4354
f 4820 4822 4807
f 4491 4920 4888
f 4892 4905 4855
f 4921 4875 4734
f 4922 4749 4666
f 4597 4779 4747
f 4839 4849 4885
f 4919 4851 4850
f 4852 4765 4764
f 4923 4896 4872
f 4545 4544 4862
f 4531 4822 4821
f 4905 4838 4837
f 4887 4725 4760
f 4924 4791 4925
f 4630 4916 4626
f 4110 4543 4171
f 4867 4288 4735
f 4807 4926 4651
f 4711 4765 4844
f 4883 4894 4814
f 4761 4784 4909
f 4927 4889 4846
f 4543 4928 4831
f 4892 4819 4929
f 4503 4754 4556
f 4910 4889 4930
f 4605 4436 4323
f 4465 4742 4603
f 4759 4491 4888
f 4353 4891 4354
f 4819 4843 4929
f 4902 4704 4647
f 4885 4849 4732
f 4931 4904 4765
f 4884 4796 4725
f 4798 4897 4799
f 4811 4873 4730
f 4920 4490 4783
f 4882 4932 4708
f 4872 4826 4923
f 4823 4846 4727
f 4902 4864 4704
f 4808 4839 4886
f 4780 4933 4748
f 4852 4931 4765
f 4843 4842 4934
f 4882 4930 4932
f 4834 4883 4857
f 4762 4932 4935
f 4921 4734 4526
f 4919 4936 4937
f 4919 4938 4936
f 4868 4939 4803
f 4854 4748 4933
f 4846 4823 4927
f 4715 4663 4907
f 4938 4850 4888
f 4814 4895 4806
f 4939 4911 4803
f 4889 4940 4930
f 4725 4654 4564
f 4899 4941 4942
f 4797 4809 4617
f 4836 4903 4874
f 4853 4911 4943
f 4795 4809 4697
f 4905 4892 4944
f 4945 4731 4730
f 4742 4845 4603
f 4737 4946 4947
f 4904 4931 4948
f 4615 4785 4751
f 4892 4929 4944
f 4661 4679 4949
f 4894 4883 4834
f 4642 4738 4950
f 4931 4951 4948
f 4856 4913 4740
f 4952 4757 4900
f 4763 4881 4865
f 4878 4583 4603
f 4867 4289 4288
f 4953 4823 4825
f 4868 4954 4939
f 4856 4919 4937
f 4793 4955 4956
f 4896 4923 4957
f 4766 4661 4958
f 4766 4958 4906
f 4882 4910 4930
f 4752 4891 4890
f 4925 4791 4716
f 4959 4933 4780
f 4879 4801 4896
f 4885 4960 4886
f 4899 4961 4941
f 4352 4853 4962
f 4762 4708 4932
f 4854 4933 4959
f 4715 4925 4716
f 4784 4963 4909
f 4302 4543 4110
f 4669 4964 4592
f 4871 4886 4960
f 4693 4691 4861
f 4830 4692 4965
f 4747 4780 4748
f 4739 4601 4946
f 4966 4923 4826
f 4873 4874 4945
f 4842 4893 4967
f 4919 4850 4938
f 4903 4968 4874
f 4927 4969 4940
f 4951 4544 4831
f 4895 4669 4806
f 4762 4631 4708
f 4897 4970 4971
f 4918 4972 4973
f 4838 4944 4880
f 4974 4650 4975
f 4896 4893 4879
f 4491 4490 4920
f 4938 4888 4936
f 4685 4700 4829
f 4976 4785 4854
f 4868 4884 4954
f 4959 4780 4977
f 4978 4943 4911
f 4927 4823 4953
f 4790 4280 4694
f 4979 4974 4975
f 4634 4540 4690
f 4937 4913 4856
f 4980 4702 4981
f 4899 4922 4666
f 4860 4982 4902
f 4885 4732 4983
f 4527 4676 4740
f 4834 4833 4894
f 4854 4959 4976
f 4923 4966 4957
f 4963 4784 4898
f 4799 4984 4845
f 4497 4824 4727
f 4895 4894 4833
f 4909 4797 4805
f 4604 4908 4541
f 4939 4978 4911
f 4961 4982 4941
f 4757 4725 4887
f 4966 4826 4985
f 4986 4601 4987
f 4897 4971 4984
f 4766 4906 4663
f 4939 4988 4978
f 4796 4654 4725
f 4697 4989 4861
f 4918 4825 4824
f 4960 4885 4983
f 4960 4990 4871
f 4982 4991 4941
f 4779 4977 4780
f 4737 4678 4739
f 4280 4470 4694
f 4888 4992 4936
f 4962 4767 4352
f 4889 4927 4940
f 4737 4993 4738
f 4683 4472 4663
f 4994 4920 4783
f 4584 4903 4720
f 4860 4912 4982
f 4912 4995 4996
f 4740 4812 4667
f 4951 4997 4948
f 4873 4945 4730
f 4791 4921 4526
f 4998 4756 4863
f 4999 5000 4965
f 4967 5001 4842
f 4838 4905 4944
f 4989 4697 5002
f 4737 4739 4946
f 4830 5000 5003
f 4916 4630 5004
f 4904 4900 4844
f 4767 5005 5006
f 4874 5007 4945
f 4976 5008 5009
f 4930 4940 5010
f 4600 4987 4601
f 4950 4965 4642
f 5011 4957 4966
f 4871 4955 4674
f 4895 5012 5013
f 4899 4864 4961
f 4912 4996 4982
f 4943 4978 4962
f 5007 4874 4968
f 4898 5014 4963
f 5007 4968 5015
f 4950 4738 4993
f 4929 5016 4944
f 4965 4692 4642
f 4976 4959 4977
f 4781 4632 4631
f 4807 4790 4820
f 4990 4960 5017
f 5018 4832 5019
f 4583 4901 4584
f 4690 4792 4794
f 4918 4921 4972
f 4783 4643 4541
f 4697 4809 4848
f 4983 5017 4960
f 5020 5021 4762
f 4909 5022 4797
f 4828 4830 5003
f 4930 5010 4932
f 5023 4731 5024
f 4884 4756 4954
f 4944 5016 4880
f 5025 4937 5026
f 5027 4685 4829
f 4635 4634 4870
f 4913 4937 5025
f 5028 4929 4843
f 4988 4954 5029
f 4753 4752 4890
f 4988 4939 4954
f 5028 4843 4934
f 4992 4888 4920
f 4785 4976 5009
f 4927 4953 4969
f 4832 4834 4858
f 4807 4822 4926
f 5030 4986 4987
f 5022 4963 5014
f 4951 4862 4544
f 5031 5032 5033
f 4978 4988 5034
f 4745 4778 4879
f 5035 5010 4940
f 5022 4817 4797
f 4468 4679 4510
f 4985 5011 4966
f 4895 4964 4669
f 4957 5011 5036
f 4940 4969 5035
f 5015 4968 4877
f 4895 4833 5012
f 4762 5021 4898
f 4792 4436 4674
f 5034 4962 4978
f 4937 4936 5026
f 4931 4852 4862
f 4920 4994 4992
f 4921 4791 4924
f 4931 4862 4951
f 5017 5037 4990
f 4909 4963 5022
f 4957 4893 4896
f 5014 4898 5038
f 5039 4928 4543
f 5007 5024 4945
f 4964 5040 5041
f 4989 4995 4861
f 4913 5025 4858
f 5042 5016 4929
f 4731 4945 5024
f 5021 5038 4898
f 4880 5016 5043
f 4955 4990 5037
f 4998 4954 4756
f 4697 4848 5002
f 4525 4716 4791
f 5042 4929 5028
f 5015 4877 5044
f 4818 4626 4916
f 5025 5026 5045
f 4952 4900 4904
f 4881 5046 5047
f 5048 4982 4996
f 5017 4983 5049
f 4777 4779 4646
f 4908 5050 5051
f 4952 5052 4757
f 4982 4961 4902
f 5053 4969 4953
f 5054 5055 5052
f 4737 4947 4993
f 5056 4970 4890
f 4948 5054 4904
f 4958 4661 4949
f 5057 4732 5058
f 5059 5029 4998
f 4955 4793 4674
f 4583 4878 4901
f 4970 4753 4890
f 4698 4794 5060
f 5061 5036 5011
f 4914 5062 4926
f 4731 5058 4732
f 5013 5063 5064
f 5014 5065 5022
f 4597 4646 4779
f 5011 4985 5061
f 4994 4783 4869
f 4601 4986 4946
f 5013 5012 5063
f 4995 4912 4861
f 4828 5027 4829
f 5035 4969 5066
f 4584 4968 4903
f 5010 5035 5067
f 4906 5068 4907
f 5037 5017 5049
f 5016 5042 5043
f 4701 4608 4685
f 5069 5070 4865
f 5023 5024 5071
f 4973 5072 4918
f 4777 4980 5073
f 4880 5043 4881
f 5029 5034 4988
f 4825 5074 4953
f 5054 4948 4997
f 4922 4899 4942
f 4985 4826 4785
f 5075 5076 5077
f 5007 5015 5024
f 4998 4863 5078
f 4895 5013 4964
f 4969 5053 5066
f 4974 5050 4908
f 5065 5014 5038
f 4799 4897 4984
f 5037 5079 4955
f 5054 5052 4952
f 4790 4807 4280
f 5013 5040 4964
f 4936 4992 5026
f 4976 5080 5008
f 5020 4762 4935
f 5042 5028 4934
f 4962 5034 5081
f 4870 4698 5060
f 5056 4890 4353
f 5074 5053 4953
f 4732 5057 5049
f 4793 4792 4674
f 4842 5001 4934
f 5010 5067 4935
f 4985 5082 5083
f 5036 4967 4893
f 4997 4951 5084
f 5023 5058 4731
f 4902 4961 4864
f 5070 5004 4867
f 5022 5085 4817
f 4881 5043 5046
f 5067 5035 5086
f 5029 4954 4998
f 5084 4951 4831
f 5049 5087 5037
f 5083 5061 4985
f 5025 5045 4858
f 4825 5088 5074
f 4928 5089 5090
f 4985 5009 5082
f 4897 4753 4970
f 5036 5061 5091
f 5051 5092 4782
f 5035 5066 5086
f 5027 4701 4685
f 5038 5021 5093
f 4995 5094 4996
f 5072 5088 4825
f 5095 4949 4679
f 4832 5012 4833
f 5079 4956 4955
f 4956 5096 5097
f 4871 4990 4955
f 4991 5098 4942
f 5040 5013 5064
f 5079 5087 5096
f 4848 4809 4817
f 5036 5091 4967
f 5020 5093 5021
f 5008 5099 5100
f 5101 4994 5102
f 4830 4965 5000
f 5103 5024 5015
f 5038 5104 5065
f 5042 5105 5043
f 4832 5063 5012
f 4934 5106 5042
f 5094 4995 5107
f 5034 5029 5108
f 4777 5073 4779
f 5054 4997 5109
f 5052 5055 4757
f 5061 5110 5091
f 5060 4794 5111
f 5034 5108 5081
f 5030 4987 5112
f 5041 5113 4964
f 4782 4908 5051
f 5054 4952 4904
f 5053 5074 5114
f 5115 4603 4845
f 4498 4734 4875
f 4992 5116 5026
f 4974 4908 4604
f 4866 4987 4600
f 5099 5117 5100
f 5024 5103 5071
f 5022 5065 5085
f 4918 5072 4825
f 5105 5042 5106
f 5087 5049 5118
f 5119 5120 4928
f 5104 5038 5093
f 4740 4857 4812
f 5068 4958 4949
f 5075 4924 4925
f 4932 5010 4935
f 5067 5121 4935
f 4763 4838 4881
f 4970 5122 4971
f 5123 5002 4848
f 5059 4998 5078
f 4956 5097 5124
f 4635 4870 5125
f 5058 5126 5127
f 5085 5065 5104
f 4877 5128 5044
f 4935 5129 5020
f 4999 4965 4950
f 5084 5120 5130
f 5131 4793 4956
f 5087 5118 5096
f 4991 5048 5098
f 5057 5118 5049
f 4832 5132 5019
f 4935 5133 5129
f 5103 5015 5044
f 5134 5045 5026
f 4989 5002 5107
f 5070 4867 4865
f 5063 5135 5064
f 5029 5059 5108
f 5061 5083 5110
f 5120 5136 5130
f 4863 4757 5055
f 4997 5084 5109
f 5094 5137 5048
f 4596 4914 4531
f 4866 5113 5112
f 5106 4934 5138
f 4983 4732 5049
f 5137 5094 5107
f 5070 4917 5004
f 5083 5082 5110
f 5080 4977 4779
f 4967 5139 5001
f 5023 5071 5140
f 5141 5050 4974
f 4914 5142 5062
f 5143 5144 5060
f 5075 4925 5076
f 5018 5063 4832
f 4876 4878 5145
f 5141 4974 4979
f 5146 5080 4779
f 4935 5147 5133
f 5033 4679 4635
f 4989 5107 4995
f 5001 5138 4934
f 5027 5148 5149
f 5026 5116 5134
f 5093 5020 5129
f 4957 5036 4893
f 5150 4984 5151
f 5149 4701 5027
f 5152 5151 4984
f 4853 4943 4962
f 4976 4977 5080
f 4353 5153 5154
f 5155 5086 5066
f 5135 5156 5064
f 4970 5056 5122
f 4777 4702 4980
f 5093 5157 5104
f 5158 5071 5103
f 4987 4866 5112
f 5106 5159 5105
f 5079 5037 5087
f 5160 5146 4779
f 5161 5050 5141
f 5161 5051 5050
f 4818 5162 4914
f 5058 5140 5126
f 5163 5164 4858
f 5165 5137 5107
f 5108 5166 5081
f 5114 5088 5167
f 5168 5169 5170
f 5069 4881 5047
f 4964 4866 4592
f 4964 5113 4866
f 5135 5063 5018
f 5131 4956 5124
f 5045 5134 5163
f 5060 5144 5125
f 5171 5082 5009
f 4994 5101 5172
f 5088 5173 5167
f 5174 5108 5059
f 4971 5152 4984
f 4857 4740 4858
f 5175 4925 4715
f 5109 5084 5130
f 4918 4875 4921
f 5149 4981 4701
f 5161 5141 4979
f 5071 5158 5140
f 5176 5110 5082
f 5159 5106 5138
f 5003 5000 5177
f 5105 5159 5178
f 4352 4673 4853
f 5157 5093 5129
f 5003 5177 5148
f 4994 5172 5116
f 4877 4901 4878
f 4914 4926 4822
f 5152 5122 5179
f 5180 5181 5182
f 5085 5104 5183
f 5114 5066 5053
f 4757 4887 4900
f 5059 5184 5174
f 5185 4975 4650
f 5186 5095 4679
f 5118 5057 5187
f 5188 5153 5006
f 5148 4828 5003
f 5189 5190 5191
f 5103 5044 5158
f 5048 4996 5094
f 4815 4817 5085
f 5105 5178 5046
f 4956 5079 5096
f 5125 4870 5060
f 5045 5163 4858
f 5009 5008 5171
f 5155 5192 5193
f 5156 5135 5194
f 5084 4831 5120
f 5059 5078 5184
f 5195 5196 5197
f 5188 5198 5199
f 5109 5200 5054
f 5096 5118 5187
f 5033 5186 4679
f 5086 5155 5201
f 5040 5064 5156
f 5000 4999 5177
f 4972 5202 4973
f 5018 5194 5135
f 5176 5171 5203
f 5134 5172 5204
f 5004 4630 4867
f 5171 5205 5203
f 5041 5206 5113
f 5110 5176 5207
f 4974 4604 4650
f 5056 4353 5154
f 4924 4972 4921
f 5108 5174 5208
f 5209 5210 5162
f 4993 5211 4950
f 5051 5161 5092
f 5208 5166 5108
f 5155 5167 5192
f 5204 5163 5134
f 4702 4701 4981
f 5200 5109 5130
f 5114 5155 5066
f 5001 5212 5138
f 5031 4635 5125
f 5134 5116 5172
f 4958 5068 4906
f 5031 5033 4635
f 5213 4993 4947
f 5129 5214 5157
f 5215 5140 5158
f 5138 5216 5159
f 5058 5023 5140
f 5217 5187 5190
f 5161 4979 5092
f 5097 5096 5218
f 5086 5121 5067
f 5073 5160 4779
f 5104 5157 5183
f 5081 5166 5219
f 4302 4922 4543
f 5008 5100 5205
f 5193 5201 5155
f 5220 5206 5041
f 5187 5218 5096
f 4980 4981 5221
f 5156 5041 5040
f 5033 5032 5186
f 5088 5222 5223
f 4916 5004 4917
f 4973 5202 5224
f 5194 5225 5156
f 5097 5226 5124
f 5165 5227 5228
f 5171 5008 5205
f 4973 5224 5229
f 5225 5220 5041
f 5230 5158 5044
f 4907 5068 5175
f 5027 4828 5148
f 5043 5105 5046
f 5203 5207 5176
f 5183 5157 5214
f 5152 4971 5122
f 5039 5231 4928
f 5139 5212 5001
f 4968 4584 4877
f 5216 5138 5212
f 5211 5232 4999
f 5194 5018 5233
f 5164 5234 5235
f 4962 5081 4767
f 5236 5237 4863
f 5158 5230 5215
f 5056 5154 5122
f 5114 5167 5155
f 5205 5238 5203
f 5140 5215 5126
f 5124 5226 5131
f 5174 5184 5208
f 5170 5213 4947
f 5178 5159 5216
f 5200 5055 5054
f 5218 5239 5097
f 5184 5237 5240
f 5101 5102 5241
f 4794 4793 5111
f 4980 5221 5242
f 4941 4991 4942
f 5226 5097 5239
f 4249 4352 4354
f 5214 5129 5243
f 5110 5207 5244
f 5156 5225 5041
f 5072 5222 5088
f 5163 5204 5234
f 5073 4980 5242
f 5123 5107 5002
f 5133 5243 5129
f 5236 4863 5245
f 5123 5165 5107
f 5166 5208 5246
f 5192 5173 5247
f 5220 5248 5206
f 5202 4972 5075
f 5173 5249 5247
f 5110 5244 5091
f 5250 5154 5153
f 5187 5217 5218
f 4815 5085 5183
f 4994 5116 4992
f 5150 4845 4984
f 5251 5252 4848
f 5166 5246 5219
f 5099 5080 5146
f 5225 5194 5253
f 5226 5254 5131
f 5234 5255 5235
f 4915 4917 5180
f 5044 5128 5230
f 5256 5257 5150
f 5200 5245 5055
f 5170 4947 4946
f 5113 5258 5112
f 5121 5201 5259
f 5207 5260 5244
f 5086 5201 5121
f 5232 5177 4999
f 5098 5048 5261
f 5233 5253 5194
f 5072 4973 5229
f 4869 5262 5102
f 5185 4651 5195
f 5176 5082 5171
f 5214 5263 5183
f 5264 5165 5228
f 4991 4982 5048
f 5265 5208 5184
f 5193 5192 5266
f 5130 5136 5200
f 5239 5267 5226
f 5268 5126 5215
f 5178 5269 5270
f 5080 5099 5008
f 5204 5172 5271
f 5225 5272 5220
f 5239 5218 5217
f 5216 5212 5269
f 5009 4985 4785
f 5254 5226 5267
f 5248 5220 5272
f 5273 5147 5274
f 5275 5215 5230
f 5127 5057 5058
f 5254 5276 5131
f 5187 5057 5277
f 5165 5123 5252
f 5136 5120 5119
f 5046 5278 5047
f 4926 5196 4651
f 4914 4822 4531
f 5195 4651 5196
f 5279 5280 5151
f 5261 5264 5281
f 5192 5167 5173
f 5069 4917 5070
f 5263 5214 5243
f 5183 5282 4815
f 4877 5283 5128
f 5081 5219 4767
f 5234 5204 5271
f 4924 5075 4972
f 5208 5265 5246
f 5212 5139 5284
f 4816 5251 4848
f 5189 5217 5190
f 5201 5266 5259
f 5126 5285 5127
f 5215 5275 5268
f 5278 5046 5178
f 5286 5287 5288
f 5078 5237 5184
f 5177 5289 5148
f 5119 4928 5090
f 5121 5259 5274
f 5250 5199 5179
f 5267 5239 5290
f 5073 5242 5160
f 5203 5291 5260
f 5095 5292 4949
f 5265 5184 5240
f 5247 5266 5192
f 5293 5233 5019
f 5200 5294 5245
f 5295 5099 5146
f 4793 5131 5111
f 5206 5296 5113
f 5069 4865 4881
f 5297 5031 5125
f 5203 5238 5291
f 4935 5121 5147
f 5217 5290 5239
f 5257 5298 5115
f 5272 5225 5299
f 5300 5142 4914
f 4816 5301 5251
f 5253 5299 5225
f 5212 5270 5269
f 5254 5302 5276
f 5172 5101 5271
f 5256 5150 5303
f 5304 5238 5205
f 5305 5306 5307
f 5178 5216 5269
f 5018 5019 5233
f 5148 5289 5308
f 5162 4818 4916
f 5291 5309 5260
f 5230 5128 5275
f 5272 5310 5248
f 5205 5100 5304
f 5126 5268 5285
f 5243 5133 5311
f 4863 5237 5078
f 5173 5223 5312
f 5313 5314 5315
f 4863 5055 5245
f 5177 5316 5289
f 5253 5233 5293
f 5292 5317 4949
f 5185 5195 5306
f 5318 5319 5143
f 5117 5320 5100
f 5248 5296 5206
f 5150 5280 5303
f 4876 5283 4877
f 5145 5115 5298
f 5147 5311 5133
f 5321 5258 5296
f 5114 5074 5088
f 5303 5280 5279
f 5290 5322 5267
f 4986 5323 5324
f 5164 5163 5234
f 4942 5039 4922
f 5325 5246 5265
f 5136 5326 5200
f 5137 5261 5048
f 5185 4650 4651
f 5088 5223 5173
f 5327 5293 5019
f 5314 5092 4979
f 5243 5328 5263
f 5297 5144 5319
f 5119 5326 5136
f 5254 5267 5302
f 5329 5292 5095
f 4907 5175 4715
f 5238 5330 5291
f 5310 5272 5299
f 5139 5331 5286
f 5115 4878 4603
f 5131 5276 5332
f 5333 5304 5100
f 5113 5296 5258
f 5334 5268 5275
f 5299 5253 5293
f 5162 5210 4914
f 5211 4999 4950
f 4816 4815 5282
f 5266 5247 5335
f 5068 5317 5175
f 5336 5331 5244
f 5337 5300 4914
f 5263 5282 5183
f 5189 5191 5338
f 5240 5237 5339
f 5223 5229 5340
f 5195 5197 5306
f 5341 5333 5320
f 5342 5343 5344
f 5290 5217 5189
f 5212 5284 5270
f 5328 5243 5311
f 5127 5285 5345
f 5268 5334 5285
f 5098 5261 5346
f 4767 5006 5153
f 5265 5240 5325
f 5246 5347 5219
f 5181 5180 4917
f 5196 5062 5142
f 5128 5348 5275
f 5281 5349 5346
f 5112 5258 5350
f 5284 5351 5270
f 5207 5203 5260
f 5147 5121 5274
f 5267 5322 5302
f 5211 5352 5353
f 5283 5348 5128
f 5322 5290 5189
f 5276 5302 5354
f 5248 5310 5296
f 5279 5179 5355
f 5332 5354 5356
f 5357 5358 5283
f 5234 5271 5255
f 5148 5308 5149
f 5256 5303 5359
f 5326 5343 5342
f 5360 5223 5340
f 5299 5361 5310
f 5362 5181 5047
f 4994 4869 5102
f 5304 5333 5363
f 5238 5304 5330
f 4869 4782 5092
f 5099 5295 5117
f 5335 5249 5364
f 5258 5321 5350
f 5365 5095 5186
f 5250 5122 5154
f 5249 5335 5247
f 5365 5329 5095
f 5366 5365 5032
f 5367 5368 5340
f 5200 5342 5294
f 5146 5160 5295
f 5275 5348 5334
f 5293 5369 5299
f 5131 5332 5111
f 5257 4845 5150
f 4986 5324 5168
f 5370 5221 5371
f 5323 5372 5324
f 5270 5278 5178
f 5351 5286 5288
f 5187 5277 5190
f 5310 5361 5373
f 5092 5314 5262
f 5311 5147 5273
f 4986 5168 4946
f 4353 4767 5153
f 5250 5179 5122
f 5210 5337 4914
f 5246 5374 5347
f 5332 5276 5354
f 5144 5297 5125
f 4981 5371 5221
f 5325 5375 5374
f 5330 5309 5291
f 5326 5376 5343
f 5270 5351 5377
f 5101 5241 5271
f 5173 5378 5249
f 5322 5338 5302
f 5361 5379 5373
f 5173 5312 5378
f 5151 5152 5179
f 5344 5380 5236
f 5222 5072 5229
f 5030 5112 5350
f 5150 5151 5280
f 5379 5381 5373
f 5196 5142 5300
f 5341 5363 5333
f 5304 5363 5330
f 5285 5334 5345
f 5360 5340 5368
f 5301 5282 5382
f 5311 5383 5328
f 5188 5199 5250
f 5137 5264 5261
f 5326 5384 5376
f 5273 5274 5385
f 5284 5139 5286
f 5149 5308 5371
f 5242 5221 5370
f 5386 5387 5388
f 5326 5342 5200
f 4981 5149 5371
f 5389 5320 5117
f 5377 5390 5278
f 5391 5392 5321
f 5369 5293 5327
f 5143 5060 5111
f 5351 5284 5286
f 5342 5344 5294
f 5223 5360 5312
f 5180 5209 4915
f 5235 5132 5164
f 5328 5382 5263
f 5354 5302 5393
f 5331 5394 5286
f 5303 5279 5395
f 5396 5378 5312
f 5332 5356 5397
f 5223 5222 5229
f 5235 5255 5398
f 5399 5255 5271
f 5383 5311 5273
f 5325 5240 5375
f 5400 5401 5402
f 5314 4979 4975
f 5312 5360 5396
f 4832 4858 5164
f 5335 5403 5259
f 5117 5295 5404
f 5139 4967 5331
f 5327 5019 5405
f 5334 5406 5345
f 5365 5186 5032
f 5257 5115 4845
f 5407 5330 5363
f 5363 5341 5407
f 5196 5300 5197
f 5408 5283 4876
f 5382 5328 5383
f 5288 5377 5351
f 5249 5378 5364
f 5260 5309 5409
f 5344 5236 5294
f 5294 5236 5245
f 5246 5325 5374
f 5372 5323 5350
f 5338 5393 5302
f 5169 5213 5170
f 5160 5410 5295
f 5279 5151 5179
f 5120 4831 4928
f 5270 5377 5278
f 5317 5068 4949
f 5199 5411 5179
f 5292 5329 5388
f 5361 5369 5379
f 5185 5306 5314
f 5333 5100 5320
f 5327 5412 5369
f 5323 4986 5030
f 5160 5242 5413
f 5378 5396 5414
f 5415 5406 5348
f 5271 5241 5399
f 5336 5416 5331
f 5350 5323 5030
f 5398 5417 5235
f 5322 5189 5338
f 5354 5418 5356
f 5255 5399 5398
f 5419 5420 5421
f 4925 5402 5076
f 5077 5202 5075
f 5393 5418 5354
f 5185 5314 4975
f 5417 5422 5132
f 5423 5396 5360
f 5301 4816 5282
f 5424 5425 5426
f 5412 5379 5369
f 5169 5211 5213
f 5266 5335 5259
f 5413 5242 5370
f 5169 5168 5427
f 5414 5364 5378
f 5168 5170 4946
f 5366 5032 5031
f 5199 5198 5411
f 5374 5428 5347
f 5019 5132 5429
f 5326 5090 5384
f 5303 5395 5359
f 5201 5193 5266
f 5330 5409 5309
f 5355 5179 5411
f 5430 5407 5341
f 5431 5424 5313
f 5252 5432 5165
f 5360 5368 5423
f 5433 5005 4767
f 5273 5434 5383
f 5344 5435 5436
f 5437 5438 5439
f 5380 5440 5236
f 5345 5441 5277
f 5144 5143 5319
f 5209 5180 5182
f 5442 5443 5403
f 5314 5305 5315
f 5145 5408 4876
f 5444 4942 5098
f 5344 5436 5380
f 5445 5390 5377
f 5240 5339 5375
f 5377 5288 5445
f 5396 5423 5446
f 5446 5414 5396
f 5252 5123 4848
f 5089 5384 5090
f 5372 5447 5448
f 5057 5127 5277
f 5438 5031 5439
f 5410 5413 5449
f 5450 5188 5006
f 5332 5143 5111
f 5418 5393 5451
f 5452 5453 5454
f 5211 5353 5232
f 5338 5451 5393
f 4967 5091 5331
f 5421 5256 5359
f 5102 5426 5241
f 5455 5316 5456
f 5361 5299 5369
f 5457 5251 5458
f 5458 5251 5301
f 5459 5339 5237
f 5391 5321 5296
f 5410 5404 5295
f 5391 5373 5460
f 5434 5273 5385
f 5332 5461 5318
f 5181 4917 5069
f 4993 5213 5211
f 4878 5115 5145
f 5257 5256 5421
f 5196 4926 5062
f 5091 5244 5331
f 5418 5462 5356
f 5382 5434 5463
f 5362 5464 5465
f 5423 5368 5466
f 5382 5282 5263
f 5330 5467 5409
f 5439 5031 5297
f 5468 5469 5340
f 5287 5470 5471
f 5407 5430 5467
f 5241 5426 5472
f 4925 5175 5402
f 5399 5241 5472
f 5145 5298 5408
f 5251 5457 5252
f 5389 5473 5474
f 5447 5350 5475
f 5476 5446 5423
f 5374 5477 5428
f 5288 5287 5445
f 5236 5440 5237
f 5127 5345 5277
f 5347 5478 5219
f 5479 5336 5480
f 5364 5414 5481
f 5440 5482 5459
f 5345 5406 5441
f 5472 5398 5399
f 5343 5376 5435
f 5332 5318 5143
f 5287 5394 5470
f 5432 5227 5165
f 5390 5483 5278
f 5379 5412 5484
f 5418 5451 5485
f 5469 5367 5340
f 5486 5439 5297
f 5422 5429 5132
f 5406 5334 5348
f 5326 5119 5090
f 5414 5446 5476
f 5274 5259 5403
f 5281 5487 5349
f 5132 4832 5164
f 5488 5264 5228
f 5489 5375 5339
f 5397 5356 5462
f 5455 5308 5289
f 5490 5491 5371
f 5252 5457 5432
f 5292 5388 5317
f 5278 5362 5047
f 5440 5459 5237
f 5117 5404 5389
f 5492 5077 5076
f 5264 5137 5165
f 5462 5418 5485
f 5417 5398 5493
f 5423 5466 5494
f 5089 5231 5495
f 5368 5367 5466
f 5077 5496 5202
f 5497 5498 5432
f 5092 5262 4869
f 5381 5379 5484
f 5375 5489 5477
f 5499 5500 5473
f 5261 5281 5346
f 5257 5421 5298
f 5436 5482 5380
f 5501 5367 5469
f 5455 5289 5316
f 5451 5338 5502
f 5503 5504 5498
f 5505 5467 5430
f 5461 5332 5397
f 5490 5371 5308
f 5283 5358 5348
f 5274 5443 5506
f 5373 5381 5460
f 5321 5475 5350
f 5364 5403 5335
f 5476 5481 5414
f 5434 5385 5507
f 5445 5287 5471
f 5508 5197 5300
f 5374 5375 5477
f 5384 5089 5495
f 5438 5366 5031
f 5400 5402 5175
f 5477 5509 5428
f 5468 5229 5224
f 5483 5471 5510
f 5397 5462 5511
f 5385 5274 5506
f 5437 5439 5512
f 5513 5439 5486
f 5349 5514 5346
f 5039 5444 5515
f 5488 5228 5504
f 5440 5380 5482
f 5516 5485 5517
f 5457 5497 5432
f 5476 5423 5494
f 5493 5422 5417
f 5398 5472 5493
f 5504 5228 5227
f 5355 5411 5518
f 5495 5519 5520
f 5513 5512 5439
f 5521 5461 5522
f 5235 5417 5132
f 5320 5389 5474
f 5404 5523 5389
f 5425 5524 5525
f 5483 5362 5278
f 5485 5511 5462
f 5211 5427 5352
f 5474 5505 5430
f 5468 5340 5229
f 5504 5526 5527
f 5434 5507 5528
f 5529 5530 5531
f 5478 4767 5219
f 5162 4916 4915
f 5177 5232 5316
f 5532 5441 5406
f 5381 5533 5534
f 5491 5370 5371
f 5188 5250 5153
f 5287 5286 5394
f 5367 5535 5466
f 5536 5437 5537
f 5538 5410 5449
f 5485 5502 5517
f 5460 5381 5534
f 5467 5505 5539
f 5211 5169 5427
f 5385 5540 5507
f 5415 5348 5358
f 5277 5441 5541
f 5324 5448 5168
f 5391 5296 5310
f 5542 5543 5527
f 5381 5484 5533
f 5352 5544 5545
f 5477 5546 5509
f 5390 5445 5483
f 5391 5547 5548
f 5320 5430 5341
f 5549 5544 5427
f 5550 5458 5301
f 5426 5525 5472
f 5376 5384 5520
f 5316 5551 5456
f 5492 5496 5077
f 5409 5336 5260
f 5472 5525 5493
f 5498 5552 5553
f 5419 5554 5420
f 5406 5415 5532
f 5394 5555 5470
f 5511 5485 5516
f 5324 5372 5448
f 5160 5413 5410
f 5391 5310 5373
f 5297 5319 5486
f 5487 5543 5556
f 5495 5520 5384
f 5413 5370 5449
f 5557 5558 5357
f 5376 5559 5435
f 5560 5514 5349
f 5344 5343 5435
f 5401 5076 5402
f 5441 5532 5541
f 5428 5509 5561
f 5561 5478 5428
f 5516 5517 5562
f 5481 5563 5403
f 5277 5564 5565
f 5501 5535 5367
f 5364 5481 5403
f 5505 5474 5566
f 5476 5567 5481
f 5568 5535 5569
f 5318 5521 5319
f 5536 5365 5366
f 5434 5528 5463
f 5538 5570 5410
f 5422 5493 5571
f 5316 5353 5551
f 5572 5573 5574
f 5560 5349 5487
f 5498 5497 5552
f 5501 5575 5535
f 5466 5568 5494
f 5566 5539 5505
f 5477 5489 5546
f 5534 5547 5460
f 5576 5577 5544
f 5570 5404 5410
f 5346 5444 5098
f 5392 5391 5548
f 5429 5578 5579
f 5580 5581 5582
f 5483 5445 5471
f 5437 5512 5537
f 5559 5376 5520
f 5385 5506 5540
f 5386 5388 5329
f 5583 5490 5455
f 5496 5584 5224
f 5435 5559 5436
f 5401 5574 5076
f 5411 5198 5518
f 5585 5400 5586
f 5587 5319 5588
f 4942 5444 5039
f 5516 5589 5511
f 5358 5590 5415
f 5591 5449 5491
f 5592 5593 5419
f 5594 5496 5595
f 5596 5517 5502
f 5597 5511 5589
f 5568 5466 5535
f 5403 5563 5598
f 5353 5316 5232
f 5599 5586 5600
f 5483 5601 5362
f 5449 5370 5491
f 5488 5281 5264
f 5476 5494 5567
f 5530 5602 5337
f 5352 5427 5544
f 5405 5484 5412
f 5429 5571 5578
f 5315 5305 5603
f 5480 5604 5605
f 5382 5383 5434
f 5459 5489 5339
f 5606 5501 5469
f 5584 5468 5224
f 5597 5397 5511
f 5319 5607 5486
f 5608 5550 5301
f 5474 5473 5609
f 5609 5566 5474
f 5458 5497 5457
f 5561 5610 5611
f 5471 5555 5612
f 5536 5329 5365
f 5400 5585 5401
f 5426 5425 5525
f 5613 5541 5532
f 5227 5432 5498
f 5318 5461 5521
f 5614 5416 5479
f 5615 5532 5415
f 5616 5537 5512
f 5571 5525 5524
f 5617 5362 5465
f 4922 5039 4543
f 5391 5460 5547
f 5571 5524 5578
f 5524 5618 5578
f 5560 5487 5556
f 4302 4749 4922
f 5448 5549 5168
f 5355 5619 5279
f 5588 5522 5620
f 5621 5591 5491
f 5574 5492 5076
f 5547 5534 5622
f 5621 5490 5583
f 5623 5611 5610
f 5451 5502 5485
f 5514 5560 5515
f 5478 5624 5433
f 5336 5604 5480
f 5527 5488 5504
f 5313 5424 5262
f 5540 5506 5443
f 5429 5625 5019
f 5626 5458 5550
f 5589 5516 5562
f 5458 5626 5552
f 5589 5627 5597
f 5536 5366 5437
f 5597 5522 5397
f 5456 5551 5628
f 5320 5474 5430
f 5520 5629 5559
f 5532 5615 5613
f 5386 5600 5387
f 5533 5622 5534
f 5514 5515 5444
f 5594 5584 5496
f 5609 5500 5630
f 5489 5459 5631
f 5277 5565 5190
f 5355 5518 5619
f 5601 5483 5510
f 5540 5632 5507
f 5461 5397 5522
f 5392 5475 5321
f 5543 5281 5488
f 5394 5416 5555
f 5429 5422 5571
f 5347 5428 5478
f 5559 5629 5633
f 5405 5412 5327
f 5415 5590 5615
f 5416 5336 5479
f 5416 5394 5331
f 5627 5634 5522
f 5559 5633 5436
f 5528 5635 5608
f 5636 5637 5638
f 5515 5556 5542
f 5447 5372 5350
f 5419 5421 5359
f 5566 5609 5639
f 5500 5640 5630
f 5352 5551 5353
f 5537 5600 5386
f 5547 5641 5548
f 5607 5513 5486
f 5597 5627 5522
f 5622 5642 5547
f 5500 5499 5643
f 5570 5644 5523
f 5209 5162 4915
f 5573 5492 5574
f 5504 5227 5498
f 5645 5626 5646
f 5647 5648 5567
f 5562 5649 5589
f 5627 5649 5650
f 5651 5533 5452
f 5541 5613 5652
f 5530 5337 5210
f 5528 5632 5635
f 5300 5337 5508
f 5523 5473 5389
f 5519 5629 5520
f 5523 5499 5473
f 5571 5493 5525
f 5627 5589 5649
f 5653 5654 5475
f 5463 5608 5301
f 5388 5400 5317
f 5346 5514 5444
f 5561 5509 5610
f 5655 5656 5585
f 5277 5541 5564
f 5313 5262 5314
f 5647 5568 5569
f 5501 5606 5575
f 5400 5175 5317
f 5583 5455 5456
f 5463 5301 5382
f 5478 5611 5624
f 5540 5443 5632
f 5554 5419 5593
f 5492 5573 5496
f 5538 5644 5570
f 5657 5658 5039
f 5659 5563 5481
f 5660 5590 5357
f 5527 5543 5488
f 5587 5607 5319
f 5495 5231 5661
f 5614 5555 5416
f 5629 5519 5633
f 5181 5069 5047
f 5627 5650 5634
f 5652 5564 5541
f 5547 5642 5641
f 5503 5498 5553
f 5662 5489 5631
f 5663 5613 5615
f 5494 5647 5567
f 5575 5569 5535
f 5471 5470 5555
f 5210 5582 5531
f 5630 5639 5609
f 5404 5570 5523
f 5424 5664 5665
f 5622 5533 5651
f 5429 5666 5625
f 5562 5517 5667
f 5471 5612 5510
f 5387 5586 5400
f 5517 5596 5667
f 5490 5308 5455
f 5039 5668 5231
f 5450 5669 5670
f 5447 5637 5671
f 5197 5508 5672
f 5604 5409 5673
f 5366 5438 5437
f 5546 5662 5610
f 5442 5403 5598
f 5609 5473 5500
f 5482 5631 5459
f 5674 5675 5676
f 5405 5452 5484
f 5654 5447 5475
f 5615 5590 5663
f 5649 5667 5677
f 5536 5386 5329
f 5606 5469 5678
f 5463 5528 5608
f 5675 5679 5676
f 5642 5651 5680
f 5554 5681 5420
f 5650 5682 5634
f 5586 5599 5683
f 5544 5577 5545
f 5684 5583 5456
f 5436 5633 5685
f 5613 5663 5652
f 5654 5638 5447
f 5495 5686 5519
f 5687 5182 5617
f 5688 5689 5392
f 5509 5546 5610
f 5634 5690 5522
f 5691 5692 5513
f 5693 5395 5619
f 5586 5387 5600
f 5528 5507 5632
f 5649 5677 5650
f 5572 5574 5656
f 5694 5653 5475
f 5662 5546 5489
f 5549 5448 5671
f 5695 5587 5588
f 5696 5697 5698
f 5671 5576 5549
f 5606 5699 5575
f 5588 5521 5522
f 5478 5433 4767
f 5500 5643 5640
f 5504 5503 5526
f 5691 5607 5587
f 5643 5499 5700
f 5649 5562 5667
f 5549 5427 5168
f 5496 5224 5202
f 5678 5468 5584
f 5512 5513 5692
f 5522 5690 5620
f 5699 5701 5702
f 5487 5281 5543
f 5641 5642 5680
f 5691 5587 5695
f 5703 5704 5575
f 5499 5705 5700
f 5555 5706 5612
f 5315 5603 5707
f 5588 5620 5708
f 5424 5665 5524
f 5651 5696 5680
f 5448 5447 5671
f 5526 5709 5527
f 5330 5407 5467
f 5619 5395 5279
f 5565 5191 5190
f 5710 5619 5518
f 5429 5579 5666
f 5337 5602 5508
f 5682 5711 5634
f 5496 5573 5595
f 5678 5469 5468
f 5443 5712 5632
f 5599 5713 5714
f 5478 5561 5611
f 5452 5454 5697
f 5688 5674 5676
f 5690 5634 5711
f 5678 5584 5594
f 5336 5244 5260
f 5510 5715 5716
f 5458 5552 5497
f 5545 5717 5551
f 5684 5456 5628
f 5663 5590 5660
f 5656 5574 5585
f 5688 5392 5674
f 5576 5544 5549
f 5633 5519 5718
f 5567 5659 5481
f 5719 5650 5677
f 5625 5720 5721
f 5357 5590 5358
f 5711 5719 5722
f 5537 5386 5536
f 5647 5569 5648
f 5601 5716 5464
f 5319 5521 5588
f 5645 5552 5626
f 5542 5527 5709
f 5691 5513 5607
f 5699 5702 5723
f 5687 5580 5582
f 5442 5712 5443
f 5530 5210 5531
f 5625 5721 5405
f 5565 5564 5724
f 5515 5725 5039
f 5640 5726 5727
f 5693 5592 5419
f 5450 5670 5728
f 5231 5668 5661
f 5019 5625 5405
f 5674 5641 5675
f 5539 5639 5673
f 5618 5579 5578
f 5614 5479 5729
f 5209 5582 5210
f 5569 5575 5730
f 5424 5426 5102
f 5731 5635 5712
f 5732 5733 5734
f 5577 5735 5736
f 5682 5650 5719
f 5564 5652 5724
f 5499 5523 5705
f 5539 5566 5639
f 5606 5678 5701
f 5630 5640 5737
f 5685 5718 5738
f 5739 5710 5728
f 5740 5741 5742
f 5643 5700 5743
f 5447 5638 5637
f 5555 5729 5706
f 5711 5744 5690
f 5305 5307 5603
f 5640 5643 5726
f 5711 5722 5745
f 5680 5675 5641
f 5699 5703 5575
f 5694 5475 5392
f 5685 5633 5718
f 5700 5746 5747
f 5610 5662 5748
f 5749 5652 5663
f 5688 5750 5689
f 5741 5595 5742
f 5699 5723 5703
f 5636 5638 5751
f 5752 5644 5538
f 5545 5753 5717
f 5569 5730 5648
f 5687 5582 5209
f 5510 5706 5715
f 5392 5548 5674
f 5595 5572 5742
f 5600 5537 5713
f 5754 5752 5538
f 5519 5686 5718
f 5601 5510 5716
f 5494 5568 5647
f 5431 5313 5755
f 5482 5756 5631
f 5623 5610 5748
f 5757 5479 5480
f 5530 5758 5602
f 5724 5759 5565
f 5616 5760 5537
f 5704 5730 5575
f 5642 5622 5651
f 5623 5624 5611
f 5653 5694 5761
f 5667 5762 5677
f 5699 5606 5701
f 5763 5764 5449
f 5638 5654 5751
f 5689 5694 5392
f 5621 5491 5490
f 5765 5723 5702
f 5191 5502 5338
f 5641 5674 5548
f 5700 5747 5743
f 5579 5618 5766
f 5734 5636 5767
f 5644 5752 5705
f 5757 5729 5479
f 5660 5357 5558
f 5454 5768 5769
f 5766 5666 5579
f 5753 5577 5736
f 5436 5756 5482
f 5635 5632 5712
f 5599 5600 5713
f 5754 5538 5449
f 5421 5420 5298
f 5693 5359 5395
f 5585 5574 5401
f 5708 5695 5588
f 5727 5737 5640
f 5551 5717 5628
f 5524 5665 5618
f 5749 5663 5660
f 5408 5357 5283
f 4928 5231 5089
f 5744 5745 5770
f 5652 5749 5724
f 5625 5666 5720
f 5771 5678 5594
f 5604 5336 5409
f 5523 5644 5705
f 5742 5572 5656
f 5692 5772 5616
f 5573 5572 5595
f 5707 5755 5315
f 5683 5585 5586
f 5773 5774 5689
f 5352 5545 5551
f 5719 5677 5762
f 5643 5743 5726
f 5771 5594 5775
f 5667 5596 5762
f 5495 5661 5686
f 5591 5776 5763
f 5688 5676 5750
f 5777 5778 5779
f 5780 5752 5754
f 5702 5701 5778
f 5388 5387 5400
f 5436 5685 5756
f 5592 5693 5739
f 5680 5696 5781
f 5555 5614 5729
f 5542 5782 5783
f 5635 5731 5608
f 5654 5653 5751
f 5624 5784 5433
f 5729 5785 5706
f 5679 5750 5676
f 5683 5655 5585
f 5510 5612 5706
f 5786 5669 5006
f 5443 5274 5403
f 5787 5788 5599
f 5712 5442 5789
f 5557 5357 5408
f 5710 5693 5619
f 5596 5790 5791
f 5452 5405 5453
f 5545 5577 5753
f 5762 5792 5719
f 5591 5621 5776
f 5764 5754 5449
f 5678 5771 5701
f 5675 5680 5781
f 5424 5102 5262
f 5793 5605 5794
f 5795 5796 5705
f 5433 5784 5005
f 5671 5734 5576
f 5729 5757 5785
f 5730 5797 5648
f 5798 5799 5800
f 5723 5801 5703
f 5750 5773 5689
f 5591 5763 5449
f 5737 5673 5639
f 5752 5780 5705
f 5730 5704 5797
f 5802 5797 5803
f 5804 5805 5298
f 5806 5780 5754
f 5655 5807 5808
f 5618 5809 5766
f 5705 5746 5700
f 5771 5779 5701
f 5666 5766 5720
f 5598 5789 5442
f 5595 5741 5775
f 5620 5690 5744
f 5694 5689 5774
f 5770 5745 5810
f 5684 5621 5583
f 5778 5701 5779
f 5811 5747 5746
f 5812 5726 5743
f 5813 5814 5734
f 5747 5812 5743
f 5773 5815 5774
f 5816 5751 5653
f 5542 5556 5543
f 5704 5703 5817
f 5679 5675 5781
f 5740 5818 5813
f 5774 5761 5694
f 5798 5796 5799
f 5819 5820 5821
f 5822 5620 5744
f 5770 5822 5744
f 5686 5823 5718
f 5617 5182 5362
f 5824 5631 5825
f 5542 5709 5782
f 5770 5826 5822
f 5749 5660 5827
f 5628 5717 5753
f 5539 5673 5409
f 5771 5828 5779
f 5711 5682 5719
f 5595 5775 5594
f 5197 5672 5306
f 5616 5512 5692
f 5577 5576 5735
f 5821 5684 5628
f 5811 5800 5829
f 5830 5742 5808
f 5800 5831 5829
f 5307 5832 5603
f 5306 5305 5314
f 5833 5834 5616
f 5637 5636 5734
f 5706 5785 5715
f 5798 5746 5705
f 5582 5581 5835
f 5836 5602 5758
f 5837 5809 5665
f 5624 5623 5838
f 5621 5820 5776
f 5736 5839 5753
f 5671 5637 5734
f 5593 5681 5554
f 5684 5821 5621
f 5759 5724 5840
f 5807 5683 5599
f 5740 5742 5830
f 5773 5841 5815
f 5693 5710 5739
f 5645 5646 5842
f 5843 5758 5530
f 5731 5712 5844
f 5747 5845 5812
f 5750 5679 5846
f 5802 5648 5797
f 5780 5795 5705
f 5838 5784 5624
f 5744 5711 5745
f 5704 5803 5797
f 5847 5620 5822
f 5827 5724 5749
f 5826 5848 5822
f 5757 5480 5793
f 5424 5524 5425
f 5636 5751 5767
f 5793 5785 5757
f 5740 5813 5733
f 5777 5779 5849
f 5771 5775 5828
f 5850 5851 5852
f 5777 5853 5778
f 5692 5691 5772
f 5801 5817 5703
f 5565 5759 5191
f 5821 5820 5621
f 5774 5815 5761
f 5656 5655 5808
f 5826 5770 5854
f 5815 5855 5856
f 5582 5835 5531
f 5811 5798 5800
f 5857 5822 5848
f 5781 5846 5679
f 5796 5858 5859
f 5592 5860 5861
f 5695 5708 5862
f 5659 5567 5863
f 5836 5758 5843
f 5815 5841 5855
f 5864 5623 5748
f 5759 5865 5191
f 5765 5853 5866
f 5686 5661 5823
f 5639 5630 5737
f 5807 5655 5683
f 5760 5713 5537
f 5362 5601 5464
f 5814 5735 5734
f 5741 5867 5775
f 5661 5868 5823
f 5869 5772 5691
f 5857 5848 5870
f 5871 5779 5872
f 5723 5765 5801
f 5873 5738 5718
f 5854 5770 5810
f 5869 5691 5695
f 5871 5849 5779
f 5808 5807 5874
f 5816 5653 5761
f 5875 5806 5764
f 5876 5716 5715
f 5452 5533 5484
f 5848 5854 5877
f 5853 5702 5778
f 5598 5563 5878
f 5879 5796 5795
f 5819 5880 5820
f 5881 5824 5825
f 5882 5883 5884
f 5726 5812 5885
f 5798 5705 5796
f 5840 5865 5759
f 5604 5886 5887
f 5747 5888 5845
f 5806 5754 5764
f 5847 5822 5857
f 5869 5695 5862
f 5839 5889 5890
f 5681 5852 5804
f 5776 5891 5892
f 5839 5628 5753
f 5592 5739 5860
f 5760 5834 5714
f 5874 5818 5830
f 5848 5826 5854
f 5529 5843 5530
f 5773 5893 5841
f 5853 5765 5702
f 5766 5894 5720
f 5708 5847 5862
f 5846 5895 5750
f 5896 5886 5604
f 5853 5897 5866
f 5847 5708 5620
f 5665 5809 5618
f 5898 5631 5824
f 5785 5876 5715
f 5722 5719 5899
f 5724 5827 5840
f 5623 5864 5838
f 5811 5746 5798
f 5784 5900 5005
f 5857 5901 5902
f 5903 5904 5905
f 5809 5894 5766
f 5906 5776 5892
f 5882 5660 5558
f 5816 5767 5751
f 5816 5761 5907
f 5908 5793 5794
f 5735 5814 5736
f 5718 5823 5873
f 5906 5764 5763
f 5772 5909 5616
f 5785 5793 5908
f 5903 5855 5904
f 5857 5870 5901
f 5910 5628 5890
f 5745 5911 5810
f 5912 5816 5907
f 5741 5740 5913
f 5789 5598 5914
f 5645 5915 5916
f 5806 5795 5780
f 5796 5859 5799
f 5895 5893 5750
f 5828 5867 5872
f 5906 5763 5776
f 5737 5727 5917
f 5918 5919 5464
f 5848 5877 5920
f 5693 5419 5359
f 5748 5898 5864
f 5788 5874 5807
f 5742 5656 5808
f 5596 5502 5191
f 5800 5799 5921
f 5777 5849 5922
f 5910 5819 5821
f 5848 5920 5870
f 5872 5779 5828
f 5687 5209 5182
f 5879 5795 5923
f 5659 5878 5563
f 5924 5879 5923
f 5738 5756 5685
f 5853 5777 5922
f 5515 5560 5556
f 5867 5828 5775
f 5925 5923 5806
f 5889 5787 5714
f 5645 5553 5552
f 5926 5901 5927
f 5925 5806 5875
f 5858 5901 5928
f 5929 5930 5646
f 5870 5927 5901
f 5910 5821 5628
f 5921 5831 5800
f 5931 5932 5772
f 5806 5923 5795
f 5182 5181 5362
f 5879 5902 5858
f 5931 5772 5869
f 5836 5843 5933
f 5834 5760 5616
f 5903 5761 5856
f 5854 5810 5934
f 5704 5817 5803
f 5824 5935 5898
f 5920 5927 5870
f 5879 5858 5796
f 5596 5936 5937
f 5938 5909 5932
f 5815 5856 5761
f 5903 5905 5939
f 5788 5940 5874
f 5845 5885 5812
f 5817 5801 5941
f 5645 5916 5553
f 5942 5858 5928
f 5943 5944 5871
f 5924 5857 5902
f 5874 5830 5808
f 5847 5857 5924
f 5739 5728 5860
f 5721 5720 5945
f 5899 5719 5792
f 5940 5788 5787
f 5854 5946 5877
f 5665 5664 5947
f 5849 5871 5948
f 5736 5940 5839
f 5949 5880 5819
f 5557 5408 5298
f 5858 5902 5901
f 5799 5859 5950
f 5801 5951 5941
f 5924 5902 5879
f 5819 5910 5952
f 5926 5928 5901
f 5878 5914 5598
f 5876 5953 5464
f 5617 5580 5687
f 5954 5955 5825
f 5858 5942 5859
f 5875 5956 5931
f 5957 5910 5890
f 5526 5958 5709
f 5949 5819 5952
f 5776 5959 5891
f 5772 5932 5909
f 5745 5899 5911
f 5907 5939 5960
f 5940 5889 5839
f 5747 5811 5888
f 5773 5750 5893
f 5961 5846 5962
f 5716 5876 5464
f 5736 5814 5940
f 5950 5921 5799
f 5909 5938 5833
f 5960 5963 5907
f 5784 5838 5964
f 5909 5833 5616
f 5951 5765 5866
f 5938 5932 5956
f 5849 5948 5922
f 5735 5576 5734
f 5924 5862 5847
f 5714 5713 5760
f 5503 5916 5526
f 5923 5925 5862
f 5837 5665 5947
f 5965 5966 5191
f 5931 5869 5862
f 5906 5956 5875
f 5957 5952 5910
f 5605 5604 5887
f 5872 5912 5907
f 5925 5931 5862
f 5967 5889 5968
f 5924 5923 5862
f 5913 5740 5733
f 5871 5969 5948
f 5968 5714 5952
f 5925 5875 5931
f 5931 5956 5932
f 5906 5875 5764
f 5767 5970 5732
f 5740 5830 5818
f 5788 5807 5599
f 5603 5971 5707
f 5970 5912 5872
f 5776 5880 5959
f 5787 5599 5714
f 5776 5820 5880
f 5890 5967 5957
f 5908 5794 5972
f 5602 5973 5508
f 5974 5949 5833
f 5891 5974 5938
f 5839 5890 5628
f 5829 5975 5888
f 5892 5938 5956
f 5959 5974 5891
f 5967 5968 5957
f 5950 5859 5976
f 5741 5913 5867
f 5939 5761 5903
f 5973 5672 5508
f 5829 5831 5977
f 5906 5892 5956
f 5949 5834 5833
f 5894 5809 5837
f 5714 5834 5952
f 5940 5787 5889
f 5892 5891 5938
f 5907 5963 5943
f 5467 5539 5409
f 5967 5890 5889
f 5843 5529 5933
f 5844 5789 5914
f 5949 5974 5959
f 5894 5945 5720
f 5978 5673 5979
f 5949 5959 5880
f 5957 5968 5952
f 5732 5734 5767
f 5859 5942 5980
f 5968 5889 5714
f 5767 5912 5970
f 5964 5900 5784
f 5929 5981 5930
f 5712 5789 5844
f 5949 5952 5834
f 5732 5913 5733
f 5982 5838 5864
f 5974 5833 5938
f 5983 5873 5823
f 5867 5970 5872
f 5913 5732 5970
f 5306 5832 5307
f 5733 5813 5734
f 5898 5662 5631
f 5854 5934 5946
f 5813 5940 5814
f 5853 5922 5897
f 5867 5913 5970
f 5895 5846 5961
f 5912 5767 5816
f 5813 5874 5940
f 5942 5928 5984
f 5811 5829 5888
f 5761 5939 5907
f 5813 5818 5874
f 5951 5985 5941
f 5926 5927 5986
f 5817 5941 5803
f 5871 5944 5969
f 5831 5921 5987
f 5865 5965 5191
f 5939 5905 5988
f 5989 5840 5827
f 5935 5864 5898
f 5942 5984 5980
f 5977 5975 5829
f 5893 5895 5961
f 5865 5989 5965
f 5948 5990 5991
f 5738 5873 5954
f 5660 5992 5827
f 5431 5755 5993
f 5988 5960 5939
f 5926 5984 5928
f 5721 5945 5453
f 5921 5950 5994
f 5567 5648 5802
f 5897 5948 5991
f 5727 5885 5917
f 5793 5480 5605
f 5916 5995 5958
f 5987 5977 5831
f 5963 5960 5996
f 5896 5604 5673
f 5681 5593 5997
f 5873 5983 5954
f 5861 5997 5593
f 5727 5726 5885
f 5864 5935 5982
f 5943 5872 5907
f 5696 5698 5998
f 5731 5550 5608
f 5943 5999 6000
f 5876 5908 5972
f 5664 5431 5947
f 5988 5996 5960
f 5994 5987 5921
f 5868 5983 5823
f 5943 5871 5872
f 5841 6001 6002
f 5878 5659 6003
f 5836 5933 5973
f 5943 5963 5999
f 5944 5943 6000
f 6004 5863 5567
f 5930 5842 5646
f 5745 5722 5899
f 5810 6005 5934
f 5976 5994 5950
f 5865 5840 5989
f 5827 5992 5989
f 5859 5980 5976
f 5946 6006 6007
f 5838 5982 6008
f 5894 6009 5945
f 5914 6010 5844
f 5900 6011 5005
f 5431 5664 5424
f 5903 5856 5855
f 5914 5878 6003
f 5450 5006 5669
f 5920 5877 6007
f 6008 5964 5838
f 5841 5893 6001
f 5984 5926 6012
f 5731 6013 5550
f 6007 6014 5986
f 6015 5935 5824
f 6016 6017 6018
f 5846 5781 5962
f 5860 6019 5861
f 5855 5841 6002
f 5672 5832 5306
f 5996 5988 6020
f 6021 5976 6022
f 5801 5765 5951
f 5681 5298 5420
f 5887 5794 5605
f 5951 5866 5985
f 5681 5804 5298
f 5888 6023 5845
f 5866 5897 6024
f 5976 5980 6022
f 5958 6025 5782
f 5897 5922 5948
f 5963 5996 5999
f 6026 5868 5661
f 5988 5905 6020
f 5659 6027 6003
f 6012 5980 5984
f 5785 5908 5876
f 5975 5977 6028
f 5941 5985 6029
f 5005 6030 5006
f 5986 6012 5926
f 6031 5944 6000
f 5946 5934 6006
f 6005 6006 5934
f 6032 5954 5983
f 5911 6005 5810
f 5681 5997 5852
f 5900 5964 6011
f 5877 5946 6007
f 5916 5503 5553
f 5602 5836 5973
f 6007 6033 6014
f 5844 6010 6013
f 5762 5937 5792
f 5617 5465 5580
f 5977 5987 6034
f 6010 5914 6003
f 5996 6020 5999
f 5958 5782 5709
f 5738 5825 5756
f 6015 5982 5935
f 5978 5896 5673
f 5945 6035 5453
f 5835 5581 6036
f 5515 5542 5725
f 5987 5994 6034
f 6037 5971 5603
f 5660 5882 5992
f 6038 6039 5965
f 6013 6040 6041
f 5866 6024 5985
f 5792 5911 5899
f 5969 5990 5948
f 6042 5672 5973
f 5991 6024 5897
f 6031 5969 5944
f 5894 5837 6009
f 6043 5803 5941
f 6044 5805 5804
f 6013 5731 5844
f 5631 5756 5825
f 6002 5904 5855
f 5994 5976 6021
f 5954 6032 5955
f 5431 6018 5947
f 5450 5518 5198
f 6045 5973 5933
f 6046 6047 6048
f 5876 5972 5953
f 5592 5861 5593
f 5888 6028 6023
f 5982 6015 6008
f 5929 5646 5550
f 6034 6028 5977
f 5983 5868 6049
f 5198 5188 5450
f 6050 5832 6042
f 5431 5993 6051
f 5989 6038 5965
f 5989 5992 6038
f 5966 6039 5790
f 6049 6032 5983
f 5904 6052 5905
f 5794 5887 6053
f 6020 6054 5999
f 5980 6012 6055
f 6021 6034 5994
f 5405 5721 5453
f 6015 5824 6056
f 6012 5986 6055
f 5557 5805 6057
f 5738 5954 5825
f 6004 5567 5802
f 5947 6009 5837
f 5882 5558 6058
f 5898 5748 5662
f 5794 6059 5972
f 6060 5986 6014
f 6059 5953 5972
f 5964 6008 6061
f 5905 6052 6020
f 5696 5452 5697
f 6062 6063 6064
f 5646 5626 5550
f 6003 6065 6010
f 6021 6022 6066
f 5852 5851 5804
f 6007 5927 5920
f 6000 5999 6067
f 6031 6000 6067
f 5964 6061 6011
f 5993 5755 6068
f 5697 5454 5769
f 6035 6069 5453
f 6006 6005 6070
f 6026 5661 5668
f 5887 5886 6053
f 5659 5863 6027
f 5969 6031 6071
f 6002 6001 6072
f 6051 6073 6016
f 6005 5911 6070
f 5755 5707 6074
f 6050 5603 5832
f 6075 5955 6032
f 6055 6022 5980
f 6076 6077 6024
f 6010 6040 6013
f 6009 6035 5945
f 5884 6038 5992
f 6009 6078 6035
f 5991 6076 6024
f 6079 6050 6042
f 5453 6069 5454
f 5431 6016 6018
f 6060 6055 5986
f 6019 5997 5861
f 5645 5842 5915
f 5904 6002 6072
f 6080 6008 6015
f 5882 6058 5883
f 6054 6067 5999
f 5966 5965 6039
f 5915 6064 5995
f 6026 6049 5868
f 6031 6067 6071
f 5786 6081 6082
f 5881 5955 6083
f 6007 5986 5927
f 5947 6018 6009
f 6032 6049 6075
f 6004 6027 5863
f 6052 5904 6072
f 6084 6085 5997
f 6086 6087 5580
f 5995 6088 6089
f 5992 5882 5884
f 5531 6045 5529
f 6090 6053 5886
f 5850 6091 5851
f 6008 6080 6061
f 6023 6034 6066
f 6062 6064 6092
f 6093 6020 6052
f 6094 5842 5930
f 5794 6053 6059
f 6095 6065 6003
f 6069 6078 6096
f 6053 6097 6059
f 6010 6065 6040
f 5464 6086 5465
f 6098 5557 6057
f 5896 6090 5886
f 5782 6025 5783
f 6024 6077 5985
f 6099 5973 6100
f 6013 6041 5550
f 6023 6028 6034
f 6069 6035 6078
f 5916 5958 5526
f 6101 6102 6070
f 5672 6042 5832
f 6080 6015 6056
f 6045 5933 5529
f 6095 6003 6027
f 6084 6019 6103
f 6104 6105 6106
f 5737 5917 5673
f 6038 5884 6039
f 5937 6101 5792
f 6093 6052 6072
f 6067 6093 6107
f 5962 5696 6108
f 6085 5850 5997
f 6053 6090 6097
f 6084 6103 6109
f 5995 6089 5958
f 5966 5790 5596
f 5881 5825 5955
f 6069 6096 5454
f 6061 6110 6011
f 6111 6075 6049
f 5918 5953 6112
f 6113 6078 6009
f 5915 6094 6064
f 6067 6107 6071
f 5781 5696 5962
f 6040 6114 6115
f 6055 6116 6022
f 5966 5596 5191
f 5802 5803 6043
f 6018 6113 6009
f 5896 5978 6090
f 6116 6055 6060
f 6059 6112 5953
f 6094 5930 6117
f 6004 5802 6118
f 6078 6113 6096
f 6110 6119 6011
f 6040 6115 6120
f 6121 6122 6123
f 6124 6027 6004
f 6125 6061 6080
f 6039 6126 5790
f 6014 6127 6060
f 6128 6001 6129
f 6049 6026 6130
f 5993 6068 6051
f 6044 6131 6057
f 6132 6044 5804
f 5915 5995 5916
f 5981 5929 6133
f 5990 5969 6076
f 6075 6134 6083
f 5668 6135 6026
f 5802 6136 6118
f 5885 6137 5917
f 6065 6095 6114
f 6138 6097 6090
f 6139 6039 5884
f 5728 6103 5860
f 6018 6140 6113
f 5919 6141 6086
f 6095 6027 6124
f 6142 6136 5802
f 6130 6111 6049
f 6143 5917 6144
f 6041 6040 6120
f 5918 6112 6145
f 6099 6146 6147
f 6050 6037 5603
f 6127 6148 6116
f 6044 6132 6149
f 6006 6033 6007
f 6096 5768 5454
f 5958 6089 6025
f 6099 6042 5973
f 5802 6043 6150
f 5919 6145 6141
f 5596 5791 5936
f 6039 6139 6126
f 6148 6151 6116
f 5791 5790 6126
f 6124 6004 6118
f 6088 5995 6064
f 5542 5783 5725
f 6080 6056 6125
f 6152 6143 6144
f 6045 6100 5973
f 6059 6097 6112
f 6153 6088 6063
f 5313 5315 5755
f 6071 6107 6076
f 6065 6114 6040
f 6014 6033 6127
f 6047 6083 6048
f 5978 6154 6138
f 6097 6138 6155
f 6156 6093 6072
f 5450 5728 5518
f 6061 6125 6110
f 6135 6130 6026
f 6137 5885 5845
f 6157 6114 6095
f 5919 5918 6145
f 5969 6071 6076
f 6036 6158 6159
f 6092 6094 6117
f 6153 6089 6088
f 5850 5852 5997
f 6095 6124 6157
f 6025 6160 5783
f 6075 6111 6134
f 6132 5851 6091
f 6077 6029 5985
f 6139 5883 6161
f 6162 6163 6145
f 6023 6164 6165
f 6089 6160 6025
f 6041 5929 5550
f 6112 6155 6162
f 5953 5918 5464
f 5805 6044 6057
f 5981 6133 6117
f 5883 6166 6161
f 6139 6161 6126
f 6143 5979 5673
f 6167 6045 6036
f 5596 5937 5762
f 5696 5651 5452
f 6018 6017 6140
f 5768 6096 6168
f 6113 6140 6096
f 6086 6169 6170
f 6159 6171 6167
f 6155 6154 6162
f 6172 6132 6091
f 5978 6138 6090
f 6173 6174 6147
f 6066 6116 6175
f 6126 6166 6176
f 6115 6157 6177
f 6124 6118 6178
f 6101 6179 6102
f 6125 6056 6123
f 6111 6130 6180
f 6115 6114 6157
f 5981 6117 5930
f 6137 6144 5917
f 5465 6086 5580
f 6178 6157 6124
f 6098 5558 5557
f 5911 6101 6070
f 5786 5006 6081
f 5696 5998 6108
f 5937 5936 6181
f 6180 6134 6111
f 6154 6182 6183
f 6067 6054 6093
f 6097 6155 6112
f 6125 6184 6110
f 6132 5804 5851
f 5791 6185 5936
f 6051 6068 6073
f 5769 5768 6186
f 6043 6187 6150
f 6085 6188 6189
f 6019 5860 6103
f 6001 5961 5962
f 6126 6161 6166
f 6063 6088 6064
f 5835 6036 6045
f 5929 6190 6133
f 6168 6186 5768
f 6191 6181 6192
f 6140 6193 6168
f 6098 6131 6194
f 5955 6075 6083
f 6130 6135 6180
f 5657 6195 6196
f 6197 6178 6118
f 6089 6153 6160
f 6135 6198 6180
f 6115 6177 6120
f 5991 5990 6076
f 6022 6116 6066
f 5769 6199 5697
f 6200 6083 6134
f 6201 5978 5979
f 6033 6102 6127
f 6019 6084 5997
f 5531 5835 6045
f 6098 6058 5558
f 5464 5919 6086
f 5791 6176 6185
f 6139 5884 5883
f 6034 6021 6066
f 6110 6184 6119
f 5978 6201 6154
f 6157 6178 6177
f 6140 6168 6096
f 6136 6197 6118
f 6176 6202 6185
f 6203 5850 6204
f 5755 6074 6068
f 6186 6205 5769
f 6011 6119 6030
f 6202 6206 6185
f 6143 5673 5917
f 6085 6109 6188
f 6134 6180 6200
f 6076 6207 6077
f 6155 6138 6154
f 6132 6172 6149
f 6202 6166 6058
f 5805 5557 5298
f 6208 6209 6210
f 6186 6168 6193
f 6056 6121 6123
f 6187 6029 6211
f 5581 5580 6087
f 6044 6149 6212
f 6079 6042 6099
f 6125 6123 6184
f 5769 6205 6199
f 6041 6213 5929
f 6214 6215 6102
f 6216 6201 5979
f 6178 6197 6217
f 6218 6175 6219
f 6098 6194 6220
f 6120 6221 6213
f 6222 6223 6146
f 6099 6222 6146
f 6224 6225 6193
f 6178 6217 6177
f 5824 6121 6056
f 6087 6036 5581
f 5915 5842 6094
f 6036 6159 6167
f 6076 6226 6207
f 6227 6212 6228
f 5791 6126 6176
f 6201 6182 6154
f 5937 6191 6101
f 6041 6120 6213
f 6037 6229 5971
f 6054 6020 6093
f 6202 6058 6220
f 6220 6209 6230
f 6137 6231 6144
f 6112 6162 6145
f 6193 6140 6017
f 6176 6166 6202
f 6047 5881 6083
f 6232 6200 6180
f 6205 6186 6233
f 6151 6175 6116
f 6197 6136 6234
f 6235 6236 6237
f 6172 6238 6239
f 6163 6154 6183
f 5728 5670 6103
f 6193 6233 6186
f 6240 6062 6092
f 6241 6242 6073
f 6149 6243 6212
f 6199 5698 5697
f 6058 6098 6220
f 6184 6244 6119
f 5911 5792 6101
f 6234 6217 6197
f 6190 6245 6235
f 6227 6044 6212
f 5850 6203 6091
f 6199 6205 6233
f 6142 5802 6150
f 6241 6246 6242
f 6104 6092 6117
f 6247 6226 6107
f 6158 6086 6170
f 6201 6216 6182
f 5936 6248 6181
f 5979 6143 6152
f 6200 6232 6048
f 5431 6051 6016
f 5658 5668 5039
f 6222 6100 6249
f 6216 6250 6251
f 6227 6131 6044
f 6127 6252 6148
f 6206 6202 6220
f 5783 6160 6253
f 6037 6254 6229
f 6163 6162 6154
f 6098 6057 6131
f 6233 6193 6225
f 6255 6153 6063
f 5783 6253 5725
f 6218 6066 6175
f 6142 6234 6136
f 6198 6232 6180
f 6256 6103 5786
f 6257 6233 6225
f 6172 6203 6238
f 6147 6079 6099
f 6174 6037 6050
f 5698 6199 6257
f 6216 5979 6250
f 6149 6172 6243
f 5893 5961 6001
f 6233 6257 6199
f 6184 6123 6258
f 6218 6164 6023
f 6217 6259 6177
f 6172 6239 6243
f 6166 5883 6058
f 6100 6167 6249
f 5971 6229 6074
f 5936 6185 6248
f 6260 6135 5668
f 6167 6171 6249
f 6244 6258 6261
f 6172 6091 6203
f 6254 6262 6229
f 6043 5941 6029
f 6227 6263 6131
f 6224 6017 6016
f 6237 6104 6117
f 6240 6092 6104
f 6264 6265 6127
f 6187 6211 6266
f 6182 6216 6251
f 6224 6193 6017
f 6152 6144 6267
f 6169 6086 6141
f 6107 6268 6269
f 5998 5698 6270
f 6258 6271 6261
f 6272 6048 6232
f 6273 6274 6275
f 6135 6260 6198
f 6119 6276 6030
f 6223 6277 6278
f 6191 5937 6181
f 6257 6270 5698
f 6046 6273 6122
f 6120 6259 6221
f 6079 6147 6174
f 6237 6117 6133
f 6217 6279 6259
f 6206 6220 6230
f 6234 6142 6280
f 6123 6122 6258
f 6163 6281 6145
f 6257 6225 6282
f 6185 6206 6248
f 6241 6074 6229
f 6191 6283 6101
f 6108 6284 6285
f 6167 6100 6045
f 6083 6200 6048
f 6137 6023 6165
f 6158 6087 6086
f 6251 6183 6182
f 5979 6152 6250
f 6119 6244 6276
f 6224 6073 6242
f 6248 6192 6181
f 6142 6150 6286
f 5962 6285 6287
f 6270 6288 5998
f 6093 6156 6289
f 6129 6290 6291
f 5962 6108 6285
f 6232 6198 6272
f 6237 6292 6104
f 6293 6240 6106
f 6278 6173 6147
f 6286 6280 6142
f 6217 6234 6279
f 6259 6279 6221
f 6294 6295 6170
f 6284 6296 6285
f 6103 6188 6109
f 6150 6187 6297
f 6298 6224 6299
f 6141 6145 6169
f 6047 6121 5881
f 6152 6300 6250
f 6016 6073 6224
f 6206 6230 6248
f 6204 6085 6189
f 6163 6183 6281
f 6244 6184 6258
f 6240 6104 6106
f 6270 6257 6282
f 6261 6276 6244
f 5657 6196 6301
f 6174 6050 6079
f 6137 6165 6231
f 6187 6043 6029
f 6297 6286 6150
f 6062 6302 6063
f 6103 5670 5786
f 6183 6251 6281
f 6249 6171 6223
f 6235 6237 6133
f 6265 6252 6127
f 6303 6304 6305
f 6224 6242 6306
f 6241 6307 6246
f 6234 6280 6279
f 6241 6229 6262
f 6198 6260 6308
f 6280 6309 6279
f 6243 6228 6212
f 6192 6248 6310
f 6266 6297 6187
f 6308 6260 5658
f 6213 6311 6312
f 6152 6267 6300
f 6288 6270 6313
f 6128 6072 6001
f 6302 6255 6063
f 6198 6314 6272
f 6315 6211 6029
f 6190 6312 6245
f 6192 6316 6191
f 6282 6313 6270
f 6160 6153 6253
f 6317 6241 6262
f 6316 6318 6283
f 6319 6145 6281
f 6145 6319 6169
f 6286 6297 6309
f 6108 6288 6284
f 5005 6011 6030
f 6320 6321 6179
f 6280 6286 6309
f 6251 6322 6281
f 6274 6323 6275
f 6235 6133 6190
f 6324 6325 6001
f 6194 6326 6210
f 6279 6309 6221
f 6213 6221 6311
f 6006 6070 6033
f 6237 6236 6292
f 6250 6322 6251
f 6310 6316 6192
f 6151 6327 6175
f 6301 6328 5658
f 6225 6298 6282
f 5707 5971 6074
f 6218 6219 6329
f 6308 5658 6328
f 6121 5824 5881
f 6253 6153 6255
f 6313 6330 6288
f 6030 6276 6331
f 6144 6332 6267
f 6297 6333 6309
f 6316 6283 6191
f 6131 6263 6194
f 6298 6299 6334
f 6310 6230 6335
f 6046 6048 6336
f 6230 6209 6335
f 6174 6337 6254
f 5888 5975 6028
f 6064 6094 6092
f 6222 6249 6223
f 6267 6338 6300
f 6320 6339 6321
f 6288 6330 6284
f 6313 6282 6340
f 6341 6236 6235
f 6213 6190 5929
f 6283 6320 6101
f 5850 6085 6204
f 6320 6179 6101
f 6342 6294 6170
f 6343 6258 6122
f 6165 6344 6231
f 6250 6300 6322
f 6345 6228 6346
f 6292 6105 6104
f 6287 6347 6324
f 6120 6177 6259
f 6266 6211 6348
f 6243 6349 6346
f 6295 6350 6159
f 6108 5998 6288
f 6297 6266 6333
f 6330 6313 6340
f 6099 6100 6222
f 6351 6341 6235
f 6224 6298 6225
f 6352 6277 6223
f 6298 6340 6282
f 6305 6263 6227
f 6258 6343 6271
f 6287 6324 6001
f 6316 6310 6335
f 6353 6315 6029
f 6345 6303 6305
f 6354 6340 6334
f 6209 6208 6335
f 6077 6355 6353
f 6272 6314 6336
f 6243 6356 6349
f 6351 6235 6245
f 6303 6345 6346
f 6348 6333 6266
f 6236 6357 6292
f 6336 6358 6359
f 6122 6275 6343
f 6342 6170 6169
f 6360 6322 6300
f 6292 6361 6105
f 6347 6362 6324
f 6318 6316 6335
f 6218 6023 6066
f 6340 6298 6334
f 6198 6308 6314
f 6332 6338 6267
f 6204 6238 6203
f 6340 6354 6330
f 6322 6319 6281
f 6284 6330 6354
f 6190 6213 6312
f 6300 6338 6360
f 6261 6271 6363
f 6273 6275 6122
f 6315 6348 6211
f 6173 6277 6364
f 6254 6365 6262
f 6241 6068 6074
f 6322 6360 6366
f 6144 6231 6332
f 6276 6261 6331
f 6367 5725 6368
f 6224 6306 6299
f 6260 5668 5658
f 6369 6370 6208
f 6255 6302 6371
f 6320 6318 6339
f 6253 6255 6371
f 6156 6128 6372
f 6353 6029 6077
f 6354 6334 6373
f 6236 6341 6357
f 6070 6102 6033
f 6030 6331 6374
f 6223 6278 6146
f 6077 6207 6355
f 6319 6366 6375
f 6238 6376 6377
f 6335 6378 6318
f 6321 6379 6179
f 6287 6001 5962
f 6305 6304 6380
f 6189 6376 6204
f 6023 6137 5845
f 6381 6351 6245
f 6312 6311 6382
f 6319 6342 6169
f 6296 6373 6347
f 6345 6305 6227
f 6344 6165 6383
f 6048 6272 6336
f 6333 6384 6309
f 6335 6208 6370
f 6102 6179 6385
f 5728 5710 5518
f 6358 6336 6314
f 6386 6360 6338
f 6036 6087 6158
f 6387 6271 6343
f 6146 6278 6147
f 6378 6339 6318
f 6317 6307 6241
f 6308 6388 6314
f 6238 6377 6389
f 6338 6332 6386
f 6295 6158 6170
f 6214 6102 6385
f 6238 6204 6376
f 6352 6390 6391
f 6103 6256 6188
f 6320 6283 6318
f 6231 6392 6332
f 6357 6361 6292
f 6379 6385 6179
f 6287 6296 6347
f 6194 6393 6394
f 6381 6245 6395
f 6243 6239 6356
f 6293 6106 6396
f 6397 6382 6398
f 6348 6315 6399
f 6271 6387 6363
f 6325 6129 6001
f 6093 6268 6107
f 6400 5786 6082
f 6378 6335 6370
f 6165 6164 6383
f 6241 6073 6068
f 6337 6174 6173
f 6386 6332 6401
f 6402 6395 6312
f 6209 6220 6210
f 6348 6384 6333
f 6228 6345 6227
f 6128 6156 6072
f 6395 6245 6312
f 6315 6353 6403
f 6194 6380 6393
f 6296 6354 6373
f 6343 6275 6387
f 6388 6358 6314
f 6247 6107 6269
f 6240 6302 6062
f 6164 6404 6405
f 6208 6210 6406
f 6289 6156 6407
f 6381 6395 6408
f 6353 6355 6409
f 6339 6369 6410
f 6342 6319 6375
f 6207 6411 6355
f 6386 6366 6360
f 6357 6341 6412
f 6127 6116 6060
f 6261 6363 6331
f 6332 6392 6401
f 6352 6171 6390
f 6359 6046 6336
f 6325 6324 6413
f 6403 6399 6315
f 6346 6228 6243
f 6414 6397 6415
f 6287 6285 6296
f 6240 6293 6371
f 6173 6278 6277
f 6268 6416 6269
f 6215 6127 6102
f 6417 6410 6418
f 6037 6174 6254
f 6321 6339 6410
f 6363 6419 6331
f 6238 6389 6356
f 6351 6412 6341
f 6296 6284 6354
f 6420 6304 6421
f 6215 6422 6264
f 6230 6310 6248
f 6326 6194 6394
f 6423 6424 6307
f 6121 6047 6122
f 6129 6325 6425
f 6164 6405 6383
f 6409 6403 6353
f 6231 6344 6392
f 6214 6385 6426
f 6396 6106 6105
f 6379 6321 6417
f 6226 6076 6107
f 6308 6328 6388
f 6385 6427 6426
f 6428 6429 6365
f 6402 6430 6431
f 6399 6432 6384
f 6293 6396 6433
f 6362 6413 6324
f 6294 6434 6435
f 6411 6409 6355
f 6386 6401 6366
f 6436 6363 6387
f 6226 6437 6207
f 6226 6247 6438
f 6364 6439 6440
f 6344 6441 6392
f 6215 6264 6127
f 6344 6383 6441
f 6195 6442 6196
f 6164 6218 6404
f 6443 6303 6346
f 6358 6444 6359
f 6210 6326 6445
f 6328 6446 6388
f 6447 6376 6189
f 6413 6425 6325
f 6410 6417 6321
f 6351 6448 6412
f 6449 6450 6323
f 6128 6129 6291
f 6422 6451 6264
f 6424 6452 6242
f 6450 6387 6275
f 6350 6453 6159
f 6454 6402 6312
f 6346 6349 6455
f 6339 6370 6369
f 6399 6403 6432
f 6456 6081 5006
f 6385 6417 6427
f 6311 6398 6382
f 6238 6356 6239
f 6428 6337 6457
f 6194 6263 6305
f 6458 6396 6361
f 6425 6290 6129
f 6459 6460 6461
f 6369 6208 6406
f 6359 6462 6273
f 6381 6408 6448
f 6398 6311 6221
f 6363 6436 6419
f 6194 6305 6380
f 6348 6399 6384
f 6459 6373 6334
f 6365 6317 6262
f 6309 6398 6221
f 6463 6434 6375
f 6403 6415 6432
f 6173 6364 6337
f 6188 6447 6189
f 6392 6441 6464
f 6387 6450 6436
f 6359 6273 6046
f 6151 6465 6466
f 6418 6369 6406
f 6301 6446 6328
f 6443 6455 6467
f 6289 6268 6093
f 6291 6372 6128
f 6351 6381 6448
f 6295 6294 6435
f 6352 6223 6171
f 6453 6468 6159
f 6268 6469 6416
f 6432 6398 6384
f 6364 6457 6337
f 6148 6470 6465
f 6413 6362 6461
f 6409 6411 6471
f 6304 6420 6380
f 6339 6378 6370
f 6398 6432 6415
f 6393 6380 6420
f 6358 6388 6444
f 6472 6357 6412
f 6417 6418 6427
f 6373 6459 6347
f 6148 6252 6470
f 6220 6194 6210
f 6247 6269 6473
f 6459 6461 6362
f 6437 6411 6207
f 6350 6295 6435
f 6410 6369 6418
f 6456 6030 6374
f 6265 6264 6474
f 6151 6466 6327
f 6453 6475 6476
f 6385 6379 6417
f 6331 6419 6477
f 6425 6413 6478
f 6312 6382 6454
f 6218 6329 6404
f 6409 6415 6403
f 6407 6479 6289
f 6480 6394 6393
f 6455 6481 6482
f 6215 6426 6422
f 6441 6483 6464
f 6290 6425 6478
f 6151 6148 6465
f 6390 6171 6159
f 6289 6484 6268
f 6273 6462 6274
f 6299 6306 6485
f 6468 6390 6159
f 6437 6471 6411
f 6486 6487 6391
f 6304 6303 6443
f 6289 6479 6484
f 6461 6460 6488
f 6489 6419 6436
f 6461 6478 6413
f 6440 6439 6490
f 6388 6446 6491
f 6492 6391 6390
f 6472 6493 6357
f 6331 6477 6374
f 6480 6393 6420
f 6484 6469 6268
f 6291 6290 6494
f 6226 6438 6437
f 6307 6495 6423
f 6416 6473 6269
f 6254 6428 6365
f 6219 6496 6329
f 6252 6265 6474
f 6497 6438 6247
f 6473 6497 6247
f 6498 6499 6500
f 6306 6452 6485
f 6443 6346 6455
f 6366 6464 6501
f 6366 6501 6463
f 6451 6474 6264
f 6396 6105 6361
f 6491 6444 6388
f 6502 6445 6326
f 6449 6436 6450
f 6389 6377 6503
f 6085 6084 6109
f 6215 6214 6426
f 6408 6431 6448
f 6372 6291 6504
f 6327 6219 6175
f 6478 6494 6290
f 5657 5039 5725
f 6499 6498 6454
f 6307 6317 6495
f 6372 6505 6156
f 6412 6448 6506
f 6421 6443 6467
f 6421 6304 6443
f 6047 6046 6122
f 6322 6366 6319
f 6256 6507 6447
f 6446 6301 6491
f 6419 6489 6477
f 6327 6508 6509
f 6301 6510 6491
f 6429 6511 6365
f 6436 6449 6489
f 6505 6407 6156
f 6512 6397 6513
f 6402 6431 6408
f 6394 6480 6502
f 6487 6352 6391
f 6514 6449 6323
f 6291 6494 6504
f 6456 6515 6516
f 6517 6490 6518
f 6306 6242 6452
f 6488 6519 6494
f 6520 6472 6412
f 6327 6509 6219
f 6326 6394 6502
f 6521 6459 6299
f 6434 6463 6522
f 6523 6524 6525
f 6478 6488 6494
f 6526 6359 6444
f 6479 6407 6527
f 6405 6404 6528
f 6447 6529 6503
f 6402 6408 6395
f 6471 6437 6530
f 6484 6479 6531
f 6480 6532 6502
f 6428 6533 6429
f 6372 6504 6505
f 6374 6534 6456
f 6356 6503 6535
f 6437 6536 6530
f 6365 6511 6537
f 6469 6484 6538
f 6405 6441 6383
f 6420 6539 6540
f 6497 6473 6541
f 6416 6469 6542
f 6397 6398 6415
f 6543 6210 6445
f 6473 6416 6542
f 6252 6544 6470
f 6528 6545 6546
f 6359 6547 6462
f 6505 6527 6407
f 6520 6412 6506
f 5657 6301 5658
f 6474 6451 6544
f 6440 6517 6533
f 6478 6461 6488
f 6487 6439 6277
f 6409 6471 6415
f 6527 6531 6479
f 6254 6337 6428
f 6392 6464 6401
f 6329 6496 6545
f 6437 6541 6536
f 6494 6519 6504
f 6548 6549 6550
f 6530 6551 6552
f 6433 6553 6293
f 6499 6554 6500
f 6531 6555 6484
f 6555 6538 6484
f 6295 6159 6158
f 6528 6483 6441
f 6541 6473 6542
f 6538 6542 6469
f 6477 6556 6374
f 6444 6491 6557
f 6252 6474 6544
f 6558 6477 6489
f 6445 6502 6559
f 6505 6560 6561
f 6424 6246 6307
f 6493 6361 6357
f 6557 6526 6444
f 6434 6562 6435
f 6563 6564 6565
f 6459 6362 6347
f 6434 6342 6375
f 6514 6489 6449
f 6439 6364 6277
f 6528 6404 6545
f 6455 6482 6566
f 6505 6561 6527
f 6567 6568 6569
f 6568 6431 6569
f 6476 6570 6468
f 6240 6371 6302
f 6439 6487 6490
f 6365 6571 6495
f 6402 6498 6430
f 6493 6572 6573
f 6574 6575 6543
f 6317 6365 6495
f 6534 6576 6456
f 6531 6561 6577
f 6521 6578 6460
f 6487 6277 6352
f 6462 6579 6580
f 6430 6498 6500
f 6398 6309 6384
f 6396 6458 6433
f 6423 6495 6581
f 6528 6582 6483
f 6350 6435 6475
f 6365 6537 6571
f 6539 6583 6584
f 6489 6514 6558
f 6531 6577 6555
f 6585 6586 6587
f 6219 6509 6496
f 6531 6527 6561
f 6555 6588 6538
f 6535 6503 6529
f 6493 6573 6458
f 6501 6464 6483
f 6356 6389 6503
f 6451 6422 6589
f 6447 6503 6377
f 6521 6299 6485
f 6438 6497 6541
f 6522 6548 6562
f 6590 6585 6591
f 6424 6242 6246
f 6592 6518 6486
f 6437 6438 6541
f 6593 6371 6594
f 6426 6427 6422
f 6540 6480 6420
f 6526 6557 6547
f 6533 6428 6457
f 6514 6323 6595
f 6564 6596 6565
f 6570 6492 6390
f 6349 6535 6481
f 6463 6375 6366
f 6493 6472 6572
f 6196 6597 6598
f 6466 6508 6327
f 6555 6577 6588
f 6593 6253 6371
f 6477 6558 6599
f 6510 6557 6491
f 6505 6504 6560
f 6364 6440 6457
f 6517 6518 6600
f 6448 6568 6506
f 6405 6528 6441
f 6599 6556 6477
f 6430 6601 6569
f 6404 6329 6545
f 6568 6448 6431
f 6435 6562 6602
f 6575 6406 6543
f 6585 6590 6586
f 6359 6526 6547
f 6455 6349 6481
f 6465 6470 6585
f 6442 6195 6603
f 6604 6540 6605
f 6451 6589 6606
f 6498 6402 6454
f 6481 6535 6529
f 6539 6421 6583
f 6519 6488 6607
f 6349 6356 6535
f 6511 6608 6537
f 6476 6468 6453
f 6609 6541 6542
f 6610 6611 6607
f 6561 6612 6613
f 6575 6614 6418
f 6431 6430 6569
f 6301 6196 6510
f 6423 6581 6615
f 6616 6558 6514
f 6487 6518 6490
f 6485 6617 6521
f 6450 6275 6323
f 6618 6560 6504
f 6619 6547 6557
f 6374 6556 6534
f 6462 6620 6274
f 6609 6536 6541
f 6382 6397 6499
f 6574 6543 6621
f 6622 6623 6621
f 6460 6459 6521
f 6561 6613 6577
f 6462 6580 6620
f 6492 6624 6486
f 6509 6508 6496
f 6613 6625 6577
f 6626 6588 6625
f 6605 6539 6584
f 6492 6570 6624
f 6607 6618 6519
f 6558 6616 6599
f 6575 6418 6406
f 6472 6520 6572
f 6614 6427 6418
f 6453 6350 6475
f 6434 6294 6342
f 6458 6573 6433
f 6492 6486 6391
f 6493 6458 6361
f 6627 6582 6546
f 6570 6390 6468
f 6557 6510 6598
f 6459 6334 6299
f 6567 6569 6628
f 6514 6595 6616
f 6519 6618 6504
f 6499 6523 6525
f 6532 6629 6559
f 6598 6619 6557
f 6607 6488 6630
f 6414 6415 6552
f 6530 6415 6471
f 6616 6595 6631
f 6520 6632 6572
f 6547 6619 6579
f 6633 6634 6635
f 6451 6591 6544
f 6512 6523 6499
f 6462 6547 6579
f 6609 6542 6626
f 6596 6629 6565
f 6539 6420 6421
f 6502 6532 6559
f 6626 6542 6588
f 6556 6599 6636
f 6542 6538 6588
f 6614 6574 6637
f 6622 6543 6445
f 6568 6567 6638
f 6548 6550 6639
f 6427 6589 6422
f 6440 6533 6457
f 6554 6499 6525
f 6601 6500 6640
f 6565 6532 6480
f 6636 6534 6556
f 6510 6196 6598
f 6641 6642 6583
f 6382 6499 6454
f 6521 6617 6578
f 6566 6467 6455
f 6609 6626 6643
f 6618 6607 6611
f 6625 6588 6577
f 6559 6622 6445
f 6620 6323 6274
f 6627 6549 6501
f 6430 6500 6601
f 6456 6644 6081
f 6645 6599 6616
f 6517 6440 6490
f 6646 6647 6570
f 6447 6377 6376
f 6587 6508 6466
f 6548 6501 6549
f 6601 6640 6648
f 6614 6575 6574
f 6540 6539 6605
f 6630 6488 6460
f 6583 6421 6467
f 6612 6611 6649
f 6604 6565 6540
f 6650 6608 6429
f 6585 6466 6465
f 6622 6651 6623
f 6506 6568 6638
f 6570 6647 6624
f 6610 6607 6630
f 6582 6501 6483
f 6500 6652 6640
f 6195 5657 6367
f 6605 6584 6653
f 6188 6256 6447
f 6582 6627 6501
f 6427 6637 6589
f 6654 6552 6551
f 6456 5006 6030
f 6561 6560 6612
f 6642 6655 6653
f 6481 6529 6656
f 6323 6620 6595
f 6616 6631 6645
f 6451 6606 6591
f 6592 6486 6657
f 6599 6645 6636
f 6475 6658 6476
f 6582 6528 6546
f 6620 6659 6595
f 6554 6525 6660
f 6661 6608 6650
f 6649 6611 6610
f 6646 6662 6647
f 6371 6293 6553
f 6572 6632 6663
f 6482 6664 6566
f 6584 6583 6642
f 6619 6665 6579
f 6615 6666 6667
f 6602 6668 6669
f 6486 6647 6657
f 6651 6596 6670
f 6585 6587 6466
f 6627 6546 6671
f 6646 6570 6476
f 6672 6638 6567
f 6604 6605 6635
f 6563 6565 6604
f 6609 6673 6551
f 6485 6674 6617
f 6615 6452 6424
f 6366 6401 6464
f 6675 6676 6677
f 6584 6642 6653
f 6511 6429 6608
f 6496 6678 6545
f 6679 6601 6648
f 6573 6663 6433
f 6513 6680 6681
f 6629 6651 6559
f 6518 6487 6486
f 6679 6628 6569
f 6681 6512 6513
f 6638 6520 6506
f 6543 6406 6210
f 6659 6682 6683
f 6534 6636 6684
f 6673 6609 6643
f 6609 6551 6536
f 5670 5669 5786
f 6552 6654 6414
f 6562 6685 6668
f 6587 6686 6508
f 6687 6537 6608
f 6688 6689 6661
f 6690 6691 6675
f 6690 6621 6691
f 6629 6532 6565
f 6545 6678 6546
f 6684 6576 6534
f 6692 6636 6645
f 6652 6554 6660
f 6663 6632 6693
f 6427 6614 6637
f 6574 6690 6637
f 6592 6657 6694
f 6580 6695 6620
f 6687 6571 6537
f 6613 6649 6696
f 6686 6697 6508
f 6543 6622 6621
f 6619 6598 6665
f 6562 6548 6685
f 6578 6630 6460
f 6669 6698 6475
f 6679 6569 6601
f 6470 6544 6591
f 6434 6522 6562
f 6602 6669 6475
f 6500 6554 6652
f 6549 6671 6550
f 6523 6699 6524
f 6629 6596 6651
f 6700 6623 6651
f 6636 6692 6684
f 6486 6624 6647
f 6565 6480 6540
f 6549 6627 6671
f 6701 6702 6703
f 6625 6613 6696
f 6645 6631 6692
f 6686 6586 6704
f 6705 6533 6517
f 6637 6690 6706
f 6638 6672 6707
f 6628 6679 6708
f 6576 6515 6456
f 6573 6572 6663
f 6628 6672 6567
f 6560 6618 6611
f 6513 6414 6680
f 6709 6667 6710
f 6643 6626 6625
f 6585 6470 6591
f 6196 6442 6597
f 6467 6566 6711
f 6485 6667 6674
f 6712 6578 6617
f 6690 6675 6706
f 6664 6711 6566
f 6713 6590 6677
f 6697 6496 6508
f 6680 6699 6681
f 6371 6553 6594
f 6656 6482 6481
f 6640 6652 6714
f 6698 6658 6475
f 6637 6706 6589
f 6650 6429 6533
f 6604 6635 6563
f 6654 6551 6715
f 6571 6581 6495
f 6716 6649 6610
f 6602 6475 6435
f 6551 6530 6536
f 6562 6668 6602
f 6496 6697 6678
f 6615 6424 6423
f 6717 6687 6661
f 6507 6256 6400
f 6516 6718 6644
f 6638 6632 6520
f 6522 6463 6501
f 6646 6476 6658
f 6719 6600 6694
f 6679 6648 6708
f 6697 6704 6678
f 6397 6512 6499
f 6253 6593 5725
f 6576 6684 6720
f 6598 6597 6665
f 6628 6721 6672
f 6597 6722 6665
f 6579 6665 6723
f 6724 6684 6692
f 6725 6685 6726
f 6720 6515 6576
f 6719 6727 6701
f 6728 6692 6631
f 6414 6654 6680
f 6640 6714 6648
f 6712 6617 6674
f 6729 6610 6630
f 6660 6730 6731
f 6400 6256 5786
f 6732 6704 6733
f 6641 6583 6467
f 6647 6662 6657
f 6507 6529 6447
f 6523 6681 6699
f 6641 6467 6711
f 6706 6606 6589
f 6697 6686 6704
f 6708 6734 6735
f 6692 6728 6724
f 6597 6442 6722
f 6736 6563 6635
f 6671 6737 6550
f 6738 6671 6546
f 6082 6081 6644
f 6548 6522 6501
f 6606 6590 6591
f 6674 6667 6709
f 6660 6739 6714
f 6664 6740 6711
f 6729 6630 6578
f 6670 6564 6563
f 6606 6677 6590
f 6596 6564 6670
f 6712 6729 6578
f 6195 6741 6603
f 6633 6605 6653
f 6621 6623 6691
f 6628 6708 6721
f 6664 6482 6656
f 6559 6651 6622
f 6631 6659 6728
f 6654 6715 6680
f 6600 6592 6694
f 6704 6742 6743
f 6530 6552 6415
f 6744 6745 6746
f 6667 6747 6710
f 6684 6724 6748
f 6708 6735 6749
f 6705 6650 6533
f 6750 6662 6646
f 6632 6638 6707
f 6751 6712 6674
f 6748 6720 6684
f 6678 6752 6738
f 6744 6746 6753
f 6655 6754 6745
f 6665 6722 6755
f 6708 6648 6734
f 6665 6756 6723
f 6690 6574 6621
f 6367 5657 5725
f 6726 6685 6548
f 6757 6752 6678
f 6691 6758 6675
f 6414 6513 6397
f 6714 6734 6648
f 6672 6721 6707
f 6718 6759 6644
f 6740 6760 6641
f 6761 6713 6677
f 6762 6593 6594
f 6442 6763 6722
f 6610 6729 6764
f 6518 6592 6600
f 6765 6662 6750
f 6668 6685 6725
f 6712 6764 6729
f 6646 6658 6766
f 6515 6720 6767
f 6660 6524 6730
f 6707 6768 6693
f 6687 6608 6661
f 6680 6769 6699
f 6770 6724 6728
f 6632 6707 6693
f 6671 6738 6737
f 6723 6580 6579
f 6652 6660 6714
f 6663 6553 6433
f 6771 6736 6635
f 6550 6737 6772
f 6615 6581 6773
f 6774 6732 6733
f 6775 6776 6553
f 6633 6635 6605
f 6553 6776 6594
f 6615 6667 6485
f 6678 6738 6546
f 6751 6674 6709
f 6634 6633 6744
f 6767 6516 6515
f 6623 6777 6691
f 6613 6612 6649
f 6728 6683 6770
f 6082 6644 6759
f 6724 6770 6748
f 6778 6669 6668
f 6779 6082 6759
f 6734 6780 6735
f 6781 6782 6762
f 6754 6783 6745
f 6620 6695 6659
f 6600 6705 6517
f 6784 6658 6698
f 6785 6786 6787
f 6763 6755 6722
f 6764 6712 6751
f 6744 6633 6745
f 6788 6789 6730
f 6790 6195 6367
f 6717 6791 6773
f 6723 6792 6695
f 6735 6793 6749
f 6633 6655 6745
f 6650 6705 6703
f 6723 6695 6580
f 6750 6794 6795
f 6780 6796 6735
f 6735 6796 6793
f 6797 6790 6367
f 6660 6525 6524
f 6660 6731 6739
f 6523 6512 6681
f 6665 6755 6756
f 6694 6798 6727
f 6771 6634 6744
f 6755 6799 6756
f 6720 6748 6800
f 6673 6715 6551
f 6721 6768 6707
f 6738 6801 6737
f 6802 6673 6643
f 6686 6587 6586
f 6778 6725 6803
f 6772 6804 6639
f 6805 6643 6806
f 6765 6657 6662
f 6800 6767 6720
f 6706 6677 6606
f 6807 6794 6646
f 6550 6772 6639
f 6808 6809 6768
f 6736 6810 6811
f 6456 6516 6644
f 6812 6813 6682
f 6784 6766 6658
f 6725 6726 6803
f 6442 6603 6763
f 6717 6689 6791
f 6814 6664 6656
f 6802 6815 6673
f 6751 6816 6764
f 6675 6758 6676
f 6817 6748 6770
f 6655 6642 6754
f 6755 6763 6799
f 6666 6773 6818
f 6813 6812 6819
f 6820 6821 6715
f 6633 6653 6655
f 6695 6792 6659
f 6822 6698 6669
f 6747 6823 6824
f 6738 6752 6801
f 6553 6809 6825
f 6734 6826 6780
f 6516 6827 6718
f 6828 6765 6750
f 6736 6771 6810
f 6778 6668 6725
f 6663 6809 6553
f 6691 6829 6758
f 6694 6765 6830
f 6702 6831 6703
f 6615 6485 6452
f 6801 6772 6737
f 6809 6663 6693
f 6816 6751 6709
f 6809 6693 6768
f 6657 6765 6694
f 6748 6817 6800
f 6740 6664 6814
f 6676 6758 6829
f 6832 6768 6721
f 6593 6833 6834
f 6723 6756 6792
f 6772 6801 6804
f 6726 6548 6639
f 6731 6730 6835
f 6829 6691 6777
f 6770 6683 6817
f 6763 6836 6799
f 6771 6744 6753
f 6763 6603 6837
f 6739 6731 6826
f 6711 6740 6641
f 6687 6717 6581
f 6728 6659 6683
f 6777 6838 6839
f 6699 6730 6524
f 6680 6821 6769
f 6683 6682 6840
f 6595 6659 6631
f 6766 6784 6807
f 6696 6649 6841
f 6687 6581 6571
f 6612 6560 6611
f 6767 6800 6827
f 6769 6788 6699
f 6815 6802 6820
f 6798 6694 6830
f 6842 6801 6752
f 6708 6749 6721
f 6673 6815 6715
f 6811 6563 6736
f 6706 6675 6677
f 6816 6843 6844
f 6676 6761 6677
f 6749 6845 6721
f 6642 6641 6754
f 6696 6643 6625
f 6529 6846 6656
f 6811 6670 6563
f 6829 6847 6676
f 6516 6767 6827
f 6793 6848 6849
f 6779 6850 6082
f 6666 6818 6747
f 6816 6716 6764
f 6666 6615 6773
f 6771 6635 6634
f 6757 6678 6704
f 6851 6804 6801
f 6694 6727 6719
f 6815 6820 6715
f 6852 6800 6817
f 6507 6400 6846
f 6195 6790 6741
f 6816 6709 6843
f 6826 6835 6780
f 6777 6839 6829
f 6783 6754 6760
f 6603 6853 6837
f 6727 6798 6701
f 6847 6761 6676
f 6757 6842 6752
f 6765 6828 6830
f 6840 6817 6683
f 6763 6837 6836
f 6801 6842 6851
f 6777 6854 6838
f 6689 6855 6791
f 6713 6586 6590
f 6802 6805 6820
f 6700 6856 6777
f 6828 6750 6795
f 6670 6857 6651
f 6845 6793 6849
f 6832 6721 6845
f 6805 6802 6643
f 6834 6858 6368
f 6800 6852 6827
f 6760 6754 6641
f 6803 6859 6860
f 6861 6741 6790
f 6847 6829 6839
f 6368 6862 6367
f 6857 6700 6651
f 6817 6840 6852
f 6863 6864 6865
f 6745 6866 6746
f 6716 6610 6764
f 6639 6865 6726
f 6603 6741 6853
f 6794 6750 6646
f 6867 6821 6820
f 6804 6851 6863
f 6757 6704 6743
f 6784 6868 6807
f 6716 6844 6869
f 6778 6822 6669
f 6870 6835 6789
f 6698 6871 6784
f 6783 6866 6745
f 6680 6715 6821
f 6872 6832 6873
f 6831 6688 6661
f 6717 6773 6581
f 6709 6710 6843
f 6874 6759 6718
f 6600 6703 6705
f 6875 6851 6842
f 6700 6777 6623
f 6857 6876 6877
f 6788 6769 6878
f 6879 6810 6753
f 6880 6881 6882
f 6881 6883 6882
f 6842 6757 6875
f 6884 6841 6869
f 6698 6822 6871
f 6761 6847 6885
f 6827 6886 6718
f 6704 6713 6733
f 6799 6812 6756
f 6821 6878 6769
f 6771 6753 6810
f 6836 6887 6819
f 6839 6885 6847
f 6699 6788 6730
f 6807 6868 6888
f 6849 6832 6845
f 6866 6889 6890
f 6867 6891 6892
f 6586 6713 6704
f 6785 6827 6852
f 6787 6786 6682
f 6831 6661 6650
f 6746 6866 6890
f 6867 6805 6891
f 6886 6874 6718
f 6734 6714 6826
f 6851 6875 6863
f 6867 6820 6805
f 6753 6890 6893
f 6714 6739 6826
f 6812 6792 6756
f 6831 6650 6703
f 6894 6895 6773
f 6786 6852 6840
f 6786 6840 6682
f 6649 6869 6841
f 6843 6710 6896
f 6368 6897 6862
f 6836 6837 6887
f 6593 6368 5725
f 6898 6798 6830
f 6639 6804 6865
f 6753 6746 6890
f 6899 6900 6797
f 6885 6901 6761
f 6743 6875 6757
f 6741 6902 6853
f 6885 6839 6838
f 6835 6730 6789
f 6827 6785 6886
f 6852 6786 6785
f 6761 6901 6713
f 6808 6768 6832
f 6821 6892 6878
f 6843 6903 6844
f 6868 6904 6905
f 6747 6896 6710
f 6816 6844 6716
f 6889 6866 6906
f 6792 6682 6659
f 6907 6880 6882
f 6907 6814 6880
f 6856 6908 6854
f 6813 6819 6909
f 6910 6863 6875
f 6868 6905 6911
f 6793 6912 6848
f 6832 6849 6873
f 6799 6819 6812
f 6822 6778 6913
f 6861 6790 6900
f 6856 6854 6777
f 6821 6867 6892
f 6903 6843 6896
f 6898 6701 6798
f 6824 6823 6914
f 6875 6743 6910
f 6871 6822 6913
f 6835 6870 6915
f 6717 6661 6689
f 6872 6873 6916
f 6845 6749 6793
f 6864 6917 6865
f 6863 6910 6864
f 6838 6918 6885
f 6795 6919 6828
f 6837 6853 6887
f 6793 6796 6912
f 6901 6885 6918
f 6781 6594 6776
f 6701 6920 6702
f 6716 6869 6649
f 6741 6861 6902
f 6886 6921 6874
f 6922 6923 6924
f 6804 6863 6865
f 6742 6704 6732
f 6796 6915 6912
f 6925 6920 6926
f 6927 6886 6785
f 6814 6907 6760
f 6928 6929 6930
f 6819 6931 6909
f 6785 6787 6927
f 6747 6824 6896
f 6870 6789 6932
f 6838 6933 6918
f 6895 6818 6773
f 6901 6934 6713
f 6702 6920 6831
f 6876 6670 6811
f 6593 6834 6368
f 6887 6853 6902
f 6823 6935 6914
f 6936 6910 6743
f 6862 6937 6938
f 6939 6787 6682
f 6719 6701 6703
f 6896 6940 6903
f 6819 6887 6931
f 6941 6891 6805
f 6807 6646 6766
f 6879 6753 6893
f 6918 6942 6901
f 6903 6940 6943
f 6810 6944 6811
f 6886 6927 6921
f 6945 6864 6910
f 6912 6946 6848
f 6795 6888 6919
f 6919 6898 6830
f 6762 6782 6833
f 6799 6836 6819
f 6835 6915 6780
f 6778 6803 6913
f 6368 6858 6897
f 6947 6859 6865
f 6948 6806 6949
f 6643 6696 6806
f 6942 6934 6901
f 6940 6896 6824
f 6950 6889 6906
f 6864 6945 6917
f 6944 6810 6879
f 6742 6936 6743
f 6818 6895 6823
f 6910 6936 6945
f 6912 6915 6951
f 6792 6812 6682
f 6600 6719 6703
f 6944 6876 6811
f 6877 6700 6857
f 6877 6952 6700
f 6873 6953 6916
f 6858 6834 6954
f 6913 6803 6860
f 6902 6861 6955
f 6823 6895 6956
f 6902 6957 6887
f 6942 6918 6933
f 6958 6959 6960
f 6593 6762 6833
f 6900 6790 6797
f 6906 6907 6882
f 6961 6892 6891
f 6838 6854 6933
f 6784 6871 6868
f 6962 6856 6952
f 6776 6929 6781
f 6921 6927 6963
f 6874 6921 6964
f 6859 6726 6865
f 6965 6878 6892
f 6941 6805 6806
f 6900 6955 6861
f 6814 6760 6740
f 6783 6907 6906
f 6917 6945 6966
f 6854 6908 6933
f 6967 6945 6936
f 6876 6968 6877
f 6824 6969 6940
f 6931 6887 6957
f 6944 6968 6876
f 6813 6909 6939
f 6941 6806 6948
f 6954 6834 6833
f 6936 6742 6967
f 6895 6970 6956
f 6964 6971 6874
f 6877 6972 6952
f 6689 6973 6855
f 6796 6780 6915
f 6894 6773 6791
f 6878 6965 6974
f 6957 6902 6955
f 6927 6975 6963
f 6941 6961 6891
f 6892 6961 6965
f 6667 6666 6747
f 6974 6788 6878
f 6969 6824 6914
f 6933 6976 6942
f 6943 6884 6869
f 6977 6978 6893
f 6943 6940 6969
f 6848 6953 6873
f 6689 6688 6973
f 6979 6980 6846
f 6981 6982 6983
f 6945 6984 6966
f 6787 6975 6927
f 6856 6985 6908
f 6929 6928 6781
f 6872 6986 6825
f 6826 6731 6835
f 6848 6873 6849
f 6974 6789 6788
f 6866 6783 6906
f 6862 6938 6960
f 6987 6948 6988
f 6833 6989 6990
f 6781 6762 6594
f 6876 6857 6670
f 6991 6915 6870
f 6858 6992 6897
f 6920 6925 6831
f 6962 6985 6856
f 6993 6967 6742
f 6899 6797 6959
f 6963 6964 6921
f 6908 6994 6933
f 6995 6996 6938
f 6874 6971 6759
f 6862 6897 6937
f 6865 6917 6947
f 6997 6998 6926
f 6701 6898 6926
f 6783 6760 6907
f 6889 6893 6890
f 6726 6859 6803
f 6999 6974 6965
f 7000 6965 6961
f 6970 6895 7001
f 6957 7002 6931
f 6939 6682 6813
f 6897 6992 6937
f 6848 6946 6953
f 6961 6941 7000
f 6976 6933 6994
f 6969 7003 6943
f 6957 6955 7002
f 6808 6825 6809
f 6529 6507 6846
f 6732 6993 6742
f 6943 6869 6903
f 6955 6900 7004
f 6974 6999 7005
f 6945 6967 6984
f 6994 6908 6985
f 6929 6775 6930
f 6971 6964 7006
f 6888 7007 6919
f 6954 6833 6990
f 6841 6884 7008
f 6965 7000 6999
f 6859 7009 6860
f 6967 6993 6984
f 6929 6776 6775
f 7010 6782 6928
f 6922 6924 6991
f 7003 6884 6943
f 7005 6932 6789
f 6973 7011 7012
f 6946 7013 6953
f 6794 6807 6888
f 6872 7014 6986
f 6899 7004 6900
f 7003 6969 6914
f 6909 7015 7016
f 6981 6925 6982
f 6973 6688 7017
f 6779 6971 7006
f 6962 6952 7018
f 6889 6977 6893
f 7019 7000 6941
f 6934 6976 7020
f 6781 6928 6782
f 6994 7021 6976
f 6787 6939 7022
f 7023 7010 6928
f 6937 6992 6938
f 6833 6782 6989
f 6862 6960 6797
f 6948 7019 6941
f 7024 7005 6999
f 6955 7025 7002
f 6787 7022 6975
f 6855 6894 6791
f 7021 7020 6976
f 7026 6984 6993
f 6964 6963 7027
f 6795 6794 6888
f 7028 7029 7030
f 6831 7017 6688
f 6985 7031 6994
f 7004 7032 6955
f 7033 6999 7000
f 7005 7024 6932
f 6993 6732 7026
f 6779 7034 6850
f 6914 7035 7003
f 6951 6915 6991
f 6934 6942 6976
f 6939 7016 7022
f 7036 7037 7016
f 6964 7027 7006
f 6893 7038 6879
f 7039 6952 6972
f 7000 7019 7033
f 6954 7040 7041
f 6931 7042 6909
f 7043 6966 6984
f 7031 6985 6962
f 6732 6774 7026
f 7021 6994 7031
f 7041 6995 6938
f 7044 6963 6975
f 6884 7003 7045
f 6944 7038 6968
f 6999 7033 7024
f 6946 7046 7013
f 6872 6916 7014
f 6925 6998 6982
f 7038 6944 6879
f 6959 6797 6960
f 7035 6914 6935
f 6747 6818 6823
f 6782 7010 6989
f 6924 6951 6991
f 6984 7026 7043
f 7035 7045 7003
f 6869 6844 6903
f 7042 7002 7025
f 6872 6808 6832
f 7004 6899 7047
f 6862 6797 6367
f 6955 7032 7025
f 7018 7048 7049
f 6868 6911 6888
f 6920 6701 6926
f 6963 7044 7027
f 7018 7039 7048
f 7019 6948 6987
f 6975 7022 7044
f 6987 7033 7019
f 6868 6913 6904
f 7050 6932 7024
f 7020 7021 7051
f 6988 6948 6949
f 6966 7043 7052
f 6855 7001 6894
f 7031 7051 7021
f 7045 7008 6884
f 6823 7053 6935
f 6959 7047 6899
f 7054 7024 7033
f 6947 6917 6966
f 7035 6935 7055
f 6962 7056 7031
f 6932 7057 7058
f 6859 6947 7009
f 7053 6823 6956
f 7052 6947 6966
f 7023 6928 6930
f 7032 7004 7059
f 7060 7043 7026
f 6806 6696 6841
f 6974 7005 6789
f 7010 7061 6989
f 7027 7062 7006
f 6954 6990 7040
f 7042 7063 7015
f 6968 6972 6877
f 7064 6987 6988
f 7056 6962 7018
f 7065 7066 7067
f 7033 6987 7054
f 7024 7054 7050
f 7068 7069 6911
f 7051 7070 7020
f 7032 7071 7025
f 7036 7016 7072
f 7047 7059 7004
f 6989 7073 6990
f 6951 7074 6912
f 6932 7050 7057
f 6935 7053 7055
f 7051 7031 7056
f 7075 7027 7044
f 7045 7035 7055
f 6952 7039 7018
f 6989 7061 7073
f 6925 7017 6831
f 7023 7065 7061
f 6946 6912 7074
f 6916 6953 7076
f 6774 7060 7026
f 7037 7044 7022
f 6990 7073 7040
f 6850 7077 7078
f 6931 7002 7042
f 7042 7071 7063
f 6958 6960 7079
f 7043 7060 7080
f 7043 7080 7052
f 7071 7032 7059
f 6959 7081 7082
f 6970 7001 7083
f 6952 6856 6700
f 7027 7075 7062
f 6774 7084 7085
f 7064 7054 6987
f 7044 7037 7075
f 6939 6909 7016
f 6947 7086 7087
f 6950 6977 6889
f 7088 6951 6924
f 7089 7050 7054
f 7047 6959 7082
f 7090 6998 6997
f 7070 7051 7091
f 7056 7091 7051
f 6774 6733 7092
f 7093 7088 6924
f 6956 6970 7094
f 7053 7095 7096
f 7073 7061 7065
f 6995 7041 7065
f 7018 7097 7056
f 7036 7072 7098
f 6850 6400 6082
f 7058 6870 6932
f 7042 7025 7071
f 7028 7099 7100
f 7050 7089 7057
f 7015 7072 7016
f 7064 6988 7101
f 6947 7052 7086
f 6860 6904 6913
f 7039 6972 7030
f 7072 7063 7102
f 6946 7074 7046
f 7054 7064 7089
f 7085 7080 7060
f 7039 7030 7103
f 6925 6981 7017
f 7006 7062 7104
f 7097 7018 7049
f 7007 6997 6926
f 7059 7047 7082
f 6925 6926 6998
f 6951 7088 7074
f 7060 6774 7085
f 7042 7015 6909
f 7059 7105 7071
f 6806 6841 6949
f 7091 7056 7097
f 6982 6998 7090
f 7041 7040 7065
f 7091 7106 7070
f 7023 7066 7065
f 7107 7062 7075
f 6956 7094 7095
f 6882 7108 6950
f 7071 7105 7063
f 6956 7095 7053
f 6934 6733 6713
f 6970 7109 7094
f 7110 7111 7112
f 7075 7036 7107
f 6934 7020 6733
f 7052 7080 7113
f 7092 7114 7084
f 7080 7085 7113
f 7030 6972 6968
f 7057 7089 7110
f 7046 7088 7115
f 6950 7108 6977
f 7101 7089 7064
f 6850 7034 7077
f 6996 7116 7117
f 7118 6978 6977
f 7105 7059 7082
f 6919 6830 6828
f 7062 7107 7104
f 7013 7119 7076
f 7008 7055 7120
f 7039 7103 7048
f 7075 7037 7036
f 7108 6882 7121
f 7007 6898 6919
f 7011 6973 7017
f 6882 6950 6906
f 6774 7092 7084
f 7013 7076 6953
f 7058 6922 6870
f 7097 7122 7091
f 6808 6872 6825
f 7106 7091 7122
f 7046 7074 7088
f 7123 7108 7121
f 7038 7099 7028
f 7096 7120 7055
f 7089 7124 7110
f 7014 7076 7125
f 7126 7017 6981
f 6779 7006 7127
f 6973 7012 7001
f 7110 7058 7057
f 6825 6986 7128
f 6996 6995 7116
f 7009 7087 7129
f 7130 7113 7085
f 6982 7090 6983
f 7127 7034 6779
f 7037 7022 7016
f 6868 6871 6913
f 7108 7123 6977
f 7040 7073 7065
f 7119 7046 7115
f 7053 7096 7055
f 7122 7097 7049
f 7008 7045 7055
f 7001 6895 6894
f 7061 7010 7023
f 7006 7104 7127
f 6988 6949 7131
f 7099 6978 7118
f 7082 7132 7105
f 7007 6926 6898
f 7133 7104 7107
f 7122 7134 7106
f 7093 6924 7135
f 7107 7136 7133
f 6996 7117 7137
f 7007 7138 6997
f 7012 7126 7139
f 7089 7101 7124
f 7104 7140 7127
f 7113 7086 7052
f 7141 7126 6981
f 7084 7130 7085
f 7020 7070 6733
f 7123 7142 7118
f 7105 7143 7063
f 7038 6893 6978
f 7101 6988 7124
f 7120 7144 7145
f 7119 7125 7076
f 7146 7147 7148
f 7142 7123 7121
f 6959 6958 7081
f 7149 7133 7136
f 7115 7150 7151
f 7048 7152 7153
f 7143 7105 7132
f 7104 7133 7140
f 7095 7144 7096
f 6779 6759 6971
f 7048 7153 7049
f 7126 7011 7017
f 7132 7082 7081
f 7049 7154 7122
f 7119 7013 7046
f 7136 7036 7098
f 7118 7142 7155
f 7156 7069 7157
f 7041 6858 6954
f 6995 7067 7158
f 6983 7159 7141
f 6930 7160 7066
f 7161 7110 7112
f 7162 7160 6930
f 7163 6922 7161
f 6888 6911 7007
f 7134 7122 7154
f 7102 7143 7164
f 7072 7015 7063
f 7034 7165 7077
f 7156 7166 7069
f 6841 7008 6949
f 6880 6814 6846
f 7123 7118 6977
f 7167 6988 7131
f 7014 6916 7076
f 7113 7168 7086
f 7167 7124 6988
f 7154 7049 7153
f 7136 7098 7169
f 6983 7141 6981
f 6922 6991 6870
f 7130 7084 7170
f 6733 7106 7134
f 7115 7093 7150
f 7125 7171 7172
f 7173 7099 7118
f 7174 6733 7134
f 7087 7009 6947
f 7174 7175 6733
f 7079 6960 6996
f 7161 7058 7110
f 7155 7142 7176
f 7095 7094 7144
f 7127 7140 7177
f 7149 7140 7133
f 7120 6949 7008
f 7120 7096 7144
f 7081 7178 7132
f 7154 7179 7134
f 7132 7164 7143
f 7113 7130 7170
f 7180 7167 7131
f 7069 7138 7007
f 7172 7014 7125
f 7181 7119 7115
f 7182 7135 6923
f 7081 6958 7183
f 7036 7136 7107
f 7034 7177 7165
f 6949 7184 7131
f 7113 7170 7168
f 7157 7185 7186
f 7179 7174 7134
f 7124 7167 7187
f 7147 7012 7148
f 7188 7189 7190
f 7164 7132 7178
f 7149 7136 7191
f 7192 7193 7194
f 7103 7152 7048
f 7195 7170 7084
f 7161 6922 7058
f 7119 7181 7171
f 7094 7109 7144
f 7196 7100 7173
f 7153 7197 7154
f 7181 7151 7198
f 7140 7149 7177
f 6733 7070 7106
f 7090 7166 7159
f 7079 7183 6958
f 7086 7199 7087
f 7102 7164 7200
f 7178 7081 7183
f 7078 7201 7202
f 7038 6978 7099
f 7114 7195 7084
f 7179 7154 7197
f 7203 7128 7204
f 7115 7088 7093
f 7197 7153 7152
f 7136 7169 7191
f 6983 7090 7159
f 7093 7135 7150
f 6825 6775 6553
f 7181 7205 7171
f 7206 7144 7109
f 7145 7144 7206
f 7120 7145 6949
f 7180 7187 7167
f 6995 7065 7067
f 6850 7078 6400
f 7207 7208 7209
f 7207 7210 7208
f 6980 6881 6846
f 7098 7102 7211
f 7114 7092 7212
f 7029 7213 7214
f 7038 7028 6968
f 7110 7124 7187
f 7192 7194 7215
f 6997 7166 7090
f 7164 7178 7216
f 7174 7179 7217
f 7103 7218 7152
f 7100 7099 7173
f 7098 7072 7102
f 7078 7219 7201
f 7220 7177 7149
f 7206 7109 7221
f 7163 7161 7222
f 7029 7100 7213
f 7041 6938 6992
f 7135 7223 7150
f 7180 7131 7224
f 7197 7225 7179
f 7034 7127 7177
f 7086 7207 7199
f 7183 7226 7178
f 7145 7206 7227
f 7228 7211 7229
f 7029 7028 7100
f 6825 7128 6775
f 7009 7129 6860
f 7142 7121 7176
f 7165 7219 7077
f 7152 7230 7197
f 7172 6986 7014
f 7149 7191 7220
f 7225 7217 7179
f 7063 7143 7102
f 7086 7168 7207
f 7218 7188 7190
f 7145 7231 6949
f 7183 7079 7232
f 7195 7114 7210
f 7162 6930 6775
f 7168 7170 7210
f 7233 7139 7159
f 7224 7131 7234
f 7129 6904 6860
f 7174 7217 7175
f 7166 6997 7069
f 7177 7220 7165
f 7155 7176 7235
f 7236 6979 6400
f 7181 7115 7151
f 7163 6923 6922
f 7230 7152 7218
f 7098 7211 7169
f 7233 7159 7156
f 7225 7197 7230
f 7151 7223 7198
f 7237 7236 7238
f 7203 7162 7128
f 6996 7232 7079
f 6911 7069 7007
f 7083 7001 7239
f 7151 7150 7223
f 7192 7215 7221
f 7162 7203 7240
f 7205 7181 7198
f 7028 7030 6968
f 7205 7241 7171
f 7141 7139 7126
f 7114 7242 7210
f 7226 7183 7243
f 7078 7077 7219
f 6855 6973 7001
f 7170 7195 7210
f 7023 6930 7066
f 7121 6883 7176
f 7164 7216 7200
f 7129 7244 7245
f 7199 7207 7246
f 7217 7225 7247
f 7163 7222 7248
f 7232 7243 7183
f 7249 7220 7191
f 7218 7250 7251
f 7030 7188 7103
f 7148 7012 7139
f 7230 7247 7225
f 7083 7239 7252
f 7165 7253 7254
f 7180 7255 7187
f 7173 7118 7155
f 7256 7191 7169
f 7217 7257 7175
f 7078 7236 6400
f 7239 7258 7252
f 7187 7255 7111
f 7207 7209 7246
f 7180 7224 7259
f 7218 7251 7230
f 7102 7200 7211
f 7155 7235 7260
f 7087 7261 7129
f 7165 7249 7253
f 7191 7256 7249
f 7012 7011 7126
f 7226 7216 7178
f 7207 7168 7210
f 7247 7262 7217
f 7125 7119 7171
f 7263 7224 7234
f 7250 7218 7190
f 7184 7234 7131
f 7247 7230 7251
f 7262 7257 7217
f 7232 6996 7137
f 7030 7214 7188
f 7112 7264 7222
f 7265 7266 7203
f 7172 7171 7267
f 7242 7114 7212
f 7196 7173 7260
f 7041 6992 6858
f 7236 7237 6979
f 7242 7208 7210
f 7135 7182 7223
f 7180 7259 7255
f 7110 7187 7111
f 7252 6970 7083
f 7233 7268 7139
f 7199 7246 7261
f 7213 7269 7214
f 7268 7148 7139
f 7243 7270 7271
f 7228 7272 7256
f 7236 7273 7238
f 7231 7274 7275
f 7067 7276 7158
f 7165 7254 7219
f 6905 7245 7068
f 7233 7156 7277
f 7241 7278 7279
f 7211 7200 7229
f 7249 7272 7253
f 7166 7156 7159
f 7243 7137 7270
f 7165 7220 7249
f 7157 7069 7068
f 7128 7162 6775
f 7262 7247 7280
f 7251 7280 7247
f 7223 7281 7282
f 7160 7283 7066
f 7226 7271 7216
f 7112 7255 7264
f 6995 7158 7284
f 7285 7234 7275
f 7184 7231 7234
f 7243 7232 7137
f 7263 7259 7224
f 7087 7199 7261
f 7186 7156 7157
f 7257 7262 7286
f 7255 7259 7264
f 7268 7277 7287
f 7226 7243 7271
f 7288 7289 7223
f 7290 7288 7163
f 7223 7282 7198
f 7291 7258 7239
f 7214 7292 7188
f 7223 7289 7281
f 6997 7138 7069
f 7173 7155 7260
f 7221 7227 7206
f 7293 7261 7246
f 7171 7241 7267
f 7263 7234 7285
f 7280 7251 7250
f 7294 7209 7208
f 6923 7163 7182
f 7280 7295 7262
f 7268 7233 7277
f 7112 7111 7255
f 7208 7242 7294
f 7249 7256 7272
f 7296 7201 7219
f 7213 7260 7297
f 7228 7229 7298
f 7231 7184 6949
f 7261 7299 7129
f 7295 7286 7262
f 6996 6960 6938
f 7214 7269 7292
f 7200 7271 7300
f 7228 7298 7272
f 7301 7246 7209
f 7211 7256 7169
f 7236 7202 7273
f 6814 6656 6846
f 7241 7205 7278
f 7235 7176 7302
f 7176 6883 7302
f 7241 7279 7267
f 7271 7270 7300
f 7259 7303 7264
f 7291 7239 7147
f 7304 7277 7156
f 7162 7240 7283
f 7242 7305 7294
f 7306 7190 7189
f 7221 7215 7307
f 7254 7296 7219
f 7288 7223 7182
f 6905 6904 7129
f 7293 7308 7309
f 7209 7294 7301
f 7200 7216 7271
f 7268 7310 7148
f 7250 7311 7280
f 7231 7227 7312
f 7313 7254 7253
f 7253 7314 7313
f 7293 7301 7308
f 7295 7280 7311
f 7221 7307 7227
f 6979 7315 6980
f 7202 7201 7273
f 7264 7316 7222
f 7200 7300 7229
f 7212 7317 7318
f 7242 7212 7305
f 7283 7160 7162
f 7159 7139 7141
f 7319 7306 7189
f 7137 7320 7270
f 7264 7303 7316
f 7190 7306 7250
f 7263 7321 7303
f 7068 6911 6905
f 7283 7276 7066
f 7192 7221 7109
f 7205 7198 7278
f 7261 7293 7299
f 7227 7307 7312
f 7311 7250 7306
f 7314 7322 7313
f 7201 7323 7324
f 7078 7202 7236
f 7254 7313 7296
f 7175 7317 7092
f 7260 7325 7297
f 7267 7128 6986
f 7252 7258 7326
f 7269 7213 7297
f 7231 7312 7274
f 7222 7161 7112
f 7327 7301 7294
f 7311 7328 7295
f 7117 7329 7137
f 6880 6846 6881
f 7235 7302 7330
f 7259 7263 7303
f 7331 7332 6883
f 7092 7317 7212
f 7333 7334 7284
f 7293 7309 7299
f 7248 7335 7163
f 7234 7231 7275
f 7279 7336 7267
f 7337 7338 7298
f 7201 7324 7273
f 6979 7237 7315
f 7286 7317 7257
f 7315 7339 6980
f 7285 7275 7340
f 7293 7246 7301
f 7307 7215 7194
f 7137 7329 7320
f 7305 7327 7294
f 7204 7128 7267
f 7278 7341 7342
f 7278 7282 7341
f 7305 7212 7343
f 7301 7327 7308
f 7306 7319 7311
f 7235 7330 7344
f 7211 7228 7256
f 7253 7272 7314
f 7198 7282 7278
f 7328 7311 7319
f 7117 7116 7345
f 7313 7346 7296
f 7201 7296 7323
f 7185 7347 7186
f 7290 7163 7335
f 7189 7348 7349
f 7192 7326 7350
f 7298 7351 7337
f 7341 7281 7289
f 7292 7352 7188
f 7263 7285 7321
f 7319 7189 7353
f 7307 7354 7312
f 6923 7135 6924
f 7322 7314 7338
f 7192 6970 7252
f 7348 7355 7349
f 7317 7356 7318
f 7357 7299 7309
f 7284 7345 7116
f 7192 7109 6970
f 7030 7029 7214
f 7358 7341 7359
f 7146 7148 7310
f 7313 7322 7346
f 7286 7328 7356
f 7304 7287 7277
f 7329 7360 7320
f 7240 7361 7276
f 7362 7308 7327
f 7346 7323 7296
f 7218 7103 7188
f 6733 7175 7092
f 7329 7117 7363
f 7364 7304 7156
f 7365 7289 7288
f 7328 7366 7356
f 7320 7300 7270
f 7357 7244 7299
f 7288 7182 7163
f 7240 7276 7283
f 7367 7309 7308
f 7336 7368 7267
f 7326 7369 7350
f 7327 7305 7362
f 7370 7316 7303
f 7336 7342 7358
f 7341 7289 7359
f 7340 7321 7285
f 7345 7363 7117
f 7351 7320 7360
f 7357 7371 7244
f 7289 7372 7359
f 7303 7321 7370
f 7310 7268 7287
f 7335 7248 7373
f 7286 7295 7328
f 7316 7248 7222
f 7276 7333 7158
f 7309 7367 7357
f 7322 7338 7374
f 7308 7362 7367
f 7288 7290 7365
f 7147 7239 7012
f 7360 7329 7363
f 7307 7375 7354
f 7328 7319 7366
f 7258 7291 7326
f 7316 7370 7376
f 7304 7377 7287
f 7204 7267 7368
f 7235 7344 7260
f 7192 7350 7193
f 7305 7343 7362
f 7374 7323 7346
f 7376 7373 7248
f 7193 7375 7194
f 7346 7322 7374
f 7361 7203 7266
f 7338 7314 7298
f 7349 7378 7353
f 7321 7340 7379
f 7240 7203 7361
f 7244 7380 7245
f 7379 7370 7321
f 7345 7284 7381
f 7185 7382 7347
f 7204 7383 7384
f 7100 7196 7213
f 7351 7385 7337
f 6883 7121 6882
f 7386 7291 7147
f 7289 7365 7372
f 7387 7367 7362
f 7357 7388 7371
f 7284 7116 6995
f 7319 7353 7366
f 7363 7389 7360
f 7343 7212 7390
f 7371 7391 7244
f 7392 7358 7359
f 7323 7374 7324
f 7273 7393 7238
f 7363 7345 7381
f 7394 7376 7370
f 7375 7193 7350
f 7320 7351 7300
f 7284 7395 7381
f 7376 7396 7373
f 7352 7397 7348
f 7398 7379 7340
f 7370 7379 7394
f 7351 7229 7300
f 7279 7278 7342
f 7304 7399 7377
f 7147 7400 7401
f 7368 7336 7402
f 7365 7290 7403
f 7366 7404 7356
f 7231 7145 7227
f 7405 7391 7388
f 7343 7387 7362
f 7367 7387 7388
f 7318 7404 7406
f 7275 7407 7398
f 7399 7304 7364
f 7325 7260 7344
f 7316 7376 7248
f 7366 7353 7378
f 6400 6979 6846
f 7389 7363 7381
f 7189 7349 7353
f 7189 7188 7348
f 7172 7267 6986
f 7237 7238 7408
f 7326 7409 7369
f 7213 7196 7260
f 7350 7410 7375
f 7365 7403 7372
f 7146 7377 7411
f 7147 7146 7400
f 7351 7389 7412
f 7368 7413 7383
f 7374 7414 7415
f 7333 7276 7416
f 7330 7417 7344
f 7245 7185 7068
f 7239 7001 7012
f 7377 7310 7287
f 7374 7415 7324
f 7351 7360 7389
f 7418 7394 7379
f 7379 7398 7418
f 7192 7252 7326
f 7298 7314 7272
f 6881 6980 7331
f 7410 7350 7369
f 7410 7354 7375
f 7282 7281 7341
f 7404 7366 7419
f 7357 7367 7388
f 7376 7420 7396
f 7378 7419 7366
f 7421 7388 7387
f 7422 7265 7204
f 7158 7333 7284
f 7284 7334 7395
f 7317 7175 7257
f 7212 7318 7390
f 7273 7324 7393
f 7307 7194 7375
f 7423 7424 7425
f 7349 7426 7378
f 7275 7398 7340
f 7381 7427 7389
f 7394 7418 7420
f 7377 7399 7411
f 7352 7348 7188
f 7387 7343 7421
f 7342 7336 7279
f 7386 7428 7409
f 7376 7394 7420
f 7412 7389 7427
f 7415 7393 7324
f 7408 7429 7237
f 7430 7418 7398
f 7204 7368 7383
f 7388 7431 7432
f 7426 7349 7355
f 7419 7406 7404
f 7333 7433 7334
f 7407 7430 7398
f 7419 7378 7426
f 7186 7364 7156
f 7356 7404 7318
f 7386 7434 7428
f 7364 7186 7347
f 7369 7435 7410
f 7274 7436 7275
f 7437 7408 7238
f 7407 7275 7436
f 7438 7355 7439
f 7338 7414 7374
f 7358 7342 7341
f 7359 7440 7441
f 7393 7437 7238
f 7442 7443 7444
f 7427 7381 7395
f 7445 7420 7418
f 7343 7446 7421
f 7442 7447 7443
f 7420 7448 7396
f 7418 7430 7445
f 7373 7396 7449
f 7438 7450 7355
f 7325 7344 7417
f 7451 7330 7302
f 7409 7452 7369
f 7399 7453 7411
f 7333 7454 7455
f 7456 7312 7354
f 7298 7229 7351
f 7457 7393 7415
f 7426 7458 7419
f 7406 7419 7458
f 7146 7310 7377
f 7355 7450 7426
f 7453 7399 7364
f 7391 7371 7388
f 7435 7369 7452
f 7420 7445 7448
f 7392 7359 7441
f 7412 7442 7385
f 7428 7434 7459
f 7460 7451 7332
f 7400 7146 7411
f 7335 7461 7290
f 7204 7384 7422
f 7451 7417 7330
f 7462 7424 7297
f 7430 7407 7463
f 7440 7464 7441
f 7460 7332 7465
f 7244 7466 7380
f 7318 7467 7468
f 7414 7469 7415
f 7463 7445 7430
f 7463 7407 7470
f 7437 7471 7472
f 6905 7129 7245
f 7414 7444 7443
f 7405 7388 7432
f 7415 7469 7457
f 7395 7473 7427
f 7458 7426 7450
f 7474 7475 7476
f 7412 7427 7442
f 7408 7437 7477
f 7458 7478 7406
f 7453 7479 7480
f 7437 7457 7471
f 7338 7337 7414
f 7446 7431 7421
f 7333 7455 7433
f 7358 7481 7402
f 7453 7347 7479
f 7291 7386 7326
f 7482 7443 7483
f 7417 7462 7325
f 7462 7297 7325
f 7286 7356 7317
f 7388 7421 7431
f 7484 7396 7448
f 7395 7334 7485
f 7422 7486 7265
f 7487 7463 7470
f 7488 7448 7445
f 7442 7427 7473
f 7297 7292 7269
f 7477 7429 7408
f 7354 7435 7456
f 7423 7352 7292
f 7452 7409 7428
f 7244 7405 7466
f 7335 7373 7461
f 7489 7315 7237
f 7445 7463 7488
f 7417 7490 7491
f 7452 7456 7435
f 7411 7453 7480
f 7446 7343 7390
f 7333 7416 7454
f 7492 7416 7276
f 7493 7457 7469
f 7433 7485 7334
f 7448 7488 7484
f 7482 7469 7414
f 7450 7494 7458
f 7473 7395 7485
f 7315 7489 7495
f 7440 7372 7403
f 7478 7458 7494
f 7067 7066 7276
f 7245 7496 7185
f 7402 7336 7358
f 7332 7451 7302
f 7297 7423 7292
f 7382 7497 7498
f 7499 7440 7403
f 7431 7500 7432
f 7469 7482 7493
f 7437 7393 7457
f 7472 7477 7437
f 7464 7501 7502
f 7482 7483 7503
f 7442 7504 7447
f 7457 7493 7471
f 7354 7410 7435
f 7429 7505 7237
f 7456 7452 7428
f 7355 7348 7439
f 7487 7488 7463
f 7453 7364 7347
f 7428 7459 7506
f 7507 7423 7425
f 7494 7450 7438
f 7461 7403 7290
f 7482 7414 7443
f 7473 7504 7442
f 7245 7380 7496
f 7358 7392 7481
f 7478 7508 7467
f 7444 7385 7442
f 7396 7484 7509
f 7244 7391 7405
f 7405 7510 7466
f 7505 7489 7237
f 7493 7482 7471
f 7487 7470 7511
f 7512 7484 7488
f 7429 7477 7513
f 7514 7397 7515
f 7500 7446 7390
f 7491 7490 7516
f 7473 7485 7504
f 7431 7446 7500
f 7517 7392 7441
f 7518 7519 7425
f 7405 7520 7510
f 7129 7299 7244
f 7265 7203 7204
f 7460 7465 7490
f 7428 7506 7456
f 7488 7487 7512
f 7439 7348 7397
f 7521 7522 7523
f 7524 7500 7390
f 7412 7385 7351
f 7414 7385 7444
f 7515 7525 7526
f 7507 7519 7527
f 7373 7449 7461
f 7513 7505 7429
f 7411 7480 7528
f 7485 7433 7529
f 7423 7297 7424
f 7482 7503 7471
f 7440 7359 7372
f 7530 7438 7439
f 7438 7531 7494
f 7532 7459 7434
f 7396 7509 7449
f 7523 7533 7534
f 7535 7509 7484
f 7480 7479 7536
f 7478 7494 7508
f 7537 7538 7539
f 7386 7147 7534
f 7407 7436 7470
f 7460 7490 7417
f 7461 7540 7403
f 7484 7512 7535
f 7501 7499 7541
f 7455 7529 7433
f 7492 7276 7361
f 7405 7432 7520
f 7477 7472 7542
f 7460 7417 7451
f 7500 7520 7432
f 6881 7331 6883
f 7528 7400 7411
f 7506 7474 7456
f 7368 7402 7413
f 7485 7543 7504
f 7436 7544 7545
f 7531 7438 7530
f 7424 7491 7425
f 7511 7512 7487
f 7470 7436 7545
f 7542 7513 7477
f 7422 7384 7546
f 7472 7547 7542
f 7489 7548 7495
f 7536 7528 7480
f 7509 7549 7449
f 7157 7068 7185
f 7486 7422 7546
f 7440 7501 7464
f 7494 7531 7508
f 7423 7397 7352
f 7461 7449 7550
f 7530 7514 7551
f 7504 7543 7447
f 7449 7549 7550
f 7528 7536 7521
f 7318 7406 7478
f 7542 7547 7552
f 7524 7520 7500
f 7511 7470 7553
f 7464 7517 7441
f 7512 7511 7554
f 7474 7506 7459
f 7505 7513 7555
f 7519 7507 7425
f 7554 7535 7512
f 7492 7361 7266
f 7467 7318 7478
f 7403 7540 7499
f 7417 7491 7462
f 7501 7541 7539
f 7530 7551 7531
f 7545 7553 7470
f 7384 7383 7546
f 7436 7274 7556
f 7514 7439 7397
f 7331 6980 7339
f 7485 7529 7543
f 7423 7507 7397
f 7511 7553 7554
f 7459 7557 7475
f 7489 7555 7548
f 7524 7390 7558
f 7497 7382 7185
f 7508 7531 7551
f 7529 7455 7559
f 7397 7560 7515
f 7535 7554 7561
f 7540 7562 7499
f 7481 7517 7563
f 7468 7564 7565
f 7414 7337 7385
f 7566 7510 7520
f 7474 7459 7475
f 7520 7524 7566
f 7456 7474 7312
f 7517 7464 7502
f 7466 7510 7567
f 7513 7542 7568
f 7424 7462 7491
f 7563 7517 7502
f 7554 7553 7569
f 7472 7503 7547
f 7454 7559 7455
f 7553 7545 7569
f 7570 7492 7266
f 7568 7555 7513
f 7529 7571 7543
f 7551 7572 7508
f 7571 7573 7574
f 7498 7479 7382
f 7507 7527 7397
f 7554 7569 7561
f 7510 7575 7567
f 7447 7483 7443
f 7576 7416 7492
f 7545 7577 7578
f 7436 7556 7544
f 7528 7521 7400
f 7479 7347 7382
f 7402 7481 7413
f 7514 7579 7551
f 7312 7474 7476
f 7561 7580 7549
f 7472 7471 7503
f 7392 7517 7481
f 7581 7566 7524
f 7508 7468 7467
f 7447 7574 7582
f 7569 7545 7578
f 7459 7532 7557
f 7465 7583 7516
f 7584 7570 7266
f 7489 7505 7555
f 7386 7409 7326
f 7561 7549 7535
f 7568 7542 7552
f 7502 7501 7539
f 7530 7439 7514
f 7461 7562 7540
f 7572 7551 7579
f 7454 7416 7576
f 7558 7581 7524
f 7479 7522 7536
f 7582 7585 7586
f 7585 7587 7588
f 7556 7589 7544
f 7590 7591 7565
f 7582 7592 7585
f 7548 7593 7495
f 7332 7302 6883
f 7573 7592 7574
f 7509 7535 7549
f 7561 7569 7578
f 7510 7566 7575
f 7447 7582 7483
f 7514 7515 7526
f 7555 7568 7548
f 7529 7594 7571
f 7595 7596 7502
f 7566 7581 7575
f 7597 7486 7546
f 7559 7454 7598
f 7576 7492 7599
f 7578 7580 7561
f 7496 7497 7185
f 7468 7565 7390
f 7541 7537 7539
f 7574 7592 7582
f 7595 7502 7600
f 7508 7572 7468
f 7476 7601 7602
f 7529 7559 7594
f 7518 7425 7491
f 7579 7603 7572
f 7604 7552 7586
f 7537 7541 7605
f 7585 7606 7587
f 7576 7598 7454
f 7568 7604 7607
f 7608 7434 7386
f 7609 7610 7611
f 7514 7612 7579
f 7476 7274 7312
f 7563 7413 7481
f 7562 7541 7499
f 7465 7516 7490
f 7613 7614 7550
f 7601 7615 7616
f 7594 7559 7598
f 7617 7618 7619
f 7620 7575 7581
f 7568 7552 7604
f 7581 7558 7620
f 7400 7521 7401
f 7621 7608 7386
f 7607 7548 7568
f 7560 7619 7618
f 7498 7522 7479
f 7572 7622 7468
f 7623 7465 7624
f 7567 7625 7466
f 7483 7547 7503
f 7625 7380 7466
f 7603 7579 7612
f 7548 7626 7593
f 7627 7628 7605
f 7596 7563 7502
f 7629 7567 7575
f 7630 7491 7516
f 7571 7594 7573
f 7476 7602 7274
f 7567 7631 7625
f 7630 7516 7583
f 7577 7632 7578
f 7557 7532 7601
f 7580 7578 7632
f 7543 7571 7574
f 7413 7546 7383
f 7612 7514 7526
f 7633 7556 7274
f 7575 7620 7629
f 7582 7586 7547
f 7563 7596 7413
f 7590 7565 7634
f 7539 7538 7600
f 7567 7629 7631
f 7549 7580 7635
f 7523 7522 7636
f 7637 7597 7638
f 7598 7639 7594
f 7492 7640 7599
f 7548 7607 7626
f 7476 7557 7601
f 7608 7641 7434
f 7623 7583 7465
f 7564 7642 7634
f 7643 7604 7644
f 7594 7639 7573
f 7622 7603 7645
f 7401 7523 7534
f 7612 7645 7603
f 7598 7576 7646
f 7647 7589 7648
f 7592 7573 7606
f 7597 7649 7638
f 7483 7582 7547
f 7332 7624 7465
f 7613 7550 7549
f 7630 7623 7650
f 7651 7629 7620
f 7652 7625 7631
f 7593 7653 7495
f 7468 7654 7564
f 7585 7588 7655
f 7545 7544 7577
f 7537 7628 7656
f 7623 7624 7657
f 7619 7518 7658
f 7599 7646 7576
f 7556 7659 7589
f 7659 7556 7633
f 7476 7475 7557
f 7615 7601 7660
f 7612 7661 7645
f 7639 7598 7646
f 7518 7527 7519
f 7662 7663 7331
f 7664 7631 7629
f 7468 7622 7654
f 7643 7607 7604
f 7623 7665 7650
f 7593 7666 7653
f 7667 7626 7607
f 7572 7603 7622
f 7647 7577 7589
f 7580 7632 7635
f 7527 7560 7397
f 7591 7651 7620
f 7593 7668 7666
f 7265 7637 7266
f 7629 7651 7664
f 7616 7633 7602
f 7631 7664 7652
f 7502 7539 7600
f 7558 7591 7620
f 7669 7659 7633
f 7492 7570 7640
f 7632 7577 7670
f 7543 7574 7447
f 7632 7670 7635
f 7461 7550 7562
f 7607 7643 7667
f 7612 7526 7661
f 7671 7498 7497
f 7601 7532 7660
f 7619 7527 7518
f 7672 7673 7674
f 7643 7644 7675
f 7604 7586 7644
f 7586 7552 7547
f 7534 7621 7386
f 7676 7658 7518
f 7586 7655 7644
f 7615 7660 7677
f 7577 7544 7589
f 7496 7678 7679
f 7560 7680 7515
f 7630 7518 7491
f 7380 7681 7496
f 7622 7682 7654
f 7596 7595 7683
f 7593 7626 7668
f 7646 7684 7639
f 7486 7637 7265
f 7584 7266 7638
f 7639 7606 7573
f 7685 7546 7683
f 7401 7521 7523
f 7614 7605 7562
f 7641 7532 7434
f 7633 7274 7602
f 7653 7339 7495
f 7686 7647 7648
f 7687 7664 7651
f 7647 7670 7577
f 7688 7661 7525
f 7633 7616 7689
f 7625 7652 7690
f 7501 7440 7499
f 7691 7652 7664
f 7661 7526 7525
f 7646 7599 7692
f 7693 7694 7695
f 7613 7696 7697
f 7537 7656 7610
f 7630 7583 7623
f 7672 7657 7673
f 7585 7655 7586
f 7659 7648 7589
f 7653 7666 7698
f 7651 7591 7687
f 7688 7699 7700
f 7486 7597 7637
f 7663 7673 7331
f 7616 7602 7601
f 7630 7676 7518
f 7701 7641 7702
f 7622 7645 7682
f 7560 7527 7619
f 7652 7691 7690
f 7597 7546 7685
f 7703 7595 7600
f 7597 7685 7649
f 7635 7670 7696
f 7664 7687 7691
f 7639 7684 7587
f 7704 7497 7496
f 7621 7641 7608
f 7538 7705 7600
f 7640 7692 7599
f 7630 7650 7676
f 7667 7706 7668
f 7562 7605 7541
f 7588 7587 7707
f 7684 7646 7692
f 7645 7661 7682
f 7680 7560 7618
f 7626 7667 7668
f 7600 7705 7703
f 7641 7660 7532
f 7670 7647 7696
f 7702 7621 7708
f 7558 7390 7565
f 7613 7635 7696
f 7614 7627 7605
f 7688 7525 7699
f 7621 7534 7708
f 7584 7638 7709
f 7588 7710 7644
f 7711 7687 7712
f 7667 7675 7706
f 7690 7713 7714
f 7706 7715 7716
f 7682 7661 7688
f 7717 7698 7666
f 7641 7621 7702
f 7660 7701 7677
f 7522 7521 7536
f 7718 7686 7648
f 7719 7690 7691
f 7720 7721 7722
f 7266 7637 7638
f 7711 7691 7687
f 7639 7587 7606
f 7588 7644 7655
f 7676 7650 7723
f 7705 7610 7724
f 7686 7696 7647
f 7497 7725 7671
f 7668 7717 7666
f 7595 7726 7683
f 7641 7701 7660
f 7688 7700 7727
f 7640 7570 7728
f 7339 7315 7495
f 7401 7534 7147
f 7684 7692 7707
f 7703 7724 7729
f 7613 7549 7635
f 7610 7538 7537
f 7690 7714 7625
f 7659 7669 7648
f 7318 7468 7390
f 7650 7665 7723
f 7699 7525 7515
f 7654 7682 7730
f 7331 7624 7332
f 7691 7711 7719
f 7546 7413 7683
f 7688 7731 7682
f 7570 7584 7728
f 7732 7715 7710
f 7614 7562 7550
f 7733 7734 7642
f 7690 7719 7713
f 7692 7640 7728
f 7667 7643 7675
f 7680 7720 7722
f 7680 7617 7720
f 7711 7712 7735
f 7585 7592 7606
f 7736 7669 7737
f 7705 7538 7610
f 7413 7596 7683
f 7738 7701 7702
f 7696 7686 7697
f 7739 7740 7741
f 7708 7742 7743
f 7617 7619 7744
f 7731 7730 7682
f 7668 7745 7746
f 7653 7698 7747
f 7498 7671 7636
f 7380 7625 7714
f 7701 7738 7677
f 7746 7717 7668
f 7706 7716 7745
f 7703 7705 7724
f 7698 7717 7748
f 7727 7731 7688
f 7687 7591 7712
f 7657 7665 7623
f 7668 7706 7745
f 7692 7749 7707
f 7713 7719 7750
f 7722 7699 7680
f 7689 7616 7615
f 7669 7633 7689
f 7595 7703 7726
f 7718 7697 7686
f 7662 7751 7663
f 7748 7747 7698
f 7713 7750 7752
f 7537 7605 7628
f 7533 7523 7753
f 7744 7754 7617
f 7614 7613 7755
f 7728 7756 7692
f 7700 7699 7722
f 7730 7731 7733
f 7730 7733 7642
f 7692 7756 7749
f 7731 7757 7733
f 7712 7590 7758
f 7743 7702 7708
f 7759 7613 7697
f 7662 7331 7339
f 7760 7718 7736
f 7761 7662 7339
f 7719 7735 7750
f 7738 7762 7677
f 7717 7746 7748
f 7584 7763 7728
f 7498 7636 7522
f 7665 7657 7672
f 7619 7658 7744
f 7764 7708 7533
f 7638 7765 7709
f 7702 7766 7738
f 7767 7729 7768
f 7706 7710 7715
f 7759 7755 7613
f 7747 7339 7653
f 7662 7769 7751
f 7697 7760 7759
f 7680 7618 7617
f 7642 7734 7770
f 7676 7723 7658
f 7763 7584 7709
f 7771 7726 7703
f 7591 7590 7712
f 7677 7762 7615
f 7757 7772 7733
f 7766 7702 7743
f 7773 7727 7700
f 7762 7738 7766
f 7380 7714 7681
f 7747 7774 7339
f 7684 7707 7587
f 7719 7711 7735
f 7706 7675 7710
f 7610 7609 7724
f 7775 7745 7716
f 7760 7736 7776
f 7728 7763 7777
f 7756 7728 7777
f 7558 7565 7591
f 7747 7748 7778
f 7775 7746 7745
f 7760 7779 7759
f 7732 7588 7707
f 7748 7780 7778
f 7727 7773 7757
f 7642 7770 7634
f 7708 7534 7533
f 7732 7710 7588
f 7671 7725 7636
f 7781 7782 7783
f 7649 7784 7785
f 7786 7712 7758
f 7787 7788 7789
f 7735 7786 7750
f 7778 7774 7747
f 7755 7759 7790
f 7700 7722 7773
f 7609 7611 7791
f 7792 7793 7781
f 7731 7727 7757
f 7756 7794 7749
f 7795 7796 7797
f 7718 7648 7736
f 7780 7798 7778
f 7749 7732 7707
f 7762 7799 7615
f 7766 7800 7762
f 7761 7769 7662
f 7801 7744 7658
f 7675 7644 7710
f 7802 7803 7627
f 7732 7795 7715
f 7766 7743 7804
f 7752 7714 7713
f 7771 7703 7729
f 7797 7805 7806
f 7807 7808 7809
f 7689 7810 7737
f 7679 7704 7496
f 7733 7772 7734
f 7790 7779 7811
f 7760 7812 7779
f 7669 7689 7737
f 7708 7813 7742
f 7716 7715 7795
f 7795 7794 7796
f 7790 7759 7779
f 7814 7765 7638
f 7761 7774 7815
f 7743 7742 7804
f 7683 7726 7685
f 7780 7775 7797
f 7752 7816 7817
f 7735 7712 7786
f 7794 7756 7777
f 7708 7764 7813
f 7724 7609 7729
f 7801 7818 7754
f 7819 7757 7773
f 7752 7817 7714
f 7669 7736 7648
f 7762 7800 7799
f 7773 7722 7819
f 7697 7718 7760
f 7812 7760 7776
f 7763 7820 7777
f 7821 7723 7665
f 7565 7564 7634
f 7815 7769 7761
f 7800 7766 7804
f 7704 7792 7725
f 7822 7772 7757
f 7758 7590 7634
f 7786 7789 7823
f 7748 7775 7780
f 7726 7824 7685
f 7725 7753 7636
f 7825 7821 7672
f 7826 7764 7533
f 7827 7802 7627
f 7709 7820 7763
f 7790 7627 7755
f 7757 7819 7822
f 7774 7778 7828
f 7786 7829 7750
f 7752 7829 7816
f 7654 7730 7564
f 7742 7813 7830
f 7609 7768 7729
f 7716 7795 7797
f 7821 7825 7831
f 7722 7832 7819
f 7732 7749 7794
f 7736 7737 7833
f 7794 7777 7834
f 7780 7797 7806
f 7699 7515 7680
f 7828 7815 7774
f 7800 7835 7799
f 7748 7746 7775
f 7627 7803 7628
f 7790 7827 7627
f 7656 7628 7807
f 7794 7834 7796
f 7811 7827 7790
f 7800 7804 7835
f 7730 7642 7564
f 7729 7767 7771
f 7772 7836 7734
f 7779 7812 7837
f 7830 7838 7804
f 7839 7776 7736
f 7840 7834 7820
f 7817 7681 7714
f 7813 7764 7830
f 7778 7798 7828
f 7752 7750 7829
f 7804 7838 7841
f 7829 7786 7823
f 7720 7754 7842
f 7810 7689 7615
f 7774 7761 7339
f 7812 7776 7837
f 7769 7815 7843
f 7779 7837 7811
f 7617 7754 7720
f 7844 7822 7819
f 7817 7845 7846
f 7704 7725 7497
f 7609 7791 7768
f 7610 7656 7611
f 7726 7771 7824
f 7839 7736 7833
f 7847 7805 7834
f 7848 7849 7850
f 7799 7835 7851
f 7721 7852 7853
f 7843 7751 7769
f 7758 7770 7789
f 7854 7821 7831
f 7657 7624 7673
f 7834 7777 7820
f 7854 7801 7658
f 7627 7614 7755
f 7845 7855 7856
f 7817 7846 7681
f 7772 7822 7836
f 7634 7770 7758
f 7845 7823 7855
f 7804 7841 7835
f 7799 7810 7615
f 7767 7857 7771
f 7839 7837 7776
f 7787 7858 7788
f 7827 7811 7802
f 7830 7859 7838
f 7798 7806 7848
f 7822 7844 7836
f 7820 7709 7860
f 7815 7828 7850
f 7819 7832 7844
f 7832 7721 7853
f 7807 7628 7803
f 7861 7847 7834
f 7828 7848 7850
f 7862 7808 7803
f 7830 7764 7859
f 7792 7781 7753
f 7863 7825 7672
f 7817 7816 7845
f 7850 7843 7815
f 7837 7864 7811
f 7841 7851 7835
f 7806 7865 7848
f 7720 7842 7721
f 7793 7792 7704
f 7742 7830 7804
f 7861 7834 7840
f 7801 7754 7744
f 7811 7864 7802
f 7866 7739 7663
f 7775 7716 7797
f 7816 7829 7823
f 7826 7533 7867
f 7837 7839 7868
f 7723 7854 7658
f 7869 7841 7870
f 7770 7734 7787
f 7837 7868 7864
f 7832 7722 7721
f 7836 7871 7734
f 7685 7824 7872
f 7751 7866 7663
f 7799 7851 7810
f 7751 7843 7873
f 7874 7875 7876
f 7797 7796 7805
f 7798 7780 7806
f 7814 7638 7649
f 7723 7821 7854
f 7805 7796 7834
f 7877 7836 7844
f 7807 7803 7808
f 7754 7818 7842
f 7842 7818 7878
f 7781 7879 7782
f 7845 7880 7846
f 7857 7874 7881
f 7840 7820 7860
f 7882 7839 7833
f 7838 7870 7841
f 7833 7883 7884
f 7873 7866 7751
f 7882 7868 7839
f 7885 7886 7681
f 7795 7732 7794
f 7841 7869 7851
f 7853 7844 7832
f 7874 7857 7767
f 7709 7765 7860
f 7864 7887 7802
f 7818 7801 7888
f 7854 7889 7801
f 7611 7890 7791
f 7674 7693 7695
f 7891 7721 7842
f 7890 7611 7892
f 7846 7880 7885
f 7893 7871 7836
f 7810 7894 7895
f 7844 7853 7877
f 7681 7886 7678
f 7838 7859 7870
f 7836 7877 7893
f 7864 7868 7896
f 7843 7850 7897
f 7768 7898 7767
f 7814 7899 7765
f 7880 7845 7856
f 7869 7870 7900
f 7805 7847 7865
f 7771 7857 7824
f 7818 7888 7878
f 7850 7901 7897
f 7897 7873 7843
f 7860 7899 7902
f 7903 7867 7904
f 7831 7825 7905
f 7868 7882 7896
f 7896 7887 7864
f 7821 7665 7672
f 7739 7866 7740
f 7828 7798 7848
f 7845 7816 7823
f 7885 7681 7846
f 7791 7898 7768
f 7801 7906 7888
f 7533 7753 7907
f 7831 7889 7854
f 7860 7902 7840
f 7765 7899 7860
f 7734 7871 7787
f 7737 7810 7895
f 7789 7908 7823
f 7741 7673 7739
f 7882 7833 7909
f 7850 7910 7901
f 7866 7873 7911
f 7912 7885 7880
f 7908 7855 7823
f 7786 7758 7789
f 7909 7896 7882
f 7810 7913 7894
f 7891 7842 7878
f 7871 7914 7787
f 7785 7814 7649
f 7805 7865 7806
f 7859 7900 7870
f 7915 7893 7877
f 7825 7863 7905
f 7802 7887 7916
f 7898 7874 7767
f 7917 7877 7853
f 7853 7852 7917
f 7840 7902 7861
f 7849 7848 7865
f 7849 7865 7918
f 7919 7679 7678
f 7810 7869 7913
f 7725 7792 7753
f 7866 7911 7740
f 7920 7878 7921
f 7681 7678 7496
f 7889 7905 7922
f 7878 7888 7921
f 7873 7897 7911
f 7807 7611 7656
f 7523 7636 7753
f 7869 7900 7913
f 7923 7924 7925
f 7880 7856 7912
f 7887 7896 7926
f 7808 7927 7928
f 7852 7721 7891
f 7900 7859 7929
f 7909 7833 7884
f 7865 7930 7918
f 7895 7931 7932
f 7899 7814 7933
f 7889 7906 7801
f 7877 7917 7915
f 7896 7909 7926
f 7791 7890 7898
f 7887 7934 7916
f 7935 7900 7929
f 7893 7915 7914
f 7871 7893 7914
f 7936 7890 7892
f 7899 7937 7902
f 7850 7849 7910
f 7856 7938 7939
f 7785 7933 7814
f 7809 7928 7940
f 7891 7878 7920
f 7826 7929 7859
f 7663 7739 7673
f 7900 7935 7913
f 7764 7826 7859
f 7855 7908 7941
f 7885 7942 7886
f 7943 7927 7862
f 7902 7944 7861
f 7920 7921 7945
f 7849 7918 7910
f 7807 7809 7611
f 7810 7851 7869
f 7863 7672 7674
f 7939 7912 7856
f 7611 7940 7892
f 7946 7947 7793
f 7884 7926 7909
f 7911 7948 7949
f 7899 7933 7937
f 7881 7876 7950
f 7533 7904 7867
f 7944 7902 7937
f 7856 7855 7938
f 7911 7951 7948
f 7885 7912 7942
f 7865 7861 7930
f 7874 7898 7875
f 7952 7918 7930
f 7911 7949 7740
f 7889 7922 7906
f 7953 7852 7891
f 7912 7939 7942
f 7649 7685 7872
f 7809 7940 7611
f 7954 7915 7917
f 7679 7946 7704
f 7936 7875 7898
f 7863 7674 7955
f 7956 7914 7915
f 7887 7926 7934
f 7884 7883 7957
f 7890 7936 7898
f 7533 7907 7904
f 7916 7803 7802
f 7918 7952 7910
f 7935 7958 7913
f 7789 7788 7908
f 7959 7943 7862
f 7921 7888 7906
f 7889 7831 7905
f 7913 7958 7894
f 7808 7862 7927
f 7624 7331 7673
f 7901 7910 7951
f 7914 7960 7787
f 7926 7884 7961
f 7929 7962 7935
f 7881 7950 7963
f 7929 7964 7962
f 7911 7901 7951
f 7935 7962 7958
f 7926 7961 7934
f 7937 7965 7944
f 7946 7793 7704
f 7915 7954 7956
f 7933 7966 7937
f 7865 7847 7861
f 7942 7967 7886
f 7933 7785 7968
f 7964 7969 7962
f 7936 7970 7875
f 7833 7737 7883
f 7905 7971 7972
f 7970 7936 7892
f 7881 7824 7857
f 7973 7942 7939
f 7965 7937 7966
f 7914 7956 7960
f 7741 7740 7974
f 7855 7941 7938
f 7964 7826 7867
f 7975 7954 7852
f 7957 7961 7884
f 7976 7921 7906
f 7977 7872 7824
f 7905 7863 7971
f 7910 7978 7951
f 7784 7968 7785
f 7944 7930 7861
f 7905 7972 7922
f 7942 7973 7967
f 7941 7979 7938
f 7939 7938 7973
f 7966 7933 7968
f 7911 7897 7901
f 7879 7781 7793
f 7674 7673 7693
f 7958 7980 7894
f 7875 7970 7981
f 7976 7906 7922
f 7883 7737 7982
f 7679 7983 7946
f 7740 7984 7974
f 7881 7963 7824
f 7985 7694 7693
f 7934 7961 7986
f 7965 7966 7987
f 7952 7988 7989
f 7975 7956 7954
f 7990 7649 7872
f 7788 7941 7908
f 7894 7991 7895
f 7916 7862 7803
f 7979 7992 7993
f 7988 7987 7994
f 7886 7967 7995
f 7826 7964 7929
f 7863 7955 7971
f 7961 7957 7986
f 7928 7996 7997
f 7979 7941 7788
f 7944 7965 7988
f 7998 7960 7956
f 7852 7954 7917
f 7922 7999 7976
f 7951 7978 7948
f 7892 7940 7997
f 7928 7927 7996
f 8000 8001 8002
f 7993 7973 7938
f 7910 7952 7978
f 7740 7949 7984
f 8003 7967 7973
f 7962 7980 7958
f 8004 8005 7989
f 7875 7981 7876
f 7956 7975 7998
f 7966 8006 7987
f 7968 8006 7966
f 7947 8007 8008
f 7975 7852 8009
f 7753 7781 7783
f 7957 7883 8010
f 7787 7960 8011
f 7879 7947 8008
f 7967 8012 7995
f 7940 7928 7997
f 7938 7979 7993
f 8010 7986 7957
f 7649 7990 7784
f 7930 7944 7988
f 7968 7784 8013
f 7973 7993 8003
f 7921 7976 7945
f 7964 7867 7969
f 7809 7808 7928
f 7894 7980 8014
f 7962 8014 7980
f 7978 7952 7989
f 7952 7930 7988
f 7960 7998 8011
f 8015 7959 7862
f 8010 7883 8016
f 7963 8017 7824
f 8018 8019 8020
f 7881 7874 7876
f 8021 7948 7978
f 7852 7953 8009
f 7947 7879 7793
f 8014 7991 7894
f 8010 8022 8023
f 7934 7986 8015
f 8024 8025 8026
f 7949 7948 7984
f 8006 7968 8013
f 7990 8013 7784
f 7998 8009 8027
f 7922 7972 7999
f 7693 7741 7974
f 8009 8028 8027
f 7997 8029 7892
f 7872 8025 8030
f 7985 7693 7923
f 8006 8031 7987
f 7950 8017 7963
f 7967 8003 8012
f 7986 8010 8023
f 7986 8023 8015
f 7948 8021 7984
f 8032 8003 7993
f 8033 8034 8035
f 7693 8036 8037
f 7962 8038 8014
f 8029 7997 7996
f 7976 7999 8039
f 7998 8027 8011
f 7674 7695 7955
f 7903 7969 7867
f 8031 8006 8013
f 8040 8041 7953
f 7976 8039 7945
f 7972 8042 7999
f 7965 7987 7988
f 8040 7891 7920
f 7753 7783 7907
f 8043 8044 7904
f 7984 8036 7974
f 7695 8045 8046
f 8030 7990 7872
f 7679 7919 7983
f 8047 8048 8021
f 8003 8032 8012
f 8049 8002 8001
f 7970 8050 7981
f 7991 8014 8051
f 7970 8052 8050
f 7969 8038 7962
f 7950 8033 8035
f 8005 8047 7989
f 8041 8000 8002
f 7862 7916 7934
f 7992 8032 7993
f 8053 8054 8055
f 8041 8002 7953
f 8056 7903 7904
f 7971 7955 8042
f 8057 7945 8058
f 8015 7862 7934
f 7883 7982 8016
f 7858 8059 7788
f 8029 8053 8055
f 7984 8060 8036
f 8015 8023 8061
f 8031 8013 8062
f 8040 7953 7891
f 8013 7990 8063
f 8042 8039 7999
f 7927 8053 7996
f 7995 8012 8064
f 8057 8040 7920
f 8017 7950 8035
f 8065 7943 7959
f 8066 8016 7982
f 8031 7994 7987
f 8038 8051 8014
f 8036 8060 8037
f 7981 8050 7876
f 8043 8067 8044
f 8030 8063 7990
f 7989 8021 7978
f 8068 7977 7824
f 8015 8061 7959
f 7693 8037 8069
f 8004 7988 7994
f 7969 8056 8038
f 8066 7982 8070
f 7955 7695 8042
f 7787 8011 7858
f 8056 7904 8071
f 8012 8032 8072
f 7984 8073 8060
f 7998 7975 8009
f 7886 8074 7919
f 8060 8075 8037
f 8022 8061 8023
f 8010 8016 8022
f 7970 8029 8055
f 8013 8076 8062
f 7992 8077 8072
f 8078 7983 8079
f 8080 8081 8039
f 7693 7974 8036
f 7989 8047 8021
f 8035 8068 8017
f 8056 8082 8038
f 8041 8040 8000
f 8065 8083 8084
f 8027 8085 8011
f 8031 8062 7994
f 8017 8068 7824
f 8027 8028 8085
f 8086 8087 8065
f 8032 7992 8072
f 8048 8088 8073
f 8066 8022 8016
f 8051 8038 8089
f 8090 8039 8081
f 8091 8092 8059
f 8061 8093 7959
f 8071 7904 8044
f 7945 8057 7920
f 8059 8077 7992
f 8004 7994 8094
f 7943 8065 8087
f 8028 8049 8095
f 8074 8096 7919
f 7984 8048 8073
f 8097 8077 8059
f 8048 8005 8088
f 8051 7931 7991
f 8042 8046 8080
f 8035 8034 8098
f 7947 8078 8007
f 7994 8062 8094
f 8013 8063 8076
f 8004 7989 7988
f 8061 8022 8099
f 8076 8100 8101
f 8029 7970 7892
f 8063 8030 8100
f 7982 7737 7895
f 8042 8080 8039
f 8029 7996 8053
f 7984 8021 8048
f 8098 8034 8102
f 7673 7741 7693
f 8082 8089 8038
f 8028 8009 8049
f 8085 8103 8104
f 8039 8090 8058
f 8049 7953 8002
f 7972 7971 8042
f 8105 8070 7932
f 8022 8066 8099
f 8088 8005 8106
f 8099 8093 8061
f 7931 7895 7991
f 8068 8035 8098
f 8030 8025 8100
f 8107 8076 8101
f 7969 7903 8056
f 7979 7788 8059
f 8048 8047 8005
f 8004 8094 8005
f 8034 8108 8109
f 8095 8085 8028
f 8026 8110 8111
f 8059 7992 7979
f 8085 7858 8011
f 7770 7787 7789
f 7783 7782 8112
f 7695 7694 8045
f 8034 8109 8102
f 7995 8074 7886
f 7995 8064 8074
f 8072 8113 8012
f 8114 8066 8070
f 7919 8079 7983
f 8039 8058 7945
f 8057 8058 8000
f 7872 7977 8026
f 8051 8089 7931
f 8033 8050 8108
f 8114 8099 8066
f 8115 8116 8117
f 8076 8063 8100
f 8088 8106 8118
f 8115 8119 8116
f 8120 8060 8073
f 8050 8121 8108
f 8037 8075 8069
f 8078 8079 8122
f 8026 8123 8110
f 8077 8124 8072
f 8085 8104 7858
f 8125 8126 8127
f 8069 8075 8128
f 8089 8129 7931
f 8109 8108 8130
f 8050 8052 8121
f 8049 8001 8131
f 8078 7947 7983
f 8053 8087 8054
f 8113 8072 8124
f 8094 8106 8005
f 8119 8132 8116
f 8073 8088 8120
f 8132 8119 8133
f 8119 8115 8134
f 8075 8120 8128
f 8115 8135 8134
f 8136 8137 8043
f 8138 8139 8115
f 8085 8095 8103
f 8093 8099 8140
f 8080 8046 8141
f 8117 8138 8115
f 8090 8081 8142
f 8113 8064 8012
f 8093 8143 7959
f 8144 8107 8145
f 8119 8134 8133
f 8133 8146 8132
f 8147 8135 8139
f 8148 8000 8058
f 8026 8111 8149
f 8086 8065 8084
f 8146 8150 8132
f 8116 8132 8150
f 7983 7947 7946
f 8099 8114 8140
f 8025 8024 8100
f 8129 8089 8082
f 8034 8033 8108
f 8144 8106 8107
f 8140 8143 8093
f 8049 8151 8152
f 8115 8139 8135
f 8153 8154 8071
f 8117 8116 8155
f 8088 8118 8120
f 8156 8096 8157
f 7695 8046 8042
f 7879 8158 8159
f 8160 8147 8139
f 8161 8162 8163
f 8049 8009 7953
f 8154 8082 8071
f 8150 8146 8161
f 8080 8164 8081
f 8139 8138 8160
f 8049 8165 8166
f 8058 8090 8148
f 8069 8128 8167
f 8040 8057 8000
f 8168 8169 8105
f 7950 7876 8033
f 8024 8026 8149
f 8118 8106 8144
f 8144 8145 8170
f 8124 8077 8097
f 8120 8171 8128
f 8146 8133 8162
f 7970 8055 8052
f 8134 8172 8133
f 8138 8155 8160
f 7858 8091 8059
f 8068 8098 8123
f 8173 7931 8129
f 8174 8045 7694
f 8114 8070 8175
f 7927 8087 8053
f 8075 8060 8120
f 8124 8176 8113
f 8135 8177 8178
f 8107 8179 8180
f 8107 8094 8062
f 8052 8054 8181
f 8113 8182 8064
f 8087 8086 8054
f 8175 8140 8114
f 8183 8147 8160
f 8118 8184 8120
f 8172 8185 8133
f 8135 8186 8134
f 8095 8049 8166
f 8161 8187 8150
f 8172 8134 8188
f 8166 8103 8095
f 8049 8131 8151
f 8125 8065 7959
f 8118 8144 8184
f 8107 8101 8179
f 7977 8068 8123
f 8186 8188 8134
f 8104 8103 8189
f 8050 8033 7876
f 8069 8167 7923
f 8138 8117 8155
f 8162 8133 8185
f 8101 8100 8024
f 8190 8191 8112
f 8000 8148 8192
f 8078 8193 8007
f 8164 8142 8081
f 8143 8140 8194
f 8106 8094 8107
f 8163 8195 8161
f 8056 8071 8082
f 8182 8196 8157
f 8142 8164 8197
f 8198 8199 8111
f 8105 8175 8070
f 8135 8178 8186
f 8184 8144 8170
f 8200 8008 8007
f 8187 8161 8195
f 8104 8189 8091
f 8183 8177 8147
f 8176 8124 8201
f 8172 8188 8202
f 8172 8203 8185
f 8046 8045 8174
f 8097 8201 8124
f 7985 7923 7925
f 8018 8204 8205
f 8184 8171 8120
f 8155 8206 8207
f 8145 8107 8180
f 8208 8122 8209
f 8183 8160 8207
f 8140 8175 8194
f 8107 8062 8076
f 8000 8192 8001
f 8143 8125 7959
f 8210 8086 8084
f 8188 8211 8202
f 8082 8154 8129
f 8212 8163 8213
f 8185 8203 8214
f 8215 8078 8122
f 8172 8202 8203
f 7932 7982 7895
f 8161 8146 8162
f 8123 8102 8216
f 8174 8141 8046
f 8199 8149 8111
f 8103 8166 8189
f 8090 8142 8197
f 8101 8024 8217
f 8158 7879 8008
f 8052 8055 8054
f 8148 8197 8218
f 8086 8181 8054
f 8219 8131 8001
f 8184 8220 8171
f 8200 8007 8193
f 8150 8155 8116
f 8221 8222 8157
f 8026 7977 8123
f 8223 8158 8008
f 8155 8150 8206
f 8175 8105 8169
f 8080 8141 8164
f 8163 8224 8213
f 8136 7783 8112
f 7886 7919 7678
f 8184 8170 8220
f 8225 8226 8227
f 8169 8194 8175
f 8177 8183 8228
f 8195 8163 8212
f 8229 8173 8129
f 8188 8186 8211
f 8208 8209 8230
f 8160 8155 8207
f 8177 8135 8147
f 8113 8176 8182
f 8024 8149 8217
f 8193 8078 8215
f 8008 8200 8223
f 8202 8231 8203
f 8105 8018 8205
f 8201 8232 8176
f 8228 8233 8234
f 8097 8092 8235
f 7927 7943 8087
f 8167 7924 7923
f 8236 8128 8171
f 8171 8220 8237
f 8201 8097 8235
f 8105 7932 8018
f 8052 8181 8121
f 8143 8126 8125
f 8141 8174 8227
f 8157 8074 8064
f 8231 8202 8238
f 8239 8224 8162
f 8145 8180 8170
f 8153 8071 8044
f 8123 8098 8102
f 8163 8162 8224
f 8168 8105 8205
f 8228 8183 8233
f 8178 8228 8240
f 8241 8242 8206
f 8154 8243 8229
f 7931 8173 7932
f 8141 8227 8244
f 8121 8245 8130
f 8025 7872 8026
f 8166 8246 8189
f 8247 8248 8249
f 8171 8237 8236
f 8176 8232 8182
f 8148 8090 8197
f 8210 8250 8251
f 8086 8210 8181
f 8202 8252 8238
f 8253 8159 8158
f 8194 8169 8254
f 8166 8165 8246
f 8167 8255 8256
f 8203 8257 8214
f 8158 8223 8253
f 8258 8152 8247
f 8143 8194 8254
f 8193 8259 8200
f 8239 8185 8214
f 8200 8260 8223
f 8239 8162 8185
f 8261 8207 8262
f 8232 8201 8235
f 8263 8112 7782
f 8110 8123 8216
f 8173 8229 8019
f 8150 8187 8206
f 8131 8219 8151
f 8179 8101 8217
f 8079 8096 8156
f 8237 8220 8236
f 8154 8229 8129
f 8213 8224 8264
f 7923 7693 8069
f 8192 8219 8001
f 7924 8167 8265
f 8178 8211 8186
f 8252 8266 8267
f 8174 8225 8227
f 8268 8269 8270
f 7782 7879 8159
f 8159 8253 8271
f 8180 8272 8273
f 8168 8254 8169
f 8178 8177 8228
f 8203 8231 8257
f 8202 8211 8252
f 8271 7782 8159
f 8207 8261 8233
f 8231 8274 8257
f 8108 8121 8130
f 8193 8215 8259
f 8183 8207 8233
f 8240 8228 8234
f 8215 8208 8275
f 8065 8125 8083
f 7694 7985 8225
f 8223 8260 8253
f 8273 8220 8170
f 8232 8276 8182
f 8277 8264 8224
f 8213 8278 8212
f 8264 8278 8213
f 8238 8274 8231
f 8200 8259 8260
f 8187 8195 8206
f 8238 8260 8259
f 8252 8260 8238
f 8279 8205 8280
f 8245 8121 8181
f 8220 8273 8236
f 8167 8256 8265
f 8083 8125 8127
f 8149 8281 8217
f 8210 8245 8181
f 8219 8282 8151
f 8283 8192 8148
f 7924 8265 7925
f 8044 8067 8284
f 8141 8244 8164
f 8153 8044 8284
f 8074 8157 8096
f 8233 8285 8234
f 8127 8286 8287
f 8252 8253 8260
f 8191 8190 8288
f 8283 8148 8218
f 8143 8254 8126
f 8215 8122 8208
f 8235 8289 8232
f 8179 8290 8180
f 8208 8230 8291
f 8292 8271 8253
f 8266 8293 8267
f 8238 8275 8274
f 8215 8275 8259
f 8167 8236 8255
f 8294 8257 8295
f 8276 8232 8289
f 8290 8296 8272
f 8266 8297 8293
f 8214 8294 8239
f 8246 8165 8258
f 8264 8277 8298
f 8254 8168 8279
f 8195 8212 8206
f 8243 8154 8153
f 7985 8299 8225
f 8300 8301 8240
f 8271 8263 7782
f 8167 8128 8236
f 8254 8279 8126
f 8111 8302 8303
f 8304 8290 8179
f 8258 8247 8249
f 8156 8157 8222
f 8210 8084 8250
f 8263 8190 8112
f 8136 8043 7904
f 8305 8285 8233
f 8233 8261 8305
f 8278 8264 8306
f 8245 8210 8251
f 8198 8111 8303
f 8307 8243 8153
f 8258 8165 8152
f 8239 8277 8224
f 8267 8263 8271
f 8164 8308 8197
f 8235 8092 8309
f 8281 8149 8199
f 8275 8238 8259
f 8174 7694 8225
f 8298 8306 8264
f 8275 8310 8274
f 8271 8292 8267
f 8083 8250 8084
f 8252 8267 8292
f 8239 8294 8311
f 8305 8261 8312
f 8273 8268 8236
f 8298 8277 8313
f 8265 8314 7925
f 8164 8315 8308
f 8294 8214 8257
f 8152 8151 8247
f 8282 8219 8316
f 8246 8258 8189
f 8261 8262 8312
f 8208 8310 8275
f 8219 8192 8316
f 8240 8301 8178
f 8110 8317 8302
f 8279 8280 8286
f 8208 8291 8310
f 8204 8280 8205
f 8289 8235 8309
f 8091 8318 8319
f 8278 8320 8212
f 8229 8243 8019
f 8268 8255 8236
f 8244 8227 8315
f 8276 8321 8322
f 7858 8104 8091
f 8317 8110 8216
f 8109 8323 8102
f 8324 8325 8299
f 8268 8270 8326
f 8206 8262 8207
f 8274 8310 8291
f 8277 8327 8313
f 8239 8311 8277
f 8164 8244 8315
f 8243 8328 8019
f 8329 8330 8295
f 8083 8127 8250
f 8319 8092 8091
f 8306 8331 8278
f 8298 8332 8306
f 8225 8333 8226
f 8096 8079 7919
f 8263 8267 8190
f 8130 8334 8109
f 8126 8279 8286
f 8092 8319 8309
f 8285 8305 8335
f 8212 8320 8206
f 8151 8282 8247
f 8276 8196 8182
f 8282 8336 8247
f 8281 8179 8217
f 8307 8153 8284
f 8334 8130 8245
f 8285 8337 8234
f 8092 8097 8059
f 8278 8331 8320
f 8308 8218 8197
f 8338 8339 8043
f 8305 8312 8335
f 8302 8340 8303
f 8267 8293 8190
f 8295 8257 8274
f 8313 8332 8298
f 8227 8226 8315
f 8276 8289 8321
f 8311 8294 8341
f 8122 8079 8209
f 8289 8309 8321
f 8294 8295 8341
f 8127 8287 8342
f 8307 8328 8243
f 8192 8283 8316
f 8191 8136 8112
f 8306 8332 8331
f 8258 8343 8189
f 8318 8091 8343
f 8252 8292 8253
f 8300 8240 8234
f 8180 8273 8170
f 8191 8288 8344
f 8345 8265 8256
f 8079 8156 8209
f 8255 8268 8326
f 8334 8323 8109
f 8284 8067 8346
f 8018 8347 8204
f 8251 8250 8348
f 8302 8349 8350
f 7932 8070 7982
f 8332 8313 8351
f 8255 8345 8256
f 8293 8288 8190
f 8308 8315 8352
f 8281 8304 8179
f 8019 8328 8353
f 8277 8311 8327
f 8182 8157 8064
f 8218 8308 8352
f 8301 8211 8178
f 8285 8335 8337
f 8304 8199 8198
f 8301 8354 8266
f 8265 8355 8314
f 8284 8346 8307
f 8156 8356 8209
f 8241 8206 8320
f 8111 8110 8302
f 8018 8173 8019
f 8352 8316 8283
f 8300 8234 8357
f 8331 8332 8358
f 8335 8359 8337
f 8360 8330 8361
f 8280 8362 8286
f 8102 8323 8216
f 8268 8273 8272
f 8309 8319 8363
f 8266 8364 8297
f 8313 8365 8351
f 8337 8357 8234
f 8339 8346 8067
f 8311 8366 8327
f 8367 8198 8303
f 8328 8307 8368
f 8327 8366 8369
f 8258 8249 8343
f 8281 8199 8304
f 8266 8354 8364
f 8309 8363 8321
f 8230 8329 8291
f 8351 8358 8332
f 8272 8296 8269
f 8334 8245 8251
f 8328 8368 8353
f 8344 8293 8370
f 8301 8300 8354
f 8371 8372 8373
f 8218 8352 8283
f 8252 8211 8266
f 8374 8375 8354
f 8314 8376 7985
f 8377 8230 8209
f 8359 8312 8378
f 8313 8327 8379
f 8344 8288 8293
f 8282 8316 8336
f 8356 8156 8222
f 8198 8380 8304
f 8251 8348 8381
f 7925 8314 7985
f 8382 8317 8216
f 8369 8366 8383
f 8355 8376 8314
f 8368 8307 8346
f 8384 8043 8137
f 8329 8230 8377
f 8385 8248 8247
f 8279 8168 8205
f 8321 8386 8322
f 8387 8385 8247
f 8127 8126 8286
f 8366 8311 8341
f 8368 8346 8388
f 8356 8377 8209
f 8357 8337 8389
f 8337 8359 8390
f 8343 8091 8189
f 8380 8198 8367
f 8293 8297 8370
f 8345 8255 8326
f 8204 8347 8391
f 8354 8375 8364
f 8325 8324 8392
f 8265 8345 8393
f 8304 8394 8290
f 8225 8299 8333
f 8334 8251 8381
f 8352 8395 8336
f 8345 8396 8393
f 8345 8326 8396
f 8363 8397 8321
f 8362 8280 8391
f 8398 8361 8330
f 8249 8399 8343
f 8360 8341 8330
f 8216 8323 8381
f 8400 8322 8386
f 8322 8400 8196
f 8312 8262 8401
f 8337 8390 8389
f 8402 8347 8020
f 8403 8380 8367
f 8394 8304 8380
f 8358 8351 8404
f 8359 8335 8312
f 8366 8341 8383
f 8386 8321 8397
f 8368 8405 8353
f 8136 7907 7783
f 8221 8157 8196
f 8136 8191 8406
f 8211 8301 8266
f 8407 8354 8300
f 8313 8379 8365
f 8377 8356 8398
f 8340 8302 8408
f 8377 8398 8330
f 8378 8390 8359
f 8365 8404 8351
f 8241 8320 8331
f 8324 8299 8376
f 8407 8409 8354
f 8408 8302 8350
f 8410 8137 8411
f 8276 8322 8196
f 8312 8412 8378
f 8403 8367 8413
f 8379 8327 8369
f 8370 8406 8344
f 8291 8329 8295
f 8364 8370 8297
f 8296 8414 8269
f 8265 8393 8355
f 8286 8362 8287
f 8242 8262 8206
f 8339 8067 8043
f 8137 8406 8411
f 8329 8377 8330
f 8333 8299 8325
f 8290 8272 8180
f 8384 8137 8415
f 8416 8249 8248
f 8417 8333 8325
f 8418 8196 8400
f 8400 8419 8420
f 8137 8136 8406
f 8416 8399 8249
f 8268 8272 8269
f 8406 8191 8344
f 8388 8405 8368
f 8323 8334 8381
f 8374 8421 8422
f 8394 8423 8424
f 8290 8394 8424
f 8390 8425 8389
f 8400 8386 8419
f 8401 8242 8426
f 8250 8127 8348
f 8347 8018 8020
f 8302 8317 8349
f 8412 8427 8371
f 8428 8429 8430
f 8165 8049 8152
f 8242 8401 8262
f 8290 8431 8296
f 8226 8417 8315
f 8394 8403 8423
f 8367 8340 8413
f 8390 8378 8425
f 8370 8364 8432
f 8432 8406 8370
f 8376 8355 8324
f 8397 8363 8433
f 8357 8389 8407
f 8408 8413 8340
f 8355 8434 8324
f 8280 8204 8391
f 8341 8360 8383
f 8362 8391 8287
f 8404 8365 8435
f 8299 7985 8376
f 8379 8435 8365
f 8136 7904 7907
f 8290 8424 8431
f 8353 8405 8436
f 8428 8395 8352
f 8312 8401 8427
f 8269 8437 8270
f 8350 8349 8438
f 8418 8400 8420
f 8375 8432 8364
f 8291 8295 8274
f 8439 8127 8342
f 8326 8440 8396
f 8325 8392 8441
f 8386 8397 8419
f 8442 8355 8393
f 8431 8443 8296
f 8444 8445 8446
f 8416 8248 8447
f 8222 8448 8398
f 8326 8270 8440
f 8414 8296 8443
f 8338 8043 8384
f 8449 8425 8378
f 8399 8416 8450
f 8396 8451 8442
f 8367 8303 8340
f 8435 8452 8404
f 8341 8295 8330
f 8405 8388 8436
f 8248 8453 8454
f 8435 8379 8455
f 8393 8396 8442
f 8378 8412 8449
f 8394 8380 8403
f 8406 8456 8411
f 8387 8247 8336
f 8324 8434 8457
f 8457 8392 8324
f 8226 8333 8417
f 8413 8458 8459
f 8404 8452 8460
f 8413 8350 8458
f 8389 8425 8461
f 8409 8462 8354
f 8387 8336 8395
f 8434 8463 8457
f 8432 8375 8456
f 8424 8464 8431
f 8418 8221 8196
f 8465 8425 8449
f 8375 8374 8456
f 8434 8442 8463
f 8425 8465 8461
f 8436 8388 8466
f 8269 8414 8437
f 8241 8331 8358
f 8397 8433 8467
f 8406 8432 8456
f 8468 8338 8384
f 8433 8469 8467
f 8449 8412 8470
f 8440 8471 8396
f 8348 8472 8381
f 8473 8474 8475
f 8338 8388 8339
f 8407 8300 8357
f 8447 8450 8416
f 8452 8435 8476
f 8443 8431 8464
f 8464 8424 8423
f 8270 8477 8440
f 8384 8415 8468
f 8248 8385 8453
f 8419 8478 8420
f 8437 8414 8443
f 8356 8222 8398
f 8465 8449 8470
f 8352 8336 8316
f 8412 8479 8470
f 8480 8481 8482
f 8483 8455 8369
f 8403 8473 8475
f 8459 8473 8413
f 8476 8435 8455
f 8325 8441 8484
f 8437 8477 8270
f 8317 8382 8349
f 8485 8486 8402
f 8382 8216 8381
f 8487 8411 8456
f 8488 8448 8222
f 8347 8489 8391
f 8423 8475 8464
f 8392 8457 8490
f 8490 8441 8392
f 8427 8401 8426
f 8434 8355 8442
f 8460 8452 8491
f 8413 8408 8350
f 8360 8361 8492
f 8438 8458 8350
f 8338 8466 8388
f 8318 8493 8319
f 8472 8494 8381
f 8470 8495 8465
f 8407 8389 8496
f 8460 8358 8404
f 8497 8498 8499
f 8342 8500 8501
f 8484 8502 8503
f 8352 8315 8417
f 8349 8497 8499
f 8411 8504 8410
f 8493 8445 8469
f 8467 8469 8505
f 8412 8312 8427
f 8478 8506 8507
f 8410 8415 8137
f 8500 8287 8391
f 8476 8491 8452
f 8502 8484 8441
f 8464 8508 8509
f 8468 8510 8338
f 8221 8488 8222
f 8508 8511 8509
f 8374 8487 8456
f 8478 8467 8506
f 8495 8461 8465
f 8385 8387 8395
f 8349 8512 8438
f 8492 8513 8360
f 8381 8494 8382
f 8379 8369 8455
f 8514 8454 8515
f 8412 8371 8479
f 8443 8509 8437
f 8342 8287 8500
f 8441 8490 8502
f 8443 8464 8509
f 8460 8516 8241
f 8440 8477 8517
f 8488 8221 8518
f 8458 8438 8512
f 8415 8519 8468
f 8457 8463 8490
f 8440 8517 8471
f 8520 8521 8522
f 8450 8447 8523
f 8389 8461 8496
f 8428 8352 8417
f 8477 8437 8517
f 8374 8524 8421
f 8495 8470 8479
f 8476 8525 8526
f 8527 8426 8242
f 8512 8349 8499
f 8248 8454 8447
f 8319 8493 8363
f 8338 8510 8466
f 8411 8422 8504
f 8489 8347 8402
f 8476 8455 8525
f 8325 8484 8417
f 8489 8500 8391
f 8437 8509 8517
f 8450 8318 8399
f 8397 8467 8419
f 8471 8451 8396
f 8502 8490 8528
f 8510 8529 8466
f 8491 8476 8526
f 8453 8385 8395
f 8420 8530 8418
f 8512 8531 8458
f 8487 8374 8422
f 8461 8495 8532
f 8468 8533 8510
f 8488 8492 8448
f 8361 8448 8492
f 8478 8419 8467
f 8479 8532 8495
f 8504 8422 8534
f 8423 8403 8475
f 8490 8535 8536
f 8534 8537 8538
f 8388 8346 8339
f 8460 8491 8516
f 8422 8421 8534
f 8510 8533 8529
f 8531 8512 8499
f 8506 8467 8505
f 8460 8241 8358
f 8489 8402 8539
f 8518 8221 8418
f 8459 8540 8473
f 8458 8541 8459
f 8439 8542 8348
f 8318 8343 8399
f 8241 8527 8242
f 8451 8517 8543
f 8544 8542 8342
f 8528 8503 8502
f 8541 8458 8531
f 8518 8545 8488
f 8526 8546 8491
f 8517 8547 8543
f 8548 8451 8543
f 8549 8427 8426
f 8371 8550 8479
f 8420 8478 8530
f 8464 8475 8508
f 8475 8551 8508
f 8475 8552 8551
f 8500 8489 8539
f 8349 8382 8494
f 8361 8398 8448
f 8490 8536 8528
f 8491 8546 8516
f 8492 8488 8545
f 8540 8474 8473
f 8421 8553 8534
f 8483 8522 8554
f 8019 8353 8020
f 8532 8479 8550
f 8517 8509 8547
f 8471 8517 8451
f 8241 8516 8527
f 8507 8555 8556
f 8499 8557 8531
f 8540 8459 8558
f 8410 8504 8415
f 8550 8371 8373
f 8507 8506 8555
f 8559 8560 8318
f 8417 8484 8561
f 8562 8563 8564
f 8565 8552 8566
f 8520 8522 8383
f 8442 8451 8548
f 8541 8558 8459
f 8561 8484 8503
f 8533 8567 8529
f 8508 8551 8511
f 8349 8494 8497
f 8548 8543 8481
f 8557 8499 8498
f 8409 8568 8462
f 8483 8383 8522
f 8530 8556 8569
f 8570 8526 8525
f 8545 8518 8571
f 8483 8369 8383
f 8531 8572 8541
f 8371 8427 8372
f 8474 8540 8558
f 8490 8463 8535
f 8546 8526 8570
f 8018 7932 8173
f 8532 8573 8574
f 8575 8561 8503
f 8572 8531 8557
f 8529 8576 8466
f 8514 8523 8454
f 8483 8554 8455
f 8472 8348 8542
f 8473 8403 8413
f 8577 8578 8579
f 8462 8374 8354
f 8545 8580 8513
f 8570 8525 8581
f 8582 8551 8583
f 8584 8496 8585
f 8532 8574 8461
f 8551 8582 8511
f 8516 8546 8586
f 8481 8442 8548
f 8492 8545 8513
f 8528 8587 8575
f 8453 8515 8454
f 8558 8541 8572
f 8582 8583 8588
f 8589 8428 8430
f 8506 8590 8555
f 8519 8415 8534
f 8591 8592 8593
f 8497 8494 8578
f 8594 8581 8525
f 8463 8480 8535
f 8481 8480 8463
f 8481 8463 8442
f 8498 8595 8596
f 8468 8519 8533
f 8597 8519 8534
f 8374 8462 8524
f 8584 8585 8598
f 8439 8342 8542
f 8539 8501 8500
f 8579 8599 8600
f 8601 8597 8534
f 8543 8602 8481
f 8574 8496 8461
f 8557 8603 8604
f 8605 8561 8606
f 8607 8522 8521
f 8570 8586 8546
f 8580 8545 8571
f 8532 8550 8573
f 8551 8552 8583
f 8578 8494 8579
f 8501 8544 8342
f 8428 8605 8429
f 8478 8507 8530
f 8516 8586 8527
f 8572 8608 8558
f 8530 8507 8556
f 8557 8596 8603
f 8409 8407 8584
f 8535 8480 8482
f 8557 8604 8572
f 8523 8447 8454
f 8561 8575 8606
f 8605 8417 8561
f 8505 8444 8590
f 8444 8505 8469
f 8418 8530 8569
f 8609 8610 8576
f 8519 8597 8611
f 8411 8487 8422
f 8503 8528 8575
f 8373 8612 8613
f 8373 8372 8612
f 8402 8486 8614
f 8580 8615 8513
f 8498 8497 8595
f 8583 8552 8565
f 8584 8598 8409
f 8472 8599 8494
f 8528 8536 8616
f 8617 8582 8588
f 8578 8595 8497
f 8550 8373 8573
f 8608 8572 8604
f 8582 8547 8511
f 8506 8505 8590
f 8618 8609 8611
f 8520 8383 8360
f 8536 8482 8619
f 8620 8621 8622
f 8421 8524 8553
f 8474 8558 8566
f 8558 8608 8566
f 8539 8614 8501
f 8611 8597 8623
f 8496 8574 8585
f 8519 8611 8533
f 8584 8407 8496
f 8615 8571 8564
f 8536 8619 8616
f 8588 8624 8622
f 8586 8570 8625
f 8626 8524 8462
f 8575 8627 8606
f 8588 8621 8617
f 8462 8568 8628
f 8601 8534 8538
f 8557 8498 8596
f 8549 8612 8372
f 8586 8629 8527
f 8577 8579 8630
f 8604 8631 8608
f 8626 8553 8524
f 8318 8560 8493
f 8436 8576 8020
f 8611 8567 8533
f 8481 8602 8482
f 8566 8608 8631
f 8599 8579 8494
f 8581 8625 8570
f 8605 8428 8417
f 8632 8633 8426
f 8555 8634 8556
f 8582 8617 8547
f 8609 8567 8611
f 8635 8617 8621
f 8636 8615 8564
f 8020 8637 8402
f 8552 8474 8566
f 8573 8638 8574
f 8573 8613 8638
f 8528 8616 8587
f 8626 8462 8628
f 8595 8578 8639
f 8617 8635 8640
f 8629 8641 8527
f 8509 8511 8547
f 8549 8372 8427
f 8577 8639 8578
f 8436 8466 8576
f 8631 8604 8603
f 8609 8576 8567
f 8640 8642 8547
f 8556 8643 8569
f 8552 8475 8474
f 8621 8644 8635
f 8586 8625 8629
f 8645 8646 8647
f 8605 8606 8429
f 8645 8549 8646
f 8547 8648 8543
f 8555 8649 8650
f 8554 8522 8607
f 8651 8553 8626
f 8617 8640 8547
f 8641 8652 8653
f 8560 8445 8493
f 8654 8618 8611
f 8606 8655 8429
f 8616 8619 8656
f 8657 8453 8395
f 8620 8622 8658
f 8415 8504 8534
f 8568 8598 8659
f 8543 8660 8602
f 8661 8636 8564
f 8644 8621 8620
f 8574 8638 8585
f 8662 8663 8607
f 8597 8601 8623
f 8664 8635 8644
f 8635 8664 8640
f 8634 8555 8650
f 8609 8618 8610
f 8554 8525 8455
f 8523 8514 8559
f 8579 8600 8630
f 8596 8665 8666
f 8625 8581 8667
f 8603 8668 8631
f 8575 8669 8627
f 8565 8624 8583
f 8670 8482 8602
f 8576 8671 8637
f 8602 8660 8670
f 8485 8591 8672
f 8556 8634 8643
f 8673 8596 8595
f 8629 8625 8667
f 8596 8666 8603
f 8667 8594 8674
f 8615 8520 8513
f 8642 8640 8664
f 8554 8607 8594
f 8537 8675 8538
f 8482 8670 8619
f 8644 8676 8664
f 8627 8655 8606
f 8612 8549 8645
f 8626 8628 8651
f 8630 8600 8677
f 8620 8678 8644
f 8641 8629 8679
f 8576 8529 8567
f 8649 8680 8650
f 8681 8682 8624
f 8668 8603 8666
f 8554 8594 8525
f 8683 8613 8612
f 8639 8684 8673
f 8615 8636 8520
f 8685 8445 8560
f 8641 8426 8527
f 8643 8634 8650
f 8536 8535 8482
f 8429 8655 8686
f 8568 8409 8598
f 8676 8644 8678
f 8642 8687 8688
f 8654 8611 8623
f 8566 8689 8565
f 8667 8679 8629
f 8690 8428 8589
f 8621 8588 8622
f 8645 8683 8612
f 8642 8691 8687
f 8587 8656 8669
f 8678 8620 8658
f 8662 8607 8521
f 8429 8686 8430
f 8649 8590 8444
f 8689 8681 8565
f 8402 8614 8539
f 8624 8588 8583
f 8610 8618 8692
f 8127 8439 8348
f 8648 8693 8660
f 8573 8373 8613
f 8659 8598 8585
f 8645 8647 8694
f 8679 8652 8641
f 8695 8542 8696
f 8610 8671 8576
f 8353 8436 8020
f 8642 8697 8547
f 8592 8671 8593
f 8651 8534 8553
f 8654 8623 8698
f 8643 8562 8569
f 8575 8587 8669
f 8619 8670 8699
f 8637 8592 8485
f 8693 8700 8660
f 8641 8653 8426
f 8568 8659 8701
f 8668 8702 8689
f 8673 8665 8596
f 8633 8646 8426
f 8653 8632 8426
f 8636 8703 8520
f 8622 8624 8682
f 8648 8704 8705
f 8706 8707 8693
f 8615 8580 8571
f 8676 8708 8691
f 8648 8705 8709
f 8614 8486 8710
f 8643 8711 8712
f 8638 8613 8713
f 8576 8637 8020
f 8547 8697 8648
f 8555 8590 8649
f 8642 8664 8691
f 8714 8715 8697
f 8655 8627 8686
f 8678 8658 8708
f 8679 8667 8674
f 8670 8716 8699
f 8648 8660 8543
f 8695 8472 8542
f 8523 8318 8450
f 8662 8521 8717
f 8656 8587 8616
f 8718 8692 8618
f 8656 8719 8720
f 8683 8645 8694
f 8656 8720 8669
f 8618 8654 8718
f 8639 8630 8684
f 8716 8660 8700
f 8520 8360 8513
f 8630 8677 8684
f 8569 8571 8518
f 8686 8721 8430
f 8643 8650 8711
f 8670 8660 8716
f 8622 8722 8658
f 8659 8723 8724
f 8652 8679 8725
f 8708 8726 8691
f 8727 8728 8594
f 8664 8676 8691
f 8657 8395 8428
f 8688 8697 8642
f 8613 8694 8713
f 8445 8444 8469
f 8676 8678 8708
f 8610 8692 8671
f 8627 8729 8686
f 8653 8652 8725
f 8646 8549 8426
f 8697 8704 8648
f 8649 8730 8731
f 8703 8636 8661
f 8523 8559 8318
f 8623 8732 8698
f 8628 8568 8733
f 8734 8735 8600
f 8674 8725 8679
f 8594 8728 8674
f 8730 8649 8444
f 8632 8653 8736
f 8623 8601 8732
f 8687 8691 8726
f 8633 8632 8737
f 8646 8633 8737
f 8657 8515 8453
f 8485 8592 8591
f 8643 8712 8562
f 8738 8739 8740
f 8741 8726 8742
f 8680 8649 8731
f 8661 8564 8743
f 8688 8714 8697
f 8715 8704 8697
f 8692 8744 8671
f 8622 8682 8722
f 8566 8631 8668
f 8745 8589 8430
f 8654 8746 8718
f 8685 8560 8559
f 8562 8564 8571
f 8747 8514 8515
f 8725 8736 8653
f 8748 8647 8646
f 8486 8485 8672
f 8749 8699 8716
f 8687 8741 8688
f 8639 8577 8630
f 8632 8736 8737
f 8569 8518 8418
f 8737 8748 8646
f 8650 8680 8711
f 8690 8657 8428
f 8594 8667 8581
f 8661 8750 8703
f 8714 8688 8741
f 8716 8700 8749
f 8677 8600 8751
f 8684 8677 8751
f 8613 8683 8694
f 8729 8721 8686
f 8704 8752 8705
f 8732 8601 8538
f 8619 8719 8656
f 8722 8682 8753
f 8669 8754 8755
f 8673 8595 8639
f 8627 8669 8755
f 8749 8700 8756
f 8501 8614 8710
f 8742 8726 8708
f 8725 8674 8757
f 8692 8758 8744
f 8699 8749 8740
f 8694 8647 8759
f 8430 8721 8760
f 8761 8711 8762
f 8728 8757 8674
f 8763 8681 8764
f 8658 8722 8765
f 8700 8693 8707
f 8715 8766 8752
f 8730 8444 8446
f 8767 8651 8628
f 8747 8768 8559
f 8681 8753 8682
f 8704 8715 8752
f 8493 8469 8433
f 8647 8748 8759
f 8750 8521 8703
f 8736 8725 8769
f 8759 8713 8694
f 8766 8770 8771
f 8493 8433 8363
f 8600 8735 8751
f 8746 8758 8718
f 8599 8472 8695
f 8665 8702 8666
f 8740 8772 8773
f 8774 8775 8747
f 8776 8735 8734
f 8765 8708 8658
f 8748 8737 8777
f 8778 8723 8659
f 8715 8714 8766
f 8745 8430 8779
f 8736 8780 8737
f 8712 8563 8562
f 8684 8781 8673
f 8711 8731 8762
f 8782 8638 8713
f 8684 8751 8781
f 8757 8769 8725
f 8727 8594 8663
f 8732 8783 8698
f 8627 8755 8729
f 8654 8698 8746
f 8732 8538 8784
f 8693 8785 8786
f 8750 8661 8743
f 8673 8787 8665
f 8534 8651 8537
f 8564 8563 8788
f 8777 8759 8748
f 8669 8720 8754
f 8765 8722 8789
f 8785 8693 8648
f 8709 8790 8791
f 8711 8761 8712
f 8521 8520 8703
f 8769 8780 8736
f 8785 8648 8709
f 8714 8741 8766
f 8792 8793 8743
f 8700 8707 8756
f 8794 8777 8737
f 8702 8665 8787
f 8767 8628 8733
f 8709 8705 8790
f 8780 8794 8737
f 8731 8730 8795
f 8721 8729 8796
f 8757 8728 8797
f 8692 8718 8758
f 8796 8760 8721
f 8783 8746 8698
f 8786 8791 8798
f 8662 8717 8799
f 8542 8544 8800
f 8801 8802 8803
f 8720 8719 8754
f 8750 8717 8521
f 8566 8668 8689
f 8743 8804 8750
f 8728 8727 8797
f 8702 8668 8666
f 8706 8693 8786
f 8781 8805 8806
f 8785 8709 8791
f 8599 8734 8600
f 8767 8733 8807
f 8769 8757 8797
f 8701 8807 8733
f 8808 8783 8784
f 8761 8762 8809
f 8742 8708 8810
f 8811 8756 8707
f 8735 8805 8751
f 8673 8781 8787
f 8759 8777 8812
f 8813 8730 8446
f 8783 8732 8784
f 8430 8814 8779
f 8804 8717 8750
f 8781 8751 8805
f 8707 8706 8811
f 8747 8515 8657
f 8815 8734 8816
f 8752 8817 8790
f 8747 8559 8514
f 8818 8729 8755
f 8706 8786 8819
f 8778 8659 8585
f 8780 8797 8820
f 8782 8585 8638
f 8758 8746 8821
f 8681 8689 8764
f 8702 8822 8689
f 8777 8794 8820
f 8727 8663 8823
f 8761 8824 8712
f 8701 8733 8568
f 8713 8812 8825
f 8722 8753 8789
f 8794 8780 8820
f 8705 8752 8790
f 8712 8824 8563
f 8826 8827 8662
f 8828 8829 8754
f 8735 8776 8805
f 8780 8769 8797
f 8782 8713 8825
f 8711 8680 8731
f 8662 8823 8663
f 8767 8830 8651
f 8701 8659 8724
f 8766 8771 8817
f 8729 8818 8796
f 8820 8812 8777
f 8758 8831 8744
f 8740 8756 8772
f 8789 8832 8810
f 8817 8833 8790
f 8695 8696 8816
f 8784 8675 8834
f 8734 8695 8816
f 8835 8723 8836
f 8637 8485 8402
f 8801 8685 8802
f 8727 8837 8797
f 8782 8778 8585
f 8822 8838 8689
f 8776 8734 8839
f 8753 8840 8789
f 8746 8783 8821
f 8828 8754 8719
f 8830 8767 8807
f 8706 8819 8841
f 8804 8743 8793
f 8841 8811 8706
f 8778 8782 8836
f 8760 8796 8842
f 8823 8837 8727
f 8681 8840 8753
f 8842 8814 8760
f 8734 8599 8695
f 8713 8759 8812
f 8755 8754 8829
f 8829 8818 8755
f 8797 8837 8843
f 8710 8544 8501
f 8830 8844 8651
f 8808 8784 8834
f 8681 8845 8840
f 8699 8740 8719
f 8717 8846 8799
f 8807 8847 8830
f 8730 8813 8795
f 8569 8562 8571
f 8807 8848 8847
f 8812 8820 8843
f 8849 8822 8787
f 8761 8809 8824
f 8792 8743 8564
f 8823 8827 8850
f 8835 8836 8851
f 8675 8852 8853
f 8797 8843 8820
f 8811 8854 8772
f 8805 8855 8806
f 8681 8763 8845
f 8781 8806 8849
f 8446 8685 8856
f 8843 8825 8812
f 8857 8796 8818
f 8849 8858 8822
f 8783 8808 8821
f 8762 8731 8795
f 8832 8859 8810
f 8663 8594 8607
f 8836 8782 8825
f 8717 8793 8846
f 8774 8690 8745
f 8741 8687 8726
f 8810 8708 8765
f 8446 8445 8685
f 8430 8760 8814
f 8811 8841 8860
f 8739 8719 8740
f 8752 8766 8817
f 8619 8699 8719
f 8758 8821 8831
f 8789 8840 8861
f 8837 8823 8850
f 8796 8857 8842
f 8808 8834 8862
f 8740 8749 8756
f 8734 8815 8839
f 8829 8828 8863
f 8762 8864 8809
f 8764 8689 8838
f 8786 8785 8791
f 8814 8865 8779
f 8840 8845 8866
f 8486 8672 8710
f 8805 8776 8855
f 8844 8847 8867
f 8834 8868 8862
f 8710 8800 8544
f 8690 8589 8745
f 8784 8538 8675
f 8869 8836 8825
f 8837 8850 8843
f 8763 8764 8870
f 8675 8537 8852
f 8841 8819 8871
f 8825 8843 8869
f 8832 8861 8872
f 8771 8873 8817
f 8828 8739 8874
f 8844 8537 8651
f 8839 8855 8776
f 8818 8829 8857
f 8675 8853 8834
f 8866 8861 8840
f 8542 8800 8696
f 8774 8745 8875
f 8844 8830 8847
f 8696 8876 8816
f 8738 8740 8773
f 8807 8701 8724
f 8807 8724 8848
f 8849 8806 8858
f 8843 8850 8869
f 8702 8787 8822
f 8808 8877 8821
f 8811 8860 8854
f 8756 8811 8772
f 8768 8747 8775
f 8592 8637 8671
f 8821 8878 8831
f 8781 8849 8787
f 8723 8835 8879
f 8786 8798 8819
f 8717 8804 8793
f 8537 8844 8852
f 8763 8866 8845
f 8723 8879 8724
f 8880 8764 8838
f 8774 8657 8690
f 8842 8857 8865
f 8871 8860 8841
f 8723 8778 8836
f 8814 8842 8865
f 8710 8696 8800
f 8855 8839 8881
f 8809 8882 8883
f 8772 8884 8773
f 8824 8809 8883
f 8850 8827 8851
f 8795 8864 8762
f 8885 8858 8806
f 8836 8869 8851
f 8862 8877 8808
f 8681 8624 8565
f 8806 8855 8886
f 8846 8793 8792
f 8829 8863 8857
f 8887 8854 8860
f 8817 8888 8833
f 8857 8889 8865
f 8779 8875 8745
f 8833 8798 8791
f 8850 8851 8869
f 8861 8866 8890
f 8791 8790 8833
f 8828 8719 8739
f 8744 8593 8671
f 8822 8858 8885
f 8891 8892 8835
f 8879 8848 8724
f 8860 8871 8887
f 8865 8893 8779
f 8866 8763 8890
f 8819 8798 8894
f 8766 8859 8770
f 8772 8895 8884
f 8896 8852 8867
f 8789 8861 8832
f 8813 8897 8795
f 8821 8877 8878
f 8768 8775 8898
f 8835 8899 8879
f 8883 8788 8824
f 8766 8741 8742
f 8826 8900 8827
f 8817 8873 8888
f 8839 8815 8881
f 8901 8880 8838
f 8852 8896 8902
f 8868 8853 8903
f 8882 8904 8883
f 8851 8905 8891
f 8798 8906 8894
f 8827 8900 8905
f 8672 8907 8710
f 8877 8908 8878
f 8909 8910 8696
f 8844 8867 8852
f 8738 8773 8884
f 8854 8887 8911
f 8912 8913 8792
f 8911 8895 8854
f 8904 8914 8883
f 8915 8890 8763
f 8828 8874 8916
f 8917 8846 8792
f 8885 8806 8918
f 8774 8919 8920
f 8864 8795 8882
f 8871 8921 8922
f 8889 8923 8924
f 8835 8925 8899
f 8899 8926 8879
f 8768 8802 8559
f 8799 8846 8917
f 8779 8893 8875
f 8772 8854 8895
f 8922 8887 8871
f 8863 8889 8857
f 8924 8893 8865
f 8824 8788 8563
f 8870 8915 8763
f 8871 8894 8921
f 8862 8868 8927
f 8806 8886 8918
f 8848 8879 8926
f 8895 8928 8884
f 8883 8914 8788
f 8852 8902 8853
f 8874 8738 8884
f 8815 8929 8881
f 8822 8885 8838
f 8877 8927 8908
f 8930 8931 8875
f 8882 8932 8904
f 8855 8881 8886
f 8914 8933 8934
f 8887 8922 8911
f 8696 8910 8876
f 8891 8835 8851
f 8892 8925 8835
f 8861 8890 8872
f 8799 8935 8826
f 8863 8916 8889
f 8739 8738 8874
f 8899 8925 8926
f 8893 8924 8930
f 8890 8915 8936
f 8795 8937 8882
f 8885 8938 8838
f 8927 8903 8939
f 8888 8906 8798
f 8881 8940 8886
f 8941 8914 8934
f 8823 8662 8827
f 8809 8864 8882
f 8895 8911 8942
f 8929 8815 8816
f 8789 8810 8765
f 8943 8907 8672
f 8942 8928 8895
f 8944 8770 8859
f 8764 8945 8870
f 8946 8831 8878
f 8903 8947 8939
f 8593 8744 8831
f 8851 8827 8905
f 8916 8948 8889
f 8915 8870 8936
f 8868 8834 8853
f 8890 8949 8872
f 8768 8803 8802
f 8929 8940 8881
f 8914 8912 8788
f 8932 8882 8937
f 8884 8928 8950
f 8933 8932 8937
f 8951 8911 8922
f 8877 8862 8927
f 8912 8792 8564
f 8925 8892 8952
f 8926 8925 8952
f 8885 8918 8938
f 8926 8953 8848
f 8893 8930 8875
f 8954 8930 8924
f 8799 8917 8935
f 8927 8939 8908
f 8955 8953 8956
f 8904 8932 8933
f 8911 8951 8942
f 8892 8891 8957
f 8768 8898 8803
f 8958 8941 8959
f 8960 8929 8816
f 8889 8948 8923
f 8928 8942 8950
f 8922 8921 8951
f 8954 8924 8923
f 8891 8905 8961
f 8870 8962 8936
f 8799 8826 8662
f 8912 8958 8913
f 8963 8964 8965
f 8902 8903 8853
f 8905 8900 8966
f 8961 8905 8966
f 8886 8940 8967
f 8766 8742 8859
f 8926 8952 8953
f 8871 8819 8894
f 8880 8945 8764
f 8795 8897 8937
f 8889 8924 8865
f 8918 8886 8968
f 8957 8952 8892
f 8802 8685 8559
f 8710 8969 8696
f 8970 8971 8935
f 8972 8838 8973
f 8961 8957 8891
f 8930 8974 8931
f 8878 8908 8946
f 8872 8949 8975
f 8972 8901 8838
f 8833 8888 8798
f 8826 8976 8900
f 8902 8896 8977
f 8978 8979 8980
f 8940 8929 8981
f 8919 8774 8875
f 8982 8961 8966
f 8832 8983 8859
f 8984 8942 8951
f 8985 8950 8942
f 8742 8810 8859
f 8933 8986 8987
f 8906 8921 8894
f 8954 8988 8989
f 8856 8801 8990
f 8918 8968 8938
f 8927 8868 8903
f 8940 8981 8967
f 8902 8991 8903
f 8908 8939 8992
f 8906 8993 8921
f 8994 8921 8993
f 8995 8896 8867
f 8996 8960 8816
f 8870 8945 8962
f 8942 8984 8985
f 8997 8996 8816
f 8998 8949 8962
f 8902 8977 8991
f 8914 8904 8933
f 8954 8923 8988
f 8912 8941 8958
f 8946 8908 8992
f 8952 8982 8956
f 8950 8985 8999
f 8930 8989 8974
f 8919 9000 8920
f 9001 8876 8910
f 8964 8813 8446
f 8960 8981 8929
f 8957 8961 8982
f 9002 8880 8901
f 8945 8880 9003
f 8945 9003 8962
f 9004 9005 8971
f 8847 8953 9006
f 9007 8943 8591
f 8976 8966 8900
f 8995 8977 8896
f 8983 9008 8859
f 8944 8859 9008
f 8968 8978 8980
f 9000 9009 8920
f 8838 8980 8973
f 8771 8770 9010
f 8774 8747 8657
f 8903 8991 8947
f 8939 8947 8992
f 8873 8771 9010
f 9011 9007 8593
f 8994 8984 8921
f 9012 8832 8872
f 8930 8954 8989
f 8943 8672 8591
f 8953 8952 8956
f 8914 8941 8912
f 9013 8985 8984
f 8975 9012 8872
f 8880 9014 9003
f 8960 8996 9015
f 8888 8873 9016
f 8982 8966 9017
f 8938 8968 8980
f 8981 9018 8967
f 8934 8933 8987
f 9019 8999 8985
f 8770 9020 9010
f 8847 8848 8953
f 8826 8935 8971
f 8948 9021 9022
f 8991 9023 8947
f 8867 9024 8995
f 8774 8920 8775
f 9012 8983 8832
f 8890 8936 8949
f 9010 9025 8873
f 8981 8960 9018
f 9011 8593 8831
f 8985 9013 9019
f 9024 8867 9026
f 8943 9027 8907
f 9025 9016 8873
f 9028 9029 9030
f 8941 8934 8959
f 8962 9003 9031
f 8975 9032 9012
f 8969 9033 8909
f 8977 8995 9034
f 8937 8963 8986
f 8863 8828 8916
f 9011 9035 9007
f 8880 9002 9014
f 8974 9036 9037
f 8949 8936 8962
f 8906 9038 8993
f 8991 9034 9023
f 9020 9039 9010
f 8944 9040 9020
f 8963 9041 8986
f 8968 9042 8978
f 9001 8910 9043
f 8999 9019 9044
f 8919 8875 9000
f 8923 8948 8988
f 9045 9046 8972
f 9047 9048 9040
f 8801 8856 8685
f 8913 9049 9050
f 8952 8957 8982
f 8995 9024 9034
f 9015 9018 8960
f 8934 8987 8959
f 8964 8897 8813
f 8788 8912 8564
f 9025 9010 9051
f 8956 8982 9017
f 8984 8951 8921
f 8963 8897 8964
f 8838 8938 8980
f 8986 9052 8987
f 8775 9053 9054
f 8968 8886 8967
f 9014 9031 9003
f 8969 8909 8696
f 9040 8944 9008
f 8770 8944 9020
f 9024 9055 9034
f 8988 9056 8989
f 9016 9025 9057
f 8875 8931 9000
f 8965 8964 8856
f 9010 9039 9051
f 9058 9019 9013
f 8973 8980 8979
f 8974 8989 9036
f 9050 9049 9059
f 9016 8906 8888
f 9025 9051 9057
f 8967 9018 9042
f 8965 8856 9060
f 8913 9050 8792
f 8920 9009 9053
f 8947 9061 8992
f 8975 8949 9062
f 9034 9063 9023
f 8983 9012 9064
f 8988 9022 9056
f 9065 9002 8901
f 9018 9066 9042
f 8998 8962 9067
f 8775 9054 8898
f 8959 8987 9052
f 9039 9020 9068
f 8856 8964 8446
f 8997 9001 9069
f 8933 8937 8986
f 8988 8948 9022
f 8963 8965 9070
f 8901 8972 9071
f 8999 8874 8884
f 9019 9072 9044
f 8997 8816 8876
f 8962 9031 9067
f 9016 9073 8906
f 9062 9032 8975
f 9020 9040 9068
f 9040 9008 9074
f 9019 9058 9072
f 9075 9058 8994
f 9016 9057 9073
f 9031 9014 9076
f 9062 8949 9077
f 8983 9064 9074
f 8946 9011 8831
f 8991 8977 9034
f 9057 9078 9073
f 8959 9079 8958
f 8994 9013 8984
f 8949 8998 9077
f 9039 9068 9051
f 9009 9080 9081
f 9015 8996 9082
f 9083 8965 9060
f 8884 8950 8999
f 8959 9084 9079
f 9055 9063 9034
f 9008 8983 9074
f 9085 9086 9000
f 9014 9002 9087
f 9018 9082 9066
f 9088 9089 8946
f 9049 8913 8958
f 8801 8803 9090
f 9012 9032 9064
f 9091 9092 9093
f 9036 9094 9085
f 9095 9096 9097
f 8955 9006 8953
f 8947 9023 9061
f 8856 8990 9060
f 8867 8847 9006
f 9007 8591 8593
f 9037 9036 9085
f 9001 8997 8876
f 9024 9026 9055
f 9040 9048 9098
f 9050 9099 8792
f 9065 8901 9071
f 8989 9056 9036
f 8898 9090 8803
f 8972 9046 9071
f 8976 8971 9005
f 9100 9026 9006
f 9032 9101 9064
f 9087 9076 9014
f 8996 9102 9082
f 9052 9103 9084
f 9032 9062 9101
f 8963 8937 8897
f 9079 9049 8958
f 9023 9104 9061
f 8867 9006 9026
f 9105 9054 9106
f 9068 9107 9051
f 9040 9108 9068
f 9073 9038 8906
f 9096 9109 9097
f 9065 9087 9002
f 9095 9044 9096
f 9063 9110 9023
f 9052 9041 9103
f 9099 9050 9059
f 9047 9040 9074
f 9111 8956 9017
f 9112 9113 9064
f 9089 9011 8946
f 9042 9114 8978
f 8968 8967 9042
f 8826 8971 8976
f 8775 8920 9053
f 8907 9115 9033
f 8959 9052 9084
f 9116 9117 9038
f 8992 9061 9088
f 9108 9107 9068
f 8998 9118 9077
f 9082 9119 9066
f 9063 9055 9120
f 9102 8997 9069
f 9110 9104 9023
f 9072 9121 9096
f 9058 9013 8994
f 8998 9067 9122
f 9056 9123 9036
f 9038 8994 8993
f 9062 9077 9101
f 8999 9044 8874
f 8978 9124 8979
f 9053 9125 9106
f 9078 9116 9073
f 9057 9051 9078
f 8907 9033 8969
f 9072 9058 9121
f 9122 9067 9091
f 9041 9126 9103
f 9045 8972 8973
f 9018 9015 9082
f 9073 9116 9038
f 9055 9026 9120
f 9071 9127 9128
f 9120 9110 9063
f 9129 9007 9035
f 9040 9098 9108
f 9051 9130 9131
f 9049 9079 9132
f 8948 8916 9021
f 9076 9087 9133
f 9123 9022 9134
f 9122 9118 8998
f 9061 9135 9088
f 9022 9136 9134
f 9095 9097 8874
f 9009 9081 9125
f 9100 9006 8955
f 9051 9131 9078
f 9122 9091 9093
f 9129 9137 9138
f 9107 9108 9139
f 8979 9140 9045
f 9037 9085 9000
f 9091 9141 9092
f 9049 9132 9059
f 9142 9143 9102
f 9079 9144 9132
f 9064 9101 9145
f 8907 8969 8710
f 9087 9065 9128
f 9052 8986 9041
f 9102 9119 9082
f 9114 9124 8978
f 9047 9074 9113
f 9111 9146 8956
f 9088 8946 8992
f 9098 9139 9108
f 9099 9147 8970
f 9133 9091 9076
f 9078 9148 9116
f 9042 9066 9114
f 9149 9150 8801
f 9099 8970 8935
f 9051 9107 9130
f 9065 9071 9128
f 9026 9151 9120
f 9038 9117 9152
f 9104 9110 9153
f 9038 9154 8994
f 8898 9054 9090
f 9107 9139 9130
f 9094 9086 9085
f 9117 9116 9148
f 9128 9133 9087
f 9113 9074 9064
f 9084 9155 9144
f 9110 9120 9153
f 8979 9124 9156
f 9157 9145 9101
f 9123 9094 9036
f 8931 8974 9037
f 9061 9104 9135
f 9102 8996 8997
f 9155 9103 9158
f 9159 9060 9160
f 9099 9059 9147
f 9101 9077 9161
f 9066 9119 9162
f 9045 8973 8979
f 9114 9066 9163
f 9098 9048 9164
f 9165 9166 9167
f 9099 8917 8792
f 9156 9140 8979
f 9048 9168 9164
f 9097 9028 8874
f 9155 9169 9144
f 8970 9004 8971
f 9139 9170 9130
f 9079 9084 9144
f 9118 9122 9093
f 9124 9114 9156
f 8909 9043 8910
f 9045 9171 9046
f 9154 9075 8994
f 9119 9102 9162
f 9078 9131 9172
f 9136 9173 9174
f 9129 9027 8943
f 9066 9162 9163
f 9067 9031 9076
f 9047 9113 9168
f 9078 9172 9148
f 9038 9152 9154
f 9139 9175 9176
f 9118 9093 9161
f 9123 9134 9094
f 9045 9140 9171
f 9044 9095 8874
f 9123 9056 9022
f 9091 9133 9177
f 9150 8990 8801
f 9117 9148 9152
f 9026 9178 9151
f 9153 9120 9151
f 9044 9072 9096
f 9089 9035 9011
f 9158 9179 9180
f 9027 9181 9115
f 9077 9118 9161
f 9112 9064 9145
f 9086 9094 9182
f 9105 9106 9183
f 9059 9132 9184
f 9058 9075 9121
f 9156 9185 9186
f 9133 9128 9187
f 9142 9102 9069
f 9100 8955 9188
f 9026 9100 9178
f 9027 9115 8907
f 9104 9153 9135
f 9189 9115 9181
f 9070 9126 8963
f 9113 9112 9168
f 9162 9102 9143
f 9067 9076 9091
f 9139 9176 9170
f 9086 9080 9000
f 9154 9190 9075
f 9144 9184 9132
f 9131 9130 9191
f 9140 9186 9171
f 9165 9089 9166
f 9084 9103 9155
f 9099 8935 8917
f 9192 8955 8956
f 9007 9129 8943
f 9193 9178 9100
f 9021 9028 9030
f 9041 8963 9126
f 9134 9182 9094
f 9093 9194 9161
f 9054 9053 9106
f 9187 9177 9133
f 9195 9154 9152
f 9196 8966 8976
f 9148 9197 9152
f 9046 9171 9198
f 9196 9017 8966
f 9188 9193 9100
f 9059 9199 9147
f 9170 9191 9130
f 9075 9190 9121
f 9182 9200 9086
f 9156 9114 9185
f 9192 9188 8955
f 9139 9098 9175
f 9046 9201 9071
f 9145 9202 9112
f 9127 9187 9128
f 9164 9175 9098
f 9047 9168 9048
f 9203 9168 9204
f 9183 9205 9206
f 9207 9149 9090
f 8970 9208 9004
f 9153 9209 9135
f 9200 9080 9086
f 9210 9192 8956
f 9131 9211 9172
f 8874 9028 8916
f 9140 9156 9186
f 9154 9212 9190
f 9172 9213 9197
f 9214 9189 9181
f 9136 9215 9134
f 9152 9197 9195
f 9005 9196 8976
f 9216 9173 9021
f 9151 9178 9217
f 9170 9176 9218
f 9219 9157 9161
f 9112 9220 9168
f 8909 9033 9189
f 9198 9221 9201
f 9096 9121 9222
f 9195 9212 9154
f 9173 9136 9021
f 8990 9160 9060
f 9035 9137 9129
f 9184 9223 9199
f 9198 9171 9221
f 8965 9083 9070
f 9096 9222 9109
f 9178 9193 9217
f 9135 9209 9166
f 9091 9177 9141
f 9071 9201 9127
f 9157 9101 9161
f 9151 9224 9153
f 9225 9028 9097
f 9176 9226 9218
f 9164 9203 9175
f 9105 9183 9090
f 9163 9162 9227
f 9193 9188 9228
f 9059 9184 9199
f 9134 9215 9182
f 9229 9177 9187
f 9221 9186 9230
f 9046 9198 9201
f 9149 8801 9090
f 9092 9194 9093
f 9028 9021 8916
f 9089 9135 9166
f 9203 9164 9168
f 9202 9220 9112
f 9195 9197 9212
f 9212 9231 9190
f 9200 9182 9232
f 9218 9191 9170
f 9070 9083 9126
f 9188 9192 9233
f 9234 9187 9127
f 9175 9235 9176
f 9203 9236 9237
f 9228 9217 9193
f 9203 9237 9175
f 9238 9239 9240
f 9241 9125 9081
f 8970 9242 9208
f 9237 9243 9175
f 9210 8956 9146
f 9222 9244 9109
f 9148 9172 9197
f 9109 9245 9097
f 9035 9165 9137
f 9177 9229 9141
f 9080 9200 9246
f 9215 9174 9247
f 9131 9191 9211
f 9233 9228 9188
f 9169 9155 9248
f 9243 9235 9175
f 9004 9249 9250
f 9145 9157 9251
f 9250 9005 9004
f 9245 9225 9097
f 9114 9163 9185
f 9190 9252 9121
f 9253 9254 9196
f 9234 9127 9201
f 9142 9069 9239
f 9229 9187 9234
f 9199 9255 9147
f 9168 9256 9204
f 9145 9251 9202
f 9252 9222 9121
f 9218 9226 9257
f 9248 9158 9180
f 9220 9258 9168
f 9151 9217 9224
f 9255 9242 9147
f 9224 9209 9153
f 9109 9244 9245
f 9089 9165 9035
f 9192 9259 9233
f 9171 9186 9221
f 9172 9211 9213
f 9163 9227 9260
f 9184 9169 9223
f 8970 9147 9242
f 9160 9261 9262
f 9215 9136 9174
f 9157 9219 9251
f 9232 9246 9200
f 9136 9022 9021
f 9181 9027 9138
f 9203 9204 9236
f 9220 9263 9258
f 9009 9000 9080
f 9162 9264 9227
f 8909 9189 9043
f 9243 9237 9265
f 9266 9158 9126
f 8990 9150 9160
f 9196 9250 9267
f 9212 9197 9268
f 9189 9269 9043
f 9217 9228 9270
f 9194 9092 9271
f 9083 9266 9126
f 9248 9223 9169
f 9215 9247 9182
f 9235 9243 9272
f 9273 9244 9222
f 9054 9105 9090
f 9191 9218 9211
f 9092 9141 9271
f 9028 9225 9029
f 9204 9274 9236
f 9162 9143 9264
f 9228 9233 9270
f 9236 9265 9237
f 9275 9232 9182
f 9141 9276 9271
f 9163 9260 9185
f 9143 9142 9264
f 9202 9277 9220
f 9269 9278 9043
f 9211 9218 9279
f 9219 9161 9280
f 9256 9274 9204
f 9231 9212 9268
f 9217 9281 9224
f 9168 9282 9256
f 9283 9284 9285
f 9265 9272 9243
f 9245 9244 9286
f 9287 9181 9138
f 9194 9280 9161
f 9183 9106 9205
f 9234 9288 9229
f 9234 9201 9289
f 9277 9263 9220
f 9184 9144 9169
f 9272 9290 9235
f 9209 9224 9166
f 9278 9069 9043
f 9223 9248 9180
f 9168 9258 9282
f 9149 9261 9150
f 9242 9291 9208
f 9292 9225 9245
f 9197 9213 9268
f 9235 9226 9176
f 9189 9033 9115
f 9192 9210 9259
f 9202 9293 9277
f 9149 9207 9261
f 9270 9233 9294
f 9089 9088 9135
f 9246 9232 9295
f 9252 9273 9222
f 9242 9296 9291
f 9125 9053 9009
f 9297 9269 9298
f 9224 9299 9166
f 9247 9275 9182
f 9142 9239 9238
f 9210 9146 9300
f 9252 9301 9273
f 9233 9259 9294
f 9027 9129 9138
f 9238 9264 9142
f 9146 9111 9302
f 9229 9285 9141
f 9223 9180 9303
f 9263 9282 9258
f 9080 9304 9081
f 9275 9295 9232
f 9265 9236 9305
f 9221 9289 9201
f 9306 9307 9302
f 9236 9274 9308
f 9196 9005 9250
f 9210 9300 9259
f 8931 9037 9000
f 9272 9265 9309
f 9261 9310 9262
f 9274 9256 9311
f 9211 9279 9213
f 9217 9270 9281
f 9252 9231 9312
f 9313 9160 9262
f 9189 9314 9269
f 9290 9272 9309
f 9244 9273 9286
f 9069 9001 9043
f 9004 9315 9249
f 9183 9316 9207
f 9159 9083 9060
f 9288 9234 9317
f 9004 9208 9315
f 9295 9304 9246
f 9219 9318 9293
f 9224 9281 9299
f 9146 9319 9300
f 9223 9303 9199
f 9239 9320 9240
f 9252 9312 9321
f 9247 9174 9322
f 9323 9305 9236
f 9308 9323 9236
f 9289 9317 9234
f 9254 9306 9017
f 9305 9309 9265
f 9103 9126 9158
f 9238 9240 9324
f 9235 9290 9226
f 9256 9282 9311
f 9267 9250 9325
f 9311 9308 9274
f 9304 9295 9326
f 9271 9327 9328
f 9254 9017 9196
f 9218 9257 9279
f 9160 9150 9261
f 9309 9329 9290
f 9159 9160 9313
f 9251 9219 9293
f 9296 9255 9199
f 9330 9281 9270
f 9278 9239 9069
f 9329 9331 9290
f 9185 9260 9332
f 9264 9238 9324
f 9194 9271 9328
f 9316 9183 9206
f 9259 9333 9294
f 9159 9313 9334
f 9282 9263 9335
f 9331 9336 9226
f 9294 9330 9270
f 9216 9021 9030
f 9260 9227 9337
f 9259 9300 9333
f 9229 9288 9285
f 9303 9296 9199
f 9304 9326 9338
f 9295 9275 9326
f 9301 9339 9273
f 9340 9337 9341
f 9167 9342 9343
f 9292 9245 9286
f 9213 9344 9268
f 9290 9331 9226
f 9286 9273 9339
f 9083 9159 9266
f 9282 9335 9311
f 9266 9159 9345
f 9279 9346 9213
f 9341 9347 9348
f 9276 9327 9271
f 9318 9280 9349
f 9350 9289 9221
f 9249 9315 9351
f 9285 9284 9352
f 9345 9159 9334
f 9319 9353 9300
f 9337 9332 9260
f 9283 9288 9317
f 9305 9323 9354
f 9323 9308 9355
f 9202 9251 9293
f 9186 9185 9230
f 9309 9356 9357
f 9225 9292 9358
f 9302 9359 9319
f 9252 9190 9231
f 9308 9311 9360
f 9250 9249 9325
f 9278 9297 9320
f 9306 9111 9017
f 9281 9330 9299
f 9353 9333 9300
f 9361 9335 9263
f 9329 9309 9357
f 9242 9255 9296
f 9306 9362 9363
f 9253 9196 9267
f 9303 9180 9364
f 9226 9336 9257
f 9365 9173 9216
f 9219 9280 9318
f 9350 9317 9289
f 9030 9029 9366
f 9331 9329 9357
f 9216 9030 9366
f 9146 9302 9319
f 9346 9344 9213
f 9277 9361 9263
f 9266 9367 9158
f 9292 9286 9339
f 9221 9368 9350
f 9214 9181 9287
f 9367 9266 9345
f 9288 9283 9285
f 9328 9327 9369
f 9330 9294 9370
f 9247 9322 9326
f 9355 9354 9323
f 9029 9371 9366
f 9309 9354 9356
f 9360 9355 9308
f 9296 9303 9364
f 9275 9247 9326
f 9268 9344 9372
f 9302 9307 9359
f 9249 9351 9325
f 9373 9360 9311
f 9336 9331 9374
f 9328 9369 9280
f 9307 9306 9363
f 9337 9227 9341
f 9278 9320 9239
f 9312 9268 9372
f 9306 9254 9362
f 9304 9338 9081
f 9283 9317 9350
f 9336 9375 9257
f 9294 9333 9370
f 9335 9376 9311
f 9377 9370 9378
f 9231 9268 9312
f 9125 9241 9205
f 9357 9374 9331
f 9335 9379 9376
f 9291 9380 9381
f 9183 9207 9090
f 9382 9383 9384
f 9335 9361 9379
f 9165 9167 9137
f 9333 9385 9370
f 9174 9173 9365
f 9174 9386 9322
f 9367 9345 9387
f 9327 9276 9388
f 9365 9366 9389
f 9376 9373 9311
f 9264 9324 9341
f 9390 9320 9297
f 9358 9292 9391
f 9367 9387 9158
f 9392 9393 9179
f 9291 9381 9208
f 9394 9395 9388
f 9338 9326 9396
f 9346 9279 9397
f 9361 9277 9379
f 9141 9285 9276
f 9398 9241 9399
f 9339 9391 9292
f 9381 9380 9400
f 9333 9353 9385
f 9326 9401 9396
f 9369 9349 9280
f 9283 9350 9284
f 9334 9387 9345
f 9277 9402 9403
f 9404 9324 9240
f 9315 9405 9351
f 9341 9324 9404
f 9395 9369 9388
f 9406 9371 9029
f 9318 9382 9293
f 9326 9407 9408
f 9340 9341 9348
f 9409 9342 9166
f 9410 9368 9221
f 9306 9302 9111
f 9358 9029 9225
f 9411 9412 9214
f 9377 9378 9409
f 9360 9373 9413
f 9356 9414 9357
f 9355 9415 9354
f 9373 9376 9413
f 9369 9395 9349
f 9393 9180 9179
f 9248 9155 9158
f 9254 9253 9362
f 9377 9299 9370
f 9388 9285 9416
f 9364 9393 9380
f 9315 9381 9405
f 9353 9417 9418
f 9167 9419 9137
f 9326 9322 9407
f 9240 9320 9404
f 9365 9386 9174
f 9080 9246 9304
f 9374 9357 9414
f 9338 9396 9081
f 9185 9332 9230
f 9376 9379 9420
f 9344 9421 9422
f 9359 9417 9319
f 9382 9349 9383
f 9194 9328 9280
f 9365 9216 9366
f 9284 9423 9352
f 9391 9424 9358
f 9388 9276 9285
f 9346 9421 9344
f 9419 9167 9343
f 9359 9307 9425
f 9321 9312 9426
f 9374 9375 9336
f 9320 9390 9404
f 9379 9277 9403
f 9241 9081 9399
f 9307 9363 9425
f 9291 9364 9380
f 9138 9427 9287
f 9326 9408 9401
f 9415 9356 9354
f 9253 9428 9362
f 9420 9413 9376
f 9391 9339 9429
f 9375 9430 9257
f 9431 9179 9387
f 9424 9406 9358
f 9180 9393 9364
f 9299 9377 9166
f 9358 9406 9029
f 9284 9350 9423
f 9106 9125 9205
f 9299 9330 9370
f 9342 9167 9166
f 9341 9404 9432
f 9433 9339 9301
f 9369 9327 9388
f 9414 9434 9435
f 9227 9264 9341
f 9277 9293 9402
f 9436 9397 9257
f 9372 9426 9312
f 9372 9422 9437
f 9353 9418 9385
f 9381 9315 9208
f 9291 9296 9364
f 9285 9352 9416
f 9310 9438 9262
f 9403 9420 9379
f 9342 9409 9439
f 9424 9391 9429
f 9417 9359 9440
f 9325 9351 9441
f 9353 9319 9417
f 9230 9340 9442
f 9405 9381 9400
f 9430 9375 9435
f 9325 9443 9267
f 9363 9444 9425
f 9413 9420 9445
f 9363 9362 9444
f 9362 9428 9446
f 9374 9435 9375
f 9257 9447 9436
f 9346 9397 9421
f 9322 9386 9407
f 9386 9365 9448
f 9390 9432 9404
f 9293 9382 9402
f 9417 9449 9418
f 9269 9314 9298
f 9370 9385 9378
f 9419 9138 9137
f 9360 9413 9450
f 9351 9451 9441
f 9374 9414 9435
f 9432 9452 9347
f 9410 9221 9230
f 9355 9360 9450
f 9390 9297 9453
f 9400 9454 9451
f 9455 9456 9457
f 9425 9440 9359
f 9397 9279 9257
f 9431 9387 9334
f 9368 9410 9458
f 9365 9389 9459
f 9441 9443 9325
f 9350 9458 9423
f 9443 9253 9267
f 9321 9433 9301
f 9385 9418 9460
f 9461 9431 9334
f 9444 9362 9446
f 9443 9428 9253
f 9332 9337 9340
f 9352 9462 9416
f 9429 9463 9424
f 9261 9316 9310
f 9316 9464 9310
f 9465 9466 9453
f 9445 9450 9413
f 9436 9447 9467
f 9401 9468 9396
f 9386 9448 9407
f 9406 9424 9469
f 9470 9392 9431
f 9394 9388 9416
f 9166 9377 9409
f 9435 9471 9430
f 9426 9372 9472
f 9351 9473 9451
f 9366 9371 9474
f 9448 9365 9459
f 9420 9403 9475
f 9350 9368 9458
f 9355 9450 9415
f 9441 9451 9476
f 9356 9477 9456
f 9309 9305 9354
f 9334 9478 9479
f 9475 9445 9420
f 9480 9458 9410
f 9400 9393 9392
f 9344 9422 9372
f 9397 9436 9421
f 9341 9432 9347
f 9433 9481 9429
f 9473 9405 9400
f 9432 9390 9452
f 9465 9298 9482
f 9417 9440 9449
f 9314 9412 9483
f 9449 9460 9418
f 9476 9443 9441
f 9463 9469 9424
f 9440 9425 9484
f 9427 9485 9486
f 9351 9405 9473
f 9425 9444 9484
f 9426 9433 9321
f 9297 9278 9269
f 9382 9318 9349
f 9487 9390 9453
f 9334 9313 9478
f 9352 9488 9462
f 9444 9489 9484
f 9382 9384 9402
f 9470 9490 9491
f 9472 9372 9437
f 9461 9334 9479
f 9257 9492 9447
f 9465 9453 9297
f 9473 9400 9451
f 9472 9493 9426
f 9371 9494 9474
f 9434 9495 9435
f 9440 9484 9449
f 9471 9435 9495
f 9401 9408 9496
f 9468 9399 9081
f 9471 9492 9430
f 9189 9412 9314
f 9487 9452 9390
f 9497 9475 9403
f 9423 9458 9488
f 9392 9179 9431
f 9403 9402 9498
f 9407 9448 9499
f 9485 9427 9138
f 9387 9179 9158
f 9468 9081 9396
f 9500 9443 9476
f 9450 9445 9501
f 9400 9380 9393
f 9433 9429 9339
f 9502 9503 9504
f 9444 9446 9489
f 9439 9409 9378
f 9498 9497 9403
f 9348 9347 9505
f 9378 9385 9460
f 9189 9214 9412
f 9506 9460 9449
f 9421 9436 9467
f 9481 9463 9429
f 9410 9504 9507
f 9415 9508 9356
f 9419 9509 9485
f 9496 9407 9499
f 9384 9383 9510
f 9468 9511 9399
f 9378 9512 9439
f 9443 9500 9428
f 9356 9456 9414
f 9352 9423 9488
f 9513 9510 9383
f 9347 9452 9514
f 9469 9463 9481
f 9348 9505 9442
f 9515 9478 9313
f 9516 9433 9517
f 9460 9512 9378
f 9480 9410 9507
f 9421 9467 9518
f 9230 9332 9340
f 9519 9476 9451
f 9445 9475 9501
f 9342 9439 9520
f 9480 9488 9458
f 9521 9461 9479
f 9452 9522 9514
f 9498 9523 9524
f 9321 9301 9252
f 9492 9471 9495
f 9451 9454 9519
f 9257 9430 9492
f 9241 9525 9205
f 9455 9434 9456
f 9476 9519 9500
f 9408 9407 9496
f 9501 9415 9450
f 9416 9526 9394
f 9472 9437 9527
f 9514 9505 9347
f 9419 9485 9138
f 9511 9528 9399
f 9506 9529 9530
f 9512 9506 9530
f 9531 9314 9483
f 9508 9477 9356
f 9493 9472 9527
f 9490 9431 9461
f 9241 9398 9525
f 9532 9501 9533
f 9410 9502 9504
f 9490 9470 9431
f 9529 9484 9489
f 9534 9496 9499
f 9422 9421 9518
f 9433 9516 9481
f 9495 9434 9455
f 9489 9446 9535
f 9366 9536 9537
f 9538 9535 9446
f 9539 9411 9427
f 9262 9515 9313
f 9383 9395 9394
f 9481 9540 9469
f 9500 9538 9428
f 9497 9541 9542
f 9371 9469 9494
f 9509 9419 9343
f 9262 9438 9515
f 9498 9543 9523
f 9522 9544 9514
f 9484 9506 9449
f 9538 9446 9428
f 9531 9545 9546
f 9547 9538 9548
f 9496 9511 9401
f 9437 9549 9527
f 9261 9207 9316
f 9495 9550 9492
f 9551 9552 9553
f 9448 9459 9499
f 9531 9483 9545
f 9488 9480 9554
f 9416 9555 9526
f 9529 9547 9530
f 9453 9522 9487
f 9556 9438 9557
f 9534 9558 9496
f 9547 9559 9530
f 9392 9454 9400
f 9411 9214 9287
f 9560 9394 9561
f 9442 9340 9348
f 9343 9342 9520
f 9501 9562 9533
f 9540 9494 9469
f 9422 9563 9437
f 9564 9565 9509
f 9505 9514 9566
f 9459 9567 9499
f 9427 9411 9287
f 9493 9517 9433
f 9512 9568 9520
f 9497 9569 9541
f 9394 9526 9561
f 9459 9389 9567
f 9503 9502 9442
f 9411 9570 9483
f 9544 9571 9514
f 9343 9520 9564
f 9525 9206 9205
f 9508 9415 9572
f 9569 9498 9524
f 9477 9508 9572
f 9511 9468 9401
f 9498 9402 9543
f 9371 9406 9469
f 9447 9492 9573
f 9574 9516 9517
f 9547 9535 9538
f 9529 9489 9547
f 9575 9576 9577
f 9415 9501 9532
f 9540 9574 9578
f 9539 9427 9486
f 9567 9579 9580
f 9555 9416 9462
f 9581 9555 9462
f 9550 9573 9492
f 9582 9534 9499
f 9496 9558 9511
f 9558 9534 9582
f 9511 9558 9583
f 9502 9230 9442
f 9515 9438 9556
f 9581 9584 9555
f 9455 9585 9495
f 9550 9495 9585
f 9582 9499 9586
f 9527 9549 9587
f 9452 9487 9522
f 9484 9529 9506
f 9512 9520 9439
f 9571 9566 9514
f 9522 9453 9466
f 9507 9554 9480
f 9538 9500 9519
f 9560 9513 9383
f 9457 9572 9588
f 9464 9316 9206
f 9366 9537 9389
f 9457 9588 9589
f 9497 9498 9569
f 9383 9349 9395
f 9415 9532 9572
f 9493 9527 9517
f 9343 9564 9509
f 9422 9518 9563
f 9384 9510 9543
f 9567 9537 9579
f 9590 9591 9206
f 9573 9467 9447
f 9558 9592 9583
f 9528 9511 9593
f 9466 9544 9522
f 9433 9426 9493
f 9494 9578 9576
f 9532 9533 9594
f 9466 9465 9595
f 9549 9596 9587
f 9554 9462 9488
f 9526 9584 9561
f 9593 9511 9583
f 9470 9597 9454
f 9573 9550 9585
f 9557 9310 9598
f 9599 9541 9569
f 9524 9599 9569
f 9536 9474 9575
f 9398 9399 9528
f 9474 9494 9576
f 9475 9497 9542
f 9540 9516 9574
f 9548 9454 9597
f 9411 9483 9412
f 9464 9598 9310
f 9563 9518 9600
f 9554 9507 9601
f 9298 9602 9482
f 9603 9604 9581
f 9560 9383 9394
f 9509 9565 9605
f 9582 9606 9607
f 9568 9512 9530
f 9566 9571 9608
f 9564 9520 9609
f 9460 9506 9512
f 9590 9206 9525
f 9543 9610 9611
f 9585 9455 9612
f 9457 9477 9572
f 9411 9539 9570
f 9465 9297 9298
f 9613 9571 9544
f 9570 9539 9486
f 9392 9470 9454
f 9536 9366 9474
f 9489 9535 9547
f 9402 9384 9543
f 9614 9559 9548
f 9559 9547 9548
f 9544 9466 9613
f 9564 9615 9565
f 9526 9555 9584
f 9576 9575 9474
f 9454 9538 9519
f 9554 9601 9462
f 9566 9553 9505
f 9520 9568 9609
f 9527 9587 9517
f 9564 9609 9615
f 9616 9479 9478
f 9568 9617 9609
f 9585 9618 9573
f 9619 9620 9617
f 9567 9389 9537
f 9470 9491 9597
f 9621 9478 9515
f 9467 9573 9622
f 9623 9601 9507
f 9590 9525 9624
f 9457 9456 9477
f 9593 9398 9528
f 9582 9586 9606
f 9625 9626 9627
f 9628 9588 9572
f 9541 9599 9629
f 9499 9580 9586
f 9540 9481 9516
f 9521 9490 9461
f 9595 9613 9466
f 9551 9630 9631
f 9626 9574 9517
f 9457 9589 9455
f 9560 9632 9513
f 9630 9633 9631
f 9541 9562 9542
f 9591 9464 9206
f 9536 9575 9634
f 9618 9585 9612
f 9599 9524 9635
f 9611 9636 9637
f 9437 9563 9638
f 9558 9607 9592
f 9491 9490 9639
f 9621 9616 9478
f 9314 9531 9298
f 9638 9563 9600
f 9475 9542 9562
f 9591 9590 9640
f 9502 9410 9230
f 9618 9622 9573
f 9504 9623 9507
f 9434 9414 9456
f 9593 9641 9398
f 9558 9582 9607
f 9601 9623 9603
f 9617 9620 9609
f 9580 9606 9586
f 9619 9614 9642
f 9524 9523 9635
f 9575 9577 9634
f 9467 9600 9518
f 9531 9602 9298
f 9629 9643 9541
f 9557 9598 9644
f 9639 9490 9521
f 9643 9562 9541
f 9454 9548 9538
f 9606 9645 9607
f 9635 9629 9599
f 9531 9546 9602
f 9620 9646 9647
f 9553 9648 9649
f 9608 9551 9553
f 9510 9632 9610
f 9559 9617 9530
f 9641 9650 9398
f 9587 9596 9517
f 9494 9540 9578
f 9501 9475 9562
f 9613 9595 9630
f 9651 9639 9521
f 9595 9465 9633
f 9635 9523 9611
f 9608 9571 9630
f 9616 9521 9479
f 9640 9624 9652
f 9618 9653 9654
f 9576 9655 9577
f 9532 9628 9572
f 9655 9625 9656
f 9645 9606 9657
f 9646 9619 9642
f 9530 9617 9568
f 9566 9608 9553
f 9645 9658 9607
f 9659 9603 9623
f 9642 9614 9491
f 9592 9607 9658
f 9660 9625 9627
f 9594 9661 9532
f 9596 9549 9662
f 9650 9641 9624
f 9663 9589 9628
f 9503 9664 9665
f 9584 9666 9561
f 9626 9517 9627
f 9499 9567 9580
f 9615 9667 9565
f 9615 9620 9647
f 9589 9612 9455
f 9635 9611 9637
f 9630 9595 9633
f 9583 9592 9641
f 9668 9437 9638
f 9632 9666 9669
f 9651 9521 9616
f 9589 9670 9612
f 9671 9672 9673
f 9467 9674 9600
f 9622 9618 9654
f 9398 9650 9525
f 9623 9504 9675
f 9571 9613 9630
f 9643 9629 9676
f 9645 9677 9658
f 9562 9643 9678
f 9557 9438 9310
f 9467 9622 9674
f 9629 9635 9676
f 9576 9578 9655
f 9581 9679 9584
f 9510 9513 9632
f 9620 9619 9646
f 9662 9680 9596
f 9618 9612 9653
f 9596 9680 9517
f 9560 9561 9666
f 9533 9562 9681
f 9549 9682 9662
f 9675 9659 9623
f 9683 9684 9685
f 9603 9462 9601
f 9670 9589 9663
f 9593 9583 9641
f 9614 9548 9597
f 9603 9659 9604
f 9650 9624 9525
f 9551 9608 9630
f 9686 9638 9600
f 9615 9647 9667
f 9687 9669 9666
f 9556 9557 9688
f 9619 9559 9614
f 9639 9642 9491
f 9645 9657 9677
f 9646 9642 9689
f 9663 9628 9690
f 9668 9638 9686
f 9691 9605 9565
f 9643 9676 9678
f 9553 9442 9505
f 9594 9533 9692
f 9589 9588 9628
f 9693 9556 9688
f 9691 9694 9570
f 9543 9510 9610
f 9678 9681 9562
f 9675 9504 9695
f 9672 9696 9673
f 9640 9464 9591
f 9697 9696 9672
f 9532 9698 9628
f 9637 9676 9635
f 9551 9699 9552
f 9577 9655 9656
f 9614 9597 9491
f 9696 9580 9579
f 9661 9594 9700
f 9701 9611 9610
f 9642 9651 9702
f 9681 9692 9533
f 9697 9657 9696
f 9703 9651 9616
f 9605 9485 9509
f 9657 9697 9677
f 9537 9634 9579
f 9532 9661 9698
f 9659 9675 9604
f 9692 9700 9594
f 9609 9620 9615
f 9557 9644 9688
f 9592 9658 9641
f 9651 9703 9702
f 9619 9617 9559
f 9682 9704 9662
f 9556 9693 9621
f 9670 9653 9612
f 9581 9705 9679
f 9605 9570 9486
f 9680 9662 9706
f 9545 9483 9570
f 9700 9698 9661
f 9704 9706 9662
f 9663 9707 9670
f 9656 9708 9579
f 9670 9709 9653
f 9639 9651 9642
f 9668 9549 9437
f 9581 9604 9705
f 9552 9710 9648
f 9680 9627 9517
f 9634 9577 9579
f 9603 9581 9462
f 9711 9712 9683
f 9677 9697 9672
f 9640 9598 9464
f 9482 9685 9465
f 9622 9654 9674
f 9676 9713 9678
f 9679 9687 9666
f 9653 9714 9654
f 9605 9486 9485
f 9683 9602 9546
f 9678 9715 9716
f 9626 9578 9574
f 9664 9717 9718
f 9676 9637 9713
f 9694 9545 9570
f 9719 9604 9675
f 9681 9678 9716
f 9537 9536 9634
f 9647 9720 9667
f 9632 9560 9666
f 9721 9660 9627
f 9707 9663 9722
f 9641 9723 9624
f 9724 9725 9703
f 9692 9681 9726
f 9709 9670 9707
f 9633 9727 9631
f 9672 9728 9677
f 9729 9730 9731
f 9668 9682 9549
f 9700 9692 9732
f 9729 9733 9734
f 9704 9682 9735
f 9642 9702 9689
f 9714 9674 9654
f 9523 9543 9611
f 9640 9688 9644
f 9553 9552 9648
f 9698 9700 9732
f 9706 9704 9735
f 9736 9699 9631
f 9699 9551 9631
f 9701 9610 9737
f 9738 9722 9663
f 9739 9740 9741
f 9604 9742 9705
f 9636 9713 9637
f 9743 9610 9632
f 9633 9744 9727
f 9695 9719 9675
f 9580 9657 9606
f 9706 9745 9680
f 9728 9672 9671
f 9716 9726 9681
f 9714 9653 9746
f 9709 9746 9653
f 9667 9720 9691
f 9503 9553 9649
f 9690 9738 9663
f 9725 9702 9703
f 9724 9703 9621
f 9728 9747 9677
f 9726 9732 9692
f 9680 9745 9627
f 9655 9626 9625
f 9611 9701 9636
f 9677 9747 9658
f 9556 9621 9515
f 9674 9748 9600
f 9683 9685 9482
f 9749 9750 9751
f 9720 9647 9689
f 9579 9673 9696
f 9752 9671 9673
f 9746 9709 9707
f 9690 9628 9698
f 9753 9713 9636
f 9754 9755 9756
f 9757 9758 9759
f 9735 9760 9706
f 9671 9761 9728
f 9674 9714 9746
f 9762 9707 9722
f 9763 9679 9729
f 9657 9580 9696
f 9713 9715 9678
f 9641 9658 9764
f 9604 9719 9742
f 9715 9713 9753
f 9686 9750 9668
f 9553 9503 9442
f 9747 9728 9761
f 9552 9699 9710
f 9726 9716 9765
f 9636 9701 9766
f 9667 9691 9565
f 9640 9644 9598
f 9602 9683 9482
f 9767 9768 9769
f 9707 9762 9746
f 9770 9732 9765
f 9763 9729 9731
f 9689 9647 9646
f 9771 9748 9674
f 9766 9753 9636
f 9633 9685 9744
f 9743 9632 9669
f 9732 9726 9765
f 9750 9686 9751
f 9736 9727 9772
f 9691 9773 9694
f 9684 9683 9712
f 9715 9774 9716
f 9746 9771 9674
f 9735 9682 9775
f 9776 9777 9712
f 9698 9732 9770
f 9738 9778 9722
f 9761 9671 9752
f 9687 9763 9779
f 9706 9760 9745
f 9649 9664 9503
f 9658 9747 9764
f 9626 9655 9578
f 9719 9695 9780
f 9763 9687 9679
f 9748 9781 9751
f 9684 9744 9685
f 9758 9782 9759
f 9722 9781 9762
f 9771 9746 9762
f 9754 9756 9694
f 9660 9656 9625
f 9693 9783 9784
f 9752 9673 9785
f 9685 9633 9465
f 9786 9787 9788
f 9789 9736 9772
f 9743 9790 9610
f 9687 9779 9669
f 9760 9791 9745
f 9790 9737 9610
f 9781 9792 9751
f 9780 9742 9719
f 9793 9766 9701
f 9794 9779 9763
f 9694 9756 9545
f 9737 9793 9701
f 9761 9795 9796
f 9783 9693 9688
f 9789 9772 9797
f 9605 9691 9570
f 9798 9721 9745
f 9748 9771 9762
f 9764 9799 9800
f 9690 9739 9801
f 9584 9679 9666
f 9649 9648 9782
f 9686 9600 9748
f 9736 9631 9727
f 9781 9802 9803
f 9777 9684 9712
f 9759 9804 9805
f 9806 9794 9763
f 9750 9682 9668
f 9711 9807 9712
f 9774 9765 9716
f 9778 9808 9809
f 9810 9720 9689
f 9703 9616 9621
f 9779 9794 9811
f 9812 9724 9693
f 9751 9686 9748
f 9753 9766 9813
f 9725 9724 9812
f 9664 9649 9782
f 9688 9652 9814
f 9665 9780 9695
f 9781 9803 9815
f 9779 9816 9669
f 9761 9752 9795
f 9778 9809 9802
f 9756 9711 9545
f 9806 9763 9731
f 9641 9764 9723
f 9727 9744 9772
f 9744 9684 9817
f 9579 9818 9673
f 9764 9747 9799
f 9740 9739 9690
f 9729 9705 9733
f 9759 9768 9819
f 9577 9656 9579
f 9702 9725 9820
f 9790 9821 9822
f 9823 9708 9824
f 9825 9822 9826
f 9785 9827 9752
f 9748 9762 9781
f 9828 9811 9794
f 9766 9793 9813
f 9723 9829 9624
f 9794 9806 9828
f 9778 9738 9808
f 9656 9830 9708
f 9752 9827 9795
f 9793 9737 9825
f 9503 9695 9504
f 9693 9724 9621
f 9705 9729 9679
f 9782 9648 9710
f 9811 9831 9816
f 9832 9754 9773
f 9817 9772 9744
f 9624 9829 9652
f 9782 9717 9664
f 9790 9743 9821
f 9721 9627 9745
f 9833 9834 9835
f 9834 9836 9735
f 9837 9688 9814
f 9737 9790 9822
f 9781 9778 9802
f 9791 9798 9745
f 9785 9838 9839
f 9747 9796 9799
f 9840 9825 9826
f 9640 9590 9624
f 9834 9735 9775
f 9812 9841 9842
f 9843 9720 9810
f 9715 9753 9774
f 9811 9828 9844
f 9664 9718 9665
f 9731 9845 9846
f 9751 9847 9749
f 9789 9769 9736
f 9705 9848 9733
f 9828 9849 9844
f 9825 9813 9793
f 9749 9775 9750
f 9844 9850 9811
f 9795 9827 9839
f 9777 9817 9684
f 9837 9783 9688
f 9759 9769 9768
f 9503 9665 9695
f 9828 9806 9849
f 9780 9665 9851
f 9812 9693 9784
f 9827 9785 9839
f 9753 9813 9774
f 9772 9817 9797
f 9829 9723 9800
f 9852 9853 9854
f 9789 9767 9769
f 9855 9856 9857
f 9673 9818 9785
f 9710 9699 9736
f 9858 9767 9859
f 9689 9702 9820
f 9860 9792 9815
f 9861 9652 9829
f 9656 9721 9830
f 9723 9764 9800
f 9836 9834 9833
f 9829 9800 9861
f 9742 9780 9848
f 9862 9833 9835
f 9669 9816 9821
f 9863 9807 9864
f 9865 9795 9866
f 9851 9848 9780
f 9798 9830 9721
f 9669 9821 9743
f 9689 9820 9810
f 9738 9690 9801
f 9836 9760 9735
f 9718 9851 9665
f 9777 9797 9817
f 9867 9810 9842
f 9788 9841 9784
f 9843 9773 9691
f 9656 9660 9721
f 9850 9844 9868
f 9740 9698 9770
f 9810 9820 9842
f 9731 9846 9849
f 9785 9869 9838
f 9836 9870 9871
f 9769 9710 9736
f 9751 9792 9847
f 9767 9858 9768
f 9820 9812 9842
f 9813 9825 9840
f 9840 9774 9813
f 9718 9717 9872
f 9868 9857 9850
f 9867 9843 9810
f 9865 9796 9795
f 9740 9690 9698
f 9792 9860 9847
f 9711 9546 9545
f 9806 9731 9849
f 9873 9759 9819
f 9850 9831 9811
f 9705 9742 9848
f 9821 9874 9822
f 9870 9875 9871
f 9720 9843 9691
f 9782 9769 9759
f 9862 9870 9833
f 9800 9876 9861
f 9877 9862 9878
f 9839 9838 9866
f 9843 9832 9773
f 9791 9824 9879
f 9848 9880 9733
f 9738 9801 9808
f 9776 9712 9881
f 9840 9826 9882
f 9797 9777 9776
f 9708 9879 9824
f 9830 9798 9879
f 9754 9694 9773
f 9768 9858 9883
f 9731 9730 9845
f 9774 9840 9765
f 9767 9797 9776
f 9758 9717 9782
f 9847 9835 9775
f 9851 9718 9880
f 9760 9836 9791
f 9788 9884 9841
f 9792 9781 9815
f 9640 9652 9688
f 9857 9868 9885
f 9825 9737 9822
f 9868 9849 9886
f 9747 9761 9796
f 9846 9887 9849
f 9834 9775 9835
f 9872 9880 9718
f 9888 9889 9890
f 9883 9891 9892
f 9841 9890 9842
f 9867 9842 9890
f 9870 9862 9877
f 9799 9876 9800
f 9801 9739 9741
f 9781 9722 9778
f 9847 9860 9853
f 9848 9851 9880
f 9893 9894 9740
f 9889 9867 9890
f 9768 9883 9819
f 9852 9854 9895
f 9868 9844 9849
f 9877 9878 9896
f 9838 9897 9866
f 9858 9859 9891
f 9836 9833 9870
f 9775 9682 9750
f 9898 9885 9868
f 9877 9899 9870
f 9900 9808 9801
f 9900 9809 9808
f 9847 9853 9835
f 9757 9759 9805
f 9795 9839 9866
f 9832 9889 9754
f 9840 9882 9765
f 9791 9879 9798
f 9841 9812 9784
f 9841 9901 9890
f 9838 9869 9897
f 9802 9809 9900
f 9902 9786 9788
f 9749 9847 9775
f 9874 9903 9904
f 9853 9815 9854
f 9859 9767 9776
f 9905 9906 9861
f 9819 9907 9908
f 9796 9905 9799
f 9897 9909 9866
f 9908 9873 9819
f 9755 9711 9756
f 9876 9799 9905
f 9907 9883 9892
f 9801 9741 9900
f 9729 9734 9730
f 9850 9857 9856
f 9880 9872 9910
f 9911 9898 9912
f 9871 9913 9791
f 9779 9811 9816
f 9911 9885 9898
f 9832 9843 9867
f 9758 9910 9872
f 9820 9725 9812
f 9758 9872 9717
f 9914 9882 9826
f 9870 9899 9875
f 9886 9898 9868
f 9869 9915 9897
f 9708 9830 9879
f 9740 9894 9741
f 9916 9917 9869
f 9883 9858 9891
f 9734 9733 9918
f 9919 9908 9907
f 9910 9733 9880
f 9920 9921 9922
f 9911 9923 9924
f 9920 9922 9912
f 9823 9824 9925
f 9900 9926 9802
f 9920 9912 9927
f 9919 9907 9892
f 9928 9929 9908
f 9835 9853 9852
f 9911 9922 9923
f 9873 9929 9930
f 9855 9857 9885
f 9905 9931 9906
f 9911 9912 9922
f 9877 9896 9921
f 9784 9783 9837
f 9765 9932 9770
f 9850 9856 9831
f 9818 9869 9785
f 9908 9919 9928
f 9909 9897 9933
f 9922 9921 9896
f 9803 9802 9934
f 9876 9905 9861
f 9862 9835 9878
f 9831 9856 9935
f 9807 9881 9712
f 9881 9859 9776
f 9898 9936 9912
f 9882 9932 9765
f 9910 9918 9733
f 9905 9865 9931
f 9910 9757 9918
f 9741 9937 9900
f 9933 9915 9917
f 9938 9939 9940
f 9871 9941 9913
f 9859 9881 9942
f 9943 9875 9899
f 9855 9935 9856
f 9865 9866 9944
f 9831 9935 9874
f 9929 9928 9945
f 9946 9931 9947
f 9920 9927 9921
f 9818 9948 9869
f 9852 9895 9949
f 9933 9917 9950
f 9815 9803 9934
f 9888 9890 9901
f 9855 9885 9924
f 9926 9934 9802
f 9882 9914 9932
f 9898 9886 9936
f 9873 9908 9929
f 9821 9831 9874
f 9925 9824 9791
f 9922 9896 9923
f 9918 9730 9734
f 9836 9871 9791
f 9945 9930 9929
f 9885 9911 9924
f 9807 9942 9881
f 9889 9755 9754
f 9919 9951 9952
f 9953 9921 9927
f 9889 9832 9867
f 9954 9945 9928
f 9932 9893 9740
f 9923 9878 9955
f 9841 9884 9901
f 9956 9904 9903
f 9835 9852 9878
f 9935 9855 9957
f 9926 9900 9937
f 9874 9957 9903
f 9934 9854 9815
f 9767 9789 9797
f 9932 9740 9770
f 9933 9897 9915
f 9949 9878 9852
f 9865 9944 9931
f 9943 9941 9875
f 9923 9955 9924
f 9945 9954 9958
f 9901 9884 9959
f 9807 9863 9942
f 9888 9960 9864
f 9887 9886 9849
f 9826 9822 9874
f 9904 9914 9826
f 9915 9869 9917
f 9928 9919 9952
f 9788 9837 9814
f 9883 9907 9819
f 9814 9652 9861
f 9906 9931 9946
f 9930 9958 9961
f 9579 9708 9823
f 9912 9936 9927
f 9909 9933 9944
f 9788 9784 9837
f 9913 9962 9925
f 9913 9925 9791
f 9845 9918 9963
f 9923 9896 9878
f 9910 9758 9757
f 9906 9814 9861
f 9964 9958 9954
f 9942 9891 9859
f 9904 9826 9874
f 9965 9863 9966
f 9845 9730 9918
f 9579 9823 9818
f 9757 9805 9963
f 9871 9875 9941
f 9952 9954 9928
f 9956 9893 9932
f 9934 9926 9967
f 9958 9964 9968
f 9925 9962 9823
f 9960 9888 9901
f 9933 9950 9944
f 9821 9816 9831
f 9878 9949 9955
f 9906 9946 9814
f 9950 9917 9969
f 9932 9914 9956
f 9884 9788 9787
f 9955 9949 9895
f 9854 9934 9967
f 9937 9967 9926
f 9930 9945 9958
f 9853 9860 9815
f 9968 9961 9958
f 9755 9807 9711
f 9918 9757 9963
f 9924 9955 9957
f 9905 9796 9865
f 9891 9942 9965
f 9927 9970 9953
f 9965 9966 9971
f 9955 9895 9957
f 9914 9904 9956
f 9972 9968 9964
f 9973 9917 9916
f 9855 9924 9957
f 9963 9846 9845
f 9974 9964 9954
f 9953 9877 9921
f 9899 9953 9970
f 9975 9895 9854
f 9965 9892 9891
f 9956 9903 9976
f 9874 9935 9957
f 9976 9894 9893
f 9977 9978 9948
f 9873 9940 9759
f 9962 9979 9823
f 9962 9980 9979
f 9981 9982 9968
f 9961 9968 9982
f 9978 9869 9948
f 9741 9983 9937
f 9866 9909 9944
f 9894 9984 9741
f 9985 9981 9968
f 9893 9956 9976
f 9950 9986 9944
f 9919 9971 9951
f 9967 9937 9987
f 9711 9683 9546
f 9887 9988 9886
f 9968 9972 9985
f 9755 9864 9807
f 9854 9967 9975
f 9965 9942 9863
f 9967 9987 9975
f 9960 9901 9959
f 9902 9814 9946
f 9892 9965 9971
f 9954 9952 9974
f 9984 9983 9741
f 9981 9985 9989
f 9957 9975 9903
f 9887 9990 9988
f 9889 9888 9755
f 9973 9916 9991
f 9992 9984 9894
f 9993 9938 9982
f 9963 9805 9990
f 9994 9863 9864
f 9887 9963 9990
f 9946 9947 9902
f 9972 9995 9996
f 9894 9976 9992
f 9950 9997 9986
f 9983 9998 9987
f 9987 9998 9975
f 9983 9987 9937
f 9895 9975 9957
f 9999 9992 9903
f 9962 9913 9980
f 9970 10000 9943
f 9887 9846 9963
f 9902 9788 9814
f 9992 9983 9984
f 9976 9903 9992
f 9931 9944 9947
f 9972 9974 9995
f 9786 9902 9997
f 9999 9975 9998
f 9975 9999 9903
f 9988 10001 9886
f 9999 9998 9983
f 9973 9969 9917
f 9994 9864 9960
f 9989 10002 10003
f 9961 9982 9938
f 9999 9983 9992
f 9782 9710 9769
f 9888 9864 9755
f 9959 9786 10004
f 9913 9941 9980
f 9930 9961 9940
f 9985 9972 9996
f 9902 9947 9986
f 9979 10005 9818
f 9989 9982 9981
f 9989 9991 9993
f 9971 10006 9951
f 9787 9786 9959
f 9979 9818 9823
f 10007 9973 9991
f 10008 10004 10009
f 9805 9804 9990
f 9966 10010 10006
f 9916 9869 9978
f 10007 10008 10009
f 9989 10007 9991
f 9986 9947 9944
f 9989 9993 9982
f 9990 9804 10011
f 10002 10008 10003
f 9966 9863 10010
f 9989 10003 10007
f 9919 9892 9971
f 10012 9974 9952
f 9966 10006 9971
f 10013 9960 9959
f 9994 10010 9863
f 9936 10014 9927
f 10003 10008 10007
f 9988 9990 10001
f 9980 9941 10015
f 10016 10011 9804
f 10010 10017 10018
f 9973 10007 10009
f 9916 9993 9991
f 9985 10002 9989
f 10019 9959 10004
f 10012 9952 9951
f 9943 9899 9970
f 9972 9964 9974
f 9979 10015 10005
f 9960 10013 9994
f 9940 9804 9759
f 10011 10001 9990
f 10020 10019 10021
f 10014 10022 9927
f 9950 9969 9997
f 10010 9994 10017
f 10023 10016 9804
f 9979 9980 10015
f 10010 10012 10006
f 10022 9970 9927
f 10001 10011 10016
f 9786 9997 10009
f 9902 9986 9997
f 9973 10009 9997
f 9936 10024 10014
f 9993 10025 9938
f 10012 9951 10006
f 9959 9884 9787
f 9969 9973 9997
f 9953 9899 9877
f 9959 10019 10013
f 10022 10026 9970
f 9943 10015 9941
f 9940 10023 9804
f 10024 10001 10016
f 10010 10018 10012
f 9993 9916 10025
f 9961 9938 9940
f 9974 10018 9995
f 10005 10015 10027
f 10004 9786 10009
f 9873 9930 9940
f 9985 9996 10002
f 9916 9978 10025
f 9936 10001 10024
f 10024 10016 10023
f 10028 9977 9948
f 10023 9940 10029
f 10000 10030 10027
f 9994 10013 10017
f 10031 10008 10002
f 10008 10031 10004
f 9970 10032 10000
f 9974 10012 10018
f 9977 10033 9978
f 10026 10032 9970
f 10013 10020 10017
f 10020 10021 9996
f 9936 9886 10001
f 9943 10027 10015
f 10033 10025 9978
f 10027 10030 10034
f 9939 10035 10036
f 10025 9939 9938
f 9943 10000 10027
f 10017 9995 10018
f 10013 10019 10020
f 10017 10020 9996
f 10029 10024 10023
f 10005 10034 10028
f 10028 9948 10005
f 10028 10034 10037
f 9996 9995 10017
f 10038 10029 10036
f 10002 9996 10021
f 10029 9940 10036
f 10005 10027 10034
f 9940 9939 10036
f 10032 10039 10000
f 10019 10004 10031
f 10031 10002 10021
f 9948 9818 10005
f 10038 10014 10024
f 10024 10029 10038
f 10038 10036 10040
f 10019 10031 10021
f 10041 9977 10028
f 10030 10000 10039
f 10025 10033 9939
f 10040 10022 10014
f 10014 10038 10040
f 10026 10042 10032
f 10022 10043 10026
f 10034 10030 10039
f 10041 10028 10037
f 10041 10035 9939
f 9977 10041 10033
f 10039 10032 10042
f 10022 10044 10043
f 10036 10044 10040
f 10042 10026 10043
f 10035 10044 10036
f 10022 10040 10044
f 10034 10039 10037
f 10041 9939 10033
f 10042 10037 10039
f 10035 10043 10044
f 10043 10035 10042
f 10041 10037 10035
f 10037 10042 10035
