v -0.044407646970422 0.0583791799287364 0.0111310177615737
v -0.0650816434078618 -0.191666945018538 -0.0210116211719754
v -0.0631245114305153 0.0963083553145077 -0.0158165879210816
v -0.00636424943186211 0.0856539054161338 -0.0861502959331281
v -0.00510907929414008 0.0424420623802692 -0.0875196181826908
v -0.0368351260417966 0.0672267081779635 -0.0561610003136162
v -0.0464570633573599 0.016563639012255 0.0115173793563631
v -0.061200290496103 0.0450310607940608 -0.0238835601111406
v -0.00295262800857547 7.44070417174785e-05 -0.0894094758214999
v -0.0364632827191843 0.0246766098392175 -0.057685282557223
v -0.00435202228182582 0.129989558835288 -0.0875189556044347
v -0.035473535537503 0.111063890670786 -0.0569354671562494
v -0.0690363696212064 0.00816108720107695 -0.0200758591657681
v -0.0657281268014858 -0.0185153027940124 -0.0328833792537531
v -0.0857145755116283 -0.0151256917332975 -0.0197469996883554
v -0.039244688703642 -0.0172831518079121 -0.0566134224791062
v -0.0337352182012685 -0.0599208176763545 -0.0630960120303138
v -0.065652842565671 -0.0402188568470737 -0.0342174193852674
v -0.00485535382817146 -0.0411460122762913 -0.0891553601029688
v -0.00321626905448432 0.173680969002736 -0.0879733008912688
v -0.0318950685662367 0.1543396539961 -0.059994187286075
v -0.0546983295314741 0.175234308591898 0.00185848525841438
v -0.0584512171878241 0.307521963334436 -0.0307157313592267
v -0.0637103383137999 0.222744516673848 -0.0213680034808273
v -0.0969971555993536 0.00602376695534135 0.00345462121310516
v -0.104839525812742 -0.0235133004130893 -0.011017236687356
v -0.132065371299127 -0.00779899939389575 0.00744359316085858
v -0.121944991610841 0.0326670906517244 0.0356923600533347
v 0.0649670490797185 0.0998087198687665 -0.0528854674225524
v 0.0696088611821039 0.0570653819620015 -0.0426894486912953
v -0.174303764566953 0.00371443415392135 0.0491994068322567
v -0.00257990165501185 -0.082405184327981 -0.0903940368405337
v -0.00383108663802412 0.216817698033974 -0.0870175400927935
v -0.0314916308022474 0.19672353969607 -0.0599345302743433
v 0.0662308973387723 0.115600947703427 0.0345616365588657
v 0.0300933998435354 0.126650331840961 0.0670588738739514
v 0.0291860288654371 0.0846549798601065 0.0686335032748786
v 0.0899100713002204 0.109441955370719 -0.0597004620045056
v 0.0828459999029699 0.0896682445818435 -0.0549243671438915
v -0.0021845283770992 -0.123475301892432 -0.0903362132254489
v -0.0332915147544846 -0.096911250741147 -0.06278743987014
v -0.00391840946263075 0.259952758365487 -0.0863910019414991
v -0.0317999692959255 0.238627740196558 -0.0591048990226246
v 0.0575338406135494 0.0651185420972585 0.0441515968118169
v 0.030892196865001 0.0434066354523133 0.0685874581582175
v 0.0581415538142799 0.149994287234238 0.0411295556986972
v 0.0273580567941433 0.169011954724203 0.0671158452846468
v -0.103768076550949 -0.00815762824494867 0.0749590835357086
v -0.118582719086085 -0.0211947418254934 0.0781726506450042
v -0.0914866169162302 -0.0208074083118534 0.064164914080704
v -0.0253705097680217 -0.10974342556849 0.0321775937691145
v -0.0278435966618517 -0.0835055043714624 0.0298154318171004
v -0.0520678676081983 -0.0918733717128414 0.0102016300226844
v 0.0938578211311445 0.229869544814366 -0.0156567422135176
v -0.0582067095651376 0.218226451763727 -0.032020431790552
v -0.0548590966222986 0.261747876045163 0.00273232958981266
v -0.0614756631041442 0.0910633998931124 -0.0262502204263371
v -0.0627119967802173 0.314439155197099 -0.0231169196376984
v 0.00498834901423128 0.355754625266325 -0.0885102165057392
v -0.166648688218963 0.0667504586179619 0.0670166465287612
v -0.168913618051945 0.036814506644579 0.0414298181496949
v -0.129842758724545 0.0408371690033601 0.045788412543681
v -0.133478653899772 0.0226839740230474 0.0230922628360086
v -0.0886069114195011 -0.0571349084766876 0.040061925163116
v -0.111762781120824 -0.0445453991364606 0.0539331549949966
v -0.129327283561164 -0.0417972428529163 0.037631802233844
v -0.0704486260281348 -0.0889507953151813 -0.000380626384440948
v -0.105069666070916 -0.0559006728134622 0.000181840428483018
v 0.119497205979312 0.136739518373771 -0.0749880486425581
v 0.250885716011549 0.298376284925153 -0.183450056713518
v -0.00397816296429042 -0.164087229647148 -0.0886905168469121
v -0.0328908685440904 -0.13779247780979 -0.062108632779812
v -0.00307248160299181 0.30380134230894 -0.0866529720317992
v -0.0321265181084489 0.28279586466057 -0.0581113898889579
v 0.0816685783852262 0.0435963328821069 0.0196568928222858
v 0.107351213555441 0.0610940040092359 -0.00692432753149499
v 0.0865336884295647 0.086434042768308 0.016924003552235
v 0.0570607946736205 0.0209604661518108 0.0443501458229509
v 0.0301488115828037 0.000560111106547305 0.0692122864035015
v 0.0527879379086112 0.1902995280676 0.0447974316435165
v 0.0251217388746465 0.210469980495643 0.0673780004744794
v -0.144347872277562 -0.0207550677869394 0.0781440717465642
v -0.162558570204648 -0.0116357849668955 0.0524514155064522
v -0.0568156733176374 -0.266152191100392 0.000508025246522824
v -0.0342541977205968 0.404166505474082 -0.021613468380924
v -0.0348953988842482 0.394380713656889 -0.0483327286675922
v 0.118758489881531 0.101914442187628 -0.00190563942386928
v 0.0764579980605222 0.00566860498404235 0.0243167083444631
v 0.0959607770009098 -0.00981289154300063 -0.00478012773330629
v 0.0732415684825529 -0.0213435161299002 -0.0358214905745093
v 0.0783056099390732 0.0201576261457262 -0.0312513627809825
v 0.0764069195861262 0.143821499602181 0.0223231595374408
v 0.100597655204071 0.112741772544889 0.0074316795364819
v -0.00399885733790686 -0.206622732593571 -0.0881514298752125
v -0.0343536602696001 -0.181199974026656 -0.0596537358880227
v -0.00547229951582596 0.351067598107648 -0.083163705742824
v -0.0326284650173098 0.329060446507843 -0.0569665961399536
v 0.0560317290249328 -0.0222849821713273 0.0446767881649604
v 0.0294460886716361 -0.0428556439516097 0.0692672401960157
v 0.0536407475456211 0.228868729872369 0.0429417544986838
v 0.0255880585032921 0.251736463112645 0.0666641498662999
v -0.172344648082046 0.0809822023586259 0.0838849623109026
v -0.19991463479604 0.0615230170465633 0.0700809553414519
v -0.0569546255928114 -0.243365275065428 0.000481493571455689
v 0.00247817416573384 0.345792218905582 -0.0889741609444004
v -0.0652890306495648 -0.202588680726678 -0.0185762418528381
v 0.182385754212893 0.118530175049499 -0.0939851211262959
v 0.143968013666283 0.127854933426039 -0.100055897384163
v 0.158333638128562 0.139383366433981 -0.112071405767143
v 0.138713020429149 0.162155022050255 -0.0735859881364279
v -0.0565183212599893 0.328605179227295 0.00172008970226426
v 0.0768871463049006 -0.0340965328299153 0.0231009775739924
v 0.0942443244951768 -0.0567392396541264 -0.0113047933384383
v -0.0289323136023087 -0.141186255494156 0.028545809919783
v 0.0767942085681451 0.173704007138739 0.0207786479531403
v -0.00327298027431385 -0.249024258602706 -0.0882347188231308
v -0.0330942118646544 -0.224802376488164 -0.0601231900063078
v 0.0550245812278889 -0.0652602597497173 0.0448781297202552
v 0.0282411364850863 -0.085981542395158 0.0688305661499453
v 0.0519467991075762 0.272534615634635 0.043575253266816
v 0.0251980316272511 0.292628086227691 0.0666693666254514
v -0.201025891643135 0.0264699685394606 0.121632900270546
v -0.179239299182075 0.0107178064810767 0.109949716555008
v -0.162036150790066 0.0234899554992781 0.122165150027062
v -0.143404375157636 0.0183184077305552 0.110019447749009
v -0.152481777400079 0.0115956153402454 0.111458893959517
v -0.180852106858766 0.0561468116692471 0.146393826009247
v -0.185050488947567 0.0367095398304079 0.139002317934984
v -0.0334398588643776 0.344418374330294 0.0250278134505714
v -0.028361601211189 0.361913253330172 0.0303563465941118
v -0.037263108359672 0.363875018768982 0.021626809052689
v -0.143225638717604 0.0559526166195419 0.101353406887829
v 0.0145379739946568 0.422237413688332 -0.0394754119848917
v -0.205874867204922 0.0289822682352228 0.100462457419414
v -0.2223539527742 0.0505957673358024 0.095720744237344
v -0.211352553064513 0.0393099775602438 0.0838855651068199
v -0.211186050807784 0.093595858768757 0.092977537584812
v -0.234694129682218 0.0576096815548352 0.118721684306207
v -0.241401972183488 0.0743844149986287 0.113808774695785
v 0.171361875032737 0.107074761395269 -0.0778464108184667
v 0.148423525848039 0.101613616658381 -0.0840811954090819
v 0.0752674523710653 -0.0760572722638198 0.0240169263270278
v 0.0753128142731073 0.215883250206599 0.0210969089112195
v 0.0953576568503904 0.239842435791717 -0.0095133529421927
v -0.0634557333795837 -0.39738365208444 -0.025089754785935
v 0.077763532915599 0.279294678827095 -0.0355400049102248
v -0.00242827731995903 -0.291026303761826 -0.0885077889723235
v -0.0314229130964838 -0.267642888430171 -0.0611687923544683
v 0.0539879146628575 -0.107694395841208 0.0450817660557822
v 0.0268307627850815 -0.128385345708974 0.0684073884569688
v 0.0512424834036898 0.313001179703047 0.043427398702281
v 0.0256191394641304 0.331742430061388 0.0657886585503461
v -0.183768506918935 0.0988050444021944 0.133559668923107
v -0.187604644597129 0.0896204861975749 0.152476946478063
v 0.00455327068550578 0.422318393144208 0.0232460395735858
v -0.0152334206468279 0.389332915222341 0.0414462457315185
v 0.00252295695239031 0.385064052596364 0.0535119327113899
v -0.196327704499767 0.104601548432965 0.1030448917557
v -0.22663171999367 0.133179037622937 0.129323013903321
v -0.0600722933368785 -0.325965555348985 -0.00248772915626491
v 0.211378249574003 0.198277727124995 -0.163232279699003
v -0.0608379725103388 -0.280477912479433 -0.0305626485937098
v 0.213630920792495 0.146903023846007 -0.106671642976947
v 0.204190731746969 0.137357862280974 -0.0794599456990941
v 0.187021879546068 0.120916098728975 -0.0829078946587793
v 0.204920650685728 0.143183475502229 -0.124566264551043
v 0.177577952097921 0.132532286171874 -0.117823289600963
v 0.175795814677697 0.15228254519774 -0.128168556084101
v 0.0743377481478335 -0.118214495815933 0.0242587568149863
v 0.0950932884416964 -0.136435031093882 -0.00564066009601811
v 0.072055056784055 -0.147737239421274 -0.0369761806096529
v 0.0774712689747658 -0.10367966173211 -0.0313297312492887
v 0.0728966870423035 0.26025722273422 0.0226661213527427
v -0.00230944736677977 -0.332804336482212 -0.0883886953363796
v -0.0304933861818476 -0.308677023287764 -0.0616797056932536
v 0.0534185928434249 -0.149811951532115 0.0448409343916308
v 0.0262012173225904 -0.170235188166382 0.068082335609549
v 0.0655257021623264 0.342767059089239 0.0282987402826938
v 0.0324181579633231 0.369902639115581 0.0575606213420475
v -0.206871164871405 0.122202600199423 0.161201680609252
v -0.242041086433962 0.159559224454824 0.159711708449774
v 0.0548746526624828 0.416967820122777 -0.0123719807851022
v -0.0248759338540455 0.393296615660254 0.0326481390753277
v 0.0117989738981891 0.430287605792683 -0.031004141543068
v -0.0642912525543157 0.303753249640173 -0.0179726200916938
v 0.225111945298295 0.170110763485064 -0.156826244422001
v 0.222865766074239 0.156695446412545 -0.133258203680409
v 0.196896239809512 0.154722520890308 -0.139248885818306
v 0.0748492589682467 -0.161780139773856 0.0229696154911999
v 0.0937389810811774 -0.183635783982008 -0.0121501325096018
v -0.0132370731143747 -0.4510001712904 -0.0771402605447889
v 0.0717622387466434 0.30172681926988 0.0230633366747076
v 0.0953799945948715 0.323129685426011 -0.00902007582762721
v -0.167877689244719 -0.00413307488462588 0.0455266835387769
v 0.0795836219698358 0.360047173277627 -0.0340246175031875
v -0.00349891100666359 -0.374931289751462 -0.0871800890138831
v -0.0307539368271242 -0.350003631016009 -0.0610008762700616
v 0.0515901866305581 -0.190719118254416 0.0459106438746912
v 0.0259646378936022 -0.211698539877001 0.0677375822816871
v 0.0642054904835667 0.390110515904529 0.0274277498773264
v -0.0252697151367333 -0.529277678049727 -0.0631324555807005
v -0.237165064831068 0.151628627735474 0.196285440369138
v -0.261351134981918 0.182942856905993 0.185856330454659
v 0.0747674654983349 0.39600875443208 -0.0179567561344486
v 0.0677499202651879 0.390229100672378 -0.0439330326018834
v -0.0412457039043002 -0.0652942299142004 0.0226558815868273
v -0.296552705774719 0.207667593298421 0.200360791395946
v -0.253346015930362 0.0809813939709018 0.180498220534005
v -0.267477757825073 0.0910428694977442 0.162692997616057
v -0.276109903579569 0.130450743217501 0.147806398327984
v -0.263026258786947 0.114724749583981 0.13497782546055
v -0.274711297889372 0.10702086489963 0.148656194026598
v -0.283371304586762 0.109041805833851 0.165498424345683
v -0.0649250034853034 -0.417102149902859 -0.0208302110331232
v -0.282866219095507 0.135742134736747 0.154626523909904
v 0.231061727399167 0.202334214111106 -0.179369948752147
v 0.201563847576134 0.19331868933958 -0.15412626205023
v 0.0758270701051478 -0.20598231003846 0.0212047756053979
v 0.0877488599345214 0.367188724865937 0.00238647576743992
v -0.00460618215579561 -0.419294812255502 -0.0860210028009275
v -0.0334761862844322 -0.392203714778213 -0.0579016117292607
v 0.0529907148646828 -0.232366728560519 0.0439267859587343
v 0.026106436283809 -0.253313213426545 0.0672123121020603
v -0.230269192064832 0.06226628828302 0.165045187974114
v -0.259991356222475 0.173433835093197 0.221405524646725
v -0.280744187483091 0.204642386234065 0.209788771520489
v -0.277668363658028 0.101676589451956 0.183095880995158
v -0.267679186996255 0.0984319504819477 0.199658007551213
v -0.294685101313299 0.147722238987848 0.166799501646046
v -0.306781796717772 0.133875339093337 0.189729211647131
v -0.318306139156133 0.149567724065878 0.196573562698788
v -0.302481544772049 0.161930249279541 0.174873726891165
v -0.293249831606639 0.179413979337666 0.175063082376892
v -0.312087202830029 0.176095057080325 0.185116790164772
v -0.0518010170824186 -0.442488547963099 0.00672280853443108
v -0.0444280021074178 -0.41407542509746 0.0140394733410181
v -0.0657225407878593 -0.406201974070654 -0.0163715286025375
v 0.244024420402506 0.22584491810313 -0.109652501719579
v 0.222291333083704 0.233754634193298 -0.107111621248181
v 0.212740905231737 0.198808435533753 -0.0808742480417532
v -0.0427034115431616 0.314909214415283 -0.0469750346209267
v 0.214281038967466 0.232584902180394 -0.16579156609016
v 0.226150222823758 0.258693175321659 -0.141815839820337
v 0.253228464376932 0.289641745308017 -0.157797282234911
v 0.23318828077171 0.266331806345274 -0.18361393841088
v 0.0748807850254457 -0.245586832401487 0.0216749061525967
v 0.094229856161349 -0.26660132697319 -0.011419491942569
v 0.130591604453953 0.117931027368646 -0.0853692568184425
v 0.076031743004915 -0.228174100740617 -0.0335710067444773
v -0.000965697220096481 -0.463900322872586 -0.0880444464319757
v -0.0355253035490274 -0.434890728278852 -0.0552504763767175
v 0.0528739642547813 -0.27456872911781 0.04352120434016
v 0.0254800104871238 -0.29532552821285 0.0672023815911224
v -0.247941978091749 0.121271051762173 0.210702310118083
v -0.265680882870635 0.114806417724808 0.21814437647336
v -0.284127607134373 0.152773960134237 0.24547503653547
v -0.259773873588109 0.132702179197197 0.222280877948169
v -0.283687296209601 0.197250251132413 0.245968496720242
v -0.306711799376234 0.23033313104076 0.231411129376046
v -0.284169400821502 0.11013191679452 0.20277191145227
v -0.0621601549185821 -0.292624477680979 -0.028813641032049
v -0.329630603130684 0.161757736383676 0.207632947496786
v -0.348346575677649 0.175757463906426 0.259464415486601
v -0.323361190357119 0.188116686727249 0.196610914116302
v -0.316000229758598 0.205041657012931 0.199701636241504
v -0.33488173717521 0.200201474609733 0.208328767977209
v -0.0563140062592469 -0.481084949200464 0.00211762069456843
v -0.0616086656098438 -0.457677249301737 -0.027916771912765
v 0.256660203061449 0.247165465342868 -0.124217554617027
v 0.258893501268645 0.192029959385449 -0.146222739363455
v 0.24402109182192 0.177574894769143 -0.152755493863043
v 0.257668184039124 0.194320610720322 -0.167873560480368
v 0.27103708167195 0.214144309469798 -0.188805371114602
v -0.064142488544686 -0.211004886130693 -0.0245528869881835
v 0.255453636530773 0.297294387424646 -0.205613879665184
v 0.0734229802091058 -0.286003971961369 0.0226653135315551
v 0.000418912925876027 -0.505256812090773 -0.0875589643616711
v -0.0332073644547359 -0.477079344663617 -0.056580788017403
v 0.0516907865801026 -0.317118010885032 0.0441666782742674
v 0.024652970323231 -0.337363735074824 0.0672916896347667
v -0.308505060652179 0.179444693719145 0.270497857938398
v -0.309202613344054 0.222463824346939 0.271769952935418
v -0.33263075164385 0.257772637274958 0.264238253756844
v 0.0742887096078676 -0.0934341960611409 -0.03459559676956
v -0.360634112376945 0.193720205176537 0.239689215644924
v -0.34713742619779 0.214289764659221 0.22102963842277
v -0.339275695960106 0.230348192692243 0.224808201632868
v -0.359656620727251 0.227203545844577 0.233909504862406
v -0.0524051420126829 -0.528665817114545 0.00479839080545437
v -0.0585885412792619 -0.502119568741558 -0.0299650828878022
v -0.0547205303985331 -0.540458194713379 -0.0254340383153006
v -0.0589824453521483 -0.530926228193961 -0.022165155944196
v -0.033052917823796 -0.529401924000724 -0.0552047309820287
v 0.283232840681634 0.233096804908903 -0.204610365174245
v 0.260138054337111 0.228300754801373 -0.204013451773187
v 0.259193564723158 0.25176437110222 -0.212399993091258
v 0.0716849614813884 -0.327990265479822 0.0239286295134947
v 0.0944853938819156 -0.344935368002839 -0.00559311684664229
v 0.0732401240634725 -0.35619992906914 -0.0374166286548699
v 0.0782196389430803 -0.312003484679439 -0.0320502847180965
v -0.00271682585717112 -0.545375136483114 -0.0772529787400967
v 0.0511332254035728 -0.359173168774698 0.0441903643521939
v 0.023764262304917 -0.37921665621687 0.0674170739970284
v -0.334192201624477 0.200322304720219 0.294233227501741
v -0.00752778364593428 -0.494575713541433 0.0509280438605914
v -0.0387672178019814 -0.503632514229005 0.0194084432539964
v -0.0316112788942365 -0.524716359453154 0.0263811025575654
v -0.0616245066069974 0.29585374949241 -0.026084141810527
v -0.0320345104848095 -0.483386616880353 0.0262601158585914
v -0.374605848371403 0.20772677242768 0.254463659005156
v -0.386800550819523 0.226596521954056 0.263453056986929
v -0.367063004579049 0.247283376028475 0.246771374201346
v -0.351609740192973 0.261836339722909 0.28548957246404
v -0.360414575311985 0.257454893407895 0.253757911485009
v -0.0419048068601393 -0.560375829643499 0.000388616069656441
v -0.0538020304633432 -0.543851552249766 -0.00411359371211657
v 0.272676415368799 0.240981335302993 -0.135614170079224
v 0.280911222247433 0.22323573635893 -0.14806331814468
v -0.0124712537618797 -0.0310557391017293 0.0457267591821505
v 0.296473696969848 0.248490671485113 -0.161302630923093
v 0.292069046967476 0.271417940492338 -0.155599138165595
v 0.283876859967775 0.255895314722683 -0.147051305832504
v 0.294247737541086 0.26933613780512 -0.228397846270245
v 0.309941523461159 0.275175025187205 -0.213169307838404
v 0.299353157526899 0.243268262141318 -0.1939722935142
v 0.308454339402192 0.259517160486383 -0.175192074490851
v 0.286382883675927 0.260772586763416 -0.227247822742852
v 0.273247549891122 0.286251510769264 -0.229075418891396
v 0.0726732248116577 -0.371215084639513 0.0223760150099288
v 0.0939397365832319 -0.393036974913226 -0.0124912615668173
v -0.114983967651658 0.00565658637808713 0.00692859638174048
v 0.0104416033867722 -0.559307144749104 -0.0688407625623575
v -0.00642267390095783 -0.560335824370065 -0.0655528837303462
v 0.0491534354720556 -0.400299671201336 0.0455527481361094
v 0.0226008855278135 -0.421945649222713 0.067474377169039
v -0.336567280641556 0.240287902591121 0.298978200127188
v -0.0628764481178315 0.211444051917955 -0.0239523096131361
v -0.351279220678265 0.178533810591101 0.248674411608014
v -0.379741946527486 0.209064093089715 0.273743497772094
v 0.320569673722354 0.284270635043247 -0.193100651681433
v 0.311240997352376 0.299452500252366 -0.177083510234632
v 0.303787364295404 0.286195521470706 -0.167261941784194
v 0.296245471331801 0.303184553576092 -0.16911656287849
v 0.309480677728769 0.309643491510436 -0.183483407982709
v 0.293716185000643 0.324537924272688 -0.204522153731261
v 0.293950936643952 0.308933469210076 -0.228514160723843
v 0.0737038394410433 -0.415589260951086 0.0206036695016507
v 0.0500431943057544 -0.442706131422596 0.043968467175307
v 0.0209154894916368 -0.469272397304343 0.0673572215415349
v 0.070840058080648 -0.457858115107363 0.0227206160448184
v 0.0944633474713265 -0.477285054561286 -0.0112891661655665
v -0.0628486297074988 0.0842022881210293 -0.0173077292847185
v 0.0763374116888312 -0.439564049308544 -0.0349018234779176
v 0.0529690089809598 -0.484747727493226 0.0402026724323701
v 0.0280977918222893 -0.520437540199703 0.0604665863346483
v -0.0197843734385446 -0.462426707512858 -0.0702148245568351
v 0.0544287150795075 -0.565004557315172 0.0257762327666053
v -0.0211151244145164 -0.0841912431878827 -0.0750140695344546
v 0.0806936190420538 -0.549491898069532 -0.000524292179130307
v -0.0612659552658483 0.138822342173034 -0.027503574658872
v -0.0249926124700436 0.0786948641932188 0.0311854648956021
v -0.0230051464463398 0.0608255547137872 0.0333829606499481
v -0.00114346382859806 0.0635655575955007 0.0553697598482267
v -0.0204343274336402 0.100016419189125 0.035797376587332
v -0.00309248825797591 0.105198311377409 0.0529726814020974
v -0.0464400492078664 0.125960268934795 0.00949950077891474
v -0.0553320999589256 0.176860846779262 -0.0359686216830204
v 0.0293985301552558 0.062427776027071 -0.0821190725490333
v 0.0287035351441473 0.104882280960164 -0.0839885140178729
v -0.0227162602402984 0.0435417776485385 0.0337314302087311
v -0.0244832508963761 0.0230846447361255 0.0319761988036814
v 0.000879218264485177 0.0238575141874297 0.0581433448234759
v -0.0244795598696941 0.11870455259819 0.031706069453893
v -0.0231011055701355 0.140842423545971 0.0332785597480621
v -0.00471409914932407 0.147465800904644 0.0514789817492609
v -0.0699603106049697 -0.0686110597612831 -0.0294095062510198
v 0.0321054972994365 0.0206310750366316 -0.0778771301472841
v 0.0327970244293621 0.149797794511263 -0.0805036828677198
v -0.0492120615428322 -0.0217240638311352 0.0303457842544524
v -0.0269779965454091 -0.00646919504579178 0.0306427896944926
v -0.0248768324066546 -0.0196366029969513 0.0337704979072924
v -0.0008999639102162 -0.0186603607973085 0.0572912414325322
v -0.0283695881569662 0.160974081562287 0.0281559835004407
v -0.0266149573264773 0.183044090579079 0.0301048344964806
v -0.00643456396996875 0.18958865969425 0.0501329476498601
v -0.0790158000881424 0.00374652017249837 0.0299471236945327
v -0.148546570880151 -0.0123092174562933 0.0194227468352154
v -0.0841548660498098 -0.0386155338688699 -0.0219211597066787
v -0.0670806244497166 -0.0907253982911292 -0.029754615553363
v -0.0589029948346194 -0.11134011285043 -0.0358419292375067
v -0.0557965403638993 0.259597392339147 -0.0345615610087131
v 0.0468107991801875 0.0854851494834383 -0.064834202912487
v 0.0554997905840463 0.119020647277935 -0.057954278984737
v 0.031509481077151 -0.0218038020085949 -0.0775219629330814
v 0.0299863540574016 0.195441876871723 -0.0832770226480686
v -0.071677770761169 -0.0212787688570824 0.0465746960717381
v -0.0252545716456106 -0.0403454121904925 0.0332307870915733
v -0.000107517817388912 -0.063052404745301 0.0581601922923927
v -0.0281468248911472 0.203380745233074 0.0287437115560044
v -0.0251899540397794 0.225540486103153 0.0319050276631425
v -0.00704748296871728 0.231828351121836 0.0499746855095974
v -0.101832275813115 0.0207760332662726 0.0447251695943085
v -0.10413147834185 0.016404069222047 0.0687119906058362
v -0.0219173003251571 -0.135331518218085 0.0355602384944698
v -0.162076686541372 0.0219011734864884 0.0319901102523271
v -0.135078069418657 -0.0296598744049981 0.0123898818616112
v -0.0551601109911965 -0.118627285010346 0.000955841331693516
v -0.06129405793833 -0.15273837594542 -0.0306225978366322
v 0.108619100990123 0.0738117485391406 -0.0515540020889182
v 0.0542758793241788 0.0324475234508083 -0.0560295718981685
v 0.0568987238835757 0.0140579503819308 -0.0531914557309045
v 0.0511883121165724 0.149386925021618 -0.0619728619030889
v 0.0784608432707321 0.158838754886367 -0.0343560794177808
v 0.0895439302093637 0.142718936019345 -0.0401331320210705
v 0.0308059703502626 -0.064072774524531 -0.0777706374879223
v 0.0295068519456555 0.237402022439367 -0.0838569634421746
v -0.0857206895030608 -0.0130921093158934 0.0595108326215703
v -0.00281289053744783 -0.106430960392128 0.0549065855020406
v -0.0289800258136534 0.247591732916487 0.0284193949225888
v -0.0268020608945038 0.26885359598005 0.0308678331853747
v -0.00695311676900647 0.273849975794234 0.0505098654422572
v -0.197020587145094 0.0227763781379973 0.0753778857892584
v -0.0522267363519464 -0.169361405425237 0.00483343150479279
v -0.0562980101100848 0.349501912104102 -0.0322375454521521
v -0.0326979920830118 0.365607548471395 -0.0568014508907003
v 0.127365117478459 0.0767447260969829 -0.0187577988800949
v 0.13122685138906 0.0836889654012325 -0.0633463403275815
v 0.0987637450408367 0.0428385153700756 -0.0119108145609211
v -0.0235912737724983 0.0392310366383992 -0.07004962314224
v 0.0536969808398834 -0.00692823092482972 -0.0559632551605047
v 0.0498218961350285 -0.0224912031371939 -0.0594863915822657
v 0.0987604925454204 0.150482989475865 -0.00889886122044893
v 0.0522576849118807 0.169108489359803 -0.0608921361732096
v 0.0521446836744703 0.187808230567752 -0.0610363103150746
v 0.0720735611291195 0.200816730274446 -0.0406433678925367
v 0.0329639990208499 -0.105770801095842 -0.0756480099354201
v 0.0300662572373549 0.279033187032941 -0.0834723142727732
v -0.0422895802563136 0.383309335479312 0.0144036773358429
v -0.118503762095225 -0.00322722029185484 0.0864514805089068
v -0.0300349108583625 -0.129268769388058 0.027407412480903
v -0.0299651183945772 -0.159861029376831 0.0273589330354952
v -0.00308482070056505 -0.14902790641035 0.0542358415531791
v -0.0279801021717266 0.289581793710647 0.0298355290848462
v -0.0240763630395423 0.31131938498579 0.033934322691401
v -0.00527735263452343 0.314068351986888 0.0525608995107941
v -0.0554211173776596 0.341802528655098 0.002861782671037
v -0.202787608718067 0.0502277184111311 0.0705065031009952
v -0.0569045205500234 -0.246126613272493 -0.0356317509474326
v -0.040020947351064 0.374506334987718 0.0189515216760462
v 0.138070113874774 0.0816993778899782 -0.0542495942472126
v 0.15060427672799 0.0886889702292055 -0.0358933084356802
v 0.163423590352973 0.098767972717413 -0.0499876215432931
v 0.143586276037259 0.138907715305396 -0.102006200998486
v 0.130635708716382 0.148772659382636 -0.0270117827370951
v 0.0560544154612765 -0.0450372209810095 -0.0530071436908592
v 0.0484029267735815 -0.0637907836166861 -0.0604911671919427
v 0.0951097933571211 0.192925646120932 -0.00864598961427144
v 0.0508222652562258 0.206987373532892 -0.0623960294953837
v 0.0500820797204382 0.227170264654445 -0.0632453002977089
v 0.0309992413036493 -0.147633329371945 -0.0779129398382024
v 0.0333759577015374 0.321282131970053 -0.0805456812040034
v -0.0278834311906297 -0.182116061779124 0.0295396119663914
v -0.028902774173464 -0.200178511850191 0.0285017734686475
v -0.00298881303854709 -0.190760820273041 0.0542414332876163
v -0.0264660289405139 0.329504236571673 0.0317342742729643
v -0.00386087986948386 0.352817679569358 0.0543920555922102
v -0.047013272524077 0.386071667494154 0.0028963304043992
v -0.0267401548342816 0.40808811899231 0.0188179896328217
v -0.0172301876821048 0.383936266167417 -0.0680190324571123
v 0.00985328651398058 0.391312701766743 -0.0695151094822457
v -0.017341875278708 0.420118847938488 -0.0255028663336865
v 0.157069475474392 0.109657258126851 -0.0250596052931034
v 0.127861302536228 0.125369320233011 -0.00731789248840899
v 0.0783320889602649 -0.539961195441601 -0.0301093553168807
v 0.183751735133508 0.119066219097467 -0.061408548557723
v 0.159223345151878 0.176446065793159 -0.107883707828918
v 0.0547905359731717 -0.0926721412816586 -0.0542324197351662
v 0.0520626418430204 -0.108747407061237 -0.0568938601188906
v 0.0511497656330466 0.247549041852651 -0.0622690551420962
v 0.0526905090201265 0.268055789447199 -0.0608909270202266
v 0.0303906003177812 -0.188912824625409 -0.0788693543342426
v 0.0402428248696127 0.360465628984192 -0.0739035646376291
v -0.0285336667067237 -0.222719084307743 0.0289674225748545
v -0.0313520718405607 -0.240742935903562 0.0261756616798135
v -0.00335229663263777 -0.23200662789926 0.0539803020896061
v -0.00993538185626799 0.426534062613336 -0.000145676210050181
v -0.213802887873646 0.0373385586446579 0.126711064094354
v -0.0537468469145988 -0.326599206068566 -0.0381939383863613
v 0.163484412234264 0.152152957723712 -0.0363405937497832
v 0.197767039654776 0.132498993364227 -0.0700177565967887
v 0.18348029932229 0.170695558590217 -0.138029317856361
v 0.155283350308025 0.167798444840031 -0.0475055622654533
v 0.17298552299963 0.188519754728906 -0.0713863453699084
v -0.0231402777748071 -0.496356907616434 -0.0659753213707547
v 0.0524862129880742 -0.131527967635764 -0.0565027944374216
v 0.0486710358483108 -0.149934571592915 -0.0604130228463209
v -0.0296211355075873 -0.519167010557783 -0.0589138064823497
v 0.0531482708524285 0.289264322411377 -0.0605095572029278
v 0.0515328777667928 0.315214099519463 -0.0622626485513131
v 0.0318993099251184 -0.230390430472507 -0.0777404755463081
v -0.0287422168006371 -0.26325042309867 0.0289649929769047
v -0.0303606891170983 -0.281849939703699 0.0274061921482455
v -0.00378498379812405 -0.273470780522238 0.0537428122466431
v -0.0175616119986786 0.413129893303207 0.0247267751678008
v 0.023219218258128 0.435406696783426 0.00606049861968767
v -0.223036047492081 0.0476692884122085 0.143490333575152
v -0.06108014124 -0.410368622894428 -0.0288747316148793
v -0.251939817780084 0.102393647360603 0.12374135133249
v -0.0604284846465282 -0.364188363850447 -0.030427493233312
v 0.04572270292484 0.402547295727715 -0.0568508170487213
v 0.199828039579638 0.162382289081116 -0.0635689258416214
v 0.20975768546261 0.142499459037954 -0.0870002861426003
v 0.181082729861343 0.195443455844545 -0.132643158962475
v 0.196949271930759 0.223436232555308 -0.137280800081932
v 0.0553731514487337 -0.171114168905653 -0.0539464563398285
v 0.0477327960894327 -0.189864933700654 -0.0616985778727358
v 0.0549707266081868 0.33242222341653 -0.0590022377126487
v 0.0577028783775504 0.359715213534907 -0.0565811877627521
v 0.0315655876274692 -0.272434709203803 -0.0783656246009485
v -0.196875147355799 0.0491739894829199 0.151451965687248
v -0.201426321199815 0.0775718804510123 0.16605441217528
v -0.215344585385366 0.118925814895491 0.179052030425762
v -0.0306108607650659 -0.305135697432523 0.0273745989000265
v -0.0340222493752189 -0.323968609094876 0.024074941200069
v -0.0046709041406367 -0.315411153225282 0.0531033855829966
v 0.021458248962119 0.419098786154469 0.0271466425509185
v 0.0536360672436201 0.418363295997678 0.00658848472824037
v -0.265146113516584 0.143745636352415 0.143503684483456
v -0.0532920115837741 -0.37442309841565 0.00497691124025852
v 0.0245424813346133 0.361930719408298 0.0634871380488276
v 0.221094567525416 0.157485670268487 -0.0906584909186718
v 0.235792577103771 0.169006751683475 -0.108190039678766
v 0.180630757014297 0.204053315520229 -0.111778206243719
v 0.195203642085453 0.211132221914791 -0.091057642205286
v 0.0536123006104438 -0.217395533159444 -0.0561629113526112
v 0.0504895276072135 -0.23228619403141 -0.059282025673205
v 0.0572833798668748 0.376875183191785 -0.0568689150129506
v 0.0329526162967905 -0.31447779674663 -0.0774109151035295
v -0.237307705188786 0.0911644758054486 0.192744189731336
v -0.0312673499934408 -0.347655082432837 0.0269989351629536
v -0.0318504226510785 -0.366384774991999 0.0263949831246821
v -0.00513384454640853 -0.357254820526297 0.0529036782088314
v 0.0479262092310899 0.415396380824722 0.022244569875207
v 0.0563138075362072 0.413111629585037 0.0171460984704358
v -0.285916087415752 0.163982283308182 0.163348050083189
v 0.239610881787402 0.184757609287178 -0.10372192807379
v -0.151650549126219 0.0650939147743605 0.106888467510363
v 0.0514533579417511 -0.254556530099517 -0.0584233918595572
v 0.0501090104163811 -0.271879140562491 -0.0599890723424812
v 0.0318225288854688 -0.356706065726812 -0.0788863875747517
v -0.0300624571415532 -0.388875696709759 0.0283617972948948
v -0.0314216270130591 -0.406150979921737 0.0270229688891529
v -0.00553591090639172 -0.398495850946757 0.0527600071887634
v -0.302678793616339 0.193560402605985 0.187706509172795
v 0.253894843411051 0.211190345331143 -0.116425164786967
v 0.249389260857728 0.182174081302408 -0.130139402412929
v 0.258557211369024 0.194562563557132 -0.128359254092482
v 0.0550346289944375 -0.298424255877897 -0.0552525671586033
v 0.0525972699617015 -0.315603771678729 -0.0579086177896264
v 0.0306977804427295 -0.399032866364373 -0.080386540703084
v -0.0320318044210583 -0.428277309556879 0.0264809517091232
v -0.0309394952170579 -0.439099236311828 0.027669944857233
v -0.00827802584469228 -0.438701796844612 0.0502162155577892
v -0.32677852568464 0.218635463291077 0.212533800493588
v 0.259739572080276 0.218312533520878 -0.122520720270101
v 0.270562799340904 0.205853052785516 -0.156960316419065
v 0.268853514703821 0.205156279926988 -0.140932138494504
v 0.278892834946212 0.215783885964174 -0.167347374937716
v -0.0313871229577995 0.397898051633947 0.022898016508224
v 0.0536330821406157 -0.341682016124255 -0.0570839090395738
v 0.0495941710237438 -0.357959873340744 -0.0612449020318952
v 0.0320525685117714 -0.4415578188618 -0.0792537100963884
v -0.0317234626176077 -0.458912226516075 0.0267346838645336
v -0.329443965992684 0.155293859228035 0.228536233364297
v -0.315347777852547 0.149437303521395 0.249578410381846
v -0.350977583623167 0.243724264565175 0.238088600263113
v -0.0315097955813643 -0.559221890361046 -0.0478456584537782
v -0.0412840492424886 -0.562262015713632 -0.0202750875403192
v 0.268426555814838 0.259477994297081 -0.135453403128814
v 0.27429751282082 0.276219699847247 -0.145780095671934
v 0.277758458262563 0.310630325049222 -0.226056797314319
v 0.0560250559745309 -0.380507529104113 -0.0550068431219431
v 0.048226197744398 -0.398853600026596 -0.0629223338430934
v 0.0310850589057481 -0.483406487946131 -0.0801628447550529
v -0.0105322939404146 -0.536615062225092 0.0462398834224654
v -0.33441544656381 0.168760395596465 0.268262813496215
v -0.382312183886105 0.251525125384901 0.286501311177388
v -0.0442593066958139 -0.546923660075378 0.012350015656384
v -0.0351694932411436 -0.560621059925867 0.0182307865333989
v -0.0557198130671854 -0.287218807209661 -0.0364998774517661
v 0.286231437535677 0.288790968133226 -0.157237768929174
v -0.0610301579523239 -0.201336822868866 -0.0308785766239405
v 0.0541359946371568 -0.427315999920001 -0.0573109853345062
v 0.0502616165876278 -0.443924092982455 -0.0610814950394858
v 0.0324310303957272 -0.528610675450574 -0.0776639388784134
v -0.0322523531889989 -0.547261961803591 0.0266221487770214
v -0.00980647976973486 -0.564541638212875 0.034482313256978
v 0.0750460864895355 -0.301774436176497 -0.0352286931167425
v -0.348717589459798 0.180846119760513 0.277935304245527
v -0.389456163175041 0.236523907273431 0.268845325892834
v 0.306919533226041 0.257384974870585 -0.204264297272997
v 0.0525473483003319 -0.47633421533275 -0.0587987832542287
v 0.0492314204210303 -0.48577238971965 -0.0620805593181225
v 0.0290848103537706 -0.557213048309982 -0.068753526411105
v 0.0142248137933042 -0.560335537963363 0.0421105966879661
v -0.386313635150214 0.221111438558782 0.285089175360269
v -0.375495818338688 0.217750601388857 0.303534262674625
v 0.0527561633497625 -0.50683990061394 -0.0583790014148728
v -0.0656074790209893 -0.282275675535665 -0.0211358585189702
v 0.0774665848873924 -0.515013322342946 -0.0332125856396769
v -0.0640006491142883 0.315107792334044 -0.0115058640288584
v 0.0624172011796044 -0.525400786926952 0.0289573641488
v 0.0902535632745181 -0.521353490913989 -0.00294110238203554
v 0.0581245366040239 -0.538089436396938 -0.0528897060608395
v 0.059254755177935 -0.559101791659882 -0.0492028319272943
v 0.0762141785309053 -0.550857523540488 -0.0292408138128182
v 0.0397441943948937 -0.565612218610032 0.0343293766164141
v 0.0459138782366464 -0.546032044514147 0.0429360846376819
v 0.0702977081754037 -0.563696383788189 -0.0196370653087868
v 0.017093869625443 -0.587408179573504 -0.0139846176307241
v -0.0521189709334931 0.0799440651091192 0.00342982634520114
v -0.016735167969931 0.063621987090435 -0.0764385971554793
v -0.0531834842777893 0.0409334804766353 0.00112782883641124
v -0.0128659285166339 0.0212949316007307 -0.0812761955835593
v -0.0154425910171239 0.108904131004446 -0.0770878566754364
v -0.0743835970751073 -0.0117701915701737 -0.0249625417986772
v -0.0418041747335696 -0.0391128410210395 -0.055261116874233
v -0.0146348691428512 -0.0173706725030952 -0.0809163440699693
v -0.0133368354928139 0.152666418317887 -0.078853109797671
v -0.0579963575979796 0.204528256196596 -0.0017408780580945
v -0.104386405756538 -0.010928458350852 -0.00793238043055258
v -0.116565626481882 0.0166683962511366 0.0161794083222007
v 0.0590029385423132 0.0732381352686204 -0.0525518843947827
v -0.0147179710238098 -0.0618966896038462 -0.0816878050923425
v -0.0130524168959744 0.195754682140762 -0.0785316719446716
v 0.0387528977629266 0.105370093977364 0.0618641620245691
v 0.07498135849901 0.0967010513131845 -0.0530119657508522
v -0.0101249260292913 -0.101716469221893 -0.0851739875617601
v -0.0132790841848727 0.238478619696697 -0.0776637879228978
v 0.0404170612890112 0.0648198487783497 0.0610408282807386
v 0.0389502034159771 0.148368359075687 0.0601509319940876
v -0.108103036763136 -0.0198917847262493 0.075020713063345
v -0.0354352176787885 -0.0907515009218508 0.0224681210970714
v -0.0477743232788587 -0.0738598309746733 0.0197505813455159
v -0.0587245452996695 0.290268589725283 -0.0011282336023752
v -0.0559303579258955 0.0908213012437123 -0.0357308645330879
v -0.150302929624934 0.0366552449675165 0.0369114179327983
v -0.170476135772003 -0.00400774694949261 0.0578250796259289
v -0.0919099586201001 -0.0696270983761102 0.0171149717223877
v 0.104565718090155 0.121070435235997 -0.0665818311881778
v -0.0138387629573296 -0.141258832242906 -0.0811168796849906
v -0.0134074777893292 0.282883407311013 -0.0769654486389169
v 0.0913833191603406 0.0656745344318743 0.0112599930763207
v 0.0670293694795623 0.0851788001138726 0.0350104431344955
v 0.0399986089281932 0.0216596179800405 0.0613688276555729
v 0.0362208072074914 0.189682754454691 0.0612051981933471
v -0.10463084983988 -0.0291147038261767 0.0678994522612401
v -0.146721708861581 -0.0262968719042916 0.0524522181975084
v -0.0462935556905604 0.3892105843326 -0.0295827384948901
v 0.104962634578574 0.0853219247828143 0.000350982849315542
v 0.0719954877710702 0.022214213928819 0.0292313404332586
v 0.0839716427714717 -0.00367358139030672 -0.0250190445694842
v 0.0599377759261143 0.356580501493204 0.0334992523027953
v 0.0816850164965505 0.118291667235059 0.019917211379893
v -0.0145695164831521 -0.183928180066076 -0.0793981842408651
v -0.00916903515776129 0.328069525720485 -0.0805093509415553
v 0.0390809920076059 -0.0215827296552927 0.0617855286443173
v 0.0354262891768664 0.230632878844487 0.0608686787361353
v -0.178576048175911 0.0663930555215197 0.065927895293592
v -0.0589044905054889 -0.21783090380369 -0.00190642024646543
v 0.107750703159163 0.104540149575103 0.00334550703769153
v 0.160940205510065 0.129832241876096 -0.110441736187205
v 0.119942731630872 0.148211179365675 -0.0676903560785849
v 0.0725032468812075 -0.0234057380521901 0.027840371295887
v 0.0784192858538868 -0.0455689713521544 -0.0304244756051001
v 0.0700761266363128 0.164793364208142 0.0282568134241833
v -0.013909825057243 -0.226773276162837 -0.0793601911909889
v 0.0382110589200503 -0.0648040341467539 0.0617532824442847
v 0.0358608060795749 0.271544218995655 0.0596087777413445
v -0.183642675667133 0.0169675464653953 0.11753924937353
v 0.256048676371486 0.303674130011667 -0.195847302621427
v -0.173399801912953 0.0363275126849814 0.134746251987015
v -0.0335825442228528 0.354160333465315 0.0251918255731441
v -0.167997961220643 0.0835897451054359 0.104182224414013
v -0.195635886331404 0.0208931106523485 0.115304057566583
v -0.211854758240327 0.0352141375819083 0.0940795449719595
v -0.215080981526799 0.0705719579734957 0.0869113178065074
v -0.23290831097011 0.0598092547424213 0.108083942760607
v 0.166037506109043 0.108196374005951 -0.0892069520958619
v 0.0717237093813434 -0.0655481046948693 0.0278809273718355
v 0.0687408197667164 0.194178014887142 0.0285788877528887
v 0.0826653358877126 0.250386041411092 -0.0304690173321329
v -0.0128836279678666 -0.269139639016599 -0.079833329936843
v 0.0371496204751306 -0.107444745712983 0.0618450510539079
v 0.0339358518805997 0.312354393962355 0.0605953756486176
v -0.182304869265732 0.0780808115880792 0.148306110396845
v -0.00243168484718766 0.403215653740019 0.040629419738691
v -0.205453122569679 0.116957820040513 0.117440481186816
v -0.0618863404438564 -0.298054035830915 -0.00522691938475801
v 0.201591645568705 0.134288551637173 -0.091143970792059
v 0.185703672755261 0.143559394408966 -0.128042088136711
v 0.0702783779441268 -0.107798344076937 0.028639729103846
v 0.0828450889329669 -0.129883965729982 -0.025985592590905
v 0.0638324002659191 0.232816909726227 0.03272035813781
v -0.0122180557560083 -0.310809572962836 -0.0800984216492933
v 0.0363469228904158 -0.149514247203371 0.0616998173404014
v 0.035680990815331 0.346777837001922 0.0576959342267049
v -0.222737375023196 0.141222545304345 0.152252692199177
v 0.0418548893693115 0.426416632670817 -0.0249290315927559
v 0.196666036651919 0.133564329786282 -0.114020813115195
v 0.21758671499703 0.157196285992297 -0.14203231941565
v 0.0704499469105294 -0.150479653566072 0.0276974014120473
v 0.0777063441239172 -0.172170858325042 -0.0314950095830823
v 0.0688825017856161 0.272547308903535 0.0265980089704561
v 0.0838471850571136 0.335475283689795 -0.0297674292612634
v -0.0126262454115579 -0.352532008394108 -0.0792543942900676
v 0.035577291276357 -0.190969635694988 0.0617036798959583
v 0.0403115010140684 0.387172539007457 0.0465508500440994
v -0.243567906475744 0.165186923565973 0.181100907121111
v 0.0637474417248367 0.407119724925431 -0.0301015035602151
v 0.0706319162933047 0.401454716562138 -0.00952251069539431
v -0.253621373599709 0.0778943065282047 0.170177378849711
v -0.270226572197049 0.113569492065086 0.14211275889634
v -0.292948605568678 0.122322931247259 0.170287645283804
v 0.220070560203071 0.18276690229844 -0.16542799420149
v 0.0676620746590815 -0.189950728280808 0.0300492896485937
v 0.0874446091733516 0.375915223620837 -0.016472333211196
v -0.0140517491220524 -0.395300447235553 -0.0773168493425122
v 0.0358634407896936 -0.232490374260386 0.0608288921467445
v -0.239945442551148 0.0647715152868034 0.160852513929075
v -0.263918262042805 0.187432235480643 0.206772050445668
v -0.27749523152711 0.101407526880196 0.171654696850584
v -0.269810090253235 0.0948941999002462 0.18794215603017
v -0.28417180876537 0.108224552573706 0.178623862113798
v -0.291634088435585 0.137606790849261 0.163861708652219
v -0.312568689170303 0.148498264521735 0.187670511569073
v -0.303244637083955 0.172951935615955 0.177291880959115
v -0.0579020472336987 -0.420345117154264 0.000593343081850319
v 0.229057696158628 0.216629352829533 -0.0970562985787124
v 0.227797159967308 0.220892226974304 -0.179656211697169
v 0.235494674198538 0.275262325207425 -0.16102425129338
v 0.0680389691487024 -0.229621305412593 0.0289130515144206
v 0.0800450351020835 -0.253867801059147 -0.0296357835226466
v -0.015249136345373 -0.439041056742274 -0.0754915140260522
v 0.0357052365518644 -0.274447322629169 0.0604510385382211
v -0.254596789045722 0.111492081094962 0.212283764433715
v -0.266577363937495 0.155212974100344 0.230036389614829
v -0.287822463434973 0.213007953887846 0.229339240372127
v -0.296174558118387 0.121695030810986 0.208242188241891
v -0.310153927429401 0.165660267564049 0.182638333966476
v 0.0659246928429858 -0.554153042458138 -0.0441818195839461
v -0.325547649486503 0.197801999969658 0.200504557367887
v -0.0623175423222821 -0.460156574429989 -0.00508628879776334
v 0.236888898308474 0.252025268587431 -0.122619204865648
v 0.247972464299413 0.182398961193106 -0.158570534069133
v 0.246602111411636 0.216432388479718 -0.192583712614127
v 0.265603289962886 0.309999508215863 -0.178627752787855
v 0.0697057447150257 -0.275214704808937 0.0265930880545544
v -0.0100410239405194 -0.483503784335699 -0.0795158382849165
v 0.0348868988839811 -0.316658942579249 0.0607696787451476
v -0.278355542461661 0.129541220869474 0.230610588487135
v -0.291399046745348 0.175939855391857 0.25502205684759
v -0.314355468992512 0.240040164362933 0.255520547947805
v -0.332460315861555 0.189656386368818 0.205297721817215
v -0.356706595766774 0.200672347961151 0.230749293138029
v -0.350149620142615 0.224092770192481 0.225971186996701
v -0.0625433226208697 -0.501508748185317 -0.00658679214948888
v -0.0471015095799253 -0.535651205439578 -0.0391829716448331
v 0.26704283737205 0.235361307536381 -0.209700049042439
v 0.067817307986125 -0.317435239956008 0.0280404562732997
v 0.0837140994327459 -0.33788839285303 -0.026766375244183
v -0.0114553218805879 -0.523018361469491 -0.0765955217997913
v 0.0341273773389823 -0.358613757202425 0.060990237877435
v -0.316430303101827 0.200866838275384 0.279986684987111
v -0.0243693951401129 -0.505809887264086 0.0337790973666776
v -0.0153980042853426 -0.476478452666964 0.0432862968423386
v -0.35675906496063 0.214618812947055 0.229902476984274
v -0.378514329863586 0.22800677824817 0.251990937336838
v -0.343621313203139 0.263726965968983 0.264826658474088
v -0.0509842242421728 -0.551410441763493 -0.00955606605676021
v -0.0563581695799674 -0.542133330156515 -0.0151143952508088
v 0.285226890702094 0.235201359794482 -0.149761411417641
v 0.291589803408337 0.258825480838906 -0.15481960541519
v 0.305669125362435 0.264578029409826 -0.214119813191597
v 0.306012341102824 0.251439102766233 -0.193489914571513
v 0.283129183485951 0.270931372387785 -0.231863980176276
v 0.0681824123047052 -0.35996121650016 0.0271428488785046
v 0.0785975946026699 -0.381155168895187 -0.0323098135699321
v 0.00131638220914798 -0.55541750358712 -0.0719291115211854
v 0.0329999736316509 -0.400524318783946 0.0615122092936765
v -0.343230441025894 0.219211997486179 0.305867308925524
v 0.0782693952200215 -0.486183237278002 0.0145140668891225
v 0.300500979985047 0.257408125980169 -0.164576817610052
v 0.311807664294557 0.288115615557539 -0.174938648111434
v 0.301420121107388 0.315722838070099 -0.183746496708425
v 0.299584400548991 0.286350030353107 -0.227716770903141
v 0.0654460018160343 -0.399428001615611 0.0295041453292201
v 0.0322993850114064 -0.44522017286298 0.0614570147850325
v -0.000179136007642905 -0.485199857478139 0.0582614406333734
v 0.0658649694038033 -0.438127770186539 0.0282922841683959
v 0.0803429291106999 -0.465692611103838 -0.0308628552706689
v 0.0354579759542492 -0.492061193241931 0.0573795677102283
v 0.0654470120406298 -0.477982208050095 0.0278562800334836
v 0.0737920397239653 -0.557773051340784 0.00616824030285039
v -0.0565245351155557 0.0676971388043852 -0.0349819380775637
v -0.0466751097169826 0.0899400971188084 -0.0457969602578623
v -0.0606462587450273 0.0636927702716749 -0.00911838273674906
v -0.0568612932055621 0.0246587834229549 -0.0356056868748557
v -0.0476205578856409 0.0462078803496017 -0.0454388263252584
v -0.0558237464752582 0.113555637748809 -0.0359456677312983
v -0.0434033895769008 0.134236927709923 -0.0486290084094575
v -0.0262023098301082 0.0876064435239005 -0.0664955242027547
v -0.0336665321773214 0.0762213534301419 0.0222075974541514
v -0.0318159633054006 0.0643493311601913 0.0242234453593413
v -0.017747777663963 0.0667265547006542 0.0385368558636499
v -0.0307664803838029 0.0871053548315632 0.0252097703987245
v -0.0146460739193299 0.0921631035740715 0.0416253402265772
v -0.00924995225961241 0.0833522784648636 0.0470183410807916
v -0.0615308534109184 0.0248679889435015 -0.0102789928354641
v -0.0624049927642099 0.120041711386874 -0.0108234520869462
v -0.0515697117962543 0.103047843016067 0.00410014358992974
v -0.0558547125645824 -0.00517108416280654 -0.0392645023271968
v -0.0557150759899424 0.363865427378527 0.00103638098332774
v -0.0500792445040223 0.156404652414918 -0.0416142786669472
v -0.039381995877636 0.176211609310171 -0.0521557575252168
v 0.00582730742243738 0.0631699516476459 -0.0922875174732397
v 0.0177507954197908 0.0842120719905375 -0.0914368650014402
v -0.0290396603381182 0.0465313765471138 -0.0644858418555581
v -0.0239815841645972 0.131885963875291 -0.0682629897514376
v -0.0368314113314269 0.0358071729947771 0.0191894994798062
v -0.032844986958554 0.0243424470740796 0.0231928040963113
v -0.0188886597046146 0.0297004912508008 0.0377243155299874
v -0.0264101777370551 0.0531858172828364 0.0298783481493348
v -0.0170365544707372 0.0538402331764994 0.0393315986251968
v -0.00959688697534213 0.0479642642613098 0.0469968025696492
v -0.0346769136440315 0.106527784514078 0.0213456247868424
v -0.0285804106683825 0.0977517846009355 0.0274792464542356
v -0.0185075922728017 0.11028102709715 0.0377151057874308
v -0.0305134277226923 0.12697962246456 0.0257537487516513
v -0.015964303516104 0.133954518386129 0.0403309578764983
v -0.0100650091886328 0.125728493980969 0.0461194633324676
v -0.0637493051688627 0.163368466346809 -0.0186928997898934
v -0.057435863359808 0.147434090598387 -0.00173155075251488
v -0.0945227075912146 -0.0074130830318971 -0.0111045178681813
v 0.0386217140775767 -0.515116169432607 0.0530960545206995
v -0.056677103566499 -0.0259616285371185 -0.0414610367742065
v -0.0531824736673195 -0.0548395475929482 -0.044590273495377
v -0.0500890548782067 0.197223473399431 -0.0412353784924093
v -0.0416842753096538 0.217884934386703 -0.049446438601774
v 0.0100440329674552 0.0209634796297688 -0.0920143482529578
v 0.0209554119261548 0.0416922642280703 -0.0881899989733123
v 0.00602073501581431 0.106938396090277 -0.0930424979082139
v 0.0206031219279474 0.128287586785765 -0.0905113000460255
v -0.0298602541218202 0.000249190215639174 -0.0651014865649071
v -0.0220529978249283 0.174890697729799 -0.0697092829264424
v 0.00712896680786651 0.0851720174103849 0.0631399835741206
v 0.0167101821903316 0.105903707763914 0.0684680101169207
v -0.036446919619853 -0.00555104152415231 0.0248837520741674
v -0.0336066738957444 -0.0180044108864576 0.0285719300511211
v -0.020153885137095 -0.0084640609254835 0.0372391250803039
v -0.0302183778649705 0.00402715591601967 0.0262897527214492
v -0.0182767055119823 0.0141781368692978 0.0385397709277683
v -0.0113818222525968 0.00564575970391601 0.0459442981984698
v -0.0395097689267071 0.146951215015407 0.0168045028138914
v -0.0326927288198953 0.137223839093136 0.023563322469712
v -0.0212914833779542 0.151718947872781 0.035124295443394
v -0.0370741289202895 0.168576700164289 0.0194457221649969
v -0.019139225000716 0.175967019765085 0.037538711410729
v -0.0125694311527061 0.167796922253618 0.043961846981483
v -0.0871290116562584 0.00753551890488745 0.00471158696963531
v -0.0673897015749054 0.0112212072859034 0.00652912393964967
v -0.0644040465056415 0.189545145942978 -0.0193215116004841
v -0.142971778802028 0.00426850981346249 0.0159853310121485
v -0.146010694599253 0.056576452759463 0.0624217108757015
v -0.0944784620754285 -0.0401787231011218 -0.015377684537281
v -0.0860301440169141 -0.0578795970774663 -0.0170652952803359
v -0.0956904968135328 -0.018456459330045 -0.0156748450373641
v -0.0858258056261087 -0.026791905378808 -0.0222147778435049
v -0.0762077572480177 -0.0226685007522111 -0.026815810798801
v -0.0731956633623357 -0.0447919814434454 -0.0279276134124509
v -0.0579858080187565 -0.0811344273883129 -0.0399837738496532
v -0.0510472433557853 -0.0979453662665419 -0.0454989867850775
v -0.0438587304450611 -0.0773221525475059 -0.0532466172984312
v -0.0509683593012381 0.238498212214707 -0.0399213218284436
v -0.039708655414592 0.259994994808272 -0.0507906228236844
v 0.0370678484848247 0.0834575355068093 -0.0749593380762382
v 0.0418051834335915 0.0746223040019711 -0.0697435070887948
v 0.0552458615616114 0.0854059458817761 -0.0564408491891726
v 0.0480453843263931 0.0968089550064647 -0.0641538439048341
v 0.0557341125478701 0.0969456239999974 -0.057072278346458
v 0.00918145705576894 -0.0207115609267238 -0.0919037072736451
v 0.0218972342027624 -0.000808838797808588 -0.0865904514742489
v 0.00953646399392359 0.151122411692681 -0.0931030994185912
v 0.021317517178209 0.172672883633717 -0.0901159035055126
v -0.0241668139517593 -0.0421786708833941 -0.0721065923986891
v -0.0225837492789377 0.217345673383681 -0.0686416212452302
v 0.0493028620806469 0.0871991477574797 0.0519267186494594
v 0.00924442834684596 0.0439153377307487 0.0656113033340598
v 0.0189763177602523 0.0644136210062941 0.0700923088738036
v 0.00676738438358295 0.127231340515253 0.0623584868922486
v 0.0161546104091616 0.147730493406699 0.0675896694547124
v -0.06720595602344 -0.0137477012726235 0.0396171260812212
v -0.0573819381738829 -0.0013222357283329 0.0231318826422128
v -0.0444980885662883 -0.0409195944716583 0.0275590732154994
v -0.0303964934312706 -0.0499814905006726 0.0288163309701339
v -0.0190352338457873 -0.0639907608122643 0.0387997998308446
v -0.0299673145716749 -0.0297946429026847 0.0305053591443049
v -0.0207223605546842 -0.0309370782759738 0.0375699265841078
v -0.00891999680641388 -0.0421100501723477 0.0493800261079704
v -0.0402211269589505 0.191846425043119 0.0163659589969237
v -0.0370258988744724 0.180115527645188 0.0194682239977214
v -0.022870080769521 0.193964726685154 0.033924038641406
v 0.205903537203674 0.140073588222798 -0.113003843640852
v -0.0198020564401223 0.218450122248472 0.0372252367698627
v -0.0135318499794788 0.210469097782648 0.0433897061891483
v -0.104159642327534 0.0218232543977363 0.0324186812760092
v -0.0941510217839467 0.0130039953286462 0.0493101033966785
v -0.0969712859440458 0.0154989046387138 0.0256572234371266
v -0.0642927038421483 0.246851678826846 -0.0172153458222047
v -0.0564956752486197 0.23287201033931 0.000341958993299743
v -0.170627978835135 0.0176436317140128 0.038722554798401
v -0.1634346116833 -0.00152461301330175 0.0344969887012125
v -0.167959199636246 0.0274483491473136 0.0373514556481264
v -0.152502163326103 0.0270176462352869 0.0298109952228124
v -0.149479627784838 0.00998290410053442 0.0211623153466908
v -0.139208942497696 -0.0168850661379058 0.0119474079300592
v -0.120041403100134 -0.0382555806579352 0.00276554752046774
v -0.11276994031881 -0.0309553403286814 -0.00503679737414684
v -0.131128658260678 0.0328077629576572 0.0329620195418206
v -0.0778391478091531 -0.0742101042834219 -0.0218117738158193
v -0.065393565703757 -0.101419927245696 -0.0279380774752191
v -0.0664103161884473 -0.10508465741695 -0.0152971918454402
v -0.0606015253229944 -0.0969545334364763 0.00112488499947585
v -0.0515000192899252 -0.133469324904449 -0.043407548285244
v -0.0416331117118459 -0.115451697935465 -0.0540011597988903
v -0.0501004971514527 0.280381099861048 -0.0401047272897818
v -0.0437928613541578 0.303103856941572 -0.0460730368382431
v -0.227577521204984 0.0555906947417096 0.10175399553792
v 0.0756524557148414 0.0835644448825805 -0.0504258251009835
v -0.00832874066975714 0.323770607564653 0.049601263957261
v 0.0953558654416272 0.0983708651721819 -0.063916057210826
v 0.103704490985884 0.0877033421321177 -0.0635384769671548
v 0.0406254700761812 0.0421179122249602 -0.0700657478470945
v 0.0504266781196627 0.0228111728252078 -0.0598102356143057
v 0.0639984875452943 0.031768143165389 -0.0461283265262587
v 0.0455290626037502 0.0649623116600855 -0.0654824667819245
v 0.0534969298514622 0.0517238434939004 -0.0568756702198366
v 0.0676239782902864 0.0425089302811619 -0.0426751649443841
v 0.0389533323163029 0.123237986672862 -0.0742277529397615
v 0.0492898648340818 0.1397075068195 -0.0640323224541961
v 0.0656273626791735 0.141657768582436 -0.0470967964189683
v 0.0739952792155676 0.140422706783825 -0.0423237454834352
v 0.00867222947471662 -0.0626044951657876 -0.0919633764945415
v 0.0203940371030571 -0.0423644471199097 -0.087108182096671
v 0.00795223515093012 0.195106917959046 -0.0929857007628688
v 0.0196188460192721 0.216481711539202 -0.0911228636887021
v -0.0264145037763806 -0.0776768384731252 -0.0700555430944752
v -0.0223479162639788 0.260407409430358 -0.0682821783967608
v 0.0487165521794355 0.0431683549035515 0.0527705724416054
v 0.047867357800931 0.130235982136772 0.0522761733319511
v 0.00753621872293937 0.00193647928551245 0.0652410314827394
v 0.0194442818899813 0.0225286430920535 0.0709874932349222
v 0.00486529321800827 0.169322320141722 0.0609341314321996
v 0.0137251592383078 0.189784222669867 0.066813356584107
v -0.0969768512432001 -0.00050992691231544 0.0682483166683439
v -0.0946502553160138 -0.0105793404526199 0.0675512260919986
v -0.078678160082531 -0.0172192261670079 0.0528288677968844
v -0.0877409543077547 0.00486144090838728 0.0512902523368804
v -0.0748571219620305 -0.00964114630284795 0.0452042972412059
v -0.0702677922779856 -0.0451769719778459 0.0411800070247159
v -0.0566314176349479 -0.0286767983059459 0.0353623790579569
v -0.0400550332711842 -0.112837746277941 0.0170333410531918
v -0.0360124699508849 -0.0776281919479083 0.0228515435095378
v -0.0193698275772661 -0.102042607738855 0.0384492447792899
v -0.0194004844210686 -0.0769140792884746 0.0384535763804426
v -0.0112483991582368 -0.0821529521406907 0.0467927360213753
v -0.0395705755195704 0.23529469019366 0.0177023192057735
v -0.0335688499256781 0.223768213551242 0.02352951483291
v -0.0225370840919387 0.237166113541853 0.0346705502991007
v -0.0373816864360259 0.255470430381021 0.0201197186487357
v -0.0197471425473409 0.261443947616172 0.0378252203672998
v -0.0136459977005174 0.252771610296159 0.0437524774016653
v 0.000537095860447488 -0.179825703228161 0.057783956621689
v -0.116160538601545 0.0333855558890851 0.0585835259453488
v -0.0645547509847868 0.273391115301509 -0.0180796268981395
v -0.184467440636716 0.0182899214281036 0.0552850541660602
v -0.150935125178443 -0.0183657604597188 0.0256220030481797
v -0.177684025319673 0.038155319659226 0.0473667360901988
v -0.159463648385296 0.0443811316664425 0.0443438002880828
v -0.127420018843007 -0.0404982074051102 0.0129618656254515
v -0.112603888326271 -0.0550390857819839 0.0237739014212556
v -0.08433483991396 -0.0767503400447234 -0.0101960213259929
v -0.0698758772598007 -0.075996304366695 0.019333296456054
v -0.0641526872112042 -0.129020300944668 -0.0193613675589253
v -0.0600836315465964 -0.146024588467057 -0.00450705663126724
v -0.0538484084498227 -0.178474937141568 -0.0399019499014019
v -0.0432585797434165 -0.157441748752896 -0.0511763466952842
v -0.0496389658758944 0.325024140121663 -0.0398677255029155
v -0.041140917802844 0.347952086354558 -0.0481721287122168
v 0.0896178669376125 0.0657141544575204 -0.0423201690341465
v 0.112984683155321 0.061939674319945 -0.028756417883739
v 0.120606434550807 0.0840510613386073 -0.0646623926228579
v 0.128119656872764 0.0901150993761527 -0.0721598368502507
v 0.0753797730040545 0.118498826764068 -0.0498681503123047
v 0.0916024681119732 0.128713656240352 -0.0537996105127629
v 0.0826867958113506 0.0440429103410621 -0.0307129186417078
v 0.093149331143499 0.0334995953496734 -0.0167355909123377
v 0.0402459725862519 -0.00300569593953693 -0.0692700453067967
v 0.0457457206226333 -0.0126753586394407 -0.0636123042361429
v 0.0620574495032516 -0.00730837071217163 -0.0474254385018124
v 0.0495927737544983 0.0118242154799625 -0.0604773730781248
v 0.0647797418380557 0.0118929370202709 -0.0449602632016276
v 0.0674264751787875 0.00158148702701909 -0.0420781447022359
v 0.0884637092674326 0.155129368740167 -0.0271061320521917
v 0.039035336232322 0.175215873260459 -0.0742626595706174
v 0.0434463138731057 0.166349722713105 -0.0698904492909381
v 0.0573130465779065 0.158553867894501 -0.0555629520827845
v 0.0432046617469529 0.18663613919475 -0.0700841606143283
v 0.061109143701222 0.187554832997075 -0.0518023918855166
v 0.066183503930532 0.176278437671871 -0.0464673636085949
v 0.011787602007951 -0.104037311247347 -0.0915897650436242
v 0.0224681754296482 -0.0844980766438015 -0.0854489906541763
v 0.0072581653399128 0.237942381362731 -0.0926187159773832
v 0.0196005462971013 0.258815715547444 -0.0910466081465354
v -0.0233564280944127 -0.1197276137779 -0.0720577804644742
v -0.0237946600899386 0.302796339080263 -0.0663300786388577
v 0.0754536004589251 0.0641389833268908 0.0269412480060815
v 0.0481674167946126 -0.000232518414678603 0.0529014074272003
v 0.0471912794486166 0.169128599622586 0.0511975339860002
v 0.00795652115761942 -0.041700684400956 0.0660727538462822
v 0.0182182538885293 -0.020459128372234 0.0713271278096475
v 0.00356856956550289 0.211335388450952 0.060115446790747
v 0.0129582190893635 0.231412796833969 0.0665699740717374
v -0.13379050643826 -0.00105558523448742 0.0956425230951299
v -0.12425377859291 -0.0147333384288844 0.0841895977184954
v -0.119223547051047 0.0107060262801561 0.08856418851401
v -0.110923872765313 0.00111809778934079 0.0808311225315327
v -0.112666557534313 -0.0114529084215979 0.0806892887258226
v -0.102365587682394 -0.045240069587545 0.0533190075885906
v -0.0858860941334175 -0.0353570680911034 0.0548237972085667
v -0.0708488589550319 -0.0672988344886707 0.0283800926572056
v -0.0434438012467967 -0.146552210572678 0.0137148271677872
v -0.0390845847063894 -0.157764923297267 0.0181786555153365
v -0.0238295355379832 -0.150492220902932 0.0334444237617616
v -0.0392920572663625 -0.12619596185431 0.0178971911840836
v -0.0166995792927575 -0.115647774802603 0.0409503419207563
v -0.0142610050731999 -0.127931185212093 0.0432374541654952
v -0.0410669877252995 0.277561876508554 0.016627114229329
v -0.0374121959199262 0.266370874089394 0.0201096514618031
v -0.022887260413715 0.279622255402252 0.0348160051860209
v -0.0340413018263068 0.298717412704913 0.0238939247328898
v -0.0180954582228954 0.30397414785039 0.0398050509093935
v -0.0128887152823976 0.294820191084347 0.0448672428242499
v -0.146277587845738 0.060851189079518 0.0761523986980615
v -0.128326074535748 0.0449167994457873 0.0691689762050433
v -0.0642996396919635 0.336302744456462 -0.0165852487680388
v -0.0524274082248498 0.316825644234189 0.00570469722698189
v -0.184331855204805 0.0088223641286279 0.0821557072119907
v -0.161063674342347 -0.0117702144301732 0.0782290769768469
v -0.0643710245984722 0.292882440305898 -0.0123652257792179
v -0.0633078671180948 -0.261634929016944 -0.00772008371633158
v -0.191587183898889 0.0383640418070776 0.0597675517491684
v -0.182813203392861 0.0580550744550128 0.0596651184406466
v -0.145020254920003 -0.0277609949373386 0.0292876049922724
v -0.131057428673903 -0.0372582777768152 0.0556984092262506
v -0.0648411550378829 -0.172177399410446 -0.0154481142098831
v -0.0577502391457272 -0.191162055576101 -0.000907830334144976
v -0.0521295596676915 -0.223772001614802 -0.0408840106717654
v -0.0445259766154757 -0.202185786002282 -0.0490258953915909
v -0.0499336418694252 0.370056435382301 -0.0377840677085596
v -0.0426703115094442 0.375871073707266 -0.0456045298315725
v 0.12013984482952 0.0787475508774185 -0.0113410951149422
v 0.129278518555605 0.0977030600596664 -0.00787864694533964
v 0.125456481219286 0.0783603294527523 -0.0563314668960914
v 0.130289800289415 0.0735978674039623 -0.0386863021768351
v 0.141606042858306 0.0810899553574598 -0.0342346211794234
v 0.139142237285323 0.0902185052867648 -0.0712920801413907
v 0.150331792562021 0.0920034917365455 -0.0671174431690721
v 0.155076455868555 0.0917540976583698 -0.0479599885623936
v 0.0931491909940031 0.0503002911535619 -0.026688740125176
v 0.1241209188814 0.111035152083775 -0.0800737708497255
v 0.138235531393497 0.1442391258292 -0.0962436587511874
v 0.136595623865713 0.123457341430064 -0.0919563672265899
v 0.103107761884386 0.149383255006831 -0.03004785445259
v 0.117696468096201 0.147661872228745 -0.0234098277460148
v 0.104653604058894 0.142898552637219 -0.0551230225956992
v 0.0877788793434682 0.0206621901749572 0.0128766831695499
v 0.0655861462917557 0.0432427867017636 0.0361974095987327
v 0.0956590431167986 0.0374324173178959 0.00352546053596276
v 0.0944689944884747 0.0474513991830979 0.0070495887972318
v 0.0937968560164968 0.0128706924046822 -0.012712975973052
v 0.0389152947987729 -0.0443391820803759 -0.0699628949223352
v 0.0438832583287799 -0.0540285297079959 -0.0650110872520091
v 0.0608456411414273 -0.0543348969539943 -0.0482116859312425
v 0.0469565249006027 -0.0310581675998567 -0.0622562107803325
v 0.0589922600857981 -0.0257503022194324 -0.0502408921368888
v 0.0618757948938195 -0.0362548791163773 -0.0472582673980736
v 0.0817109897805892 0.0948861392557197 0.0217541156125178
v 0.0922722841123827 0.13321626559236 0.00751454872071329
v 0.0822203284782718 0.18479297776043 -0.0300418169858174
v 0.0920490292892911 0.169277885636881 -0.016804971914183
v 0.0381137497125058 0.216641105854271 -0.0752265065198961
v 0.0425790323314479 0.206584600832708 -0.0707586590332864
v 0.0558065987194469 0.197389960249256 -0.0572920775812243
v 0.0421501029963752 0.227012316305128 -0.0712105152217021
v 0.0578027505591371 0.227437231309944 -0.0554780664138545
v 0.062299386395297 0.21772580436224 -0.0508287415831564
v 0.00923047120701798 -0.144788327723068 -0.0920258430173038
v 0.0215856618087745 -0.125849421114139 -0.0863177144468621
v 0.00745859496150037 0.281231585312862 -0.092323464252901
v 0.0210487252273042 0.301784303085793 -0.0903500616017288
v -0.0239498235141148 -0.160914369826245 -0.0704859180385307
v -0.0220800071507397 0.345321382960411 -0.0672928268963848
v 0.0470664022491348 -0.043578805609992 0.0532275166523967
v 0.0432352474408778 0.209848806575385 0.0536739895012641
v 0.00662983809362688 -0.084996873089991 0.0644385082018827
v 0.0179279892194428 -0.0641298400096307 0.0709260921465327
v 0.00341287461333052 0.253103920650592 0.0604351910718625
v 0.0133002455163532 0.272708022206443 0.0668394726742927
v -0.159412876165456 -0.00248330251954944 0.0988861937136164
v -0.140494562779504 0.00142233273447229 0.100270572855609
v -0.125443919503189 -0.0281078643813984 0.0728994965973492
v -0.131717373034479 0.0345857538364103 0.0994267991994505
v -0.12636911073072 0.021340999559962 0.0957652221407071
v -0.041609857830475 -0.188556282084119 0.0155905411930642
v -0.0373756533560859 -0.197542789085266 0.0200420908358482
v -0.0227919042247803 -0.19126994655286 0.0344585277832648
v -0.0374781141314192 -0.169437355236987 0.0198093267035703
v -0.0220396406701436 -0.163884772463682 0.0352993448590496
v -0.0141571735584548 -0.169929218827102 0.0431187840765464
v -0.0370472615282303 0.320510483421315 0.0210769041732084
v -0.0329651080178677 0.309876311105668 0.0249565522926771
v -0.0214470470341215 0.320833917928204 0.0366501042224163
v -0.0331449581375964 0.331925351760421 0.0249943363580167
v -0.0174883705450969 0.345460555359942 0.0406754698920329
v -0.0121231614542883 0.335954431301536 0.0459209348709158
v 0.0483717842086597 -0.475457459169892 0.0449168141763172
v -0.0575829935453585 0.375045589640709 -0.016735492484466
v -0.061421978855191 0.363580812039221 -0.011831596247623
v 0.0894813629685511 -0.483727329175014 -0.0210352158907278
v -0.0450710584443871 0.392438462396151 -0.00831783468625975
v -0.0397838113601605 0.396977049255333 0.00152584564723716
v -0.0387993204910852 0.392784551230317 0.0137470623523156
v -0.210447656081747 0.0487822096321708 0.078960522196352
v -0.0515809039369756 0.354034768219125 0.00679395673683565
v -0.206319022972215 0.0402647718767915 0.0758104766296573
v -0.194801348233398 0.0806295520606498 0.0800045755163751
v -0.190926728180944 0.0899478125028558 0.0872604946177184
v -0.0657435509510198 -0.232801154448896 -0.0198037872926899
v -0.0500076657574699 -0.266398536281601 -0.0424945334253838
v -0.0403827127014297 -0.245984046861015 -0.0523967532963516
v -0.0274476670306849 0.38180988802681 -0.0612731479548797
v -0.0122653330314391 0.393402832936426 -0.0650934718067704
v -0.0308641952707245 0.407242180190455 -0.0320800457769279
v 0.137972749160332 0.0839392356313097 -0.0212507842349701
v 0.15918837846544 0.0967564145201393 -0.0388056736828204
v 0.147882287434417 0.101182085801804 -0.0185822006473247
v 0.106853001288701 0.123060115298486 0.00169971567792232
v 0.113540420937313 0.113382579238534 0.00144182273918811
v 0.123994801099211 0.11445176721922 -0.00235624435376891
v 0.11059159631727 0.133628295788984 -0.00597320907611303
v 0.130515390647189 0.135080334234427 -0.014323930990349
v 0.1352789234871 0.116550114425851 -0.00756782608275817
v 0.165255060609016 0.101297552840169 -0.0696749639725123
v 0.175217156060393 0.109300989858056 -0.0661392607899761
v 0.159512183374757 0.113899195061941 -0.0978864743685082
v 0.150991695004012 0.133467096293832 -0.106815702378257
v 0.170229634574098 0.127405765021765 -0.112097321136849
v 0.133191629952294 0.153993619676276 -0.0813371470074392
v 0.145640711649721 0.161018852749838 -0.0977622475168163
v 0.118014658691723 0.153943504240725 -0.0460943404867877
v 0.085220753498636 -0.0136669798174945 0.0150361296380078
v 0.0648428364906323 -0.000686515172378507 0.0362479992740372
v 0.0914239485667857 0.00904544208149144 0.00873716221696783
v 0.0899907167855711 -0.0294902199348763 -0.0183454334442609
v 0.0415053847929338 -0.0867887241748938 -0.0672054939544084
v 0.0471940949181198 -0.097664111311433 -0.0615525721190597
v 0.0645566620750003 -0.0932008311804065 -0.0444653662087515
v 0.0446154982463961 -0.0748576793410775 -0.0641456261245431
v 0.0568064368580204 -0.0635966411958514 -0.0521703195846898
v 0.0622424283767863 -0.0732164771616859 -0.0467648921803119
v 0.0825012860890676 0.151740813862719 0.0154487833167746
v 0.0630470572885617 0.170651983976919 0.0352946485125957
v 0.0918392769212961 0.171022306979502 0.0036369703298575
v 0.0781600078490289 0.225960203166933 -0.0346788283620332
v 0.0896337681134263 0.2089271003329 -0.0222431836402546
v 0.0387148913670501 0.257841300997673 -0.0748084787383906
v 0.0427149820369174 0.24754195481226 -0.0707744547095887
v 0.0545034878008836 0.237493512060109 -0.0588176802929518
v 0.0435102854113318 0.267866586051073 -0.0700835591224746
v 0.0621544315458531 0.268589811286481 -0.0513304702384844
v 0.0651650290847059 0.257897034695729 -0.0482151485058698
v 0.00847653109329452 -0.186646699742917 -0.0919375851484523
v 0.0206881082472272 -0.16683170827518 -0.0873331884971351
v 0.0114284315891443 0.325514201431528 -0.0925695805780657
v 0.025617955968138 0.346317968955356 -0.0870618189037163
v -0.024259083912561 -0.204217249411919 -0.069331217028443
v -0.0169808189131483 0.364912916689874 -0.0720401813360711
v -0.00233127233128826 0.375809232104457 -0.0790345053916845
v 0.0460435162654038 -0.0863554900090833 0.0533829750353268
v 0.0444962542279291 0.250878169480361 0.0513660708375718
v 0.00456992058599307 -0.127693212307563 0.0620249212409777
v 0.0158532859159066 -0.106969799328545 0.0693349624712109
v 0.00404625710291767 0.29387881492636 0.0613781677800795
v 0.0137862827344367 0.31327254966017 0.067205263344087
v -0.179096427354324 0.0217601655539693 0.123898274662248
v -0.160546432244021 0.00608494395576588 0.108180409409481
v -0.14364726472342 0.0091058543673478 0.106228362358027
v -0.155732013491325 0.0456594629333599 0.122840625360369
v -0.145609985174242 0.0290212857244585 0.113329271444902
v -0.0428814476369968 -0.226540859170317 0.0144345676574774
v -0.0410164088156298 -0.238203073989438 0.0164239716434044
v -0.0242684449185802 -0.232306962963268 0.0331037510163502
v -0.0371868992415459 -0.207272427097354 0.0202032947342403
v -0.0214435610589944 -0.204882686727372 0.0359142338918995
v -0.014111065947286 -0.211199662267677 0.0431743557542157
v -0.0416462732713203 0.352998354154433 0.0168739458220823
v -0.0200951001254743 0.356600690188092 0.038331404941134
v -0.0315432978849278 0.374147405070924 0.0274333931352866
v -0.0252509627954765 0.382305900157351 0.0335829022917569
v -0.015398346545502 0.364552772275155 0.0430166930931609
v -0.186099439579355 0.0963678160103348 0.0972628466272871
v -0.17087344192292 0.0861576253075371 0.116413219723842
v -0.0221818094561226 0.416270285131501 -0.0155186523167886
v -0.00840047695590859 -0.179223010526397 0.0488898028479537
v -0.0266581396354269 0.41107679176134 0.00666842474504427
v -0.193005080293539 0.0170179284847242 0.0936734862367335
v -0.21558986674506 0.0380924781110279 0.110949091489482
v -0.209255442011303 0.0323856524994824 0.118323394668939
v -0.228424883673244 0.079230217561834 0.100484616732537
v -0.207535289656197 0.110966964657439 0.10656742964099
v -0.0660152289277388 -0.259235206280332 -0.0194131630981117
v -0.0620420401075214 -0.274181166345299 -0.00581023870066774
v -0.0486439791196175 -0.307008514183547 -0.0434809338337992
v -0.0403946267958863 -0.287595512303545 -0.0519596670425495
v -0.0170656394937252 0.406155939854625 -0.0524386733412048
v -0.00423193171960411 0.418552417265329 -0.0415322441679693
v 0.171516812931404 0.107673557343033 -0.0489044110254427
v 0.144772918510569 0.132873269378484 -0.0191827746720876
v 0.149360971366219 0.112483382555729 -0.0175211557722661
v 0.155018856126696 0.132867657564907 -0.0252285920544924
v 0.177046081091043 0.112946431165086 -0.0858726206867812
v 0.181177350279076 0.115134205405352 -0.073875675545436
v 0.190023142822491 0.123722338147674 -0.0712111463414664
v 0.179603807751543 0.125284883876825 -0.110969494432793
v 0.152997457355023 0.157280638824838 -0.107516867500007
v 0.160383533312414 0.149087320021368 -0.114320304767121
v 0.16998034342812 0.163667643841381 -0.124993620160144
v 0.168354188751365 0.151163247621802 -0.121435219883682
v 0.136049504661593 0.161190644900704 -0.049631523558383
v 0.155115289648302 0.177869605557745 -0.0830513114560871
v 0.155276727183339 0.173826647366379 -0.0586848595436835
v 0.0860393721451536 -0.0552723081741745 0.013350314915765
v 0.0640379302872452 -0.0441938445386668 0.0363154675904276
v 0.0936421488374666 -0.0340164950802526 0.00384453399374053
v 0.0799849618548789 -0.0704185612326024 -0.0288301391738869
v 0.0914081397711623 -0.0860707825955425 -0.0164293181773489
v 0.0388296416945721 -0.129604553869531 -0.0700226715447719
v 0.0452055492605291 -0.139815540981235 -0.0637518384190664
v 0.0605868125446494 -0.133352006758339 -0.0484325194254664
v 0.0490617952785317 -0.117556101955214 -0.0598990156179274
v 0.0620887997869769 -0.112387204043556 -0.0469133352334731
v 0.0659250335760545 -0.123991661947365 -0.043049882122268
v 0.085029260200955 0.194603396512687 0.0115813319661293
v 0.059794494546065 0.210720114311072 0.0373349163304537
v 0.0926563533145352 0.216169144422207 0.0015730976527344
v 0.0933991241372544 0.265362816943454 -0.0176426377131647
v 0.0395685368989257 0.299116546498989 -0.0742265521466372
v 0.0437174656334371 0.287698419968721 -0.0700636969022722
v 0.0579587454897237 0.278806160138925 -0.0555789856816354
v 0.0462394182720238 0.307937828328811 -0.0675854474887976
v 0.0598304963335328 0.312126932685329 -0.0539608260967523
v 0.0646263611098406 0.30044312672973 -0.0490551297434829
v 0.00905036280382553 -0.228863172412983 -0.0918031703334328
v 0.0214050143800932 -0.209103269786811 -0.0870349744786908
v 0.021232056186269 0.371475623989126 -0.0834796877061885
v -0.0225938549946136 -0.247203592081071 -0.0703095610250466
v 0.0451971570769828 -0.12866497146515 0.0533480253585586
v 0.0433353895345935 0.292297371831987 0.0516670046394765
v 0.00459900894025824 -0.170057452506602 0.0617576679757794
v 0.0150543485424382 -0.149240464115212 0.0684885048129004
v 0.00416226171934968 0.333471823224155 0.0617002569132467
v 0.0158840763347022 0.352808739543569 0.0660990224783371
v -0.194122894437684 0.0297068219569626 0.131712881424824
v -0.1662177938193 0.0669206375686204 0.131219430484715
v -0.0425839641024289 -0.269318899116328 0.0149638329399393
v -0.0389582308289873 -0.278774172335095 0.0188284813706982
v -0.0238535613374462 -0.273101408836575 0.03370099933271
v -0.0393081907001994 -0.248699376740312 0.0182358420539443
v -0.0228363248940937 -0.245369362160901 0.0346791108127513
v -0.0148322805611237 -0.251986166305764 0.0426197545023855
v -0.00985919583917448 0.372613140946817 0.0481780795542021
v 0.00711100108400882 0.39891315274259 0.0454841798168087
v -0.0200193087405607 0.416181917572161 0.0133245459871347
v -0.0221728442391533 0.403992657829425 0.0300854617876371
v -0.209642467970226 0.126002074405455 0.140026081042844
v -0.19255657829384 0.108312676799446 0.137365560245018
v -0.00812337508473425 0.42769329233351 -0.0216782497049903
v 0.00667903162569623 0.437468144392434 -0.00874367464071783
v -0.223486750969098 0.0467538304451655 0.106486622216061
v -0.222664838128385 0.0450280753587099 0.12436809195004
v -0.245512532724129 0.0722466628511941 0.122423971045957
v -0.236432506478006 0.0988790377805884 0.109436757353274
v -0.253526975959111 0.119944050294382 0.128021955626958
v -0.236758901271545 0.117925656992562 0.117833253828611
v -0.0647036906628134 -0.313441900374586 -0.0237866746361213
v -0.0485133523394532 -0.34712130263232 -0.0432394537967197
v -0.03820778271679 -0.328211935638338 -0.0537343873824059
v 0.0232010321741828 0.406167469449848 -0.0551751972439668
v 0.0385015144576713 0.418421061085487 -0.0421661180373398
v 0.173482667099949 0.128713643742408 -0.0398825800626307
v 0.195219784389221 0.138599435839336 -0.0606076911467772
v 0.182167989336001 0.150995315978828 -0.0480925338833035
v 0.15142142606888 0.152661934378494 -0.0324924669132107
v 0.165501510915622 0.173468778020261 -0.0526980956838332
v 0.186609053210675 0.123452874368924 -0.102565253556966
v 0.195601063215252 0.129452608357832 -0.101964903125338
v 0.196254504581151 0.129221801148489 -0.0813903078875091
v 0.20813717439942 0.140797227980971 -0.098966014631053
v 0.187180800534956 0.160090682656216 -0.138413779865323
v 0.185933555151975 0.152262536651515 -0.13398969757446
v 0.186845790422411 0.135446455760024 -0.121314729739744
v 0.204870578261774 0.149234415764495 -0.134580088421064
v 0.169726270197074 0.178887669462428 -0.123554917296757
v 0.186865651598855 0.204667609115845 -0.136934655393966
v 0.184404799563544 0.183890943594969 -0.138514550426602
v 0.0823599741623108 -0.0973567061136886 0.0164341472121057
v 0.0627144049587024 -0.0866087897060328 0.0368509396919218
v 0.0921015706108548 -0.076168136139899 0.00565347369619652
v 0.0921994174700143 -0.111538796130563 -0.0150279261420506
v 0.0390939468294373 -0.16887574883609 -0.070059317168652
v 0.0432527513604555 -0.179616722726487 -0.0660539473455219
v 0.060388280646358 -0.18087204150296 -0.0490518174987929
v 0.0437468014967512 -0.159005474046956 -0.065360798885827
v 0.0573766315460169 -0.15211168019844 -0.0517741078328323
v 0.0606084343594368 -0.162467516753277 -0.0486419157840806
v 0.0813182269052276 0.238010123595396 0.01450622691012
v 0.0592337116166536 0.254731971444453 0.0369097538814412
v 0.0894683742120622 0.260012518399772 0.005698013644809
v 0.0832310633523296 0.308177743668441 -0.0304021387257609
v 0.0943790128152191 0.293259863710347 -0.0160544084976448
v 0.0435081410975905 0.337878390873085 -0.0704724238130412
v 0.048121799943471 0.327122812675314 -0.0656684770604285
v 0.0569363191713701 0.322821595314907 -0.0568942217320647
v 0.0548062295362874 0.350902920066187 -0.0594484473817658
v 0.064079052820903 0.352224412954564 -0.0500530400353834
v 0.0678464456384806 0.344396965022548 -0.0460700694190042
v 0.00961385627077316 -0.271034276303004 -0.0918245011626538
v 0.0210239549964915 -0.251041385476518 -0.0875349703450011
v 0.0322953467993691 0.388021304153501 -0.0705989992145512
v -0.0218132117164966 -0.289104211890224 -0.0706077883332857
v 0.0442940762070032 -0.170275477636537 0.05342501645754
v 0.0440100295010671 0.329944906397885 0.0500868066609345
v 0.00445570798717409 -0.211460193742566 0.061619978405878
v 0.0147842118608253 -0.190913438282028 0.0682066614723493
v 0.0119863419075845 0.362440944292927 0.0641108639672487
v 0.0125961149627084 0.381684105011783 0.0579092598802548
v -0.208553150885045 0.0377147740296578 0.137151513452294
v -0.217575340954813 0.0506946605767033 0.153819884555413
v -0.196681037701016 0.0362175243648093 0.139307417171709
v -0.209613684312896 0.0593667360337653 0.162319167558907
v -0.191632859977331 0.077149831953584 0.157991677731982
v -0.191100552194758 0.0577468778087475 0.153963260894168
v -0.188175615199947 0.0451229678251977 0.146113986893673
v -0.192339230123005 0.104628667774001 0.150273564322599
v -0.203341394646552 0.104856765489332 0.167619927811645
v -0.0458542079907839 -0.308241498129795 0.0119698998759548
v -0.0441712936641574 -0.32096139554294 0.0138149274580654
v -0.0263902016458552 -0.31535190908354 0.0314844125864017
v -0.0392606269321871 -0.288518116672481 0.0185395793174781
v -0.0228087241527654 -0.287109156370443 0.0349209400486968
v -0.0154480473540476 -0.293898259398107 0.0422387553339963
v -0.0115710755578507 0.420129058835033 0.0181783450052214
v -0.00605733209724424 0.417909051158216 0.0259038720100518
v 0.00720437361114929 0.429408410762521 0.0149689080930516
v 0.0149390997319691 0.424623918134488 0.0217645756085183
v 0.0166874860986745 0.41255666791299 0.0337189875935316
v -0.22767464517634 0.146978289563653 0.173955418464649
v 0.0274656922867621 0.436545258199453 -0.0156507153000491
v 0.0420749562088453 0.42893408000269 -0.00469456991684389
v -0.240045923062832 0.0630032514005992 0.137487115792161
v -0.231940301617195 0.0545408842082691 0.139901922464364
v 0.073544455494713 -0.429177350620597 -0.0377602452406997
v -0.264616608678664 0.0941222496250431 0.140385864602969
v -0.250471933145665 0.0913156539847337 0.122130540429839
v -0.274721607160709 0.140196394531093 0.147611425744389
v -0.267912742601041 0.133975594945191 0.141217322979618
v -0.250908989301522 0.130400492582414 0.130749448187074
v -0.24211274011744 0.147039963249691 0.141474310066338
v -0.06466910395612 -0.339032535412756 -0.0228511653859719
v -0.0625756757567192 -0.353748735710161 -0.00610282706157947
v -0.0532054592158559 -0.388074962904687 -0.0381944676827775
v -0.0417875124364093 -0.369138937797107 -0.0498122015046145
v 0.0529794259848545 0.407327957378186 -0.0495542104990486
v 0.203613807469161 0.142983469566989 -0.0696263535673474
v 0.210148299021396 0.14830666468279 -0.0766894306235301
v 0.0772438162413607 -0.447945445392062 0.0165062205479547
v 0.195929065611824 0.180130435178011 -0.0653673184386643
v 0.212952128422764 0.146801924101371 -0.11734164730693
v 0.220490244533364 0.153442333270289 -0.111945279421095
v 0.215304657118832 0.14844459671465 -0.0946977732488246
v 0.212402378560407 0.148113712799166 -0.127314095845448
v 0.226082703590025 0.15851525018449 -0.116464166249898
v 0.228557048631386 0.161083325176235 -0.106729936795451
v 0.190375016829313 0.176567308303084 -0.143915410994086
v 0.207380405308461 0.171206359561042 -0.153533811384848
v 0.17178430349727 0.194360760778385 -0.107848365111268
v 0.168804589183076 0.191403502928288 -0.0929015852203704
v 0.184706092488987 0.20351740108835 -0.0879131530207443
v 0.182716285926665 0.205686738718213 -0.123706253274675
v 0.20119042594274 0.224836809925925 -0.112351104026677
v 0.197896878493567 0.218549093207627 -0.102665086428936
v 0.200223698447102 0.221752430941637 -0.149895022416248
v 0.0832315190730479 -0.139162605245366 0.0148900369347382
v 0.0621190381459589 -0.128866358334544 0.0366796233794654
v 0.0905118794445431 -0.117135604046447 0.00754617582186476
v 0.0893364848258879 -0.156145841000387 -0.0191893262050568
v 0.0405349915714483 -0.211592799609883 -0.0689399669783866
v 0.0459410357381995 -0.222043339771508 -0.0636145301436397
v 0.0633187582183097 -0.217932297203 -0.0464255180874757
v 0.043811844157957 -0.200249364160014 -0.0656188861032738
v 0.0562120112681496 -0.189936766178105 -0.0532843394109557
v 0.061390642821191 -0.19912987320601 -0.048206534755162
v 0.0802213616380468 0.281271040240108 0.0147643115708339
v 0.0601065234881077 0.294739474642528 0.0350305005620194
v 0.08970681735921 0.302536262454565 0.00495443796469574
v 0.0933963250546064 0.35053163737843 -0.0141043882188396
v 0.0483017938508216 0.378851678870011 -0.0653269076802045
v 0.0517238941850558 0.369506731486496 -0.0625027439274418
v 0.0663605888190143 0.37233700244258 -0.0475719827236935
v 0.0615630223968374 0.391450911943333 -0.0513025788071512
v 0.0716723830527383 0.378506839757371 -0.0414901652199499
v 0.010372762957084 -0.312959706836052 -0.0917772760925283
v 0.0221769046269057 -0.293149038973902 -0.0869465015892367
v -0.021172598179007 -0.330478192464745 -0.0708191202130825
v 0.0437659056075905 -0.21160312965357 0.0532926742446596
v 0.053677128659393 0.369275648101263 0.0393896197577337
v 0.00413578912099741 -0.252860030187566 0.0614316965254886
v 0.0147331790464722 -0.232351186495977 0.0679464353484365
v -0.233488547749094 0.058750505515913 0.156007497039086
v -0.219555937574945 0.0738464921621729 0.175317181667232
v -0.218648698728593 0.0976098736846579 0.182340720134261
v -0.202093348281255 0.091500267809847 0.167618633431657
v -0.21872231725337 0.130463555461119 0.179192664732024
v -0.045980377344527 -0.352735679744937 0.0122697457939749
v -0.0409928982277186 -0.363910332537191 0.017325564575773
v -0.0259163176885938 -0.357250444610311 0.0321535099855996
v -0.0426210206671278 -0.332409420925226 0.0155202884234967
v -0.025022730615021 -0.328857974198822 0.0330245451282956
v -0.016710233430988 -0.335660151618284 0.0412605638369723
v 0.0266188229772211 0.424446919766399 0.0206075607154685
v 0.0365583329731008 0.40786684769175 0.0352533458896783
v 0.0138327756734265 0.293145270999028 0.0671701885107492
v 0.0361575543376387 0.426631351207485 0.013174099541647
v 0.0463898297295979 0.421123757995421 0.013832481178717
v 0.054408623461357 0.40686254080158 0.0274152505886064
v -0.249672101068089 0.170426486432127 0.20226503085388
v 0.0593941106536893 0.412254494793692 -0.0214693468302293
v 0.0584582868555632 0.41412498624083 -0.00164760840164722
v -0.265158549610644 0.0893308538089826 0.150569727683999
v -0.252593000489887 0.0760284780984717 0.159163123760944
v -0.281143656824396 0.113757444351696 0.155232842935075
v -0.282467660647011 0.125489571320759 0.154403076679596
v -0.295183048069966 0.158204663738973 0.167797646095823
v -0.287268805332855 0.1537716733807 0.160495961583435
v -0.280274330655193 0.146697379359482 0.153440651758899
v -0.266239391396376 0.160451129705785 0.155129585318093
v -0.294631134337474 0.168853349367017 0.17016211853838
v -0.283705698367006 0.173819087519179 0.168530387535674
v -0.261294680638135 0.174933910834283 0.169938546795663
v -0.0656804495179212 -0.380927777512614 -0.0149348467007517
v -0.0568579702638044 -0.397255343311948 0.00154000977901884
v -0.054797036969324 -0.433989047861111 -0.035929379320767
v -0.0443625194906822 -0.412921717544307 -0.0467299620172764
v 0.216015000514267 0.153795837935533 -0.0835286490880308
v 0.212578954905882 0.173759048580725 -0.0761906726305853
v 0.231902398654435 0.167847155091801 -0.0996310054878589
v 0.225216320990637 0.182832043481436 -0.0895208710399233
v 0.19396289515031 0.201870694225173 -0.0794518848677832
v 0.2064366989546 0.217257653891655 -0.0931065530749781
v 0.23141510782551 0.167452296097093 -0.149045657124676
v 0.213656044728256 0.20894784478735 -0.165564820752931
v 0.210098603452161 0.240392678908354 -0.145213853752501
v 0.215720734556079 0.242130013458412 -0.123145778490366
v 0.0841433270039407 -0.183363076868893 0.0132874032449992
v 0.0616768434286611 -0.170670897174277 0.0363947825616424
v 0.0922799203762655 -0.16106423756085 0.0037437813525173
v 0.0791619289606107 -0.196735314873764 -0.0302719889083469
v 0.0904189485686843 -0.212642411748625 -0.0184588537718633
v 0.0386101028233013 -0.254071890248722 -0.0712266120113584
v 0.045176694523337 -0.263183560640465 -0.0647551804946617
v 0.0637620950184795 -0.264436698551219 -0.0462412704293928
v 0.0478348545360178 -0.240957391011459 -0.0619768424034811
v 0.0602255039240067 -0.235104308241172 -0.0495906271932081
v 0.0636699923589082 -0.245076910467093 -0.046183456112033
v 0.0799711654281055 0.323981851755477 0.0143603936193576
v 0.0652918192642996 0.321412656082576 0.029361524295228
v 0.0848228703200651 0.344298323980465 0.00903278933388534
v 0.0765670333266101 0.381882621448944 -0.0337578228442269
v 0.0367026817709684 0.310366192949973 -0.0771147950969026
v 0.00946813520084009 -0.354893229012639 -0.0918846840962633
v 0.0221031032162202 -0.335198337561761 -0.0873015212737882
v -0.0227613102117052 -0.372314435176908 -0.0688191615718677
v 0.0446783739515005 -0.253290032818667 0.0518453108853506
v 0.00352181525486352 -0.294663684201319 0.0610802162756553
v 0.0144232926251676 -0.274049873321626 0.067736011918997
v -0.233824383020273 0.0740273224451086 0.178354367031924
v -0.232692718023564 0.110856808886683 0.195931741841308
v 0.00863560008571358 0.303027459428854 -0.0924247345790542
v -0.0430005015517133 -0.394305979576617 0.0153682350281999
v -0.0403440864074486 -0.404099675982962 0.0181046300430376
v -0.0253898024366008 -0.397645659759725 0.0329072731432832
v -0.0386557552241793 -0.375122932548452 0.0196773514476742
v -0.0241154316140248 -0.370836603385189 0.0341242121956105
v -0.0163651356569574 -0.377271566152919 0.0418479357021187
v 0.0618225141265081 0.410647941515136 0.00947615158828278
v 0.0681046139462022 0.403222999712786 0.0100801070719346
v -0.271967269447908 0.193431373421301 0.227075733633594
v -0.277354319885706 0.103318720220922 0.1578945873477
v -0.269898239109394 0.0937010373113405 0.176008976816407
v -0.285993079561195 0.110242858979298 0.190420750425474
v -0.277949856569971 0.102928466914455 0.193847523536038
v -0.302622989339919 0.133993684634804 0.179701088806025
v -0.301772699004878 0.150767754759465 0.174105812428132
v -0.313349353271274 0.186464502772244 0.188521921186357
v -0.303189867283267 0.183736112712343 0.181630091674921
v -0.281144507199781 0.190849442454362 0.183829246987552
v -0.314325090460371 0.195971504296482 0.19333150875955
v -0.30386111210668 0.202200894579845 0.194985633688059
v -0.27989991695486 0.196947010622329 0.191872228201642
v -0.0657462209626514 -0.4374835556213 -0.0137652591945966
v -0.051392984042593 -0.479195893003278 -0.0383542576228131
v -0.0445731816468808 -0.456448839825992 -0.045723068070984
v 0.0356277018818063 -0.116141524144822 -0.0730736787989147
v 0.244140988183401 0.204372590893989 -0.107135760946197
v 0.0086382653613538 -0.464905081619377 0.0651702606290136
v 0.235644970873758 0.16814227549565 -0.126989283031803
v 0.252387212171714 0.185023930313577 -0.146875041252891
v 0.255128578228263 0.187878930437997 -0.135415560792767
v 0.239474081381168 0.187614652121827 -0.172655703022145
v 0.239059565495623 0.179662197739591 -0.164207505673639
v 0.250446578670717 0.20116811793559 -0.183052523861539
v 0.229034117303844 0.243223897484029 -0.18165845250865
v 0.244161337279444 0.250886233790404 -0.197443486130065
v 0.221244451322821 0.254468236435352 -0.164085125423577
v 0.0841362992132808 -0.225518857433367 0.0126650984992598
v 0.0597974918426243 -0.210878227605014 0.037568466500667
v 0.0919007899717643 -0.20383916463586 0.00376184271197111
v 0.0906036015320382 -0.239134425059515 -0.0180661323610702
v 0.041149899984821 -0.296220550025388 -0.0690838840684386
v 0.0478278857332071 -0.305361157196469 -0.0624283220658485
v 0.0648117949392038 -0.301275039876652 -0.0456044219043393
v 0.0478225282073681 -0.280289418435384 -0.062366422442666
v 0.0581739123068521 -0.272819168180781 -0.0518956415783018
v 0.0634402062755769 -0.282290415503447 -0.0468291130035455
v 0.0720466281478194 0.366555745883101 0.021177815404711
v 0.078882943071354 0.384036448396017 0.00944455366023468
v 0.00800892525240348 -0.397646051991813 -0.0917146846023943
v 0.0206655734782161 -0.376990823087883 -0.0885431228381685
v -0.0244482243540765 -0.415639556242219 -0.0666195683191527
v 0.0437506927365311 -0.295761241959366 0.0522241365796683
v 0.00274074970948523 -0.336648365861145 0.0606053311761484
v 0.0135919288989229 -0.316045432030366 0.0675030750889631
v -0.250366939929033 0.0863641735849221 0.190340228252254
v -0.259472375907127 0.0919865777841517 0.194437451206725
v -0.265200658281362 0.106411167164031 0.210843300403669
v -0.250765545662741 0.153048994585212 0.213925696061789
v -0.243240906094492 0.131840762458921 0.206431126463464
v -0.279993311484469 0.141221744720511 0.238504328984472
v -0.038448539115043 -0.435785362604162 0.0200521781865442
v -0.0244790748092209 -0.434861430626582 0.0340376648360211
v -0.0376392781987019 -0.413866617691787 0.0209008620294437
v -0.02428750471954 -0.410459122261858 0.03413337154467
v -0.0166114457756571 -0.416905422314255 0.0417852339600139
v -0.296481009624592 0.219478173330391 0.251011473115322
v -0.294128398756004 0.118446524582152 0.19021871716449
v -0.30907637393119 0.134542675112391 0.199960236159457
v -0.322989391349456 0.159894513486512 0.198020681826155
v -0.321027444200377 0.178189559445589 0.19369054197724
v -0.337019202618991 0.211558086322554 0.212860357556301
v -0.327590369663004 0.208034524899999 0.206037453140764
v -0.307762052694647 0.212062383738261 0.204456214169741
v -0.338337651646566 0.221726373993115 0.21850263363537
v -0.326049086075982 0.226650846872216 0.219225364496525
v -0.301126522485158 0.217030027526266 0.210933967456233
v -0.0654355286403907 -0.480555101620938 -0.018928730877852
v -0.0479546138700855 -0.522696890806434 -0.039795271626382
v -0.040346898977057 -0.500398384666479 -0.0486954385286253
v 0.24164978470629 0.177945914234601 -0.109782546113251
v 0.249973322315843 0.194624946911833 -0.114024463699935
v 0.255148910770303 0.198284937251284 -0.119694747048301
v 0.243247539696008 0.236847303551797 -0.113252053754723
v 0.264048745142033 0.238857915676616 -0.127317273734758
v 0.25464284750047 0.238329378769365 -0.120029885510099
v 0.252992008019625 0.221427743256132 -0.116098783372869
v 0.262784280686631 0.197469179957626 -0.157636198032763
v 0.266884222987154 0.201296924390275 -0.14812445883953
v 0.261688672843878 0.195339132307091 -0.137976030706393
v 0.265945501428517 0.202220507102195 -0.168303352680698
v 0.269239267706087 0.208019644258144 -0.179068955225876
v 0.277501025058936 0.213835794911291 -0.155486185474974
v 0.274894014969075 0.212507160255489 -0.146513209463106
v 0.258149427860832 0.239207252777037 -0.208666312434014
v 0.253416852480563 0.222567713940707 -0.198478455222218
v 0.26614082866662 0.219898005406734 -0.197891154801385
v 0.24980583067821 0.273139272565749 -0.203870158858898
v 0.265716257417518 0.280064886450856 -0.220977041759294
v 0.243623955077359 0.289228058026624 -0.182545010592935
v 0.0839727870648375 -0.265928505727821 0.0123139521499753
v 0.0620478837595216 -0.252807409039878 0.0347517707270162
v 0.0919659629095831 -0.24596236857491 0.00340747226711771
v 0.0804055610839431 -0.278231997847989 -0.0295371202765559
v 0.0910733666912519 -0.293991951269555 -0.0178900003929285
v 0.0403604895233986 -0.338646833699346 -0.0701797370922712
v 0.0457078426447298 -0.348101355714794 -0.0649023044758142
v 0.0617153827268084 -0.346426537759381 -0.0491875840366877
v 0.0491444921915011 -0.323612613975497 -0.0614710345676796
v 0.0623335131886762 -0.319316476039901 -0.0481494422902287
v 0.0666605734995058 -0.330737099591731 -0.0439149802549319
v 0.00751980811832885 -0.441152591866753 -0.091647194139472
v 0.0208134461278341 -0.420165749399594 -0.0885067100195175
v -0.0269479058236385 -0.456373870710717 -0.0634009854963942
v 0.0429416228359002 -0.337927261218419 0.0525105828987423
v 0.00230371973534697 -0.378392271053826 0.0604518447053195
v 0.0128702887612527 -0.35795529143487 0.0673178509630799
v -0.276608347182261 0.111301132555712 0.21378292338101
v -0.277211470216514 0.119163961171553 0.222014680501552
v -0.256948769911106 0.121756102380498 0.217941291217653
v -0.275016035444693 0.175074216717787 0.238637846332915
v -0.0446647244398632 -0.466650206775204 0.0137651111824928
v -0.0410485472684756 -0.478897669504677 0.0173384162731386
v -0.0282394771730261 -0.471057838334592 0.0302051170536549
v -0.0349731823839203 -0.447552850717228 0.0235460278548685
v -0.025642200189759 -0.447332288881427 0.0327865603269328
v -0.0184902039628617 -0.452884182858266 0.0399931609372085
v -0.322381214176023 0.243747024690289 0.279340367631324
v -0.321397280203492 0.147288940356614 0.213418188288454
v -0.316241500336366 0.141579644160845 0.217811221704804
v -0.307198862926584 0.137051285961636 0.233047081952113
v 0.025965896998518 -0.157094720723553 -0.0828888796626815
v -0.345288080245103 0.183915607667993 0.220349224659521
v -0.343074112098002 0.203059944807999 0.21621272173468
v -0.362013017656016 0.238819877371658 0.239220947370013
v -0.351893973622424 0.234314064625096 0.23182210252257
v -0.32667535882388 0.234617984988648 0.227165748545796
v -0.356753245515314 0.250162790181487 0.244647789821712
v -0.344216039333633 0.252916780454098 0.246020789550694
v -0.327187356622233 0.242759091038888 0.236845110805644
v -0.0623958705810637 -0.521791518342939 -0.0168636722387229
v -0.0449550485318888 -0.556685948614988 -0.0294387800563159
v -0.0416354666423731 -0.542016140896989 -0.0448466104049164
v 0.264195229846762 0.202875961559349 -0.13189990537747
v 0.267235681333055 0.222466342833904 -0.130259798180628
v 0.259735293019525 0.2053328605168 -0.123648062655916
v 0.275002886635909 0.222489532740779 -0.139325652257451
v 0.247183943725468 0.271836915403002 -0.140430084598617
v 0.258527759951803 0.256599991031307 -0.129599760620551
v 0.266673628559255 0.24884302630013 -0.131052323063723
v 0.259772155499428 0.276328101480256 -0.143126115166891
v 0.284708474308411 0.267765228997436 -0.148636240289938
v 0.27727265596753 0.264189270984571 -0.142429577473669
v 0.275683261684385 0.252084579868343 -0.13902220746439
v 0.282807563300497 0.220624442445231 -0.157575791309411
v 0.279816218848407 0.220263174432687 -0.187206489392375
v 0.285641365046702 0.228732470131169 -0.195081477111527
v 0.294663051656349 0.235040597981188 -0.178296721177742
v 0.292028813636217 0.231610379033309 -0.168363706214832
v 0.273596406462516 0.263365908687014 -0.226514146477266
v 0.277891545129307 0.246934225196374 -0.218327241345291
v 0.298915890964456 0.253017622643419 -0.213597469630407
v 0.269491286346925 0.3040343093477 -0.223254867829364
v 0.0452827190462393 -0.432377709593958 0.0488463490431925
v 0.0800925593419159 -0.306910364328651 0.0156468562096279
v 0.0605619698125319 -0.296140954596959 0.035726040649422
v 0.0905141658079274 -0.286746163520166 0.00491850844107589
v 0.093308578911333 -0.319206670359078 -0.0140360542810372
v 0.0390184560875018 -0.379400363184332 -0.071917908894507
v 0.0438487735013658 -0.389142319803432 -0.0672158753970462
v 0.0608103078893062 -0.389763018294906 -0.0503359767329358
v 0.0469598505152609 -0.366412806403821 -0.063982155648224
v 0.0588202962192178 -0.361829997263942 -0.0520696298793024
v 0.0618833549096664 -0.371979219173788 -0.0490957190107582
v 0.0111113624065717 -0.484580248935963 -0.0918790888117087
v 0.0220769485512635 -0.462839554641043 -0.0881253159964056
v -0.018044912529232 -0.503705321019125 -0.0709187435353264
v 0.0419537848924684 -0.379613770596404 0.0529238469425303
v 0.00122681426675967 -0.420162598712419 0.0596250401483534
v 0.0119576875230105 -0.399847793996916 0.0670531595215528
v -0.299540509634363 0.138576874018727 0.239805907595596
v -0.306033151370833 0.155427004571047 0.257183382244522
v -0.299404128874647 0.199657834382437 0.263268326646629
v -0.0489017803647952 -0.507279771282259 0.00935356868847171
v -0.0412296500965756 -0.51436918363119 0.016909208019369
v -0.0238098860762053 -0.517922867565684 0.0340666088873758
v -0.0390375142547028 -0.490305264024027 0.0192950953735551
v -0.0245083984742434 -0.49268814800077 0.0338713910274642
v -0.340980717182996 0.26019647844315 0.284081314434835
v 0.0488717770828046 -0.263812288550176 0.0475760409115334
v -0.342977877359137 0.170942200241498 0.229984016207856
v -0.334956205702959 0.16202686693929 0.249075049882484
v -0.325846297628563 0.15439040007975 0.248271827409172
v -0.35438994326389 0.183835942359274 0.238037894557081
v -0.369260320801259 0.209334527258637 0.244672411454388
v -0.368580520793976 0.229246157224204 0.242023890461089
v -0.378547419172831 0.253421264975513 0.265415074167436
v -0.362559256140369 0.263940304128436 0.274400036202847
v -0.0450261623193161 -0.558574349719067 -0.00853457115986011
v -0.0475128233579595 -0.552162141280307 0.00197848335758031
v -0.0418113848259464 -0.556619031363244 0.0103898342225769
v -0.0561846891742293 -0.532937054686156 -0.00180790008019199
v -0.0499310708794709 -0.541874967956353 0.00523070062862501
v -0.0159545709374129 -0.557328758112325 -0.0644144351877045
v -0.0132809086402148 0.39905550607679 0.0391891106682444
v 0.280934257202392 0.24397007292012 -0.144181020732049
v 0.0655576727733248 0.227826372429833 -0.0476960979943802
v 0.277854555041746 0.302874606626246 -0.166385144887608
v 0.275269576677196 0.28523095413329 -0.15185608937596
v 0.284511649493225 0.2787471726228 -0.151716277485121
v 0.286887076668277 0.307210142191298 -0.170873922564412
v 0.304621137202604 0.296749649157822 -0.169964856729252
v 0.296167006262673 0.293192067695564 -0.163708845350113
v 0.29424661423604 0.282780132793298 -0.159194266257751
v 0.303389812402208 0.24933411131768 -0.172769502505739
v 0.289382245610845 0.24319164528889 -0.211777029789812
v 0.318181188482997 0.272525765096099 -0.192272394495269
v 0.290735057347433 0.291189367487465 -0.234028774331614
v 0.27103018013537 0.31808702243036 -0.207617077987213
v 0.274851391952538 0.321298309221559 -0.197735402955573
v 0.0492892039387679 -0.139243812605828 0.0490842078067216
v 0.0776314319548677 -0.403527894849672 0.0168091376624277
v 0.0808762574634792 -0.348721616854337 0.014434091606129
v 0.0597481320490167 -0.33836808884986 0.0360280795753301
v 0.0880743650665267 -0.327355008869903 0.00751511679065264
v 0.0900545435681765 -0.364719259191728 -0.0198194288785972
v 0.0407707523475919 -0.42111772802612 -0.0704255743213822
v 0.0463339664458565 -0.432129297102301 -0.0648887491970243
v 0.0637214074116159 -0.428368515389853 -0.0476738201339146
v 0.044241685369481 -0.409609078694931 -0.0669249368159998
v 0.0566464026594663 -0.398849503933519 -0.0545394231269181
v 0.0619317654348828 -0.408530436023721 -0.0493523975763054
v 0.0109829435921289 -0.526634795362044 -0.0874310516124727
v 0.0232517720240693 -0.506940597224102 -0.0867359444214838
v -0.0168121804471249 -0.548913604120453 -0.0683829913528589
v -0.0120005908493412 -0.541770705447454 -0.0734241879811545
v 0.0409525159400788 -0.421856369431532 0.0533274186635975
v -0.00168021785114586 -0.46144815207688 0.0568369588775803
v 0.0105113094960996 -0.443554989060494 0.0662364210873912
v -0.323957563771637 0.16469641155015 0.266274404799637
v -0.329116983221194 0.181744983829607 0.282099368476406
v -0.325699522236728 0.22192870370325 0.289534348122599
v -0.0382985440089611 -0.55152406945018 0.0196510508475776
v -0.030777240328159 -0.557047623411763 0.0268833588468674
v -0.0380374598425519 -0.53891802141254 0.0202471501763984
v -0.0445048896682605 -0.535364200839467 0.0133410197456613
v -0.0241582112284643 -0.541828273370695 0.0338665531900636
v -0.0237051954949425 -0.552282626747372 0.0342136000163521
v -0.371908568847029 0.255277751365971 0.292203767554957
v -0.353785727437061 0.251115564211091 0.299532971556944
v -0.363513315236956 0.191919471430677 0.252739708472641
v -0.365707677148157 0.193755643216634 0.271080678441842
v -0.353566783184284 0.181590643542708 0.268740032422531
v -0.378280101358073 0.20819712820646 0.264181466532256
v -0.382939536463931 0.236847890060415 0.25756998906749
v -0.385887804700871 0.245659613883019 0.267409405301448
v 0.301296342614383 0.276236987607087 -0.164625843093229
v 0.31449537187979 0.267618421731865 -0.181926495445773
v 0.291548489019449 0.319723089723189 -0.18542306896902
v 0.303687681995855 0.307182567458899 -0.175221890059738
v 0.0942416604562911 0.182222599980021 -0.00172029671564723
v 0.307229137577009 0.306607913369679 -0.217724270316508
v 0.318511149744347 0.29243927596827 -0.203807383939207
v 0.082170490744166 -0.392835826317461 0.0125853520073337
v 0.05943037863246 -0.380103980381766 0.0358192630575048
v 0.0907377144160986 -0.370220534086049 0.00340124867175194
v 0.0799148251263284 -0.406383315245073 -0.0312378222645836
v 0.0910451488757181 -0.422975487795227 -0.0191359267933359
v 0.0402922902804603 -0.463406269102274 -0.070970438077947
v 0.0443166293456411 -0.474514885067629 -0.0669972710832941
v 0.0603195907281699 -0.477512534392147 -0.051048336695759
v 0.0452142771462745 -0.453187103707772 -0.0660857179335822
v 0.0600128971767578 -0.447051164207483 -0.0513381206913602
v 0.0632080792512897 -0.457890864706211 -0.0481041656129436
v 0.0106353508971714 -0.55349439579672 -0.0746645041127689
v 0.018439818870239 -0.546517019973601 -0.0787582299675174
v 0.0425248838875348 -0.466237071718713 0.0509514484066369
v 0.00166434767690508 -0.51828040277769 0.0581668214672412
v 0.0140285967166107 -0.498701786887372 0.0655342966105978
v -0.351384149445822 0.187028303126195 0.28616375242408
v -0.353434461802851 0.20175039316512 0.301677462185529
v -0.356988284348372 0.235252204562029 0.312082532999501
v -0.00486567127986658 -0.557150468733898 0.0426390549256784
v -0.390572817053455 0.229219996168311 0.276085166489628
v -0.385916779756057 0.217866710877253 0.271174529827112
v -0.378352976096981 0.212800154414555 0.293616429117279
v -0.375011534140579 0.205070361345104 0.284509810343795
v -0.389498647224811 0.242545882400655 0.27932420553138
v -0.383000764953419 0.235758479837174 0.29825564572262
v 0.093901389729569 0.181053206880285 -0.0130002242789628
v 0.314540300261467 0.308494312924986 -0.193025748019353
v 0.315692995174088 0.301435904154113 -0.185475810008148
v 0.0816960345750784 -0.436405594338613 0.0123725496302118
v 0.0573199506043353 -0.420292621829571 0.0372698153922629
v 0.0903443336269699 -0.41375523523796 0.00338554246935876
v 0.091296660828781 -0.450107948325777 -0.0186574493773244
v 0.0387472517199469 -0.501307241926738 -0.0724948640854247
v 0.0456693249180563 -0.515178399206676 -0.0653708631676403
v 0.0635551392532974 -0.517511546335305 -0.0472159622256677
v 0.0449745272610599 -0.493170260055633 -0.0663099117313558
v 0.0578995406944706 -0.487513280325352 -0.0532817096420138
v 0.063555134939024 -0.497276360392451 -0.0474086721751739
v 0.30738473606896 0.316319226988721 -0.192773623265506
v 0.0374601105142338 -0.550473487250385 -0.0692630139902085
v 0.0479785906167425 -0.510443100718513 0.0442182688725503
v 0.0101171491056603 -0.542416326100935 0.0556317954013124
v -0.370296897985689 0.208449672908551 0.301382587230951
v -0.370300597496564 0.223824081555688 0.311018201055959
v 0.0826438419157023 -0.47607144460831 0.010592824587573
v 0.0615843912177975 -0.461474023684757 0.0322587564470754
v 0.0898449825694621 -0.456776092614147 0.00365347835365173
v 0.0807581456120921 -0.491313921449091 -0.0303568942470597
v 0.0919170676661961 -0.503657316921899 -0.0158996008108712
v 0.0441407385401348 -0.543256163218249 -0.0663506753304885
v 0.0537398545229693 -0.554495286104782 -0.0566855657202672
v 0.0600500806113097 -0.549029617728676 -0.0516024009451574
v 0.047622855466614 -0.525129331448034 -0.0632920528467623
v 0.0644902115832139 -0.529733113919474 -0.0461314242116911
v 0.0717215044112493 -0.534282462344887 -0.038585546722928
v 0.0333482546171882 -0.55982639441588 0.0420163689998974
v 0.0303476278941065 -0.544404373048541 0.0518262100945046
v 0.0468356677321309 -0.53332968109224 0.0440018187460501
v 0.0766046659686364 -0.514231017891817 0.0150214151690789
v 0.0641452765191895 -0.502388047107365 0.0284199462247085
v 0.0888406618626431 -0.496605012120815 0.00359304080653131
v 0.069596575186903 -0.557883379233672 -0.0365814114696006
v 0.0772039104619817 -0.556087277922386 -0.0193677272996641
v 0.0738225879902542 -0.56180883340102 -0.00991581858223107
v 0.089011471453953 -0.529078772837419 -0.0133040906351349
v 0.0858955017452888 -0.541223617607689 -0.0100520363490206
v 0.0920688019927931 0.150975713052071 0.00451791616506332
v 0.0591840009515171 -0.546426727996745 0.0318999293713789
v 0.0703613433246763 -0.554176609357055 0.0157159939734461
v 0.076713119628771 -0.535511167407727 0.0129867660491066
v -0.0276039837435959 -0.570382871448404 0.00616374662862033
v -0.0168291739947553 -0.571873938966559 0.0191096034075401
v 0.0010502372980977 -0.570879427568095 0.0281644593126016
v 0.0230500692082382 -0.571781917293934 0.0280505502168989
v 0.0343152257243335 -0.571764407971473 0.0263737000019996
v 0.0584640700018306 -0.570429446297108 0.00633146632517199
v 0.0582255192470102 -0.572613670391994 -0.0136900008571578
v 0.0568597855631453 -0.570094841024591 -0.0319351835977865
v 0.0425134237897345 -0.568553667210222 -0.0473344050139627
v 0.0233861519216679 -0.568361431212077 -0.0554738022887064
v 0.00451419158383818 -0.569744855804437 -0.0554352572000669
v -0.0119564960652878 -0.5697891819645 -0.0479485485666983
v -0.0276108656399914 -0.572739687276831 -0.011011764583766
v -0.026070049864679 -0.570322137291347 -0.0296173379082828
v -0.0532870655656369 0.0611677894014669 0.00183036915884222
v -0.0482534055411779 0.0690831381917863 0.00731708803741937
v -0.0569789135112109 0.0726410087818877 -0.00235228368148974
v -0.0162479207787171 0.0864927035096571 -0.0764994818783701
v -0.0116918988511885 0.0746316691470942 -0.0813152174533728
v -0.0213670501596458 0.0754878718540407 -0.0715124140493312
v -0.0550895372768535 0.0220189054179671 0.00224820094736214
v -0.0491203990279389 0.0287687747063377 0.0063417146788242
v -0.0570031107872542 0.032682008415499 -0.00438492156795761
v -0.0151337799107272 0.0422195615253091 -0.0784889129410102
v -0.00903565041836622 0.0319738098203855 -0.0845795654040501
v -0.0186672141080989 0.0300716364120011 -0.0752187229797833
v -0.0143100223768811 0.130899163791926 -0.0780440546969336
v -0.0100608734009213 0.119437642637952 -0.0824585170934054
v -0.0197716535417004 0.120453113958656 -0.0726054769428447
v -0.0780873271825207 0.0029274475022945 -0.0127952868405605
v -0.0715035538883737 -0.00166370658626814 -0.0230062030262108
v -0.0481228526445899 -0.0228549583590536 -0.0486756562697278
v -0.041213751536679 -0.0283825054235047 -0.0554210264103849
v -0.0494655526869275 -0.0347493578096451 -0.0482389741248354
v -0.0144001585540765 0.000524439342419997 -0.080540516510227
v -0.010245762106545 -0.00883982316427187 -0.0847204113465541
v -0.0212285861943188 -0.00689598852177868 -0.0739842835437684
v -0.0129047018520728 0.174268072679151 -0.078970908847943
v -0.00830866846859554 0.163120936605795 -0.0837310856842093
v -0.0176626903618251 0.163829943592308 -0.0742879767487266
v -0.0621063855178675 0.182587110948232 -0.0077920988407433
v -0.0562835402108657 0.189795717031241 0.000187158702248501
v -0.0630253908876256 0.197258901526407 -0.00973341381085048
v -0.106713659695883 0.0091254854140135 0.0083845475844575
v -0.102993075751729 -0.000633499207106827 -0.00169972367951093
v -0.113351465858931 -0.00484352154824986 -0.00042194108436243
v 0.0644861398315576 0.0895221902409156 -0.0518559985066217
v -0.0152376179948998 -0.0402841898485513 -0.0808313272864586
v -0.0102977157335505 -0.0511644675395199 -0.085596725969643
v -0.0189153789839991 -0.051453355287371 -0.0774415818304716
v -0.0132546293645545 0.217077784854462 -0.0779889540310553
v -0.00856405269672844 0.20625745912237 -0.082875985958691
v -0.0178015282822322 0.206605812247276 -0.073583310676992
v 0.0550729679634853 0.0968931344248507 0.0460465784042008
v 0.0524108645775912 0.109094365777347 0.0483265706355975
v 0.0426381328167382 0.0940097357800052 0.0585551030366918
v 0.0805229683454613 0.108297313266279 -0.0542502985966241
v -0.0129541827746738 -0.0820163311668607 -0.0830394058966079
v -0.00664249484207914 -0.0920626996865007 -0.0880629751139202
v -0.0160515778989959 -0.0924405795815773 -0.0798159656844531
v -0.0132476762788755 0.2602967350922 -0.0773957458783767
v -0.00869149874965443 0.249180153676564 -0.0821260453285398
v -0.0178292811393872 0.249392992658695 -0.0729672237355151
v 0.0531150420936795 0.0541444202590181 0.0484626304326031
v 0.0489750313577928 0.0653167406962749 0.052499659708643
v 0.0445919122802734 0.054120992388507 0.0569114898122846
v 0.052993960171511 0.140200261848042 0.0466993348569661
v 0.0485600966357827 0.149678794821931 0.0506957533419353
v 0.0434202903958561 0.138279995453192 0.0563297191281418
v -0.0340260169660579 -0.103565943990908 0.0233822727318127
v -0.0334885923724932 -0.0630586303628748 0.0256954637064341
v -0.0622077889591512 0.267812308118443 -0.00658192910750729
v -0.0566310122442576 0.276314886165301 0.00101061876421984
v -0.0633438597698702 0.28157088079779 -0.00868438313597576
v -0.187057401220551 0.0488934846917137 0.0572174895855644
v -0.0464797939608773 -0.281790042198579 0.0110096276915795
v -0.148776641088526 0.0447928220107363 0.0448366343087932
v -0.139029282491238 0.0395004588188953 0.0401157144056459
v 0.00068185111150477 -0.430882433579516 -0.0894179871525804
v -0.103078219137972 -0.0595066647855221 0.0301305400116202
v -0.0992207138110612 -0.0570623976280711 0.0386862630394734
v -0.112011442977088 -0.0532735650801723 0.0365725127505123
v -0.0763236329081535 -0.0867523507711713 -0.0104642288080234
v -0.0811510765596187 -0.0809369928092041 -9.69035033580817e-05
v -0.0901032839801513 -0.073131782625062 0.00336654335241424
v 0.102042537787791 0.131912104195009 -0.0609163069720746
v 0.111827267403843 0.129151476568987 -0.0698513542948713
v 0.095653552454623 0.120982309158492 -0.0601156318333194
v -0.0129866684250079 -0.121833723772794 -0.0823240873029293
v -0.00860040645034887 -0.13215419064145 -0.0860723354025632
v -0.0182055080554714 -0.130528494775835 -0.0769806477879398
v -0.0128790447982109 0.304341333509301 -0.077139047901888
v -0.00871733338413668 0.293690614837699 -0.0815734549802019
v -0.0181588934404909 0.293633419985522 -0.072050418953751
v 0.0789717014915167 0.0538198992361492 0.0229430943547443
v 0.0869295512782906 0.0531827727634009 0.015029842334179
v 0.0837955521517229 0.06436688164753 0.0186422297770059
v 0.0807011958595489 0.0747500514949129 0.0220981057837152
v 0.076576447343621 0.0845719015012418 0.0262504746739844
v 0.0713410431570998 0.0745155563541519 0.0310678745675024
v 0.0527886007354471 0.0103878486691055 0.048446107446654
v 0.0485286222849335 0.0213388006872674 0.052796520298943
v 0.0441071368929798 0.0107019637790734 0.0571428837093695
v 0.0499773827643837 0.179539841788679 0.0479665668617644
v 0.044675265827102 0.189696859567643 0.0528898308282119
v 0.0415142495480489 0.179416936527871 0.056511156473539
v -0.0945810999039138 -0.0302992138413318 0.0624916054916177
v -0.0994954558598214 -0.0201500757654019 0.0699563951872943
v -0.102700953329405 -0.0374580273137923 0.060756229125876
v -0.137559050729003 -0.0351228817680877 0.0335313080861305
v -0.137735932034428 -0.0343348573825382 0.0458998132506723
v -0.145763376126719 -0.0275661087105845 0.0408009245204607
v -0.0465935244709581 0.381361911368018 -0.038144155871451
v -0.197856985607808 0.0967918687028081 0.0931245974043541
v 0.117511535305116 0.0905753404993614 -0.00538372384418663
v 0.112199396885191 0.0801966286423057 -0.00569456306656285
v 0.0611157398256254 0.0320031459544578 0.0404674819737071
v 0.0648699619430235 0.0207870276894121 0.0365262191711368
v 0.068888804724732 0.0326011576043821 0.032618261222774
v 0.0952457213159796 0.0017843211942902 -0.00879667505322698
v 0.0918687724914092 -0.0071149392361135 -0.0158144543899533
v 0.0891559943291327 0.00495469069435604 -0.019402660654606
v 0.0791781584571317 0.132141953740179 0.0203752224697492
v 0.051868970374289 -0.575278086732203 -0.0224114814786761
v 0.0728923268931267 0.124479299677453 0.0273199869475681
v -0.0143244310694705 -0.16250844876485 -0.0800635500824244
v -0.00954995118174073 -0.173959370354634 -0.0843624763232958
v -0.0193337431438718 -0.172454738013729 -0.0748416509025716
v -0.0134301642568408 0.346703770472797 -0.0759044027483664
v -0.00584268349788675 0.338539013722534 -0.0836227195107918
v -0.0149335645572841 0.337411054938229 -0.0745481839464289
v 0.0515501576487781 -0.0329679442963331 0.0489500363278594
v 0.0475481253102409 -0.0219470181464831 0.0531551857754604
v 0.0430786821149516 -0.0326075103295449 0.0575009590821285
v 0.0473383049082546 0.220089033411536 0.0493651916250643
v 0.0439560500370252 0.229957088959436 0.0524492050401128
v 0.039374276037441 0.220345453679778 0.0573485870002629
v -0.183304952907764 0.0814068703932503 0.080279753258012
v -0.186457937748798 0.07340241203424 0.0730291626024845
v -0.0639373063533252 -0.238480559118917 -0.0087391176514261
v -0.0580442690299212 -0.23037944027417 -0.00076393405694335
v -0.0643166665784676 -0.225204926110764 -0.0101337012590916
v 0.164914606050374 0.120301369104346 -0.104734232226808
v 0.125313473581323 0.155871393155405 -0.0580185243657603
v 0.129014616318325 0.155072077605761 -0.0700028655328113
v 0.0605109428487136 -0.0114361402833552 0.0404051189523217
v 0.0643109710611073 -0.0227537101295658 0.0363523978431315
v 0.068368963164793 -0.0121619423605283 0.0323541853929446
v 0.0925257537519336 -0.0433204399158788 -0.0147330678016973
v 0.0874236936394244 -0.051172950835847 -0.0213075600027855
v 0.0846720185767221 -0.0383378887345256 -0.0241725914693635
v 0.0627229424977298 0.159014832579398 0.0360401831074389
v 0.0668445777118337 0.147753601445104 0.0322524781523315
v 0.0882604065966349 -0.272538520706113 -0.0213378616824863
v -0.0144066904271145 -0.205392169519802 -0.0791607995578772
v -0.00925637363830318 -0.216672225355235 -0.0839824157723075
v -0.0190331247532748 -0.215536379034439 -0.0743523756161573
v 0.0505166242546884 -0.0758123585207501 0.0491442741154356
v 0.0465695156535401 -0.0650409632203556 0.0532899612780183
v 0.0421403130617885 -0.0756101505628485 0.057571353289812
v 0.0493093546800497 0.260444885859487 0.0463831886103345
v 0.0442201595805118 0.271136740169175 0.0512128801630938
v 0.0406665667341091 0.261159577178972 0.0550719940513964
v -0.190792945271273 0.0235480141960885 0.124289744435061
v -0.361563811911558 0.189244857919755 0.265132934035258
v -0.165863211128761 0.0458060049601235 0.132462696591386
v -0.176896087269136 0.0455686529232739 0.140929553750577
v -0.162962798899349 0.0348282579552074 0.127893311031795
v -0.161177507711249 0.0756818618265055 0.112953407407259
v -0.159399046614305 0.0749661877847167 0.102552414129276
v -0.216461412603046 0.101623496357977 0.0995178893400744
v -0.186401374535681 0.0115183399284928 0.101332543607749
v -0.188588703293547 0.0149737545017771 0.109903625061031
v -0.195531418078155 0.0192365051001148 0.104785031128367
v -0.21771020388028 0.0408341902927429 0.100686766012872
v -0.221822655778831 0.0888285474393944 0.0965952476240025
v -0.214212442436645 0.082677163596824 0.0896022724412049
v -0.221621935655157 0.0750874249113179 0.0938620417103212
v -0.227872515959243 0.0666143171873626 0.0993965558259198
v -0.228102894719499 0.0508909409390713 0.113109700665762
v -0.234622703215773 0.0705224777085496 0.10645846758278
v 0.0595563221318863 -0.0547035720913899 0.0405988741063929
v 0.0634082438574941 -0.0654499205921958 0.0365111294739496
v 0.0679363809889031 -0.0549233089301242 0.0320361160031463
v 0.0561849825973422 0.200349368861447 0.0411781387472126
v 0.0607225799476807 0.192056907333738 0.0369172064001583
v 0.0643430471299457 0.202476639690872 0.0329330114976293
v 0.094577231941717 0.251457933115317 -0.0144355614412372
v 0.0904749804294642 0.242591961983939 -0.0218516456146523
v 0.0884606359083229 0.257245801196379 -0.0245310232158501
v -0.0133108448029361 -0.248066512420774 -0.0796152903958745
v -0.00831984377974685 -0.259101038641519 -0.0843006287909653
v -0.0177059054960349 -0.25821245658967 -0.0750757810126714
v 0.0496096857214968 -0.118197031392795 0.0492005646470911
v 0.0455722165963815 -0.107575086475554 0.053423758933359
v 0.0411870502154032 -0.118065801680397 0.0576495943852213
v 0.0474135446422286 0.302290593854122 0.0474514834364471
v 0.0420681756568769 0.311345265535634 0.0525811105480725
v 0.0386088818172207 0.301937505945148 0.0562968682431132
v -0.17410278330372 0.087086512243329 0.129684624870185
v -0.173197847707861 0.0777038425736807 0.137026868017245
v 0.00734312958780489 0.407882899532757 0.0376899875847233
v 5.75775560856744e-05 0.41331080583577 0.0323130469767627
v -0.197487115771259 0.112963452280434 0.126364216506523
v -0.196719205659195 0.110134416737559 0.113967454485055
v -0.206672093287554 0.121320100939697 0.128839883470314
v -0.0653936575509435 -0.319399741341677 -0.012173095375492
v -0.0608701879229539 -0.311243354295726 -0.00376934897504421
v -0.065665550602386 -0.306233440957422 -0.0141346922568778
v 0.202224106219012 0.135264185828582 -0.103609537198491
v -0.0218150039315677 -0.57548369584253 -0.00124614392425031
v 0.195723395721535 0.146235031264193 -0.131588317405646
v 0.196686508329381 0.138857695213553 -0.123019946530333
v 0.0583446367516086 -0.0971559466256547 0.0409921361754075
v 0.0622632455087504 -0.107786234272769 0.036892989046866
v 0.0664206511948115 -0.0972345232923953 0.0328160157444982
v 0.0942593362382323 -0.124573768444678 -0.0104965171989486
v 0.0909263833690968 -0.133456050915309 -0.0169714897075509
v 0.087846228757597 -0.120351770066508 -0.0207909769025155
v 0.0563969231748821 0.238257400297031 0.0401127223194143
v -0.0360519314925834 -0.277601868534382 -0.0564315135474226
v 0.0633026120291229 0.243363392848487 0.0330502539501486
v -0.0125069884453918 -0.290031590349533 -0.079966220578889
v -0.00757740662876651 -0.300947355730015 -0.0846031003858026
v -0.0169658001734749 -0.299928610449252 -0.0753825330432748
v 0.0488788015570911 -0.160054708012198 0.0491074641326894
v 0.0448385110687681 -0.149624967892778 0.0532898693128169
v 0.0404091674267287 -0.159938334626663 0.057558613916899
v 0.052425403418789 0.335103131794102 0.0416088804397415
v 0.0488481534531501 0.346442003954426 0.0447752416234588
v 0.0804783513832678 -0.236097295828257 0.0161254711607325
v -0.219314470931515 0.137072381416103 0.170474229645243
v -0.215004857411464 0.133150006635549 0.159868441765089
v -0.224004338020679 0.143297790901515 0.162887178580172
v 0.0380163229076891 0.431186977572951 -0.0158594079750686
v 0.0468408016380096 0.424420096245209 -0.0141601359378827
v 0.0310325088285262 0.431645460084424 -0.0254393960203227
v 0.216122421657234 0.168293587886642 -0.15460008609507
v 0.221926560612773 0.163431654834447 -0.149279130632057
v 0.211578205198885 0.16169216279782 -0.148314013164257
v 0.057832503754251 -0.139406086396594 0.0407096876994887
v 0.0619919866205451 -0.150139747450756 0.0363830976970922
v 0.0662017282347468 -0.139560780383956 0.0322722123441264
v 0.0920233346996841 -0.17013648429772 -0.015511777472112
v 0.0868792026542885 -0.177925462739127 -0.022351947100126
v 0.0840064322154527 -0.164993712765933 -0.02516755185991
v 0.0561841453223408 0.284037763017707 0.0391503425916677
v 0.0607554937762041 0.274054660527082 0.034911507905916
v 0.0643431353975345 0.284094154387787 0.0310054129595101
v 0.0947136296725057 0.336659826601833 -0.0112014223025014
v 0.0918100093560383 0.328917844161756 -0.0201353809810173
v 0.0900814756403183 0.342574970916328 -0.0225116570663147
v -0.0121632195593615 -0.331638184736926 -0.0799019734512713
v -0.00767536448902704 -0.342680124838487 -0.0841709642985627
v -0.016852809830454 -0.341483895566817 -0.0750624023848041
v 0.047598915916836 -0.201197974789566 0.0496677273937436
v 0.043677191841103 -0.190886727466505 0.0536917543360699
v 0.0396412178477508 -0.201281848553445 0.057616408966529
v 0.0578000619674152 0.381154125915374 0.0349422272822194
v 0.0504189043898868 0.389651515034477 0.039385764161118
v 0.0481115546487603 0.378302633879062 0.0437890994955756
v -0.243167468549613 0.161121217290373 0.199368915133873
v -0.239048513552544 0.159135767235876 0.188800112700823
v -0.246267876729964 0.167993724019933 0.192133442188097
v 0.0671727997019175 0.40432896121214 -0.019659846541007
v 0.0707574276745061 0.398630165417961 -0.0281063111017467
v 0.0660246446838081 0.4066572698316 -0.000377082237553213
v -0.246426993854016 0.0696722106171961 0.153998534229656
v -0.246069460216911 0.0707857224070802 0.165868173336486
v -0.276305548796267 0.119623714436888 0.148191640475017
v -0.28698787886487 0.119289164881156 0.161660885557544
v 0.221013653817933 0.203099446810424 -0.172168892740255
v 0.229348123706001 0.193861796031113 -0.175027746753549
v 0.219515414471791 0.192334020860452 -0.168955325696247
v 0.0564367440773148 -0.180296273103009 0.041382375429622
v 0.0595613582896238 -0.190408279560269 0.0381823726640338
v 0.0656352665116248 -0.180767158262511 0.0322185006459416
v 0.0895814934983218 0.372373628561222 -0.00661561622815626
v 0.235833915139953 0.266553809484127 -0.140536858758358
v 0.0853325755081776 0.383038725260198 -0.0071102779856562
v -0.0133350905326233 -0.373677181357899 -0.078243886137251
v -0.00893736188676799 -0.385079184990501 -0.0824962075207447
v -0.0184670093486649 -0.38371249944081 -0.0729729426260264
v 0.0491147110160772 -0.24275958337737 0.0476141173477802
v 0.0443902917670126 -0.232432878753153 0.0523932654737013
v 0.0403223179265216 -0.242884378159899 0.0563570117115747
v -0.244778045057638 0.0742495041927041 0.175816812117235
v -0.265575023879721 0.183300615381715 0.224530396511254
v -0.26050373505883 0.181369709901042 0.214740989083343
v -0.267461975765766 0.190409411045591 0.21732806255588
v -0.272908095574227 0.0967998625744036 0.163525979368456
v -0.261890740676574 0.0877731805813711 0.183981788089137
v -0.290867593600006 0.115192825978115 0.181526309989853
v -0.299942663878416 0.140962768213315 0.172974396688024
v -0.307018784452125 0.142955128922422 0.181696325160612
v -0.0604953511915796 -0.439845650966597 -0.00242707864486064
v -0.0549831317070711 -0.431473500205958 0.00363436443063039
v -0.0629528221142254 -0.428202782127939 -0.00595501698117519
v 0.237659810843943 0.211403576108342 -0.101990188184756
v 0.236438799189881 0.221689883421003 -0.103386476160017
v 0.230622975181127 0.20420377081717 -0.0951369758131838
v 0.236167479985213 0.23594652059104 -0.188886744333544
v 0.234813617873686 0.226854031793322 -0.186932238050208
v 0.227908979954291 0.232417135665754 -0.180121341671299
v 0.222817921004139 0.257332171725404 -0.152909259181588
v 0.23107512297772 0.266877652104655 -0.151037919798339
v 0.227699829993608 0.264957476848691 -0.162583484446387
v 0.056351676634394 -0.221619941123594 0.0407635707947657
v 0.0610000895335558 -0.232019967172368 0.0360093589435999
v 0.0640050402777194 -0.220191473716114 0.0331628239780119
v 0.0928498638062357 -0.253873360270951 -0.0145355094899811
v 0.0881986785274724 -0.260509003257766 -0.0212673534404267
v 0.0857715402070518 -0.246870113349238 -0.0237910955153939
v -0.0144760616498179 -0.417677589431335 -0.0766256392998501
v -0.00981688382433734 -0.429830908948754 -0.0812351894129648
v -0.0196116575020198 -0.427464893407008 -0.0712732520245901
v 0.0482790226467972 -0.285232736244259 0.0479011391333174
v 0.0442670649325894 -0.274520184789424 0.0519698589470991
v 0.0397914776164487 -0.285082055263983 0.0563482533036665
v -0.247642461821759 0.103901129799274 0.204669360951316
v -0.255094489734786 0.163490616466136 0.217745096757039
v -0.262679691862243 0.164530735873806 0.226048627151223
v -0.258336816470177 0.154082255352116 0.221682341786359
v -0.289429031400463 0.20847096173339 0.248713826077888
v -0.283916016311866 0.206278278435976 0.238586551807557
v -0.291781895975934 0.216545253973551 0.240016209625229
v -0.29151717517602 0.116205562179075 0.20033853467042
v -0.287225762654363 0.116446036749717 0.213547871899706
v -0.318458162684282 0.168246489806336 0.191235883224484
v -0.326744997734979 0.169824865656933 0.200322583557303
v -0.0636346765499817 -0.48085273355165 -0.00760786764252031
v -0.059400163133053 -0.470846637211453 -0.00125380786948065
v -0.0654412645314838 -0.469872818609915 -0.0121949815716723
v 0.244867822855199 0.245787186275866 -0.118680428141983
v 0.247424177018999 0.254476057274699 -0.12515670802359
v 0.259824722964342 0.214106676378534 -0.193408870865619
v 0.26210841045912 0.207398070873417 -0.185766496656402
v 0.247952598520212 0.292659465233329 -0.170574086409786
v 0.257273154058179 0.297107720878099 -0.164952709886569
v 0.256167561234686 0.301797358249929 -0.175084120068285
v 0.0575437659187864 -0.263647147015111 0.0390790887289104
v 0.0613347915839909 -0.274754327820795 0.0351670351738513
v 0.0658224515241437 -0.263980365539041 0.0307227241717711
v -0.011199643482322 -0.463477084136238 -0.0788723857333587
v -0.00607669998023857 -0.474071804722512 -0.0836628434907688
v -0.0153436279362474 -0.473307127777547 -0.0743848378035956
v 0.0473243777301502 -0.327544431749782 0.0483298324755237
v 0.0432960070724218 -0.316899397493705 0.0524271282277987
v 0.038951026447487 -0.327293044624021 0.0566959375745286
v -0.267469009647574 0.124630685090428 0.22445911600651
v -0.269913104909859 0.135584881546734 0.230367186081961
v -0.279110241711589 0.186058374568761 0.242492907768375
v -0.287055402872876 0.186919366106595 0.250838944528901
v -0.283187092947531 0.175415133217393 0.246854243601735
v -0.315443424853704 0.233510097936576 0.275558038022216
v -0.309806388892255 0.232668084477809 0.264477683796818
v -0.318033029377688 0.242885476718114 0.267100454941673
v -0.340486357620686 0.191617626024222 0.213633931561618
v -0.348702228131091 0.194849492021895 0.222418657915304
v -0.0599489811256154 -0.521266937135412 -0.004413269018279
v -0.0583507562450562 -0.510302447045269 -0.000777511929127595
v -0.0635341994066064 -0.512226774105981 -0.0113826998020263
v -0.359852801350047 0.208008726547719 0.306582482529419
v -0.0146723980693997 -0.576629772641573 -0.0288927897987755
v -0.063714726363003 -0.270284270485021 -0.0263868556795954
v 0.0560889265732342 -0.306641715722372 0.0399967432348747
v 0.059924325112405 -0.317314070388496 0.0360917864973095
v 0.064174364285824 -0.30681524276444 0.0318960026720043
v 0.0944102898874503 -0.332148187436491 -0.0102502827608442
v 0.0916412311394316 -0.341448892291001 -0.0172815471884122
v 0.0891456199630565 -0.328081371398551 -0.0207813618965546
v -0.00908019154686746 -0.504246534105792 -0.0798208020631372
v -0.00544092501771456 -0.514811701689298 -0.0826164814578903
v -0.015738250357541 -0.512896722706811 -0.072916332874295
v 0.0465862680356126 -0.369383651884223 0.0485126167734104
v 0.0425753308285098 -0.358876115581271 0.0526123850146122
v 0.0381326200130405 -0.369149081750563 0.0569699014367794
v -0.303998083518621 0.211180576132071 0.267583406989853
v -0.312384296648744 0.211637561981349 0.276189399694794
v -0.307897918849562 0.200537211749216 0.27163460876891
v -0.0157820887682417 -0.51140243083565 0.0423264847148029
v -0.0157597089053367 -0.50028662209206 0.0425859991477696
v -0.0160521046958005 -0.488350387458786 0.0425127729582253
v -0.364752542822635 0.218184495727601 0.238092217081902
v -0.373901187394948 0.218996139180992 0.247975436500423
v -0.362121627356009 0.261946590698583 0.284214121353204
v -0.349818102100573 0.265358774809407 0.275764502073321
v -0.354689335906851 0.264347525334036 0.264533651014324
v -0.0597966441350148 -0.531529589640424 -0.0105063051516015
v 0.27792417065642 0.232392205883467 -0.141389411834938
v 0.134078568032729 0.0772110587779533 -0.0463272523382863
v 0.0105456626395804 -0.58504131485522 -0.026191740616162
v 0.313100997384123 0.261767277650957 -0.192813605574892
v 0.309318938787555 0.25527410533518 -0.18332301085508
v 0.293666586793096 0.278898048694547 -0.231538333326444
v 0.128826786489005 0.0875370776882092 -0.0120809297301707
v 0.0555192370923906 -0.348827838497489 0.0400424787761645
v 0.0597149171667661 -0.359578958963921 0.0357764025912837
v 0.0638589281255959 -0.349073419638751 0.0316979026556304
v 0.0925128063276593 -0.379150004204324 -0.0159367555455024
v 0.0877021308939411 -0.387071141134783 -0.0230669254839803
v 0.0849011453938067 -0.37375599069652 -0.0259399240876177
v -0.00798602473573159 -0.552730071673635 -0.0712613529187756
v 0.297970169227822 0.261778052178973 -0.221857242250396
v 0.0450009593244157 -0.410989357831718 0.0494807285747027
v 0.0411649888005602 -0.400507763006241 0.0534346807595035
v 0.0369526241809606 -0.411192382732762 0.0575692528393128
v -0.330771497417328 0.231674607868514 0.29466288561249
v -0.339546428971327 0.229561064690728 0.303169020554307
v -0.334230617575277 0.220769977575613 0.297869884822797
v -0.0306027958278989 0.390073218678355 -0.0561804069373055
v -0.35821394218261 0.186442206576898 0.246735616357707
v 0.297936828308972 0.265904086660158 -0.161244043072128
v 0.317379764541558 0.279243552040606 -0.182790865326238
v 0.317829693603883 0.290617114163638 -0.183739997599215
v 0.294681507247521 0.312045927231945 -0.176395266921683
v 0.311452447714658 0.295486648065089 -0.214292595704288
v 0.306465544901439 0.284612838602025 -0.219665586303895
v 0.304045028101727 0.295682177201173 -0.222973772190171
v 0.0541112113270158 -0.389775100621841 0.0408938967193822
v 0.0572361717192515 -0.399923921247227 0.0377283336673966
v 0.0634131570419153 -0.390230550874834 0.031660156232569
v 0.0465212482081653 -0.454576916288672 0.047234323035898
v 0.041308073245975 -0.44409698101238 0.0526296523650346
v 0.0369592034153998 -0.456191119565285 0.0568282608890339
v 0.0190677707532633 -0.483329239978965 0.0669031744004029
v 0.00995969413571138 -0.475711273682002 0.0656219274461269
v 0.00836995676410487 -0.488305895065453 0.0642899659818385
v 0.0535718254474768 -0.431101357167602 0.0407221209041099
v 0.0582009865572806 -0.440860062307557 0.0359800019959652
v 0.0616110754919644 -0.429116128618866 0.0328139258612961
v 0.0933814679805625 -0.464747921204694 -0.0147624211975255
v 0.0891114801418151 -0.471675609362 -0.0216424274432719
v 0.0864467219848563 -0.458158695743909 -0.0247490945182002
v 0.0499091347336207 -0.498097855468121 0.0427836433650689
v 0.0442763631908455 -0.488345108515204 0.048646578299766
v 0.0412708080210231 -0.502120819162084 0.0512177943497662
v 0.0581009778881934 -0.472510899525582 0.0353809744333095
v 0.0598316587539305 -0.483413080219676 0.0335270837221958
v 0.0634938831707059 -0.560688126425804 0.020520502016087
v -0.0612857693045978 0.357287161266626 -0.0230104049668712
v 0.0456565484412166 -0.389966166343177 0.0491063174579273
v -0.0624729606151867 0.0746926319332918 -0.01392143022448
v -0.0603862544550406 0.0780283411729152 -0.0289137565112228
v -0.0620814743858235 0.0660986470869262 -0.0227416019949093
v -0.0458501452680849 0.112220403737019 -0.0464004140809273
v -0.0413213422823068 0.100599130588686 -0.0511468515695959
v -0.0517146079329156 0.101953806548163 -0.0405622688687424
v -0.0614231498090833 0.0346026158018819 -0.0176643704398976
v -0.0592543460291816 0.0348693428542586 -0.0305180714281124
v -0.0622042451877762 0.0252121220015527 -0.0239859151166992
v -0.06349934842707 0.129325749166919 -0.0192328429315818
v -0.0588043953541074 0.125956665407311 -0.0319304197306153
v -0.0626122386449543 0.11615150852902 -0.0242455767987348
v -0.0409143596916757 0.15523740210703 -0.050855684316138
v -0.0374550586639638 0.144278180064489 -0.0545227117951009
v -0.0468740483713886 0.145608280116933 -0.0449681531879804
v -0.0380387737073254 0.0857411129017717 0.0178170386894954
v -0.0344278101342537 -0.318350698227318 -0.0576357807563964
v -0.0264165212476971 0.0704401345292688 0.0298386168686352
v 0.0224500125184035 -0.58457571380713 -0.0264890001810606
v -0.0101737686133165 0.0605183108778948 0.0461927662159061
v -0.0626084455086471 -0.239636172959982 -0.0283813177873973
v -0.0631988937652464 0.142901186909628 -0.0137806965174917
v -0.0603319154977826 0.133445245886541 -0.00616419500208866
v -0.0408667269355295 0.116052728808729 0.0151183709232419
v -0.0492729973830174 0.11429642784891 0.00654452625526635
v -0.0428957912347334 0.105545702494679 0.0130107200231221
v -0.0457827557412598 -0.00146099334418634 -0.0491783535967067
v -0.0469165868790373 -0.0119456359151632 -0.0487350305695914
v -0.0547364995861705 0.00336504149376595 -0.0396538460850358
v -0.0609438269637017 0.170383597370868 -0.0283600154173042
v -0.052896620873468 0.166683998257737 -0.038665015699205
v -0.0589792040178274 0.15894516276604 -0.0313835321247696
v -0.0408118377416307 0.197242535030125 -0.0505109168040035
v -0.0354932184093014 0.18654409779122 -0.0559891525602929
v -0.0441633000073358 0.187266214654404 -0.047236900535919
v 0.0236013426109092 0.0732241125788806 -0.0875780014142205
v 0.0189739298793629 0.0627949579012283 -0.0901484891442124
v 0.0119543571472116 0.0737077049625852 -0.0927310756224735
v 0.0185305460433067 0.105972878195554 -0.0915896721495357
v 0.0231504979815772 0.0947029074350368 -0.0885324687165919
v 0.0118156704498535 0.0954891725658809 -0.0932906422096145
v -0.0360195486933755 0.0556932485245799 0.019854095582494
v -0.0405551209907956 0.0471281761301602 0.015184546188416
v -0.031858645199457 0.0448627729409853 0.0243155952383049
v -0.0278283661194621 0.0342169113936375 0.0285555967005968
v 0.0295082081932893 -0.585352506740004 -0.01682523775785
v -0.0123986107407141 0.0188489419120413 0.0446574996232693
v -0.00654105542189288 0.0252290128256602 0.0506610267058247
v -0.037892799272259 0.127409735347533 0.0182277992759428
v -0.0327499056276534 0.116719369507323 0.0233628728750258
v -0.0264728466148727 0.107923235223903 0.0296670297609029
v 0.0268790655538703 -0.585716075422104 -0.00435845338970637
v -0.0610712019642403 0.183167917542059 -0.0285274607709991
v -0.0642613027128726 0.176080723550825 -0.0175644119227129
v -0.0448494493991176 0.159394230827626 0.0115338149199159
v -0.0542024394373688 0.161187374949847 0.00223060405247459
v -0.0491439468650487 0.148846769044277 0.00707267904083269
v -0.0550947301111519 -0.0646473142284006 -0.0428246995147372
v -0.0621481052325536 -0.0604011041677836 -0.0362615033585123
v -0.0475393074230342 -0.0655565338500003 -0.0498878385648008
v -0.0638646285718393 0.20179996476531 -0.0217292762557958
v -0.0560170797102356 0.206105019957357 -0.0350148416235041
v -0.0590531235649132 0.194838526720805 -0.0314423680989038
v -0.0413023159172032 0.238453786214458 -0.0495496133461456
v -0.0369549935894929 0.228198579205689 -0.0540908445210381
v -0.0468914519785632 0.228591455124435 -0.0441074354408039
v 0.0271564389048214 0.0310246158415496 -0.0830323420134957
v 0.0221356596901233 0.0206448951581583 -0.0868968026958023
v 0.0157033573947527 0.0312989651622074 -0.0906940083712608
v 0.0247976632051041 0.116261880178119 -0.0876365307978193
v 0.0133445879810184 0.117494902904358 -0.0932029167174453
v 0.0228926619339533 0.150394164726891 -0.0892403307233455
v 0.0271578184631864 0.139309722164192 -0.0858401268392166
v 0.0157406745351488 0.139928514730633 -0.0924839032384453
v 0.0060747905451495 0.105416838842365 0.0619644004869935
v 0.00196373866301062 0.0955490363313852 0.0581359724262661
v 0.0111766274528247 0.0955371006377322 0.0660996368272626
v -0.0527714159836103 -0.0109038023131225 0.0282923693394996
v -0.0427023366388704 -0.015163404645145 0.0271446284254031
v -0.0465871521797314 -0.00335510866060297 0.0225195546771864
v -0.0161973231647239 -0.0193518881619303 0.0417187034051806
v -0.00867994774824249 -0.0182882130995725 0.0493020037070786
v -0.0460899563662702 0.171391336070606 0.0103603941129828
v -0.0359156516262752 0.156666990287533 0.0206178704870479
v -0.029714080756249 0.147745290064574 0.026715756457165
v 0.0151167224878987 -0.585762402421317 0.000971576398638484
v -0.0877253566893999 0.00947146269601072 0.0285601567328443
v -0.0819900181853197 0.00806315416750906 0.0187026606677751
v -0.091226277799299 0.0107124677464383 0.0157364940666113
v -0.0509441111879687 0.00643339849688563 0.015820557939655
v -0.0566890542723313 0.0134332751331265 0.00832087797867818
v -0.0621952252940873 0.00600861663747689 0.0161180677084431
v -0.141524119129743 -0.0055346352561096 0.0133271768465428
v -0.0958350394086057 -0.0580908642246697 -0.00882869521218385
v -0.101489623048559 -0.048382353993188 -0.00790527932790123
v -0.0901099638788846 -0.0484058212413933 -0.0160393019217906
v -0.0703763235449768 -0.0562657792730627 -0.0291266558794596
v -0.0778228274021527 -0.0634559641685987 -0.0228890030391337
v -0.0793952635547155 -0.0503972128457659 -0.0227517139448497
v -0.076090947679755 -0.0338865125324065 -0.0273784039154115
v -0.0368407912159379 -0.23522825653201 -0.0561514605637548
v -0.0619630325902024 -0.0720925583418119 -0.0365316114892925
v -0.0681417186399725 -0.0800810380408085 -0.0306403478324358
v -0.0511070595784999 -0.111226591585272 -0.0445322411041351
v -0.0449707429262265 -0.105405063258743 -0.0511460131819243
v -0.0614452118659466 0.253074871627233 -0.0270410349470479
v -0.0536276766927167 0.248887018671584 -0.0370592904103733
v -0.0598121405631028 0.240996360516724 -0.0297883686348999
v -0.0409729737036167 0.281985282346724 -0.0491820221644643
v -0.0358099359785009 0.271326621833523 -0.0545633565399482
v -0.0442694524905564 0.270821585414134 -0.0460474376138792
v 0.0271259004802811 -0.0117097850656764 -0.0819910423128007
v 0.0214747663432646 -0.0214226123808495 -0.0866322027083734
v 0.0160150143383909 -0.0108532789062137 -0.0900430095457666
v 0.027435150004523 0.160920222490203 -0.0856843593973902
v 0.016177460582444 0.161597019449594 -0.0923193525475856
v 0.0201561110546987 0.195087484278493 -0.090877150369854
v 0.0257424566796172 0.184252218007039 -0.0870557460949758
v 0.0146930998662035 0.184095888560489 -0.0927724425109704
v 0.0085157954839801 0.0644396695500014 0.064629278452615
v 0.00456314462593327 0.0541974292318392 0.061212668161214
v 0.0140229737714912 0.0541216704679235 0.0685864151508083
v 0.00497093389281886 0.147577328675315 0.0609332115360383
v 0.00106086186195409 0.138067007089299 0.0572090641604395
v 0.0109168504102959 0.137574615594681 0.0653351052322378
v -0.0397077627589194 -0.028326411529706 0.0281455805986827
v -0.0483433489469089 -0.0318431115261672 0.0303021389031334
v -0.0128099222560532 -0.0692135370208731 0.0452364354105262
v -0.00766682139920796 -0.0620139837960959 0.0506040507173635
v -0.0446765911801124 -0.200950767178794 0.0124666760380986
v -0.0427807508676394 0.204577991882225 0.0140302314284893
v -0.0350462003450834 0.204574611632614 0.0217519887770837
v -0.0320476512090846 0.191155528479033 0.0246343515546559
v -0.204352479142466 0.0304525300948028 0.0803342239149792
v -0.0997365360204961 0.0126250890850791 0.0139879331199625
v 0.00681122957818956 -0.586237843027178 -0.00571443451014623
v -0.109176784336414 0.0257997402178621 0.0642148641427523
v 0.0881076074707271 -0.399996686759393 -0.022726167900388
v -0.109091153838135 0.0270408387564854 0.0515613318813189
v -0.0614501455883514 0.266156066984079 -0.0271048347452308
v -0.064546880262331 0.260026318478508 -0.0162113918647201
v -0.0450839888840382 0.247187229542595 0.0122837617633012
v -0.0541767157406897 0.247670506601867 0.00322289762009323
v -0.0490155736767009 0.236680446942928 0.00810994214283525
v -0.160870903991999 -0.0114511674653215 0.0398256212182545
v -0.170314618031841 0.00697810583469948 0.0404401479953735
v -0.163721685599192 0.0101352331533684 0.032272043230085
v -0.151301744796404 -0.00230998370779853 0.0209737260119875
v -0.156952052950361 -0.00896235885353757 0.0286170022434343
v -0.157726892545695 0.00306928614670048 0.0267440656576023
v 0.0576020511679613 0.395151303024864 0.0323085701159116
v -0.258592426527163 0.0819971173359888 0.151765561252586
v -0.0421277126515303 0.313582550224959 0.016012958815739
v -0.0673349544381397 -0.097410661369654 -0.00816587708942166
v 0.0665871570800921 0.361030619592706 -0.0474162187001913
v -0.0735684744808213 -0.0818256245688428 0.00971061271393028
v -0.0630615067615518 -0.085562592168143 0.00969216626359391
v -0.0623722327831791 -0.121253208896643 -0.0291186337616592
v -0.0549800378606034 -0.121985509685274 -0.0400129561911724
v -0.0599949654302152 -0.131883221856286 -0.033252298612605
v -0.063683715638978 0.285081310263453 -0.0215335238990808
v -0.0562862489344973 0.288458797926818 -0.0335980294299677
v -0.0593176702416174 0.277695994763323 -0.0300993175894097
v -0.0414513389049896 0.326325028781632 -0.0480556399966747
v -0.0351434288235902 0.317356120502773 -0.0546387512061485
v -0.0503244436392483 0.312435597149339 -0.0394247116181904
v 0.0795005207758886 0.0728772047482519 -0.0459630177915782
v 0.0696789794523342 0.068256893366757 -0.04542749986127
v 0.0795751089361529 0.0626565603039831 -0.0403582624115372
v -0.0599413635405331 0.353012318392688 -0.0034823686114842
v 0.113460013276989 0.0797602143644182 -0.0588213330457357
v 0.101165950691436 0.0802144463938494 -0.0565890712161441
v 0.0489701173208689 0.042305566475919 -0.0615211420759793
v 0.0521941201818081 0.0630464844099977 -0.0583524700352977
v 0.0606796544446536 0.130057929151774 -0.0525538162766122
v 0.0525823317646643 0.129565839558271 -0.0607676196108959
v 0.0573411386952171 0.140691713945761 -0.0554466918626177
v 0.0256088691339431 -0.0532633694701647 -0.0828013408725294
v 0.0209749186240691 -0.0633788952998431 -0.0866259368662826
v 0.0147175191692727 -0.052508402873126 -0.0903037726308192
v 0.025088140683552 0.205896063314576 -0.087658548745809
v 0.0139165513715576 0.205839421996947 -0.0929549589488257
v 0.0194965985406219 0.237632526412928 -0.0912058553735966
v 0.0247996791867529 0.226992707644379 -0.087914382144961
v 0.0135506598230811 0.227172011516592 -0.0929567616024305
v 0.00923364042243798 0.0230552118591995 0.0660464552938072
v 0.00376543137155577 0.0124660595390165 0.0613955094314562
v 0.0133869971632981 0.0120944846392158 0.0691279105341207
v 0.00311740986386391 0.189676003110742 0.0595875843174237
v -0.000842617348883593 0.18020477537751 0.0556611783924357
v 0.00868640678269933 0.179718309605865 0.0640826024053167
v -0.0957353430492805 0.00941486582741844 0.0615009689165426
v -0.103225756805512 0.00552556435885349 0.0729428673206059
v -0.0895175998585219 -0.00114587976419754 0.0602648746593943
v -0.0779075215659693 -0.0289890968097167 0.0514539508159505
v -0.0851828022924662 -0.0251497721375515 0.0581964543140842
v -0.0643408546896399 -0.0251527982002425 0.0408490385953374
v -0.0704697748143696 -0.0331581074104055 0.0450507599940628
v -0.0630191972543926 -0.0372235998094385 0.0389100928698681
v -0.0109697775914435 -0.105896240814165 0.0468092063652946
v -0.140862633069073 0.0469471454595745 0.105496044879896
v -0.0463002810301816 0.258186931490552 0.0111781547202007
v -0.0362671268719498 0.2444913520114 0.0211834909426245
v -0.0301767336794011 0.234497185667155 0.0270497487130886
v -0.00207159664412795 0.373887031533962 0.0544512193056699
v -0.184366827911572 0.0390424305651493 0.0528252209547295
v -0.181904671607789 0.0270437671077398 0.0498843418979082
v -0.188504928376331 0.0283102484579327 0.0572501851622411
v -0.121451458156739 -0.0484168568483361 0.0308124921887763
v -0.12952941423727 -0.0421231172656523 0.0251174011877911
v -0.120682928888294 -0.0487783104049955 0.0178241607330231
v -0.0470920043088068 -0.135501966382986 0.0098790228894396
v -0.0559432433565506 -0.133089252864362 0.000379190382627631
v -0.0524263227084656 -0.144793581763022 0.00441936658484309
v -0.0641510465749059 -0.162208927160278 -0.0234181700931071
v -0.0577115034874694 -0.165402468250583 -0.0357558092149686
v -0.0618078813276878 -0.17526789172505 -0.0296212972141928
v -0.061487444531717 0.343432811055697 -0.0251239865902468
v -0.0532922388032694 0.337016609395849 -0.0361000089076126
v -0.058786343990348 0.330766672690427 -0.029940969099226
v -0.0408861619340716 0.367528193293023 -0.048211152921273
v -0.0367653258788856 0.357275875066768 -0.0525956070511986
v -0.0453484859846139 0.35939223384382 -0.043678208301712
v 0.112677498740403 0.0679582606765802 -0.0106456491306509
v 0.109773961499215 0.0591134051513858 -0.0180572887802047
v 0.117667180353456 0.0669295250639713 -0.0192067489702402
v 0.135030012559605 0.0956343051246897 -0.0778700651908937
v 0.13520284916815 0.104956709100646 -0.083695763029175
v 0.125984360794912 0.0999580668602409 -0.0783337759181196
v 0.0581395382336706 0.00318292436354462 -0.0515713780549768
v -0.150866635706758 -0.0144183017665625 0.0849367433930013
v 0.0573382801512407 0.178872667624881 -0.055676962642001
v -0.178967817212281 0.00687173338784731 0.0556183744833275
v 0.0283243133233299 -0.0955033203683976 -0.0802084844708516
v 0.0229927105540266 -0.105005262271105 -0.0851168410601566
v 0.0175183007847183 -0.0942800866921772 -0.0890191729817451
v 0.0248959391462373 0.248005112784192 -0.0878716219677279
v 0.0135158089738311 0.248423724337991 -0.0928390258054719
v 0.0199300098469189 0.28013460309194 -0.0909178591549391
v 0.025139525075323 0.269030243771616 -0.0876918622923953
v 0.0136520535944998 0.269882683746446 -0.0927129707784396
v 0.00767375704781863 -0.0196392933104574 0.0657353164681852
v 0.00348380910025055 -0.030495289322059 0.0619105733024894
v 0.0127016263102393 -0.031070309201062 0.0694034109150931
v 0.00241241174297417 0.2316007400407 0.0593545209494701
v -0.00175265447861004 0.222320687101127 0.0551635929341606
v 0.00757275460890522 0.221553164062482 0.0635498300113092
v -0.128421042304993 0.0101691878024445 0.096749475258968
v -0.132198511591671 0.0485355376834307 0.081521695270621
v -0.124386354878971 0.00273988823237155 0.0917606918660566
v 0.0768757807314695 -0.35992940579655 0.0182530705232947
v -0.111042635632814 0.0131166321998672 0.0796690564284397
v -0.0482006705428603 -0.124423908829051 0.00855435918123013
v -0.0377104696368299 -0.137867321250682 0.0196162285577393
v -0.0333494481417716 -0.149592363114911 0.0240415442407185
v -0.125821698034046 0.0132367246143411 0.0145596957438923
v -0.016624239234759 -0.157059666333323 0.0407190844143081
v -0.0108882656937409 -0.14931066185446 0.0465364790534027
v -0.0426931262397947 0.290541473045733 0.015216155075267
v -0.035507186020014 0.28649040130437 0.0223928295288937
v -0.0320074554675611 0.276456469251246 0.0257162974913947
v -0.0570951750656607 0.0127748453956037 -0.036331131608257
v -0.134537696453445 0.0484126306819256 0.058782051477528
v -0.140851406520571 0.0482336229943772 0.0512348638651297
v -0.138083434782489 0.0535595856639923 0.0711548139513551
v -0.118692374731266 0.0314069594934227 0.081720722896863
v -0.0598539415422414 -0.31996511756868 -0.0316711423858751
v -0.125328537239794 0.0405758393659275 0.0822234495382958
v 0.00377145683809999 0.384093568514749 -0.0754453895669472
v -0.0636749466293907 0.35001428274882 -0.0135529174669799
v -0.0408159177997019 0.329904320175045 0.0174982911198612
v -0.0490430033052959 0.33407834236461 0.00927176412397877
v -0.0472307809314509 0.32392959275098 0.011009478175468
v -0.169325011104344 -0.00171865829924752 0.0939352280790515
v -0.00780161565299353 0.284883026281398 0.0498540554785735
v -0.176122047121829 0.00104595692060257 0.077220074084656
v -0.195397061471223 0.028911766776708 0.0659924120648643
v -0.201117341927227 0.0315572150289239 0.0729522411197493
v -0.199447275612273 0.0399861816368135 0.0680153513863472
v -0.0457309079799332 -0.178258837669551 0.01134260502167
v -0.0551952747487266 -0.180280158927495 0.00188973462805408
v -0.0492421918290045 -0.188775960734929 0.00782151888870337
v -0.0649554809437156 -0.220521201665126 -0.0226980536240903
v -0.0580062396890718 -0.214105266092129 -0.0348508361272414
v -0.0605338607807397 -0.226646503777276 -0.0314956536571877
v -0.0529591940490146 0.378201086408882 -0.0288412989474293
v -0.0582271563926562 0.367974035189707 -0.0255754931131955
v 0.139173931643013 0.0945466228235037 -0.014756961643601
v -0.0468027931620185 0.0090076165648647 -0.0476984553551309
v 0.120992237709323 0.0733503295450051 -0.0494107920968033
v 0.000431508785593699 -0.137694426459944 0.0578772807022333
v 0.104265083529976 0.0526336043367811 -0.0103396078513036
v 0.141183977080019 0.111643610599389 -0.0895319812340546
v 0.135759242833568 0.134371725682497 -0.0937834777023845
v -0.0191102833888806 -0.484042591093642 -0.0703169672357067
v 0.112334312359871 0.151051791257453 -0.0313341567295341
v 0.123382424417113 0.153251286175501 -0.0340157387362336
v 0.0887415108249225 0.0414946801738438 0.0125273922384011
v 0.0842010734402261 0.0326579576690137 0.0166877498996024
v 0.0909212593289328 0.0299824236309119 0.00947465566992086
v 0.0537607051472524 -0.0342512560644963 -0.0553671344493377
v 0.224319872334427 0.226236691483298 -0.100694918119781
v 0.0859912566692423 0.14074802119766 0.0125779042025611
v -0.013756464796355 0.419085906424108 -0.035232942686822
v 0.0541691887154829 0.217038049223599 -0.0590522553211332
v 0.155633067259748 0.09684144443523 -0.0737377727404754
v 0.0263028036510748 -0.136979294090318 -0.0823807874720164
v 0.0211973029107266 -0.146292272365003 -0.0868764225925322
v 0.0158578475610901 -0.135410189837943 -0.0900767498354136
v 0.0256132132136089 0.29026659763363 -0.0873943053570373
v 0.0142394582123705 0.291534749848692 -0.0925547868027541
v 0.0233300188402982 0.323724120034229 -0.0891856711081848
v 0.0273804850178321 0.311894703862533 -0.0860808865640304
v 0.0163190905671614 0.313494558611474 -0.0921684253113035
v 0.00803570577501627 -0.0636173522785695 0.0659262630221216
v 0.003045439267572 -0.0743868908450015 0.0612505144200529
v 0.0120892280369378 -0.0747109232087277 0.0685794444913703
v 0.00256171777250415 0.273187276183203 0.0599366906264871
v -0.00172701596113817 0.264209610600848 0.0556698644745532
v 0.00770635889657902 0.263104817828248 0.0639808336350752
v -0.150852979230778 0.0019759771901879 0.103412041599081
v 0.131581643784406 0.143162192119873 -0.0878665829568744
v -0.134421202297013 0.0146902377170738 0.102451916656253
v -0.0446104192034303 -0.167188897346088 0.012593830965953
v -0.036618478312161 -0.179656000929967 0.0206831561705908
v -0.0320698686235407 -0.189986236568716 0.0253441288118391
v -0.0197135907242792 0.312799179691989 -0.0701906841677767
v -0.0161209527372111 -0.198314919239227 0.0411954508254463
v -0.0105902101114309 -0.190812490504401 0.0467579273551708
v -0.0401687021397597 0.340317897323067 0.018221907348629
v -0.0531285649383943 -0.316704659531848 0.00470490136977468
v -0.0297019493657896 0.319543388814775 0.0283377592749181
v -0.0262744283954434 0.322375855936807 -0.0634475825852596
v -0.0504180144502801 0.38633626552489 -0.0195677602718284
v -0.0520816626997002 0.383438363637465 -0.00856662755917008
v -0.0175020449733071 0.326459920867608 -0.0721132732851679
v -0.0322719499344575 0.405661539826248 -0.00144860808666046
v -0.037312082966696 0.400801332956462 -0.0103827251414767
v -0.216675627218653 0.0428788711782678 0.0910668904079906
v -0.216974956066713 0.050830159446196 0.0870595922048065
v 0.313092388760141 0.26782257127925 -0.203335225488822
v -0.205840858301226 0.102924326096599 0.0986672385686495
v -0.0626453907632516 -0.25299877068556 -0.0281739740964289
v -0.0540323865162759 -0.256449225165294 -0.0386069763105328
v -0.0599581391979956 -0.263574431757874 -0.032077230796863
v -0.0246213371761949 0.363540809572113 -0.0648480735012126
v -0.028984407067541 0.372822118272584 -0.0606698164503083
v -0.0214976325192051 0.373976106762502 -0.0673101271230081
v -0.0077837700784003 0.401564366922838 -0.0590223398455976
v -0.00185236411782008 0.39315252898301 -0.067252715610927
v -0.019742814724226 0.398428519320185 -0.0587323366902393
v 0.0730890750748311 -0.218529054626934 -0.0365480047248034
v -0.0226711882685976 0.414042066535903 -0.0336501627001443
v -0.0264354410953177 0.412101259004243 -0.0236029879250305
v 0.154290107683306 0.0972081491621628 -0.0278047117234699
v 0.137341567184728 0.129137174229091 -0.0132973433160267
v 0.143254043441128 0.118873606599359 -0.0128889762791068
v 0.16868076584927 0.10319141859918 -0.0589451393335932
v 0.151426604403028 0.145812620548542 -0.107753898004069
v 0.0895257394284125 0.0987499232956981 0.0150521220943285
v 0.155395937867707 0.176954329532848 -0.0960694649570441
v 0.151601055668918 0.167738578113442 -0.101829070853118
v 0.148392402538314 0.16969966032897 -0.0904839341037685
v 0.0849629133946742 0.00447648309991276 0.015612732563714
v 0.0804404999980655 -0.00442161096038282 0.0199792524662918
v 0.089237961023134 -0.00267518828433995 0.0110773612513016
v 0.0532144695800899 -0.0735955304756092 -0.0556708065017836
v -0.169289960023042 -0.0055172829278554 0.070532202966856
v 0.0846012510125926 0.172518759245842 0.0126279897858275
v 0.0791674021249199 0.162476757754131 0.0185855644604853
v 0.0880703047550968 0.161028333037249 0.00901442684240758
v 0.0811695359153381 0.18419391396874 0.0158368365474055
v 0.0887860051422325 0.183217973959619 0.00784598086730096
v 0.0563532054101644 0.257852710458548 -0.0571254209938077
v -0.155022300021403 -0.0186191986913359 0.059292630375404
v 0.0256351976927853 -0.177850901912542 -0.0833863527468737
v 0.0207061794336669 -0.187846670316769 -0.0874954660618114
v 0.0148694767158015 -0.176706698857916 -0.0906075665895547
v 0.0292862365326976 0.333021281464058 -0.0845395326625724
v 0.0189693081062578 0.336203221886638 -0.0910905935507412
v 0.0326030266826942 0.36813912882723 -0.0794380363906102
v 0.0324284162292101 0.355632048265758 -0.0811559670960314
v 0.0240678818318008 0.359868597387533 -0.0862641956112409
v 0.00567360986382133 -0.106585631045397 0.0632269701105266
v 0.000337372426953328 -0.117363551317276 0.0580185744930579
v 0.00988713464846782 -0.117427485233668 0.0663651605485225
v 0.003636391235049 0.313818514319124 0.0611982823443408
v -0.000701107330660439 0.304687312256893 0.0570507900252573
v 0.00849366252718513 0.303699154682011 0.0648461590741676
v -0.04404990039878 -0.214265076854121 0.0131784298109183
v -0.0364531615137455 -0.218713160659702 0.0209542274128676
v -0.0337904808928859 -0.230569600208888 0.0236914048697064
v -0.154178896381567 -0.0177678987061729 0.0729633292502658
v -0.0170645138116028 -0.239144152103898 0.0403878106796716
v -0.0111289751868993 -0.231907293933351 0.0463229155860365
v -0.0168535865518645 0.377898852283183 0.0414782038956275
v -0.0232850428643062 0.369893283405386 0.0353393320854517
v -0.018668403760367 0.418867691995539 0.00276603908051846
v -0.0169195869403533 0.421059135635763 -0.00698052755237787
v -0.0246138682445995 0.413453046004921 -0.00456067105016406
v 0.0814687996294561 0.105918902643005 0.0215641916322936
v -0.0460414114457737 -0.257335389386973 0.0114082782961476
v -0.0554088378677289 -0.255297736373769 0.00209017585427554
v -0.0498261552277696 -0.267309881730538 0.00755804691767353
v -0.0633430787836827 -0.302510062238286 -0.0268302124236228
v -0.0544118953877141 -0.298384683657298 -0.0379286526824079
v -0.0575542499647768 -0.308754298361862 -0.0345425655677871
v 0.00131462697424459 0.407241649060398 -0.0538419286386356
v -0.0153913046770393 0.413355453459138 -0.0438969252592166
v 0.0016366441004174 0.430639568372826 -0.0269758407415072
v 0.00422751573983673 0.424070177806893 -0.0369356620062762
v -0.00630450309048915 0.424687193912717 -0.0316868364267355
v 0.137374072194566 0.141447164299378 -0.0214063869080404
v 0.221430298682489 0.238147125906706 -0.173427488455657
v 0.169658403848137 0.140313404772116 -0.0369688201235831
v 0.159257110775349 0.142087046203715 -0.0304540299676584
v 0.164729127582988 0.13015523773557 -0.0320149804931025
v 0.162780220150791 0.15949051049531 -0.116592938949217
v 0.164099933493689 0.171620066461926 -0.11776999304684
v 0.163846914774764 0.181026304082588 -0.065019076969483
v 0.164361612279199 0.18571403318932 -0.0783683955832255
v 0.155482605903694 0.177163660688454 -0.0712085885449559
v 0.173516049987013 0.181046478976133 -0.061079454318643
v -0.00863780107728859 -0.137241617632837 0.0488247150416401
v 0.0858791652833193 -0.0342185853826881 0.0139729060019279
v 0.0814332699087184 -0.0447139058435951 0.0182560250952607
v 0.0905853271162525 -0.0450849949735928 0.00825789975846636
v 0.0851073600812822 -0.106077825366498 -0.0236965625315811
v 0.0834950546084842 -0.0927261905340195 -0.0253653126925772
v 0.0908082317136641 -0.0980547423878889 -0.0171452923394295
v 0.0573959654740818 -0.1209595660515 -0.0516012804599567
v -0.020006642913569 -0.112672587834303 -0.0755046385925485
v 0.0841672309526572 0.21640830133985 0.0120717148591676
v 0.0804812128068434 0.205318119440058 0.0159902701915834
v 0.0891318817431063 0.205433398565913 0.00680640810905042
v 0.0779404266187594 0.227545969127199 0.0181076772747791
v 0.0876623402133414 0.227275567987095 0.00818276826618883
v 0.0553153891133264 0.302137830802586 -0.0583223305718715
v -0.0277583422728335 -0.107207232690292 -0.0678507365727581
v 0.0272386063670635 -0.220156600714632 -0.0822684444623754
v 0.0215852596932147 -0.229767143283551 -0.0870767295530751
v 0.0156469662105358 -0.218942329576381 -0.0903151353957274
v 0.0380396653243997 0.377466722063738 -0.073317233173905
v 0.0274424223352649 0.379173214393204 -0.0775052044340773
v 0.00526416024741196 -0.149068953492101 0.0623940102571885
v 0.000524168444161389 -0.160205029062844 0.0578249981409312
v 0.00963193770728572 -0.159777722409405 0.0658002250269189
v 0.00521015000990617 0.352913520996033 0.0622208019807348
v -4.15524617903162e-05 0.343576950125426 0.0580114074934183
v 0.00909486815691401 0.343057718818374 0.0649179530972096
v -0.0484115697573336 -0.246652880779736 0.00900492930924577
v -0.0372981056121588 -0.259659407123121 0.0203062803189372
v -0.0329748577070952 -0.271261918798669 0.0247610493368424
v -0.0198004408146299 -0.102546982656029 -0.0758171813928484
v -0.0172257781528239 -0.280634323772952 0.0404260984971577
v -0.0114885247969903 -0.273204021712061 0.0461516668054672
v -0.22950969314047 0.051832239088709 0.123275477718391
v -0.234683480184294 0.057331431633664 0.130390284205359
v -0.226695077354658 0.0492435437066285 0.133274883120249
v -0.252788806618832 0.077227420755267 0.13637874033757
v -0.251019397483907 0.0800582832918585 0.126539066582833
v -0.246632019013308 0.0702751349753493 0.132066330201682
v -0.221090447693816 0.109676276480395 0.106649296161854
v -0.226663711237585 0.0996824991764635 0.103355187451465
v -0.235053748339832 0.108403000395126 0.111835486216049
v -0.238973485153696 0.133639653237108 0.12937999266586
v -0.234083544683807 0.127514916914239 0.123961890702961
v -0.0598920963916159 -0.332578181707495 -0.0313751932839233
v -0.0513152437977806 -0.33681513021229 -0.0405783535151256
v -0.0577289324592493 -0.344127286940785 -0.033908462535159
v 0.0423021976280948 0.41099416900292 -0.0499786720674969
v 0.0346024356932912 0.404952118898757 -0.0564310186041548
v 0.0303959613950405 0.412822047274686 -0.0487467557113463
v 0.186015550096704 0.137369602239659 -0.0514587882528379
v 0.18981254766884 0.128583540738564 -0.0595352097086168
v 0.190128812664326 0.147243977856986 -0.0545462483629725
v 0.192546961762428 0.126165275385733 -0.0919597364056488
v 0.190577222954248 0.193971087977312 -0.14401159752187
v 0.0837244507188628 -0.0758590239705497 0.015455354197085
v 0.0785678304644702 -0.0866788249702114 0.0203996456529647
v 0.0866556405782442 -0.0867677387606324 0.0122894914840468
v 0.0519369082883277 -0.160348332228728 -0.0572471279687478
v -0.0239301900113977 -0.0313441686075089 -0.0720402991504974
v 0.080917063148208 0.259640075910184 0.0145179349445273
v 0.0764949166496527 0.248359215384467 0.0191379173820664
v 0.08575703855954 0.248764867410709 0.00989653077773361
v 0.0766230649291075 0.271133335933839 0.018593445750648
v 0.0848045605048687 0.270741868390567 0.0104912538323521
v 0.0593721949814054 0.34288202294485 -0.0547008140142064
v -0.0425496056395752 0.0571848884467097 -0.0504428162059914
v -0.0319656088122023 -0.0228686712527077 -0.0639295164699735
v 0.0266102007546197 -0.262234348238185 -0.0831191220729882
v 0.0217656843032726 -0.271910380671319 -0.0872096343467484
v 0.0157005959075068 -0.261074167089676 -0.0904860110324149
v 0.0430166821869414 0.369432527557729 -0.0709432358556041
v 0.0422144516935227 0.386274626441893 -0.0676074513454682
v 0.0051928146093811 -0.190819333264705 0.0622341335683589
v 0.000463781563412216 -0.201691749789536 0.0577493910563245
v 0.00946258398850906 -0.201321656315785 0.0656057238362336
v -0.213571506002156 0.0440032020115855 0.14516234354924
v -0.22740755933424 0.0528136013825089 0.150316173236234
v -0.02338486193004 -0.0181947660758664 -0.0721687899766733
v -0.198405850774614 0.0672336435475919 0.161638973144152
v -0.201046415280274 0.0577456665216836 0.158587946090519
v -0.18683749849137 0.067723165245908 0.152958936152331
v -0.195342013263519 0.0984154485373532 0.15951717218427
v -0.0466347373182646 -0.295337074976977 0.0110451878195305
v -0.0388328397389836 -0.300491172228634 0.0190443374891517
v -0.0363799072801582 -0.313084378965169 0.021644682286918
v -0.0235510073024645 0.00528277306225593 -0.071220675331416
v -0.0189058613209398 -0.322470472020332 0.0390436573740228
v -0.012659019057326 -0.315179551964908 0.0452499886897177
v -0.0295657626340848 0.408709135016828 -0.0129875255201802
v 0.0442587230672214 0.425702460659813 0.0048290866220008
v -0.235575072295374 0.0583924514726947 0.145959841548108
v -0.240991996126817 0.063950369462533 0.148923172584892
v 0.0182591953507708 0.414360444211281 -0.0470378184420003
v -0.0229608865430825 0.0177535562053794 -0.0713117427087223
v -0.268373822654883 0.103634189144516 0.14129439863025
v -0.131787108860859 -0.0219184312494332 0.0793722117433374
v -0.257066147300321 0.086992312002579 0.13231338140523
v -0.259786509928377 0.0846688252358395 0.142112815399286
v -0.257723916649398 0.0950898693620051 0.130172306281595
v -0.260816122066925 0.12670735991365 0.134675072367355
v -0.234127656569602 0.140594249502337 0.135703170038485
v -0.246235720947749 0.139462447274112 0.135115268008596
v -0.253602259302246 0.160948723807515 0.155198718141935
v -0.241662942310701 0.154451964214623 0.150874719631552
v -0.250450003235183 0.153416231906895 0.147631527757794
v -0.0503219699390863 -0.341580238445528 0.00783730726746347
v -0.0596264671241368 -0.34013050802922 -0.00178862772377329
v -0.0552290150624432 -0.351326390298572 0.00288850193687987
v -0.064409823175097 -0.37303799131053 -0.0233607901262622
v -0.0573835200187758 -0.376548506759343 -0.0340254671298982
v -0.0625120521192896 -0.385718026020722 -0.0274849360089034
v 0.0548254017329441 0.397620733965113 -0.0552708186368943
v 0.0135170929657566 0.25227361698743 0.0667844067852691
v 0.174379867626088 0.194300058308438 -0.120612395460808
v 0.177814018764543 0.200346159754768 -0.0981139108627987
v 0.206089607248442 0.232718741614193 -0.122955515674994
v 0.197200545060072 0.22332256274469 -0.124099912230737
v 0.211803404796444 0.233314744929843 -0.112068756225989
v 0.0825685175344077 -0.117868907382167 0.0159341393759377
v 0.0786241586263356 -0.128625751169939 0.0196578582582607
v 0.0871283084906926 -0.128038771137063 0.0112296770669536
v 0.0524223382541202 -0.199336815296603 -0.0571032093351117
v -0.021493098028321 -0.575572197765239 -0.0198332814845472
v 0.0809773715309737 0.301796451216267 0.0136900522593185
v 0.0758330115922315 0.291823225689039 0.0190095921049955
v 0.0841654235446159 0.291483677615416 0.0107711087017759
v 0.0777374988851094 0.311699629315759 0.0167731278390655
v 0.0864004016346005 0.313182209126237 0.00811361637807342
v 0.0556734795238805 0.385823365193876 -0.057999711966414
v 0.0280919946202508 -0.304279406233855 -0.0821041059779506
v 0.0227034920651415 -0.313921607347779 -0.0867684498546209
v 0.0167761902258036 -0.303082375510039 -0.0901351292385554
v 0.00495556326222202 -0.232174651967432 0.0620502706885503
v 7.630621373124e-05 -0.24298266528548 0.0574985657793814
v 0.00928885715854918 -0.242740371115898 0.0654161592269944
v -0.226987382558443 0.0918986965481108 0.187432266500068
v -0.226295347944131 0.0807389669800636 0.181932106873344
v -0.217818561785604 0.0859490707543386 0.179548224823258
v -0.210051903360634 0.102011658115524 0.174852389669505
v -0.217199496919947 0.10761028541443 0.181750994566865
v -0.00253533319958159 -0.581891200777132 -0.0278435834602002
v -0.0522809194562305 -0.330270590099882 0.00574604828044562
v -0.0404408248437144 -0.344011952099787 0.0178181728717621
v -0.0355842033068474 -0.356031242582873 0.0227207712842762
v 0.00386534288219804 -0.580248661454934 -0.0368242588390886
v -0.0187383349250433 -0.364326357724419 0.0394260188429962
v -0.0129644813884167 -0.357079888447133 0.0451831356198892
v 0.0281997675463711 0.430196924373777 0.0125121353970984
v 0.0184681584925395 0.429986460465656 0.0155704485380427
v 0.0482926140241586 0.401686121452733 0.0351169182701033
v -0.25147120244961 0.166820564078167 0.163719653778593
v -0.262924934612607 0.168044477471148 0.161688186268038
v 0.0163069314710891 -0.581161635029832 -0.0363657225146058
v -0.270010876969379 0.183585607871068 0.178021276456785
v -0.0461554416454415 -0.383218263014289 0.0121095549520947
v -0.0552335184719815 -0.385428667315483 0.00307848532248236
v -0.049807380048153 -0.392758425481483 0.00856565671469913
v -0.0656965611209725 -0.426232664962816 -0.0180771546275161
v -0.0595964616906441 -0.42338665232925 -0.0308986411309728
v -0.0628219844294438 -0.43516763402618 -0.0262279206037044
v 0.226794651557495 0.173061144229053 -0.0913559949482938
v 0.226571426671997 0.163199013831252 -0.0947071005238828
v 0.0344768738581811 0.26827026481252 -0.0790935010212992
v 0.20394321930019 0.207111057839294 -0.0832851011353574
v 0.234861829738932 0.167722006896629 -0.138739577839318
v 0.22676037955234 0.161700837868172 -0.141568079206244
v 0.239764594137405 0.17287985921667 -0.14586807499875
v 0.216711441467567 0.243685594075192 -0.165281320845511
v 0.210322913406559 0.237682787295669 -0.156567862935125
v 0.215723633892777 0.247641931839341 -0.154719712427933
v 0.0838724557370375 -0.161700018148022 0.0139327083304497
v 0.0792625534413496 -0.173036817329165 0.0182948949161504
v 0.0888031282909677 -0.17274767832063 0.00833699726569247
v 0.0834175235518529 -0.231808775033185 -0.026144331456485
v 0.0822518017864334 -0.218512064212365 -0.0273317671710598
v 0.089443805408061 -0.224696740678583 -0.0196599328832782
v 0.0555398500505514 -0.243305371558853 -0.054268084586481
v 0.0279005742685869 -0.578368016327345 -0.0380998530407598
v 0.0745993843739148 0.34330066410328 0.0191770266117798
v 0.0707508874616321 0.332336065760839 0.0233188621481448
v 0.0820236374381006 0.333754395551253 0.012116429423302
v 0.0687579002042913 0.355114251883756 0.0247504181108682
v 0.0779030079105453 0.354850823446917 0.0156114194904267
v 0.0274303714346389 -0.34643389119216 -0.0830767215922791
v 0.0218104971861629 -0.355925760970416 -0.0877353179838675
v 0.0162598410495068 -0.345063140737451 -0.090579754447857
v 0.00455714348955008 -0.273766409705947 0.0618357768031573
v -0.000429051596965546 -0.284647005494685 0.0572108382781627
v 0.00880415911085573 -0.284491962900695 0.0651732586495124
v -0.238753152303005 0.121798631591814 0.201997716188412
v -0.242929042393364 0.112050066830741 0.204885309740558
v -0.230260548824078 0.121949492922053 0.193951320120012
v -0.0459095427691118 -0.372525293538143 0.012448111626336
v -0.0377910590260238 -0.38593107890173 0.0205628965442637
v -0.0343533459576605 -0.396613199314834 0.0240919795797648
v 0.0339940698776623 -0.581042429276693 -0.0287946705329416
v -0.0187913538558471 -0.404425841202605 0.0395799206358834
v -0.0131080966732333 -0.397902363371587 0.0452845193677447
v 0.0745366804658297 0.393964567359894 0.00904362810320234
v 0.0806711541585257 0.388608770780686 0.000490391144824134
v 0.00727450159896799 0.259422979464011 -0.0924227008992764
v -0.270203458975867 0.189711250731073 0.187480889485628
v 0.0384504462769248 -0.582739703479155 -0.00756355229790046
v -0.286606344742573 0.204093548837222 0.198920395924092
v -0.0640506824327364 -0.469233683881211 -0.023689726931128
v -0.0567401629882463 -0.468476688596351 -0.0333496660371056
v -0.060067018424391 -0.479956868066572 -0.0294121918873963
v 0.248074524520868 0.180523125396836 -0.140456661377297
v 0.037193768547451 -0.580989718458495 0.0046422162004132
v 0.228196418848306 0.176512044432482 -0.163069118725901
v 0.243145987948363 0.238692984736321 -0.196133472085072
v 0.250750314647783 0.243859817153041 -0.203954811461679
v 0.0837675835443736 -0.204150834453177 0.013336714597664
v 0.0796453628956486 -0.215452141803337 0.0171904123546596
v 0.087412663190825 -0.214839536507545 0.00949488227671305
v 0.0548504007626616 -0.284124635023871 -0.0552171823679554
v 0.025228427055469 -0.582513822356771 0.00852786654079301
v 0.0257570259643691 -0.388126957654785 -0.0849013545310966
v 0.020607925010485 -0.398414927902949 -0.0887067681461573
v 0.0146483248699479 -0.387250409310825 -0.0912124129519687
v 0.00376902712026638 -0.315713148861676 0.0613535515320325
v -0.00128832372210002 -0.326635037815723 0.0566087487657018
v 0.00798700677745944 -0.32648471929397 0.0647764130962754
v -0.251310209160382 0.131730617607149 0.21453446091887
v 0.0480501189778251 -0.180492717237234 0.0495291113197592
v -0.0399798145363596 -0.42457941795785 0.018430831044928
v -0.336388118527953 0.257297788119123 0.25506453296826
v 0.0127727242404709 -0.581224989874614 0.0132241733761912
v -0.0173806057229782 -0.439851544154343 0.0410395361362255
v 0.0361008051721786 -0.0751688352475272 -0.072524070864486
v -0.290244693691585 0.211478994047916 0.209388473171114
v 0.00236625813045948 -0.583125105497029 0.0063278820348198
v -0.315238695100859 0.229918117292405 0.223200613424851
v -0.0614878910492668 -0.51254294047641 -0.0242436371704958
v -0.0532649707204943 -0.512720092490989 -0.0351118780809217
v -0.0568875719559467 -0.522021591057591 -0.0297922744523607
v 0.260740744632838 0.229035295437487 -0.123799747315982
v 0.27697275312791 0.215238577396831 -0.178872998873722
v 0.250208584264253 0.23254650669054 -0.20133508474658
v 0.265054612439792 0.268271537137566 -0.220035502577777
v 0.257516714669989 0.263825020093258 -0.211738039553067
v 0.258110841963306 0.275677482120438 -0.212640499039776
v 0.266433098993828 0.256789494700296 -0.219554256879301
v 0.272844714161925 0.274295380712748 -0.228187178395564
v 0.0842259966724366 -0.246161851294238 0.0123579875291331
v 0.0792725131502831 -0.255649542140829 0.0171009630447954
v 0.0887142452278072 -0.256329371353764 0.00743539164525466
v 0.0863882005293363 -0.314618877669476 -0.0238653659267451
v 0.0839566030232043 -0.301284302608449 -0.026294398499269
v 0.0914752749669116 -0.306913909957364 -0.0174291310564397
v 0.0569029500676823 -0.3281301841236 -0.053612930542238
v 0.0784653191919721 -0.527721430660611 -0.0315459793896542
v 0.0268294148812871 -0.430989601362269 -0.0841847170443928
v 0.0211506696230514 -0.441358468964615 -0.0884662014577154
v 0.0142514055137201 -0.4308322264627 -0.0912184481083746
v 0.00320037971085079 -0.357594694506028 0.0610756170774383
v -0.00163458287201024 -0.368425486449262 0.0565191385158042
v 0.00740015184333427 -0.368327032647159 0.0645575391446241
v -0.287172941784066 0.124702047291384 0.225657191606255
v -0.294214668715932 0.123536433186786 0.218924558012311
v -0.043438848552937 -0.445087325587307 0.0150249453136767
v -0.0484763189493747 -0.454194785337301 0.00996804509243642
v -0.0399579669959808 -0.457454968589954 0.0184997276438493
v -0.0360796722940985 -0.470556502853804 0.0223083679964902
v 0.0118221628835152 0.40736961349104 -0.0538208829644376
v -0.316436798654539 0.142860160091552 0.230948919782463
v -0.322871024731696 0.148518705038811 0.226044922817089
v -0.308852925878961 0.135118336437644 0.223285187825905
v -0.31208203632584 0.143501818737829 0.241512474161027
v -0.316820764910277 0.237304288413818 0.233832117607638
v -0.370610351398194 0.253683281122294 0.255752340219979
v -0.051312311405393 -0.5505140068022 -0.0227473059329902
v -0.0495817001048873 -0.545850618255809 -0.0319839492398888
v -0.0475089493035057 -0.556713702927711 -0.0190299228055241
v 0.262841830468205 0.28384948237287 -0.149413615927312
v 0.250594686207792 0.280987382775828 -0.149088939382908
v 0.268284851964355 0.269869820393726 -0.140371550265997
v 0.285720506445444 0.224377771168304 -0.177852849276528
v 0.288072447088725 0.228462296643215 -0.185452824631032
v 0.292086808856767 0.23814560985543 -0.201950303644684
v 0.267339820824928 0.245432636173563 -0.215152267076539
v 0.0821269038479378 -0.28635680691966 0.0139677110398529
v 0.0768469287267023 -0.296563487005739 0.0190352094795704
v 0.085269754086276 -0.296982519092109 0.0107744874234088
v 0.0536738160467196 -0.369890867958979 -0.0572490136122521
v -0.00608353508625787 0.410763484624862 -0.049937121325824
v 0.0269150994626658 -0.473382968924397 -0.084300053180096
v 0.0221554424718159 -0.484193746671325 -0.0881632564701258
v 0.0168193228219317 -0.473766907028633 -0.0910100267262236
v 0.00255278548792259 -0.399229131243684 0.0607177968606882
v -0.00230911507073838 -0.40977291194065 0.0560680261711696
v 0.00646048866646424 -0.410201531299705 0.0640247345441143
v -0.303211433242924 0.146973188490714 0.24903442609788
v -0.0487922593161968 -0.486643089394207 0.00962320836753831
v 0.0268924521775618 -0.115667906912231 -0.0815867455096501
v -0.0462228671636366 -0.496770992948057 0.0121760629064648
v -0.34428824295716 0.24665178526236 0.300828626483052
v -0.336246167852308 0.250893196706142 0.292615347484429
v -0.346427547757897 0.255734921288359 0.293141777658848
v -0.343438168739961 0.170439374593714 0.249756032132896
v -0.347243253582119 0.174618250154235 0.239301214689227
v -0.339069369387869 0.165741879715424 0.239683565446849
v -0.330218577714998 0.161155997801228 0.258201264796072
v 0.0770454687587957 0.192393300929163 -0.0354668851165503
v 0.174467850343714 0.194856068329807 -0.0835014841221606
v 0.0688924017024542 0.188680786862459 -0.0437965745287869
v -0.0214080891100051 -0.539431187128095 -0.06660675684218
v 0.284902238990166 0.314940655791192 -0.178498239044089
v 0.276186411697909 0.309767669309107 -0.17339876388748
v 0.287550308578091 0.298595939541065 -0.163866202557735
v 0.301121246628806 0.30604039678421 -0.224861182722253
v 0.0033854463683566 -0.343860045871187 -0.0909862338185324
v 0.298601108952347 0.315474397051759 -0.220687180332723
v 0.079595225985966 -0.328004029704049 0.0159109607890623
v 0.0760347200397406 -0.338429701549167 0.0193467997705073
v 0.0846139104573946 -0.337903588094919 0.0109498460336166
v 0.052920152587178 -0.408572600103948 -0.0583073495787377
v -0.177263637108133 0.00268485721106889 0.0889185918955442
v 0.00673151140302213 -0.546459361624288 -0.0793889635799001
v 0.00318019873830137 -0.536121652793417 -0.0833035516066383
v 0.015056502475679 -0.536779600094541 -0.0839630820955993
v 0.0371472235218527 -0.511997669859437 -0.0739094052591125
v 0.0292196621960683 -0.51734200222298 -0.0813947743041349
v 0.031061346758365 -0.505454613027688 -0.0800084771984596
v 0.00076049172794963 -0.440860464080604 0.0591522268599363
v -0.00422371130963629 -0.450156198677447 0.0542743522283408
v 0.00481877494617224 -0.453149102074804 0.0626761245854051
v -0.33768735582905 0.176212582779599 0.277111063118164
v -0.326722060755895 0.173355313558352 0.274940243832132
v -0.0162946258725256 -0.567423587417029 0.0281026912169408
v -0.0209949501829885 -0.560956210831997 0.032909283776208
v -0.0262449015569056 -0.564656898860994 0.0245323494425897
v -0.0164947969921527 -0.545098928069661 0.0405253884777589
v -0.0189938291170082 -0.531040301596238 0.0386863841714649
v -0.00778297538731349 -0.548066394030114 0.0460059325575402
v -0.0144809931911021 -0.555641311121143 0.0394980786174847
v 0.106011078804933 0.147604566201681 -0.0184592987992165
v -0.360209572950328 0.257049005099426 0.292798977787963
v -0.363974466440461 0.250791457645705 0.300327866511576
v -0.346230738348718 0.237300747386598 0.306831854044228
v -0.354762925853614 0.243655521801192 0.306510088363897
v -0.358526169419071 0.187451855482426 0.277580811149535
v -0.360926793631216 0.192899324674167 0.288318108776863
v 0.0817928404064624 -0.371047052088647 0.0133122523319206
v 0.0771621381021879 -0.382460383627809 0.0176265181455271
v 0.0870123237186303 -0.382082388455695 0.00776913191927087
v 0.0840435986146357 -0.443022257358153 -0.0272350864147876
v 0.0829138869497682 -0.429188968109189 -0.028425653732026
v 0.0901222063995216 -0.435427220499059 -0.0203742181556652
v 0.0540316540185912 -0.455066245581096 -0.0573236017074004
v -0.168886947213133 -0.00495237787770844 0.0830440431165995
v 0.00377774521249407 -0.301995708431202 -0.0911454323224231
v 0.00136119620142996 -0.498513428241462 0.0592628189658436
v -0.00573725152175595 -0.506520359450974 0.0526026302590561
v 0.00704819511525728 -0.509376557120511 0.0623063689201525
v -0.362632242945796 0.200183982022698 0.297966426812623
v -0.352670671897832 0.193994313250296 0.294282670815973
v -0.000703139228163822 -0.540208169120047 0.0525295475665352
v 0.00281821254334705 -0.550281265977924 0.049404665486079
v -0.133409996357998 0.0459436319503255 0.0939869245860005
v 0.319786179672113 0.296054534262351 -0.193754523246769
v 0.0817216741516869 -0.413968926042446 0.0126899430104527
v 0.0775090462782845 -0.42550104973215 0.0166170078077752
v 0.0853303631076838 -0.425118127675601 0.00899356470932255
v 0.0382486000687271 -0.521724759543056 -0.0726471195260085
v 0.0413299385413164 -0.532307937679309 -0.069428599817502
v 0.0544259509483135 -0.496623510646947 -0.0566415994283808
v 0.17781323373084 0.11405391267706 -0.0542584009127311
v 0.0456222153815591 -0.554410813732321 -0.0623723387221506
v 0.0370238781096152 -0.558518823964399 -0.0641248845890028
v -0.365697458389692 0.215326116768501 0.3099736182193
v 0.0807677173998774 -0.457238650523337 0.0128956303939778
v 0.0766241542553726 -0.466293542945705 0.0166771999285185
v 0.0864604883266103 -0.466788046620622 0.0071395585956797
v 0.0851354502765475 -0.522499677673508 -0.0240599283135707
v 0.0854353732155617 -0.510036210994358 -0.0250784459416134
v 0.0907021009548531 -0.517081929726862 -0.0153149211734789
v 0.243067305182422 0.227171292913127 -0.194390672848267
v 0.0520587150690415 -0.545779478168881 -0.0593417641494663
v 0.0393631108488894 -0.563959828210197 -0.0562672415721545
v 0.0489079870458145 -0.561564236265954 -0.054416698930707
v 0.029661454927299 -0.565886974908323 0.0355709565106385
v 0.181672511359528 0.126278869400389 -0.0496728100005388
v 0.0838554344690174 -0.528260127339312 0.00582099144034813
v 0.0841953965778535 -0.517852344087155 0.00718878529963066
v 0.0766983862354272 -0.524730103828668 0.0143374245522826
v 0.0621165474694074 -0.569113380722495 -0.0222889955903829
v 0.0663544123543457 -0.567442010791396 -0.0102212061177519
v 0.0515888899498759 -0.552757972198494 0.0374401684820508
v 0.0652790937349894 -0.548911927725789 0.0247154307344378
v 0.0626011009378684 -0.536886631797623 0.0284715520768234
v 0.0960963083439889 0.0208993739481535 -0.00550194238482066
v -0.0607939073021551 0.103490654945891 -0.0288284172496425
v -0.00703705703626453 -0.57255888025198 0.0237894276506112
v 0.0181207221848002 -0.566996269527053 0.0342474124155528
v 0.0085410794595544 -0.566830348014707 0.0339687447986251
v 0.0120022573396661 -0.574587586751848 0.0241158315902968
v 0.0994771181414945 0.0438379403523697 -0.00301177952304949
v 0.14416762346211 0.0958057995817147 -0.0782364174185957
v 0.0559934670168441 -0.56850258458208 0.0166746618162957
v 0.0451377314905509 -0.570377006299792 0.0238098163328489
v 0.0470742235998475 -0.574583779293928 0.0120873705341621
v -0.124957743619276 0.0328139156214657 0.0914955197148415
v 0.0681656687258167 -0.565436363268417 0.000177243044803721
v 0.0592967806045278 -0.57177107425373 -0.00339373923734415
v 0.0657727152065263 -0.56484980352257 -0.0310957917430865
v 0.0537281824517976 -0.565368663829837 -0.0460403250649039
v 0.0619132438131394 -0.563932110487445 -0.040324910146571
v 0.0503562429466312 -0.57031776811846 -0.0391535525371662
v 0.0303712895144426 -0.56438419280641 -0.0592556519729093
v 0.0321206093738816 -0.570887939647175 -0.0484829298691608
v 0.012471658625117 -0.565423350688449 -0.0614375982816004
v 0.0210860838024604 -0.561839469859659 -0.0650231076242967
v 0.0145725137607962 -0.571381101352694 -0.0531239826134022
v -0.00497207848150926 -0.566935624795566 -0.057017834597894
v -0.13930836439008 0.0552930934941613 0.0871843884268133
v -0.00176971651109746 -0.573863690707193 -0.0470188703173604
v -0.0296423833415344 -0.565053737286263 -0.0388602769047328
v -0.0221801905946539 -0.565107212616646 -0.0482023496114115
v -0.0189542867105206 -0.570739439074993 -0.0387163624555077
v -0.0097372459901106 -0.581421723890276 -0.0184321799987629
v -0.101104319851366 0.0186774607431764 0.0571813284431952
v -0.0322992870264193 -0.568771318250211 -0.0205116962146815
v -0.0460813182417216 0.0857237099386211 0.00968350336213502
v -0.0423425192257817 0.076517922301386 0.0133944004311473
v -0.0590555232537493 0.0990579936706252 -0.00498055871861531
v -0.0595272107904246 0.0853518396964392 -0.00583579374240275
v -0.0532914370878278 0.0915236512723691 0.00220861264991581
v -0.000174715552942632 0.0527286993720656 -0.0903160857478137
v -0.0116714497953939 0.0529016714154926 -0.0817815784828028
v -0.0066889378019313 0.063434628850133 -0.0860889381808501
v -0.031877874396404 0.0564273185764696 -0.0613823809531341
v -0.0262088231162508 0.06512866318876 -0.0668440354347678
v -0.0213518838429393 0.0528651659288227 -0.0719371518819841
v -0.0491040259660676 0.0497723456592637 0.00615391136753024
v -0.0450200219776661 0.0379156410500919 0.0105153393930221
v -0.0619310231529823 0.0547557278755011 -0.0165539862473176
v -0.0599176614174611 0.0436310830256257 -0.0105210529731981
v -0.057323677291495 0.05244971404407 -0.00394749107259903
v 0.00404388398425587 0.0104711108628693 -0.0917559347563733
v -0.00716233710424977 0.0105131448875305 -0.0864519837376789
v -0.00225770051199653 0.0214087887075393 -0.0894994138754631
v -0.0311423431483886 0.0133990889064918 -0.0632622758032395
v -0.0870196897967317 0.00744607616911486 0.0395136891828358
v -0.0165093557524391 0.0108649805627579 -0.0780444874153234
v -0.000607412063855049 0.096358214058509 -0.0903522858175811
v -0.0110342207178027 0.0972892950292752 -0.0816616306169452
v -0.00559221633565701 0.107912640720248 -0.0866985012368894
v -0.0309485264625532 0.0994339293134376 -0.0615997829650552
v -0.0253303237933744 0.109959120305464 -0.0670961918714406
v -0.0208502278377046 0.0982910192500378 -0.071731805142515
v -0.0643860290341977 -0.00784511128388803 -0.0315241400187894
v 0.119604705601083 0.0927748256375461 -0.0725711979646233
v 0.101762191414963 0.0518051412354216 -0.0191285594539701
v -0.0280316638279193 -0.0521423626726521 -0.0685318132389946
v -0.038915367402178 -0.0501426043603198 -0.0581088644502724
v -0.0332638407612548 -0.0434211595743257 -0.0633955324895297
v -0.0553372054671027 -0.0442466840148654 -0.0429140226020441
v 0.0933727481212987 -0.146184157850295 -0.0127614341757116
v -0.0476106292760033 -0.046629362274379 -0.0499195429573854
v 0.00215184252986421 -0.0309049059009621 -0.0916157233661757
v -0.0091405316269669 -0.0301326674323722 -0.0859629711196503
v -0.00375816932910025 -0.0195109939401652 -0.0893137761306193
v -0.0329823375368895 -0.0338662982930477 -0.0633829509706668
v -0.0238190507386112 -0.474563695970764 -0.0658994385057873
v -0.0172702148186699 -0.0281014336767367 -0.0785033417237283
v 0.00219410292322588 0.140568511129523 -0.0914350136604905
v -0.00892834641516139 0.141374856877721 -0.0833660972203696
v -0.0032806039504236 0.151871614086466 -0.0881191389320935
v -0.0280141168477271 0.143200892223789 -0.0640444812237464
v -0.022664592319667 0.153474501101479 -0.0693159602805175
v -0.0185193164731787 0.142250354332023 -0.0736495833428844
v -0.0501566997500349 0.210956889997605 0.00658852620460721
v -0.0494925072485516 0.197079224097219 0.00709727969591003
v -0.062751467330743 0.226542189047704 -0.00939737810054316
v -0.063535565223212 0.211720496479776 -0.0113750486036777
v -0.0579159784535055 0.218173273723187 -0.00155235143474359
v -0.121198649861549 -0.0248669438251605 0.000130765558950814
v -0.122568590203313 -0.0115204999718547 0.00163305957749572
v -0.113490894578617 -0.0170846790268624 -0.00467222178974953
v -0.124033006498464 0.0244071789776424 0.0239243302898843
v -0.114280875962833 0.0252820618206776 0.0271639538673574
v -0.237334799358368 0.101356167956284 0.197631756843895
v 0.0609475497106927 0.061473889478449 -0.0498859013588484
v 0.00261733791737457 -0.0726408804761601 -0.0919166388105936
v -0.00954963597476209 -0.0721562151263242 -0.0861973014369639
v -0.00459541258820609 -0.0619828413470182 -0.0894886563785551
v -0.0289515711548274 -0.0690840322960658 -0.0676817127243795
v -0.0233274082218273 -0.0615295873946557 -0.0731458789127509
v -0.0189808552196863 -0.0721920990297412 -0.0773380221416983
v 0.00217096773901051 0.184348014416615 -0.0912087066320084
v -0.00829530235681259 0.184784528529644 -0.0834286584265148
v -0.00354446422001797 0.195373374258753 -0.0875038757014748
v -0.0265857940119024 0.185872717065019 -0.0649641248058866
v -0.0222355923261204 0.196205656190841 -0.0692225223449419
v -0.0175031807584737 0.185294273684865 -0.0741439631148257
v 0.0401962580619398 0.125889568159833 0.0599098266732421
v 0.0349300373313357 0.116431416904755 0.0646145083185078
v 0.0437099391527666 0.113787301956985 0.0568412173069576
v 0.0225133613263473 0.0954379713163521 0.0696345618395424
v 0.033553880680985 0.0949658878870252 0.0661240877409529
v 0.0286177525793326 0.106213887903083 0.068265244419218
v 0.0857136159799941 0.0990596780930229 -0.0580516912508071
v 0.0197005783748465 0.322708576107475 0.067618768830149
v 0.00522648771626798 -0.114001885525137 -0.0922865037498503
v -0.00560540994062904 -0.113246411410033 -0.088470040938196
v -6.05047999691087e-05 -0.102970911990226 -0.0913147323866354
v 0.0916513162194926 0.315831461198234 -0.0206488508346454
v 0.0506538423772195 0.357986574105058 0.0426609340597898
v -0.0132845121249755 -0.111091023781023 -0.0820787526959431
v 0.00138851568717927 0.227385703320865 -0.0904909165545303
v -0.00867937162670925 0.227633633358287 -0.0824257073893773
v -0.00391640191888268 0.238234889681647 -0.0866513108702473
v -0.0272993830167901 0.228039027069035 -0.0637418331939214
v -0.0224785497294123 0.238619437104308 -0.0684124522795177
v -0.0179103898676401 0.227848738548067 -0.0731393662927151
v 0.0401195362250439 0.0846344156531159 0.0611683420723951
v 0.035570337230408 0.074664610681051 0.0651714993460817
v 0.0449903449942251 0.0758188568963597 0.0564225666123618
v 0.025266464060466 0.0540171235288971 0.0703996198378418
v 0.0358209969943918 0.0540067698437367 0.0651865517161454
v 0.0306005160696392 0.0644258993545553 0.0684514366345832
v 0.0379463482351662 0.169124963723681 0.0602950043059421
v 0.0336279301868734 0.158638376128561 0.0640763165828198
v 0.0434920298405606 0.159097921269803 0.0553168109393022
v 0.023352513182889 0.137143649118283 0.0684446758604714
v 0.0347055679266222 0.136863033993075 0.0640734999952081
v 0.028666748527312 0.147746913064257 0.0670250781484553
v 0.0573296816109985 0.344045021855395 0.0364448507241449
v -0.0275089553475869 -0.0960181927821851 0.0302343469805929
v -0.0440562681325674 -0.0856933143976486 0.0168785361889952
v -0.0429633477661922 -0.099002022536693 0.0148820543521877
v -0.0410591062594524 -0.051877680300832 0.0250839702283214
v -0.0508770739017888 -0.0615389483585518 0.0245489092847425
v 0.0423384382233129 0.340499449413015 0.051398444771426
v -0.0560880759186429 -0.0801169149928345 0.0159615596722563
v -0.187910363456235 0.10201749762213 0.109313868467725
v -0.0602295094561641 -0.0705324547792332 0.0231661002811211
v -0.0506852421605989 0.29521835685755 0.0072588966531048
v -0.0503173113089714 0.283356932313759 0.00744297471936923
v -0.0595858385658423 0.316490491408005 -0.00205953928084934
v -0.0622053561411111 0.302602047937859 -0.00615015220972342
v -0.0562747358856847 0.303606765504648 0.00160380415356007
v -0.171641772680512 0.0594648192471165 0.0587957652458214
v 0.112467629100667 0.0668619615066585 -0.0420100476963213
v -0.177666005405591 0.0500862153639802 0.0526086194473906
v -0.0538247580101451 0.360275641897469 -0.0344190878744656
v -0.170294752117584 0.0453830725905175 0.0470870702614597
v -0.165268579157038 0.0529275934623999 0.0523123122227834
v -0.159913814138914 0.033507339529756 0.0360964909049077
v -0.0276957205399333 0.355090490138333 -0.0617404816836137
v -0.0636759220437594 0.324956152765088 -0.0203259797880897
v -0.108031105343463 -0.0505704870036254 0.0458124620546849
v -0.127955234175058 -0.0412576184041433 0.0475755704108465
v -0.119264016449033 -0.0473718850362804 0.0437033112830525
v -0.0487282624814075 0.348389897377649 -0.0404113590525185
v -0.0814274048274747 -0.0703089512128024 0.0247878292817137
v -0.0917611401728103 -0.0643810616324269 0.0296057965533727
v -0.0822825034570759 -0.0762116688450769 0.0138685926651195
v -0.110004368093881 -0.0563729858772812 0.0113679980013612
v -0.0997908918020625 -0.0645303934206542 0.00722212305959845
v -0.10164345159133 -0.062796523756121 0.0195571462197692
v 0.115116579348329 0.102322030629414 -0.0746986395208313
v 0.107273785965412 0.109253289025076 -0.0709262737205009
v 0.114500998104374 0.11643367344047 -0.0741754856561843
v 0.0985483099397123 0.109791204781645 -0.0655662297922134
v -0.165864871861813 0.0769751247014077 0.124577186330634
v 0.00235262356588585 -0.154340948420007 -0.0915053720045102
v -0.00917559828293517 -0.152687806234625 -0.0851065889750769
v -0.00350330137712984 -0.143041924805359 -0.0893218209442568
v -0.0284384545447152 -0.149314598214508 -0.0662481939413156
v -0.0232746712383696 -0.139619018281536 -0.0716468038748024
v -0.0188545371103244 -0.151018320925906 -0.0758068845171077
v 0.00136198733879378 0.270678632671927 -0.0900269692182516
v -0.00871907875438339 0.271310204968852 -0.0818190884575766
v -0.00396425600267238 0.282276059634494 -0.0861225537186265
v -0.027015496628728 0.271598720706609 -0.0634043725448842
v -0.0228016904604343 0.282968300912876 -0.0674794737847222
v -0.017900164617484 0.271604301883966 -0.0725634632217459
v 0.101210773160109 0.0540540180024272 -0.000363478310212657
v 0.0999288570685215 0.0652311362727513 0.00301920169173063
v 0.0943553054489835 0.0566963396924947 0.00804285676057626
v 0.0956161477364656 0.0888762644402674 0.00865450788154515
v 0.0894831692850581 0.0768697474362255 0.0135408607749553
v 0.0972442577284988 0.0771575956469812 0.00607934990803093
v 0.070202826778079 0.104867048716241 0.0315320711710038
v 0.0635878174294122 0.0955616236368886 0.0380131292625191
v 0.0732611541463615 0.0956723392668163 0.0292204276276142
v 0.0532595847976406 0.0763186194094057 0.048204301128988
v 0.0620517503469391 0.075430188822037 0.0397734731423809
v 0.057922281633563 0.0861343067357795 0.0435439195380474
v 0.0402336016701672 0.0432636126406689 0.0612162113662095
v 0.0357222163499961 0.0325960472005808 0.0653263045859346
v 0.0443520023976934 0.0323414370084533 0.05703317068096
v 0.0248814354737112 0.0115813480055508 0.0710511441064568
v 0.0353759638952956 0.0110919814646847 0.0656055330735889
v 0.0306981842913024 0.0220650993882942 0.068864521181841
v 0.035179242045059 0.210195076742425 0.0615330364579651
v 0.0308525958982599 0.200021059866885 0.065003653302874
v 0.0397703436334481 0.199818090193798 0.0574459514560695
v 0.0204701214274819 0.179467582851048 0.0681578845319523
v 0.0321522369416033 0.179418609962377 0.0645959251016579
v 0.0258973674022574 0.189762966834736 0.0673943358850131
v -0.121760832947658 -0.0352367371152667 0.0646873680761878
v -0.112198047265278 -0.0365941734095374 0.0631366504747888
v -0.114363148409417 -0.0285573817344133 0.0711895135742933
v -0.131427962929035 -0.0327312291998555 0.0653079332752673
v -0.147140919377657 -0.0242300255734785 0.0658524141817894
v -0.139635082364745 -0.0311272651664774 0.058568157581016
v -0.162616528251543 -0.0117006057450385 0.0651023159398727
v -0.154432645607155 -0.0194068190695921 0.0466150338392489
v -0.0230326400523108 0.334315625086487 -0.0665029537677152
v -0.0422055605896733 0.39586410651987 -0.0200778562871193
v -0.0492633588954427 -0.403267639471509 0.00911370319830612
v -0.0338453231320947 0.401553713842197 -0.0407776389610912
v -0.0410748685982475 0.392203252373324 -0.0390951808657608
v -0.0386953383231307 0.398955781307498 -0.0303599206256007
v 0.0974490819068405 0.101463074970474 0.00913932901574031
v 0.106583511552112 0.0949360671175822 0.00166072763874238
v 0.075544800196845 0.0146484924254689 0.0254408611451485
v 0.0688632873640988 0.00972515110718273 0.0322412687738113
v 0.0767453485854114 0.0336000219101953 0.0244408952724479
v 0.0801358392427485 0.0236810973017362 0.020748909151199
v 0.0816745235623908 -0.0252851838579362 -0.0272168497502002
v 0.078669450993532 -0.0127661198894952 -0.0303598182538807
v 0.0870626618715825 -0.0163221898950243 -0.0217358264632173
v 0.073111925191834 0.0109965191948209 -0.0363489074524812
v 0.0809705413405103 0.00870376967487884 -0.0282239158529521
v 0.0757098111966716 -0.000509083884649319 -0.033526974300885
v 0.0617588597246346 0.138951566094852 0.0379000764604271
v 0.0703173492677938 0.136193338591994 0.0291702648017493
v 0.0581369124117928 0.117621148077451 0.0424363947752191
v 0.0642894156402613 0.127251942395419 0.0358500470788011
v 0.0562588521897014 0.128899446635502 0.0438932222889125
v 0.090230253199382 0.111592332453189 0.0142347254089531
v -0.0709949510978689 -0.0939051135782946 -0.0189733533116487
v 0.0869495414454427 0.125813845212264 0.0141008796467305
v 0.0019771147779958 -0.196626454475521 -0.0910408673682906
v -0.00954716975035239 -0.19532371079082 -0.0839868888334911
v -0.0041843020892648 -0.185327846802519 -0.0882567060244941
v -0.0294209567310506 -0.192762263800837 -0.0643523097172252
v -0.0243612145273242 -0.182543919104966 -0.0695813210449525
v -0.0194323727262979 -0.194025481998082 -0.0742955634035833
v 0.00402258942436804 0.314688729077285 -0.0909664716315542
v -0.00585897377884601 0.315210639797703 -0.0839660284506007
v -0.000321703663201077 0.326984283342318 -0.0882706572839525
v -0.0286151515979183 0.311394671152073 -0.0614109658852235
v -0.0249861269256875 -0.0956783053108249 -0.0708461491850065
v -0.0128614050966468 0.316572495969387 -0.0770011591044801
v 0.0395813144870151 9.7313162643345e-05 0.0615967495120627
v 0.0348734741137485 -0.0105068861774862 0.0658649308269521
v 0.0435650588595674 -0.010917371030888 0.0573629970713805
v 0.0240617020978682 -0.0316995200188464 0.0713517335944765
v 0.0344773344353526 -0.0322112506764716 0.0659130346048982
v 0.0297310028861638 -0.0210920551951654 0.0693757225104243
v 0.0360214525464871 0.251343004119875 0.0598213744368058
v 0.0308281405022021 0.241178150884977 0.0641927921882186
v 0.0399205128899709 0.2406251968848 0.0562214673341739
v 0.0190145076462265 0.221009426417573 0.0679315813552232
v 0.0304387481446557 0.220642125435375 0.0648841357182006
v 0.0250959916719444 0.231087295845424 0.0671302154966182
v -0.164074748108023 0.0729817303463384 0.0776073178366557
v -0.174719869526744 0.0739241997717998 0.0739940470189224
v -0.189862829626501 0.0650665281125355 0.066845907157346
v -0.0514698930023993 -0.210508479812045 0.00565790870760579
v -0.0509152271652364 -0.222410770705951 0.00629203418275135
v -0.0634286572170381 -0.196908368469372 -0.0092283796240318
v -0.0644849815226098 -0.212327824374961 -0.011217703587802
v -0.0589980696221608 -0.205171852991397 -0.00220000940010668
v 0.0492082728239944 0.120478894837313 0.0512205217560157
v 0.153983672688953 0.122860604170859 -0.103628028760544
v 0.125627327924922 0.144984960109072 -0.0787931969628367
v 0.0606356557812803 0.106255019093619 0.0404239692923551
v 0.114167267447037 0.149510145688402 -0.0570183181218197
v 0.110948108390222 0.14013345180178 -0.0648402854659828
v -0.0646429528262735 -0.182587140127336 -0.0220466670213851
v 0.0683648972513354 -0.0337634752657127 0.032036915136239
v 0.0720745380421966 -0.00227531299967004 0.0287116131806727
v 0.0764177577257002 -0.0134624131525584 0.0239297453091666
v 0.0732376662752983 -0.0627278738207621 -0.0357755759523711
v 0.0708025266155224 -0.0523710878272326 -0.0381462704844919
v 0.0800741566603076 -0.0571422837584499 -0.0287523245213745
v 0.067713403159848 -0.02901907834717 -0.0413889856105988
v 0.0760870148641161 -0.0334246008055312 -0.0328451131873924
v 0.0703439252523768 -0.0406167749032394 -0.0386697694487927
v -0.0396579892237787 -0.191594766849132 -0.0541554962178064
v 0.0725402684404138 0.154742704238901 0.0259426728960287
v 0.00250969577904583 -0.238932995082321 -0.0909810888808856
v -0.00875906677901069 -0.237936140502802 -0.0841103008040645
v -0.00364923401858022 -0.227841510894187 -0.0881605766882201
v -0.02765187200244 -0.236063587543464 -0.0653678691583767
v -0.0234590911817815 -0.225760234635717 -0.0697297398619579
v -0.0182878616756598 -0.236958500479787 -0.0747571356129826
v 0.0386532912471788 -0.0432386816633442 0.0617704702216427
v 0.0340882616448478 -0.0538845336133076 0.0657955333373153
v 0.042607054290262 -0.0541865085501119 0.0574909983895951
v 0.0231680339127743 -0.0751207549429393 0.0707034336533895
v 0.0335599609332138 -0.0754004163346568 0.0657281265151007
v 0.0290095664746213 -0.064517418287823 0.069049349779606
v 0.0348708085116306 0.292205563395337 0.0601005337135589
v 0.0306694795014455 0.282157105071295 0.0637306442645824
v 0.0395643598204566 0.281823291393867 0.0556685648498555
v 0.0195292915456022 0.2622904967252 0.0677292983415668
v 0.0312975985489776 0.261710904475399 0.0635522254321585
v 0.0255480962768537 0.272173817881579 0.0665664238117492
v -0.0484725260522273 -0.156539047542871 0.00854743808902803
v 0.0475417585987287 0.100712219749638 0.0534092980563366
v -0.162114577247678 0.0144006514408946 0.115825970762021
v -0.171543665105117 0.016516556953191 0.118634408847664
v 0.158445714504759 0.120861702804625 -0.0259651529347015
v -0.153258077209653 0.0211436409810875 0.116981190803115
v 0.0873241783398717 -0.190466614410727 -0.0219426176995541
v -0.0645366733025783 -0.149445294288447 -0.0170058749531596
v -0.106738393411174 0.018725136901968 0.0204407234757097
v -0.029998874363578 -0.0112463575226151 -0.0653978510658204
v -0.170837687067525 0.0264645194963766 0.127069820360294
v -0.025527869574948 0.349788751234667 0.0329616931558562
v -0.155022306166951 0.0645791297248724 0.0698445732977616
v -0.164209249674325 0.078191654692838 0.0907320493638098
v -0.177591306963172 0.0925864878124349 0.105388712703486
v -0.174358348119183 0.0877856951445044 0.0950906419386997
v -0.202993799115358 0.0262506494232002 0.110760073581105
v -0.206130297807369 0.0297616277369998 0.089136209240452
v -0.197402806580888 0.0715530172991173 0.0742465766611785
v -0.2072886509297 0.0671155956801514 0.0784063507781722
v -0.205949913152173 0.0772454959577841 0.0821168651291315
v -0.221475002361209 0.0617556832835598 0.0923544048524544
v -0.214182971369295 0.0596340748903098 0.0837802050678683
v -0.0279607483337741 0.0257747255870203 -0.0660430806655614
v -0.00791995881925168 -0.576155696978997 -0.0380203727998377
v -0.239099998070453 0.0652054728634865 0.115534787201597
v -0.176676639494178 0.00178929844158647 0.0651424971907551
v -0.124771380912751 0.0409413891316225 0.0574765355119409
v 0.160684301166916 0.102327866108097 -0.0816064267495618
v 0.171124107171187 0.114147243495533 -0.0965716290633288
v -0.014561024556491 0.281992277846717 0.0430932764604213
v 0.0671272659929419 -0.0760877798896179 0.0325469024348432
v 0.0724800598544504 -0.0444739666782677 0.0275054731674459
v 0.0765781357906395 -0.0550830338646794 0.0229725299021721
v 0.069618255306196 0.175428795728734 0.0284364844287103
v 0.0733469636171141 0.185123233861193 0.0240229806077065
v 0.065048630996358 0.183486656521028 0.0328138194637426
v 0.0722114089260857 0.204466138644628 0.0246268164515429
v 0.0768673939673049 0.194859769424628 0.0199683074898405
v 0.0722285338622681 0.233936662918028 -0.0408613114488217
v 0.0756049304995398 0.244230081281028 -0.0376391133884918
v 0.0819113381850004 0.237911522172162 -0.0311214870461122
v 0.0716188133081495 0.268852240356679 -0.0417188810250814
v 0.0800091923815052 0.265401069044159 -0.0332303360129755
v 0.0738421175029158 0.256362343595933 -0.039415246218404
v 0.00335320416492897 -0.281054443142125 -0.0911091027886359
v -0.00788590891943554 -0.280083619459205 -0.0844601364876112
v -0.00282423742052858 -0.270084511187428 -0.0883734120347786
v -0.026661345825618 -0.278340393088631 -0.0658256313544894
v -0.0221407456171939 -0.268317836581258 -0.0704624935503437
v -0.0173259910411088 -0.279154513140184 -0.0751998481729668
v 0.0376726628064537 -0.0861806410999315 0.0617862909949048
v 0.0329011799386224 -0.096745978918452 0.0657083437839795
v 0.0416075862286666 -0.0969069401019309 0.0576251192926962
v 0.0212932348609868 -0.117719345149465 0.0697534874049831
v 0.0323124032783596 -0.117933482934012 0.0656600909203827
v 0.0274379024306391 -0.107260650681031 0.0686403734962711
v 0.0352860877098874 0.333087967994619 0.0586506046056127
v 0.0301345701004222 0.322826037326042 0.0634784332940352
v 0.0376858767247946 0.322348997124984 0.0566110193525386
v 0.0194479834246711 0.303064073801574 0.0679065392731988
v 0.0299926424248788 0.302513710498133 0.0640158587836075
v 0.0249700724595739 0.31291648669385 0.0666294178880667
v -0.180039309822814 0.0884576263354678 0.141810736456456
v -0.176453789868832 0.067183735724841 0.142781825025239
v -0.0108494420624576 0.408948436029644 0.0337400979538097
v -0.00267105105795928 0.393746433538991 0.0468486262973721
v 0.00958439563751094 -0.576436533489869 -0.0455395143449571
v 0.0219918195953835 -0.574951067257052 -0.0460413716953554
v -0.215456239849345 0.117447775274343 0.113151443350169
v -0.215855538229117 0.124930076362201 0.123212053773307
v -0.0536952532832785 -0.291232415848347 0.00386166514861448
v -0.054109318441867 -0.303298023965573 0.00361216293291428
v -0.0648665439652135 -0.285614226181051 -0.0109754452738347
v -0.0659151031459817 -0.295277207082277 -0.0169926520018165
v -0.0596782886278806 -0.286734042666858 -0.00272154370234926
v 0.0381838699461044 -0.574628463226833 -0.0393034611255957
v 0.17608446819651 0.141899875744109 -0.123303805914788
v 0.141462984478063 0.162444306044815 -0.0856693784375613
v 0.0662586306190076 -0.118333473843463 0.0326917204878704
v 0.0706804516856325 -0.0866619685873177 0.0286057542585344
v 0.0743334888654502 -0.0972768111724432 0.0245587650932285
v 0.0807614618023179 -0.15180403902844 -0.0282351731965765
v 0.0775362475593409 -0.139147833406316 -0.0313762839060833
v 0.0861531228590637 -0.142789286423196 -0.0226971455463087
v 0.0714552399984889 -0.114365625266031 -0.03741954862712
v 0.0798083946341296 -0.116598428709755 -0.028951553173504
v 0.0744228156951459 -0.126676614237144 -0.0344540960854286
v 0.0674656925532393 0.213822830572681 0.0293904881979037
v 0.0699303773252139 0.225945614287601 0.0264759188606634
v 0.0619823369251342 0.222265063972206 0.0348635751027687
v 0.0686052545013019 0.250016862801604 0.0273440465312817
v 0.0718596423342487 0.237914863808369 0.0240795023451514
v 0.00375953661216175 -0.322902641483569 -0.0911499468660569
v -0.00740754167322199 -0.321789099474449 -0.0845545095736158
v -0.00217052728676598 -0.311905788411263 -0.0885537512528919
v -0.0256480648809605 -0.319528831565779 -0.0664030073038269
v -0.0213515855566091 -0.30974657923971 -0.070821337394848
v -0.0166619428669348 -0.320648285883445 -0.0754470375529184
v 0.0367004008086642 -0.128537913287063 0.0617760663635592
v 0.031890218228699 -0.138983011974293 0.0655115415761744
v 0.0407902145995431 -0.139107513488431 0.0575391791272743
v 0.0206517438116368 -0.159795692798141 0.069216507752151
v 0.0315542718774667 -0.159878190230356 0.0654162267355314
v 0.026524867285531 -0.149392289120885 0.068209888111769
v 0.0434614822288589 0.367572052743696 0.049181978998947
v 0.0353486880185552 0.360032241397504 0.0571967963711868
v 0.0423098442774332 0.355085359848156 0.0509824796355725
v 0.0196822055622903 0.342174104181588 0.0667977953430261
v 0.0294978075222198 0.340446792019428 0.0630264347664655
v 0.0273479177191679 0.35168613196448 0.0635787967936833
v -0.217021345495033 0.131160149828993 0.133934345821683
v -0.224263104081561 0.138973321815255 0.139859069189742
v -0.216096858076797 0.133764844817516 0.147407572903735
v -0.231791727938672 0.150346166553004 0.156059409021776
v -0.231699693923253 0.146323673920633 0.145382179438289
v 0.0555987153073449 0.414838584998257 -0.0321776237400649
v 0.0458975945720157 0.420994943322879 -0.0336828989043999
v 0.0511590901678745 0.419801195325888 -0.0233219358087558
v 0.0262754946184832 0.420593937856792 -0.0410037242097808
v 0.0228196711387946 0.428316580830733 -0.0330966028546495
v 0.0346763171929716 0.42536382095476 -0.0339919608189609
v 0.0453504614009949 -0.576121728366615 -0.0306124345329143
v 0.0491843015595694 -0.577918886218325 -0.0105522538086838
v -0.00823124721428758 0.243058679702038 0.0490217863864703
v 0.0485346625472772 -0.577109759592319 0.000957094884074051
v 0.207413832122171 0.155336517856454 -0.141678477860021
v 0.0362092105427271 -0.576900909138389 0.0161600265197414
v 0.00198483599427287 -0.0951610217578208 0.0598698500797453
v 0.0662265131494167 -0.161074210626847 0.031938580221653
v 0.07031375847687 -0.128855928046411 0.0282444949475327
v 0.0745834277333075 -0.139541332605862 0.0235780718697213
v 0.072471926621664 -0.189138528322841 -0.0370386238939011
v 0.0701445168730943 -0.178855344571728 -0.039178896167804
v 0.0793893529803395 -0.183734075304917 -0.0299385605412307
v 0.0664346096604732 -0.15536752451531 -0.0427143469273809
v 0.0751524882992075 -0.159925706212024 -0.0339516441937578
v 0.0694170812997929 -0.167049366254113 -0.039823759982709
v -0.00614721117677989 -0.093695648058275 0.0518093400923154
v 0.0651475166714355 0.262251401247436 0.0307541779172744
v 0.0675829249516497 0.293828985309748 0.0274747438260635
v 0.0721554014531427 0.282561505646328 0.0229465855521236
v 0.0759593998951556 0.315957154291309 -0.037818390032157
v 0.0763495009742241 0.328227240834893 -0.0373831806772162
v 0.084491898792812 0.32211141682989 -0.0290885586377903
v 0.0727975373379222 0.353732244308593 -0.0409255124195337
v 0.08143530771919 0.348745035777869 -0.0322690347302726
v 0.0755101595336293 0.341876233699416 -0.0381896740583311
v 0.00262415044791919 -0.364873747584352 -0.0906212416673568
v -0.00824141256930391 -0.363691506065131 -0.0833724131728146
v -0.00278517890635717 -0.353759496976861 -0.0879018540433312
v -0.0268445632705 -0.361069916574578 -0.0648109011330665
v -0.0217174760996578 -0.351292702222243 -0.0700360548118619
v -0.0175851703284606 -0.362419152008009 -0.0740901300621516
v 0.035921352524098 -0.170264189409725 0.0616886356626222
v 0.0311987646624644 -0.180617616955016 0.0653632948438399
v 0.0398558085577546 -0.180591559989717 0.0576638664043668
v 0.020346470025248 -0.2013217322921 0.0689372507160563
v 0.0310482323810835 -0.20133831352999 0.0652160340939441
v 0.0260125101410921 -0.190968886000315 0.0679762856380462
v 0.0282166874277374 0.403060174113702 0.0412461876959082
v 0.0308298287483517 0.395136451736213 0.0464832854281264
v 0.0405450925616156 0.397847670253187 0.0410763029580884
v 0.0238345114809076 0.381120508971894 0.0571664407552143
v 0.0372644323147799 0.377840733490078 0.051923620381511
v 0.0265820451144286 0.388376035389984 0.0522073631058294
v -0.233396397712145 0.153573423845231 0.166424388147008
v -0.242113127289818 0.162664943856777 0.169747707800525
v -0.235889017466233 0.156519245644975 0.177565665108006
v -0.25932457661802 0.178638672443292 0.178005661552814
v -0.251658176256389 0.173840333448239 0.184730070543385
v -0.250437295071076 0.170610019778905 0.173593261138061
v 0.0723912021453794 0.390221086185471 -0.0362334128923986
v 0.0668074232072184 0.400175297823092 -0.0378143662454674
v 0.059389289226596 0.408759289210581 -0.0403011071899699
v 0.0235453152224248 -0.577507270029814 0.0192544291302555
v 0.061580084676911 0.400656776677562 -0.0468279717109269
v 0.078591219822153 0.392829647201501 -0.00853999356096483
v 0.0735205563005402 0.398521277953708 -0.000166454794897431
v 0.0627370788213264 0.409292872389138 -0.0107511885862408
v 0.00273881545193095 -0.577880092555933 0.0179510279005597
v -0.0068366877143035 -0.578153794639504 0.0130044331929471
v -0.261905670536358 0.0857439849824849 0.173207100128136
v -0.15060296966647 -0.00695174094338434 0.0947844795596499
v -0.268928518173687 0.123830820712789 0.140883499688234
v 0.0134176122745836 0.210777414066041 0.0667041863493437
v -0.288544109775307 0.11431127207219 0.171309479658475
v -0.289007798275787 0.129109203054429 0.161475786184503
v -0.331497881952317 0.19070229222255 0.288460881663906
v 0.229991179812963 0.18422652047243 -0.169689962323146
v 0.204173051995446 0.182287253216285 -0.155417525822675
v 0.210400925781284 0.187954816653972 -0.161310423116448
v 0.214918506154955 0.176678240526105 -0.15999554059667
v 0.067849901657669 -0.208926582426078 0.029445298196292
v 0.072034437001567 -0.196625916891631 0.0252923666261316
v 0.0635844514971246 -0.200463023227374 0.0340085402398875
v 0.070568473721504 -0.172220411276214 0.0271987691769667
v 0.0746167516062329 -0.18373922964458 0.0227560504623301
v 0.0876703962579963 0.355650890046204 -0.0249662889237359
v 0.0853592609762069 0.367445469220902 -0.0259465667456612
v 0.09094667523029 0.363816806817445 -0.0162401508374333
v 0.0770538334172254 0.38958246792972 -0.0260982761812886
v 0.082005930979028 0.38659516190251 -0.0166237723053442
v 0.0823884420449855 0.378812717411071 -0.0255120750357343
v 0.00138670248316102 -0.408309818431125 -0.0898466220929105
v -0.00946136112215846 -0.407144322674358 -0.0817735287283017
v -0.00410360293071549 -0.396617681781159 -0.0865564519370278
v -0.0290394207599546 -0.403903976090385 -0.0621847053812468
v -0.0236968191998595 -0.393805122133734 -0.0676115350405111
v -0.0191837851716845 -0.405573971351857 -0.0720100647025635
v 0.035571758772086 -0.211682382677755 0.0613755736168544
v 0.0311616620776473 -0.222084508757172 0.0648210481793693
v 0.0398932886516535 -0.222048860624628 0.0569993036318331
v 0.0204305844109107 -0.242830602498917 0.0685564636068074
v 0.0313399746861927 -0.242905661417101 0.0644392862051894
v 0.0261239796393575 -0.232460921797692 0.0674390245272237
v 0.0338085755460526 0.226940402498814 -0.0795660483506433
v -0.254123824564461 0.176974366504337 0.194573063318456
v -0.262044904230858 0.185399805688121 0.195918150494607
v -0.256739214062791 0.179225205896418 0.204578754661139
v -0.277185573401569 0.199626971704478 0.20118618555021
v -0.271559403460905 0.195704008506305 0.20935299328217
v -0.269583397321788 0.192752442609137 0.197820895345152
v -0.287237279260743 0.143683343064015 0.159156768576535
v -0.312466888303164 0.141257890215214 0.193199415964947
v -0.308080349121665 0.154388558877256 0.180872232416155
v -0.051745292372638 -0.413581965154381 0.00677173031648277
v -0.0487723242994272 -0.423685731213896 0.00969534612039829
v -0.063326564279093 -0.402192927031147 -0.00668220538221847
v -0.0642862450766568 -0.415974658249065 -0.00854071915213068
v -0.0582159801316619 -0.408780432667858 0.000255862789118908
v 0.00743826794557045 0.216606428360607 -0.0927886674058487
v 0.234104759723613 0.231922634890024 -0.107124365538848
v 0.213769855716309 0.210278662146805 -0.0870370103780901
v 0.223238609745944 0.210765246462256 -0.0913890892225086
v 0.217167910790901 0.219915312689495 -0.0947277736438795
v 0.240018471712353 0.207315362577258 -0.185647945190137
v 0.228816311928082 0.210696968728825 -0.179766696080762
v 0.237018363895396 0.217905151503013 -0.187449369674487
v 0.213910417269506 0.220826230854422 -0.166071207804975
v 0.22066887061406 0.226390985514193 -0.172664675373403
v 0.220755252548349 0.214476568320021 -0.172537250612807
v 0.244048746938703 0.284172768629087 -0.159828727178017
v 0.240273669066697 0.275197082594799 -0.149516404498938
v 0.237515462856034 0.278349503502006 -0.183427742610967
v 0.23246473127633 0.27232990982487 -0.172769770220319
v 0.239715070404531 0.283347763406699 -0.171591874675262
v 0.0725440880920534 -0.236398647461478 0.0242137120310985
v 0.0660973604980791 -0.242419501328437 0.0307053325566805
v 0.0717831104748784 -0.217442494436796 0.0252030077326721
v 0.0761373901301291 -0.226017441871295 0.0206010064525156
v 0.0731339545316635 -0.270284578816966 -0.0369199314233203
v 0.0729853425429402 -0.259989535532238 -0.036943127617915
v 0.0809738125535422 -0.265928973051103 -0.0288249653647284
v 0.0697312948290449 -0.23695047159817 -0.0399902167149689
v 0.0779341332933256 -0.240551004773596 -0.0316672287736974
v 0.0721679293687551 -0.248265741639229 -0.0376233956826774
v 0.0031651243016398 -0.451541056504491 -0.0904635195173638
v -0.00590851508814715 -0.453478799938661 -0.0843111149546962
v -0.0053607028227442 -0.441542951100333 -0.0852749320025695
v -0.0310953924475427 -0.445576161028533 -0.0594596920777033
v -0.0251981930820086 -0.436538558326202 -0.0654872707631658
v -0.0213493104029844 -0.448621587898455 -0.069092632913193
v 0.0359612981484909 -0.253363427252623 0.060447786540628
v 0.0312291027122865 -0.263847714648508 0.0642638052283437
v 0.0401852219955162 -0.263893022062049 0.0561603409197185
v 0.0199748379160592 -0.284688380668928 0.0683872966647934
v 0.0309050003630764 -0.284911841345462 0.0643358769577626
v 0.0259091149915125 -0.274280191626146 0.0671585670131597
v -0.256955545459605 0.100477846215728 0.2047203714714
v -0.279313946386846 0.164257868586001 0.242893698545833
v -0.275439754143861 0.153465904710972 0.238653233422822
v -0.271020268311733 0.16490048966211 0.234621876357249
v -0.262552685926892 0.143999831637182 0.225851020388958
v -0.271007912681161 0.145634237493599 0.233754305853384
v -0.275427505766923 0.199774239342104 0.219096753331601
v -0.284181926657403 0.209031901518286 0.219387084004164
v -0.279371762407574 0.203317182432364 0.228585767480477
v -0.304363069919278 0.224362462604818 0.220521527103348
v -0.296985583025027 0.222170799696867 0.230024160008567
v -0.293698633606251 0.217369777769373 0.219502838047123
v 0.0346012980723971 -0.0323245475486888 -0.0742981459362886
v 0.0267643803720625 -0.0744174883428604 -0.0816434816055388
v -0.300279847096425 0.12487934594856 0.197440681315351
v -0.304146976739588 0.129038876914837 0.205989549973518
v -0.334504940771597 0.171177212510961 0.209963644890076
v -0.329855010312155 0.179632145713591 0.20285104728949
v -0.0573217682131409 -0.451290490780703 0.00110871805850381
v -0.0537482347267664 -0.462643038958107 0.00471948317086903
v -0.065035398329525 -0.44711488025464 -0.0214595019506365
v -0.0658595637129449 -0.458802722541598 -0.0167029188575977
v -0.064548338735037 -0.449048692084723 -0.00924062019932623
v 0.240721510627318 0.262080545060867 -0.131966872144774
v 0.230729094712145 0.257599390833468 -0.13148084489719
v -0.182845945753513 0.00759220111607022 0.0722246053349994
v 0.222404132917903 0.241117341746118 -0.114879402335028
v 0.233381951382115 0.242254238369927 -0.114158146048863
v 0.226954950623186 0.249032951937779 -0.122299439654203
v 0.248185500722662 0.186522545808527 -0.167293908498414
v 0.25555225747229 0.189484821715504 -0.157502942022993
v 0.0470122920908154 -0.348556223540357 0.0483540364272382
v 0.251293115561316 0.208571349432226 -0.188917531756686
v 0.27500149684089 0.315470162720834 -0.180695271735811
v 0.265857709165879 0.304488032018249 -0.16986924227165
v 0.264762671215211 0.313474871713936 -0.197509607231489
v 0.25952416700673 0.307600737122737 -0.186456321267184
v 0.269133327111271 0.316071477451839 -0.188469320039284
v 0.0843970321354922 0.136889758575271 -0.0440835618983367
v 0.0650915377238508 -0.285676502156724 0.0312868665777644
v 0.0700967112467325 -0.253929770275334 0.0264719955793364
v 0.0744140160524004 -0.26500892623174 0.0218460650621335
v 0.0056296367680543 -0.495108408384423 -0.0906017389770024
v -0.00462701354623308 -0.494136177337802 -0.0843528666601296
v -0.000362442121099728 -0.484316217647129 -0.0880633262578775
v -0.0280072501703831 -0.486506582598251 -0.0614232237317148
v -0.0099714819373136 -0.580492907398847 0.00253300079547736
v -0.013863054816233 -0.493548325378799 -0.0753337275512702
v 0.0352835311901481 -0.29555983433416 0.0606005223718931
v 0.0304781425477638 -0.305987868951762 0.0644530248840214
v 0.0393127069691309 -0.306232954186024 0.0565258234689255
v 0.0191067284135784 -0.326723162100525 0.0683214589232672
v 0.0300911938366515 -0.327026060721769 0.0645653804624359
v 0.0250826608129562 -0.316363948815868 0.0672616708724528
v 0.00579366547260884 -0.516182178442919 -0.0887197629387691
v 0.0936170645890352 -0.354678599986855 -0.0130388750045761
v -0.288492135167345 0.134117907009411 0.235754112396848
v -0.303563944260154 0.189279897951706 0.267259263715846
v -0.299542658910097 0.177344166102579 0.262759845660066
v -0.295216029776573 0.188036977675706 0.25902296986271
v -0.29462705098029 0.153967095093879 0.252260105852058
v -0.287857309169738 0.164112912563124 0.250857732474193
v -0.296913395524016 0.164651135638751 0.258168092894192
v -0.300595260337685 0.226276226251214 0.24150787779991
v -0.310070164799382 0.235459782206494 0.243649946778891
v -0.304927918560985 0.229967608978234 0.25316985126618
v -0.330221318314637 0.250331660177506 0.247341910484562
v -0.324123338077247 0.249562570837135 0.257786155355313
v -0.319768093657259 0.24375268872021 0.246215721172677
v -0.353365387794285 0.189213613370422 0.229903985123078
v -0.351251453872858 0.205990743885917 0.224365091170601
v -0.0593273872519778 -0.490545087466521 -0.00129846298575825
v -0.0548585897727149 -0.498656248032113 0.00345002052851256
v -0.0629371940510749 -0.491335250385377 -0.0246649984710597
v -0.0644184476258134 -0.502222554826911 -0.0184961135386768
v -0.0651206008675317 -0.49154416512718 -0.0129919617659261
v -0.0528364904245321 -0.531624551427275 -0.0327809989382034
v 0.0755232856530494 -0.317440362280861 0.0200827024778569
v -0.0387357330355856 -0.520379376764849 -0.0494440361963847
v -0.0411829617792061 -0.530448639101691 -0.0464569783837898
v 0.157633694583628 0.165934287255991 -0.110508191796873
v 0.272393196955225 0.228314938833421 -0.204313557555047
v 0.0412181294826324 0.144524363255121 -0.0720958811355787
v -0.0489392152454745 -0.0867440344228746 -0.0481514880355927
v 0.0756938622608507 0.0512723219556123 -0.0374530970413186
v 0.0638208046029982 -0.327917053009183 0.0320876975363215
v 0.0686539595810973 -0.296347032785358 0.0274473175365974
v 0.0720834862746642 -0.306910526681587 0.0237194752259096
v 0.081582596767543 -0.360064975477883 -0.029104696702875
v 0.0782588527202476 -0.347182904607472 -0.0322764215001534
v 0.086908560410313 -0.350942664786479 -0.0235399258818934
v 0.0720777694934933 -0.32206423427666 -0.0383433788646437
v 0.0808132186835039 -0.324715199462301 -0.0295383028711057
v 0.0752530702484301 -0.334624049963207 -0.0352127220508591
v -0.00703673923554361 -0.533805617272998 -0.0787348612958808
v -0.00115077183923437 -0.525334880119223 -0.0842636011882694
v -0.0166450982197174 -0.53067887618506 -0.0713057393369138
v -0.0210719527706087 -0.520133791078823 -0.0673760603846127
v -0.0491319170204816 0.374188988884964 0.007737872260161
v 0.0345040040398852 -0.337659476455553 0.0608623437095473
v 0.0297010051679294 -0.347998046158419 0.0646345786818628
v 0.038565744783519 -0.34828650292383 0.0567539806116261
v 0.0183183036490808 -0.368598809008681 0.0682772376647689
v 0.0292675597009194 -0.368907735894714 0.064770155375425
v 0.0242873298993728 -0.358298782675851 0.0673397497103426
v -0.329306777650034 0.21103359699938 0.292660372288891
v -0.325091736638332 0.200702791428331 0.287791165554185
v -0.320907470577728 0.211563839590305 0.284587098572088
v -0.31845048653838 0.180763065131558 0.277379986170268
v -0.312268315621696 0.19020894608674 0.275460831125694
v -0.321509829773503 0.190517026412605 0.282848934323037
v -0.0319990843595885 -0.511981232350116 0.0259337566415664
v -0.0631445522441962 0.00360517544825428 -0.0304823927178385
v -0.0161572035511828 -0.57926459153668 -0.00917777355476021
v -0.00776537419182473 -0.481397974573189 0.0507653337175077
v -0.0235951632978746 -0.480031705860618 0.0349541445705095
v 0.147410079281281 0.17011345081547 -0.0781787011747483
v -0.381378756948384 0.21750478323015 0.258740700920742
v -0.372823471607721 0.2380298673861 0.24701132516359
v 0.00345362981199696 -0.58571263199314 -0.0169960909171233
v -0.336971936844368 0.261184893430535 0.274645201398261
v 0.00453218476836265 0.399577585232689 -0.0614089950028921
v -0.349442866396137 0.2596016012493 0.254132302171812
v -0.17761245893746 0.00529940959227017 0.100124660448628
v 0.287444930408461 0.228353825096964 -0.157285457203472
v 0.302161281475819 0.274170512824268 -0.223008873823118
v 0.299156835730449 0.247066799786902 -0.204752742903433
v 0.301893487566456 0.244378826726696 -0.182393298808285
v 0.112044761973768 0.0894010476440001 -0.0678012981898354
v 0.064017621560052 -0.370509541535366 0.0313364200746818
v 0.0678469279413338 -0.33848808310335 0.0277633663595486
v 0.0722029892499884 -0.349125401536178 0.0231024023349714
v 0.0731830916028694 -0.398425354988184 -0.0380414849504774
v 0.0708611795330239 -0.387945888990572 -0.0401763787346904
v 0.0802133272170023 -0.392974870098122 -0.0308260485197471
v 0.0678937299079893 -0.364710691247612 -0.0429407085361342
v 0.0761480330487851 -0.368625164109353 -0.0346291982930879
v 0.0704290639481496 -0.376179038763715 -0.040514982134054
v 0.00236687675629692 -0.562711603567712 -0.0643495684309248
v 0.0335771605192123 -0.379466087864229 0.0612113200089753
v 0.0286928744642984 -0.389856576699347 0.0649639206137262
v 0.0374353315365285 -0.38999700072516 0.0573103454614912
v 0.0171831334936446 -0.41079138050925 0.0681446010846229
v 0.0281573234360469 -0.411164146616438 0.0651120677011377
v 0.0232135840029362 -0.400296957722082 0.0675036399467992
v -0.36029252168975 0.2253148291882 0.313941670650656
v -0.353777004725077 0.217093151265048 0.311134254642273
v -0.349228995743181 0.227400886837653 0.310706784522142
v -0.343745763676704 0.200493944392113 0.298751750424566
v -0.338023298010706 0.210341725559904 0.299881229418712
v -0.348008649814995 0.209617055847756 0.305642139454168
v -0.372508176397921 0.200984910475646 0.271448345920106
v -0.369635294359097 0.198364188864095 0.26021126545898
v -0.111966621814167 0.0244152934817201 0.0757299274263808
v 0.101364466657366 0.0677523283197344 -0.0446721636174547
v 0.30443429510565 0.320079270530496 -0.20248243372369
v 0.29821964843117 0.321877119451264 -0.193580359995399
v -0.0569916841912262 0.320031655089439 -0.0323775504404184
v 0.296027076120203 0.298752282006925 -0.230607519375536
v 0.0656067525757955 -0.418290642298332 0.0289597160068624
v 0.0698571931423238 -0.406124741233304 0.0247239317472918
v 0.0612722251236973 -0.409936431573619 0.0335639066266504
v 0.0683901301003371 -0.381668732591823 0.026599271861538
v 0.0724935517145734 -0.393225507910939 0.0221242040768438
v 0.0326082096860162 -0.422141317177026 0.0615481662493705
v 0.0277280432664462 -0.433459652767872 0.0650803247690895
v 0.0368317794163674 -0.433207190979065 0.0573177169812476
v 0.0157425338383853 -0.456598116051087 0.0676361202968852
v 0.0268932685432936 -0.457602101214408 0.065199154605079
v 0.0219577198685616 -0.445240368861755 0.0673978220226129
v -0.00912304478714009 -0.46878805495215 0.0494042495494966
v -6.89129749593895e-05 -0.472298851765172 0.0583155801726446
v 0.0704249810344517 -0.447100207995335 0.0234430426057008
v 0.0637346728674985 -0.450760003808635 0.030282681914519
v 0.0696595060282529 -0.42678707349226 0.0245952461881144
v 0.0739873021873016 -0.436364557407493 0.0199588281594688
v 0.0743238569086304 -0.484977241400576 -0.0369550264957799
v 0.0731505563573357 -0.473833136269132 -0.0381326138609951
v 0.081962015791436 -0.478029414813756 -0.0291831844544926
v 0.0695685211028832 -0.449359730000551 -0.0416832800046923
v 0.0780793310668932 -0.452550408305108 -0.0331031961615627
v 0.0717769452300911 -0.461302828925133 -0.0394720850942492
v 0.0323172176808673 -0.468132493141446 0.0609812248953384
v 0.0290255994966868 -0.480371761393233 0.0632439162316498
v 0.0385988979047445 -0.478298050708759 0.0545873670685029
v 0.0211970136946089 -0.509987955519931 0.0644072116702024
v 0.0321383166173568 -0.506993098019886 0.0594342902634784
v 0.0261144472623898 -0.495669249530339 0.0641672220976926
v 0.0720861115102249 -0.496690078395689 0.0203621987170267
v 0.0712609091036121 -0.486165790388135 0.021607949740108
v 0.0653753015960302 -0.491455305806332 0.0275621779504479
v 0.0673836883099002 -0.467930170052683 0.026104473228916
v 0.073685999253101 -0.475741809725838 0.0193930666046561
v 0.0664558759929793 -0.563702625131305 0.0107817376642198
v 0.0760848679613489 -0.558850291731901 -0.00272595652934302
v -0.0418897603988244 0.0783574129850327 -0.0508087998018902
v -0.0472323004192972 0.0679123733958596 -0.0454310729976111
v -0.05192891599079 0.0787281867547797 -0.0404089969361631
v -0.0560516625833774 0.045689940262026 -0.0356703297242974
v -0.0596385163092008 0.0563999067351343 -0.0296081796117652
v -0.0520301676281801 0.0570879813239533 -0.0404608687632786
v -0.0314361191378902 0.0770219664844467 -0.0614106903775719
v -0.0364304566058315 0.0888571180550706 -0.05620314107355
v -0.0426924274841808 0.0356964137817839 -0.0508739327476522
v -0.0467930620028211 0.0264058987875402 -0.0470116764116527
v -0.0521431231822921 0.0354320281267803 -0.0408430824534431
v -0.0527473966646491 0.299934760579138 -0.0372027983110139
v -0.0629076782756512 0.0151356407327624 -0.0276106412484088
v -0.0501371624223866 0.0185516796348249 -0.043748070236635
v -0.0331528097779706 0.0354290738801876 -0.060592917768194
v -0.0384350919804968 0.0464335968889886 -0.0549121888522758
v -0.0396198638702611 0.122654869255114 -0.0525902095613595
v -0.0496893854585465 0.123942950715825 -0.0423987225514458
v -0.0296383211433823 0.12150658283542 -0.0626701046622986
v -0.0336746140344121 0.132974840868083 -0.058461957117019
v 0.0410296065631151 -0.581027516337271 -0.0196802196335118
v -0.0173087317934573 0.0804350943978989 0.0389368882775882
v -0.0120008167665187 0.0716562851041637 0.0443701439642089
v -0.0229401218855309 0.0895476156476965 0.0332383924719966
v -0.0362905154142085 0.096346099120739 0.0196365103568218
v -0.00616392919958209 0.0946085682280093 0.0500338942511431
v -0.0118771875823985 0.102421222545234 0.044345943080642
v -0.00115712215844404 0.084679060344832 0.0550656350396666
v -0.0636049680783468 0.0169563264750638 -0.00255954350564696
v -0.0553330272658956 0.123567794914623 0.000390893793270422
v -0.057820362567561 0.111202275927576 -0.00289646486572053
v -0.0561224531662426 -0.0155094558568748 -0.0403918379289361
v -0.0376690169054021 -0.00595418914526792 -0.0575291551299229
v -0.0374036318926897 0.00551491332132302 -0.0573034911416888
v -0.035570278942585 0.16526086993661 -0.056119332117085
v -0.0440834185390467 0.165838018450384 -0.0475406703768085
v -0.0267696151590756 0.164570296392406 -0.0650542409423143
v -0.030914865223093 0.175557221681105 -0.0607032730521378
v 0.0078591487886551 0.0420478569950582 -0.0921290820097801
v 0.0135672278869875 0.0523856677111156 -0.0917391217741349
v 0.0327210179377658 0.0730573758177513 -0.0790945208487279
v 0.0277647188045301 0.0835864845491396 -0.084286772458989
v 0.0579682055674124 -0.557191735670615 0.0299921244147818
v -0.0160521226182299 0.0426611539734548 0.0406067222402443
v -0.0115243070376214 0.0342554230054918 0.0453183940693602
v -0.0635420473737911 -0.140618392264811 -0.0249073144887511
v -0.0041427808582063 0.054348157759389 0.0525216487890917
v -0.000317736143281542 0.0449122717352137 0.0565206481614435
v 0.0876504835485564 -0.532329357866379 -0.00360585157158653
v -0.0173364365896017 0.122103417099605 0.0388617536977446
v -0.0380353411046865 -0.147432450296081 -0.0567119841325662
v -0.0241278760306051 0.130838632400261 0.0321652683633255
v 0.079102401042936 -0.150475742119551 0.018788724475036
v -0.00749401700563006 0.137089138282346 0.0487191839975523
v -0.0139516806533396 0.144226713264591 0.0423664040157176
v -0.00177227962412897 0.127562311020997 0.0543097262575577
v -0.0612527300926968 0.168498579419197 -0.00669956880726251
v -0.0618916122901984 0.156105666609509 -0.00865070589242019
v -0.0831288879374637 -0.00523660809169032 -0.0161497011551888
v -0.0903265721419741 0.000820244985875486 -0.00590609478264834
v -0.0400280812844281 0.0162356245364862 -0.0543860764592129
v -0.0811230298281259 0.0062896981559762 -0.00359483468669447
v -0.0670300150616559 -0.0291311603518175 -0.0334653188136747
v -0.0627071348623198 -0.0503988917808282 -0.0359259940068203
v -0.0366735009772488 0.207311350248173 -0.0545924624029779
v -0.0462067143549112 0.20728983156069 -0.0449830153504003
v -0.0271430685421868 0.206979706397829 -0.0642042775997245
v -0.0320730456591693 0.217631970178639 -0.0591037948492042
v 0.00997953853815308 -0.000214339070816222 -0.0918284347059546
v 0.0164412936475968 0.0101419342291223 -0.0900557580740484
v 0.0366491422112464 0.0310153934540552 -0.0736969206473661
v 0.0315553774643263 0.0416138374277508 -0.0791808386837195
v 0.0341908290760002 0.114136591784779 -0.078754950991561
v 0.030355006747336 0.126656183897781 -0.0826955565885287
v 0.0242326391551936 0.0746376708822267 0.0700776288590742
v 0.0173861493335746 0.0850526836740182 0.0692007282756048
v 0.0127608646253263 0.0747156226896791 0.0674158382814684
v 0.00255477282048285 0.115523470775847 0.0585383346016169
v 0.0117606623072628 0.116142017443151 0.0659739004023501
v -0.0355257561589125 -0.540619860861132 -0.0523490824203502
v -0.0365906113628991 0.0147279319487501 0.0193792586820618
v -0.0407090307619938 0.00603200898171227 0.0187151070816479
v 0.135268693713199 0.15621617618135 -0.0370112490611617
v -0.0200940448559817 0.00308972940601434 0.0366884254670243
v -0.0134486833289321 -0.00554236344219196 0.0440392596893525
v -0.0265397909891168 0.0127424866793658 0.029605115949917
v -0.00523859221284937 0.0133411259413219 0.0522065074223901
v -0.00215659585130758 0.00326457746970226 0.055608096924134
v 0.0935530609950871 -0.489941417720099 -0.0136194344494505
v -0.0206755948952161 0.164381858541852 0.0358525411963182
v -0.047601504821789 -0.111266156655247 0.00942888857168559
v -0.0285873885444606 0.173195303964847 0.0280258680994349
v 0.0708416144304253 -0.521040703483534 -0.039746846864263
v -0.0097104537646791 0.179135787293433 0.046891610579531
v -0.01612001339054 0.186269393888406 0.0406065112380228
v -0.00375342738767987 0.169691311191198 0.0526294479388777
v -0.0717698896956766 0.0111603005328281 -0.00690400386962872
v -0.0764655203244937 0.00900927235605046 0.00635629004064915
v -0.144983250290967 0.020904457473887 0.0239777865115077
v -0.137136770887131 0.0137358473256291 0.017497504712432
v -0.133027362091016 0.0043335858027213 0.0114699142650966
v -0.38198546566667 0.213199215668298 0.28233475966225
v 0.0141577795143367 -0.552539312550216 0.0492242024262566
v -0.0948539441431451 -0.0302897277876486 -0.0171751985926445
v 0.0355456826621024 -0.54005060386587 -0.0735707514937817
v -0.0866200120948989 -0.0678343147818114 -0.0141072514678056
v 0.0654517090861304 -0.0629658760923078 -0.0435624463372426
v -0.0396675166764841 -0.0869422800353042 -0.0569968897260196
v 0.0663185344860717 -0.485174623183089 -0.0447940089028549
v -0.0516409654117676 -0.0755501985284574 -0.0460125544854146
v -0.0587025132188503 -0.089315495758629 -0.0388109745741302
v 0.0941663402206894 -0.442702224811647 -0.0112807697790087
v -0.0583914139022147 -0.100382797751845 -0.0378284631498806
v -0.0303616191206807 -0.0873135500670196 -0.0658790544896876
v -0.0354873760880793 -0.0776032812962242 -0.0612046164519465
v -0.0358476263542235 0.249178569984559 -0.0548501309184209
v -0.0446901829088653 0.248648514142205 -0.0459829871416851
v -0.0269040710582413 0.249413014208512 -0.0638660137124813
v -0.0312154775138792 0.260309722949214 -0.0593414064629349
v 0.0412269142381048 0.0928145546609383 -0.0710062945528628
v 0.0927886070966367 -0.407856072477828 -0.015844220787135
v 0.0507736993917424 0.0758360396343784 -0.0602916564126703
v 0.0381653334260452 0.0624679761794197 -0.0731935240875797
v 0.047472524567179 0.119715337836579 -0.0658752252951635
v 0.0509721884671889 0.107973204965321 -0.0619680908458654
v 0.0433437374644104 0.110197628673811 -0.0696207108643927
v 0.00813608276469828 -0.0416835645549716 -0.0919701362152885
v 0.0150503624948283 -0.0315122746432253 -0.0902235469844418
v 0.0366196460840376 -0.0126616686400807 -0.0726359165963201
v 0.0315235860457933 -0.00183175174270751 -0.077863244346251
v 0.0354134036947154 0.162269705290614 -0.0778599967464944
v 0.0307697605501115 0.173131878544052 -0.0824520700849315
v 0.0253865373840448 0.032951777197202 0.0707048403622619
v 0.0196442845223596 0.0436472045614688 0.0706445473126062
v 0.0142178326448136 0.0334079188143302 0.0690504914786867
v 0.000931829085352272 0.157640898325082 0.0571418187723356
v 0.0101908396272564 0.158121051628081 0.0648758941029933
v -0.0587494870099512 -0.0176363813473173 0.0348457989637724
v 0.0924153726825226 0.194175872937991 0.0024289958034032
v -0.0686408456606264 0.000552839012310173 0.025947073063496
v -0.0725352441683716 -0.00351969907332887 0.0354560958037153
v -0.062957566207556 -0.00739258433880975 0.0314545561339161
v -0.0544807741067212 -0.0405539438603938 0.0323566694597215
v -0.0519577270701844 -0.0507400793322766 0.028297322009921
v -0.119526662316306 0.0352216601953712 0.0470331725378728
v -0.0350848418370941 -0.0400749606190706 0.0276578704322205
v -0.365355422857295 0.241973899147836 0.308416261016228
v -0.0207546380656699 -0.0511302521208789 0.0371124948342195
v -0.0256392701259695 -0.0599231772690321 0.0320956810747732
v -0.016507006020451 -0.0419776273363186 0.0416577986543512
v -0.0130168012543108 -0.0539664152420968 0.0451026537352745
v -0.00467739613776029 -0.0305067083046014 0.0535993795819004
v -0.000627312412585737 -0.0413473781780871 0.0577576327624854
v -0.116270838044324 -0.0482248332351554 0.0064455784314198
v -0.021554033480683 0.207469133720826 0.0353345605696954
v 0.090850865334813 0.22001076417945 -0.0206735786938299
v -0.0291039443069118 0.214968642871148 0.0277916526661221
v -0.0397314575636585 0.215530895400481 0.0171905821191342
v -0.0105544054177534 0.221504033030974 0.0464576219750364
v -0.0163640453151208 0.228832291799302 0.0407511268454679
v -0.00485001860910272 0.211963459971832 0.0519328820953027
v -0.111564367706021 0.0281816607700896 0.0390767234359853
v -0.0802771399720417 0.000196910686362364 0.0417880754281484
v -0.342075732438129 0.191519951786834 0.291938893312336
v -0.094965016848407 0.0147078722538351 0.0372539554913608
v 0.0946540624176919 0.227474481364877 -0.00356487031803513
v -0.0613258446673019 0.253671314961316 -0.00547363027253041
v -0.0618090480314904 0.240542300241954 -0.00682700027917079
v -0.175509262445636 0.0264310051691 0.0434229146381753
v -0.177722265796431 0.0155447208340104 0.0471334525592605
v 0.0261530126515096 -0.537696739404585 -0.0799515621496313
v 0.0261486291017799 -0.199104625779763 -0.0830649411732556
v -0.155798432339661 0.0157625569784704 0.0264959810593118
v -0.12771436249991 -0.0319003293381285 0.00671395734218815
v -0.130547099152702 -0.0198449714462381 0.00598788564931102
v -0.104101593789276 -0.0360509783636945 -0.0100540083653042
v -0.110419629243323 -0.0444971013493987 -0.00247930704434561
v -0.0944477845903905 -0.0664500170612052 -0.00398808242648293
v -0.0756084242115586 -0.0835431179851603 -0.020822459636106
v 0.0653296342014851 -0.398433210380307 -0.0458760536456986
v -0.0610491266590361 -0.124119253173433 -0.00712063891821836
v -0.0610499296238562 -0.10937926666694 -0.00518778731557633
v -0.0643398374954706 -0.116874768274128 -0.0150521536804965
v 0.307216196573849 0.314648054076295 -0.21143735588557
v -0.0532242063849742 -0.104307873116328 0.00481113439076092
v -0.0372519195435006 -0.126369521804516 -0.0579954213178935
v -0.0423349483422533 -0.135577678532382 -0.052632863342763
v -0.0467116087716226 -0.123737993731127 -0.0485283638808759
v -0.0527649047102416 -0.155367532943613 -0.0415278634044173
v -0.0567827837282503 -0.143305153919104 -0.0373515934631151
v -0.0474657429296252 -0.145418627289649 -0.0471817769920328
v -0.0278314882512382 -0.128505062852414 -0.0673894081624006
v -0.0321221740627529 -0.11714922527561 -0.0633626079036739
v -0.0376278005407537 0.293463295935961 -0.0523919355336913
v -0.04666720932756 0.291497601466614 -0.043344471675313
v -0.0283949491302219 0.29367444578917 -0.0617415716830495
v -0.0347798467264837 0.304727237254356 -0.0551177170656336
v 0.0705927770681819 0.108560204727659 -0.0517008008166785
v 0.0935011105413567 0.0732954874419256 -0.0488773283252302
v 0.0872399504184501 0.0801163368469133 -0.0521047983709108
v 0.0930372343242649 0.0886421241281341 -0.059449113940416
v 0.0451633943118381 0.0317598964337171 -0.0652203320449
v 0.0446364358716037 0.0530864947614278 -0.0661516033695188
v 0.300004754447253 0.320693890994934 -0.211988048215781
v 0.0603807376769577 0.0229039870176649 -0.0496696035418494
v 0.0413754383822101 0.020451163514566 -0.0686575846267251
v 0.072452499442157 0.0300404384001544 -0.0375778150272463
v 0.0695919071679498 0.0212234974927743 -0.0401423499151989
v 0.0582867319585837 0.041335967493374 -0.0520406273448063
v 0.0799234720859863 0.0312480823792719 -0.0304206813020505
v 0.0749102313057149 0.0395991071899111 -0.0359913618360239
v 0.0436605111604563 0.132140237495098 -0.0696851158246966
v -0.042151991154707 0.226054274919109 0.0149986730206573
v 0.0655526245235199 0.161786101891363 -0.0469610197060112
v 0.0707515502428571 0.152385651978427 -0.0416277398760643
v 0.0620848760496737 0.150629033600988 -0.0503809531493456
v 0.0694896457034253 0.129741668914323 -0.0470677070171549
v 0.0927439215272398 0.148557274235935 -0.0316187100094404
v 0.0806022549557175 0.148081108869929 -0.0365705199371473
v 0.0646543162757322 0.119346789135488 -0.0512206302244563
v -0.0148068336674739 0.239686286361575 0.0424172319494559
v 0.0105066846075006 -0.0833861127790679 -0.0916923487768697
v 0.0159102378549236 -0.0734677931235578 -0.0897152446706315
v 0.0349118992449191 -0.0539751132451325 -0.0737966106424874
v 0.0299412531914036 -0.0431385260694163 -0.078719292031135
v 0.0340773318086821 0.206172393423287 -0.0792487352744718
v 0.0295461637992282 0.216492494032408 -0.083745293922041
v 0.0617777423651713 0.0539924667222468 0.0400801267166228
v 0.0572061866139893 0.0430946050430341 0.0444358544602928
v 0.0242693112700166 -0.00993017604919861 0.0712988366706468
v 0.0185195877393416 0.00118508029091217 0.071143204527897
v 0.0125777087987455 -0.0091502340684313 0.0690499720016829
v -0.000563078190443114 0.199737724221478 0.0560571194039345
v 0.00834783068266889 0.200081083808464 0.0639069328821285
v 0.289870845493996 0.321453030240046 -0.215910515180906
v -0.0819156607472791 -0.00524541034416885 0.0521264425405241
v -0.0863718482201291 -0.0465718376371408 0.0483991475795037
v -0.0790141571245837 -0.0523229020493194 0.0417351089762557
v -0.0780358238054422 -0.0404399265037147 0.04776374192893
v -0.0611111338203293 -0.059995432469571 0.0296480495672883
v -0.0617769852560247 -0.048909203756924 0.0346325220549083
v -0.070630433321617 -0.0569613470414334 0.0355933424663748
v -0.0269130457058378 -0.0721420169718762 0.0306227155578813
v -0.0199353602962122 -0.0881308647841954 0.0380326861726249
v -0.0133907249874678 -0.0934285327691646 0.0446764244680002
v -0.00537310733142674 -0.0737022920282047 0.0527887491514951
v -0.00215706404774347 -0.0839178224677185 0.0559162352057552
v 0.0351560087054404 -0.158066680786446 -0.0738602011979115
v -0.0215536298829774 0.250018747264757 0.0358344850967133
v -0.00784514538720379 0.200846971815279 0.0489387604933709
v -0.029040256951886 0.259328332971211 0.0285011458208723
v -0.37396203530499 0.258410658693835 0.282518315002566
v -0.0104971576903412 0.263846431531084 0.0469892517019234
v -0.0166140656247577 0.271493590278199 0.0410019201321536
v -0.004994562545019 0.254027209031509 0.0522612578425575
v -0.11860104610366 0.0353760890350332 0.0698602370205788
v -0.190312230601617 0.0152235735962726 0.0736855457039665
v -0.191238956857406 0.0206543673061455 0.0649455465004606
v -0.184964365279151 0.0117185861849537 0.0634768039678657
v -0.15356521229376 -0.0193323315900342 0.035069054054883
v -0.195414579971168 0.0473057797762917 0.0635949326800932
v -0.330975623911656 0.157255914757927 0.238838465584907
v -0.152792553359346 0.0526936471818131 0.0529073261830561
v -0.143231678506594 -0.0245115651875221 0.0187961619151396
v -0.136744941765859 -0.0346279382220744 0.0213387252368141
v -0.0807160533906236 -0.0625451066599674 0.0340342139457228
v -0.0628908030333194 -0.136781666599646 -0.010652924695863
v -0.0602101578369239 -0.17099330464582 -0.00406137055840186
v -0.056747312675957 -0.157683244373318 -4.21917841556374e-05
v -0.0633472906318436 -0.159604213310905 -0.0100643022639434
v -0.0389139566998167 -0.169425949565563 -0.0552753135560566
v -0.0443947144868715 -0.179932872126739 -0.0495264222322732
v -0.0486114986949813 -0.167804339818178 -0.0455065579767378
v -0.0537823041298388 -0.201615013369741 -0.0395520197560007
v -0.0588307367937772 -0.188946227154257 -0.0341218110713596
v -0.0496849924786359 -0.190497628907217 -0.0439915843932061
v -0.0290983063288478 -0.170950617170995 -0.065114519145514
v -0.0336265068876688 -0.159229105751774 -0.0608230438794398
v -0.0376983653146031 0.337619543761495 -0.0517501368284212
v -0.0456199502747272 0.335981178135471 -0.0437408138474059
v -0.0289529364385101 0.339431308124375 -0.0605701746871708
v -0.0320242462421761 0.347696727926347 -0.0574229474192001
v 0.103614345300933 0.0564917037201593 -0.0270721155062548
v 0.102866366744285 0.0609946712665011 -0.0362261242437907
v 0.0843260682067604 0.053913131698799 -0.0343290134670344
v 0.0921429396642987 0.0577581645895944 -0.0348851227510328
v 0.0038415683880513 -0.0521609899405596 0.0621864312536221
v 0.12325305840384 0.0690011214031656 -0.0280281157003718
v 0.120093155580096 0.0680673232220746 -0.0380679629450599
v -0.00479643194256806 -0.0517562579924235 0.0535229855235871
v 0.0858465536621966 0.118867289855145 -0.0540960148024708
v 0.0800061088133007 0.128359863395399 -0.0474323860495799
v -0.0042408991943483 -0.528534149066332 0.0524407849533292
v 0.0959660531689196 0.137395910581767 -0.0513589557979141
v 0.0947308582190741 0.0436226690271445 -0.019837317701067
v 0.0151873938651635 0.169012518431204 0.0672677414235695
v 0.0858891459405999 0.0263108001514587 -0.0239516798013868
v 0.0876269121743955 0.0379755661958365 -0.0244895594065621
v 0.0957334933132672 0.0281023164392744 0.000963808925596081
v 0.0499909296725901 -0.0970447684585654 0.0492333451641928
v 0.0970564536168277 0.0326819398471537 -0.00719168218760525
v 0.0865913378611937 0.0163147937874651 -0.0225501145937229
v 0.0928227851814968 0.0236472320239373 -0.015179202744592
v 0.04861458567269 -0.00104942969242077 -0.0610915338350086
v 0.0430962663667269 0.00833950251283397 -0.0668381796376979
v -0.0456918043226592 -0.524025071349288 0.0123903975260092
v 0.0553862942499195 -0.015671957629804 -0.0540590782869536
v 0.04073376522409 -0.0222354110728205 -0.0683730779738633
v 0.0703607845088919 -0.00963261922349331 -0.0389065182893313
v 0.064800585269699 -0.0181531424234305 -0.0444555138489843
v 0.215012289997332 0.152127519970483 -0.134713790803808
v -0.315697136670486 0.171287019753686 0.270926011162429
v 0.0947168250676071 0.158807618204315 -0.0148559423860145
v 0.0975153598678345 0.151441325059535 -0.0204483297551964
v 0.0346268679003218 0.185154151426572 -0.0786500160491729
v 0.099483541250013 0.145435971512593 -0.0427246396499826
v 0.047720115576009 0.177960329866378 -0.0655428564898197
v 0.00886510788196253 0.173114949800507 -0.0930056869728595
v 0.0412037269481181 0.154447828670914 -0.0721498458451571
v 0.0489141936251158 0.158764234393511 -0.0643588263874347
v 0.0720529109803001 0.166178806311842 -0.040280182527916
v 0.0604237726821515 0.169586302147884 -0.0524557609302207
v 0.0640753266768972 0.198263473371069 -0.048826548644822
v 0.036372538999888 -0.452325987050597 -0.0748740739550391
v 0.0266535570926773 -0.494815190865662 -0.0843459650815052
v 0.0794637177012339 0.171590622018938 -0.0327468239919837
v 0.0738804833528569 0.179742752880464 -0.0386186411353675
v 0.0103205951953398 -0.124600531837565 -0.0918610030903818
v 0.0170295098524123 -0.114862972523591 -0.0893382057676094
v 0.0381022486854263 -0.096808270371923 -0.0705685197250153
v 0.0325363845216877 -0.0858583762911141 -0.0760434458139413
v 0.0340623409135331 0.247689963291634 -0.0794122030012593
v 0.0298003759719919 0.25824162189457 -0.0836424182966777
v 0.0738238781183334 0.0436745393862225 0.0277808441177979
v 0.0704914867425914 0.053933091427923 0.0315643177231016
v 0.0612228546172806 0.010086909451734 0.0400795151262622
v 0.0568113469067964 -0.000389660654444621 0.0443045223132899
v 0.057664026973134 0.180665277832341 0.0402813719818722
v 0.0559971997705639 0.168943584186156 0.0424166554887404
v 0.0238514571612589 -0.0534892877514467 0.0711139605936291
v 0.0182211296670992 -0.0423179766635258 0.0713059587026231
v 0.0128202114449415 -0.0529199747031945 0.0692923145803557
v -0.000995837094636561 0.241725899936905 0.0561095049849678
v 0.00796735288844596 0.24178962509165 0.0639332920881533
v -0.142316931344845 -0.0092081696583244 0.0921925198323802
v -0.138639512063657 -0.015966802832112 0.0854554361141254
v -0.130231063279605 -0.00877071463943998 0.0897928099289003
v 0.261984962269741 0.308683558953881 -0.206641430345906
v -0.0937700012651363 -0.0404245532922718 0.0555961765159327
v 0.294655688083676 0.236611187630014 -0.189245826219159
v -0.0225842700726981 -0.12269593805937 0.0349511446278228
v -0.0164995980612186 -0.141968747944253 0.040904833881213
v -0.0316351580338274 -0.117047159964572 0.0256931913375995
v -0.00861260150565161 -0.11774280200992 0.0490412574141971
v -0.00500793954149744 -0.127420638004788 0.0525542109991676
v 0.270940032901399 0.21383950833059 -0.136858192626923
v -0.0205214094186281 0.292449924225895 0.0372461265018266
v 0.0357756630466893 0.00967225939575021 -0.0739629268113528
v -0.0263988004745748 0.301962279916725 0.0314989056930286
v -0.0409438256175555 0.302989461058591 0.0171073726702858
v -0.00957659021118484 0.305262843163504 0.0482573808613177
v -0.0144903028699716 0.313901847715225 0.0434193889504756
v -0.00434168683486582 0.295194102883107 0.0533125158849771
v -0.154863458121683 0.0702730195317385 0.09553024877886
v -0.147358156348604 0.0629029008843391 0.0925169313409316
v -0.154937911490129 0.068758895756869 0.0826129945670699
v -0.0618317153620472 0.339317826262299 -0.00529787703629215
v -0.0629567382786094 0.327296183557028 -0.00752103401360039
v -0.192102718529323 0.016196908718714 0.0836125832849471
v -0.185159360455458 0.00969173936393386 0.0919827751207887
v -0.168495003810229 0.00265560959492433 0.102902623369827
v -0.159573977198658 -0.0086906284940948 0.0891958689435923
v -0.207250891755531 0.0571803297178793 0.0754508922805366
v -0.028917566130261 -0.53992563534072 -0.0595819987824852
v -0.193563476422579 0.055920562161852 0.063703147004524
v -0.137651562795535 -0.0271752094204179 0.0712911805788788
v -0.0630086538533273 -0.183127195381147 -0.00854526903925237
v -0.0389168286895026 -0.213532788795277 -0.0544577462662598
v -0.0427857133036288 -0.223920284027282 -0.0503255899582374
v -0.0488195718334222 -0.21300495593419 -0.0444335793497009
v -0.0487096622799627 -0.245846590203936 -0.0440315506675043
v -0.0546093969025784 -0.234852993504643 -0.0382296783089763
v -0.0457555188968051 -0.234497575973275 -0.0471471234821801
v -0.0288670044113016 -0.214474396305638 -0.0645522696583564
v -0.0343383904650599 -0.203101909413395 -0.059263384857602
v -0.0460923104212005 -0.433650460452531 0.0123850243085451
v 0.0257741568980297 -0.0319688660283939 -0.0828357896616178
v -0.0350208277221508 0.377298993567238 -0.0542608570918741
v -0.336861196469015 0.163589452791379 0.228345051959649
v 0.13018212014431 0.107158567326206 -0.00530248575226142
v 0.142237650726946 0.0867073033349594 -0.062633272631223
v -0.297797053201918 0.130590749091257 0.229133325259512
v 0.133738570678486 0.076653863316082 -0.0282691962489662
v 0.145347577945398 0.0840479028151563 -0.0447413448582449
v 0.149906765547231 0.0888101037191924 -0.0557911887260356
v 0.159004717181299 0.0958058028066346 -0.0607194178493032
v 0.127974110233827 0.132066286683069 -0.0849534259322287
v 0.0593409879588836 0.108866189701468 -0.055133034466373
v 0.138457919071289 0.153558848816039 -0.092110606183381
v 0.153932542374831 0.107719246839874 -0.090783403176421
v 0.147533710734901 0.117225129378526 -0.0966242121240929
v 0.10844565000007 0.149811187350471 -0.0444778775692578
v 0.125358872073158 0.142179541526649 -0.0188487036357892
v -0.0523362240625025 -0.517271251125119 0.0057062436554156
v 0.113442595772489 0.141969864959253 -0.0144971274086784
v 0.0938593132898714 0.0186275692843713 0.00508098314762188
v -0.362761365301182 0.205440677693063 0.237202002395831
v -0.315737394066001 0.158153216257651 0.189197453024322
v -0.32636507612768 0.252017313563638 0.270942080150614
v 0.0949824825337165 -0.000310695225120973 0.00234971457429487
v 0.0958816981503378 0.0100963628375133 -0.0012553739342815
v 0.0478729170476046 -0.0439610207418143 -0.0610542131772985
v 0.0418729675985589 -0.0344036513069078 -0.0672316198815756
v 0.0356501121255649 -0.40996653046593 -0.0755010733370348
v 0.0520203962372098 -0.0540160645135852 -0.0569642590229482
v 0.0398506370156649 -0.0642024186964176 -0.0689040735466048
v 0.0642276735958187 -0.0460932062672399 -0.0448966128850915
v 0.0385816429496103 0.102590144122178 -0.0740771124632184
v -0.0531606360963373 0.269962066537844 -0.037225456486238
v 0.0269609386253201 -0.452094753711474 -0.0841172759295013
v 0.101323281705805 0.133182968826648 4.81525815139506e-05
v 0.0958936508743776 0.143097219017234 0.000937257671621755
v 0.093621507790848 0.202135206460449 -0.0153881364262565
v 0.0907139861717254 0.1898287081466 -0.0200545520750544
v 0.0860646540861481 0.197040510278531 -0.0261722915378607
v 0.0867513741905965 0.164415675632381 -0.0252276230202887
v 0.087415869738406 0.177324878023295 -0.0239297493175899
v 0.0947937354221105 0.159579887183912 -0.00238033827482808
v 0.0947566497709515 0.169368320410028 -0.00715195433183708
v 0.0463086697663419 0.216852856062004 -0.0670095611006526
v -0.0639939007693812 0.234578893743888 -0.0200400500894087
v 0.038651908764547 0.196149429739935 -0.0746601373546763
v 0.0472109051528071 0.196940563915466 -0.0660626369459717
v 0.0672681715306297 0.20946122406219 -0.0456517697605243
v 0.0590406026123558 0.207531285655316 -0.0540362377009158
v 0.0630429131455553 0.237010264804513 -0.0502691067320111
v 0.0946355174896042 -0.31094855426706 -0.00489613300697028
v 0.092959555566501 -0.279597897854432 -0.0144680814707962
v 0.0751615990339313 0.213105845831801 -0.0375814421367411
v 0.0705582937677924 0.221428153725105 -0.0424291559052983
v 0.00861825042828299 -0.165538683124554 -0.0919584990539212
v 0.0152222015677275 -0.155812056123975 -0.0904003354311041
v 0.0356089697305629 -0.138815051807195 -0.0732547869751364
v 0.030511663459412 -0.127377236106841 -0.078137638979001
v 0.0346024008575792 0.288881304567853 -0.0790763571436089
v 0.0308826190112017 0.300431668810206 -0.0828032861195625
v -0.0111730347802561 0.357719515364224 -0.0777346546690437
v -0.0195007790227302 0.354541160391876 -0.0698545181200762
v 0.0600385182678039 -0.0333467871568961 0.0405239628725544
v 0.0555813358611991 -0.043896099333878 0.0447581431302869
v 0.0547450381559318 0.218721403530097 0.042189825007553
v 0.0512264782909371 0.209351656414516 0.0458047320139453
v 0.0221850335202957 -0.0964887943458101 0.0701951923366375
v 0.0168904556869668 -0.0856033266680151 0.0701301713545846
v 0.0109942841083306 -0.0960002044233088 0.0673897860417035
v -0.000676652262565991 0.283114136535847 0.0568479554832185
v 0.00829134321932399 0.282949330572585 0.0644807734267865
v -0.170743536053632 0.00871904664054258 0.110311326164896
v 0.16658831265582 0.185014279527953 -0.114373324386713
v 0.262107962545848 0.301062501577313 -0.214892401699605
v -0.135057699663333 0.0248801077869618 0.103986534899654
v -0.139682930324853 0.0358364273192778 0.107505670047185
v -0.118496511426144 0.021763512953211 0.086920778933138
v 0.259243959503867 0.288193684052475 -0.213745470782475
v -0.0212524172294234 -0.176467224925368 0.0360905396456778
v -0.0159774672446278 -0.183384565552307 0.0413158369655544
v -0.028769723342651 -0.171000619293771 0.0286048515164681
v -0.00857060648286164 -0.160847343827313 0.0487649803668639
v -0.0048342886251927 -0.170049284256018 0.0524646926947738
v 0.252021200418686 0.230151343502541 -0.116329731552687
v -0.0194414122527438 0.33454936926795 0.0387075683512684
v -0.0148790821626812 0.324958617165856 0.0432036092483856
v -0.0256400757952985 0.340007950173322 0.0326732691768072
v -0.047353526689535 0.345022924432431 0.0111138061425799
v -0.00880685295716016 0.344485197407053 0.0493028460705589
v -0.0124361652458615 0.35336956824583 0.0458170452898901
v -0.00408202452249675 0.334404977057912 0.0538583197864255
v 0.253127270165817 0.188705548837655 -0.123607831156921
v -0.0463829779820265 0.363791199147752 0.0122595822193629
v -0.0335456451752363 0.402594244334513 0.010827551690416
v -0.181136022993034 0.0886342397420851 0.0887532395573217
v -0.0478347791137018 0.259601216455037 -0.042650203445742
v -0.0635859246019259 -0.251128370498861 -0.00804000756522539
v -0.0659582981087841 -0.246585277156005 -0.0183183176806952
v -0.0359245806483562 -0.256983576577151 -0.0567422070315426
v -0.0406976799410073 -0.267176244088097 -0.0518371543879455
v -0.0447428813385965 -0.256902468998371 -0.0478880236634673
v -0.0490157849904506 -0.287315412692024 -0.0432651895429306
v -0.0546427416464839 -0.274935084056522 -0.0377029495661706
v -0.0452217757555431 -0.276740826978319 -0.0471788779285321
v -0.0269026958894746 -0.257459385444686 -0.0658330156981088
v -0.0316795136119624 -0.24648387462488 -0.0611491252538172
v -0.0223547934033094 0.390157562198953 -0.0623466535350024
v -0.0125613557886447 0.376063909515672 -0.0735830384064434
v -0.00696510190707482 0.385230625430177 -0.0721045006681465
v -0.0273810839299122 0.400797195903944 -0.0513472724779531
v -0.0253259426498435 0.408215255862156 -0.0431948368888333
v 0.140018193723364 0.106129485062342 -0.0110562934968564
v 0.146392041918922 0.0898233897201983 -0.0245052748284576
v 0.16773491534652 0.107616662423937 -0.039803698488874
v 0.162148449863815 0.106281688045467 -0.031983720216139
v -0.036226835362688 -0.106432871785973 -0.05970115207138
v 0.117391252412989 0.124182735832341 -0.00301407973092225
v 0.104071716404445 0.142826944219459 -0.00860020976136987
v -0.0644263154764159 -0.111307435504391 -0.0249108550746301
v 0.120483046539607 0.134192124646672 -0.0103004595995215
v -0.302278681609465 0.221543406036807 0.261722168562205
v 0.167337744187953 0.138946811635601 -0.117332110735021
v -0.00347152762139921 -0.429452341027401 0.0550153422560129
v 0.175765906160209 0.119828974338604 -0.103962279543065
v 0.145192651102965 0.151153807189696 -0.101801050856541
v 0.0151212761531904 0.349438542487601 -0.0908572956627046
v 0.136466919703262 0.161797577493908 -0.061672193067846
v 0.127483682162724 0.157306961917704 -0.0457806376096751
v 0.0954965404549241 -0.0219544353072013 -0.000495036713046996
v 0.0930313608361197 -0.0119904538406101 0.00597398075856106
v 0.0897887855177138 -0.0233628677874005 0.00997796957675888
v 0.0954417890375021 -0.0454729500385909 -0.00375499950718086
v 0.0953548428812785 -0.032655667620666 -0.00788835090869358
v 0.0493977649639646 -0.0853507600092249 -0.059430809429066
v -0.0424977980890997 -0.095757437172087 -0.0540255061924105
v -0.0120753798200677 -0.428280604796479 0.046401166309977
v 0.0574996255200445 -0.101818912422006 -0.0515344123212581
v 0.0425698098354611 -0.107048071326783 -0.0661400501894754
v 0.0686891851774805 -0.0835368933429639 -0.040317527018579
v 0.0683180911522415 -0.103345998118124 -0.040614741273325
v 0.0589222928286831 -0.0828648338214173 -0.0500712866099422
v -0.254160066199638 0.172110848736615 0.212120570420584
v 0.0778746377627387 -0.0832791169800783 -0.0309679574647363
v 0.0712525132136199 -0.0735366792685584 -0.037726845465732
v 0.0804156960417941 0.204525462958008 -0.0321512644990112
v 0.0830891568835656 0.217034076199783 -0.0295163072531777
v 0.0948608861154342 0.204910498317161 -0.00400954676788522
v 0.0951272150003467 0.215629048351555 -0.0108484471656944
v 0.0475383616141012 0.257730258053063 -0.0659990931477714
v 0.0396021981790161 0.349212592288211 -0.0745717016546278
v 0.0381467147564994 0.237298736881682 -0.0752642745647403
v 0.046440092786111 0.237334382265488 -0.0669489069322007
v 0.0678075977760198 0.245923382317324 -0.045502876854687
v 0.059520753471155 0.24740913157244 -0.0538447510417968
v 0.067856163653745 0.27918432326908 -0.045604945151151
v 0.0348475384402377 -0.367299070938803 -0.0759345601726161
v 0.0261640916605743 -0.409538209903215 -0.0846440742263017
v 0.00881545613631911 -0.207834977946977 -0.091791880001138
v 0.0151066809959947 -0.197860627047603 -0.0904995717910746
v 0.0346579700053785 -0.178814341065514 -0.074527264847396
v 0.0303180495193523 -0.167927541286514 -0.0787476189549381
v 0.0389406662594632 0.329430114603112 -0.0749638744045774
v 0.0345155061902347 0.341425909893962 -0.0794999725287183
v -0.000136716171067272 0.364850690089348 -0.0843313265357739
v -0.0086611605054354 0.367840233181705 -0.0782848205210789
v 0.0129230437149161 0.36336630320418 -0.0878594284053435
v 0.00865781304749229 0.374155925515197 -0.0828588981514203
v 0.0589315377653924 -0.0759806883759714 0.0408356039633896
v 0.0544463146460131 -0.0865081898497995 0.045055300515116
v 0.0567953162868744 0.264555086356215 0.0391590404530895
v 0.0530184140524591 0.248826912281984 0.0430729426053637
v 0.020900594589069 -0.138787777049473 0.0694069876090822
v 0.0150961601833702 -0.128090096208811 0.0687062355217792
v 0.00971010217722752 -0.138417351168345 0.0659479386127495
v -0.000281616917310698 0.323680391498053 0.0575664780918306
v 0.00865088991121386 0.323272401720141 0.0648804852756359
v -0.182213371936681 0.0290836590233422 0.13154930642149
v -0.147897653965984 0.0428095648673475 0.114883305354721
v -0.150156616513816 0.0551657539713258 0.114266320383639
v -0.154228026056154 0.0328140444628699 0.120828806168132
v -0.170537929000659 0.0561685686517559 0.137222127793254
v -0.159711402326235 0.0561510819707091 0.125819233335255
v 0.0660610199536246 -0.273612166999837 -0.0441513858476942
v -0.0215730436870344 -0.217653591538913 0.0358294908910428
v -0.0166236185285889 -0.224652565781493 0.0407507992272346
v -0.0285125026219301 -0.211182603846672 0.0289299926112297
v -0.00845358476219587 -0.202194455928517 0.0488548286025298
v -0.00490330675186973 -0.211318298282469 0.0524112880435057
v -0.0338392777057275 0.386026286657505 0.0245215835671395
v -0.00724513041986435 0.384025771528715 0.0483062838298888
v 0.240758517530038 0.270641530891678 -0.193645434729522
v -0.179822190646736 0.0951394929926608 0.123730733991443
v -0.157549895625045 0.0658670808282354 0.119247904562341
v -0.0151124900981463 0.423031834652276 -0.0166185788805467
v -0.20027243502479 0.023804617143426 0.0977706929661677
v -0.198978603244134 0.0228865305902784 0.0859155763753864
v -0.218877689756706 0.0412928830229899 0.117101109409553
v -0.231317042511924 0.0899439857264663 0.103968119244993
v -0.22520760216201 0.124245669212686 0.120115098486117
v -0.227080409378051 0.11563406586173 0.11294765251567
v -0.0659689228425423 -0.270674940737464 -0.0156880066897378
v -0.0355859072154581 -0.298099871575297 -0.0566798943277135
v -0.0396393888421316 -0.307631258401391 -0.0525174070000756
v -0.0448865543844348 -0.297708338194891 -0.0473468595783711
v -0.0460613631635403 -0.327284931032188 -0.04591533910803
v -0.0514048951803085 -0.316635150098375 -0.0406377318350256
v -0.0428927345423613 -0.317103925626451 -0.0491538326953996
v -0.0262309109773208 -0.298945142101747 -0.0660643692852649
v -0.0311510257864204 -0.288261383092177 -0.0612268116073337
v 0.0164315866950594 0.398624523635932 -0.0624705155761976
v 0.00613126023735488 0.415527557519865 -0.0457522115910665
v 0.166665612128378 0.118586477076863 -0.0338240443048527
v 0.174633782714173 0.118449250312129 -0.0435095037901615
v -0.0729553235116739 0.00611047351195919 0.0182837617992213
v 0.238194382345 0.258959909491157 -0.191440687674962
v 0.150460033263193 0.123457672693129 -0.0195828964086151
v 0.141353699936534 0.151059109868635 -0.0301725449677972
v 0.147776253410355 0.143032807749739 -0.0256832785203868
v -0.0144007055310669 0.197167730743744 0.0423693429314123
v 0.246863582535345 0.181070785470775 -0.119709146774756
v 0.187899635804459 0.128591202425353 -0.112899098720213
v 0.242755639619779 0.17529039351064 -0.125846600143509
v 0.175926641370746 0.173223251003644 -0.131139844325087
v 0.17789317379005 0.161692341310932 -0.132452198362602
v 0.145451314020825 0.160566656834113 -0.0405390401910296
v 0.146461175023972 0.169041167377148 -0.0657919540517642
v 0.145655118131923 0.166632862286571 -0.0532602200653264
v 0.163750659744536 0.185722630687428 -0.102356776407125
v 0.161232999524295 0.183937045721718 -0.0896151556314411
v 0.0952226211556691 -0.0665752409609256 -0.00295079027870068
v 0.0941044416313657 -0.0558349903412175 0.00177232035344519
v 0.0897245124325398 -0.0655192232804362 0.00904015690313027
v 0.0860174976992016 -0.0788690463678633 -0.02281587469051
v 0.0933078379923303 -0.0872142207553812 0.00297005607298405
v 0.0951977742151166 -0.0934377314132694 -0.00611690885843284
v 0.0952184225055192 -0.0799917442631113 -0.0059394722700413
v 0.0460113388401942 -0.129120701907105 -0.0629866380380337
v 0.0422586843780147 -0.118064324380001 -0.0666358940522703
v 0.242619090254641 0.193424779480604 -0.106147809728516
v 0.0543561209739591 -0.142056919515993 -0.0546907709407382
v 0.0401234018094748 -0.148619461236954 -0.0688732881173548
v 0.0690057406648007 -0.135914787920968 -0.0399922114541871
v 0.0632840191093834 -0.144397368158937 -0.0458016942485025
v 0.289338683453669 0.251560712966669 -0.21967439522662
v -0.0368376242422308 -0.488653368013609 -0.05258412192649
v 0.0956406901947686 0.284888462132934 -0.00578019084227348
v 0.0955733934858874 0.273167769214336 -0.00874906174134469
v 0.0932921773678946 0.279807389972832 -0.0180243210432603
v 0.0938870493388774 0.249481002450031 -0.00133645530660099
v 0.0952461730095512 0.260943031319601 -0.00548228112463318
v 0.0482077691703884 0.297610646410766 -0.065656741120817
v -0.305503542813793 0.167250158696398 0.264361611714298
v 0.0390777674024979 0.277997142790377 -0.0745761579533085
v 0.0484648822821305 0.277922047885465 -0.0651972502910712
v 0.0715561470355443 0.289543218070629 -0.0419648359022602
v 0.0617825217475283 0.289923127795508 -0.0517771903895865
v 0.0668597855813296 0.321817112941206 -0.0469356781369568
v -0.00186267969509564 -0.387931132238907 0.0564069552447629
v -0.0107545281656231 -0.386778153785012 0.0475364528128849
v 0.0804519857856416 0.293078259179305 -0.0330546134645073
v 0.0742858350317356 0.302192671629509 -0.0393791767724295
v 0.00908459174590582 -0.249995984617751 -0.0917893790906082
v 0.0153561961836631 -0.239840711914867 -0.0904973747028683
v 0.0369871167163351 -0.221377947920402 -0.0725499318699743
v 0.0316426821666781 -0.210580486151724 -0.0778322799302262
v 0.0580574695500367 -0.118296759290701 0.0409146481706303
v 0.0537089364494344 -0.128790148006126 0.0449641020137578
v 0.05596435644714 0.304470724643684 0.0389435358858986
v 0.0519928114239419 0.293501954983905 0.0430811383409528
v 0.0204576362170955 -0.180557853559467 0.0690693194647835
v 0.0147601264718709 -0.170134613270993 0.0682512950404423
v 0.0095670908065734 -0.180363946720061 0.0656468414995861
v 0.00160888958833711 0.362459871237614 0.0588755930633255
v 0.0155893197494543 0.381904155897714 -0.0777233723615849
v -0.204768474775026 0.0318658454714819 0.129189595025593
v -0.00656783905512979 0.158537345733265 0.0498181957278355
v -0.022133037360142 -0.258039020754962 0.0354415599191409
v -0.0168558246357604 -0.265453825936847 0.0406891741282822
v -0.0299212104848856 -0.251625284331958 0.0276977152879646
v -0.00905408095860721 -0.243263218687157 0.0484011598382835
v -0.00541258734718356 -0.252518350384379 0.0520730366365748
v 0.00700909963576429 0.373069885275036 0.059986830948684
v 0.036128711682102 -0.325332915492827 -0.074295497369859
v 0.0186721796293479 0.396758211254633 0.0475447740022622
v 0.0167403365352385 0.404570840984217 0.0409267683737581
v 0.0109995013747645 0.390930748071435 0.0523282691376341
v 0.010630359554944 0.417547232918289 0.0287392712765302
v 0.00281013879699967 -0.00792515245686532 0.0609560389806939
v -0.0108345422842789 0.423832075722506 0.00916148254726321
v -0.189526564126279 0.105091010573828 0.123367547687425
v -0.200959841502269 0.11701908458482 0.138643746942881
v -0.186578556748436 0.0992164934230964 0.143674515905989
v 0.00907576859799374 0.435985147172602 -0.0205871128428533
v -0.000579477695216492 0.433688453932117 -0.0157334003637791
v 0.0131123093907932 0.434410089610502 0.00874931910998829
v 0.0148191524210718 0.438384252132995 -0.00154941883813954
v 0.0054405917266107 0.434784262464056 0.00369215884706817
v 0.0197538697150591 0.435092035834102 -0.0239991093197842
v 0.0169028934224826 0.438781684933064 -0.0129854725334293
v -0.218312069577453 0.0424150117607563 0.135229123156801
v -0.246059020053881 0.0827511111221038 0.117954908720961
v 0.0261550425298097 -0.366664285832985 -0.0843615823264597
v 0.0139781178717528 0.332631485184804 0.0669350633150899
v -0.244498672253794 0.101357491700317 0.116520233479458
v -0.242025679754022 0.0913284689052265 0.113446597685901
v -0.245711701701222 0.111997371159339 0.120140259466436
v -0.244253576680314 0.123165587574716 0.124129269867732
v -0.255019941767533 0.111161800285393 0.127487565785045
v -0.0650766635527873 -0.333295125973126 -0.011154615282856
v -0.0652312034379619 -0.326389556003636 -0.0219181994431669
v -0.0344376152719063 -0.33912857986352 -0.057396767342136
v -0.0395966736374866 -0.348693077555602 -0.0521556619602788
v -0.0427646763001429 -0.338128581026479 -0.0490985051792552
v -0.0514183818470109 -0.367169311244453 -0.0402133799150278
v -0.0547450818035667 -0.355429612010534 -0.036998267084398
v -0.0453420112563978 -0.357913109635523 -0.0463196378298835
v -0.0257902229282652 -0.340270656692432 -0.0660730459993188
v -0.0299053867327948 -0.329324974326785 -0.0620320637413789
v 0.0214097940990223 0.389669319168086 -0.0708878664997737
v 0.0274676364135383 0.397769755962067 -0.0633447374483094
v 0.049847814554343 0.414815492697581 -0.0420711882993926
v 0.17348942135425 0.151594900303635 -0.0418324611767263
v 0.17828851738925 0.138679036454861 -0.0440935130631772
v 0.206188193704708 0.156626197714505 -0.0693090382593366
v 0.198758699452266 0.1504787134612 -0.0622771219506941
v 0.174821905455259 0.163379855008832 -0.0470847819856187
v 0.183957597294975 0.164651552739608 -0.052849848331693
v 0.155661936986785 0.160560936835633 -0.0392810125827378
v 0.176034823779642 0.17263392206785 -0.0537580045761799
v -0.00589913542153358 -0.00593374184925059 0.0519114299793539
v 0.0810884998228832 0.36640242465205 0.01162813650199
v 0.193388376827954 0.165056429637908 -0.143604722872765
v 0.176167181647117 0.185479465875483 -0.129667355447722
v 0.189864897890842 0.214736664829631 -0.128747177338568
v 0.094122999557266 -0.231891902043552 -0.0111724126025608
v 0.199498036676312 0.211457575321861 -0.15191284632723
v 0.195381166212341 0.202173845602225 -0.14842120524051
v 0.193009395961404 0.213526184953096 -0.142138054896367
v 0.0934636247206702 -0.105449818255185 0.00262559918853687
v 0.0909224751921249 -0.0968445953004472 0.00722702737000281
v 0.0864918659695098 -0.107276618342708 0.0121724819081921
v 0.0939436812398483 -0.12697981787006 0.00149076491500805
v 0.0950966770411911 -0.115814941703065 -0.00310496314457547
v 0.0473377820817159 -0.169890086919129 -0.0618988738274091
v 0.277646874276054 0.254710222843201 -0.223474671902554
v 0.0923091133717357 -0.198023818966472 -0.0153281793008897
v 0.0515252826556315 -0.180424924897233 -0.0578565472705662
v 0.0392056404641884 -0.189617387816035 -0.0701313902879324
v 0.0635131588616206 -0.17255602789009 -0.0458805944104937
v 0.0176215014166316 0.126919098547969 0.0681724721113521
v 0.0353391889732873 0.136937617247407 -0.0778383065519553
v 0.234773993657707 0.193257631188035 -0.0986094938939164
v 0.0868317537594459 0.28599631436761 -0.0266435241597291
v 0.0894910549667683 0.300707887024339 -0.0236865792096429
v 0.0918398126736524 0.291355676887104 0.00249630890960194
v 0.0954322188945065 0.299183597032736 -0.00510618499161077
v 0.0078323644907241 0.12913194953481 -0.0931265998424707
v 0.0467508232810469 0.350010389906615 -0.0674394894107082
v 0.0427760033652288 0.318988596131207 -0.0710593937385379
v 0.0508299180564866 0.339497025771759 -0.0631894908197621
v 0.0354794472243932 0.0520830049990739 -0.0756520639611423
v 0.0698620053428414 0.333365146624015 -0.0440085954123363
v 0.0627133784121594 0.332202518018289 -0.0511705614674342
v 0.0727889741954578 0.365585478946263 -0.0409889117508265
v 0.23179680357228 0.183056212124289 -0.0959055223913873
v -0.0406330494958558 -0.445199261136006 -0.0498942287776807
v 0.0100780073145406 -0.29204785617813 -0.0917218990578285
v 0.016134937920941 -0.281975209704137 -0.0903284139759818
v 0.0358913268653832 -0.263454579654222 -0.0739769917150326
v 0.030323197244135 -0.252403651268603 -0.0793804109577175
v 0.0575759006668123 -0.16033494730528 0.0406192910259381
v 0.0528184603899638 -0.170315000123684 0.0450714782032137
v 0.0611886550611879 0.331461111149921 0.0329621866452909
v 0.0535259513756799 0.325189406815905 0.0408553974460703
v 0.0203934792396561 -0.222012802935714 0.06872141217247
v 0.0145963579262392 -0.211597529789109 0.0680047618502691
v 0.00942226870513737 -0.221766613434423 0.0654524817604157
v 0.026937229270004 0.00986998257989589 -0.0825569555993348
v -0.201312401420746 0.0423032314227562 0.145638115045767
v -0.218507657059914 0.0623930749158055 0.16619049098312
v -0.222354039062533 0.0562387209965227 0.159609339762811
v -0.224208437700124 0.0676478997473459 0.171797396603213
v -0.209576863724792 0.0686773638858245 0.168162431524882
v -0.195028953674314 0.0863564327583093 0.161240962474872
v -0.291047075296633 0.143902375221599 0.244437663837924
v -0.274579053062008 0.167241246967499 0.161830635450843
v -0.208445996852897 0.114636220945803 0.171578304153642
v -0.277540967219537 0.157865112864844 0.156431000770695
v -0.0232565698092123 -0.300304440102302 0.0345754376791201
v -0.0182746806171318 -0.307677039586566 0.0395453768718372
v -0.0303137075538984 -0.293180105246767 0.0275406077699428
v -0.00952400318421264 -0.284878771231749 0.0481445769583775
v -0.00604972338371362 -0.294261493625178 0.0516685925458715
v 0.0477188633191173 -0.30644566911599 0.0481804492265197
v -0.00187239456132415 0.429894408964743 0.00726434782159823
v -0.00215601771136405 0.425280778130489 0.0165808731231257
v 0.0685032565976836 0.396695940879223 0.0184248949964977
v 0.0481972352815494 -0.221939079678563 0.0487671312726934
v -0.212365370128734 0.126704980832656 0.169870924869181
v -0.225107127669666 0.140678969892121 0.181969855252706
v 0.0339606944674826 0.434513118486098 -0.00662816776262902
v 0.0503525412999669 0.421715026545951 -0.00341453857883187
v -0.252542522381675 0.075854139013752 0.14684078694281
v -0.246400276918753 0.0695578358125834 0.142065076792782
v -0.271098412283508 0.150864239568536 0.149871702222914
v -0.0653596528479803 -0.345712801946159 -0.0132359096768669
v -0.0611833870361452 -0.377007114579529 -0.00383658691662282
v -0.0586080895041149 -0.36408772607382 -0.000707099241382849
v -0.0647700468195707 -0.368065269455181 -0.0109571656053281
v -0.0377700923046712 -0.380571804641872 -0.0537027017742752
v -0.0433048469970216 -0.390383851864279 -0.0480332758252606
v -0.0477021379749428 -0.37869521041252 -0.0437991382592617
v -0.0534629073293162 -0.412271737061353 -0.0375010054112355
v -0.0570622132356582 -0.398327201367595 -0.0339214068342496
v -0.0482934446636273 -0.400711802188301 -0.042842272504633
v -0.0280725190520394 -0.382225267327899 -0.0633957361856856
v -0.0322198694229757 -0.370808263622734 -0.0593501685457672
v 0.062760591744315 0.403463366937163 0.0218409373653805
v 0.212392200608602 0.162181657756421 -0.0758016728236959
v 0.18420600663696 0.186823459292571 -0.0666370933905403
v 0.185431705130987 0.176953068222486 -0.0595628051530712
v 0.212403391263404 0.186056365778107 -0.0774033962048298
v 0.203995136924315 0.195324861945398 -0.0756653331345481
v 0.204727495614527 0.18253807310434 -0.0711264940975055
v 0.183515016463488 0.195649938052961 -0.0757447280941877
v 0.194595301470302 0.191228243782774 -0.0710338623402018
v 0.221561512025383 0.1547115377635 -0.101470285438884
v 0.232644121645484 0.164810021219527 -0.116382755106078
v -0.0572962598236063 0.229662969258786 -0.0333614865521516
v 0.202222576989318 0.162403444146976 -0.146344430866952
v 0.198851916400381 0.174170158889377 -0.14973045693823
v 0.187557166286748 0.209700370292394 -0.101899419378317
v -0.00150009905203058 -0.34633038204507 0.0565064624646284
v 0.190431186432231 0.214758991905311 -0.114707205710085
v 0.21051392586116 0.225897766259101 -0.102039449960785
v -0.0107379625425018 -0.345365887730176 0.0473007805791182
v -0.231705702559008 0.142379644681608 0.192961588944382
v 0.207332761546748 0.227375167082101 -0.158219906282409
v 0.203873921680377 0.231323793369687 -0.147255103447249
v 0.20489672418576 0.203794071434302 -0.157277741446097
v 0.206845165438851 0.215860781940461 -0.159235157351593
v 0.0944293378154221 -0.148601991648746 -0.00078683217526698
v 0.0914782149969929 -0.138241318089867 0.00578640934976438
v 0.0880286875045016 -0.149924879565962 0.00983045155140871
v 0.0946192175463442 -0.172527660469918 -0.00404386180814399
v 0.0946608504168715 -0.159470166039029 -0.00833364998733198
v 0.0484194016167479 -0.210393055194296 -0.0611412012011452
v 0.00489475387457392 -0.474216168569415 -0.0909548451263183
v -0.224057158091193 0.112446252914756 0.188147262004661
v 0.0559695774762022 -0.225771322804563 -0.0538424582028047
v 0.0413581183490769 -0.231302399110975 -0.0682480026441551
v 0.0676182932863725 -0.2090488317699 -0.0420364197658
v 0.0668668340961259 -0.227221178969393 -0.0428636879553995
v 0.0579005536568704 -0.208204669564214 -0.0517741346305945
v -0.209000521171263 0.0884610458209276 0.173328146436163
v 0.0768205778365841 -0.209139861809447 -0.0327073024805703
v 0.0703525641449783 -0.199601561436891 -0.039201779854514
v 0.0587285785662024 0.317628685119949 0.0359592034351753
v 0.0634188252843735 0.306183874433869 0.0314499316138443
v 0.0919789360939041 0.333970277967523 0.000405951520188471
v 0.092642937735434 0.346241209828926 -0.002139849618021
v 0.0488459617406355 0.360503607414152 -0.0654278724604127
v 0.0600625665940042 0.368015052182526 -0.0541333726274135
v 0.0782674704555668 0.371550318167209 -0.0344823650641997
v 0.0643172554737109 0.38222109767493 -0.0495530121116198
v -0.233827715283264 0.0834977743681459 0.186374468291085
v 0.0100439414127234 -0.333961985948887 -0.09181101260452
v 0.0165574383821753 -0.323944099797148 -0.090315055606414
v 0.038158042815716 -0.305397370022787 -0.0721456434555448
v 0.0320034395536557 -0.294638762549932 -0.0781376247112265
v 0.0554359015010408 -0.201096988184562 0.0420188368858857
v 0.0518353030104046 -0.211437053239054 0.0453528919618301
v 0.066768047187857 0.378273873263835 0.0261721600436776
v 0.0626920428186042 0.368720541403418 0.0304657557491835
v 0.0203100822085125 -0.263666740431046 0.0684202980833206
v 0.014513694705375 -0.253119979703891 0.0677733839887804
v 0.00915605700346836 -0.263312363594071 0.0652710132625254
v -0.23721705550271 0.0681415011567858 0.170661319529673
v -0.0508974060174412 0.218232858375003 -0.0401060714922108
v -0.227428918560598 0.101462365913005 0.190426218515372
v -0.222398470691242 0.123365261024645 0.186208971271518
v -0.226772515646995 0.133113112181436 0.189511085763002
v 0.035431716066564 -0.283233623685276 -0.0746028202222622
v -0.02424422811714 -0.34201595682017 0.033855545495441
v -0.0186350555391508 -0.349405743043568 0.039419374339391
v -0.0325710740562375 -0.335487391223406 0.0256151913371849
v -0.0106670165246733 -0.326837689920694 0.0472839277806671
v -0.00700700186350552 -0.336249488486345 0.0509874383860682
v 0.0426930240351503 0.411982873660898 0.0293197216069631
v 0.0373222971080645 0.42064432652957 0.0214540387871753
v 0.0314319979046805 0.416938193032591 0.0279270714216876
v -0.0391533926748458 -0.067607527059392 -0.0578272967713156
v 0.00189311216501993 -0.386255265918863 -0.0901788854928301
v -0.243563575675555 0.15235686060445 0.205642175119667
v -0.24853863854152 0.162400973346907 0.209017950253303
v -0.260405113258275 0.083855787204995 0.161871414242992
v -0.0428976243427371 0.137215458473622 0.013217276972816
v -0.270860323004084 0.0970051872665647 0.150616892835553
v -0.260368848784728 0.15361911490176 0.14871847059812
v -0.272290477530553 0.175943426631287 0.16908531214312
v -0.281697628023163 0.182881331381233 0.175774970125556
v -0.0625334462247715 -0.389078692618015 -0.00573954277274295
v -0.0401346551243184 -0.424078147373747 -0.0508053389108504
v -0.045378691711269 -0.434251441295194 -0.0453184700420131
v -0.0501094613502382 -0.423467417065881 -0.0408164574900865
v -0.0532747359665234 -0.456847511238717 -0.0370178391862207
v -0.0584341380606401 -0.445662689116749 -0.0319387850286522
v -0.049637445696878 -0.445177624085341 -0.040824486641784
v -0.0299096273548569 -0.425355698526654 -0.0610019912472245
v -0.0344825955095477 -0.414011098717873 -0.0566094528519098
v 0.205046626682923 0.170247722804936 -0.0688412495867793
v 0.219463589084698 0.166460885830874 -0.0838420304711365
v 0.219659004607807 0.190092890452073 -0.0842539843131991
v 0.219343396963335 0.177648980844526 -0.0833664356682989
v 0.235367447187928 0.175727892047466 -0.100527929280099
v 0.027266250635349 -0.324817566259561 -0.0829842617938035
v 0.221721772447614 0.201300664187763 -0.0874386397905805
v 0.227582904639691 0.193298612780551 -0.0918915464100402
v 0.0868579149766083 0.355848981307607 0.00598336606647294
v 0.235232288089026 0.173168576931024 -0.15648882532831
v 0.22102680164471 0.250652751358292 -0.132614683744866
v 0.21766703897413 0.249633888135982 -0.143491914429782
v 0.211986963050776 0.24154368906279 -0.133897477764358
v 0.0946068458970296 -0.193823204959791 -0.00414246616087042
v 0.0930237807214504 -0.183248029052197 0.00147364379651897
v 0.0887764549115187 -0.19330411631818 0.00810489008879741
v 0.0850718459646071 -0.205151916823302 -0.0244756068887814
v 0.0935636117534787 -0.214867069943789 0.000314381444778245
v 0.0947888759494873 -0.220683548429486 -0.00899985598718709
v 0.0947513086581558 -0.207140449961375 -0.00796315863031692
v 0.0454816089428521 -0.252931601912484 -0.064452360860384
v 0.0414476900042673 -0.242246577809165 -0.0683747323454023
v 0.0902120314637901 0.323683170792748 0.00352087662960099
v 0.0542984887631023 -0.263869820338269 -0.0556725288386401
v 0.0408258122830854 -0.272534326574127 -0.0691312184598161
v 0.0662447543490898 -0.25508731083142 -0.0437377425398366
v -0.0132255083904427 0.154797950693559 0.0431652431777913
v 0.0589308864143734 -0.25503259369095 -0.0509620889496641
v 0.0647651534351694 -0.189271583419174 -0.0447351148944012
v 0.0692133394518375 0.311396781345237 0.0256180747572265
v 0.0723809751849952 0.32182500401703 0.022131814890599
v 0.0844693160473535 0.377425751202851 0.00404575747533728
v 0.0785226898570851 -0.275791058524346 0.0175750530934046
v 0.00852417534411194 -0.376024096262622 -0.0917953558169489
v 0.0153114605981132 -0.365876890177298 -0.0909636958887363
v 0.036879249655419 -0.347864745850503 -0.0737262309489957
v 0.0317160671296098 -0.336827707035777 -0.0787520299596569
v 0.0578841658428052 -0.242562424339952 0.0390184785915524
v 0.0535812760244637 -0.252999295536314 0.0431220242287354
v 0.01954355254382 -0.305672014419081 0.0683429235465807
v 0.0138819270346281 -0.295007578858138 0.0675626619040645
v 0.00841910614610693 -0.305228178200864 0.0649320977045897
v -0.242543831041867 0.0809329942956196 0.185272330082455
v -0.24743149666217 0.0942314187221258 0.197827038123333
v 0.203835662552872 0.232242178196555 -0.134939940455972
v -0.234989579582523 0.132517987344624 0.19832586835591
v 0.228015271091298 0.160551864882528 -0.124857347122653
v -0.0234644084135616 -0.383411833417675 0.0348591714724792
v -0.0183707196000233 -0.390317689745726 0.0399324524087798
v -0.0306102627213689 -0.377613917547954 0.0277286374933419
v -0.0107101766953264 -0.368610853394566 0.0474787895385241
v -0.0070769911961019 -0.37792035639022 0.0511691443662231
v -0.267151561994804 0.174467150346398 0.230224924780739
v -0.271896237224679 0.184855083728833 0.233812580056851
v -0.301053878078649 0.126685755875265 0.187585687032376
v -0.297272644579748 0.123999572388687 0.179633090512422
v -0.0659606882642631 0.0167980508647508 -0.0156305281849976
v -0.292131018219634 0.189101858867425 0.182212323348452
v -0.291955037117837 0.198157000910878 0.190529198859128
v 0.0922146384803225 0.359250464699661 -0.00532653242447862
v -0.0390468584968568 -0.467303534427979 -0.0509897872017367
v -0.042392799948951 -0.478344360999986 -0.0473198630100485
v -0.0479362303142384 -0.467786379955405 -0.0420750736595252
v -0.0495984490678075 -0.501573921532282 -0.0393743308121529
v -0.0550340434737639 -0.490712126274621 -0.0344354272896295
v -0.0459227986768293 -0.489863842854279 -0.0434747988204223
v -0.0293069185536966 -0.46628726113817 -0.0607544841518389
v -0.0358472992144913 -0.456328841239923 -0.0544579190920791
v 0.245550300112087 0.215276760388684 -0.109090816374005
v 0.237599393807905 0.201520225606629 -0.101191152408468
v 0.250000453906201 0.205365887413435 -0.112553123068177
v -0.0658034925492462 -0.392511888744229 -0.0160448263761014
v 0.241966810933742 0.174517006516133 -0.135020727872993
v 0.0797040195682708 -0.193943094515932 0.0174874622287917
v 0.230090251415275 0.16283875913739 -0.132929212831988
v -0.0563205032401336 0.147755805557848 -0.0349969669113834
v 0.23951589408864 0.17203980361057 -0.117308884497938
v 0.249606115589562 0.193406010325477 -0.175445411301042
v -0.0388504129640363 -0.402345097001866 -0.0524055985140482
v 0.260081923605097 0.200330685574587 -0.17716814370303
v 0.226963864672638 0.260754033698743 -0.173759551469214
v 0.23050666269789 0.254449523550259 -0.18281839928026
v 0.223420869613905 0.24935506666889 -0.174013505359821
v 0.236627831595337 0.246998717844508 -0.189674110629326
v 0.252329590557953 0.255284423929826 -0.206055795275718
v 0.247579336440692 0.262859947556144 -0.2012845707906
v 0.0942067658739146 -0.233548881470726 -0.00104914968704631
v 0.0919875683790118 -0.224723656599038 0.00386415194721083
v 0.0883352325525686 -0.235580883201086 0.00830623212590076
v 0.0946014218971999 -0.256661968028157 -0.003731243834842
v 0.0949076559141648 -0.244670224720006 -0.00736756825277355
v 0.0487228776718748 -0.293766287876309 -0.0614506216883561
v 0.0425371489867803 -0.284515299945556 -0.0676625044396161
v -0.0504135037717806 -0.362444026623609 0.00780267790646755
v 0.0577892852059844 -0.308578447903279 -0.0526465816861326
v 0.042808193639091 -0.314743935899041 -0.0675284404290793
v 0.0702542398571664 -0.292163144307 -0.0400671775973583
v 0.068550308796844 -0.311114468896627 -0.0418510755231937
v 0.0612694656718888 -0.291482631078616 -0.049090942695942
v -0.0654341978030675 -0.359351454922303 -0.0184278650958332
v 0.0787428885402715 -0.291291166398419 -0.0313727057278665
v 0.0727465116052014 -0.281729541711502 -0.0374201567797168
v 0.071710476470202 0.386080594408472 0.0192692355874802
v 0.0762451210855718 0.375947220699105 0.0159954404179878
v 0.00755697479771023 -0.419924647976845 -0.0915340864258771
v 0.0144692732375343 -0.409002324632439 -0.0911639038678779
v 0.0349781789340649 -0.38894684138859 -0.076026594546555
v 0.0302187287928173 -0.377999703059436 -0.0806029609894702
v 0.0567895109111557 -0.285409411384777 0.0395892362192012
v 0.0522234354272558 -0.295951404424305 0.043914589245081
v 0.0187344737531977 -0.347643806311041 0.0682760641978155
v 0.0130554546820759 -0.337002822295047 0.0673221971977389
v 0.00770099202745696 -0.347175081079189 0.0646099122872695
v -0.275076967414961 0.104875484383184 0.204900948754833
v -0.239088698433332 0.142448897131011 0.202022099592385
v -0.246915147501929 0.142489303601162 0.210179011215561
v -0.254122750921148 0.145698019310031 0.141434061810119
v -0.0242600886633446 -0.421763027471303 0.034239726271662
v -0.0186796545949301 -0.428105613436793 0.0398672037877869
v -0.0315208751787797 -0.417634737963953 0.0270031723427167
v -0.0109583966697012 -0.40906119624458 0.0474435212759042
v -0.00768766579374357 -0.418993116371688 0.0507364425816662
v -0.291198774858704 0.1985118998593 0.254792731974884
v -0.296199520276308 0.210122917827351 0.258428587173402
v -0.316259697239674 0.142454377361241 0.204655264130819
v -0.310609726252861 0.135687632145068 0.210995179536474
v -0.323385191328823 0.152039079485163 0.205299481670604
v -0.258025624247185 0.13678540075338 0.136921781181594
v -0.318201584350584 0.214202239994658 0.20732067369297
v -0.313772677309922 0.221695127463097 0.213984495077694
v 0.0345137586421657 0.432226465502544 0.0035432130396818
v -0.0347242834544268 -0.50997492348966 -0.0540006272220184
v -0.044194639412224 -0.511821309705378 -0.0442664209117005
v -0.0254353232511716 -0.509072395865935 -0.0632719934099745
v -0.0313362253055501 -0.498949390289244 -0.0577061986447443
v 0.247042652739972 0.186745783224472 -0.113061970086963
v -0.208062722200416 0.125055741978766 0.150999141914702
v 0.273111569255364 0.209626090702945 -0.168562887681836
v 0.240052883929649 0.196772702704228 -0.179617500815517
v 0.276255384528258 0.222282964045884 -0.196254286476869
v 0.248874743039919 0.293411456120336 -0.194692734731052
v 0.251625513952453 0.285033102554264 -0.204879498625468
v 0.243889099866202 0.28222327289347 -0.194477898203973
v -0.0531043679055673 0.136018662095949 -0.038747944179369
v 0.266854494228365 0.292569401612145 -0.22238799055057
v 0.0943648475839285 -0.276323080026304 -0.00307350667662153
v 0.0927537531758361 -0.266363515181363 0.00142862655726901
v 0.0878992355525947 -0.276121325078243 0.00814639342856029
v 0.0861343109908396 -0.286770255806975 -0.0239093233783384
v 0.0924469022084011 -0.298757557687021 0.00156045395979729
v 0.0943212199645689 -0.300357945400924 -0.00901021331132008
v 0.0946794967856801 -0.28834088687166 -0.00628118659680907
v 0.0485547870080575 -0.336593685526378 -0.0620468864988668
v 0.0430910766112264 -0.327010796030185 -0.0674913595580631
v -0.00864077416540512 -0.220434026923427 0.0486957499419933
v 0.0545619266592271 -0.35189202771345 -0.0562907427380525
v 0.0408949190611915 -0.357382101818355 -0.0697682587918982
v 0.0699711253476483 -0.343913775805502 -0.0406110184574965
v 0.0650450653322435 -0.35442215498759 -0.0457926145862588
v 0.062083871650826 -0.337692405042629 -0.0486726530349596
v -0.000805282342209816 -0.304391551331317 0.0569251593738251
v 0.0106468609822327 -0.463083201184789 -0.0919321715181761
v 0.0157742668127055 -0.451831336458854 -0.0909907704513785
v 0.0369831043037764 -0.431417579078672 -0.0742639246407639
v 0.0316144024843136 -0.420653823763581 -0.0796144015666951
v 0.0557138898586368 -0.327756079349801 0.0401464341629742
v 0.0513989170806268 -0.338174055065116 0.0442082040433589
v 0.0178125741812982 -0.389510423366397 0.0682345520441337
v 0.012330200240897 -0.378830182425455 0.0671601103981211
v 0.00705320814758632 -0.388938174238082 0.0643547002591127
v -0.00998207986244125 -0.303466563709264 0.047783112142885
v -0.210306153274168 0.0778963206401523 0.172261588239097
v -0.0244906896653926 -0.459149998699364 0.0340360298643485
v -0.0189920873037193 -0.466914554428757 0.0394945430965221
v -0.00461542119801348 0.11637470346052 0.0515259984609289
v -0.0122628979518471 -0.447574821168503 0.0463124899167944
v -0.0110347214314438 -0.458622617836192 0.0474593280011709
v -0.328679657699284 0.243017076907619 0.290150148391162
v -0.33059725429234 0.253159561609986 0.282765296219615
v -0.317201879712706 0.222493614242339 0.280979623673867
v -0.322614585396904 0.233091041433687 0.285731521446766
v -0.328101814847683 0.15471913904243 0.21654526930728
v -0.322639013770374 0.14942683815929 0.23857174106256
v -0.208259352035414 0.0500518426149849 0.153739946786197
v -0.340849966093158 0.172848565120494 0.219611484864606
v -0.334626756494567 0.163118952256846 0.218005512480538
v -0.347931569683264 0.179013704985481 0.228300317741462
v 0.0486727067980167 0.391278971547537 -0.0619733952630385
v -0.339550849066704 0.238716278197707 0.231890715294075
v -0.338413272659276 0.246574033527165 0.239562326289929
v 0.0348018805069802 -0.240802009831979 -0.074877231744506
v 0.0267461868106445 -0.282761345054442 -0.0831023861516879
v -0.0376847828560397 -0.551873715672957 -0.0466530507306846
v -0.0388781553462491 -0.558538130553238 -0.0383472256354503
v -0.0443936956599908 -0.550344810985661 -0.0380164583642239
v 0.00497676550658628 0.0343266399092873 0.0619553786116184
v -0.0364587916628315 -0.563913332064183 -0.029885254346386
v -0.0311052038877639 -0.55109148391155 -0.055236952272293
v -0.0632378310333664 0.107784745974955 -0.0148347874354406
v 0.264680568213735 0.213063448106043 -0.128306213205833
v 0.269781559561923 0.231107380607019 -0.132640584796424
v 0.25761744174199 0.267770506635886 -0.136360059780341
v 0.249699993766868 0.263752369732816 -0.132649249491053
v 0.265021180104638 0.291633985011074 -0.156267432530754
v 0.093963853369897 0.312911656303269 -0.00187705545580838
v 0.29817138304963 0.240659581702226 -0.170318083816239
v 0.0953042420981395 0.308556466518179 -0.0128352832573658
v 0.284752762137377 0.222310291374882 -0.169151389091211
v 0.292512278353631 0.238548021444458 -0.159269939872332
v 0.277930344196112 0.238421716161094 -0.211596977836568
v 0.269147674051657 0.312195679529186 -0.216712253696482
v 0.28162102651293 0.293575674379719 -0.233983115548063
v 0.275663056624604 0.299616437343787 -0.22993677299934
v 0.000334045562804788 -0.221133474303724 0.0576316299378949
v -0.00388944019450387 0.0365431352824127 0.0530311322227999
v 0.287279208420755 0.314769934352827 -0.225108398713436
v 0.282239786255159 0.281832181782379 -0.233938249588695
v 0.286043504697401 0.304107790473745 -0.23222971830966
v 0.0908830039224332 -0.316993508037185 0.00395878183704975
v 0.0887695045867543 -0.307604589146751 0.00694413483206231
v 0.0833696318330075 -0.317317196855701 0.0123079258163451
v 0.0924032716357946 -0.335909186821886 0.00135491886755432
v 0.0942236268479847 -0.323655076110538 -0.00297431274930904
v 0.0478768928152327 -0.379270129968596 -0.06303195331436
v 0.0419942520306527 -0.369561990252132 -0.0689463237924724
v 0.0891140981400841 0.281467367617606 0.00601299138745115
v 0.0519524519270573 -0.389282437347476 -0.0591343952254832
v 0.0396931891253911 -0.399154070086448 -0.0714193670074089
v 0.0642283130360179 -0.381649432881474 -0.0468840479411034
v -0.0070301792180601 0.362120681824394 0.0512497224659093
v 0.0322552055858185 0.0939351627770467 -0.0801703665945665
v 0.195065309520461 0.185306583425301 -0.148186388976869
v 0.012107777580594 -0.506340490409273 -0.0906337458941504
v 0.0172843899392253 -0.495541269433372 -0.0903706977704506
v 0.0356981184750216 -0.473431186734071 -0.0755541303745565
v 0.03151299232688 -0.462888221086326 -0.0797537788317831
v 0.0552996627289535 -0.369733538789708 0.040025961768928
v 0.0505034248324868 -0.379722387797347 0.0445367198821018
v 0.0164694212870397 -0.432799838762175 0.0679043992509317
v 0.0111020987466411 -0.421196665477328 0.0666310319659144
v 0.00560903952365518 -0.431297939486245 0.0633396929482537
v -0.318848794000774 0.156143264724547 0.257283343226791
v -0.313267394379477 0.161869788672872 0.263401074542826
v -0.0380676386795714 -0.524016263533814 0.0200084278544902
v -0.0145325110513297 -0.523471614593555 0.0432716126161227
v -0.0254306788333666 -0.528847265078679 0.0324660720494875
v -0.00780772410026196 -0.516925910348537 0.0501597775918408
v -0.0315935307516641 -0.49801275506307 0.0266055551201458
v 0.219967046252386 0.153092721736148 -0.123523976851641
v -0.356313254166142 0.183763951681038 0.257765842201435
v -0.339827440269865 0.168055216518778 0.259329653320398
v -0.367353223227279 0.199700207730755 0.248037822924052
v 0.165450775270609 0.163216515637673 -0.043354738647817
v 0.194569503267659 0.170041317227529 -0.0610279572772947
v -0.383049335675419 0.252364734017632 0.276469811462576
v 0.00525562087460522 0.0849332819032586 -0.0926195918331233
v -0.366101531147982 0.260681226548285 0.264117105303685
v -0.374064577410638 0.25880597356879 0.273087596546029
v 0.025665138597065 0.0521104259554706 -0.085119264053617
v -0.0332577580983849 -0.567981018412821 -0.00176597926741178
v -0.0375627393367035 -0.565352563222153 -0.0102807142694179
v -0.0277114160776376 -0.567827527221572 0.015375594842062
v -0.0362083856879824 -0.563730666700368 0.00846690559577129
v -0.0242761948377125 -0.558679765239598 -0.0566959173302975
v -0.0144811846479796 -0.563845094532117 -0.0572600584736268
v -0.0244646697878542 -0.550104972068831 -0.0623627579882913
v 0.288847018068011 0.24723307891336 -0.152502823184035
v -0.0529861733742551 0.187156471321085 -0.0384330346204985
v 0.277380633658332 0.294028567994619 -0.158797744639522
v 0.268447836687606 0.298734443828873 -0.162681412723332
v 0.19046994768612 0.157983963768544 -0.0556527338768777
v 0.0385720850518531 0.396322237788844 -0.0632231446768598
v 0.317515839885837 0.279084900272368 -0.202550095169777
v -0.0630770157256267 -0.351345054276272 -0.0263475386847207
v 0.286632072570956 0.324383101978939 -0.19578331587652
v 0.281805908778311 0.323575355293673 -0.207079319112305
v 0.278945473478934 0.318730989601758 -0.21755049753567
v -0.0360975584220329 -0.3595914601452 -0.0555891924276979
v 0.28030981006409 0.320785891251195 -0.187689251238746
v -0.296409120850326 0.131483286038053 0.170655606539825
v -0.232035570156387 0.150077621636053 0.185474525424045
v 0.0932545344075441 -0.357534534888194 -0.000926952565672477
v 0.089524662256055 -0.347455788586058 0.00548227493864415
v 0.0859659404501736 -0.359204650646075 0.00933282422187386
v 0.0939564929498742 -0.381739831866353 -0.00423959493710117
v 0.094433966059924 -0.36836391201986 -0.00848947348810405
v 0.0488519725563603 -0.419815307764074 -0.0624141963306637
v -0.050025383149075 -0.4746193288274 0.00840990199973362
v -0.261357977858312 0.103257267118454 0.133403236532048
v 0.056352149078588 -0.436649439551253 -0.0550609463797073
v 0.041462671251159 -0.441968178977607 -0.0698034072059875
v 0.0681782416463723 -0.419044908191747 -0.0431508069191995
v 0.0670122596010635 -0.438533577454364 -0.0443118205021534
v 0.0584283317342214 -0.417902694227955 -0.0529312192413147
v -0.240726923527438 0.0638906291954244 0.126771709002204
v 0.0774778708708129 -0.419284188242301 -0.0337583284294302
v 0.0709984241325264 -0.409200497174733 -0.0402539575027213
v 0.023058852836273 -0.526901532934726 -0.084398551421981
v 0.0185774251131972 -0.516985767114218 -0.0881476303569204
v 0.0783030749719781 -0.10768593610588 0.0203214569472711
v -0.0629735650863757 0.151303225849998 -0.0226236683113457
v 0.0529651025899375 -0.410690849033665 0.0416983670010656
v 0.0491606563352285 -0.421251397614555 0.0452161900801421
v -0.344516348199247 0.174401511423173 0.269130683542821
v -0.340314393193302 0.183659224777352 0.284875483751378
v -0.0474568331033301 0.176672300029557 -0.0440376176591541
v 0.0255317357355717 0.437824081483037 -0.00402432826637524
v -0.0313745485490411 -0.536888450519784 0.0269040156900239
v -0.37500376070295 0.239599504696865 0.305437464656692
v -0.371547652537369 0.248433545191523 0.301209640553538
v -0.379498248905231 0.247345522702769 0.296342174293296
v -0.366833035684778 0.195766490312049 0.281643996717372
v -0.377594616733743 0.245986169841035 0.255090320894787
v 0.310671967956933 0.277482929416591 -0.173925711798198
v 0.307251932193567 0.267983558805026 -0.171169798389046
v 0.311761409248043 0.312960135720864 -0.202015523831875
v -0.055680974234703 0.374038115637846 -0.00398892143973779
v 0.313632091903827 0.285594367633039 -0.210926586009628
v 0.313603620648159 0.304851848960411 -0.209104005124343
v 0.317217335141326 0.303344931696532 -0.201128290754151
v 0.0939699635010436 -0.403496602653586 -0.00436340089304188
v 0.0918172457841425 -0.392682396174679 0.00111263215876356
v 0.0870084541020473 -0.402936176613899 0.00752630021222858
v 0.085849375155249 -0.415225720174854 -0.0254188388396715
v 0.0922040906298003 -0.425157100487042 0.000131795731124381
v 0.0945403602011687 -0.431209972324202 -0.00906902128744796
v 0.0944620195840692 -0.417238043770391 -0.00817061865061197
v 0.0487166419191034 -0.46447321940366 -0.0625919791841624
v -0.0521376227814165 0.136368692291456 0.00390460395617493
v 0.0401723064055155 -0.483474578306009 -0.0711171281169303
v -0.337998987564866 0.181000350831373 0.211839360530406
v 0.0350911873951999 -0.492949458705075 -0.0761011681861023
v 0.0657637991054857 -0.470367340812378 -0.0455493181910276
v -0.00193751361472783 0.4329223926119 -0.00384320174617639
v 0.0573265538807481 -0.466141214013904 -0.0540243972064314
v -0.200706884684942 0.111464027821611 0.160475389061265
v 0.020282337077563 -0.555385379018537 -0.0722004458771826
v 0.0284770815028687 -0.548219748042984 -0.0747378380890874
v 0.0555242468627802 -0.452900585625121 0.0384348924084762
v 0.0524298907096716 -0.464177597648807 0.0412099444398308
v 0.0188247125222556 -0.531509574394105 0.0604110634322239
v 0.0147692040454681 -0.520580309406346 0.063036128127205
v 0.00675303968389531 -0.530858210578268 0.0587530232672412
v -0.370233175102476 0.202045436964828 0.292235411696725
v 0.0455923313769362 0.320480802749532 0.0488311418306891
v 0.0667171025189259 0.078693729938688 -0.0491827538165939
v -0.0536599233485085 -0.278380255334379 0.0037162828386326
v 0.00576970054595149 -0.55814777491535 0.0437346552444882
v -0.000529955271059755 -0.563998282461755 0.0367536176982314
v -0.382733045372615 0.223982392480011 0.296318514466702
v -0.199477813353738 0.114895935584733 0.149698751464946
v -0.386569638261085 0.242967843095395 0.289788188284671
v -0.388900126620156 0.232528849242479 0.287648507005656
v -0.368170584440755 0.233297732384626 0.311947369069486
v -0.377216156438815 0.228976837427623 0.305695475379623
v 0.0259206948702314 0.411324951403415 0.0343565985235783
v 0.0927998099754789 -0.444399844744625 -0.00086513905862765
v 0.0900497066050343 -0.435407338478028 0.00373806876940655
v 0.0856204656315693 -0.446753900977517 0.00845504210389206
v 0.0938012837227348 -0.467366671675799 -0.00358709046951779
v 0.094583424952342 -0.455536073510605 -0.0071923429000224
v 0.0462194237631918 -0.5033324419118 -0.064976736029749
v 0.0550731395101223 -0.51673409760485 -0.0558815298940834
v 0.0693224842559441 -0.508090906285314 -0.0414184838080912
v -6.36462143208491e-05 -0.262535529687103 0.0574146947733873
v 0.0606864524118378 -0.506654932619958 -0.0502523166749085
v -0.00910541302332772 -0.261575275901926 0.0484103033444207
v 0.0779665569588453 -0.503704912115701 -0.0329372337040412
v 0.0714003533433132 -0.496327579649385 -0.0395923500641638
v 0.00350666932241046 0.074326856166357 0.0598464551473663
v 0.0197269703563401 0.371640487353528 0.0621059559429891
v 0.055211685267683 -0.529426587458663 0.03623556367515
v 0.0554620973427117 -0.518119981691889 0.0364456238978834
v 0.0470054011976679 -0.522042057957596 0.0446378635959818
v 0.0579398012314873 -0.49518868231187 0.0350046458414535
v 0.0564443694198822 -0.506520652341527 0.036030990821653
v 0.0291889154109531 -0.532703159646581 0.0568362267705846
v 0.0205852164204198 -0.543477165189608 0.0551116946524233
v 0.0934752608538778 -0.48668400535015 -0.00339332218223562
v 0.0915392486034376 -0.476868931963338 0.000757699804045296
v 0.0867742384670691 -0.486111038935075 0.00622991599452779
v 0.0872734644520696 -0.497110932076346 -0.023557983837653
v 0.0895309136026967 -0.509362511669827 0.00156659716696413
v 0.0925253615465822 -0.510864392872253 -0.00712272805887132
v 0.093545065317259 -0.498633230909926 -0.00545612252620664
v 0.0499459640677774 -0.535363837185507 -0.0610475767610326
v 0.0715854790062333 -0.546718642536522 -0.0380343838612325
v 0.0566682123409082 -0.527150871053113 -0.0541670845696112
v 0.0655448614604366 -0.542184003648053 -0.0453199091289975
v 0.0846360674138199 -0.534891003930958 -0.0216563598244004
v 0.0353574195573749 -0.200170030052165 -0.0740021494270044
v 0.0429429189152029 -0.557844089595984 0.0405053324210976
v 0.0258156042271354 -0.553178532955932 0.0481193250544523
v 0.0229115800236089 -0.559515147453067 0.0430452696066616
v 0.0370726770163142 -0.55141657086049 0.0460872053762642
v 0.0377697040364661 -0.526241385214986 0.0526572331799882
v 0.0386953054987275 -0.538437963586598 0.049534672184501
v 0.054242531418576 -0.540175013599354 0.0368957733069749
v 0.0810577937238078 -0.495511951783921 0.0114932372188811
v 0.0763270579261011 -0.503848968601914 0.0158221761749953
v 0.0832826504002072 -0.506470748207214 0.00884367196707917
v 0.0628624590389849 -0.513658347350978 0.0291282325236872
v 0.0693336974374586 -0.520045636881866 0.0220560203456786
v 0.0697754267069248 -0.508401266097883 0.0222579072634893
v 0.07249865119018 -0.559555675536873 -0.0277626525803169
v 0.0260567907582896 -0.240539247186418 -0.0834254801642975
v 0.0808929942737855 -0.552195374046745 -0.0106716472824824
v 0.0821660153635935 -0.545746981522059 -0.0200320535595916
v 0.0680836114000885 0.310994151865126 -0.04580740894001
v 0.0762801794922432 -0.546742237534502 0.0101416123569501
v 0.0829762514203121 -0.539633270654359 0.00266153674706012
v 0.048752180857794 -0.562763292468962 0.0335736860693693
v -0.0108520769602872 0.112703388721601 0.0453331390820123
v 0.0693892422923317 -0.531064486548505 0.0214743776552
v 0.0702717195431153 -0.5419973529077 0.0195862090874403
v -0.0044033095904985 -0.583812767343209 -0.00609890108999616
v 0.0925442813003063 0.272159141842888 0.00145895963867805
v -0.0175886230064207 -0.575179587434621 0.00934737978674825
v -0.0393881120641089 0.0669571153818772 0.0163536691335618
v -0.0446508932605911 0.0953416262990192 0.0111676577056543
v -0.000937647082659261 0.0742398698800128 -0.0899925533638646
v -0.041306677516952 0.0258233869771555 0.0144704513243171
v 0.00249103364248533 0.0317474942439748 -0.0913367674887507
v 0.000586352588399941 0.118493440016516 -0.0909098761356923
v 0.0911301384460845 0.23830102173456 0.00362850442779335
v -0.0439123375285994 -0.057190616432416 -0.053348112770217
v -0.058103858447748 -0.0351035465075791 -0.0407823825438298
v 0.00265886361122537 -0.0100193905445735 -0.0915823817946026
v 0.00275802089808803 0.162411815077645 -0.0914912445937591
v -0.0468776222024727 0.183494587781453 0.00959936012675206
v -0.0497198234177625 0.223095863579131 0.00719107258582971
v -0.302631371278672 0.128847941610887 0.217107202250614
v -0.123779467038696 0.00101900954604558 0.00663463393911174
v 0.0621205661984302 0.0504102677266803 -0.0483135794069424
v 0.00135184604382277 -0.051725914512503 -0.0916087329471695
v 0.00165313581341204 0.206001687950685 -0.0908203042923474
v 0.0236377552437644 0.116576118544523 0.0689434217778782
v 0.00507387981707294 -0.0931529623838391 -0.0922656177329867
v 0.00133805669794903 0.2488580535175 -0.0902160200996814
v 0.0533173140152007 0.159371164174321 0.0455388135823852
v 0.0219366240262078 0.158368652658578 0.0682387576133193
v -0.0475160590364475 0.270233697863576 0.0100492325361856
v -0.0485651042400346 0.306591828748366 0.00956204553211939
v -0.158736736709514 0.0597460229037767 0.0600398470168227
v -0.14142286329226 0.0302750814576019 0.0305079538441007
v -0.0958540117898721 -0.0506640147439672 0.0472583147249172
v -0.12028310724482 -0.0419787860012823 0.0549239312402353
v 0.121733805291702 0.124112020924055 -0.0786733605500302
v 0.104747321717752 0.098502373447245 -0.0689459496548791
v 0.00306001479786819 -0.133821990415767 -0.0918617585100207
v 0.00160448615922314 0.292755794429858 -0.0899742599440291
v 0.105476955434195 0.0728173485181941 -0.00181907900708531
v 0.0664928856776541 0.064489568654548 0.0356221482108176
v 0.0528443120268372 0.0321263271987514 0.0486277344114478
v 0.0478813451796252 0.199672594502028 0.0493541188183073
v 0.0195002108286512 0.200136221015598 0.068049215636743
v 0.0947869851968748 -0.104319259927497 -0.00785069133243453
v -0.0087277086275938 0.428544684633658 -0.010618573068279
v -0.0387949479876666 0.385247536859428 -0.0482345599707749
v 0.0837911633912586 0.0132829153694235 0.0169403056496497
v 0.0940957838050899 -0.0195793132749478 -0.0120158727691558
v 0.0748593538606151 0.11330533726224 0.0265778103842203
v 0.0957646364227423 0.121693832289384 0.00847811252958993
v 0.00193783841007442 -0.175391449866037 -0.0911749216758473
v 0.00649476796300322 0.337055050162359 -0.0913440488451492
v 0.0521191768342177 -0.0111984915493193 0.0487694259280211
v 0.0480828898435677 0.239459360372975 0.0481250526558444
v 0.0193298088008521 0.241573443563561 0.0677849601856649
v -0.0497876493870976 -0.234874093849049 0.00751794828319195
v -0.052140916271824 -0.199157436609518 0.00495395068249968
v -0.277294007812644 0.19561272388427 0.236730670899292
v -0.00512101836268301 0.0721749112106268 0.0512379733168818
v 0.0810877857978969 -0.023803141077039 0.0189752181898777
v 0.087956756566278 -0.0638528003791945 -0.0206691224144866
v 0.00231464496252098 -0.217803472153355 -0.09098479893828
v 0.0510616247858304 -0.0544594702270732 0.0490148317152242
v 0.0477419450840853 0.282499285635249 0.0474620726963424
v 0.0195440035491639 0.282619565793938 0.0677878830557071
v -0.254594781737072 0.142948133118696 0.21795360094299
v -0.181243412461344 0.0965046992690838 0.115410388163872
v -0.209838200040479 0.0326876015347638 0.107481047767856
v -0.202941054478145 0.0874274447146134 0.086628560765907
v 0.092981033572413 -0.0712825784386169 -0.01383516966702
v -0.237152791659432 0.0818183948078558 0.108650998470219
v 0.0804599753198188 -0.0655208767648795 0.0188531532050102
v 0.0869063826159878 0.230433772514253 -0.0257668025529241
v 0.0862551569309739 0.272674811204988 -0.0271453279254671
v 0.00289751967124348 -0.260055657091965 -0.0910230588821036
f 1859 1858 621
f 1861 622 1862
f 1865 1864 623
f 1868 1867 624
f 1871 1870 625
f 2206 3129 2831
f 627 1876 1875
f 1878 628 1879
f 629 1882 1881
f 630 1885 1884
f 1887 631 1888
f 1889 5119 888
f 1891 634 1892
f 635 1895 1894
f 2206 3438 2849
f 1899 38 3211
f 1901 638 1902
f 639 1905 1904
f 640 1908 1907
f 1910 641 1911
f 48 642 1950
f 1912 51 3238
f 206 973 1913
f 645 1916 1915
f 1608 70 4914
f 647 1919 1920
f 1923 3261 1924
f 1926 3267 1927
f 1928 650 1930
f 651 1933 1932
f 652 1936 1935
f 653 1939 1938
f 1942 1941 654
f 1945 1944 655
f 656 1948 1947
f 1950 657 1949
f 1953 658 1954
f 1955 2570 659
f 3327 1957 87
f 661 1961 1960
f 1963 662 1964
f 1967 3339 3341
f 665 1970 1969
f 1972 666 1973
f 667 1976 1975
f 1979 1978 668
f 1980 102 3371
f 1983 670 1984
f 671 1159 93
f 681 70 3719
f 1987 673 1986
f 674 1990 1989
f 1992 675 1993
f 1995 3395 1994
f 677 1999 1998
f 678 2002 2001
f 2004 679 2005
f 1233 84 1061
f 1047 404 4229
f 682 2008 2009
f 129 683 1217
f 2012 684 2011
f 2015 685 2016
f 2017 135 2623
f 2019 687 2020
f 2021 938 688
f 3443 1242 689
f 690 2026 2025
f 2029 2028 691
f 2032 2031 692
f 2034 693 2035
f 2037 694 2038
f 2040 695 2041
f 153 3477 2042
f 2044 2045 697
f 2046 2047 698
f 2050 699 2051
f 2853 3438 3125
f 701 2054 2055
f 2057 702 2058
f 2060 703 2061
f 2062 100 704
f 705 2067 2066
f 2069 706 2070
f 2861 3481 3482
f 708 2076 2075
f 2077 2078 709
f 163 913 1399
f 2081 711 2082
f 2084 712 2085
f 2088 2087 713
f 2090 714 2091
f 2094 2093 715
f 2097 2096 716
f 2099 717 2100
f 2102 718 2103
f 2105 719 2106
f 720 2107 2108
f 3592 2109 1517
f 3119 2886 3482
f 2112 210 3598
f 3600 2113 213
f 2116 2115 3603
f 2118 726 2119
f 681 3719 3718
f 2124 728 2125
f 2128 2127 729
f 2129 2111 4741
f 2131 731 2132
f 1519 2133 732
f 2134 733 1520
f 3600 2135 724
f 3637 735 229
f 2137 230 3638
f 737 1526 233
f 2139 738 2140
f 739 2141 2142
f 2145 740 2146
f 2148 741 2149
f 2151 742 2152
f 2155 2154 743
f 2158 2157 744
f 2161 2160 745
f 746 2162 2899
f 2164 747 2165
f 2167 748 2168
f 749 2169 2170
f 737 750 234
f 3699 2172 262
f 752 1581 265
f 2175 2174 753
f 2176 2177 754
f 3713 270 1538
f 2179 3715 2178
f 3717 2182 2181
f 2184 758 2185
f 2188 2187 759
f 760 2191 2190
f 2192 2193 761
f 2196 2195 762
f 2198 763 2199
f 752 764 266
f 3752 2201 1641
f 1644 287 766
f 2204 2203 767
f 1061 84 2687
f 769 2989 4983
f 2209 770 2210
f 2212 771 2213
f 772 2216 2215
f 2219 2218 773
f 2222 2221 774
f 2224 775 2223
f 3797 2225 305
f 766 777 288
f 310 3800 2227
f 2229 779 2230
f 315 1708 1707
f 2231 292 781
f 2232 782 1714
f 5040 320 783
f 3536 2904 3490
f 2235 2236 785
f 2237 323 786
f 2241 2240 787
f 788 2244 2243
f 3036 599 5077
f 2248 790 2249
f 791 2252 2251
f 1759 2254 5023
f 4152 2 3384
f 2256 2257 794
f 2258 343 1768
f 796 2261 2260
f 2263 797 2264
f 2267 2266 798
f 2270 2269 799
f 800 2273 2272
f 801 2276 2275
f 2278 802 2279
f 2280 2281 803
f 111 4245 3249
f 805 2287 2286
f 2289 806 2290
f 808 2293 2292
f 2296 2295 810
f 2299 2298 811
f 816 3902 2300
f 3537 3539 2911
f 4254 2 3375
f 817 3904 364
f 360 2294 2306
f 821 2310 2309
f 2311 822 2313
f 2315 824 2316
f 2319 2318 825
f 2322 2321 826
f 2324 827 2325
f 830 2328 2327
f 2917 3539 3110
f 3922 2331 2332
f 2308 2333 366
f 2925 3541 3589
f 840 3932 374
f 2337 367 2314
f 2340 843 2341
f 631 877 26
f 2343 847 2342
f 2347 2346 848
f 849 2350 2349
f 2353 2352 850
f 2354 369 2323
f 2357 853 2358
f 2360 856 2361
f 2364 2363 858
f 2365 2366 3962
f 2367 22 2340
f 3105 2936 3589
f 868 3972 384
f 2373 2372 870
f 2376 2375 871
f 3889 308 23
f 2380 2379 875
f 2382 876 2383
f 878 879 2384
f 2386 881 2387
f 3990 2388 390
f 884 2392 2391
f 2395 2394 885
f 889 890 888
f 4275 29 890
f 891 2398 2397
f 378 2356 2399
f 2402 894 2403
f 2406 2405 898
f 2409 2408 900
f 396 902 969
f 2410 2411 904
f 2413 4028 2412
f 23 3840 2450
f 2416 4034 4035
f 3594 3595 2940
f 4037 400 914
f 3440 648 2652
f 917 2476 968
f 391 2390 2424
f 2427 920 2428
f 2431 2430 921
f 2434 2433 922
f 404 114 1044
f 926 4141 387
f 3537 3898 1966
f 2438 933 67
f 933 2441 67
f 2443 934 2444
f 936 2447 2446
f 2449 4074 241
f 2452 5119 2451
f 2452 2453 30
f 2456 942 2455
f 1012 411 4082
f 4080 947 2457
f 2460 950 2461
f 953 2464 2463
f 2401 2465 395
f 956 2469 2468
f 2472 2471 961
f 963 2475 2474
f 965 2476 2477
f 2479 396 967
f 2483 2482 970
f 4047 31 2517
f 2427 2486 56
f 1849 3537 1966
f 981 4131 420
f 4022 984 2423
f 2492 2491 986
f 2494 990 2495
f 2498 2497 995
f 2500 996 2501
f 998 2504 2503
f 2506 999 2507
f 2509 1001 2510
f 1077 2511 3107
f 1096 431 4184
f 2514 430 4181
f 4194 2516 433
f 2519 1021 2520
f 416 2467 2521
f 2524 1024 2525
f 2528 2527 1030
f 2530 1032 2531
f 194 648 31
f 4244 4245 111
f 48 1037 1038
f 2537 407 2497
f 3795 2546 2313
f 2541 2542 4229
f 4237 2543 1051
f 3729 2053 3796
f 4239 444 1052
f 1054 2549 874
f 2552 4133 1055
f 2502 2283 424
f 2557 2556 111
f 5259 54 4033
f 440 114 404
f 2563 2562 1146
f 2565 1067 2566
f 2568 1068 2569
f 3796 2053 1855
f 4375 1073 2572
f 2849 3129 2206
f 3288 3106 2576
f 2512 141 3107
f 3802 3129 2849
f 2849 2234 3802
f 1087 2584 2583
f 456 4292 1180
f 455 4289 2585
f 2303 2234 2861
f 4307 2589 458
f 1108 2593 2592
f 2523 2594 437
f 2597 1111 2598
f 1116 2601 2600
f 1118 2604 2603
f 2303 2904 2330
f 1121 2607 1208
f 2564 2608 423
f 2336 2330 2911
f 2612 2613 4343
f 2556 2614 4351
f 2336 2925 2370
f 3425 1135 1218
f 3321 2618 1141
f 2370 2940 2420
f 4228 440 404
f 2621 2622 1142
f 136 2624 1144
f 136 1144 1146
f 3431 136 2418
f 2626 1231 158
f 2628 1150 2629
f 1152 2632 2631
f 2634 1153 2633
f 2637 1154 2638
f 2639 1157 4376
f 2641 2640 1163
f 2641 1240 4479
f 2642 1164 1165
f 109 1167 2643
f 2646 1170 2647
f 1172 2650 2649
f 4400 1262 478
f 4404 4397 2651
f 3395 1182 2654
f 2653 2656 115
f 479 4412 2658
f 2661 1193 2662
f 461 2596 2663
f 1196 2667 2666
f 1202 2670 2669
f 2673 2672 1204
f 1214 2674 2675
f 2849 3438 2853
f 4448 2678 2679
f 156 1220 2680
f 2684 2683 1224
f 486 2682 4552
f 2687 84 2688
f 2691 2690 1234
f 470 2634 3804
f 2695 1237 2696
f 4914 70 681
f 4481 1241 2700
f 490 1244 1318
f 2703 1248 2702
f 2705 1251 2706
f 2704 2707 493
f 1253 2711 2710
f 2714 2713 1257
f 4503 1335 496
f 4500 1261 495
f 1264 2719 2718
f 2717 2720 143
f 498 4514 2722
f 2725 1274 2726
f 2665 2727 2779
f 1280 2731 2730
f 2734 2733 1282
f 2687 2735 104
f 2853 2234 2849
f 2739 2740 4541
f 504 1294 468
f 1295 3479 504
f 2741 138 2022
f 2742 138 2741
f 2746 2745 1302
f 1303 2749 2748
f 4570 2750 2751
f 1307 2754 2753
f 2756 1309 2757
f 1312 2758 2759
f 2761 165 107
f 1321 168 4487
f 2822 1324 4336
f 513 2762 1326
f 2765 2764 1327
f 4610 1422 516
f 4607 2766 515
f 1337 2770 2769
f 173 2768 2771
f 2773 4623 1345
f 2778 2777 1348
f 2779 482 2665
f 2782 1354 2783
f 1359 506 2784
f 2785 506 1359
f 4642 1364 520
f 4646 2787 521
f 1362 2787 2789
f 1364 127 1363
f 2790 1366 1443
f 1370 2791 2792
f 2853 3481 2861
f 2796 4653 2795
f 4411 54 4043
f 4665 2798 527
f 2800 1381 2799
f 1440 730 2800
f 723 2803 212
f 1384 2805 2806
f 1387 210 1386
f 1304 2808 1388
f 159 2750 2809
f 2812 1389 2813
f 1391 2816 2815
f 1392 2819 2818
f 4742 2346 55
f 4690 163 1400
f 2822 1410 513
f 1408 3013 2823
f 1479 1409 4688
f 2825 1411 2824
f 2828 1414 2829
f 4713 1494 536
f 4710 2830 4717
f 1424 2834 2833
f 2832 2835 192
f 2837 1431 4728
f 2839 1433 2840
f 2842 1438 2843
f 1441 2846 2845
f 2847 2848 1442
f 2815 2850 160
f 2861 2234 2853
f 2854 2855 4748
f 1451 2856 2857
f 4742 55 4692
f 544 1455 543
f 4681 544 1456
f 1465 229 1464
f 1466 215 3637
f 2859 181 2811
f 3482 2886 2861
f 2865 2864 1472
f 2867 1473 2868
f 2869 2870 1477
f 534 2872 1480
f 1481 2875 2873
f 2878 2877 1483
f 2881 2880 1485
f 2884 2883 1489
f 549 4797 1554
f 548 4794 1493
f 2889 2888 1496
f 178 2887 2890
f 2894 2893 1501
f 2897 2896 1505
f 2899 1508 2898
f 529 2863 2901
f 2861 2886 2303
f 4822 2905 2906
f 2286 57 646
f 646 57 3101
f 234 1525 1526
f 2910 203 2862
f 3490 2904 2886
f 1532 2915 2914
f 1538 1539 2916
f 3603 1541 2918
f 2920 1603 2947
f 2923 2922 1546
f 4868 1618 559
f 558 4865 2924
f 2927 1558 2928
f 1562 2931 2930
f 228 733 1565
f 2932 1628 254
f 1572 236 2934
f 2886 2904 2303
f 4389 105 59
f 266 1580 1581
f 2939 226 2912
f 1966 3898 3536
f 1587 2944 2943
f 1594 2945 1593
f 1595 565 2945
f 1595 555 565
f 1597 1598 270
f 4911 566 1599
f 2986 2946 1664
f 1604 3086 2947
f 2949 1606 2950
f 296 2949 2951
f 2955 2954 1609
f 2958 2957 1613
f 1681 571 4929
f 2959 570 4926
f 1620 2963 2962
f 1624 2966 2965
f 2968 749 2170
f 2970 1630 2971
f 2911 3898 3537
f 4900 4955 262
f 2974 1638 2976
f 575 4956 2977
f 1644 288 1643
f 2978 259 2941
f 2979 1705 5030
f 2980 2981 1650
f 1652 4973 1654
f 2330 3898 2911
f 580 2985 1661
f 1661 322 1660
f 1662 322 1661
f 1662 1714 322
f 2986 4981 2946
f 3809 2988 1724
f 2951 2989 296
f 2991 1673 2992
f 1739 583 5000
f 2993 582 4997
f 2997 2996 1683
f 3000 2999 1687
f 575 3001 1690
f 3002 3755 3004
f 3006 1697 3007
f 1702 3752 4960
f 3010 3009 1699
f 586 5024 3011
f 4429 4389 59
f 588 1708 1709
f 588 1709 1751
f 333 1712 2245
f 1972 105 5238
f 2330 2904 3898
f 3018 1721 343
f 1720 1721 342
f 1721 1722 342
f 342 1722 1765
f 4452 438 449
f 1731 3024 3023
f 1781 594 5063
f 5060 3025 5067
f 3028 1741 3029
f 1742 3032 3031
f 3035 3034 1746
f 5238 105 4389
f 1753 588 1751
f 3039 1752 3040
f 3042 5019 1755
f 585 3041 3043
f 3047 3046 1757
f 3048 336 3005
f 5077 599 1761
f 3050 3051 5085
f 600 1763 311
f 1772 3054 3053
f 3057 3056 1776
f 603 602 1809
f 3058 5108 5101
f 604 3121 5110
f 1786 3063 3062
f 3051 3064 5117
f 3066 585 3043
f 600 1792 1796
f 3979 606 1793
f 5117 1794 1795
f 1794 1815 607
f 2911 3539 2917
f 1801 3072 3071
f 3031 3073 595
f 595 3073 3074
f 1826 5161 1807
f 608 5135 3075
f 1812 3077 3078
f 4474 133 2801
f 1817 3082 3081
f 3085 3084 1821
f 133 3533 2801
f 3078 3077 3088
f 615 1824 751
f 2445 1916 1060
f 3094 3093 1831
f 619 1835 1836
f 1836 3096 619
f 5171 3097 1840
f 3098 3099 1840
f 185 58 23
f 1845 3105 3104
f 4845 2819 145
f 1847 3541 3109
f 3113 3112 1848
f 619 3095 3114
f 3117 3116 1850
f 3118 3078 3088
f 3121 1852 3120
f 3821 1853 3123
f 3127 1854 3128
f 2911 2917 2336
f 813 2300 3133
f 621 3136 3135
f 3139 3138 622
f 3141 622 3142
f 830 2327 3144
f 3146 623 3147
f 624 3150 3149
f 2917 3541 2925
f 3155 625 3156
f 3158 625 3159
f 3160 822 3909
f 2917 2925 2336
f 3165 3164 627
f 3168 1876 627
f 628 3171 3170
f 3589 2936 2925
f 3176 629 3177
f 3179 629 3180
f 3182 910 2415
f 3185 3184 630
f 844 877 631
f 1888 3188 3187
f 3189 632 2540
f 918 3422 916
f 633 5119 2452
f 633 3192 2458
f 634 3195 3194
f 3197 634 3198
f 3200 635 3201
f 3204 3203 635
f 636 3207 3206
f 636 3210 3209
f 3211 941 4078
f 637 939 1889
f 638 3215 3214
f 2925 2936 2370
f 3220 639 3221
f 639 3224 3223
f 640 3227 3226
f 3230 3229 640
f 3233 3232 641
f 3236 3235 641
f 1038 49 642
f 1950 642 657
f 974 4121 3238
f 3240 643 3239
f 3242 644 206
f 3239 644 3244
f 1048 2543 3248
f 3251 3250 645
f 145 237 4845
f 3672 2186 191
f 929 63 5218
f 924 3258 647
f 4703 1482 161
f 3605 217 161
f 3266 649 3265
f 3269 649 3270
f 650 3273 3272
f 3594 2940 2936
f 3278 3277 651
f 651 3281 3280
f 3283 652 3284
f 652 3287 3286
f 3290 3289 653
f 653 3293 3292
f 654 3296 3295
f 3299 3298 654
f 655 3302 3301
f 3305 3304 655
f 3307 656 3308
f 3311 3310 656
f 657 3314 3313
f 3316 658 3317
f 658 2659 3319
f 185 1060 3250
f 659 3325 3324
f 3291 3326 2644
f 2936 2940 2370
f 3331 1087 2583
f 3333 662 3334
f 3336 662 3337
f 3339 92 1995
f 744 3673 191
f 4057 1739 1679
f 1554 1492 4446
f 3348 3347 665
f 665 3351 3350
f 3353 666 3354
f 1333 4802 1422
f 3360 3359 667
f 3363 3362 667
f 668 3366 3365
f 3369 3368 668
f 3371 60 669
f 1063 3372 669
f 2674 3374 1211
f 670 3377 3376
f 1098 77 2644
f 1167 3379 108
f 672 1167 109
f 673 3380 69
f 3382 3383 1086
f 2702 1246 3763
f 3387 1172 2649
f 3389 675 3390
f 3392 675 3393
f 1182 2655 2654
f 3398 3397 677
f 3401 3400 677
f 3404 3403 678
f 3407 3406 678
f 679 3410 3409
f 3413 3412 679
f 680 685 2015
f 2450 998 241
f 3419 124 3416
f 4452 1220 183
f 2009 1364 128
f 4452 183 569
f 3425 1218 130
f 683 130 131
f 2450 241 937
f 1222 3428 3429
f 1229 5254 3430
f 686 2623 136
f 194 31 2430
f 687 3434 3433
f 2624 3436 1144
f 2022 1300 4460
f 3984 1180 1094
f 689 3442 4277
f 689 1166 3443
f 1123 3068 2485
f 3447 1253 2710
f 3450 3449 691
f 1264 2718 3452
f 3454 692 3455
f 3457 692 3458
f 3460 693 3461
f 3464 3463 693
f 694 3467 3466
f 694 3470 3469
f 3472 695 3473
f 3475 695 3476
f 4555 154 3477
f 2789 696 1362
f 3480 1713 156
f 3124 3068 2533
f 2652 648 3318
f 698 3483 3484
f 2791 3486 1367
f 699 3489 3487
f 512 700 1319
f 1318 2761 700
f 1322 167 3491
f 3491 1249 168
f 2677 2515 1059
f 2764 3495 1327
f 3497 703 3498
f 3500 703 3501
f 3504 3503 704
f 1337 2769 3506
f 705 3509 3508
f 3512 3511 705
f 3514 706 3515
f 3517 706 3518
f 3520 707 3521
f 3523 707 3524
f 3527 3526 708
f 3529 1389 2812
f 3532 3531 709
f 3535 3534 2079
f 248 2512 1081
f 2055 166 913
f 1481 2874 2081
f 3595 5191 3729
f 2940 3729 5189
f 2828 3545 1414
f 3548 3547 713
f 3551 3550 713
f 5189 3802 2420
f 1424 2833 3555
f 3558 3557 715
f 3561 3560 715
f 3563 716 3564
f 3566 716 3567
f 3569 717 3570
f 717 3573 3572
f 3575 718 3576
f 3578 718 3579
f 719 3582 3581
f 719 3585 3584
f 3587 205 3590
f 3588 3530 720
f 3591 204 721
f 2420 2940 5189
f 1841 5183 5188
f 5183 359 5184
f 1387 2808 3598
f 211 2803 723
f 734 2135 3600
f 3601 724 5053
f 1540 1541 3603
f 3605 725 3606
f 3609 3608 726
f 2880 3611 1485
f 727 3614 3613
f 3617 3616 727
f 3619 728 3620
f 3622 728 3623
f 729 3626 3625
f 729 3629 3628
f 224 730 1440
f 3633 3632 731
f 731 3636 3635
f 227 732 1520
f 734 213 732
f 1565 733 2134
f 227 733 1522
f 3637 1465 1466
f 3638 1577 4898
f 3639 736 4285
f 737 1468 232
f 234 750 2171
f 236 3641 2934
f 738 3644 3643
f 2586 3646 239
f 3649 3648 739
f 3651 740 3652
f 3654 740 3655
f 2984 3657 1656
f 3659 741 3660
f 5177 5175 5176
f 1546 2922 3664
f 743 3667 3666
f 743 3670 3669
f 191 3673 3672
f 3675 744 3676
f 3678 745 3679
f 745 3682 3681
f 746 1628 255
f 1566 3683 746
f 3686 3685 747
f 1569 2193 3688
f 3691 3690 748
f 748 3694 3693
f 2967 2968 2170
f 3698 1577 3697
f 31 648 2517
f 3699 5104 3700
f 752 1528 264
f 764 2200 266
f 3702 1630 2970
f 753 3705 3704
f 3707 754 3706
f 3710 754 3711
f 755 1538 271
f 3713 755 3712
f 2577 248 1083
f 3017 3717 1716
f 3719 757 3720
f 5173 5174 5172
f 1609 2954 3724
f 3726 759 3727
f 5158 5156 5157
f 3732 760 3733
f 3736 3735 760
f 4269 2967 3739
f 762 3742 3741
f 762 3745 3744
f 3748 3747 763
f 3751 3750 763
f 285 3752 1702
f 777 3753 765
f 1583 286 766
f 288 777 2226
f 3755 1692 3004
f 767 3758 3757
f 3759 291 292
f 1587 3762 768
f 295 3764 1605
f 3966 5155 1140
f 3966 5152 5158
f 2991 3770 1673
f 3772 771 3773
f 3775 771 3776
f 3778 1741 3028
f 3779 3780 772
f 3783 773 3784
f 3786 773 3787
f 3789 774 3790
f 3792 774 3793
f 5021 775 1696
f 5154 5152 5153
f 776 3797 3853
f 3798 4947 1632
f 1762 1793 3800
f 5166 5151 3980
f 283 779 3803
f 3805 779 2935
f 780 1708 316
f 780 781 2980
f 318 782 2232
f 1663 4981 3807
f 793 2255 783
f 1660 322 783
f 796 2260 3808
f 1670 601 3809
f 325 785 3810
f 786 323 327
f 2952 786 1668
f 5150 5170 5169
f 3814 1731 3023
f 3816 788 3817
f 3819 788 3820
f 323 3808 2246
f 5169 5147 845
f 3823 790 3824
f 3826 790 3827
f 3830 3829 791
f 3832 791 3833
f 3834 3835 1760
f 5149 5146 5175
f 1723 326 793
f 2257 341 794
f 794 1720 342
f 1768 344 795
f 5147 5145 5146
f 5141 5137 5142
f 3843 797 3844
f 3053 3846 1772
f 3849 3848 798
f 798 3852 3851
f 201 3780 3779
f 5130 5134 3989
f 3858 1801 3071
f 801 3861 3860
f 801 3864 3863
f 3867 3866 802
f 3870 3869 802
f 3873 3872 803
f 3875 1817 3081
f 3112 3876 1848
f 5180 3877 1836
f 3880 3879 805
f 805 3883 3882
f 6 3878 3884
f 808 3888 3887
f 3890 2293 808
f 10 3886 3892
f 2288 3894 12
f 12 3894 3896
f 2302 813 814
f 362 814 833
f 361 815 3899
f 3901 817 364
f 201 497 3780
f 817 3903 3904
f 3905 856 2360
f 5131 5132 5130
f 3908 821 2309
f 3909 846 14
f 16 2312 3910
f 21 2297 3912
f 21 3912 3914
f 3137 3916 5
f 368 2320 3918
f 2329 830 831
f 831 3958 3963
f 832 3921 370
f 3242 206 3241
f 3924 363 2304
f 898 2405 3925
f 2335 836 837
f 838 3927 373
f 374 3929 840
f 5151 5150 5114
f 3931 3932 840
f 900 2408 3933
f 3935 843 2340
f 844 3936 15
f 3974 1872 3939
f 3940 879 14
f 3941 880 18
f 2317 3942 34
f 34 3942 3944
f 3148 3946 9
f 377 2351 3948
f 2354 3950 369
f 3953 856 3954
f 3955 365 2359
f 858 859 380
f 5115 5116 5114
f 859 907 381
f 263 5024 5077
f 860 3961 380
f 371 3963 862
f 3964 372 2332
f 961 2471 3965
f 864 865 2369
f 866 3967 383
f 384 3969 868
f 5111 4048 3982
f 868 3971 3972
f 963 2474 3973
f 13 1872 3974
f 5099 5100 5098
f 2377 3978 27
f 28 3189 929
f 26 3981 4053
f 877 878 3981
f 2378 4055 68
f 3981 878 388
f 3241 206 1913
f 5023 338 263
f 5097 2422 3998
f 389 3988 3990
f 41 3985 3991
f 3993 43 2348
f 3995 43 3993
f 392 3997 889
f 3918 4000 368
f 633 3999 888
f 5094 5100 3998
f 890 29 1889
f 889 4003 4002
f 19 3169 4004
f 394 2396 4006
f 2399 4008 378
f 4011 898 4012
f 4013 375 2407
f 5095 5096 5094
f 4018 902 4019
f 2411 4020 904
f 2912 4832 207
f 397 4025 4027
f 905 4025 397
f 4029 382 2366
f 1030 2527 4030
f 2417 910 911
f 4032 399 912
f 914 400 4034
f 2912 207 2939
f 4036 4037 914
f 2530 4038 1032
f 4022 2423 4039
f 5092 5089 5093
f 402 917 4042
f 2427 4045 920
f 986 2491 4047
f 923 405 921
f 4137 3319 2429
f 3258 405 923
f 925 2434 4050
f 4052 406 926
f 5083 5084 5082
f 990 406 4051
f 929 62 28
f 5078 3602 4041
f 3344 389 931
f 932 4060 4059
f 53 933 4062
f 4064 934 4065
f 4067 934 4068
f 4069 72 4063
f 74 2393 4071
f 4071 4073 74
f 4168 1899 1004
f 2456 4077 4078
f 4078 39 3211
f 4080 946 2458
f 3948 4083 377
f 4085 4082 945
f 5069 5065 5070
f 4085 945 4084
f 2457 4086 410
f 4087 91 4084
f 2460 4089 950
f 412 4196 4197
f 951 4093 4092
f 4094 4097 2459
f 3721 4096 414
f 2459 4097 393
f 32 3193 4099
f 2462 4101 415
f 395 2465 4103
f 44 1906 4105
f 4108 961 4109
f 4110 385 2473
f 2477 48 965
f 417 2478 966
f 50 417 966
f 969 4113 967
f 386 4040 4018
f 4116 4115 970
f 4119 4118 970
f 972 4230 1912
f 906 4120 975
f 4121 52 3238
f 4123 398 2413
f 4124 1116 2600
f 978 2488 977
f 979 4126 419
f 420 4128 981
f 1780 4201 5064
f 981 4130 4131
f 2603 4132 1118
f 5059 3738 5055
f 4135 986 4136
f 5056 5057 5055
f 2867 2866 214
f 4112 4081 3021
f 990 4142 406
f 4143 64 3266
f 995 2497 4144
f 4147 4146 995
f 4149 996 4150
f 4152 996 4153
f 4148 4154 95
f 97 2448 4156
f 4158 97 4156
f 2509 4160 1001
f 4162 3767 2453
f 1001 4166 4165
f 214 507 2867
f 2455 1074 2574
f 427 1003 1077
f 4168 38 1899
f 3383 69 1929
f 261 2690 2689
f 4174 91 4087
f 327 323 2246
f 4179 91 4174
f 4181 4182 1011
f 4185 394 4006
f 4187 4184 1010
f 5050 5049 4112
f 4187 1010 4186
f 5048 5052 1767
f 1014 4303 4190
f 414 4095 4193
f 590 2690 261
f 4008 4196 378
f 4197 1017 412
f 413 4092 4198
f 4310 1018 4309
f 5049 1728 5048
f 5035 5191 1844
f 4198 4203 413
f 40 3213 4205
f 2518 4207 436
f 4209 416 2521
f 4211 75 1937
f 1943 4213 78
f 80 1946 4215
f 4218 1030 4219
f 4220 401 2529
f 4223 4224 4222
f 1038 439 1035
f 2804 49 1035
f 1035 439 4224
f 1124 2607 2532
f 1949 2480 50
f 1042 1043 2539
f 1128 441 1043
f 2538 114 440
f 4228 51 4230
f 2484 4231 418
f 1202 2669 4232
f 1049 2545 1048
f 4234 443 1050
f 1052 444 4236
f 274 2568 2567
f 4239 1052 4238
f 2672 4240 1204
f 1054 4243 4242
f 1057 2557 111
f 4246 422 4134
f 3806 4248 4335
f 447 4250 103
f 1917 4252 1063
f 1146 1144 447
f 3316 4253 82
f 4254 1067 2565
f 1068 4257 4256
f 1068 4260 4259
f 4261 117 4255
f 4265 425 2505
f 2631 4265 1152
f 1957 1073 87
f 4267 1160 87
f 427 450 1074
f 4165 4270 426
f 451 4271 1079
f 426 4270 1155
f 4272 450 4268
f 2590 1164 4273
f 4271 4272 1079
f 1079 1156 451
f 5036 5035 589
f 4276 4388 1082
f 4277 141 2577
f 1084 3045 2580
f 4171 4193 1086
f 284 4402 4406
f 4403 1178 284
f 75 2582 1938
f 89 1962 4287
f 4289 4290 1095
f 415 4101 4293
f 274 592 2568
f 5034 5033 315
f 3389 1094 4294
f 2445 308 2446
f 1099 4298 4299
f 4302 4301 1100
f 413 4203 4303
f 4305 432 4190
f 2446 308 3889
f 4309 395 4103
f 4310 1104 434
f 4311 435 4200
f 4415 1105 4414
f 5028 4129 5031
f 1761 2007 5023
f 4316 435 4311
f 4318 71 3276
f 2591 4320 460
f 2594 4322 437
f 4324 96 1971
f 98 1974 4326
f 4328 100 1977
f 1116 4332 4331
f 421 2602 4333
f 908 319 2365
f 126 2605 1208
f 1210 125 4338
f 3836 4340 2536
f 1126 2610 1125
f 1214 463 1126
f 4342 462 1127
f 1129 441 4344
f 442 2542 4345
f 2730 4346 1280
f 1132 2616 1131
f 465 1133 4348
f 4350 1135 3425
f 2556 4351 446
f 4353 1135 4352
f 1282 2733 4354
f 1138 1139 5090
f 467 5090 3781
f 1142 2622 1141
f 1143 4357 1142
f 438 1143 467
f 4358 102 1980
f 5018 4170 5020
f 4360 104 1982
f 4363 1150 4364
f 4366 1150 4367
f 4368 148 4362
f 1153 469 4370
f 4372 469 1153
f 86 3323 4373
f 2366 319 4029
f 4378 1156 4377
f 2346 2345 337
f 4380 1158 1159
f 4381 432 4299
f 1160 473 4380
f 1163 473 1160
f 1085 4280 454
f 1239 2697 2640
f 1165 1243 475
f 2642 1238 452
f 4385 167 1168
f 4387 107 3443
f 1082 4388 453
f 4388 1246 2643
f 55 2346 337
f 1172 4394 4393
f 4395 113 1991
f 352 2286 2285
f 436 4207 4401
f 4400 1178 4403
f 4189 5016 4515
f 284 1178 4402
f 1690 5015 575
f 4406 2713 284
f 4408 435 4316
f 4300 4410 457
f 352 57 2286
f 4414 416 4209
f 459 4415 1189
f 4313 4416 3453
f 4517 1190 4516
f 5012 5013 5014
f 4297 4201 5009
f 3346 4421 94
f 481 2660 4423
f 4425 4622 461
f 4427 96 4324
f 4427 4429 59
f 2000 4431 118
f 2003 4433 120
f 4437 4436 1202
f 4438 445 2671
f 1284 122 2006
f 4443 4441 1209
f 2009 4444 127
f 1212 2676 1211
f 1289 484 1212
f 1213 4447 483
f 4449 1215 463
f 464 2613 4450
f 4451 1354 2782
f 2681 1218 1221
f 468 4357 569
f 569 1295 468
f 4453 156 2680
f 4455 4553 153
f 132 4242 547
f 1298 471 4457
f 4458 134 3431
f 4460 1228 1229
f 1300 135 2017
f 1229 122 4538
f 5006 5072 3737
f 4462 159 3484
f 5120 84 1233
f 1234 4467 4466
f 1234 4470 4469
f 175 4465 4471
f 4473 470 3804
f 4378 4475 472
f 3418 1241 4479
f 4480 454 2697
f 1316 2761 107
f 140 1242 1243
f 1243 1244 475
f 5001 1738 4291
f 4484 1322 710
f 1316 107 4387
f 2643 1247 109
f 4996 4314 4992
f 491 4487 4486
f 1320 1321 4487
f 4591 4488 1314
f 4489 110 4390
f 2645 4491 476
f 4495 4494 1253
f 1257 2713 4496
f 4499 4498 1257
f 4501 1261 4500
f 460 4320 4504
f 1260 4506 4503
f 4993 4994 4992
f 1260 4505 4506
f 2188 356 2186
f 4510 1267 4511
f 144 2030 4512
f 4514 1268 1271
f 437 4322 4516
f 4517 1270 480
f 4418 4518 146
f 499 1271 4622
f 4337 4225 4984
f 356 3676 191
f 146 4518 4523
f 116 3396 4525
f 500 2724 4527
f 2036 4529 149
f 4531 151 2039
f 4535 4534 1280
f 466 2732 4536
f 4538 487 1229
f 1287 2737 1286
f 1370 502 1287
f 4540 501 1288
f 1290 484 4542
f 485 2679 4543
f 2842 4544 1438
f 4453 2489 157
f 1293 4547 4548
f 155 2045 4550
f 4874 598 4870
f 1902 358 1900
f 1297 4555 153
f 4556 184 2694
f 4559 1299 4560
f 4561 184 4556
f 2784 4563 1358
f 139 4564 5257
f 4568 4567 1303
f 4571 4569 508
f 3250 1060 645
f 4572 160 2049
f 4575 1307 4576
f 4579 4578 1307
f 4574 4580 197
f 4473 4582 470
f 4584 1394 2755
f 4585 489 2699
f 1312 1395 4588
f 4585 4589 5026
f 5026 492 4591
f 4592 4684 2707
f 4971 4966 3957
f 1401 512 1319
f 164 700 512
f 4595 1405 4694
f 1323 166 2054
f 1402 166 1323
f 1326 491 4486
f 4966 4967 4968
f 1325 4601 4600
f 1405 491 1326
f 4604 4603 1327
f 4605 170 2059
f 4608 4507 1669
f 4423 4611 481
f 1900 358 3198
f 1701 4139 4956
f 1333 4612 3547
f 4942 4943 4941
f 4523 4616 146
f 429 1866 1868
f 4623 4621 1345
f 2663 4425 461
f 3142 1866 429
f 4452 1143 438
f 4725 518 1345
f 2439 3559 1346
f 4938 4420 4291
f 4630 147 3459
f 519 2776 4632
f 4634 176 2068
f 178 3237 4636
f 4639 1354 4640
f 1357 157 4545
f 1358 1360 4642
f 4419 4930 4998
f 4645 224 4643
f 1443 521 4647
f 4924 4925 4923
f 4922 1996 4315
f 1367 1368 2793
f 524 1368 1448
f 523 1369 4652
f 1371 502 4654
f 2740 4655 503
f 2896 4656 1505
f 4659 1373 1374
f 4658 486 4552
f 505 4558 2857
f 1451 2857 1376
f 526 5129 4754
f 4662 180 2075
f 4665 2078 1380
f 1459 182 4665
f 1219 449 131
f 4761 2803 1384
f 1386 210 215
f 528 1386 4668
f 1391 2815 4669
f 4672 4671 1391
f 1392 4675 4674
f 4678 4677 1392
f 4673 4679 221
f 4587 4682 4774
f 4925 4315 4919
f 2707 4683 493
f 4686 4689 4687
f 4683 4688 493
f 1402 5022 1399
f 163 1399 1400
f 1404 4690 1400
f 1475 512 1401
f 438 3781 449
f 4820 1537 4691
f 1404 1400 1403
f 2870 1404 1477
f 4693 188 4595
f 1408 2823 1407
f 2823 4695 533
f 4697 1411 2825
f 4920 4921 4919
f 4341 4337 4918
f 1483 2877 4702
f 4703 217 4600
f 4706 1414 4707
f 4708 190 2086
f 5206 331 1888
f 4714 500 4527
f 1420 4716 4713
f 331 1886 1887
f 4715 2636 1420
f 4915 4916 4914
f 2883 2636 4719
f 4721 151 4531
f 4723 193 2092
f 4725 482 2779
f 4726 1430 2439
f 195 4627 4727
f 4728 1432 1430
f 1605 4913 273
f 3507 4730 174
f 2838 4732 538
f 4734 198 2098
f 4736 200 2101
f 4739 1438 4740
f 4645 4741 224
f 3191 4743 1508
f 1444 4744 522
f 1446 2852 1445
f 1446 1513 541
f 4747 540 1447
f 524 4749 1449
f 525 2796 4750
f 4751 1562 2930
f 4753 1451 4754
f 5181 474 5163
f 527 2798 1455
f 527 1455 544
f 4757 202 2104
f 2109 1516 1517
f 209 1460 4759
f 1519 212 4761
f 213 1462 1519
f 1463 210 2112
f 1464 1524 232
f 545 1464 1468
f 4668 4762 528
f 545 1468 1469
f 4763 4649 1469
f 1472 2864 4765
f 4767 1473 4768
f 4770 1473 4771
f 4772 251 4766
f 4774 511 4587
f 240 4685 4776
f 4909 4483 4355
f 4776 4780 240
f 1541 271 4783
f 4786 4785 1483
f 4788 1485 4789
f 2883 4790 1489
f 4792 1489 4793
f 1493 4794 4795
f 4632 4798 519
f 1827 2960 474
f 4909 1590 4502
f 3101 57 3
f 4905 4908 4907
f 192 2835 4803
f 4805 219 2120
f 3562 4807 196
f 550 2892 4809
f 4811 222 2126
f 4814 1505 4815
f 4816 1564 208
f 539 4743 3191
f 254 2898 1568
f 1510 1511 2903
f 1511 1572 552
f 4821 551 1512
f 4823 1514 541
f 4824 542 2855
f 2965 4825 1624
f 225 2130 4826
f 1522 260 1521
f 2135 1576 4829
f 4887 1522 228
f 4828 230 1523
f 2136 1524 229
f 1525 1579 264
f 554 1525 1528
f 4831 1527 4764
f 1528 1529 554
f 554 1529 4832
f 4835 1532 4836
f 4839 4838 1532
f 4840 278 4834
f 238 2142 4842
f 4844 555 4842
f 1595 238 4842
f 1061 4464 1233
f 4848 187 2874
f 532 4850 1589
f 1539 1598 557
f 4355 1539 557
f 3728 494 4908
f 4853 272 4851
f 4855 1543 4856
f 4386 4895 4399
f 4859 1606 2949
f 4862 4861 1546
f 4863 247 2153
f 1553 4865 4866
f 538 4732 4869
f 4868 1552 4871
f 2932 4889 5252
f 598 1552 4870
f 4886 4884 4885
f 2957 598 4874
f 4876 200 4736
f 3618 4878 220
f 2926 4880 560
f 4882 252 2159
f 4886 4885 1562
f 1626 260 4887
f 4888 202 4757
f 3 57 352
f 1570 1633 562
f 1571 4891 561
f 552 4893 1573
f 4894 553 2906
f 1687 2999 4895
f 258 2166 4896
f 231 3638 4898
f 4900 1637 4955
f 234 2171 1579
f 1642 286 1580
f 564 1580 1583
f 265 4902 1582
f 1583 1584 564
f 1584 4903 564
f 4905 497 3761
f 3761 497 293
f 546 4778 1589
f 4844 1591 555
f 555 1591 1654
f 269 2176 1594
f 2945 4974 1593
f 1658 269 1593
f 1599 566 1596
f 1596 1597 270
f 567 1597 1602
f 557 1598 1652
f 1599 1600 4911
f 318 1601 1663
f 566 1601 1602
f 4233 1602 1655
f 4419 4881 4565
f 1605 273 2178
f 1606 4916 4915
f 328 1607 4918
f 4920 1609 4921
f 2957 4922 1613
f 4924 1613 4925
f 4927 1617 4926
f 4930 550 4809
f 4929 1616 4932
f 4870 4875 4874
f 4932 1616 4931
f 4546 4869 4927
f 250 3671 4935
f 4937 572 2961
f 279 2189 4939
f 1624 4943 4942
f 1628 257 2192
f 1630 1631 2972
f 309 1631 1695
f 1632 4946 573
f 4908 494 4907
f 4949 563 2937
f 1746 3034 4950
f 4952 1697 3006
f 4953 282 2197
f 2975 1637 1638
f 4956 574 2975
f 804 359 5183
f 3604 5005 217
f 266 2200 1642
f 1704 3801 1643
f 1643 1646 576
f 4962 1645 287
f 1646 1647 576
f 576 1647 4963
f 2202 1710 289
f 1650 4967 4970
f 1650 4970 578
f 577 4966 4971
f 4233 4973 1652
f 1593 4974 317
f 4976 1657 4975
f 579 1657 1658
f 1658 1662 579
f 4977 244 2983
f 1660 1718 580
f 3807 1667 4982
f 4864 4598 4860
f 4862 4860 4861
f 2946 4981 568
f 3780 497 4907
f 294 3764 4983
f 4983 1724 294
f 1727 5050 4984
f 4986 4985 328
f 4907 497 4905
f 328 4985 4990
f 4993 1673 4994
f 298 2211 4995
f 1680 4997 4998
f 560 4880 5001
f 2867 507 4676
f 4859 4478 4454
f 3816 1679 5002
f 4857 4855 4478
f 3725 5006 277
f 2995 5008 584
f 302 2217 5010
f 5014 5013 1687
f 5016 5015 1690
f 306 1692 1693
f 3794 5017 307
f 3041 3042 1755
f 4856 4854 4855
f 5021 1696 309
f 1232 4464 1061
f 263 338 3008
f 1702 2254 285
f 310 1703 5025
f 288 2226 1704
f 5028 1705 1764
f 5030 314 2979
f 4485 4483 4850
f 5034 315 1707
f 316 1708 1711
f 1709 5036 589
f 289 1710 1711
f 289 1711 1754
f 3127 5038 1854
f 5039 4251 3015
f 322 1714 5040
f 4977 5042 5043
f 1717 1718 591
f 1718 1722 591
f 1767 5052 3016
f 343 1720 1768
f 340 1725 5046
f 326 2236 1766
f 4485 1537 4846
f 4989 5050 4112
f 3839 345 5048
f 179 5144 530
f 4676 507 4677
f 1731 5057 5056
f 330 2242 5058
f 3871 5172 792
f 5064 572 4937
f 5066 5063 1737
f 4843 4615 4502
f 5065 1383 1737
f 4840 1622 356
f 3056 1383 5069
f 3031 5072 1742
f 301 2245 1744
f 334 2247 5075
f 586 3036 5077
f 1752 596 1751
f 1756 596 1752
f 1755 5019 5081
f 1754 588 1753
f 1757 5084 5083
f 1795 339 3834
f 3800 1793 311
f 3801 5086 312
f 5125 587 1796
f 5087 342 1765
f 1768 341 344
f 4061 3838 5089
f 2260 5091 324
f 3069 5093 1799
f 1772 5096 5095
f 1776 3056 5097
f 5099 1776 5100
f 4456 4442 547
f 5008 5103 584
f 1809 602 1779
f 584 5103 5105
f 3986 1779 5106
f 4837 4838 4839
f 5111 5110 1784
f 5111 1812 604
f 5112 348 2265
f 1786 5116 5115
f 5085 3051 5117
f 2012 2011 547
f 3104 5122 1845
f 1793 606 1792
f 5123 606 1794
f 1796 587 5028
f 5082 5127 4024
f 4839 4835 4508
f 1801 5132 5131
f 5133 351 2274
f 1808 5135 1805
f 1807 5161 5136
f 3970 1807 5137
f 4840 4834 4841
f 5141 610 5137
f 4836 4834 4835
f 4521 4825 4522
f 5147 5146 1813
f 5148 354 2277
f 5150 355 5114
f 5154 5153 1817
f 1821 3084 5155
f 5158 5157 1821
f 3074 5159 1822
f 615 1823 1824
f 5160 751 5162
f 614 5161 1826
f 5162 614 1826
f 474 616 5160
f 569 183 1295
f 5167 1828 5166
f 5169 355 5150
f 3099 5171 1840
f 1831 5174 5173
f 5176 1831 5177
f 619 5178 1835
f 4819 4700 4888
f 5181 1838 5180
f 4815 4813 4814
f 5184 359 1838
f 1847 3109 617
f 612 3099 5187
f 1843 5033 2053
f 589 5035 3040
f 4779 4546 4810
f 4877 4594 4805
f 4866 4746 4798
f 4793 4791 4792
f 4609 4790 3420
f 4793 4609 4787
f 4789 4787 4788
f 4786 4784 4785
f 4776 4781 4780
f 4769 4770 4771
f 4771 4767 4629
f 10 3892 3437
f 4772 4766 4773
f 4768 4766 4767
f 4889 4888 4757
f 4752 4753 4754
f 14 879 626
f 1873 3936 1872
f 4699 4696 4751
f 4871 1552 598
f 5200 846 1876
f 4740 4738 4739
f 4876 4736 4877
f 3910 3423 16
f 4965 4746 4733
f 4724 4833 4782
f 4719 4715 4720
f 4714 4795 4964
f 4709 3167 4705
f 4707 4705 4706
f 844 631 1887
f 3188 26 928
f 2540 331 5206
f 2540 632 331
f 514 4702 1413
f 5119 939 2451
f 3192 947 2458
f 2458 3999 633
f 4818 4702 514
f 569 1143 4452
f 4774 4687 1398
f 4776 4685 4777
f 4687 4685 4686
f 5069 1383 5065
f 960 3205 3378
f 1476 4682 4775
f 4676 4677 4678
f 3211 38 941
f 637 39 939
f 4365 2690 590
f 4852 4678 4674
f 4673 4680 4679
f 3356 41 3991
f 4674 4675 4673
f 4670 4671 4672
f 4873 4669 5047
f 1461 4666 2110
f 2806 4666 2436
f 4664 5080 4904
f 4663 5054 4700
f 4366 4365 590
f 3872 3871 792
f 48 1038 642
f 642 49 3314
f 966 48 1950
f 3238 51 974
f 643 52 973
f 3240 972 1912
f 4934 4656 4944
f 522 2848 4650
f 5109 1366 2790
f 1507 4741 4645
f 4643 4646 4645
f 4644 1361 4643
f 1063 3254 1917
f 4639 4640 4638
f 5179 4964 4633
f 1920 929 5218
f 647 5218 924
f 1737 1383 5066
f 1430 1432 4627
f 2439 4627 3559
f 2439 1430 4627
f 1926 2440 3267
f 592 4151 2568
f 4619 4980 4978
f 4617 3216 4980
f 5222 941 3274
f 4611 1421 5164
f 4606 5230 4602
f 4604 4602 4603
f 4599 4704 4703
f 4601 4597 514
f 4684 4683 2707
f 5027 4590 5044
f 4588 1395 4587
f 1313 4589 4585
f 4577 4578 4579
f 1098 3296 1941
f 5051 4579 4575
f 5226 1027 1942
f 4574 4581 4580
f 4575 4576 4574
f 1385 4567 4568
f 5257 4564 4568
f 4658 4560 5107
f 4562 4559 5080
f 49 1122 3314
f 4152 4151 592
f 3317 1953 1065
f 4559 4560 4558
f 4557 5231 5107
f 1569 256 4648
f 4556 4562 4561
f 1071 1955 5232
f 671 3327 87
f 4910 5124 4554
f 4552 4659 4658
f 5138 4544 5140
f 5144 1356 530
f 4545 2489 4536
f 4536 2489 5003
f 4535 4533 4534
f 4722 4721 4531
f 4528 4049 5164
f 5235 664 1967
f 5235 2685 664
f 4523 4617 4616
f 1272 4520 5182
f 4626 4625 4520
f 4523 4518 4524
f 2625 2235 601
f 4616 4511 5260
f 4158 3320 97
f 4510 5190 4513
f 4619 4618 4509
f 4510 4511 4509
f 4504 1334 4125
f 4499 4497 4498
f 5256 4496 5247
f 3427 3370 102
f 669 60 3252
f 4499 5256 4493
f 4495 4493 4494
f 4480 4488 3960
f 3418 4479 1240
f 3343 3326 93
f 87 1159 671
f 1166 3379 1985
f 672 3379 1167
f 672 1168 1985
f 1169 3380 1987
f 3091 4476 3076
f 1986 3382 1171
f 4583 4582 4473
f 4469 4470 4468
f 88 3329 3386
f 2301 4470 4466
f 4471 4465 4472
f 4467 4465 4466
f 92 1182 3395
f 2042 4455 153
f 4928 4987 4451
f 4445 4442 4456
f 1209 4441 4442
f 3212 4566 4439
f 4437 4435 4436
f 2553 4537 4430
f 4427 4430 4429
f 4424 1640 4125
f 4519 4518 4418
f 784 2625 601
f 4033 54 4411
f 1206 680 3417
f 1295 1713 3479
f 3416 126 3419
f 125 126 1208
f 5259 4033 4409
f 4440 682 128
f 124 4443 2010
f 4350 3425 129
f 131 130 1219
f 1217 683 131
f 4406 4402 4407
f 4501 1534 4401
f 609 3487 4464
f 3430 122 1229
f 3430 4458 2016
f 2017 2623 686
f 2418 136 1146
f 5254 1228 2017
f 4396 5234 4392
f 4250 3436 3433
f 4393 4394 4392
f 3960 4391 2581
f 4489 4390 4490
f 1230 2023 5257
f 3442 140 1164
f 4277 1166 689
f 689 1242 140
f 4377 4476 4475
f 4371 469 4372
f 112 3385 3446
f 3488 3487 609
f 4367 4365 4366
f 4363 2063 4367
f 4362 4369 4368
f 4364 4362 4363
f 5260 1267 2032
f 940 4438 4354
f 4245 611 3249
f 1225 983 4346
f 4441 4339 2485
f 4338 4339 1210
f 1453 4334 5251
f 4331 4332 4330
f 4324 4428 4427
f 4321 3003 1534
f 4555 3477 153
f 696 154 1362
f 4409 4408 4316
f 1374 3479 2045
f 4453 3480 156
f 697 3480 1293
f 158 3245 1222
f 698 2047 1231
f 4313 1715 1106
f 4417 4416 4313
f 4311 4317 4316
f 3249 611 3250
f 700 2052 1319
f 1318 700 164
f 4306 1798 1769
f 2055 1322 701
f 3491 167 4385
f 701 168 1321
f 3012 4408 4302
f 4301 1798 4304
f 3445 3494 142
f 4411 4410 4300
f 4300 4301 4302
f 2938 4293 1179
f 3100 4283 4288
f 3503 2720 3506
f 3505 173 3553
f 1087 1174 4283
f 4381 4282 3045
f 1083 248 4274
f 4274 248 5221
f 1072 2238 1957
f 4265 5232 2253
f 1437 3519 3217
f 4259 4260 4258
f 4256 2385 4260
f 4262 4261 4255
f 4256 4257 4255
f 3685 256 1569
f 3124 1054 4242
f 4242 4243 4241
f 4240 2559 4333
f 2055 913 710
f 710 1317 4484
f 913 166 1399
f 4237 1132 2437
f 4188 1323 3540
f 2559 1053 3444
f 2575 4232 2708
f 4222 1121 3597
f 3493 3544 169
f 2821 4221 5241
f 4219 4217 4218
f 2938 4208 3696
f 3012 4204 3014
f 2771 714 173
f 3554 192 4722
f 4303 4203 4304
f 4200 3014 1019
f 4198 4204 4203
f 194 83 648
f 2517 648 3440
f 4305 4190 4306
f 4191 1014 4190
f 4290 3695 4185
f 4178 3100 4180
f 3576 2102 2858
f 4719 2636 4715
f 4179 4174 4180
f 1834 751 5160
f 3253 4161 3837
f 1113 3320 4158
f 4158 4156 4159
f 205 1431 3590
f 4153 4151 4152
f 3592 2907 2908
f 721 204 2107
f 3593 1459 2109
f 2111 730 4741
f 208 2134 3596
f 1461 722 4759
f 3598 210 1387
f 252 2183 1698
f 751 1824 5162
f 3600 213 734
f 735 3601 5053
f 3601 1463 2113
f 3603 2115 1540
f 4153 4149 3394
f 4148 4155 4154
f 4150 4148 4149
f 4145 4146 4147
f 3543 3610 189
f 3923 3421 4144
f 4727 1499 3617
f 4142 4141 406
f 5217 3426 874
f 2517 3440 4136
f 4246 4134 1058
f 4134 4135 4136
f 4220 4132 3538
f 5215 2486 1049
f 2800 730 2110
f 4741 730 224
f 4098 3538 982
f 3552 3542 4124
f 4119 4117 4118
f 732 2133 1520
f 734 732 227
f 732 213 1519
f 1565 2134 1564
f 1522 733 228
f 1520 733 227
f 1521 734 227
f 3637 229 1465
f 5053 1523 2136
f 230 1577 3638
f 4285 750 3639
f 3639 1524 2137
f 233 1468 737
f 232 750 737
f 234 1526 737
f 4119 4115 4143
f 5219 4114 4226
f 3599 4111 5229
f 4108 4109 4107
f 239 4698 2586
f 4105 4212 5226
f 3695 4102 4264
f 952 3721 4169
f 2698 1543 2146
f 4096 4095 414
f 4092 4093 4091
f 3765 4196 412
f 3765 4089 4614
f 948 3767 4088
f 4174 4087 4175
f 4087 4084 4088
f 4235 4083 4182
f 4071 4074 4073
f 4067 4068 4066
f 4064 3928 4068
f 4069 4063 4070
f 4065 4063 4064
f 4059 4060 4058
f 4031 927 4054
f 254 1628 746
f 255 1566 746
f 3683 1565 4817
f 4054 928 4053
f 4038 4127 4110
f 5252 1567 2165
f 978 4090 4035
f 4482 4127 915
f 4167 4164 4030
f 1626 1627 2170
f 4018 4019 4017
f 3697 1576 2169
f 1578 2171 4285
f 823 4356 3781
f 5104 764 3700
f 1579 2172 3700
f 265 1528 752
f 264 764 752
f 752 266 1581
f 4173 4014 5214
f 4011 4012 4010
f 4641 4235 4007
f 4002 4003 4001
f 4080 4624 4000
f 4295 3997 5004
f 3713 1538 755
f 1541 755 271
f 1596 270 3713
f 2179 1542 3715
f 1604 756 3086
f 5043 3717 2181
f 3995 3993 3996
f 358 3991 957
f 3987 883 3766
f 3991 3985 3992
f 3662 3723 246
f 823 1145 4356
f 5206 3978 2540
f 3173 278 4840
f 3976 3977 925
f 4013 3973 4539
f 2367 911 5203
f 4648 1689 3739
f 3739 2967 761
f 4539 869 4800
f 4551 3965 4593
f 3958 3959 861
f 4613 3956 5210
f 3953 3954 3952
f 2199 4286 1636
f 1641 2200 5104
f 845 355 5169
f 777 765 4284
f 2201 3753 1642
f 766 287 1583
f 286 777 766
f 766 288 1644
f 2203 1692 3755
f 3950 4003 4295
f 4624 3949 5032
f 3944 3942 3945
f 874 2548 4140
f 2549 2547 874
f 3974 3939 3975
f 769 295 1603
f 1603 2989 769
f 5190 4999 2772
f 4948 3955 3933
f 3722 3769 276
f 4760 2333 865
f 4948 841 5186
f 4988 4969 3925
f 3914 3912 3915
f 854 3423 3910
f 3906 4830 3974
f 5245 5143 3905
f 467 3781 438
f 3896 3894 3897
f 429 3892 828
f 710 913 2052
f 2573 2546 3891
f 1696 775 2224
f 306 1693 3794
f 3794 1694 775
f 1319 913 163
f 938 3435 135
f 3798 1696 2225
f 4284 1703 2226
f 310 1762 3800
f 311 1763 778
f 1704 778 3801
f 1697 3803 2229
f 1647 3805 2935
f 2230 314 5030
f 1707 1708 780
f 780 316 781
f 2313 2546 2573
f 316 1710 2231
f 1655 318 2232
f 318 1663 3807
f 1714 782 5040
f 2021 3435 938
f 783 321 1660
f 322 5040 783
f 3887 3938 3891
f 601 785 3809
f 1724 1670 3809
f 3810 2236 1723
f 2625 1725 2235
f 2246 1670 4507
f 4608 1668 327
f 4990 786 2952
f 3886 3893 3892
f 3887 3888 3886
f 297 3768 3813
f 3882 3883 3881
f 3883 3879 2774
f 3884 3878 3885
f 332 789 1783
f 3880 3878 3879
f 333 2245 789
f 3875 3872 792
f 5177 5173 3871
f 3873 3871 3872
f 3870 3868 3869
f 3867 3865 3866
f 3863 3864 3862
f 1760 3835 2007
f 1762 3835 3834
f 1137 354 2280
f 793 320 1723
f 1765 2255 5088
f 1800 341 2257
f 341 1720 794
f 794 342 5087
f 795 2258 1768
f 2160 252 1698
f 1767 795 3839
f 2237 796 3808
f 5106 3864 3860
f 5142 3986 3859
f 940 445 4438
f 329 3812 3845
f 3859 3986 3860
f 3858 3855 1397
f 3855 3856 350
f 4950 4947 3853
f 3851 3852 3850
f 3852 3848 5012
f 3847 3848 3849
f 1730 3846 3843
f 3843 3844 3842
f 4991 3841 1726
f 220 4878 1921
f 1811 3838 3839
f 3832 3833 3831
f 845 1813 2279
f 3833 3829 2205
f 3830 3828 3829
f 3874 1818 2280
f 3827 3825 3826
f 4350 465 4348
f 1841 3876 804
f 3823 4941 3827
f 3824 3822 3823
f 3819 3820 3818
f 5002 3820 3816
f 810 2290 3101
f 4057 3815 5070
f 3816 3817 3815
f 2293 4830 819
f 2535 3814 787
f 787 3812 329
f 820 2296 4972
f 4952 4286 3803
f 4849 824 2299
f 814 813 5192
f 816 813 361
f 5192 2326 814
f 362 815 2302
f 3801 1763 5086
f 834 815 362
f 3853 3797 3854
f 837 816 3901
f 3899 817 3901
f 364 3904 838
f 5143 856 3905
f 3792 3793 3791
f 3789 3602 3793
f 5102 843 2307
f 2310 3902 836
f 3790 3788 3789
f 464 2781 983
f 3787 3785 3786
f 3787 3783 4884
f 2316 5074 842
f 3784 3782 3783
f 848 2319 5041
f 3781 4356 449
f 5029 827 2322
f 1744 3779 3777
f 3775 3776 3774
f 831 830 5195
f 833 2328 370
f 5195 3958 831
f 371 832 2329
f 3772 4931 3776
f 862 832 371
f 3772 3773 3771
f 4353 466 5003
f 4969 898 3925
f 3760 3770 770
f 839 2334 373
f 838 2335 364
f 4344 462 4342
f 770 3768 297
f 3929 865 839
f 3929 3927 840
f 374 3932 866
f 4905 3761 4906
f 3761 3762 1587
f 1587 3759 2944
f 4760 864 2341
f 3939 3937 870
f 15 877 844
f 220 1921 2157
f 18 2384 3940
f 2981 291 3759
f 4755 883 2344
f 3757 3758 3756
f 3749 3750 3751
f 3748 3746 3747
f 2350 4692 884
f 3744 3745 3743
f 4515 3745 3741
f 4624 943 3949
f 2355 4620 853
f 3741 3742 3740
f 3739 1569 4648
f 1689 1639 4269
f 2278 354 1137
f 4613 900 3956
f 858 2363 859
f 380 861 858
f 3736 3734 3735
f 859 2363 2410
f 860 380 381
f 3732 4813 3736
f 908 2365 381
f 3733 3731 3732
f 862 3963 3961
f 961 3965 4551
f 1685 494 3730
f 383 867 2368
f 866 2369 374
f 4351 1145 446
f 3728 3173 2579
f 3969 911 867
f 868 3969 3967
f 3972 912 384
f 4508 3728 4908
f 3725 5007 5006
f 2373 25 2419
f 3726 3727 3725
f 2432 873 2377
f 3978 3977 2540
f 2377 27 926
f 3189 63 929
f 928 26 4053
f 877 3981 26
f 4806 3724 758
f 930 3983 2382
f 388 880 2383
f 15 878 877
f 2384 880 388
f 15 879 878
f 3987 2386 2342
f 3988 3766 882
f 2387 4056 930
f 931 3990 390
f 2389 4379 935
f 3722 276 758
f 3719 3720 3718
f 4308 919 2392
f 464 983 1225
f 936 2395 4296
f 889 3997 4295
f 392 887 886
f 888 3999 392
f 1225 2613 464
f 888 392 889
f 3650 1542 4912
f 889 4002 890
f 4075 29 4275
f 3710 3711 3709
f 3707 4784 3711
f 4007 4235 1008
f 2400 4195 894
f 3704 3705 3703
f 5205 3698 749
f 3693 3694 3692
f 3689 3690 3691
f 3685 1569 3688
f 4173 963 4014
f 2481 902 396
f 3686 3684 3685
f 969 902 4018
f 3681 3682 3680
f 904 4021 3241
f 2410 4023 907
f 2674 2414 3373
f 4738 3682 3678
f 2607 4338 125
f 1226 4357 468
f 397 4027 908
f 4030 4164 1030
f 3678 3679 3677
f 2416 399 4034
f 384 912 2417
f 3474 1453 121
f 4841 4629 3674
f 468 1294 1226
f 914 4034 4032
f 979 400 4037
f 3675 3676 3674
f 4022 4039 28
f 916 402 4042
f 3130 2476 917
f 917 968 3152
f 4039 2423 402
f 4935 3671 4936
f 3672 3673 3671
f 2428 4090 977
f 3669 3670 3668
f 4046 923 921
f 4799 3670 3666
f 1500 2597 461
f 2434 2431 4050
f 923 61 3258
f 3479 1713 697
f 5218 3976 924
f 4446 3665 4875
f 3666 3667 3665
f 3186 927 4051
f 2495 990 4031
f 3352 1509 73
f 3661 2073 3664
f 932 3344 931
f 931 4382 932
f 4382 4060 932
f 4059 933 2438
f 3968 972 3240
f 3662 246 3661
f 4454 3658 4916
f 3659 3660 3658
f 994 2444 3923
f 4701 3653 4704
f 3655 3653 3654
f 3652 3650 3651
f 2586 3649 739
f 2450 3840 998
f 4075 4275 4097
f 2451 4077 4076
f 4077 39 4078
f 3966 1140 351
f 942 941 5222
f 3811 1002 2455
f 2586 4698 3649
f 944 4083 4079
f 4082 410 945
f 411 1011 944
f 410 4086 945
f 1012 4082 4085
f 946 3999 2458
f 948 4086 5207
f 4088 3767 1006
f 950 4089 3765
f 3647 3648 3649
f 2461 412 4093
f 412 1017 4093
f 951 4092 952
f 1014 4095 4096
f 4401 1534 436
f 3646 1592 3710
f 3642 4765 4845
f 1092 4102 3695
f 3645 956 2466
f 3643 3644 3642
f 3322 3644 3640
f 3635 3636 3634
f 3631 3632 3633
f 3628 3629 3627
f 3625 4638 3629
f 1032 4111 3599
f 2477 1037 48
f 965 48 966
f 417 4113 2478
f 2480 417 50
f 967 396 969
f 3625 3626 3624
f 967 4113 417
f 3621 4773 4852
f 3622 3623 3621
f 4879 4878 3618
f 2537 972 3968
f 4120 52 975
f 3618 3619 3620
f 974 51 1046
f 975 52 4121
f 3542 1116 4124
f 3615 3616 3617
f 2487 419 980
f 979 2488 400
f 4459 422 4246
f 3613 195 4727
f 980 4128 1049
f 4128 4126 981
f 420 4131 1050
f 3613 4727 3617
f 4125 1640 460
f 3613 3614 3612
f 4134 3708 1058
f 3611 3608 4847
f 387 4141 987
f 2435 4681 1456
f 874 3426 1054
f 3609 3607 3608
f 4694 5005 3604
f 3244 993 2441
f 4144 3421 995
f 3605 3606 3604
f 3414 1042 2498
f 4759 722 3596
f 4584 3531 3530
f 2501 3384 1066
f 3586 205 3587
f 3584 3585 3583
f 1056 2504 3260
f 3581 3582 3580
f 3255 1070 2507
f 1001 4161 3253
f 4163 4160 1080
f 3577 1357 5144
f 1072 2510 426
f 460 1640 2592
f 1074 1002 427
f 1003 2511 1077
f 3578 3579 3577
f 3721 1005 4169
f 4171 414 4193
f 1006 3767 4162
f 1007 4175 4172
f 4178 3106 1089
f 3575 4547 3579
f 3574 3575 3576
f 1009 1008 4181
f 4184 430 1010
f 1095 4185 431
f 1010 430 2514
f 1096 4184 4187
f 2514 411 1012
f 3335 1012 4085
f 3572 3573 3571
f 1084 4095 4191
f 3453 1715 4313
f 1016 1015 4194
f 433 1017 4197
f 433 2516 4199
f 4309 1018 4192
f 1019 2516 434
f 434 1104 1019
f 3014 1020 1019
f 1100 4204 3012
f 4533 3573 3569
f 3569 3570 3568
f 1176 4208 2938
f 2522 2909 1024
f 3565 4680 5051
f 3566 3567 3565
f 4808 4807 3562
f 3564 3562 3563
f 3561 3559 3560
f 3561 3557 4625
f 5182 3556 4524
f 3558 3556 3557
f 2821 1118 4221
f 3630 416 4414
f 4223 1035 4224
f 2534 439 1036
f 2804 4253 1122
f 1035 49 1038
f 1036 4340 1124
f 1036 439 1037
f 1037 439 1038
f 5255 137 1956
f 3414 1043 1042
f 2538 440 1045
f 2608 1043 3414
f 2539 441 1044
f 3551 3549 3550
f 1044 441 1129
f 3547 4612 3551
f 1046 51 4228
f 1202 4232 2575
f 4802 3546 4720
f 2544 443 1051
f 2545 420 1050
f 4016 1769 457
f 3548 3546 3547
f 4236 1132 1051
f 4234 1052 4236
f 4239 1133 444
f 712 3930 3545
f 189 712 3543
f 1956 137 2626
f 3111 3068 1123
f 711 4188 3540
f 1139 2554 2454
f 2437 1131 2557
f 3535 3533 3534
f 1769 1798 457
f 1120 4249 3597
f 447 1144 4250
f 3372 4252 103
f 351 1140 2275
f 2563 1146 447
f 2563 447 4138
f 5220 3312 1065
f 3530 3531 3532
f 2414 1125 2566
f 3527 3525 3526
f 3524 3522 3523
f 2305 1149 2569
f 3524 3520 530
f 1070 2570 1955
f 2571 2283 1139
f 1152 4265 2253
f 1957 2238 1073
f 4267 4375 1163
f 426 1155 2238
f 1077 4268 427
f 2574 2233 1075
f 1075 2233 1076
f 4271 450 4272
f 1076 451 4376
f 1078 1077 3107
f 2590 1078 3107
f 1079 4273 452
f 457 1798 4301
f 76 3288 2576
f 5221 248 1081
f 4274 2578 1083
f 1082 2578 2606
f 453 1167 108
f 3521 3519 3520
f 2580 3045 1085
f 1171 3382 4279
f 3518 3516 3517
f 4315 1996 247
f 3514 4435 3518
f 3515 3513 3514
f 1089 3106 1090
f 3510 4581 2301
f 3510 3511 3512
f 1093 1092 4289
f 1094 4292 455
f 1179 4293 456
f 455 2585 1097
f 1180 4292 1094
f 1096 2585 431
f 3391 1096 4187
f 1158 4298 5236
f 2587 1839 1182
f 4731 4730 3507
f 3508 3509 3507
f 1769 1184 4306
f 4305 1839 432
f 4307 1103 1102
f 458 1104 4310
f 458 2589 4312
f 4414 1105 3630
f 1106 2589 459
f 459 1189 1106
f 1106 1715 1107
f 3502 3503 3504
f 3500 3501 3499
f 3497 4505 3501
f 1258 4321 1534
f 2595 1509 1111
f 3497 3498 3496
f 5073 3495 702
f 3493 169 702
f 609 4464 2207
f 699 3487 3488
f 3489 3485 5120
f 3475 3476 3474
f 3212 3476 3472
f 1204 4334 1453
f 3472 3473 3471
f 3469 3470 3468
f 1208 2605 1121
f 4330 3470 3466
f 1123 4338 1124
f 1208 2607 125
f 1126 1125 2414
f 2609 462 4344
f 1214 1126 2414
f 2610 463 1127
f 3466 3467 3465
f 463 1215 1127
f 3462 4472 2063
f 1129 4344 4342
f 4346 983 1280
f 3464 3462 3463
f 4188 187 5022
f 1133 2616 444
f 940 1136 4349
f 4631 4630 3459
f 1217 2614 129
f 4348 1135 4350
f 1218 1135 4353
f 3460 3461 3459
f 137 2013 2626
f 1141 2618 2619
f 4356 1145 1217
f 449 4356 131
f 1217 1145 4351
f 1142 1141 467
f 467 1143 1142
f 1226 2621 4357
f 4452 449 1219
f 350 3080 1397
f 247 1996 2154
f 137 2018 2013
f 5255 1148 1147
f 1956 1222 1148
f 2626 2013 1231
f 3457 3458 3456
f 3454 4416 3458
f 4317 1715 3453
f 1232 2629 2207
f 3454 3455 3453
f 2253 2635 4370
f 3448 3449 3450
f 5258 3447 690
f 3445 142 690
f 2590 141 3442
f 1224 471 2638
f 4376 451 2639
f 4363 148 2063
f 2639 472 1157
f 472 1240 1157
f 1159 1158 93
f 4380 1161 1158
f 1160 1159 87
f 1163 1160 4267
f 473 1162 4383
f 2581 454 3960
f 1163 2640 473
f 2641 4375 1240
f 1164 140 1165
f 1165 140 1243
f 3076 1238 2642
f 453 4388 2643
f 109 1247 4385
f 1168 167 1245
f 3492 1170 4276
f 2646 1246 1170
f 3799 1251 2647
f 1250 4391 3960
f 3107 141 2590
f 3433 3434 3432
f 4358 3429 102
f 3417 3424 1206
f 1176 4397 1177
f 477 1178 4400
f 478 1261 4401
f 477 4397 4404
f 4400 4403 1262
f 1180 2651 456
f 3984 1181 1180
f 3419 4443 124
f 1397 3855 350
f 1264 2657 4016
f 4409 4033 1186
f 4043 1266 4411
f 2063 148 3462
f 4412 1188 1187
f 1189 4415 479
f 2658 4417 479
f 4516 1190 2871
f 480 1191 2658
f 480 1270 1191
f 1191 4418 3456
f 123 4335 3417
f 3413 3411 3412
f 4125 1331 4424
f 2664 4389 1196
f 5251 3413 3409
f 3409 3410 3408
f 4371 1198 2632
f 4430 4537 1276
f 3405 3406 3407
f 3407 3403 4217
f 3404 3402 3403
f 4369 2385 3399
f 3401 3399 3400
f 4566 1282 4439
f 3045 432 4381
f 4525 3396 4526
f 3398 3396 3397
f 1211 5242 1212
f 483 4449 2675
f 1212 5242 2735
f 484 1213 2676
f 3392 3393 3391
f 1290 1213 484
f 4294 3393 3389
f 4447 1215 4449
f 4987 1354 4451
f 1221 1218 4353
f 1219 130 2681
f 156 1713 183
f 130 1218 2681
f 1292 1221 5003
f 2207 162 609
f 3388 4407 3984
f 3389 3390 3388
f 2684 2797 2621
f 1226 1294 2682
f 2418 422 4459
f 1229 1228 5254
f 4460 1300 1228
f 4538 122 1284
f 5257 4568 4461
f 2013 2747 1231
f 5246 3387 674
f 2688 1918 1286
f 674 3385 112
f 2606 3380 1169
f 2691 2551 1306
f 4274 3380 2606
f 2693 2588 1237
f 108 3379 4278
f 2696 471 1298
f 1311 4476 3091
f 4479 1239 2641
f 4479 1241 1239
f 1314 4481 2700
f 3384 2 4254
f 452 1238 4377
f 1242 165 1243
f 1243 165 1244
f 1312 2759 490
f 1244 165 1318
f 4484 167 1322
f 1316 1245 4484
f 1246 1247 2643
f 3376 3377 3375
f 1324 1248 2703
f 1320 4487 491
f 168 1249 1248
f 3373 5243 3377
f 492 1252 4490
f 2705 1408 4492
f 3426 3370 4243
f 452 1156 1079
f 3371 3370 60
f 3369 3367 3368
f 1257 4496 5256
f 3369 3365 5241
f 2714 5230 1330
f 3365 3366 3364
f 4500 1259 1258
f 495 1260 4503
f 4504 496 1334
f 2715 1260 495
f 4503 4506 1335
f 478 1262 2715
f 1262 4403 3499
f 3363 3361 3362
f 2721 5198 1337
f 3363 3359 4107
f 3360 3358 3359
f 1271 1268 1500
f 1269 1268 4514
f 498 1270 4517
f 2722 4519 498
f 4622 1271 1500
f 499 1272 2722
f 1344 1272 499
f 5182 1273 1272
f 1934 2611 3357
f 3357 2611 2620
f 2620 2611 2617
f 5164 1418 4528
f 2617 3320 2620
f 2611 3355 2617
f 3354 3352 3353
f 3394 3349 4262
f 3350 3351 3349
f 4422 4421 3346
f 2253 86 4373
f 4271 2233 450
f 1286 1918 1287
f 2736 501 4542
f 4371 2632 469
f 2737 502 1288
f 3348 3346 3347
f 1288 502 1371
f 3345 3343 5236
f 4542 4540 1290
f 1438 4544 5138
f 5003 2489 1292
f 4549 157 1357
f 4548 1377 2044
f 1373 1294 504
f 468 1295 504
f 183 1713 1295
f 4554 5124 1297
f 5124 1365 1297
f 5107 1299 4557
f 3342 3340 3341
f 3336 3337 3335
f 2022 4460 1301
f 4563 487 1358
f 1382 2743 506
f 1385 4564 2745
f 2746 5068 1381
f 4186 3337 3333
f 3333 3334 3332
f 4570 2751 1305
f 4571 5062 211
f 211 2808 1304
f 5233 3331 3328
f 3328 3329 88
f 2644 3326 3343
f 5047 1390 2754
f 2644 77 3291
f 4373 3323 4374
f 3324 3325 3323
f 2553 2634 470
f 2677 2659 3316
f 490 1395 1312
f 1313 2760 5044
f 1536 349 3850
f 1315 492 5026
f 4589 1315 5026
f 1317 2761 1316
f 490 164 1395
f 1319 163 1401
f 1396 164 512
f 4595 491 1405
f 1320 188 1321
f 2054 188 1323
f 1402 1323 4188
f 513 1326 4596
f 4336 1407 2822
f 513 1410 1325
f 2659 83 3319
f 2762 5005 1326
f 1326 5005 1405
f 1059 2652 3318
f 3318 2659 2677
f 3315 4253 3317
f 3309 3310 3311
f 1331 4607 1332
f 515 1333 4610
f 4611 516 1421
f 2766 1336 515
f 4610 1333 1422
f 496 1335 2766
f 1335 4506 3549
f 3307 5229 3311
f 2772 4999 1424
f 4617 4980 1341
f 4619 4978 1426
f 4413 482 4621
f 1343 4623 517
f 450 2233 1074
f 2773 4626 517
f 1345 4621 4725
f 3308 3306 3307
f 4726 2439 518
f 3305 3303 3304
f 3305 3301 4010
f 3301 3302 3300
f 4633 4964 1490
f 2780 4961 1428
f 3299 3297 3298
f 4721 4637 151
f 3294 3296 2685
f 3294 2685 5235
f 3295 3296 3294
f 1358 487 4538
f 2784 4957 1359
f 1359 4957 1361
f 3291 3327 3326
f 128 1364 1360
f 4646 4945 1441
f 520 1363 2788
f 4647 154 2790
f 521 2787 1362
f 1363 520 1364
f 5109 180 4650
f 4650 180 4662
f 3292 3293 3291
f 2615 1368 1367
f 2792 523 4654
f 2615 2850 1368
f 524 1369 2793
f 3293 3289 5225
f 1449 1369 524
f 3290 3288 3289
f 4652 1371 4654
f 1505 4656 4934
f 1373 504 1374
f 3286 3287 3285
f 2073 246 2953
f 526 1451 1376
f 470 4537 2553
f 4754 5129 1452
f 4745 4663 4700
f 1380 4664 4904
f 527 1459 4665
f 3284 3282 3283
f 4155 3928 3279
f 3280 3281 3279
f 2785 1382 506
f 2803 5062 1384
f 1460 1384 2806
f 1385 2807 508
f 215 210 1463
f 1386 215 1466
f 1387 1386 528
f 1388 2808 4901
f 4890 1389 2810
f 4762 2813 4890
f 4873 1391 4669
f 3276 4319 4318
f 1445 2816 4867
f 3278 3276 3277
f 3272 5222 3274
f 4845 1471 2819
f 3273 3271 3272
f 3590 1431 2820
f 1395 164 1396
f 1396 512 1475
f 1398 4684 5027
f 3269 3270 3268
f 1479 4689 4686
f 1399 166 1402
f 1399 5022 1400
f 1400 5022 1403
f 1401 163 4690
f 1401 531 1475
f 1403 5022 4820
f 2637 471 2588
f 1403 4691 1404
f 1404 532 1477
f 2638 85 2797
f 4491 1407 4336
f 533 1410 2822
f 3013 1409 2823
f 534 1412 4695
f 4688 1409 3013
f 3256 3257 989
f 4695 1412 4697
f 5217 3257 3252
f 1480 1412 534
f 1483 4702 4818
f 3260 611 4245
f 3249 3250 3251
f 3247 5216 3251
f 4117 3246 3242
f 3236 3234 3235
f 4710 1419 1418
f 535 1420 4713
f 536 1493 4714
f 4710 4717 535
f 4713 4716 1494
f 516 1422 2830
f 1422 4802 1423
f 3236 3232 5214
f 3233 3231 3232
f 4722 192 4803
f 1496 2836 4796
f 4724 4782 1498
f 537 1429 1428
f 3228 3229 3230
f 537 1430 4726
f 4728 1430 537
f 205 1432 4728
f 3586 1432 205
f 3952 3230 3226
f 3226 3227 3225
f 4746 1550 4733
f 3223 3224 3222
f 3221 3219 3220
f 1931 2716 3218
f 2716 2738 3218
f 448 2627 2305
f 1442 2846 4718
f 2723 2738 2716
f 521 1443 4718
f 4819 4745 4700
f 1445 4867 1446
f 4749 2851 540
f 4867 2901 1446
f 1447 2852 541
f 2723 3356 2738
f 1447 541 1514
f 4070 4379 2723
f 1449 4749 4747
f 4696 1562 4751
f 1377 5129 526
f 4753 1454 1451
f 1452 5129 3574
f 1456 2858 2435
f 2797 85 2622
f 527 544 1516
f 1456 544 543
f 1517 1516 4681
f 2435 2102 2101
f 1516 1459 527
f 2436 1460 2806
f 209 2133 4761
f 1462 212 1519
f 2113 1462 213
f 229 1524 1464
f 1468 1464 232
f 1465 1464 545
f 1466 1465 4651
f 4651 1467 4668
f 4205 3213 4206
f 1469 1468 233
f 2862 1470 4763
f 233 4831 4764
f 3214 3215 3213
f 1510 2865 3322
f 3209 3210 3208
f 5210 3210 3206
f 3206 3207 3205
f 3204 3202 3203
f 3200 3201 3199
f 1476 4775 4777
f 4778 532 1589
f 4628 1478 2869
f 4781 4615 2143
f 2269 349 1536
f 4783 1481 186
f 348 2271 1672
f 3196 3992 4755
f 3198 3196 3197
f 4099 3193 4100
f 3194 3195 3193
f 1489 4790 4609
f 3187 3188 3186
f 2884 4598 1549
f 4308 3183 4045
f 1490 4794 1491
f 548 4801 4797
f 549 1553 4798
f 548 2885 4801
f 4797 1492 1554
f 1494 2885 536
f 1494 4716 3668
f 2888 1497 4804
f 3185 3183 3184
f 2891 4594 1556
f 3591 2908 2122
f 3181 5204 3185
f 3180 3178 3179
f 4810 4546 1614
f 3177 3175 3176
f 2767 3174 1890
f 2786 3174 2767
f 539 1564 4816
f 3191 1508 2899
f 2775 2786 2767
f 3423 2786 2775
f 1510 3322 1511
f 4823 2902 551
f 3399 2385 117
f 552 1512 2903
f 3172 2775 2767
f 1573 1512 552
f 4004 3169 4005
f 4821 1514 4823
f 1624 4825 4521
f 1516 544 4681
f 3170 3171 3169
f 3166 3941 18
f 1522 1521 227
f 260 2169 1521
f 4887 228 1566
f 724 2135 4829
f 1523 230 2137
f 234 1579 1525
f 1528 1525 264
f 1526 1525 554
f 3166 1876 3168
f 4832 1527 4831
f 265 1529 1528
f 2912 1530 4832
f 1582 1529 265
f 5199 3168 3164
f 3165 3163 3164
f 117 2385 4256
f 3159 3157 3158
f 4502 1535 4843
f 3156 3154 3155
f 4842 555 1595
f 271 1538 2916
f 2794 3153 1877
f 4850 4483 1589
f 270 1539 1538
f 270 1598 1539
f 557 1591 4355
f 2802 3153 2794
f 1540 4851 3712
f 2179 1600 4853
f 3437 2802 3151
f 3911 3938 3151
f 4454 1606 4859
f 296 1603 2920
f 2802 2794 3151
f 3947 3946 3148
f 3149 3150 3148
f 3147 3145 3146
f 1550 4865 1551
f 558 1552 4868
f 559 1617 4869
f 558 2924 4872
f 4871 1618 4868
f 1554 2924 549
f 4446 1555 1554
f 3140 3893 2774
f 3141 3142 3140
f 3137 3917 3916
f 3137 3138 3139
f 1677 4881 4419
f 4972 3134 3908
f 3135 3136 3134
f 3132 5193 3136
f 4817 1564 539
f 4887 1566 1626
f 2932 1568 4889
f 2932 257 1628
f 4263 1570 2934
f 4893 2934 561
f 2969 1570 4263
f 562 1571 561
f 2831 3796 1855
f 562 1634 1571
f 5189 3729 3796
f 1573 4893 4891
f 4386 1687 4895
f 2831 3129 3796
f 2976 4899 5205
f 3128 3438 2206
f 262 2172 1578
f 1642 1580 266
f 1580 286 1583
f 1581 1580 564
f 5037 5038 3127
f 1582 4902 4903
f 287 1584 1583
f 4903 2941 3692
f 287 1645 1584
f 4970 4967 3126
f 2944 292 1649
f 3127 3128 3126
f 4909 4355 1590
f 4355 1591 1590
f 1654 1591 557
f 1594 1592 4347
f 1653 4974 2945
f 1593 317 1658
f 1593 269 1594
f 1595 2945 4347
f 565 555 1654
f 272 1599 1596
f 566 1597 1596
f 1602 1597 566
f 567 1598 1597
f 1652 1598 567
f 4853 1599 272
f 4911 1601 566
f 1664 2946 273
f 1663 1601 568
f 1602 1601 318
f 1655 1602 318
f 2947 295 1604
f 1604 295 1605
f 4913 3764 294
f 2853 3125 3481
f 4341 1607 2950
f 4918 4337 1671
f 4990 2952 328
f 3123 5038 333
f 3481 3122 3482
f 1613 4922 4315
f 332 3120 3821
f 2958 4314 1676
f 3490 2886 3119
f 1614 4926 1615
f 4929 570 1616
f 4930 571 1680
f 4933 570 2959
f 1681 4929 4932
f 1618 2959 559
f 3774 1618 4871
f 3490 3117 3536
f 3113 3539 3537
f 1735 4938 4291
f 3113 3096 3112
f 3110 3541 2917
f 3110 3108 3109
f 255 1627 1626
f 1628 2192 255
f 5061 1631 1630
f 573 1633 2971
f 3002 1631 5061
f 1632 2972 309
f 473 4383 4380
f 3589 3541 1847
f 3076 1165 475
f 3594 2936 3105
f 5121 5122 3104
f 3104 3105 3103
f 4898 1637 4900
f 4955 4959 262
f 4269 1639 2976
f 3102 3595 3594
f 5122 1791 597
f 4958 4266 1699
f 3099 5145 5171
f 1641 4960 3752
f 1643 288 1704
f 312 1646 1643
f 1644 1643 576
f 5187 3099 5188
f 4963 1648 4962
f 1646 314 3805
f 5086 2979 312
f 3749 1647 2935
f 1649 292 2231
f 768 4968 2981
f 3095 619 3096
f 2982 578 1707
f 348 1672 2266
f 1653 4973 4233
f 1654 557 1652
f 4233 1655 1653
f 1656 2121 3706
f 4975 1659 1656
f 1658 1657 269
f 1658 317 1662
f 2983 580 1717
f 1661 2985 579
f 321 1718 1660
f 580 1661 1660
f 579 1662 1661
f 317 2232 1714
f 568 4981 1663
f 4913 1664 273
f 4227 1666 2987
f 1724 2988 294
f 4227 3810 1666
f 1666 4979 1667
f 783 320 793
f 1668 4608 2951
f 2246 4507 327
f 2246 784 1670
f 4225 1727 4984
f 4986 581 4991
f 581 5050 4989
f 4989 346 4991
f 3094 5176 5187
f 3093 5156 5174
f 5184 3926 3092
f 3094 3092 3093
f 1677 4997 1678
f 5000 582 1679
f 5001 583 1738
f 1682 582 2993
f 1679 1739 5000
f 2993 571 1681
f 1681 4932 3818
f 3118 3088 3119
f 3088 3077 3089
f 5009 4201 1777
f 3085 5157 613
f 5155 3084 5141
f 5163 2960 3083
f 2960 3970 610
f 4189 1748 5016
f 1693 1692 4281
f 306 1695 3004
f 1754 5017 4183
f 5019 307 5081
f 3085 3083 3084
f 5021 306 3794
f 313 3046 3007
f 4958 1699 4960
f 3661 246 2073
f 1700 3010 4139
f 3082 5153 5133
f 3875 3081 3874
f 5015 1701 575
f 1702 338 2254
f 285 1759 5025
f 2227 1703 310
f 5086 1705 2979
f 1706 5031 4129
f 2418 2562 422
f 3080 5132 1397
f 1711 1708 588
f 1709 1708 315
f 3081 3082 3080
f 1751 1709 589
f 1711 1710 316
f 1754 1711 588
f 333 5038 1712
f 5037 4971 5039
f 2121 243 3707
f 3072 5131 5098
f 5040 782 4982
f 3071 3857 3858
f 5042 3018 1716
f 580 1718 1717
f 321 1722 1718
f 1719 343 2258
f 591 1721 3018
f 1768 1720 341
f 343 1721 1720
f 591 1722 1721
f 1765 321 2255
f 324 5091 5046
f 2256 1725 340
f 3718 1727 4225
f 3070 5096 1730
f 3076 475 3091
f 1730 347 3070
f 3071 3072 3070
f 3021 4061 1770
f 1800 2257 3069
f 3067 5121 3980
f 3066 5116 4170
f 3831 3065 4041
f 5060 1736 1735
f 5063 593 1737
f 5064 594 1780
f 5067 593 5060
f 1781 5063 5066
f 3025 583 1739
f 4057 1740 1739
f 2050 160 2615
f 5115 3868 3063
f 3029 4048 1784
f 1805 3032 5105
f 1743 3015 1744
f 3062 3063 3061
f 5097 3056 5069
f 3057 3055 3056
f 5078 4041 1788
f 1751 589 1752
f 1751 596 1753
f 2515 82 4223
f 5058 3054 5095
f 5081 596 1755
f 307 5017 1753
f 1755 596 1756
f 1169 110 3492
f 5125 5084 587
f 4024 3049 3047
f 530 3520 179
f 1420 2636 4716
f 3845 3846 3053
f 1761 263 5077
f 1762 339 1793
f 1764 1763 600
f 311 1792 600
f 1796 1764 600
f 5088 326 1766
f 344 341 1800
f 1799 1811 344
f 5092 4061 5089
f 3052 5057 2535
f 3053 3054 3052
f 3051 3065 3064
f 1776 5097 3998
f 4024 1790 3049
f 1804 3057 3989
f 4024 3047 5083
f 1777 5101 1778
f 1730 3843 347
f 5103 603 1808
f 5108 602 5101
f 1809 1779 3986
f 3058 594 1781
f 3862 1781 5066
f 1783 789 3027
f 2774 3879 6
f 3982 1812 5111
f 1145 2454 446
f 3066 3043 3067
f 3041 3044 3043
f 3038 3102 597
f 2205 3079 1815
f 5127 1790 4024
f 3039 3040 3038
f 3980 1814 3067
f 311 1793 1792
f 1792 606 5126
f 1794 606 3979
f 607 1816 5128
f 1794 3979 1795
f 5117 1795 5085
f 4189 3791 3037
f 1797 5126 5123
f 607 3079 1816
f 344 1800 1799
f 5078 599 3036
f 3035 1536 3850
f 4950 3034 4949
f 3492 110 3799
f 3030 5135 1806
f 608 5139 5136
f 1806 1825 3073
f 3075 5139 608
f 1826 1807 3970
f 3075 603 1809
f 1810 1809 3986
f 132 4442 2485
f 1812 3078 604
f 604 3078 3118
f 3982 1822 1812
f 4386 3033 5014
f 3035 3033 3034
f 3032 4202 5105
f 2485 3068 132
f 5172 5154 792
f 3031 5071 5072
f 1821 5155 3966
f 3031 3032 3030
f 1837 3085 613
f 3074 1822 3982
f 3087 614 1824
f 1824 1823 3087
f 3115 3089 615
f 1824 614 5162
f 3116 751 1834
f 5136 5161 1825
f 1826 3970 1827
f 1827 3970 2960
f 5185 5165 617
f 5071 4048 3029
f 3090 5167 3103
f 1830 5170 618
f 618 3097 5171
f 3777 3778 3028
f 3028 3029 3027
f 4995 3024 5056
f 5178 616 1835
f 5178 3114 1834
f 5181 616 474
f 1836 1835 5180
f 3813 3814 3023
f 613 3926 1837
f 4994 3760 3022
f 476 3763 2646
f 1840 3097 3920
f 3023 3024 3022
f 3019 346 3021
f 5036 5033 1843
f 1844 5191 3595
f 1845 3102 3594
f 3105 3589 1846
f 132 3068 3124
f 3110 3539 1848
f 3113 3537 1849
f 1850 3095 1966
f 1851 3117 3490
f 3482 1852 3119
f 3481 1853 3122
f 3438 1854 3125
f 1719 3016 3017
f 578 4970 3131
f 807 1857 1859
f 3147 1857 807
f 1857 1 1858
f 813 3133 5192
f 3015 4251 201
f 621 3135 1859
f 812 1860 1862
f 3159 1860 812
f 1860 4 1861
f 826 3139 5194
f 3037 3036 586
f 1862 622 3141
f 819 1863 1865
f 871 2375 3906
f 1863 7 1864
f 5195 830 3144
f 3010 4266 4139
f 1865 623 3146
f 1868 3437 429
f 828 3142 429
f 1867 1866 5
f 5196 850 3150
f 3008 5024 263
f 1868 624 2802
f 829 1869 1871
f 3180 1869 829
f 1869 11 1870
f 852 3156 5197
f 3008 3009 3010
f 1871 625 3158
f 1873 626 3936
f 344 1811 795
f 1873 1872 13
f 3795 822 3160
f 1876 846 1874
f 1874 846 3909
f 1875 1874 16
f 16 2775 1875
f 3006 4951 4952
f 2890 663 178
f 854 2794 1879
f 2794 1877 1879
f 1878 1877 9
f 891 3171 5201
f 3049 3048 3005
f 1879 628 2786
f 1880 1882 855
f 855 3204 1880
f 20 1881 1880
f 5202 893 3177
f 3006 3007 3005
f 3179 1882 629
f 1883 1885 872
f 1883 872 2338
f 22 1884 1883
f 5203 910 3182
f 3002 3754 3755
f 630 3184 1885
f 331 632 1886
f 916 3422 3190
f 1887 1886 25
f 1887 3937 844
f 4239 445 940
f 1888 631 3188
f 888 890 1889
f 1889 29 637
f 1890 1892 895
f 895 2767 1890
f 1890 19 1891
f 953 3195 5208
f 3001 4648 3743
f 1892 634 3197
f 1893 1895 896
f 1893 896 3224
f 1894 1893 33
f 3201 5209 955
f 3000 5013 3825
f 3203 1895 635
f 1896 3415 897
f 1896 897 3299
f 1896 3295 3381
f 3381 35 3340
f 1898 3415 636
f 636 3209 1898
f 4236 443 4234
f 1004 4075 4097
f 1902 3356 358
f 3198 358 957
f 32 1901 1900
f 5211 1021 3215
f 4895 2999 4894
f 638 2738 1902
f 1903 1905 958
f 958 3287 1903
f 1904 1903 42
f 1023 3221 5212
f 2998 4943 4521
f 3223 1905 639
f 1908 959 1906
f 4105 4106 1088
f 1907 1906 44
f 44 3297 1907
f 3000 2998 2999
f 3229 1908 640
f 960 1909 1911
f 3342 1909 960
f 46 1910 1909
f 5213 1029 3233
f 4935 2997 4711
f 641 3235 1911
f 1912 643 3240
f 1045 4230 972
f 973 4120 1913
f 1913 4120 4026
f 985 1914 1916
f 2425 1914 985
f 1915 1914 56
f 3248 5215 1048
f 2996 4202 5007
f 1060 1916 645
f 3254 988 2490
f 1917 2490 1062
f 4618 4999 4509
f 4138 4252 1917
f 2121 2148 243
f 5217 874 4140
f 1919 2548 1920
f 1920 62 929
f 989 1919 647
f 647 3258 989
f 1922 1924 991
f 3270 1922 991
f 1922 3266 1923
f 3261 5219 1039
f 2995 5009 5008
f 2702 1247 1246
f 992 1925 1926
f 992 4056 1925
f 1926 1925 67
f 67 2440 1926
f 2997 2995 2996
f 1927 649 3269
f 1930 1005 1928
f 1086 1928 4171
f 1928 3383 1929
f 3273 5221 1081
f 2992 4993 4923
f 1930 650 3274
f 1933 1025 1931
f 1931 1025 2716
f 1932 1931 40
f 1108 3278 5223
f 3769 3770 2991
f 651 3280 1933
f 1936 1026 1934
f 1026 2611 1934
f 1934 73 1935
f 3284 5224 1110
f 4921 4806 2990
f 3286 1936 652
f 1939 1027 1937
f 4211 4212 1088
f 1937 75 1938
f 5088 2255 793
f 2992 2990 2991
f 653 3292 1939
f 1942 1027 1940
f 1940 1027 1939
f 77 1941 1940
f 1098 1941 77
f 2987 1665 4227
f 654 3298 1942
f 1028 1943 1945
f 1173 4213 4214
f 1944 1943 78
f 959 3302 5227
f 2984 3656 3657
f 655 3304 1945
f 1948 1029 1946
f 4216 1183 4215
f 1947 1946 80
f 5228 1115 3308
f 2983 2984 1659
f 656 3310 1948
f 1951 1039 4226
f 4226 1040 1949
f 1950 1949 50
f 3751 3747 2978
f 1949 657 1951
f 1951 657 3313
f 1064 1952 1954
f 4142 1952 1064
f 1953 1952 66
f 3262 1953 66
f 575 2977 3001
f 1954 658 3319
f 2559 421 4333
f 3799 110 4489
f 442 2729 2575
f 659 3324 1955
f 1958 1072 1957
f 2976 5205 4269
f 660 1958 1957
f 660 5225 1958
f 1959 1961 1088
f 1088 4106 1959
f 78 1960 1959
f 78 4213 1960
f 1960 1961 1959
f 3330 1961 661
f 1962 1964 1091
f 4288 1174 4287
f 89 1963 1962
f 1175 3334 5234
f 2977 4956 2974
f 1964 662 3336
f 664 1965 1967
f 1099 2587 3345
f 1965 92 3339
f 1995 92 3395
f 2975 1638 2974
f 2007 1759 5023
f 1970 1112 1968
f 1968 1112 3281
f 1968 71 1969
f 5237 1193 3348
f 2970 3701 3702
f 665 3350 1970
f 1973 1113 1971
f 4325 1198 4324
f 1971 96 1972
f 1195 3354 5238
f 2971 2969 2970
f 666 2620 1973
f 1974 1976 1114
f 4327 1254 4326
f 98 1975 1974
f 3360 5239 1028
f 3785 2966 4942
f 3362 1976 667
f 1115 1977 1979
f 4329 1265 4328
f 1977 100 1978
f 1201 3366 5240
f 4824 4825 2965
f 3368 1979 668
f 1981 1147 1980
f 1147 1148 1980
f 1980 3371 1981
f 669 3372 1981
f 1984 1149 1982
f 4361 1232 4360
f 104 1983 1982
f 3374 5242 1211
f 2964 4886 4696
f 1984 670 3376
f 1985 1168 4387
f 1985 4387 3443
f 1986 673 3382
f 1986 4391 1250
f 1986 4390 1987
f 1987 110 1169
f 1988 1990 1173
f 1173 4214 1988
f 98 1989 1988
f 4326 1989 98
f 1989 1990 1988
f 3387 1990 674
f 1991 1993 1175
f 4396 1255 4395
f 113 1992 1991
f 5247 1256 3390
f 2965 2966 2964
f 1993 675 3392
f 3960 454 4480
f 1994 1183 4216
f 1994 46 1995
f 3339 3338 3341
f 1994 676 1183
f 4230 440 4228
f 1997 1999 1197
f 1197 3351 1997
f 1997 94 1998
f 3398 5248 1274
f 1921 4878 2963
f 677 3400 1999
f 2002 1200 2000
f 4432 1328 4431
f 2001 2000 118
f 3404 5249 1114
f 4936 2962 4297
f 3406 2002 678
f 2005 1201 2003
f 2003 4434 1338
f 2004 2003 120
f 1279 3410 5250
f 4938 4937 2961
f 679 3412 2005
f 2006 680 1206
f 1284 2006 4440
f 2006 122 685
f 2006 685 680
f 2010 1209 2008
f 1285 4444 4445
f 2008 4444 2009
f 2009 127 1364
f 2010 2008 682
f 682 3424 2010
f 3499 4403 172
f 2042 3275 1223
f 2011 4456 547
f 547 4242 4241
f 2011 684 1223
f 684 3428 1223
f 2016 1227 2014
f 2014 1227 4247
f 2015 2014 123
f 680 2015 123
f 2962 2963 2961
f 685 3430 2016
f 5254 2017 686
f 1228 1300 2017
f 1230 2018 2020
f 1303 2748 4461
f 2019 2018 137
f 1147 3434 5255
f 4874 4922 2957
f 687 3435 2020
f 2021 2023 1230
f 1230 2020 2021
f 688 938 2022
f 2022 938 1300
f 2021 688 2023
f 688 3439 2023
f 1254 2024 2026
f 4327 2024 1254
f 2024 118 2025
f 118 4431 2025
f 2026 2024 2025
f 3447 2026 690
f 1265 2027 2029
f 4329 2027 1265
f 80 2028 2027
f 80 4215 2028
f 2027 2028 2029
f 691 3451 2029
f 1267 2030 2032
f 4513 1339 4512
f 2031 2030 144
f 3455 5259 1185
f 2956 2957 2958
f 2032 692 3457
f 2035 1277 2033
f 2033 1277 3401
f 2033 116 2034
f 1348 3461 5261
f 2955 4920 4863
f 693 3463 2035
f 1278 2036 2038
f 1415 4529 4530
f 2037 2036 149
f 1200 3467 4177
f 3724 2954 3723
f 694 3469 2038
f 2039 2041 1279
f 4531 4532 1425
f 151 2040 2039
f 3473 5118 1353
f 4862 2073 2953
f 2041 695 3475
f 3275 2043 1285
f 2042 2043 3275
f 3477 2043 2042
f 3478 2043 696
f 2044 697 1293
f 2708 442 2575
f 4550 2045 2044
f 1374 2045 155
f 2048 1296 4554
f 1297 2046 4554
f 2046 4553 2047
f 4553 5253 3245
f 698 2048 2046
f 698 3484 2048
f 1306 2049 2051
f 4573 1390 4572
f 2049 160 2050
f 1367 3486 2615
f 2953 2954 2955
f 699 3488 2051
f 700 1317 2052
f 4915 4341 2950
f 4858 4859 2949
f 2052 913 1319
f 701 1321 2054
f 1321 188 2054
f 2054 166 2055
f 2950 2948 2949
f 2058 1328 2056
f 2056 1328 4432
f 2057 2056 149
f 149 4529 2057
f 2058 2056 2057
f 702 3495 2058
f 2059 2061 1330
f 1416 4605 4606
f 2059 170 2060
f 1417 3498 3167
f 4906 2943 4837
f 2061 703 3500
f 1338 4434 2064
f 2064 4434 2062
f 2708 2542 442
f 2608 3414 423
f 704 2064 2062
f 704 3506 2064
f 2067 1351 2065
f 2065 1351 3464
f 2065 147 2066
f 1433 3509 3060
f 2943 2944 2942
f 705 3511 2067
f 2070 1352 2068
f 4635 1486 4634
f 2068 176 2069
f 3515 1729 1278
f 2941 1645 2978
f 2070 706 3517
f 2071 3243 1353
f 4721 4636 4637
f 4636 3237 2071
f 1437 3217 663
f 3243 707 3471
f 3471 707 3523
f 2074 2076 1378
f 2074 4663 1444
f 2074 4662 2075
f 4910 1296 3527
f 2939 3694 3690
f 3528 2076 708
f 2079 1379 2077
f 2077 4664 1380
f 1380 2078 2077
f 3532 182 1458
f 2077 709 2079
f 709 3535 2079
f 2082 1406 2080
f 1406 3606 2080
f 2081 2080 186
f 186 1481 2081
f 4399 4892 2937
f 2082 711 3540
f 2083 2085 1415
f 1415 4530 2083
f 2083 176 2084
f 2084 176 4634
f 2084 2085 2083
f 712 3545 2085
f 2086 2088 1417
f 1487 4708 4709
f 190 2087 2086
f 1488 3548 3420
f 3640 3641 236
f 713 3550 2088
f 2091 1425 2089
f 1425 4532 2089
f 120 2090 2089
f 120 4433 2090
f 2090 2091 2089
f 2091 714 3555
f 1427 2092 2094
f 4724 1498 4723
f 2092 193 2093
f 3558 3216 1340
f 3734 2931 4885
f 3560 2094 715
f 1435 2095 2097
f 1435 3512 2095
f 2096 2095 174
f 3564 3020 1501
f 2930 4750 4751
f 2097 716 3566
f 1436 2098 2100
f 1547 4734 4735
f 2098 198 2099
f 3570 2933 1352
f 4934 2929 4815
f 2100 717 3572
f 2101 2103 1437
f 4737 1556 4736
f 2101 200 2435
f 2858 2102 2435
f 2930 2931 2929
f 2103 718 3578
f 2104 2106 1457
f 4757 4758 1567
f 2104 202 2105
f 1378 3582 5054
f 4756 4807 2928
f 719 3584 2106
f 1458 2107 720
f 3593 2107 1458
f 2107 204 2108
f 2108 204 3615
f 2109 721 3593
f 2109 1459 1516
f 2111 722 1461
f 3984 1094 3389
f 82 4253 2804
f 2110 730 2111
f 82 2804 4223
f 1462 1463 2112
f 3601 2113 724
f 2113 1463 1462
f 2114 2116 161
f 2114 1482 3655
f 2114 216 2115
f 1540 2115 4912
f 2927 4420 4879
f 2116 725 3605
f 2119 1486 2117
f 2117 1486 4635
f 2117 198 2118
f 2118 198 4734
f 2118 2119 2117
f 726 3611 2119
f 101 3411 2821
f 2254 338 5023
f 2698 242 2876
f 3614 4833 1427
f 2122 2120 727
f 727 3616 2122
f 1503 2123 2125
f 3567 2123 1503
f 2123 196 2124
f 4756 1558 3620
f 4881 4880 2926
f 2125 728 3622
f 1504 2126 2128
f 1610 4811 4812
f 2126 222 2127
f 3626 4661 1436
f 2928 2926 2927
f 3628 2128 729
f 4816 2129 1507
f 208 722 2129
f 2130 2132 1518
f 1629 4826 4827
f 225 2131 2130
f 1457 3633 4405
f 4791 2923 4861
f 731 3635 2132
f 4761 2133 1519
f 1520 2133 209
f 3596 2134 1520
f 1564 2134 208
f 1521 2135 734
f 1521 1576 2135
f 2136 735 5053
f 3664 2922 3663
f 2137 736 3639
f 2137 1524 2136
f 1531 2138 2140
f 3705 2138 1531
f 2138 235 2139
f 2934 3641 4263
f 4847 2921 4789
f 2140 738 3643
f 3984 3389 3388
f 4843 1535 2141
f 2142 2141 4842
f 238 1592 3646
f 2143 2141 739
f 739 3648 2143
f 2146 1543 2144
f 4857 1544 2919
f 2144 3086 2145
f 3086 756 3652
f 2921 2922 2923
f 2146 740 3654
f 1545 2147 2149
f 2878 2147 1545
f 243 2148 2147
f 3657 2121 1656
f 186 2918 4783
f 2149 741 3659
f 1547 2150 2152
f 4735 2150 1547
f 2150 222 2151
f 2151 222 4811
f 2152 2150 2151
f 742 3663 2152
f 2153 2155 1549
f 4864 1611 4863
f 247 2154 2153
f 3667 1996 1612
f 4944 525 4934
f 743 3669 2155
f 1560 2156 2158
f 3623 2156 1560
f 220 2157 2156
f 3673 1921 1620
f 4838 3756 2915
f 2158 744 3675
f 1561 2159 2161
f 1674 4882 4883
f 2159 252 2160
f 3679 1698 1504
f 4836 2914 4769
f 745 3681 2161
f 3683 2162 746
f 4817 2162 3683
f 2165 1567 2163
f 1567 4758 2163
f 2163 225 2164
f 225 4826 2164
f 2914 2915 2913
f 2165 747 3687
f 1575 2166 2168
f 4897 1691 4896
f 2167 2166 258
f 3691 5244 1518
f 1585 207 1582
f 748 3693 2168
f 749 3697 2169
f 2169 1576 1521
f 2170 2169 260
f 2170 260 1626
f 2171 750 4285
f 2910 3636 3632
f 3700 2172 3699
f 2171 2172 1579
f 1586 2173 2175
f 1586 3758 2173
f 2173 267 2174
f 5061 1630 3702
f 4876 2907 4660
f 3704 2175 753
f 3710 2176 754
f 2176 1592 1594
f 269 2177 2176
f 269 1657 2177
f 2178 756 1604
f 1605 2178 1604
f 2178 273 2179
f 437 2871 2524
f 70 2180 2182
f 3660 2180 1608
f 2181 2180 244
f 1716 3717 5043
f 4522 4822 2906
f 2182 757 3719
f 1610 2183 2185
f 4812 2183 1610
f 2184 2183 252
f 2184 252 4882
f 2185 2183 2184
f 758 3724 2185
f 2188 3173 356
f 1622 3676 356
f 2187 2186 250
f 3727 4711 1683
f 2900 4712 4744
f 759 2579 2188
f 2189 2191 1623
f 4939 4940 1732
f 2190 2189 279
f 3733 4657 1561
f 2897 4814 3680
f 3735 2191 760
f 1627 2192 761
f 2896 4655 4656
f 2192 257 2193
f 3687 747 3688
f 1629 2194 2196
f 4827 2194 1629
f 2195 2194 258
f 2195 258 4896
f 5138 2895 4740
f 3744 2196 762
f 2199 1636 2197
f 1750 4953 4954
f 2197 282 2198
f 3748 4384 1575
f 2897 2895 2896
f 763 3750 2199
f 5104 2200 764
f 2894 3020 4730
f 765 3753 2201
f 2200 2201 1642
f 1649 2202 2204
f 4808 2893 4565
f 2202 289 4281
f 4281 1692 2203
f 4809 2892 4810
f 767 3757 2204
f 3282 2909 42
f 1651 4968 768
f 3781 5090 823
f 292 291 781
f 2205 3829 3079
f 768 3762 1651
f 2210 1674 2208
f 2208 1674 4883
f 2208 279 2209
f 279 4939 2209
f 2209 2210 2208
f 770 3770 2210
f 2211 2213 1676
f 4996 1733 4995
f 298 2212 2211
f 1734 3773 3738
f 2894 2892 2893
f 2213 771 3775
f 2216 1685 2214
f 2214 1685 3730
f 277 2215 2214
f 3737 1741 3778
f 4782 4594 2891
f 772 3780 2216
f 1686 2217 2219
f 5011 1773 5010
f 2218 2217 302
f 3784 3714 1623
f 4737 663 2890
f 3786 2219 773
f 2220 2222 1691
f 2220 1691 4897
f 2220 282 2221
f 2221 282 4953
f 2889 4796 4723
f 2222 774 3792
f 775 1694 2223
f 5020 1786 3062
f 2224 2223 3062
f 2225 2224 305
f 776 3798 2225
f 2225 1696 2224
f 2226 777 4284
f 2890 2887 2891
f 1704 2227 778
f 2226 2227 1704
f 2229 1706 2228
f 3046 2228 1757
f 2228 313 2229
f 1697 2229 313
f 1706 2229 2230
f 2230 779 3805
f 781 316 2231
f 2231 1710 2202
f 317 1714 1662
f 4974 2232 317
f 2657 1769 4016
f 2938 415 4293
f 2889 2887 2888
f 1670 784 601
f 601 2235 785
f 2883 4719 4790
f 1766 2236 2235
f 1723 2236 326
f 2237 786 4990
f 1726 796 2237
f 4410 4016 457
f 1534 3003 436
f 1732 2239 2241
f 4940 2239 1732
f 2240 2239 302
f 5010 2240 302
f 2241 2239 2240
f 3814 2241 787
f 2242 2244 1734
f 5059 1774 5058
f 330 2243 2242
f 1775 3817 2422
f 2884 2882 2883
f 3819 2244 788
f 4549 3480 157
f 436 3003 2519
f 789 2245 301
f 4708 2881 4788
f 2249 1745 2247
f 5076 1802 5075
f 2248 2247 334
f 2284 1686 3824
f 2880 3610 3611
f 2249 790 3826
f 2250 2252 1750
f 1750 4954 2250
f 2250 336 2251
f 2251 336 3048
f 4707 3930 2879
f 3832 2252 791
f 2879 2880 2881
f 285 2254 1759
f 3012 435 4408
f 4702 2877 4701
f 1765 1722 321
f 2255 321 783
f 5087 2256 794
f 2235 1725 1766
f 2256 340 2257
f 2876 4856 2698
f 1767 2258 795
f 3016 2258 1767
f 1770 2259 2261
f 1771 2259 5092
f 2260 2259 5091
f 324 784 3808
f 2261 2259 2260
f 796 3841 2261
f 2264 1773 2262
f 2262 1773 5011
f 334 2263 2262
f 5075 2263 334
f 2263 2264 2262
f 797 3846 2264
f 1785 2265 2267
f 5113 1818 5112
f 2265 348 2266
f 3849 1672 1745
f 2876 2877 2878
f 3851 2267 798
f 2270 1787 2268
f 2268 1787 3870
f 2268 349 2269
f 3854 1536 1746
f 2873 1537 4848
f 4043 54 144
f 2271 2273 1802
f 5076 2271 1802
f 348 2272 2271
f 5112 2272 348
f 2272 2273 2271
f 3857 2273 800
f 2274 2276 1804
f 5133 5134 1819
f 2274 351 2275
f 1140 1820 3861
f 2873 2874 1481
f 3863 2276 801
f 2279 1813 2277
f 1832 5148 5149
f 2277 354 2278
f 1785 3867 1137
f 4777 4775 2869
f 802 3869 2279
f 3874 2280 803
f 2280 1818 5113
f 2280 354 2281
f 2281 354 5148
f 2282 3876 1841
f 3098 2282 1841
f 3014 435 3012
f 357 3108 2282
f 2868 4770 3703
f 663 3237 178
f 2285 2287 807
f 1859 2285 807
f 3135 352 2285
f 646 806 3880
f 4768 2867 4676
f 3882 2287 805
f 2288 2290 810
f 3895 811 3894
f 12 2289 2288
f 3157 2289 12
f 2868 2866 2867
f 2290 806 646
f 2291 2293 819
f 2291 819 1865
f 8 2292 2291
f 3881 2292 8
f 2262 2284 334
f 808 2546 3890
f 820 2294 2296
f 2307 843 2306
f 2295 2294 360
f 4917 811 3895
f 4765 2864 4670
f 3101 2296 810
f 824 2297 2299
f 3913 825 3912
f 2298 2297 21
f 3178 2298 21
f 2865 2863 2864
f 2299 811 4917
f 816 2300 813
f 621 3133 3132
f 334 2284 2248
f 3027 789 301
f 2302 815 361
f 2862 1527 2910
f 2860 4649 4763
f 2302 814 362
f 834 2304 815
f 834 835 2304
f 4200 435 3014
f 3900 5245 818
f 2859 3585 3581
f 2306 843 3935
f 2307 2294 820
f 820 3907 2307
f 2308 2310 836
f 839 2333 2334
f 2309 2308 366
f 3908 3907 820
f 4904 2856 1454
f 5193 2310 821
f 2573 2311 2313
f 854 3910 3911
f 2312 2311 3910
f 16 1874 2312
f 4699 4748 2855
f 4309 4192 395
f 2314 2316 842
f 2338 872 2337
f 367 2315 2314
f 5079 825 3913
f 2848 4712 4743
f 2316 824 4849
f 848 2317 2319
f 849 3942 3943
f 2318 2317 34
f 3202 2318 34
f 4945 4718 2846
f 5079 2319 825
f 2322 827 2320
f 3919 886 3918
f 2321 2320 368
f 5032 851 3917
f 2844 4743 539
f 5194 2322 826
f 852 2323 2325
f 2355 853 2354
f 2323 369 2324
f 5004 886 3919
f 2845 2846 2844
f 2325 827 5029
f 2326 2328 833
f 814 2326 833
f 1 2327 2326
f 3144 3143 623
f 3627 2843 4739
f 2329 2328 830
f 2329 832 370
f 4543 4544 2842
f 4640 4987 2841
f 2329 831 371
f 862 2331 832
f 862 863 2331
f 2331 3964 2332
f 4988 835 3922
f 2334 2333 2308
f 865 2333 839
f 836 2334 2308
f 2335 2334 836
f 373 2335 838
f 2841 2842 2843
f 4630 2840 3060
f 364 2335 837
f 4731 2839 4779
f 872 2347 2337
f 842 2338 2314
f 3934 2338 842
f 864 2339 2341
f 867 2339 2368
f 2340 2339 2367
f 3934 842 3935
f 2838 4733 4732
f 2341 843 5102
f 2344 883 3987
f 2342 2344 3987
f 2342 2386 2343
f 2343 376 2381
f 2342 847 2344
f 2344 847 5199
f 872 2345 2347
f 1885 2345 872
f 2345 3184 337
f 849 3943 4742
f 2840 2838 2839
f 5041 2347 848
f 2348 2350 884
f 885 3993 3994
f 2348 43 2349
f 2349 43 3222
f 4796 2836 4978
f 849 4742 2350
f 2353 851 2351
f 3949 943 3948
f 2352 2351 377
f 3947 4641 892
f 4803 2835 4804
f 5196 2353 850
f 2834 4999 4618
f 3950 3951 949
f 2355 2323 852
f 852 5197 2355
f 2356 2358 893
f 2400 894 2399
f 378 2357 2356
f 949 3951 4614
f 3555 2833 3554
f 853 4620 2358
f 2359 2361 857
f 900 3955 3956
f 2359 365 2360
f 2360 365 3903
f 2832 2836 2835
f 2361 856 3953
f 2364 903 2362
f 2362 903 4019
f 2362 379 2363
f 2833 2834 2832
f 4605 2829 4706
f 858 3959 2364
f 381 2365 860
f 4027 319 908
f 2365 319 2366
f 4593 863 3962
f 2367 2339 867
f 867 911 2367
f 2368 2339 864
f 2368 864 2369
f 383 2369 866
f 3544 3545 2828
f 4604 5073 2827
f 2369 865 374
f 2373 2371 2372
f 4042 2371 918
f 2372 2371 386
f 3975 4477 871
f 2827 2828 2829
f 4944 2796 525
f 903 2374 2376
f 2364 2374 903
f 2375 2374 7
f 2375 7 1863
f 2826 4698 239
f 871 4477 2376
f 2432 2377 387
f 2377 873 3978
f 2380 876 2378
f 992 3983 930
f 68 2379 2378
f 4054 2379 68
f 4597 4697 2825
f 875 388 2380
f 2383 880 2381
f 2381 880 3941
f 2381 376 2382
f 4043 144 5198
f 2824 4786 4818
f 2383 876 2380
f 2384 879 3940
f 18 880 2384
f 930 376 2387
f 2382 376 930
f 4516 2871 437
f 2386 376 2343
f 2820 2837 4961
f 2387 881 3988
f 2389 935 2388
f 2388 935 4065
f 2388 882 2389
f 2389 882 4398
f 919 2390 2392
f 2425 985 2424
f 2391 2390 391
f 885 3994 4359
f 2819 4677 145
f 4692 2392 884
f 936 2393 2395
f 4071 4072 937
f 2394 2393 74
f 3285 2394 74
f 4675 2818 4577
f 4359 2395 885
f 2396 2398 892
f 4007 1008 4006
f 394 2397 2396
f 4005 4264 954
f 2817 4672 4873
f 5201 2398 891
f 2818 2819 2817
f 4009 1015 4008
f 2356 893 2400
f 2400 893 5202
f 2401 2403 955
f 2466 956 2465
f 395 2402 2401
f 4192 1015 4009
f 4867 2816 4671
f 894 4195 2403
f 899 2404 2406
f 3954 2404 899
f 2404 363 2405
f 2405 363 3924
f 4669 2815 4572
f 2406 898 4011
f 901 2407 2409
f 4014 963 4013
f 2407 375 2408
f 2408 375 3931
f 2815 2816 2814
f 2409 900 4613
f 904 4023 2410
f 859 2410 907
f 2410 379 2411
f 2411 379 971
f 906 975 2412
f 2412 975 976
f 4123 2413 2412
f 4028 4167 909
f 907 908 381
f 397 908 907
f 4035 2415 2416
f 3182 3181 630
f 2415 910 2416
f 2416 910 2417
f 912 399 2417
f 3528 3529 2812
f 2859 2811 2860
f 384 2417 911
f 918 2419 3422
f 918 2373 2419
f 2812 2813 2811
f 25 1886 2419
f 2423 984 2421
f 4191 432 3045
f 403 2476 3130
f 4890 2810 4901
f 402 3130 917
f 2423 3130 402
f 3526 2809 3529
f 2424 985 2447
f 2425 2390 919
f 2425 919 4044
f 2428 977 2426
f 2426 2487 980
f 2426 2486 2427
f 4044 919 4045
f 4901 2808 1387
f 2428 920 5204
f 922 2429 194
f 2433 987 4137
f 2429 83 194
f 2517 986 4047
f 4944 4653 2796
f 921 405 2431
f 925 2432 2434
f 925 873 2432
f 2433 2432 387
f 387 987 2433
f 2791 3485 3486
f 922 2431 2434
f 4644 1440 2785
f 4980 193 4978
f 2783 4639 3571
f 4046 61 923
f 2377 926 387
f 4187 90 3391
f 932 2438 3344
f 4059 2438 932
f 4451 2782 4450
f 1925 2438 67
f 2441 993 2440
f 2440 993 3267
f 2781 4535 983
f 53 2441 933
f 994 2442 2444
f 4060 2442 994
f 390 2443 2442
f 2388 2443 390
f 2783 2781 2782
f 2444 934 4067
f 2447 985 2445
f 985 1916 2445
f 1060 308 2445
f 937 4072 3889
f 5045 4961 2780
f 4296 2447 936
f 241 998 2448
f 4157 999 4156
f 2449 2448 97
f 97 2617 2449
f 4525 2778 5261
f 937 3889 2450
f 2451 939 4077
f 481 4049 2661
f 2451 2453 2452
f 2452 3192 633
f 1000 2453 2451
f 1080 4162 4163
f 2451 4076 1000
f 4176 4283 3100
f 942 3811 2455
f 2455 1002 1074
f 2455 409 2456
f 4176 3100 4178
f 947 4086 2457
f 4079 943 2457
f 2458 947 4080
f 2576 3106 428
f 2459 2461 951
f 952 4094 951
f 2459 393 2460
f 4002 4001 393
f 4631 2777 4965
f 2461 950 412
f 2462 2464 954
f 1092 4101 4102
f 2462 415 2463
f 3696 1022 4100
f 4632 2776 4633
f 5208 2464 953
f 2778 2776 2777
f 4104 1102 4103
f 955 2466 2401
f 955 5209 2466
f 2467 2469 1023
f 2522 1024 2521
f 416 2468 2467
f 3630 1102 4104
f 4512 2770 5198
f 3645 2469 956
f 962 2470 2472
f 4012 2470 962
f 2470 372 2471
f 2471 372 3964
f 3506 2769 3505
f 2472 961 4108
f 2473 2475 964
f 4110 4111 1032
f 385 2474 2473
f 3971 2474 385
f 2768 2772 2771
f 4173 2475 963
f 968 2476 2478
f 2769 2770 2768
f 2477 2476 403
f 4603 4497 2765
f 2478 2476 965
f 966 2478 965
f 2480 1040 2479
f 2479 1040 4116
f 2480 2479 967
f 967 417 2480
f 971 2481 2483
f 4015 2481 971
f 2481 396 2482
f 2482 396 2479
f 2764 3494 3495
f 970 4118 2483
f 2484 974 1046
f 4231 1046 1047
f 428 3106 4178
f 3552 976 4122
f 980 2486 2426
f 1049 2486 980
f 977 2487 2426
f 977 2488 2487
f 419 2488 979
f 5258 2763 4495
f 2765 2763 2764
f 400 2488 978
f 1062 2490 2492
f 5044 2760 4588
f 2490 988 2491
f 4046 921 4047
f 3091 2758 4586
f 2492 986 4135
f 2495 991 2493
f 991 1924 2493
f 2493 66 2494
f 66 1952 2494
f 2494 2495 2493
f 990 927 4031
f 2498 1042 2496
f 2538 1045 2496
f 2497 2496 2537
f 2497 407 4058
f 2801 3533 2757
f 995 4146 2498
f 2501 1066 2499
f 1066 4147 2499
f 2499 408 2500
f 408 4066 2500
f 2756 5045 4583
f 2501 996 4152
f 2502 2504 1056
f 1139 2283 2554
f 2502 424 2503
f 3264 999 4157
f 2757 2755 2756
f 998 3840 2504
f 2507 1070 2505
f 3721 414 4171
f 2505 425 2506
f 4159 3259 1113
f 5047 2754 4578
f 2507 999 3264
f 2508 2510 1072
f 1958 2508 1072
f 76 2509 2508
f 4161 4160 4163
f 4576 2753 4468
f 2510 1001 4165
f 1081 2512 2513
f 2512 2511 2513
f 3107 2511 2512
f 4573 2551 2752
f 2513 2511 1003
f 3161 2513 1003
f 2754 2752 2753
f 1013 2514 1012
f 2809 2750 2810
f 2514 1011 411
f 4569 2749 4567
f 1020 2516 1019
f 2748 2749 2747
f 434 2516 4194
f 2520 1022 2518
f 4207 4208 1176
f 436 2519 2518
f 4206 3003 1109
f 2746 1302 5068
f 2520 1021 5211
f 2744 4667 4666
f 4210 1187 4209
f 2522 2467 1023
f 1023 5212 2522
f 2525 1110 2523
f 2595 1111 2594
f 437 2524 2523
f 2871 1187 4210
f 2744 2745 2746
f 1024 2909 2525
f 1031 2526 2528
f 4109 2526 1031
f 2526 382 2527
f 2527 382 4029
f 1381 5068 2742
f 2528 1030 4218
f 1033 2529 2531
f 4221 1118 4220
f 2529 401 2530
f 2530 401 4036
f 4541 2740 5140
f 2531 1032 3599
f 2534 1036 2532
f 1124 2532 1036
f 2532 1121 1034
f 1729 176 2083
f 3522 2734 4566
f 2534 1034 4224
f 2536 1036 1037
f 4354 2733 4352
f 403 2536 2477
f 3836 2536 403
f 2496 1045 2537
f 2537 1045 972
f 2496 1042 2538
f 2538 1042 2539
f 1044 114 2539
f 2734 2732 2733
f 2731 4534 3516
f 1043 441 2539
f 1044 1129 2541
f 2541 1129 1130
f 2542 2541 4345
f 4229 2708 1047
f 1051 2543 2544
f 645 3248 3247
f 2544 2543 1048
f 1048 2545 2544
f 1050 443 2545
f 2730 4345 4346
f 2729 4437 2575
f 1049 420 2545
f 1055 2547 2549
f 4133 3441 1055
f 62 2548 2547
f 1920 2548 62
f 2730 2731 2729
f 3124 2549 1054
f 2533 3068 2552
f 3111 1123 1124
f 3836 403 2421
f 4133 3836 2421
f 5164 4049 481
f 460 4504 4125
f 2728 4537 4582
f 2571 1139 1138
f 1056 2554 2502
f 4244 2554 1056
f 1131 2555 2557
f 1376 155 4550
f 2555 2614 2556
f 1056 4245 4244
f 2726 5248 4421
f 1057 5216 2437
f 2560 2652 3059
f 2558 4249 1120
f 123 2014 3806
f 2014 4247 3806
f 1058 2560 3026
f 1058 3708 2560
f 2561 2563 1062
f 1062 2492 2561
f 422 2562 2561
f 1146 2562 2418
f 2561 2562 2563
f 5252 257 2932
f 2566 1125 2564
f 2564 2609 1128
f 2564 423 2565
f 2565 423 4145
f 4526 2725 5179
f 2566 1067 5243
f 2569 1149 2567
f 2567 1149 1984
f 2567 3376 274
f 106 592 274
f 4527 2724 4528
f 1068 4259 2569
f 3998 2422 330
f 1138 2618 2570
f 2571 2570 1070
f 3255 2571 1070
f 2725 2726 2724
f 1157 2572 4376
f 4043 5198 2721
f 1073 2238 2572
f 1074 2233 2574
f 1075 4166 2574
f 2719 4016 4410
f 2574 409 2455
f 4172 3162 428
f 428 3162 2576
f 2577 141 2512
f 4278 1166 4277
f 453 108 2578
f 2578 108 1083
f 3452 2718 3451
f 1082 453 2578
f 2422 2243 330
f 1171 4279 2580
f 2580 1085 2581
f 2535 329 3052
f 1089 2582 2584
f 1938 2582 1090
f 2583 2582 75
f 3331 3330 661
f 2584 2582 2583
f 787 329 2535
f 2717 2721 2720
f 1097 2585 1096
f 2718 2719 2717
f 431 2585 1095
f 2587 1182 92
f 2587 92 1965
f 4496 2713 4406
f 1099 4299 2587
f 2714 2712 2713
f 1106 1107 2589
f 4395 2711 4494
f 459 2589 4307
f 2591 2593 1109
f 4320 4321 1258
f 460 2592 2591
f 1194 4319 1640
f 3446 3447 2710
f 5223 2593 1108
f 5246 2709 4394
f 4322 4323 1268
f 2523 1110 2595
f 1110 5224 2595
f 2596 2598 1195
f 2663 2664 1196
f 461 2597 2596
f 1268 4323 1500
f 2711 2709 2710
f 1509 2598 1111
f 1117 2599 2601
f 4219 2599 1117
f 2599 398 2600
f 2600 398 4123
f 59 96 4427
f 4331 2601 1116
f 2602 2604 1119
f 1204 4333 4334
f 421 2603 2602
f 421 4130 2603
f 2706 3799 4489
f 2821 2604 1118
f 3597 2605 1120
f 1315 2707 2704
f 2705 2706 2704
f 5244 2167 258
f 2532 2607 1121
f 1124 4338 2607
f 2564 1128 2608
f 1128 1043 2608
f 1125 2609 2564
f 1125 2610 2609
f 1127 462 2610
f 3418 4475 2701
f 2699 4586 4585
f 1126 463 2610
f 1127 1215 2612
f 2612 1215 1216
f 2613 2612 4450
f 1225 1130 4343
f 1134 2614 2555
f 129 2614 1134
f 1134 2555 1131
f 1131 2616 1134
f 465 2616 1133
f 2700 2701 2699
f 2695 133 4474
f 444 2616 1132
f 324 5046 2625
f 2619 2618 1138
f 5090 2619 1138
f 4556 2694 4557
f 2696 2694 2695
f 823 1139 2454
f 4357 2621 1142
f 4978 193 4796
f 2797 2622 2621
f 2622 85 3321
f 1002 3161 1003
f 3162 2509 2576
f 2623 135 2624
f 687 3436 3435
f 3162 4160 2509
f 1236 2693 2994
f 158 1222 1956
f 158 1956 2626
f 1232 2627 2629
f 4361 2627 1232
f 448 2628 2627
f 448 4258 2628
f 2692 4474 2973
f 2629 1150 4366
f 2632 1198 2630
f 2630 1198 4325
f 2630 425 2631
f 2631 425 4265
f 2973 4473 3804
f 469 2632 1152
f 2633 2635 1236
f 2994 2693 1237
f 3804 2634 2633
f 1199 4372 2553
f 1153 2635 2633
f 4370 2635 1153
f 2797 1224 2638
f 2994 4474 2692
f 2056 4177 149
f 4374 2637 2693
f 2638 471 2637
f 3325 85 1154
f 451 1156 2639
f 2639 1156 4378
f 4621 482 4725
f 2640 1162 473
f 1239 2640 2641
f 1163 4375 2641
f 2642 1165 3076
f 452 4273 2642
f 4469 2551 2691
f 3253 409 2574
f 4467 2690 4365
f 2643 1167 453
f 2647 1251 2645
f 4492 1408 4491
f 2645 476 2646
f 2689 2690 2691
f 5120 1918 2688
f 2647 1170 3492
f 2650 1174 2648
f 3322 3640 236
f 2648 88 2649
f 3386 1990 3387
f 1061 2687 4360
f 4393 2650 1172
f 2688 2686 2687
f 1180 1181 2651
f 4457 2683 5231
f 456 2651 1179
f 2655 1184 2653
f 2656 2657 1264
f 115 2654 2653
f 2666 482 4413
f 4448 2679 4928
f 1182 1839 2655
f 3373 3374 2674
f 2656 1264 3452
f 2653 1184 2657
f 2657 1184 1769
f 2673 1453 3474
f 1191 1192 2658
f 2672 4238 4240
f 2658 4412 480
f 1194 2660 2662
f 4424 1331 4423
f 2661 2660 481
f 4422 4049 1275
f 4439 4438 2671
f 2662 1193 5237
f 2671 2672 2673
f 1342 4425 4426
f 2664 2596 1195
f 1195 5238 2664
f 2667 1276 2665
f 1350 2727 2728
f 2665 482 2666
f 4426 4413 1342
f 4436 3468 2670
f 1196 4389 2667
f 2670 1203 2668
f 2668 1203 4332
f 2669 2668 418
f 4231 2669 418
f 4232 2669 4231
f 1202 4436 2670
f 1205 2671 2673
f 1282 4438 4439
f 2671 445 2672
f 2672 445 4238
f 2668 4332 3542
f 2673 1204 1453
f 1214 2414 2674
f 670 3374 3373
f 2675 2674 1211
f 2676 2675 1211
f 2676 1213 483
f 2669 2670 2668
f 2667 4389 4429
f 1212 484 2676
f 2678 1213 1290
f 1291 2678 1290
f 2679 2678 4543
f 4928 1216 4448
f 2681 1221 2680
f 1292 4453 2680
f 2680 1220 2681
f 2681 1220 1219
f 424 2283 3255
f 1226 2682 2684
f 486 2683 2682
f 4457 5231 1298
f 2682 2683 2684
f 2684 1224 2797
f 2682 1294 4552
f 4552 1294 1373
f 2688 1286 2686
f 2686 2736 1289
f 2686 2735 2687
f 2687 104 4360
f 2666 4413 4426
f 2688 84 5120
f 2691 1306 2689
f 2689 1306 2051
f 2689 3488 261
f 261 162 590
f 2728 2727 2665
f 1234 4469 2691
f 2666 2667 2665
f 4474 2801 2973
f 2633 1236 2994
f 4374 2693 1236
f 2696 1298 2694
f 4557 1299 4556
f 2694 184 2695
f 2973 2801 1309
f 5238 4389 2664
f 1237 2588 2696
f 1239 1241 4481
f 4480 4481 1314
f 4654 523 4652
f 454 4280 2697
f 2699 2701 1311
f 4585 4586 1313
f 2699 489 2700
f 3259 425 2630
f 4426 4425 2663
f 2701 1241 3418
f 1248 1249 2702
f 2702 1249 1247
f 2702 3763 2703
f 1324 2703 4336
f 2706 1252 2704
f 2506 425 3259
f 493 2705 2704
f 2705 3013 1408
f 5237 4318 2662
f 2706 1251 3799
f 2661 4049 4422
f 58 611 3260
f 2704 1252 1315
f 1315 1252 492
f 1255 2709 2711
f 4394 2709 1255
f 2710 2709 112
f 3446 2026 3447
f 4423 2660 4424
f 4494 2711 1253
f 1330 2712 2714
f 2061 2712 1330
f 2713 2712 172
f 284 2713 172
f 2662 2660 2661
f 1257 4498 2714
f 3452 3449 2656
f 2715 1262 1263
f 2655 1839 4305
f 2715 1261 478
f 2719 1266 2717
f 2720 2721 1337
f 143 2718 2717
f 3452 3451 691
f 2653 2657 2656
f 1264 4016 2719
f 2654 2655 2653
f 3506 2720 1337
f 2717 1266 2721
f 2721 1266 4043
f 4393 4287 2650
f 1272 1273 2722
f 3387 2649 3386
f 2722 1271 499
f 2726 1275 2724
f 4528 1418 4527
f 500 2725 2724
f 1349 4526 5179
f 2648 1174 5233
f 1274 5248 2726
f 2649 2650 2648
f 1428 2727 2780
f 2665 1276 2728
f 1276 4537 2728
f 2729 2731 1281
f 1281 4437 2729
f 442 2730 2729
f 442 4345 2730
f 3492 3799 2647
f 1280 4534 2731
f 1283 2732 2734
f 4582 4537 470
f 2733 2732 466
f 4352 2733 466
f 3763 1246 2646
f 2734 1282 4566
f 1289 2735 2686
f 1212 2735 1289
f 1286 2736 2686
f 1286 2737 2736
f 1288 501 2737
f 2645 4492 4491
f 2646 2647 2645
f 1287 502 2737
f 1288 1371 2739
f 2739 1371 1372
f 2740 2739 4655
f 5140 1291 4541
f 1301 2741 2022
f 1382 2742 2743
f 2742 2741 2743
f 1382 1381 2742
f 2743 2741 1301
f 4563 2743 1301
f 1381 4667 2746
f 3264 424 3255
f 2503 424 3264
f 2744 2805 2745
f 2637 2588 2693
f 1302 3439 5068
f 4463 2749 1305
f 2747 2749 4463
f 2013 2748 2747
f 2018 2748 2013
f 149 4177 2037
f 4567 2749 1303
f 1388 2750 4570
f 2810 1389 2809
f 2751 2750 159
f 4462 2751 159
f 2754 1390 2752
f 2752 1390 4573
f 2753 2752 488
f 2753 488 4468
f 4373 2635 2253
f 4578 2754 1307
f 2757 1310 2755
f 3375 2 106
f 2755 1394 510
f 5045 1350 4583
f 2553 4372 2634
f 1309 2801 2757
f 1313 2758 2760
f 4586 2758 1313
f 2759 2758 3091
f 1244 2759 475
f 2760 2758 1312
f 4588 2760 1312
f 4484 1317 1316
f 700 2761 1317
f 1325 2762 513
f 1325 4600 2762
f 1329 2763 2765
f 4495 2763 1329
f 2764 2763 142
f 3495 3494 2058
f 2692 2633 2994
f 1327 4603 2765
f 2139 235 4263
f 1335 1336 2766
f 4325 3259 2630
f 496 2766 1334
f 2768 2770 1339
f 2771 2772 1424
f 2769 2768 173
f 2064 3506 3505
f 2631 2632 2630
f 5198 2770 1337
f 2629 4366 2207
f 2771 1424 3555
f 1339 2772 2768
f 5190 2772 1339
f 1345 1346 2773
f 2773 1346 1347
f 517 4623 2773
f 324 2625 784
f 518 1346 1345
f 2628 4258 4364
f 1349 2776 2778
f 4633 1490 4632
f 2777 2776 519
f 4965 1434 4631
f 2305 2627 4361
f 5261 2778 1348
f 2779 2727 1428
f 1429 2779 1428
f 2780 2727 1350
f 2780 1350 5045
f 2783 1355 2781
f 1355 4535 2781
f 2782 2781 464
f 4450 2782 464
f 2627 2628 2629
f 2783 1354 4639
f 2784 506 4563
f 4642 2784 1358
f 3435 3436 2624
f 1440 2799 2785
f 2623 2624 136
f 2785 1359 4644
f 1363 2787 2788
f 2789 2787 1363
f 2788 2787 1361
f 1361 4957 2788
f 1363 127 2789
f 2789 3478 696
f 4647 2790 1443
f 2790 154 1365
f 152 3522 4566
f 3486 3485 699
f 2792 2791 1367
f 2793 2792 1367
f 2793 1369 523
f 823 2454 1145
f 4343 2613 1225
f 2793 1368 524
f 2795 1369 1449
f 1450 2795 1449
f 2796 2795 4750
f 1372 4653 4944
f 526 1376 4550
f 1375 155 1376
f 4904 2798 1380
f 95 3349 3394
f 2799 1381 1382
f 126 1207 2605
f 2800 2799 1440
f 4149 95 3394
f 2237 3808 323
f 3140 2774 6
f 3411 2604 2821
f 2799 1382 2785
f 211 5062 2803
f 4761 1384 1460
f 128 1284 4440
f 723 212 2112
f 2805 2807 1385
f 2745 2805 1385
f 2806 2805 2744
f 2603 4130 4132
f 1384 2807 2805
f 5062 2807 1384
f 3598 2808 211
f 528 4901 1387
f 4333 2602 4334
f 2809 1389 3529
f 2810 2750 1388
f 4901 2810 1388
f 2811 2813 4762
f 1470 2859 2860
f 2811 181 2812
f 708 3529 3528
f 2603 2604 2602
f 2813 1389 4890
f 2814 2816 1445
f 2814 2851 1448
f 2814 2850 2815
f 4572 2815 160
f 3405 2601 4331
f 4671 2816 1391
f 2819 1471 2817
f 2817 1471 4672
f 2817 509 2818
f 2818 509 4577
f 4124 2600 4123
f 1392 4677 2819
f 2820 1394 3590
f 2820 1431 2837
f 510 1394 2820
f 2756 2755 510
f 513 4596 2822
f 2822 1407 533
f 2823 1409 4695
f 1407 2823 533
f 2826 1484 2824
f 1484 4786 2824
f 2825 2824 4818
f 514 4597 2825
f 2824 1411 2826
f 2826 1411 4698
f 1416 2827 2829
f 4604 2827 1416
f 2827 169 2828
f 2085 3545 3544
f 4164 2599 4219
f 2829 1414 4706
f 2601 2599 2600
f 2830 1422 1423
f 2598 1509 3352
f 516 2830 1421
f 2834 1426 2832
f 2835 2836 1496
f 192 2833 2832
f 2091 3555 3554
f 1500 4323 2597
f 1424 4999 2834
f 2663 2596 2664
f 4804 1497 4803
f 1426 2836 2832
f 4978 2836 1426
f 1428 2837 537
f 4961 2837 1428
f 2840 1434 2838
f 4733 1550 4732
f 2839 2838 538
f 4779 1502 4731
f 2597 2598 2596
f 2840 1433 3060
f 1439 2841 2843
f 4640 2841 1439
f 2841 485 2842
f 485 4543 2842
f 5224 1509 2595
f 2843 1438 4739
f 2844 2846 1442
f 2594 4323 4322
f 539 4729 2844
f 2845 4729 1507
f 5223 4205 2593
f 1441 4945 2846
f 2847 4718 1443
f 1366 2847 1443
f 4650 2848 2847
f 4743 4712 1508
f 4718 2847 1442
f 1640 4319 2592
f 1448 2850 2814
f 1368 2850 1448
f 1445 2851 2814
f 2852 2851 1445
f 540 2852 1447
f 2591 4321 4320
f 2592 2593 2591
f 541 2852 1446
f 1514 2854 1447
f 2854 1514 1515
f 2855 2854 4824
f 1450 4748 4699
f 1454 2856 1451
f 1454 2798 4904
f 2857 2856 505
f 4299 1839 2587
f 1456 543 4752
f 4752 2858 1456
f 1087 4283 2584
f 1470 3585 2859
f 2860 2811 1467
f 2860 1467 4649
f 4764 1527 2862
f 2910 1527 1530
f 2583 3330 3331
f 2862 203 3583
f 1510 2863 2865
f 1513 2863 2902
f 2864 2863 529
f 4670 2864 529
f 1090 2582 1089
f 3322 2865 1472
f 1531 2866 2868
f 2140 2866 1531
f 214 2866 3643
f 237 507 214
f 4285 231 1578
f 2868 1473 4770
f 128 1360 1284
f 2869 1478 4777
f 4775 2870 2869
f 2870 531 4690
f 2499 3421 408
f 1477 4778 2869
f 1479 2872 534
f 4965 2777 519
f 217 5005 2762
f 2117 2933 198
f 4848 2874 2873
f 2874 187 711
f 2581 1171 2580
f 4783 2875 1481
f 2876 2878 1545
f 2876 1545 4856
f 242 2877 2876
f 1413 4702 4701
f 4277 2577 4278
f 1483 4785 2878
f 1487 2879 2881
f 4707 2879 1487
f 189 2880 2879
f 3611 3610 2119
f 4166 3253 2574
f 2881 1485 4788
f 1549 2882 2884
f 2155 2882 1549
f 2882 249 2883
f 249 2636 2883
f 2238 1155 2572
f 4792 2884 1489
f 3255 2283 2571
f 1494 1495 2885
f 2571 1138 2570
f 536 2885 1493
f 2889 1498 2887
f 2891 1556 2890
f 2888 2887 178
f 178 4636 2888
f 2569 4259 2305
f 1496 4796 2889
f 4151 4257 2568
f 2890 1556 4737
f 2887 1498 2891
f 1498 4782 2891
f 1502 2892 2894
f 1614 4809 4810
f 2893 2892 550
f 4565 1559 4808
f 2568 2569 2567
f 1501 3020 2894
f 1506 2895 2897
f 4740 2895 1506
f 2896 2895 503
f 503 4655 2896
f 2566 5243 2414
f 2897 1505 4814
f 2735 5242 104
f 1568 2898 4819
f 254 2899 2898
f 746 2899 254
f 2898 1508 2900
f 1508 4712 2900
f 2901 2863 1513
f 1446 2901 1513
f 2902 2863 1510
f 2903 2902 1510
f 2903 1512 551
f 4254 2565 4145
f 2565 2566 2564
f 2903 1511 552
f 2905 1512 1573
f 1574 2905 1573
f 2906 2905 4894
f 1515 4822 4522
f 1517 2907 3592
f 60 3370 3426
f 2908 2907 1557
f 4805 2908 1557
f 4928 2679 485
f 4660 2907 1517
f 3440 2652 2560
f 1530 3636 2910
f 207 1529 1582
f 2939 207 1585
f 3026 2558 3806
f 2912 226 3634
f 2915 1586 2913
f 1586 2175 2913
f 2913 268 2914
f 2914 268 4769
f 3026 2560 3059
f 1532 4838 2915
f 2916 1539 556
f 4846 2875 2916
f 3059 2558 3026
f 2918 1541 4783
f 3059 4249 2558
f 3606 725 2918
f 2947 2919 2920
f 2919 3086 2144
f 2919 1544 2920
f 2920 1544 4858
f 1548 2921 2923
f 4789 2921 1548
f 218 2922 2921
f 3664 3663 742
f 2437 2557 1057
f 4861 2923 1546
f 111 2556 446
f 1554 1555 2924
f 2557 2555 2556
f 549 2924 1553
f 2928 1559 2926
f 1677 4880 4881
f 2926 560 2927
f 4879 4420 1621
f 2454 2554 4244
f 2928 1558 4756
f 2929 2931 1563
f 4815 2929 1563
f 2929 525 2930
f 2930 525 4750
f 2552 3068 3111
f 4885 2931 1562
f 254 1568 2932
f 4285 736 231
f 1511 236 1572
f 738 3641 3640
f 724 4829 5053
f 4934 525 2929
f 561 1570 562
f 3111 4340 2550
f 283 3750 2935
f 2935 779 283
f 1571 1634 2937
f 1634 1635 2937
f 648 83 3318
f 1574 4892 4399
f 2552 2550 4133
f 1585 3694 2939
f 1584 1645 2941
f 1645 1648 2978
f 3111 2550 2552
f 2941 259 3692
f 2944 1649 2942
f 1649 2204 2942
f 2942 290 2943
f 2943 290 4837
f 2533 2549 3124
f 3441 2547 1055
f 4347 2945 1594
f 2945 565 1653
f 2946 568 4911
f 2946 1600 273
f 2947 3086 2919
f 1603 295 2947
f 2950 1607 2948
f 1668 2948 2952
f 2949 2948 2951
f 4858 1544 4859
f 874 2547 2548
f 2950 1606 4915
f 2951 2948 1668
f 1668 786 327
f 2948 1607 2952
f 2952 1607 328
f 2955 1611 2953
f 2953 1611 4862
f 246 2954 2953
f 2185 3724 3723
f 3248 2543 3247
f 2955 1609 4920
f 1676 2956 2958
f 2213 2956 1676
f 2956 300 2957
f 300 598 2957
f 2708 4229 2542
f 2958 1613 4924
f 2536 4340 1036
f 1619 2959 1618
f 2477 2536 1037
f 559 2959 1617
f 2961 2963 1621
f 1735 4937 4938
f 2961 572 2962
f 4936 4297 1684
f 2532 1034 2534
f 1620 1921 2963
f 2964 2966 1625
f 2964 1625 4886
f 2964 542 2965
f 2965 542 4824
f 3367 2531 3599
f 4942 2966 1624
f 1627 2967 2170
f 761 2967 1627
f 4269 2968 2967
f 485 4987 4928
f 2971 1633 2969
f 2969 1633 1570
f 2969 235 2970
f 3702 3701 753
f 4036 4038 2530
f 2971 1630 2972
f 573 2972 1632
f 4221 4220 2529
f 2531 2529 2530
f 2972 1631 309
f 2976 1639 2974
f 1701 4956 575
f 2974 4956 2975
f 4955 1637 2975
f 3361 2528 4218
f 1638 4899 2976
f 2977 1639 1689
f 4030 2527 4029
f 4551 2526 4109
f 1648 3751 2978
f 312 314 1646
f 2979 314 312
f 780 2982 1707
f 2980 2982 780
f 2980 291 2981
f 4972 3101 3
f 1650 2982 2980
f 1650 578 2982
f 1659 2984 1656
f 2983 1659 580
f 244 2984 2983
f 3656 741 3657
f 1659 2985 580
f 4975 2985 1659
f 2987 1666 2986
f 2986 1666 1667
f 2986 1664 2987
f 2987 1664 1665
f 2988 325 4227
f 2988 1665 294
f 1669 2989 2951
f 4983 2989 1669
f 1675 2990 2992
f 4921 2990 1675
f 2990 276 2991
f 2210 3770 3769
f 2528 2526 2527
f 2992 1673 4993
f 2525 2909 3282
f 1682 2993 1681
f 2524 2871 4210
f 1680 571 2993
f 1684 2995 2997
f 5009 1777 5008
f 2996 2995 584
f 5007 4202 1742
f 2595 2594 2523
f 4711 2997 1683
f 3000 1688 2998
f 1688 4943 2998
f 2999 2998 553
f 4894 2999 553
f 2524 2525 2523
f 1687 5013 3000
f 2977 1689 3001
f 3001 1689 4648
f 3004 1695 3002
f 1695 1631 3002
f 2547 3441 62
f 3755 3754 767
f 5212 2909 2522
f 3004 1692 306
f 3005 3007 1758
f 3049 1790 3048
f 3005 336 3006
f 4952 4951 1636
f 4210 4209 2521
f 1697 313 3007
f 3008 3010 1700
f 1761 5023 263
f 3008 338 3009
f 2520 5211 4099
f 2519 3003 4206
f 1699 4266 3010
f 1700 4139 1701
f 3011 1701 5015
f 3011 1748 586
f 3037 1749 3036
f 62 3441 4022
f 3212 152 4566
f 2245 1712 1743
f 1712 5039 1743
f 5039 3015 1743
f 198 2933 2099
f 1719 3017 1716
f 2518 4208 4207
f 3444 421 2559
f 3716 757 3017
f 3018 343 1719
f 1716 3018 1719
f 3021 1770 3019
f 3019 1770 2261
f 4730 3020 174
f 3444 4131 421
f 2519 2520 2518
f 3021 4081 4061
f 3024 1733 3022
f 1733 4994 3022
f 3022 297 3023
f 3813 2241 3814
f 3271 2513 3161
f 5056 3024 1731
f 1001 4160 4161
f 1740 3025 1739
f 2509 2510 2508
f 1738 583 3025
f 3029 1784 3027
f 1784 5110 1783
f 3027 301 3028
f 772 3778 3777
f 3264 3255 2507
f 1741 5071 3029
f 3030 3032 1805
f 1805 5135 3030
f 3030 3073 3031
f 5072 5071 1741
f 4159 2506 3259
f 1742 4202 3032
f 3035 1747 3033
f 3033 1747 5014
f 3033 563 3034
f 3034 563 4949
f 2505 1071 4265
f 1746 1536 3035
f 2506 2507 2505
f 1788 599 5078
f 1748 3037 586
f 4189 3037 1748
f 3040 1844 3038
f 597 3102 1845
f 3039 3038 597
f 597 3044 3039
f 2504 3840 3260
f 1752 589 3040
f 1756 3041 1755
f 3044 1791 3043
f 585 3042 3041
f 5018 1694 3042
f 4157 2503 3264
f 3067 1814 3066
f 1756 3044 3041
f 3039 3044 1756
f 1758 3046 3047
f 3007 3046 1758
f 419 4126 4128
f 313 2228 3046
f 2554 2283 2502
f 3047 1757 5083
f 2503 2504 2502
f 3048 1790 3830
f 1758 3049 3005
f 3047 3049 1758
f 1760 2007 3050
f 1761 599 3050
f 1788 3051 3050
f 3065 1789 3064
f 3052 3054 1774
f 3052 1774 5057
f 3052 329 3053
f 3845 2264 3846
f 4152 3384 2501
f 5095 3054 1772
f 1804 3055 3057
f 1804 2276 3055
f 3056 3055 353
f 353 1383 3056
f 2500 4066 4150
f 5099 3057 1776
f 4147 3421 2499
f 1782 3058 1781
f 2501 2499 2500
f 1780 594 3058
f 1783 5110 332
f 2069 176 1729
f 3063 1787 3061
f 3061 1787 2270
f 3062 3061 305
f 305 2224 3062
f 4146 3414 2498
f 5115 3063 1786
f 4144 2497 4058
f 5117 3064 1815
f 1788 3065 3051
f 4041 3065 1788
f 2498 2496 2497
f 1814 5116 3066
f 3043 1791 3067
f 3067 1791 5121
f 1799 1800 3069
f 2495 4031 3268
f 2257 340 3069
f 5046 1771 340
f 3070 3072 1803
f 3070 1803 5096
f 347 3071 3070
f 3858 3857 800
f 2561 2492 4135
f 1801 5131 3072
f 3030 1806 3073
f 4447 4449 483
f 3073 1825 3074
f 1825 5159 3074
f 4047 2491 4046
f 1810 3075 1809
f 2492 2490 2491
f 1808 603 3075
f 1812 1822 3077
f 3087 1823 3077
f 2163 4405 225
f 3538 401 4220
f 1815 3079 607
f 1815 3064 2205
f 3080 3082 1819
f 1819 5132 3080
f 350 3081 3080
f 3875 3874 803
f 2484 3552 4122
f 1817 5153 3082
f 1837 3083 3085
f 5163 3083 1837
f 3084 3083 610
f 5141 3084 610
f 2483 4118 4020
f 1821 5157 3085
f 225 4405 2131
f 1851 3088 3089
f 3077 1822 3087
f 1822 5159 3087
f 2483 2481 2482
f 3119 1852 3118
f 3077 1823 3089
f 3089 1823 615
f 519 4746 4965
f 2841 4987 485
f 617 1828 3090
f 3090 1828 5167
f 1842 3092 3094
f 5184 3092 1842
f 3093 3092 613
f 613 5156 3093
f 2479 4116 2482
f 3094 1831 5176
f 3096 1849 3095
f 1966 3095 1849
f 3309 2475 4173
f 1836 3877 3112
f 5165 3097 618
f 5185 3097 5165
f 418 2668 3542
f 5188 1842 5187
f 5188 3099 3098
f 612 5145 3099
f 5003 466 4536
f 1840 3920 3098
f 3973 2474 3971
f 1845 5122 597
f 3038 1844 3102
f 1844 3595 3102
f 3103 3105 1846
f 3090 3103 1846
f 3103 605 3104
f 1791 5122 5121
f 2473 4111 4110
f 3594 3105 1845
f 3090 1847 617
f 2474 2475 2473
f 3090 1846 1847
f 1846 3589 1847
f 1848 3108 3110
f 1848 3876 3108
f 3109 3108 357
f 418 3542 3552
f 4108 3303 2472
f 3109 3541 3110
f 1849 3096 3113
f 3965 2471 3964
f 3112 3096 1836
f 3112 3877 804
f 4969 2470 4012
f 1848 3539 3113
f 3114 3095 1850
f 3116 3114 1850
f 1851 3115 3117
f 1851 3089 3115
f 3116 3115 615
f 615 751 3116
f 3117 3115 3116
f 3536 3117 1850
f 2470 2471 2472
f 3118 1852 3121
f 3119 3088 1851
f 3490 3119 1851
f 3122 1853 3120
f 3120 1853 3821
f 332 3121 3120
f 5110 3121 332
f 3120 1852 3122
f 3122 1852 3482
f 3125 1854 3123
f 1854 5038 3123
f 3821 3123 333
f 789 3821 333
f 3123 1853 3125
f 3125 1853 3481
f 3126 3128 1856
f 1856 4970 3126
f 3127 3126 577
f 1712 5038 5037
f 3645 3219 2469
f 3128 1854 3438
f 1856 2831 3131
f 1856 3128 2206
f 4104 2468 3630
f 2521 2467 2522
f 3131 2831 1855
f 5034 3131 1855
f 2300 3902 5193
f 3136 5193 821
f 2468 2469 2467
f 1858 3133 621
f 3136 821 3134
f 3134 821 3908
f 3135 3134 3
f 3 352 3135
f 5209 3645 2466
f 621 3132 3136
f 826 3137 3139
f 3917 851 3916
f 5 3138 3137
f 5 1866 3138
f 4103 2465 4104
f 1861 3139 622
f 3140 3142 828
f 828 3893 3140
f 3140 6 3141
f 6 3884 3141
f 4004 2464 5208
f 622 3138 3142
f 3143 2327 1
f 3143 1 1857
f 4100 2463 3696
f 1864 3144 623
f 807 3145 3147
f 807 2287 3145
f 3145 8 3146
f 3146 8 2291
f 4102 4101 2462
f 623 3143 3147
f 3150 850 3148
f 892 3946 3947
f 9 3149 3148
f 1877 3149 9
f 2463 2464 2462
f 1867 3150 624
f 3151 2794 854
f 3911 3151 854
f 3437 3151 10
f 4001 4089 2460
f 624 3153 2802
f 3149 3153 624
f 852 3154 3156
f 2325 3154 852
f 3154 4 3155
f 3155 4 1860
f 4094 2459 951
f 625 1870 3156
f 812 3157 3159
f 812 3885 3157
f 3158 3157 12
f 3896 3158 12
f 2460 2461 2459
f 3159 625 3155
f 3160 14 626
f 1873 3160 626
f 626 879 15
f 3936 626 15
f 4076 4077 2456
f 418 3552 2484
f 895 3163 3165
f 895 1892 3163
f 3164 3163 17
f 5199 847 3168
f 1000 4076 3837
f 3172 627 1875
f 3168 847 3166
f 4162 2453 4163
f 3166 18 5200
f 5200 1876 3166
f 3889 23 2450
f 3164 3168 627
f 3169 3171 891
f 4004 4005 954
f 19 3170 3169
f 1890 3170 19
f 2449 3355 4074
f 1878 3171 628
f 3172 2767 895
f 895 3165 3172
f 1875 2775 3172
f 3423 2775 16
f 628 3174 2786
f 3170 3174 628
f 3177 893 3175
f 893 2358 3175
f 3175 11 3176
f 3176 11 1869
f 4156 2448 4157
f 629 1881 3177
f 829 3178 3180
f 829 3897 3178
f 3179 3178 21
f 3914 3179 21
f 2449 241 2448
f 3180 629 3176
f 3181 2415 4035
f 5204 920 3185
f 3889 4072 2446
f 630 1884 3182
f 920 3183 3185
f 4045 3183 920
f 3184 3183 24
f 337 3184 24
f 2446 2447 2445
f 630 3181 3185
f 3188 928 3186
f 928 927 3186
f 4052 3187 3186
f 3187 27 5206
f 2444 4067 3923
f 3188 631 26
f 3190 632 3189
f 4382 2442 4060
f 3190 3189 28
f 28 4039 3190
f 3422 632 3190
f 2442 2443 2444
f 30 3192 2452
f 3192 5207 947
f 3193 3195 953
f 4100 1022 4099
f 32 3194 3193
f 1900 3194 32
f 2441 2440 67
f 1891 3195 634
f 3198 957 3196
f 957 3992 3196
f 3197 3196 17
f 17 3163 3197
f 3256 61 988
f 3198 634 3194
f 3199 3201 955
f 2403 3199 955
f 3200 3199 20
f 20 1880 3200
f 2434 2432 2433
f 3201 635 1894
f 855 3202 3204
f 3915 3202 855
f 3202 34 3203
f 34 3944 3203
f 2430 31 4047
f 3200 3204 635
f 3205 3207 3378
f 1911 3205 960
f 3205 36 3206
f 857 3210 5210
f 4137 2429 2433
f 636 3415 3207
f 3208 3210 857
f 857 2361 3208
f 3208 37 3209
f 3209 37 3225
f 922 2430 2431
f 3206 3210 636
f 3212 3472 152
f 1899 3211 637
f 4637 5118 151
f 3211 39 637
f 3215 1021 3213
f 4205 4206 1109
f 40 3214 3213
f 40 1931 3214
f 5204 4090 2428
f 1901 3215 638
f 2716 1025 2723
f 2723 1025 4070
f 174 3020 2096
f 2723 41 3356
f 3218 2738 638
f 3214 3218 638
f 1023 3219 3221
f 2469 3219 1023
f 3220 3219 33
f 1893 3220 33
f 2427 4044 4045
f 3221 639 1904
f 3224 896 3222
f 896 3945 3222
f 3222 43 3223
f 3223 43 3995
f 2428 2426 2427
f 3220 3224 639
f 3225 3227 897
f 1898 3225 897
f 3225 37 3226
f 3226 37 3952
f 4296 2424 2447
f 1907 3227 640
f 899 3228 3230
f 2406 3228 899
f 3228 45 3229
f 45 3300 3229
f 2421 984 4133
f 3226 3230 640
f 1029 3231 3233
f 1948 3231 1029
f 3231 47 3232
f 901 3236 5214
f 2421 403 3130
f 1910 3233 641
f 901 3234 3236
f 901 2409 3234
f 3234 36 3235
f 3235 36 3205
f 2421 3130 2423
f 641 3232 3236
f 3182 2415 3181
f 50 966 1950
f 3238 52 643
f 1912 3238 643
f 643 973 3239
f 3239 973 644
f 3239 53 3240
f 3240 53 4062
f 905 3241 1913
f 4023 3241 905
f 3241 4021 3242
f 3242 4021 4117
f 644 973 206
f 2413 4167 4028
f 1041 993 3246
f 3246 993 3244
f 3244 53 3239
f 3234 2409 4613
f 3244 644 3246
f 3246 644 3242
f 3247 2543 4237
f 3251 5216 1057
f 3933 2408 3931
f 645 1915 3248
f 3249 3251 1057
f 111 3249 1057
f 185 611 58
f 3250 611 185
f 4013 2407 4014
f 3247 3251 645
f 3252 3254 1063
f 669 3252 1063
f 3367 3599 81
f 4140 3257 5217
f 3252 3257 3254
f 3256 988 3254
f 5231 2683 486
f 3630 2468 416
f 989 61 3256
f 3216 193 4980
f 2409 2407 2408
f 3254 3257 3256
f 924 405 3258
f 3258 61 989
f 3261 1039 65
f 65 1039 1951
f 33 3219 3645
f 1065 3262 5220
f 3261 65 3263
f 3261 3263 1924
f 3262 3263 5220
f 1065 1953 3262
f 66 3263 3262
f 2493 3263 66
f 2406 4011 3228
f 5107 5231 486
f 3267 993 3265
f 3265 993 1041
f 3266 3265 4143
f 3266 64 1923
f 3265 649 3267
f 3267 649 1927
f 3268 3270 991
f 3268 991 2495
f 3268 68 3269
f 68 4055 3269
f 3925 2405 3924
f 3270 649 3266
f 3273 1081 3271
f 1081 2513 3271
f 305 3061 799
f 5143 2404 3954
f 2406 2404 2405
f 1929 3273 650
f 941 38 3274
f 1930 38 4168
f 2403 4195 3199
f 3274 650 3272
f 1108 3276 3278
f 4318 4319 1194
f 3276 71 3277
f 3277 71 1968
f 4192 4009 2402
f 1932 3278 651
f 3281 1112 3279
f 3279 1112 4155
f 72 3280 3279
f 4069 3280 72
f 2401 2466 2465
f 3277 3281 651
f 3284 1110 3282
f 3282 1110 2525
f 3282 42 3283
f 42 1903 3283
f 2402 2403 2401
f 3284 652 1935
f 3285 3287 958
f 3996 3285 958
f 3285 74 3286
f 74 4073 3286
f 5202 4195 2400
f 3283 3287 652
f 1090 3288 3290
f 1090 3106 3288
f 3289 3288 76
f 660 3293 5225
f 2399 4009 4008
f 1938 3290 653
f 3291 3293 660
f 3326 3327 671
f 3291 77 3292
f 3292 77 1940
f 3946 2398 5201
f 653 3289 3293
f 2685 3296 1098
f 2644 2685 1098
f 3294 35 3381
f 3381 3295 3294
f 4005 2397 4264
f 1941 3296 654
f 897 3297 3299
f 897 3227 3297
f 3298 3297 44
f 3298 44 5226
f 4006 2396 4007
f 3299 654 3295
f 3300 3302 959
f 1908 3300 959
f 45 3301 3300
f 45 4010 3301
f 2397 2398 2396
f 1944 3302 655
f 962 3303 3305
f 2472 3303 962
f 3304 3303 79
f 3358 3304 79
f 4296 2395 4359
f 655 3301 3305
f 3308 1115 3306
f 1115 1979 3306
f 3306 81 3307
f 5229 964 3311
f 3996 2394 3285
f 656 1947 3308
f 964 3309 3311
f 964 2475 3309
f 3309 47 3310
f 3310 47 3231
f 4071 2393 4072
f 3311 656 3307
f 3314 1122 3312
f 3312 1122 3315
f 3313 3312 5220
f 3313 65 1951
f 3314 3312 3313
f 642 3314 657
f 1065 3315 3317
f 1065 3312 3315
f 3317 4253 3316
f 2395 2393 2394
f 4692 4308 2392
f 3317 658 1953
f 3318 2677 1059
f 3059 2652 1059
f 3318 83 2659
f 3319 83 2429
f 3994 2391 4359
f 3316 2659 658
f 1141 2622 3321
f 3695 394 4185
f 659 2618 3321
f 2570 2618 659
f 3325 1154 3323
f 4373 4374 1236
f 86 3324 3323
f 5232 3324 86
f 2424 2390 2425
f 3321 3325 659
f 2392 2390 2391
f 3343 2685 2644
f 3291 660 3327
f 660 1957 3327
f 3329 1173 3386
f 5233 1087 3331
f 661 3329 3328
f 661 1960 3329
f 75 3330 2583
f 4211 3330 75
f 4398 4379 2389
f 3328 3331 661
f 3332 3334 1175
f 1993 3332 1175
f 3332 90 3333
f 3333 90 4186
f 2388 4065 2443
f 3334 662 1963
f 3337 1013 3335
f 3335 1013 1012
f 3335 91 3336
f 3336 91 4179
f 2387 376 2386
f 3337 662 3333
f 46 3338 1995
f 46 1909 3338
f 2383 2381 2382
f 875 2379 4053
f 960 3378 3342
f 3378 3340 3342
f 3340 35 3341
f 1967 35 5235
f 3983 4055 2378
f 3341 3338 3342
f 664 2685 3343
f 2378 2379 2380
f 4477 4017 2376
f 1099 3345 5236
f 3345 1965 664
f 664 3343 3345
f 1193 3346 3348
f 1275 4421 4422
f 3347 3346 94
f 3347 94 1997
f 2376 2374 2375
f 1969 3348 665
f 3349 3351 1197
f 4262 3349 1197
f 95 3350 3349
f 4154 3350 95
f 2372 4477 3975
f 3347 3351 665
f 1195 3352 3354
f 1195 2598 3352
f 3352 73 3353
f 3353 73 1934
f 4042 3152 2371
f 3354 666 1972
f 1026 3355 2611
f 4074 3355 1026
f 2617 3355 2449
f 97 3320 2617
f 3357 2620 666
f 3357 666 3353
f 1028 3358 3360
f 1945 3358 1028
f 3359 3358 79
f 4107 3359 79
f 3152 4040 386
f 667 1975 3360
f 1031 3361 3363
f 1031 2528 3361
f 3361 99 3362
f 99 3402 3362
f 918 2371 2373
f 667 3359 3363
f 3364 3366 1201
f 3364 1201 2005
f 101 3365 3364
f 5241 1033 3369
f 2366 4593 3962
f 1978 3366 668
f 3369 1033 3367
f 1033 2531 3367
f 3367 81 3368
f 3368 81 3306
f 2364 3959 2374
f 668 3365 3369
f 102 3370 3371
f 4243 3370 3427
f 2362 4019 4015
f 1981 3371 669
f 1063 4252 3372
f 3432 3372 103
f 1301 4460 487
f 5243 1067 3377
f 2364 2362 2363
f 1983 3374 670
f 3377 1067 3375
f 3375 1067 4254
f 106 3376 3375
f 274 3376 106
f 3208 2361 3953
f 3373 3377 670
f 93 3326 671
f 2360 3903 3905
f 1985 3379 672
f 4278 3379 1166
f 3956 3955 2359
f 2606 1169 4276
f 2360 2361 2359
f 1987 3380 673
f 4279 3382 1086
f 799 3797 305
f 3382 673 3383
f 3383 673 69
f 3446 3385 1254
f 5246 1172 3387
f 3696 415 2938
f 1989 3385 674
f 2649 88 3386
f 2358 4620 3175
f 4614 3951 2357
f 2463 415 3696
f 3390 1256 3388
f 1256 4407 3388
f 5019 1694 307
f 4714 4964 500
f 2399 2356 2400
f 3390 675 1992
f 3391 3393 1097
f 1097 1096 3391
f 3391 90 3392
f 3392 90 3332
f 2357 2358 2356
f 3393 675 3389
f 676 2654 115
f 676 115 3448
f 3395 2654 676
f 1994 3395 676
f 3398 1274 3396
f 1349 4525 4526
f 3397 3396 116
f 3397 116 2033
f 5197 4620 2355
f 1998 3398 677
f 3401 1277 3399
f 3399 1277 4369
f 3400 3399 117
f 4261 3400 117
f 2354 3951 3950
f 3397 3401 677
f 1114 3402 3404
f 1976 3402 1114
f 3403 3402 99
f 4217 3403 99
f 3916 2353 5196
f 678 2001 3404
f 1117 3405 3407
f 1117 2601 3405
f 3405 119 3406
f 3406 119 3465
f 3947 2352 4641
f 678 3403 3407
f 3408 3410 1279
f 2041 3408 1279
f 121 3409 3408
f 1119 3413 5251
f 3948 2351 3949
f 2004 3410 679
f 1119 3411 3413
f 1119 2604 3411
f 3412 3411 101
f 3364 3412 101
f 2353 2351 2352
f 3409 3413 679
f 413 4096 4092
f 3806 4335 123
f 4041 3602 304
f 4742 4692 2350
f 3417 4335 3416
f 1302 4564 139
f 3416 124 3417
f 3222 3945 2349
f 3994 3993 2348
f 3417 680 123
f 125 1210 3419
f 1210 4443 3419
f 3419 126 125
f 4661 222 2150
f 2127 222 4661
f 3416 1207 126
f 128 682 2009
f 2349 2350 2348
f 4440 3424 682
f 3943 2346 4742
f 3417 124 3424
f 304 3602 3789
f 3425 130 683
f 129 3425 683
f 378 4196 3765
f 1918 1370 1287
f 3429 3427 102
f 2012 3427 684
f 1222 3245 3428
f 3245 5253 3428
f 3429 3428 684
f 684 3427 3429
f 3430 134 4458
f 685 122 3430
f 3431 134 686
f 686 136 3431
f 3432 3434 1147
f 3432 1147 1981
f 103 3433 3432
f 4250 3433 103
f 2347 2345 2346
f 2019 3434 687
f 135 3435 2624
f 1300 938 135
f 5199 4755 2344
f 3433 3436 687
f 138 688 2022
f 2381 3941 2343
f 139 3439 1302
f 2023 3439 139
f 5102 4760 2341
f 138 3439 688
f 3442 1164 2590
f 4273 1164 2642
f 2453 3767 30
f 4466 175 2301
f 3442 141 4277
f 689 140 3442
f 3443 1166 1985
f 107 1242 3443
f 1328 3494 3445
f 5258 1253 3447
f 30 3767 948
f 2025 3445 690
f 112 3446 2710
f 3935 2340 3934
f 2341 2339 2340
f 948 5207 30
f 1183 3448 3450
f 4085 91 3335
f 115 3449 3448
f 2656 3449 115
f 2337 2347 5041
f 2028 3450 691
f 3451 2718 143
f 3451 143 3502
f 2332 4988 3922
f 691 3449 3452
f 3455 1185 3453
f 3453 1185 4317
f 2301 175 3510
f 3453 4416 3454
f 3144 2327 3143
f 692 2031 3455
f 3458 1192 3456
f 3456 1192 1191
f 3456 146 3457
f 146 5260 3457
f 2327 2328 2326
f 3458 692 3454
f 3459 3461 1348
f 4631 1434 4630
f 3459 147 3460
f 3460 147 2065
f 5029 3154 2325
f 3461 693 2034
f 3464 1351 3462
f 3462 1351 4472
f 3462 148 3463
f 3463 148 4368
f 2324 5004 3919
f 3464 693 3460
f 3465 3467 1200
f 2002 3465 1200
f 3465 119 3466
f 3466 119 4330
f 2354 2323 2355
f 2037 3467 694
f 3468 3470 1203
f 2670 3468 1203
f 150 3469 3468
f 3513 3469 150
f 2325 2323 2324
f 3466 3470 694
f 3471 3473 1353
f 196 4807 4756
f 152 3472 3471
f 1205 3476 3212
f 5029 2322 5194
f 3473 695 2040
f 3474 3476 1205
f 3474 1205 2673
f 3475 3474 121
f 121 3408 3475
f 5032 3917 2321
f 3476 695 3472
f 3477 154 696
f 696 2043 3477
f 127 3478 2789
f 127 4444 3478
f 2045 3479 697
f 504 3479 1374
f 157 3480 4453
f 3918 2320 3919
f 2322 2320 2321
f 697 1713 3480
f 5041 2319 5079
f 1231 2047 158
f 1231 3483 698
f 4463 1305 4462
f 3484 3483 4462
f 3484 159 3525
f 1918 3485 2791
f 1233 3489 5120
f 3915 2318 3202
f 2050 3486 699
f 3487 3489 1233
f 4464 3487 1233
f 609 162 261
f 261 3488 609
f 3943 3942 2317
f 699 3485 3489
f 1318 165 2761
f 2319 2317 2318
f 3491 168 701
f 701 1322 3491
f 1415 3544 3493
f 1327 3495 5073
f 3811 3161 1002
f 3493 702 2057
f 142 3494 2764
f 2316 4849 5074
f 5079 3913 2315
f 3271 3161 3811
f 3496 3498 1417
f 2088 3496 1417
f 171 3497 3496
f 171 4505 3497
f 2338 2337 2314
f 3498 703 2060
f 3499 3501 1263
f 1262 3499 1263
f 172 3500 3499
f 172 2712 3500
f 2314 2315 2316
f 3501 703 3497
f 3504 1265 3502
f 1265 2029 3502
f 3502 143 3503
f 143 2720 3503
f 3910 2311 3911
f 704 100 3504
f 3505 2769 173
f 2312 822 2311
f 5193 3902 2310
f 704 3503 3506
f 3507 3509 1433
f 4731 1502 4730
f 174 3508 3507
f 2095 3508 174
f 2309 3907 3908
f 2066 3509 705
f 3510 3512 1435
f 3510 1435 4581
f 3510 175 3511
f 3511 175 4471
f 2309 2310 2308
f 3512 705 3508
f 1278 3513 3515
f 2038 3513 1278
f 3514 3513 150
f 150 4435 3514
f 2307 3907 5102
f 3515 706 2069
f 3518 1281 3516
f 1281 2731 3516
f 3516 177 3517
f 3517 177 3568
f 3935 5074 2306
f 3518 706 3514
f 3217 3519 3521
f 2103 3519 1437
f 3520 3519 179
f 530 1283 3524
f 2304 5245 3900
f 3521 707 3243
f 3524 1283 3522
f 3522 1283 2734
f 3523 3522 152
f 3471 3523 152
f 3133 2300 3132
f 3524 707 3520
f 3527 1296 3525
f 3525 1296 2048
f 3525 159 3526
f 3526 159 2809
f 4849 2299 4917
f 2075 3527 708
f 2812 181 3528
f 3528 181 3580
f 3897 2298 3178
f 3526 3529 708
f 1458 3530 3532
f 720 3530 1458
f 5222 3271 3811
f 3535 3531 1310
f 3912 2297 3913
f 709 2078 3532
f 1310 3533 3535
f 2757 3533 1310
f 3534 3533 133
f 4561 3534 184
f 2299 2297 2298
f 709 3531 3535
f 2052 1317 710
f 4972 2296 3101
f 710 1322 2055
f 4917 3895 2295
f 3837 409 3253
f 2306 2294 2307
f 2081 2874 711
f 2296 2294 2295
f 1323 188 3540
f 3540 188 4693
f 3890 4830 2293
f 711 187 4188
f 1486 3610 3543
f 3545 3930 1414
f 2752 2551 488
f 3543 712 2084
f 169 3544 2828
f 3881 3888 2292
f 2292 2293 2291
f 939 39 4077
f 1488 3546 3548
f 4720 3546 1488
f 2239 3714 302
f 302 3714 2218
f 3101 2290 646
f 2087 3548 713
f 1336 3549 3551
f 1335 3549 1336
f 3550 3549 171
f 3496 3550 171
f 3885 2289 3157
f 713 3547 3551
f 3553 4433 1338
f 3260 3840 58
f 173 714 3553
f 3553 714 2090
f 3554 2833 192
f 2288 3895 3894
f 2289 2290 2288
f 3555 714 2771
f 1340 3556 3558
f 4524 3556 1340
f 3557 3556 4520
f 4625 3557 4520
f 3145 2287 3882
f 715 2093 3558
f 1347 3559 3561
f 1346 3559 1347
f 3560 3559 195
f 3612 3560 195
f 646 3880 2286
f 715 3557 3561
f 3564 1501 3562
f 4808 1559 4807
f 3562 196 3563
f 3563 196 2123
f 2286 2287 2285
f 716 2096 3564
f 3567 1503 3565
f 1503 4680 3565
f 197 3566 3565
f 197 4580 3566
f 3060 147 4630
f 3567 716 3563
f 3568 3570 1352
f 2070 3568 1352
f 3568 177 3569
f 3569 177 4533
f 3108 3876 2282
f 3570 717 2099
f 3571 3573 1355
f 3571 1355 2783
f 3571 199 3572
f 199 3624 3572
f 3920 2282 3098
f 3569 3573 717
f 2588 471 2696
f 58 3840 23
f 23 308 185
f 3574 4547 3575
f 408 3421 3923
f 3576 718 2102
f 3579 4549 3577
f 2695 184 133
f 3577 179 3578
f 179 3519 3578
f 2281 5148 3873
f 3579 718 3575
f 3580 3582 1378
f 1378 2076 3580
f 3580 181 3581
f 3581 181 2859
f 5113 1137 2280
f 2105 3582 719
f 3583 3585 1470
f 2862 3583 1470
f 3583 203 3584
f 3584 203 3631
f 2279 3869 845
f 3581 3585 719
f 2108 3586 3587
f 1499 1432 3586
f 1137 3867 2278
f 3587 720 2108
f 3590 1394 3588
f 3588 1394 4584
f 3279 3928 72
f 2279 2277 2278
f 3588 720 3587
f 3588 3587 3590
f 3592 2908 3591
f 72 3928 4064
f 3591 721 3592
f 3592 721 2109
f 1458 182 3593
f 3593 182 1459
f 3055 2276 3863
f 721 2107 3593
f 1140 3861 2275
f 2129 722 2111
f 1520 209 3596
f 3596 209 4759
f 2274 5134 5133
f 3596 722 208
f 3598 211 723
f 3598 723 2112
f 3244 2441 53
f 2112 212 1462
f 184 3534 133
f 724 2113 3600
f 735 215 3601
f 3601 215 1463
f 186 3606 2918
f 2080 3606 186
f 2918 725 3603
f 3603 725 2116
f 3604 3606 1406
f 4694 3604 1406
f 3604 217 3605
f 161 217 4703
f 2275 2276 2274
f 277 5006 3737
f 1547 3607 3609
f 2152 3607 1547
f 3608 3607 218
f 1485 3611 4847
f 3842 2273 3857
f 3609 726 2118
f 189 3610 2880
f 3856 2272 5112
f 1672 2271 5076
f 726 3608 3611
f 3612 3614 1427
f 1427 2094 3612
f 3612 195 3613
f 3968 407 2537
f 3061 2270 799
f 2120 3614 727
f 3617 1499 3615
f 1499 3586 3615
f 3615 204 3616
f 3616 204 3591
f 2269 1536 3854
f 3617 727 3613
f 3620 1558 3618
f 1621 4878 4879
f 220 3619 3618
f 220 2156 3619
f 3870 3866 2268
f 3620 728 2124
f 3623 1560 3621
f 3621 1560 4773
f 3621 221 3622
f 221 4679 3622
f 2270 2268 2269
f 3623 728 3619
f 3624 3626 1436
f 1436 2100 3624
f 199 3625 3624
f 199 4638 3625
f 3851 3865 2267
f 729 2127 3626
f 3627 3629 1439
f 1439 2843 3627
f 3627 223 3628
f 3628 223 3677
f 2266 1672 3849
f 3625 3629 729
f 4062 407 3968
f 4059 407 4062
f 1457 3631 3633
f 2106 3631 1457
f 3631 203 3632
f 3632 203 2910
f 2267 2265 2266
f 3633 731 2131
f 3634 3636 1530
f 2912 3634 1530
f 3634 226 3635
f 3635 226 3689
f 3845 1773 2264
f 3632 3636 731
f 3637 215 735
f 229 735 2136
f 736 3638 231
f 2137 3638 736
f 3639 750 232
f 232 1524 3639
f 2093 193 3216
f 1472 3644 3322
f 5075 3844 2263
f 2139 3641 738
f 3642 3644 1472
f 3642 1472 4765
f 3642 237 3643
f 3643 237 214
f 5011 2284 2262
f 3640 3644 738
f 2261 3841 3019
f 3710 1592 2176
f 3808 2260 324
f 2142 3646 2586
f 1480 3647 3649
f 2872 3647 1480
f 240 4780 3647
f 3647 4780 3648
f 2007 3835 1759
f 2586 739 2142
f 3652 756 3650
f 3715 1542 3650
f 3650 216 3651
f 3651 216 2114
f 475 2759 3091
f 3652 740 2145
f 3655 1482 3653
f 3653 1482 4704
f 3653 242 3654
f 3654 242 2698
f 3788 2252 3832
f 3655 740 3651
f 244 3656 2984
f 244 2180 3656
f 3830 2251 3048
f 3657 741 2148
f 3658 3660 1608
f 3658 1608 4916
f 245 3659 3658
f 4854 3659 245
f 2250 4954 4951
f 3660 741 3656
f 1610 3723 3662
f 3664 2073 1546
f 3662 3661 742
f 3662 742 2151
f 3663 2922 218
f 218 3607 3663
f 2251 2252 2250
f 742 3661 3664
f 3667 1612 3665
f 3665 1612 4875
f 3665 1492 3666
f 3666 1492 4799
f 3826 3847 2249
f 2154 3667 743
f 3670 1495 3668
f 3668 1495 1494
f 3668 249 3669
f 3669 249 2882
f 2248 2284 3824
f 3666 3670 743
f 3671 3673 1620
f 4935 4936 1684
f 3672 3671 250
f 250 2186 3672
f 2249 2247 2248
f 744 2157 3673
f 3674 3676 1622
f 4841 3674 1622
f 3674 251 3675
f 3675 251 4772
f 2066 147 3060
f 3676 744 191
f 3677 3679 1504
f 1504 2128 3677
f 3677 223 3678
f 3678 223 4738
f 3771 2244 3819
f 745 2160 3679
f 3680 3682 1506
f 1506 2897 3680
f 3680 253 3681
f 3681 253 3731
f 3817 2243 2422
f 3678 3682 745
f 228 3683 1566
f 228 1565 3683
f 3686 1629 3684
f 1629 2196 3684
f 3684 256 3685
f 761 2193 1569
f 5058 2242 5059
f 3686 747 2164
f 2193 257 3687
f 3687 257 5252
f 2243 2244 2242
f 747 3685 3688
f 1518 3689 3691
f 2132 3689 1518
f 3689 226 3690
f 3690 226 2939
f 1732 2241 3813
f 3691 748 2167
f 3692 3694 1585
f 4903 3692 1585
f 3692 259 3693
f 3693 259 3746
f 3812 2240 5010
f 3690 3694 748
f 749 2968 5205
f 5205 4899 3698
f 390 2442 4382
f 472 4475 3418
f 3697 1577 230
f 4828 3697 230
f 3698 3697 749
f 4022 3441 984
f 28 62 4022
f 4031 68 3268
f 3700 764 264
f 1579 3700 264
f 2970 235 3701
f 3701 235 2138
f 4940 3714 2239
f 2174 3702 753
f 3705 1531 3703
f 1531 2868 3703
f 3703 268 3704
f 3704 268 2913
f 2228 4129 1757
f 753 3701 3705
f 2177 1657 4976
f 3706 2177 4976
f 3706 2121 3707
f 3707 243 4784
f 754 2177 3706
f 3062 2223 5020
f 3711 1484 3709
f 3709 1484 2826
f 3709 239 3710
f 239 3646 3710
f 3740 2222 3792
f 3711 754 3707
f 3712 755 1541
f 1540 3712 1541
f 3712 272 3713
f 272 1596 3713
f 3737 2215 277
f 1542 4851 4912
f 3650 756 3715
f 3715 756 2178
f 3016 3716 3017
f 3716 5052 3720
f 3017 757 3717
f 3717 757 2182
f 3720 1728 3718
f 3718 1728 1727
f 3718 4225 681
f 681 275 4914
f 2221 4953 3790
f 3720 757 3716
f 1674 3769 3722
f 1609 3724 4806
f 4054 68 4031
f 3722 758 2184
f 3723 2954 246
f 4897 4384 2220
f 2220 2221 2222
f 406 4141 926
f 3725 3727 1683
f 5006 5007 1742
f 3725 277 3726
f 277 2214 3726
f 3822 2219 3786
f 759 2187 3727
f 3730 494 2579
f 2579 494 3728
f 3728 278 3173
f 2218 3714 3784
f 3730 2579 759
f 3730 759 3726
f 3733 1561 3731
f 3731 1561 2161
f 3731 253 3732
f 253 4813 3732
f 2219 2217 2218
f 760 2190 3733
f 1563 3734 3736
f 1563 2931 3734
f 3734 280 3735
f 3735 280 3782
f 2216 3780 4907
f 3736 760 3732
f 3739 1689 4269
f 5055 3738 298
f 298 3738 2212
f 3022 3760 297
f 3778 2215 3737
f 761 1569 3739
f 3742 1691 3740
f 1691 2222 3740
f 3740 281 3741
f 1690 3745 4515
f 3726 2214 3730
f 762 2195 3742
f 3743 3745 1690
f 1690 3001 3743
f 3743 256 3744
f 3744 256 3684
f 2215 2216 2214
f 3741 3745 762
f 1575 3746 3748
f 2168 3746 1575
f 3746 259 3747
f 3747 259 2978
f 2213 3775 2956
f 3748 763 2198
f 3749 3751 1648
f 3749 1648 4963
f 2935 3750 3749
f 283 4286 3750
f 3738 3773 2212
f 763 3747 3751
f 765 3752 285
f 2201 3752 765
f 286 3753 777
f 1642 3753 286
f 267 3754 3002
f 2173 3754 267
f 4995 2211 4996
f 2203 3755 767
f 3756 3758 1586
f 2915 3756 1586
f 3756 290 3757
f 3757 290 2942
f 2212 2213 2211
f 767 3754 3758
f 2210 3769 1674
f 2700 489 1314
f 2981 3759 768
f 4939 3768 2209
f 4052 27 3187
f 4906 1588 4905
f 293 3762 3761
f 3957 3762 293
f 4883 4657 2208
f 768 3759 1587
f 769 3764 295
f 4983 3764 769
f 1314 489 4591
f 2431 405 4050
f 1651 3762 3957
f 296 2989 1603
f 3813 3768 1732
f 1673 3770 3760
f 297 3760 770
f 2209 3768 770
f 276 3769 2991
f 2204 3757 2942
f 2202 2203 2204
f 294 1665 4913
f 3771 3773 1734
f 1734 2244 3771
f 3771 299 3772
f 3772 299 4931
f 3750 4286 2199
f 3773 771 2212
f 3776 1619 3774
f 3774 1619 1618
f 300 3775 3774
f 2956 3775 300
f 2198 4384 3748
f 3776 771 3772
f 301 3777 3028
f 1744 3777 301
f 4954 4953 2197
f 772 2215 3778
f 5090 1139 823
f 1744 3015 3779
f 3779 3015 201
f 293 497 201
f 2199 2197 2198
f 3777 3779 772
f 3784 1623 3782
f 1623 2191 3782
f 3782 280 3783
f 3783 280 4884
f 3684 2196 3744
f 773 2218 3784
f 3787 1625 3785
f 1625 2966 3785
f 3785 303 3786
f 303 3822 3786
f 3742 2195 4896
f 3787 773 3783
f 1750 3788 3790
f 1750 2252 3788
f 3788 304 3789
f 3793 3602 1749
f 4827 5244 2194
f 774 2221 3790
f 3791 3793 1749
f 3791 1749 3037
f 3792 3791 281
f 3740 3792 281
f 2196 2194 2195
f 3793 774 3789
f 1693 5017 3794
f 3688 2193 3687
f 3782 2191 3735
f 3794 775 5021
f 2190 4657 3733
f 3854 1746 3853
f 2190 2191 2189
f 776 2225 3797
f 1632 309 3798
f 309 1696 3798
f 776 4947 3798
f 194 2430 922
f 778 3800 311
f 2227 3800 778
f 778 1763 3801
f 5086 1763 1764
f 2579 3173 2188
f 3801 312 1643
f 3727 2187 4711
f 4952 3803 1697
f 2186 356 191
f 3803 779 2229
f 1646 3805 1647
f 3805 314 2230
f 781 291 2980
f 2188 2186 2187
f 2703 3763 476
f 3807 782 318
f 2185 3723 1610
f 3808 784 2246
f 3809 785 325
f 3809 325 2988
f 785 2236 3810
f 1723 4979 3810
f 3845 3812 1773
f 2535 1731 3814
f 4098 401 3538
f 787 2240 3812
f 3023 297 3813
f 2184 4882 3722
f 1698 2183 4812
f 4037 401 4098
f 3815 3817 1775
f 5070 3815 1775
f 2820 4961 510
f 3957 293 4251
f 70 2182 3719
f 788 2243 3817
f 3820 1682 3818
f 3818 1682 1681
f 3818 299 3819
f 3819 299 3771
f 3656 2180 3660
f 3820 788 3816
f 2182 2180 2181
f 332 3821 789
f 3824 1686 3822
f 1686 2219 3822
f 3823 3822 303
f 303 4941 3823
f 2913 2175 3704
f 3824 790 2248
f 3827 1688 3825
f 3825 1688 3000
f 3826 3825 335
f 335 3847 3826
f 5061 3702 2174
f 3827 790 3823
f 3830 1790 3828
f 3828 1790 5127
f 3829 3828 3079
f 2205 1789 3833
f 3758 3754 2173
f 791 2251 3830
f 3833 1789 3831
f 3831 1789 3065
f 3831 304 3832
f 3832 304 3788
f 2173 2174 2175
f 791 3829 3833
f 5085 3834 1760
f 3834 339 1762
f 310 3835 1762
f 5025 3835 310
f 2168 3693 3746
f 4642 4957 2784
f 793 326 5088
f 4034 399 4032
f 795 1811 3839
f 4336 2703 476
f 3838 345 3839
f 3691 2167 5244
f 1726 3841 796
f 346 3841 4991
f 4127 385 4110
f 3019 3841 346
f 3842 3844 1802
f 1802 2273 3842
f 3843 3842 347
f 1772 3846 1730
f 4896 2166 4897
f 3844 797 2263
f 329 3845 3053
f 2168 2166 2167
f 3687 5252 2165
f 3846 797 3843
f 3847 3849 1745
f 3847 1745 2249
f 335 3848 3847
f 5012 3848 335
f 2164 4826 3686
f 2266 3849 798
f 3852 1747 3850
f 3850 1747 3035
f 3850 349 3851
f 349 3865 3851
f 2163 4758 4405
f 798 3848 3852
f 2164 2165 2163
f 3853 1746 4950
f 3854 3797 799
f 799 2269 3854
f 350 3856 1818
f 1397 1801 3858
f 800 3856 3855
f 800 2272 3856
f 347 3857 3071
f 347 3842 3857
f 3191 2162 4817
f 800 3855 3858
f 3861 1820 3859
f 3859 1820 5142
f 3860 3861 3859
f 3860 3986 5106
f 2899 2162 3191
f 2275 3861 801
f 3862 3864 1782
f 1782 1781 3862
f 3862 353 3863
f 353 3055 3863
f 2161 3681 3731
f 3860 3864 801
f 1785 3865 3867
f 2267 3865 1785
f 3866 3865 349
f 2268 3866 349
f 2160 1698 3679
f 2278 3867 802
f 3870 1787 3868
f 3868 1787 3063
f 3868 355 3869
f 3869 355 845
f 2161 2159 2160
f 802 3866 3870
f 3873 1832 3871
f 3871 1832 5177
f 493 3013 2705
f 792 1817 3875
f 3675 4772 2158
f 803 2281 3873
f 3874 3081 350
f 350 1818 3874
f 2157 1921 3673
f 803 3872 3875
f 804 3876 3112
f 2788 4957 520
f 3877 359 804
f 4164 398 2599
f 3880 806 3878
f 3884 3885 812
f 3879 3878 6
f 2774 809 3883
f 3619 2156 3623
f 2286 3880 805
f 3883 809 3881
f 3881 809 3888
f 3881 8 3882
f 3882 8 3145
f 2156 2157 2158
f 805 3879 3883
f 2155 3669 2882
f 1862 3884 812
f 3878 806 3885
f 3885 806 2289
f 3888 809 3886
f 3892 3893 828
f 10 3887 3886
f 2573 3938 3911
f 2154 1996 3667
f 2292 3888 808
f 3891 3938 2573
f 4493 5256 113
f 3890 3795 13
f 13 4830 3890
f 3891 2546 808
f 3887 3891 808
f 4863 2153 4864
f 3437 3892 429
f 3886 809 3893
f 3893 809 2774
f 2153 2154 2155
f 829 3896 3897
f 810 3895 2288
f 2295 3895 810
f 3663 3607 2152
f 1871 3896 829
f 3894 811 3897
f 811 2298 3897
f 2151 4811 3662
f 361 813 2302
f 3899 3900 818
f 3899 818 817
f 815 3900 3899
f 815 2304 3900
f 837 3901 364
f 3901 816 361
f 837 3902 816
f 836 3902 837
f 817 818 3903
f 3903 818 3905
f 3903 365 3904
f 3904 5186 838
f 4735 4661 2150
f 818 5245 3905
f 3906 1863 819
f 819 4830 3906
f 2309 366 3907
f 3907 366 5102
f 4854 2149 3659
f 820 4972 3908
f 3160 3909 14
f 3909 822 2312
f 3657 2148 2121
f 1879 3423 854
f 4167 398 4164
f 3911 2311 2573
f 2878 4785 2147
f 855 3914 3915
f 3913 2297 824
f 3913 824 2315
f 2147 2148 2149
f 855 1882 3914
f 3912 825 3915
f 825 2318 3915
f 3654 2698 2146
f 3916 851 2353
f 826 3917 3137
f 2321 3917 826
f 2145 3086 3652
f 886 887 3918
f 2320 827 3919
f 3919 827 2324
f 2144 4857 2919
f 370 2328 2329
f 3922 835 3921
f 3921 835 834
f 832 3922 3921
f 832 2331 3922
f 362 833 834
f 834 833 370
f 2304 835 3924
f 3924 835 3925
f 2146 2144 2145
f 3925 835 4988
f 3648 4780 2143
f 373 2334 2335
f 2413 398 4167
f 3927 841 840
f 838 5186 3927
f 5186 841 3927
f 374 865 3929
f 373 3929 839
f 238 3646 2142
f 4760 865 864
f 840 841 3931
f 3931 841 3933
f 3931 375 3932
f 3932 4800 866
f 3643 2866 2140
f 3933 841 4948
f 2340 22 3934
f 3934 22 1883
f 4263 3641 2139
f 842 5074 3935
f 3936 3937 1872
f 3705 3701 2138
f 844 3937 3936
f 3759 292 2944
f 2140 2138 2139
f 3975 871 3974
f 4183 1693 4281
f 1872 3937 3939
f 14 846 3940
f 3940 846 5200
f 3166 847 3941
f 3941 847 2343
f 3635 3689 2132
f 896 3944 3945
f 848 3943 2317
f 848 2346 3943
f 4405 3633 2131
f 896 1895 3944
f 3945 3942 849
f 2349 3945 849
f 4826 2130 4827
f 892 2398 3946
f 3148 850 3947
f 850 2352 3947
f 2131 2132 2130
f 3948 943 4079
f 2351 851 3949
f 3949 851 5032
f 3677 2128 3628
f 949 4003 3950
f 2354 853 3951
f 3951 853 2357
f 3952 3954 899
f 899 3230 3952
f 3952 37 3953
f 3953 37 3208
f 2127 4661 3626
f 3954 856 5143
f 2128 2126 2127
f 3933 3955 900
f 3956 2359 857
f 5210 3956 857
f 4173 47 3309
f 2202 4281 2203
f 861 3959 858
f 3963 3958 861
f 7 3959 3958
f 2374 3959 7
f 4498 5230 2714
f 380 859 381
f 3962 863 3961
f 3961 863 862
f 860 3962 3961
f 860 2365 3962
f 371 831 3963
f 3961 861 380
f 2331 863 3964
f 3964 863 3965
f 3622 4679 2125
f 3965 863 4593
f 2124 4756 3620
f 383 2368 2369
f 395 4192 2402
f 3967 869 868
f 866 4800 3967
f 4800 869 3967
f 384 911 3969
f 3969 867 383
f 3563 2123 3567
f 911 910 5203
f 868 869 3971
f 3971 869 3973
f 3972 3971 385
f 3972 4482 912
f 2123 2124 2125
f 3973 869 4539
f 2122 3616 3591
f 871 3906 3974
f 3939 870 3975
f 870 2372 3975
f 3977 873 925
f 4050 3976 925
f 63 3977 3976
f 2540 3977 63
f 2120 4833 3614
f 4195 20 3199
f 285 5025 4284
f 3978 873 3977
f 2119 3610 1486
f 2540 63 3189
f 875 3981 388
f 4053 3981 875
f 3609 2118 4734
f 992 4055 3983
f 876 3983 2378
f 2382 3983 876
f 4602 5230 4498
f 388 878 2384
f 883 3985 3766
f 957 3991 3992
f 4635 2933 2117
f 882 3766 4398
f 3987 3766 881
f 3987 881 2386
f 881 3766 3988
f 3990 931 389
f 2116 3605 161
f 3988 389 2387
f 3988 882 3990
f 3990 882 2388
f 3655 3651 2114
f 358 3356 3991
f 3992 3985 883
f 4755 3992 883
f 2114 2115 2116
f 3996 958 3995
f 884 3994 2348
f 884 2391 3994
f 2110 4667 2800
f 958 1905 3995
f 3996 3993 885
f 885 2394 3996
f 392 886 3997
f 3997 886 5004
f 3918 887 4000
f 4000 887 946
f 946 887 3999
f 3999 887 392
f 2110 2111 1461
f 4080 4000 946
f 4001 4003 949
f 949 4089 4001
f 393 4001 2460
f 890 4002 4275
f 3615 3586 2108
f 4295 4003 889
f 3584 3631 2106
f 954 2464 4004
f 4005 3169 891
f 891 2397 4005
f 5054 3582 2105
f 4006 1008 1009
f 4007 2396 892
f 892 4641 4007
f 2104 4758 4757
f 4008 1015 1016
f 894 4009 2399
f 2402 4009 894
f 4012 962 4010
f 962 3305 4010
f 4010 45 4011
f 4011 45 3228
f 2105 2106 2104
f 4012 898 4969
f 3578 3519 2103
f 963 3973 4013
f 4014 2407 901
f 5214 4014 901
f 971 379 4015
f 4015 379 2362
f 4736 2101 4737
f 4015 902 2481
f 4019 903 4017
f 4017 903 2376
f 386 4018 4017
f 2101 2102 2103
f 3624 2100 3572
f 4019 902 4015
f 971 4020 2411
f 2483 4020 971
f 377 4083 4235
f 3549 4506 171
f 4020 4021 904
f 2099 2933 3570
f 397 4023 905
f 907 4023 397
f 2098 2099 2100
f 904 3241 4023
f 906 4025 4026
f 4028 909 4027
f 4026 4025 905
f 1913 4026 905
f 4025 4028 4027
f 909 319 4027
f 906 4028 4025
f 2412 4028 906
f 4029 319 909
f 4029 909 4030
f 4580 2097 3566
f 909 4167 4030
f 2096 3020 3564
f 2417 399 2416
f 4264 394 3695
f 914 4032 915
f 4482 4032 912
f 915 4032 4482
f 4034 400 978
f 4264 2397 394
f 4035 4034 978
f 977 4090 978
f 915 4036 914
f 915 4038 4036
f 4036 401 4037
f 979 4037 4098
f 2095 3512 3508
f 915 4127 4038
f 4039 402 916
f 3190 4039 916
f 968 4040 3152
f 4040 4113 969
f 2097 2095 2096
f 2371 3152 386
f 3612 2094 3560
f 916 4042 918
f 2093 3216 3558
f 4042 917 3152
f 56 4044 2427
f 56 1914 4044
f 4723 2092 4724
f 4045 919 4308
f 2491 988 4046
f 988 61 4046
f 2094 2092 2093
f 921 2430 4047
f 3554 1425 2091
f 4137 987 1064
f 2433 2429 922
f 4097 4275 393
f 4050 405 924
f 924 3976 4050
f 4052 3186 4051
f 4051 927 990
f 4051 406 4052
f 926 27 4052
f 4054 927 928
f 2090 4433 3553
f 4053 2379 4054
f 2089 4532 5250
f 2088 3550 3496
f 1927 4055 992
f 3420 3548 2087
f 930 4056 992
f 4708 2086 4709
f 3344 4056 389
f 4058 4060 994
f 4144 4058 994
f 4058 407 4059
f 2086 2087 2088
f 2085 3544 1415
f 4634 3543 2084
f 2083 4530 1729
f 4062 3968 3240
f 3540 4693 2082
f 4062 933 4059
f 935 4063 4065
f 4070 1025 4069
f 4063 72 4064
f 4068 3928 997
f 765 285 4284
f 4065 934 2443
f 4066 4068 997
f 4150 4066 997
f 4067 4066 408
f 3923 4067 408
f 2082 2080 2081
f 4068 934 4064
f 2079 3534 4561
f 4069 1025 1933
f 4070 4063 935
f 935 4379 4070
f 2078 182 3532
f 4073 4074 1026
f 4072 2393 936
f 2446 4072 936
f 3580 2076 3528
f 1936 4073 1026
f 937 4074 4071
f 241 4074 937
f 637 4075 1899
f 637 29 4075
f 409 4076 2456
f 3837 4076 409
f 4910 3527 2075
f 4275 4002 393
f 4078 941 942
f 2456 4078 942
f 2457 410 4079
f 410 944 4079
f 2457 943 4080
f 4080 943 4624
f 4079 4083 3948
f 1011 4083 944
f 411 944 4082
f 4082 944 410
f 2075 2076 2074
f 4182 4083 1011
f 4084 945 948
f 4088 1006 4087
f 4084 91 4085
f 196 4756 2124
f 5207 4086 947
f 945 4086 948
f 1353 3243 3471
f 1007 4174 4175
f 4084 948 4088
f 369 3950 4295
f 2072 3237 3217
f 4614 4089 949
f 5198 144 4512
f 950 3765 412
f 4093 1017 4091
f 4091 4199 1020
f 4198 4092 4091
f 3217 3521 2072
f 2071 3237 2072
f 951 2461 4093
f 3217 3237 663
f 1004 4094 4169
f 1014 4096 413
f 4191 4095 1014
f 4637 4636 2071
f 4092 4096 952
f 1004 4097 4094
f 1899 4075 1004
f 4169 4094 952
f 952 4096 3721
f 2072 3243 2071
f 4099 1022 2520
f 3193 953 4100
f 953 2463 4100
f 3517 3568 2070
f 1093 4101 1092
f 954 4102 2462
f 4264 4102 954
f 2069 1729 3515
f 1102 1103 4103
f 2465 956 4104
f 4104 956 2468
f 4105 1906 4106
f 1088 4212 4105
f 1906 959 4106
f 4106 959 5227
f 4107 4109 1031
f 1031 3363 4107
f 79 4108 4107
f 79 3303 4108
f 2070 2068 2069
f 4109 961 4551
f 3511 4471 2067
f 1032 4038 4110
f 964 4111 2473
f 5229 4111 964
f 4018 4040 969
f 3060 3509 2066
f 968 4113 4040
f 2478 4113 968
f 1040 4114 4116
f 4226 4114 1040
f 4115 4114 64
f 4143 4115 64
f 4116 4114 4115
f 2482 4116 970
f 4119 1041 4117
f 1041 3246 4117
f 4117 4021 4118
f 4118 4021 4020
f 3460 2065 3464
f 970 4115 4119
f 4026 4120 906
f 973 52 4120
f 976 4121 4122
f 975 4121 976
f 4122 4121 974
f 4122 974 2484
f 2412 976 4123
f 4123 976 4124
f 2066 2067 2065
f 4124 976 3552
f 3505 1338 2064
f 2487 2488 419
f 4296 391 2424
f 981 4126 982
f 4098 4126 979
f 982 4126 4098
f 1049 4128 420
f 419 4128 980
f 3504 100 4328
f 1048 5215 1049
f 982 4130 981
f 4132 4130 982
f 4131 4130 421
f 1050 4131 3444
f 2062 4434 5240
f 3538 4132 982
f 3803 4286 283
f 984 3441 4133
f 4136 3708 4134
f 4247 1227 4246
f 4135 4134 422
f 422 2561 4135
f 3500 2712 2061
f 4136 986 2517
f 3167 3498 2060
f 1064 1954 4137
f 1062 4138 1917
f 1062 2563 4138
f 3254 2490 1917
f 4606 4605 2059
f 4140 1919 989
f 989 3257 4140
f 1064 4141 4142
f 987 4141 1064
f 2060 2061 2059
f 2494 4142 990
f 4143 3265 1041
f 4143 1041 4119
f 2058 3494 1328
f 3923 4144 994
f 1066 4145 4147
f 4254 4145 1066
f 423 4146 4145
f 423 3414 4146
f 2057 4529 3493
f 995 3421 4147
f 4150 997 4148
f 4155 1112 4154
f 4148 95 4149
f 1069 4153 3394
f 2056 4432 4177
f 4150 996 2500
f 1069 4151 4153
f 1069 4257 4151
f 106 2 592
f 592 2 4152
f 2051 3488 2689
f 4153 996 4149
f 2615 3486 2050
f 4154 1112 1970
f 997 4155 4148
f 997 3928 4155
f 4572 2049 4573
f 1113 4158 4159
f 2448 998 4157
f 998 2503 4157
f 2051 2049 2050
f 1973 3320 1113
f 4156 999 4159
f 4159 999 2506
f 2576 2509 76
f 1080 4160 3162
f 2048 3484 3525
f 3837 4161 1000
f 4553 3245 2047
f 4509 5190 4510
f 4163 2453 1000
f 1000 4161 4163
f 24 3183 4308
f 1076 4270 1075
f 1075 4270 4165
f 426 2510 4165
f 4165 4166 1075
f 1001 3253 4166
f 1002 1003 427
f 4509 4999 5190
f 4169 1005 4168
f 4168 1005 1930
f 4168 1004 4169
f 4359 391 4296
f 1086 3383 1928
f 2047 3245 158
f 1928 1005 4171
f 4171 1005 3721
f 4172 1080 3162
f 428 1007 4172
f 4172 4175 1080
f 1006 4162 1080
f 3478 4444 1285
f 1091 4179 4180
f 4087 1006 4175
f 4175 1006 1080
f 4176 4178 1089
f 2584 4176 1089
f 2391 391 4359
f 4180 3100 1091
f 3475 3408 2041
f 4178 1007 428
f 2040 5118 3473
f 1964 4179 1091
f 4180 4174 1007
f 4180 1007 4178
f 4181 1011 2514
f 430 1009 4181
f 1008 4182 4181
f 1008 4235 4182
f 4185 4006 1009
f 431 4185 1009
f 431 1009 4184
f 4184 1009 430
f 2039 4532 4531
f 1095 4290 4185
f 1010 1013 4186
f 4186 1013 3337
f 4186 90 4187
f 2039 2040 2041
f 4609 3420 190
f 3420 2087 190
f 2038 3469 3513
f 1010 2514 1013
f 4190 4303 1101
f 4306 1184 4305
f 4190 432 4191
f 1084 4191 3045
f 4177 3467 2037
f 413 4303 1014
f 4193 4095 1084
f 1086 4193 4279
f 434 4194 1018
f 433 1016 4194
f 4194 1015 1018
f 1018 1015 4192
f 1016 4196 4008
f 4197 4196 1016
f 4379 41 2723
f 4197 1016 433
f 4198 4091 1020
f 4203 4204 1100
f 4091 1017 4199
f 4199 1017 433
f 1104 4200 1019
f 4312 1107 4311
f 2038 2036 2037
f 3463 4368 2035
f 5261 3461 2034
f 4199 2516 1020
f 2033 3401 3397
f 1101 4303 4304
f 1020 4204 4198
f 3014 4204 1020
f 2034 2035 2033
f 2593 4205 1109
f 3213 1021 4206
f 4206 1021 2519
f 3457 5260 2032
f 1176 1177 4207
f 2518 1022 4208
f 4208 1022 3696
f 3455 2031 5259
f 1187 1188 4209
f 1024 4210 2521
f 2524 4210 1024
f 4512 2030 4513
f 1088 1961 4211
f 1027 4212 1937
f 5226 4212 1027
f 4214 4213 1943
f 3329 4213 1173
f 1028 4214 1943
f 1028 5239 4214
f 2032 2030 2031
f 3450 4215 1183
f 1946 1029 4216
f 4216 1029 5213
f 4219 1117 4217
f 4217 1117 3407
f 4217 99 4218
f 4218 99 3361
f 2029 3451 3502
f 1030 4164 4219
f 4215 3450 2028
f 1118 4132 4220
f 1033 4221 2529
f 5241 4221 1033
f 1034 1121 4222
f 1121 2605 3597
f 4222 2515 4223
f 4223 2804 1035
f 4224 439 2534
f 4224 1034 4222
f 1949 1040 2480
f 5228 2027 4329
f 1951 4226 1949
f 1039 5219 4226
f 3446 1254 2026
f 2539 114 2538
f 4228 404 1047
f 1046 4228 1047
f 1044 4229 404
f 4229 1044 2541
f 4230 51 1912
f 1045 440 4230
f 2484 1046 4231
f 4232 4231 1047
f 2025 4431 3445
f 2708 4232 1047
f 5249 2024 4327
f 2545 443 2544
f 461 4622 1500
f 4234 1053 1052
f 4234 1050 3444
f 3444 1053 4234
f 444 1132 4236
f 1051 443 4236
f 1051 1132 4237
f 2437 1132 1131
f 1052 1053 4238
f 4238 1053 4240
f 4238 445 4239
f 4349 4239 940
f 2020 3435 2021
f 4240 1053 2559
f 4243 3427 4241
f 521 4945 4646
f 547 4241 2012
f 3124 4242 132
f 5255 3434 2019
f 1054 3426 4243
f 446 4244 111
f 2454 4244 446
f 4461 2748 2018
f 3260 4245 1056
f 2020 2018 2019
f 4246 1227 4459
f 4246 1058 4247
f 4247 1058 3026
f 1120 4248 2558
f 4335 4248 1207
f 1059 4249 3059
f 2515 4249 1059
f 931 390 4382
f 1144 3436 4250
f 2016 2014 2015
f 4782 4833 219
f 4138 447 4252
f 4252 447 103
f 1122 4253 3315
f 2804 1122 49
f 3428 5253 1223
f 1066 3384 4254
f 4255 4257 1069
f 1197 4261 4262
f 4255 117 4256
f 4260 2385 1151
f 4241 3427 2012
f 2568 4257 1068
f 4258 4260 1151
f 4364 4258 1151
f 448 4259 4258
f 2305 4259 448
f 1223 3275 2011
f 4256 4260 1068
f 3275 4456 2011
f 1197 1999 4261
f 1069 4262 4255
f 3394 4262 1069
f 3424 124 2010
f 219 4833 2120
f 2505 1070 1071
f 1071 1070 1955
f 4445 4444 2008
f 4265 1071 5232
f 2005 3412 3364
f 426 2238 1072
f 87 1073 4267
f 4267 1073 4375
f 5250 3410 2004
f 1078 4268 1077
f 2005 2003 2004
f 4268 450 427
f 4520 3556 5182
f 1155 4270 1076
f 1076 4271 451
f 1076 2233 4271
f 4272 4268 1078
f 1079 4272 4273
f 4273 4272 1078
f 4273 1078 2590
f 2606 2578 4274
f 2577 2512 248
f 3406 3465 2002
f 69 3380 4274
f 2606 4276 1082
f 4276 1169 3492
f 2001 5249 3404
f 389 4056 2387
f 4278 2577 1083
f 1083 108 4278
f 4279 4193 1084
f 2580 4279 1084
f 4383 4282 1161
f 1162 4280 4383
f 4398 41 4379
f 454 2581 1085
f 4282 4280 1085
f 3045 4282 1085
f 218 2921 4847
f 4283 1174 4288
f 2584 4283 4176
f 4398 3985 41
f 2002 2000 2001
f 5233 1174 1087
f 1999 3400 4261
f 1090 3290 1938
f 1998 5248 3398
f 4287 1174 2650
f 4288 1962 1091
f 1091 3100 4288
f 2585 4289 1095
f 455 4292 4289
f 4289 1092 4290
f 4290 1092 3695
f 4293 4101 1093
f 4293 1093 456
f 456 1093 4292
f 4292 1093 4289
f 1997 3351 3347
f 2380 388 2383
f 5179 2725 500
f 1097 3393 4294
f 386 4017 4477
f 1998 1999 1997
f 1094 455 4294
f 4294 455 1097
f 1183 676 3448
f 386 4477 2372
f 5236 4298 1099
f 1158 1161 4298
f 4299 4298 4381
f 432 1839 4299
f 1186 4300 4302
f 4411 1266 4410
f 457 4301 4300
f 4304 1798 1101
f 1995 3338 3339
f 4302 1100 3012
f 1994 4216 5213
f 4482 385 4127
f 4304 4203 1100
f 4301 4304 1100
f 1993 3392 3332
f 4305 1184 2655
f 4306 4190 1101
f 1101 1798 4306
f 4307 1105 459
f 458 1103 4307
f 1102 1105 4307
f 3630 1105 1102
f 4103 1103 4309
f 4309 1103 4310
f 434 1018 4310
f 4310 1103 458
f 4312 4311 4200
f 4317 1185 4316
f 4312 4200 1104
f 4312 1104 458
f 1189 4313 1106
f 1192 4416 4417
f 5247 3390 1992
f 4395 1991 4396
f 1992 1993 1991
f 2589 1107 4312
f 1173 1990 3386
f 4409 1186 4408
f 1107 4317 4311
f 1107 1715 4317
f 4326 3385 1989
f 2662 4318 1194
f 1108 4319 3276
f 2592 4319 1108
f 4214 5239 1988
f 1258 1259 4320
f 1109 4321 2591
f 1109 3003 4321
f 1984 3376 2567
f 1269 4322 1268
f 1111 4323 2594
f 2597 4323 1111
f 1983 5242 3374
f 4428 1199 4427
f 1113 4325 1971
f 1113 3259 4325
f 4326 1974 4327
f 1254 3385 4326
f 4327 1974 1114
f 1114 5249 4327
f 4328 1977 4329
f 4328 1265 3504
f 4329 1977 1115
f 4329 1115 5228
f 4332 1203 4330
f 1203 3470 4330
f 4330 119 4331
f 4331 119 3405
f 1982 4361 4360
f 3542 4332 1116
f 1982 1983 1984
f 1204 4240 4333
f 4334 2602 1119
f 5251 4334 1119
f 1981 3372 3432
f 4335 1207 3416
f 1207 4248 1120
f 2605 1207 1120
f 3306 1979 3368
f 3167 170 4705
f 5240 3366 1978
f 1979 1977 1978
f 1123 4339 4338
f 2485 4339 1123
f 1124 4340 3111
f 3362 3402 1976
f 1975 5239 3360
f 2610 462 2609
f 1130 4342 4343
f 1129 4342 1130
f 1127 4343 4342
f 4343 1127 2612
f 4344 441 1128
f 2609 4344 1128
f 4345 2541 1130
f 4345 1130 4346
f 1975 1976 1974
f 4346 1130 1225
f 2620 3320 1973
f 1134 2616 465
f 4349 1136 4348
f 4348 1136 1135
f 4348 1133 4349
f 4349 1133 4239
f 1134 4350 129
f 1134 465 4350
f 4351 2614 1217
f 4384 282 2220
f 1135 1136 4352
f 4352 1136 4354
f 4352 466 4353
f 5003 1221 4353
f 3354 1972 5238
f 4354 1136 940
f 1971 4325 4324
f 1141 2619 467
f 467 2619 5090
f 131 4356 1217
f 569 4357 1143
f 2684 2621 1226
f 1980 1148 4358
f 1148 1222 4358
f 1973 1971 1972
f 3429 4358 1222
f 1970 3350 4154
f 4360 1232 1061
f 1982 1149 4361
f 4361 1149 2305
f 1151 4362 4364
f 4369 1277 4368
f 4362 148 4363
f 4367 2063 1235
f 5237 3348 1969
f 4364 1150 2628
f 1235 4365 4367
f 1235 4467 4365
f 162 4366 590
f 2207 4366 162
f 1968 3281 3277
f 4367 1150 4363
f 1969 1970 1968
f 4368 1277 2035
f 1151 4369 4362
f 1151 2385 4369
f 4370 469 1152
f 4370 1152 2253
f 4371 4372 1199
f 4428 4371 1199
f 3341 35 1967
f 2634 4372 1153
f 3345 2587 1965
f 1236 2635 4373
f 3323 1154 4374
f 4374 1154 2637
f 1157 4375 2572
f 1240 4375 1157
f 2572 1155 4376
f 4376 1155 1076
f 3972 385 4482
f 4475 4476 1311
f 4377 4475 4378
f 4378 472 2639
f 4377 1156 452
f 3967 3969 383
f 4380 1159 1160
f 1967 1965 3339
f 4298 1161 4381
f 1161 4282 4381
f 500 4964 5179
f 2697 4280 1162
f 4383 4280 4282
f 4383 1161 4380
f 2697 1162 2640
f 2198 282 4384
f 1964 3336 4179
f 1247 1249 4385
f 5234 3334 1963
f 4385 1168 672
f 1168 1245 4387
f 4387 1245 1316
f 1170 4388 4276
f 1170 1246 4388
f 4539 375 4013
f 4611 5164 481
f 1250 4390 1986
f 4490 1252 4489
f 1986 1171 4391
f 4391 1171 2581
f 4394 1255 4392
f 4392 1255 4396
f 4392 89 4393
f 89 4287 4393
f 4287 1962 4288
f 5246 4394 1172
f 1963 1964 1962
f 1255 2711 4395
f 1991 1175 4396
f 4396 1175 5234
f 2651 4397 1179
f 1177 4397 477
f 1179 4397 1176
f 1176 2938 1179
f 4207 1177 4401
f 4401 1177 478
f 1177 4400 478
f 477 4400 1177
f 4211 1961 3330
f 4401 1261 4501
f 4404 1181 4402
f 1256 4406 4407
f 172 4403 284
f 1960 4213 3329
f 4402 1178 4404
f 4404 1178 477
f 4106 5227 1959
f 2651 1181 4404
f 5225 2508 1958
f 4496 4406 1256
f 4402 1181 4407
f 4407 1181 3984
f 1955 3324 5232
f 4408 1186 4302
f 4316 1185 4409
f 1185 5259 4409
f 4137 1954 3319
f 4410 1266 2719
f 1186 4411 4300
f 4033 4411 1186
f 4412 1190 480
f 479 1188 4412
f 1187 1190 4412
f 2871 1190 1187
f 4209 1188 4414
f 4414 1188 4415
f 459 1105 4415
f 4415 1188 479
f 2494 1952 4142
f 3458 4416 1192
f 4417 4313 1189
f 479 4417 1189
f 1270 4418 1191
f 4519 1273 4518
f 1954 1952 1953
f 3456 4418 146
f 3310 3231 1948
f 2658 1192 4417
f 3308 1947 5228
f 2726 4421 1275
f 1193 4422 3346
f 2661 4422 1193
f 4215 1946 4216
f 1331 1332 4423
f 4424 2660 1194
f 4424 1194 1640
f 1948 1946 1947
f 1343 4425 1342
f 4426 2663 1196
f 1196 2666 4426
f 1945 3304 3358
f 4430 1276 4429
f 4324 1198 4428
f 4428 1198 4371
f 5227 3302 1944
f 4429 1276 2667
f 1199 4430 4427
f 2553 4430 1199
f 4432 4431 2000
f 4431 1328 3445
f 1200 4432 2000
f 4177 4432 1200
f 1338 4433 2003
f 3553 1338 3505
f 2003 1201 4434
f 4434 1201 5240
f 1281 4435 4437
f 3518 4435 1281
f 4436 4435 150
f 150 3468 4436
f 1945 1943 1944
f 2575 4437 1202
f 1942 3298 5226
f 4354 4438 1282
f 4439 2671 1205
f 1205 3212 4439
f 4440 2006 1206
f 1206 3424 4440
f 1210 4441 4443
f 1210 4339 4441
f 4442 4441 2485
f 547 4442 132
f 1940 1941 1942
f 4443 1209 2010
f 1939 3292 1940
f 1285 2043 3478
f 2008 1209 4445
f 4445 1209 4442
f 4515 281 4189
f 2676 483 2675
f 1216 4447 4448
f 1216 1215 4447
f 4448 4447 1213
f 4448 1213 2678
f 1214 4449 463
f 2675 4449 1214
f 4450 2612 1216
f 4450 1216 4451
f 1937 4212 4211
f 4451 1216 4928
f 1219 1220 4452
f 183 1220 156
f 2680 1221 1292
f 1292 2489 4453
f 1938 1939 1937
f 3286 4073 1936
f 1223 4455 2042
f 1223 5253 4455
f 1285 4456 3275
f 1285 4445 4456
f 4457 471 1224
f 1224 2683 4457
f 4459 1227 4458
f 4458 1227 2016
f 4458 3431 4459
f 3431 2418 4459
f 487 4460 1229
f 1935 5224 3284
f 4461 2018 1230
f 5257 4461 1230
f 4462 3483 4463
f 1305 2751 4462
f 1231 2747 3483
f 3483 2747 4463
f 3353 1934 3357
f 2207 4464 1232
f 1235 4465 4467
f 4472 1351 4471
f 4466 4465 175
f 1308 4470 2301
f 1935 1936 1934
f 1234 2690 4467
f 4468 4470 1308
f 4468 1308 4576
f 488 4469 4468
f 488 2551 4469
f 1933 3280 4069
f 4466 4470 1234
f 5223 3278 1932
f 4471 1351 2067
f 4472 4465 1235
f 2063 4472 1235
f 2973 1309 4473
f 1350 4582 4583
f 2994 1237 4474
f 4474 1237 2695
f 3214 1931 3218
f 2701 4475 1311
f 4377 1238 4476
f 4476 1238 3076
f 4551 382 2526
f 3577 5144 179
f 1240 472 3418
f 1933 1931 1932
f 3274 38 1930
f 3963 861 3961
f 4480 2697 4481
f 1314 4488 4480
f 4481 2697 1239
f 2700 1241 2701
f 107 165 1242
f 4593 382 4551
f 1929 5221 3273
f 490 2759 1244
f 3741 281 4515
f 1245 167 4484
f 1929 650 1928
f 4385 1249 3491
f 4486 1248 1324
f 1326 4486 4596
f 168 1248 4487
f 4487 1248 4486
f 492 4490 4488
f 4488 1250 3960
f 3269 4055 1927
f 4489 1252 2706
f 4490 4390 1250
f 4490 1250 4488
f 1925 4056 3344
f 4491 1408 1407
f 1251 4492 2645
f 2705 4492 1251
f 4495 1329 4493
f 1329 4499 4493
f 4493 113 4494
f 4494 113 4395
f 3344 2438 1925
f 5258 4495 1253
f 992 1926 1927
f 4496 1256 5247
f 1329 4497 4499
f 2765 4497 1329
f 2366 382 4593
f 2363 379 2410
f 1924 3263 2493
f 1257 5256 4499
f 495 1261 2715
f 495 1259 4500
f 4501 4500 1258
f 1258 1534 4501
f 4320 1259 4504
f 4504 1259 496
f 496 1259 4503
f 4503 1259 495
f 1923 5219 3261
f 1669 4507 1724
f 1263 4505 1260
f 3501 4505 1263
f 4506 4505 171
f 3270 3266 1922
f 4608 1669 2951
f 327 4507 4608
f 1923 1924 1922
f 2715 1263 1260
f 4511 1341 4509
f 1426 4618 4619
f 1918 2791 1370
f 5190 1339 4513
f 4140 2548 1919
f 4511 1267 5260
f 185 308 1060
f 1339 2770 4512
f 4513 2030 1267
f 4513 1267 4510
f 4514 1271 2722
f 498 1269 4514
f 4648 256 3743
f 4718 4945 521
f 4516 4322 1269
f 4516 1269 4517
f 480 1190 4517
f 4517 1269 498
f 3248 1915 5215
f 4524 1340 4523
f 4519 4418 1270
f 4519 1270 498
f 1344 4520 1272
f 1347 4625 4626
f 4044 1914 2425
f 1916 1914 1915
f 1911 3235 3205
f 2722 1273 4519
f 5213 3233 1910
f 4617 1341 4616
f 4518 1273 4524
f 4524 1273 5182
f 3338 1909 3342
f 1349 2778 4525
f 3396 1274 4526
f 4526 1274 2725
f 1909 1910 1911
f 1418 1419 4527
f 2724 1275 4528
f 1275 4049 4528
f 4530 4529 2036
f 3493 4529 1415
f 1278 4530 2036
f 1729 4530 1278
f 3229 3300 1908
f 1497 4721 4722
f 1279 4532 2039
f 5250 4532 1279
f 1355 4533 4535
f 1355 3573 4533
f 4533 177 4534
f 4534 177 3516
f 3297 3227 1907
f 983 4535 1280
f 4536 2732 1356
f 4545 4536 1356
f 1356 2732 1283
f 1356 1283 530
f 1360 4538 1284
f 1358 4538 1360
f 1908 1906 1907
f 2737 501 2736
f 1291 4540 4541
f 1290 4540 1291
f 1288 4541 4540
f 4541 1288 2739
f 4542 484 1289
f 2736 4542 1289
f 4543 2678 1291
f 4543 1291 4544
f 3995 1905 3223
f 4544 1291 5140
f 5212 3221 1904
f 4613 36 3234
f 1903 3287 3283
f 157 2489 4545
f 3577 4549 1357
f 3579 4547 4549
f 4548 4547 3574
f 4548 5129 1377
f 4549 4547 1293
f 1293 3480 4549
f 2044 1377 4550
f 4550 1377 526
f 5140 2740 503
f 2044 1293 4548
f 1904 1905 1903
f 4658 4659 1375
f 1297 4553 2046
f 153 4553 1297
f 2046 2048 4554
f 4554 1296 4910
f 1297 1365 4555
f 1365 154 4555
f 2738 3356 1902
f 4562 1379 4561
f 2694 1298 4557
f 1298 5231 4557
f 4558 4560 1375
f 1376 2857 1375
f 505 4559 4558
f 4562 5080 1379
f 5211 3215 1901
f 4560 1299 5107
f 1900 3198 3194
f 4561 1379 2079
f 4556 1299 4562
f 4562 1299 4559
f 506 2743 4563
f 1301 487 4563
f 1901 1902 1900
f 4568 4564 1385
f 3209 3225 1898
f 2745 4564 1302
f 378 3765 4614
f 4614 2357 378
f 508 4567 1385
f 4569 4567 508
f 897 3415 1898
f 4461 4568 1303
f 1305 4569 4570
f 1305 2749 4569
f 4570 4569 1304
f 1388 4570 1304
f 1304 4571 211
f 1304 4569 4571
f 1897 3340 3378
f 4572 1390 4669
f 4573 2049 1306
f 1306 2551 4573
f 4576 1308 4574
f 4581 1435 4580
f 197 4575 4574
f 5051 1393 4579
f 3378 3207 1897
f 1307 2753 4576
f 4579 1393 4577
f 1393 4675 4577
f 4577 509 4578
f 4578 509 5047
f 3381 1897 1896
f 4579 1307 4575
f 3381 3340 1897
f 1435 2097 4580
f 4574 1308 4581
f 4581 1308 2301
f 3299 3295 1896
f 1350 2728 4582
f 4473 1309 4583
f 4583 1309 2756
f 2755 1310 4584
f 1310 3531 4584
f 1897 3415 1896
f 2208 4657 279
f 1311 4586 2699
f 1311 3091 4586
f 3944 1895 3203
f 4587 1395 1396
f 4587 511 4588
f 4588 511 5044
f 1894 5209 3201
f 4590 4592 4589
f 1313 4590 4589
f 5044 4590 1313
f 492 4488 4591
f 4620 11 3175
f 1893 3224 3220
f 1398 4683 4684
f 4592 2707 1315
f 4592 1315 4589
f 1894 1895 1893
f 1318 164 490
f 4595 188 1320
f 4595 1320 491
f 4596 4486 1324
f 4596 1324 2822
f 1410 4597 1325
f 1410 4697 4597
f 3163 1892 3197
f 5140 503 5138
f 4599 4601 1413
f 4704 1482 4703
f 4703 4600 4599
f 4600 217 2762
f 4600 4601 4599
f 1325 4597 4601
f 1416 4602 4604
f 4606 4602 1416
f 4602 4498 4603
f 4498 4497 4603
f 5208 3195 1891
f 1327 5073 4604
f 1890 3174 3170
f 1416 2829 4605
f 2059 1330 4606
f 1330 5230 4606
f 1334 2766 4607
f 4610 4607 515
f 1334 4607 1331
f 4125 1334 1331
f 1332 4611 4423
f 1332 516 4611
f 1332 4610 516
f 1332 4607 4610
f 1891 1892 1890
f 279 4657 2190
f 4000 4624 368
f 3551 4612 1336
f 4542 501 4540
f 1888 3187 5206
f 515 4612 1333
f 1336 4612 515
f 1886 632 3422
f 377 4235 4641
f 2419 1886 3422
f 4616 1341 4511
f 1340 4617 4523
f 1340 3216 4617
f 1888 331 1887
f 2834 4618 1426
f 1341 4619 4509
f 1341 4980 4619
f 4641 2352 377
f 1343 517 1344
f 4711 250 4935
f 1342 4413 4621
f 1343 4622 4425
f 499 4622 1343
f 1343 1342 4623
f 4623 1342 4621
f 499 1343 1344
f 1885 3184 2345
f 3182 1884 5203
f 3561 4625 1347
f 4626 4520 1344
f 517 4626 1344
f 518 2439 1346
f 4627 1432 4727
f 3559 4627 195
f 1883 2338 3934
f 1884 1885 1883
f 2773 1347 4626
f 3914 1882 3179
f 4630 1434 2840
f 4631 3459 1348
f 1348 2777 4631
f 3177 1881 5202
f 4632 1490 1491
f 4633 2776 1349
f 1349 5179 4633
f 4635 4634 2068
f 4634 1486 3543
f 1352 4635 2068
f 1352 2933 4635
f 1880 3204 3200
f 2888 4636 1497
f 2071 1353 4637
f 1353 5118 4637
f 4638 4640 1439
f 3629 4638 1439
f 199 4639 4638
f 3571 4639 199
f 1881 1882 1880
f 4640 1354 4987
f 5144 4545 1356
f 1357 4545 5144
f 1360 1364 4642
f 520 4957 4642
f 1359 1361 4644
f 4646 1441 4645
f 4643 224 4644
f 224 1440 4644
f 1879 2786 3423
f 24 4308 4692
f 4643 1361 4646
f 1361 2787 4646
f 521 1362 4647
f 1362 154 4647
f 5201 3171 1878
f 2790 1365 5109
f 4650 4662 522
f 1877 3153 3149
f 4650 2847 1366
f 4650 1366 5109
f 1879 1877 1878
f 2793 523 2792
f 4652 4653 1372
f 1372 1371 4652
f 4652 1369 4653
f 4653 1369 2795
f 4654 502 1370
f 2792 4654 1370
f 4655 2739 1372
f 4656 4655 1372
f 2060 170 3167
f 4944 4656 1372
f 4659 1374 155
f 4847 3608 218
f 3165 627 3172
f 1375 4560 4658
f 4552 1373 4659
f 4711 2187 250
f 2857 4558 1375
f 2312 1874 3909
f 4912 216 3650
f 2115 216 4912
f 1444 4662 2074
f 522 4662 1444
f 2074 1378 4663
f 1378 5054 4663
f 1379 4664 2077
f 1379 5080 4664
f 4665 182 2078
f 1380 2798 4665
f 1875 1876 1874
f 4666 4667 2110
f 2746 4667 2744
f 2800 4667 1381
f 4668 1386 1466
f 4668 1466 4651
f 3795 3160 1873
f 4669 1390 5047
f 4672 1471 4670
f 4670 1471 4765
f 529 4671 4670
f 4867 4671 529
f 4806 276 2990
f 4672 1391 4873
f 4673 4675 1393
f 4679 4680 1503
f 221 4674 4673
f 4852 1474 4678
f 758 276 4806
f 1392 2818 4675
f 4678 1474 4676
f 4676 1474 4768
f 145 507 237
f 4677 507 145
f 1871 3158 3896
f 4674 4678 1392
f 3156 1870 5197
f 2125 4679 1503
f 1393 4680 4673
f 5051 4680 1393
f 1396 4682 4587
f 1475 4682 1396
f 3176 1869 3180
f 4774 4682 1476
f 1869 1870 1871
f 4688 4689 1479
f 4590 4684 4592
f 5027 4684 4590
f 1476 4685 4687
f 1478 4776 4777
f 4686 4685 240
f 4686 2872 1479
f 1868 2802 3437
f 4774 1398 5027
f 4683 4689 4688
f 534 1409 1479
f 1398 4689 4683
f 4687 4689 1398
f 2870 4690 1404
f 4690 531 1401
f 4691 1537 4850
f 1404 4691 532
f 4820 4691 1403
f 503 2895 5138
f 1406 4693 4694
f 2082 4693 1406
f 4694 4693 4595
f 1405 5005 4694
f 1867 5196 3150
f 1412 1411 4697
f 3138 1866 3142
f 4695 1409 534
f 1868 1866 1867
f 533 4697 1410
f 4698 1411 1412
f 4698 1412 1480
f 1865 3146 2291
f 2826 239 3709
f 1864 5195 3144
f 3649 4698 1480
f 4701 2877 242
f 4701 242 3653
f 2375 1863 3906
f 4601 514 1413
f 1865 1863 1864
f 161 1482 2114
f 1413 4704 4599
f 4701 4704 1413
f 1487 4705 4707
f 4709 4705 1487
f 4705 170 4706
f 4706 170 4605
f 3141 3884 1862
f 1414 3930 4707
f 5194 3139 1861
f 1487 2881 4708
f 4709 2086 1417
f 1417 3167 4709
f 1421 2830 4710
f 535 1419 4710
f 1421 4710 1418
f 5164 1421 1418
f 4527 1419 4714
f 4714 1419 536
f 536 1419 4713
f 4713 1419 535
f 3155 1860 3159
f 4714 1493 4795
f 1423 4715 4717
f 4720 1488 4719
f 4716 2636 249
f 1860 1861 1862
f 4717 4715 1420
f 4717 1420 535
f 1859 3135 2285
f 2830 1423 4717
f 5192 3133 1858
f 4719 1488 4790
f 4720 4715 1423
f 4802 4720 1423
f 3147 3143 1857
f 1497 4636 4721
f 4722 4531 1425
f 3554 4722 1425
f 1859 1857 1858
f 4723 1498 2889
f 4724 2092 1427
f 1427 4833 4724
f 4725 2779 1429
f 4725 1429 518
f 518 1429 4726
f 4726 1429 537
f 3898 2904 3536
f 4727 1432 1499
f 2837 4728 537
f 4728 1431 205
f 3536 1850 1966
f 4692 55 24
f 2940 3595 3729
f 1502 2894 4730
f 3507 1433 4731
f 4731 1433 2839
f 3597 2515 4222
f 1550 1551 4732
f 1434 4733 2838
f 4965 4733 1434
f 4734 2098 4735
f 1547 3609 4734
f 4735 2098 1436
f 1436 4661 4735
f 3597 4249 2515
f 4877 1557 4876
f 2101 1437 4737
f 1437 663 4737
f 1506 4738 4740
f 1506 3682 4738
f 4738 223 4739
f 4739 223 3627
f 1055 2533 2552
f 4740 1438 5138
f 1055 2549 2533
f 2129 4741 1507
f 4645 1441 1507
f 1441 2845 1507
f 1442 4743 2844
f 1442 2848 4743
f 2900 4744 4745
f 24 55 337
f 4745 4744 1444
f 1444 4663 4745
f 2560 3708 3440
f 540 2851 2852
f 4747 4748 1450
f 1449 4747 1450
f 1447 4748 4747
f 4748 1447 2854
f 524 1448 4749
f 1448 2851 4749
f 4750 2795 1450
f 4750 1450 4751
f 3440 3708 4136
f 4751 1450 4699
f 4754 1452 4752
f 1452 2858 4752
f 543 4753 4752
f 3766 3985 4398
f 2313 822 3795
f 4754 1451 526
f 3576 2858 1452
f 3576 1452 3574
f 1455 2798 1454
f 4753 1455 1454
f 3890 2546 3795
f 4889 1568 4888
f 1457 4758 2104
f 4405 4758 1457
f 4759 2436 1461
f 3729 5191 2053
f 4759 1460 2436
f 2436 4666 1461
f 212 2803 4761
f 4761 1460 209
f 1467 4762 4668
f 2811 4762 1467
f 2862 4763 4764
f 4763 1470 2860
f 4764 4763 1469
f 233 4764 1469
f 3796 3129 5189
f 4765 1471 4845
f 4768 1474 4766
f 4773 1560 4772
f 4766 251 4767
f 4629 1533 4771
f 2206 2831 1856
f 4768 1473 2867
f 4771 1533 4769
f 4769 1533 4836
f 4769 268 4770
f 4770 268 3703
f 5189 3129 3802
f 4771 1473 4767
f 3804 2692 2973
f 4772 1560 2158
f 4766 1474 4773
f 4773 1474 4852
f 3804 2633 2692
f 1476 4687 4774
f 4775 4682 1475
f 1475 531 4775
f 2558 4248 3806
f 4780 4781 2143
f 4777 4685 1476
f 3806 4247 3026
f 546 1589 4909
f 4628 4778 546
f 2550 4340 3836
f 1477 532 4778
f 4133 2550 3836
f 3196 4755 17
f 1478 4781 4776
f 4628 4781 1478
f 3521 3243 2072
f 271 2875 4783
f 3207 3415 1897
f 3802 2234 620
f 1484 4784 4786
f 3711 4784 1484
f 4784 243 4785
f 4785 243 2147
f 620 2234 2303
f 4818 4786 1483
f 1548 4787 4789
f 4793 4787 1548
f 4787 190 4788
f 4788 190 4708
f 620 2303 2330
f 4789 1485 4847
f 620 2330 2336
f 4790 1488 3420
f 1548 4791 4793
f 1548 2923 4791
f 3574 5129 4548
f 870 25 2373
f 2370 620 2336
f 1489 4609 4793
f 1493 2885 548
f 1491 4794 548
f 4795 4794 1490
f 4964 4795 1490
f 1491 4798 4632
f 1491 549 4798
f 1491 4797 549
f 548 4797 1491
f 2420 620 2370
f 4798 1553 4866
f 4801 1495 4799
f 4799 1495 3670
f 5109 1365 5124
f 357 2282 3920
f 4799 1492 4801
f 4801 1492 4797
f 3920 3097 5185
f 2885 1495 4801
f 3092 3926 613
f 4722 4803 1497
f 4804 2835 1496
f 1496 2888 4804
f 2879 3930 189
f 4877 4805 1557
f 2122 4805 2120
f 2122 2908 4805
f 618 5171 1830
f 4807 1559 2928
f 3562 1501 4808
f 1501 2893 4808
f 618 5170 5168
f 1615 4809 1614
f 4810 2892 1502
f 4810 1502 4779
f 4812 4811 2126
f 3662 4811 1610
f 1504 4812 2126
f 1698 4812 1504
f 1563 4813 4815
f 3736 4813 1563
f 4814 4813 253
f 3680 4814 253
f 3083 2960 610
f 4815 1505 4934
f 208 2129 4816
f 1507 4729 4816
f 1837 3926 1838
f 1565 1564 4817
f 351 5152 3966
f 4817 539 3191
f 2898 2900 4819
f 2900 4745 4819
f 595 3074 3982
f 551 2902 2903
f 1515 4821 4822
f 1515 1514 4821
f 1512 4822 4821
f 4822 1512 2905
f 541 1513 4823
f 1513 2902 4823
f 4824 2854 1515
f 1515 4825 4824
f 5124 180 5109
f 4522 4825 1515
f 5126 606 5123
f 3686 4826 1629
f 4827 2130 1518
f 1518 5244 4827
f 4829 1576 4828
f 4828 1576 3697
f 1523 4829 4828
f 5053 4829 1523
f 1795 3979 339
f 2136 1523 2137
f 1526 4831 233
f 554 4831 1526
f 339 3979 1793
f 1530 1527 4832
f 3980 605 5167
f 4832 1529 207
f 4836 1533 4834
f 4841 1622 4840
f 4834 278 4835
f 4508 1588 4839
f 5099 5130 3989
f 1532 2914 4836
f 4839 1588 4837
f 4837 1588 4906
f 4837 290 4838
f 4838 290 3756
f 3989 3057 5099
f 4839 1532 4835
f 3998 330 5094
f 356 3173 4840
f 4834 1533 4841
f 4841 1533 4629
f 2141 1535 4842
f 366 2333 4760
f 4843 2141 2143
f 2143 4615 4843
f 4844 1535 1590
f 1590 1591 4844
f 5107 486 4658
f 4842 1535 4844
f 2916 556 4846
f 189 3930 712
f 4188 5022 1402
f 3016 5052 3716
f 597 1791 3044
f 4848 1537 4820
f 2873 2875 4846
f 4846 1537 2873
f 532 4691 4850
f 4850 1537 4485
f 1542 4853 4851
f 4851 272 3712
f 4041 304 3831
f 4912 4851 1540
f 2179 4853 1542
f 4853 1600 1599
f 4856 1545 4854
f 1545 2149 4854
f 4855 4854 245
f 4478 1544 4857
f 4800 375 4539
f 4856 1543 2698
f 2144 1543 4857
f 4857 1543 4855
f 296 4858 2949
f 2920 4858 296
f 3982 4048 595
f 4859 1544 4478
f 4862 1611 4860
f 4860 1611 4864
f 4860 4792 4861
f 4792 4791 4861
f 4057 3816 3815
f 1546 2073 4862
f 4057 1679 3816
f 4863 1611 2955
f 4864 2153 1549
f 1549 4598 4864
f 2924 4865 1553
f 1551 4865 558
f 4866 4865 1550
f 4866 1550 4746
f 4732 1551 4869
f 4869 1551 559
f 1551 4868 559
f 558 4868 1551
f 5066 353 3862
f 4869 1617 4927
f 4872 1555 4870
f 4875 1612 4874
f 4871 598 300
f 3932 375 4800
f 4870 1552 4872
f 4872 1552 558
f 373 3927 3929
f 2924 1555 4872
f 4081 345 3838
f 4874 1612 4922
f 4870 1555 4875
f 4875 1555 4446
f 4112 345 4081
f 1557 2907 4876
f 4736 1556 4877
f 1556 4594 4877
f 5049 345 4112
f 2963 4878 1621
f 3618 1558 4879
f 4879 1558 2927
f 5042 591 3018
f 1678 4880 1677
f 1559 4881 2926
f 4565 4881 1559
f 4883 4882 2159
f 3722 4882 1674
f 4883 2159 1561
f 1561 4657 4883
f 4886 1625 4884
f 4884 1625 3787
f 4884 280 4885
f 4885 280 3734
f 315 5033 5036
f 4696 4886 1562
f 4887 260 1522
f 1626 1566 255
f 578 3131 5034
f 4888 1568 4819
f 4757 1567 4889
f 4889 1567 5252
f 587 5084 1757
f 2934 1570 561
f 4891 4892 1574
f 1573 4891 1574
f 1571 4892 4891
f 2937 4892 1571
f 552 1572 4893
f 4893 1572 2934
f 4894 2905 1574
f 4894 1574 4895
f 5080 4559 505
f 4895 1574 4399
f 4948 365 3955
f 4896 1691 3742
f 4897 2166 1575
f 1575 4384 4897
f 1638 4898 4899
f 1638 1637 4898
f 4898 1577 4899
f 4899 1577 3698
f 1578 4900 262
f 231 4900 1578
f 5077 5024 586
f 1578 2172 2171
f 1581 4902 265
f 564 4902 1581
f 4139 574 4956
f 4903 1585 1582
f 4170 585 3066
f 1584 2941 4903
f 5018 585 4170
f 4907 494 1685
f 4906 3761 1587
f 1587 2943 4906
f 4183 289 1754
f 2216 4907 1685
f 4905 1588 4908
f 4908 1588 4508
f 4281 289 4183
f 1590 1535 4502
f 281 3791 4189
f 1589 4483 4909
f 4911 1600 2946
f 568 1601 4911
f 4201 572 5064
f 3764 4913 1605
f 5105 4202 584
f 1665 1664 4913
f 4916 1608 4914
f 1608 2180 70
f 4914 275 4915
f 4915 275 4341
f 584 4202 2996
f 4454 4916 1606
f 4918 1671 4986
f 10 3938 3887
f 328 4918 4986
f 4918 1607 4341
f 4921 1675 4919
f 4919 1675 4925
f 4919 247 4920
f 4920 247 4863
f 4225 275 681
f 1609 4806 4921
f 4982 4979 320
f 1612 1996 4922
f 4925 1675 4923
f 4923 1675 2992
f 4923 4314 4924
f 4904 5080 505
f 325 3810 4227
f 4925 1613 4315
f 1617 2959 4926
f 4926 570 1615
f 4927 4926 1614
f 4546 4927 1614
f 1615 4930 4809
f 1615 571 4930
f 4929 571 1615
f 1615 570 4929
f 579 2985 4975
f 4930 1680 4998
f 4931 4933 1619
f 3776 4931 1619
f 4931 299 4932
f 4233 567 1602
f 4931 1616 4933
f 1616 570 4933
f 1652 567 4233
f 4933 2959 1619
f 4251 293 201
f 1684 2997 4935
f 3671 1620 4936
f 1620 2962 4936
f 576 4963 4962
f 1735 1736 4937
f 1621 4938 2961
f 1621 4420 4938
f 4939 2189 4940
f 1732 3768 4939
f 4940 2189 1623
f 1623 3714 4940
f 4941 4943 1688
f 3827 4941 1688
f 303 4942 4941
f 3785 4942 303
f 4977 5043 2181
f 4521 4943 1624
f 4139 4266 574
f 255 2192 1627
f 574 4266 4959
f 573 2971 2972
f 1635 4946 4947
f 1634 4946 1635
f 4947 4946 1632
f 4969 372 2470
f 562 1633 1634
f 1634 1633 573
f 2937 1635 4949
f 4949 1635 4950
f 4269 5205 2968
f 1635 4947 4950
f 3006 336 4951
f 4951 336 2250
f 573 4946 1634
f 1636 4286 4952
f 3853 4947 776
f 3790 4953 1750
f 1636 4954 2197
f 4951 4954 1636
f 2975 574 4955
f 574 4959 4955
f 5068 138 2742
f 3011 1700 1701
f 2974 1639 2977
f 3002 5061 267
f 4959 4266 4958
f 1699 3009 4960
f 3699 4959 4958
f 262 4959 3699
f 4960 3009 1702
f 4960 1641 4958
f 4291 560 5001
f 1641 2201 2200
f 1644 4962 287
f 576 4962 1644
f 4297 572 4201
f 4962 1648 1645
f 2962 572 4297
f 4963 1647 3749
f 4932 299 3818
f 2231 2202 1649
f 4966 4968 1651
f 4251 4971 3957
f 577 4967 4966
f 3126 4967 577
f 370 3921 834
f 2981 4968 1650
f 4924 4314 2958
f 3131 4970 1856
f 4919 4315 247
f 4968 4967 1650
f 4337 275 4225
f 5039 4971 4251
f 3957 4966 1651
f 2181 244 4977
f 565 4973 1653
f 1654 4973 565
f 1653 1655 4974
f 1655 2232 4974
f 4975 1657 579
f 4341 275 4337
f 4975 1656 4976
f 4976 1656 3706
f 2983 1717 4977
f 1717 5042 4977
f 4347 238 1595
f 4227 1665 2988
f 320 4979 1723
f 4347 1592 238
f 556 1539 4355
f 3810 4979 1666
f 1667 4981 2986
f 3807 4981 1667
f 4982 782 3807
f 1667 4979 4982
f 4507 1670 1724
f 1669 1724 4983
f 1671 4984 581
f 4337 4984 1671
f 4903 4902 564
f 4991 1726 4985
f 273 1600 2179
f 1671 581 4986
f 3021 346 4989
f 1375 4659 155
f 4849 4917 360
f 508 5062 4571
f 231 4898 4900
f 581 4989 4991
f 4985 1726 4990
f 4990 1726 2237
f 4991 4985 4986
f 3151 3938 10
f 4992 4994 1733
f 4996 4992 1733
f 4314 4993 4992
f 4923 4993 4314
f 4988 372 4969
f 4994 1673 3760
f 4386 563 3033
f 4995 1733 3024
f 4996 2211 1676
f 1676 4314 4996
f 1680 2993 4997
f 4997 582 5000
f 4998 4997 1677
f 4998 1677 4419
f 5001 4880 1678
f 1678 583 5001
f 5000 583 1678
f 4997 5000 1678
f 4891 4893 561
f 160 2850 2615
f 2332 372 4988
f 5002 1682 3820
f 7 3958 5195
f 4399 563 4386
f 1679 582 5002
f 5002 582 1682
f 2937 563 4399
f 5051 4575 197
f 4263 235 2969
f 1742 5072 5006
f 1683 5007 3725
f 2996 5007 1683
f 360 4917 2295
f 5008 1777 1778
f 1684 5009 2995
f 4297 5009 1684
f 5010 2217 5011
f 1773 3812 5010
f 5011 2217 1686
f 5011 1686 2284
f 5014 1747 5012
f 5012 1747 3852
f 335 5013 5012
f 3825 5013 335
f 4419 550 4930
f 4386 5014 1687
f 5016 1748 5015
f 5015 1748 3011
f 4420 560 4291
f 4515 5016 1690
f 4183 5017 1693
f 1753 5017 1754
f 5018 3042 585
f 4170 1786 5020
f 3042 1694 5019
f 307 1694 3794
f 2223 1694 5018
f 5020 2223 5018
f 309 1695 5021
f 5021 1695 306
f 2927 560 4420
f 3009 338 1702
f 4446 1492 3665
f 3050 2007 1761
f 1700 5024 3008
f 3011 5024 1700
f 267 5061 2174
f 1759 3835 5025
f 300 3774 4871
f 5025 1703 4284
f 245 3658 4454
f 2226 1703 2227
f 4478 245 4454
f 5028 1764 1796
f 5028 587 4129
f 4295 5004 369
f 5031 1706 5030
f 5030 1706 2230
f 5030 1705 5031
f 5031 1705 5028
f 4129 2228 1706
f 369 5004 2324
f 1855 5033 5034
f 2053 5033 1855
f 4478 4855 245
f 1707 578 5034
f 1843 5035 5036
f 4483 556 4355
f 4485 556 4483
f 315 5036 1709
f 5037 3127 577
f 577 4971 5037
f 4846 556 4485
f 4502 546 4909
f 5029 4 3154
f 5037 5039 1712
f 3565 5051 197
f 4982 320 5040
f 4624 5032 368
f 4508 278 3728
f 1717 591 5042
f 4835 278 4508
f 5043 5042 1716
f 368 5032 2321
f 4832 4831 554
f 1719 2258 3016
f 553 2998 4521
f 340 1771 3069
f 551 4821 4823
f 5046 1725 2625
f 4522 553 4521
f 1766 1725 2256
f 1727 1728 5049
f 2906 553 4522
f 5048 345 5049
f 4989 4112 3021
f 4984 5050 581
f 1727 5049 5050
f 3839 5048 1767
f 4584 3530 3588
f 5048 1728 5052
f 5052 1728 3720
f 2337 5041 367
f 5054 202 4700
f 4061 4081 3838
f 1641 5104 4958
f 5057 1774 5055
f 5055 1774 5059
f 5055 298 5056
f 5056 298 4995
f 1511 3322 236
f 2535 5057 1731
f 538 4869 4546
f 1774 3054 5058
f 5059 2242 1734
f 5059 1734 3738
f 1738 3025 5060
f 5060 593 1736
f 1738 5060 1735
f 4291 1738 1735
f 4937 1736 5064
f 1736 594 5064
f 5063 594 1736
f 1736 593 5063
f 4565 550 4419
f 5047 509 4873
f 5067 1740 5065
f 5070 1775 5069
f 5066 1383 353
f 4565 2893 550
f 1737 5067 5065
f 1737 593 5067
f 4805 4594 219
f 5067 3025 1740
f 4860 4598 4792
f 5069 1775 5097
f 5065 1740 5070
f 5070 1740 4057
f 595 5071 3031
f 595 4048 5071
f 4792 4598 2884
f 3737 5072 1741
f 4609 190 4787
f 2827 5073 169
f 1744 2245 1743
f 5074 360 2306
f 5075 2247 5076
f 1802 3844 5075
f 2247 1745 5076
f 1745 1672 5076
f 2916 2875 271
f 3050 599 1788
f 1749 5078 3036
f 1749 3602 5078
f 4502 4615 546
f 510 5045 2756
f 4628 4615 4781
f 1756 1752 3039
f 1753 5081 307
f 1753 596 5081
f 5082 5084 1797
f 1816 5127 5128
f 5082 4024 5083
f 169 5073 702
f 546 4615 4628
f 4129 587 1757
f 1795 3834 5085
f 1760 3050 5085
f 2869 4778 4628
f 1764 1705 5086
f 5087 5088 1766
f 1766 2256 5087
f 5087 1765 5088
f 4775 531 2870
f 1799 5089 1811
f 5093 5089 1799
f 5089 3838 1811
f 367 5041 5079
f 5091 2259 1771
f 5091 1771 5046
f 5092 2259 1770
f 1770 4061 5092
f 3069 1771 5093
f 5093 1771 5092
f 5096 1803 5094
f 5094 1803 5100
f 5094 330 5095
f 5095 330 5058
f 4629 251 3674
f 1730 5096 1772
f 4767 251 4629
f 5097 1775 2422
f 5100 1803 5098
f 1803 3072 5098
f 367 5079 2315
f 510 4961 5045
f 366 4760 5102
f 5100 1776 3998
f 3058 5101 1780
f 5101 602 1778
f 1780 5101 1777
f 1777 4201 1780
f 1778 5103 5008
f 1778 603 5103
f 1778 602 603
f 4958 5104 3699
f 5105 5103 1808
f 1805 5105 1808
f 5106 5108 1782
f 1782 3864 5106
f 5044 511 5027
f 1469 4649 545
f 1779 5108 5106
f 1779 602 5108
f 545 4649 4651
f 1782 5108 3058
f 3 3134 4972
f 1784 1783 3027
f 604 5110 5111
f 1784 4048 5111
f 5112 2265 5113
f 1818 3856 5112
f 5113 2265 1785
f 5113 1785 1137
f 5114 5116 1814
f 1829 5150 5151
f 5114 355 5115
f 5115 355 3868
f 4649 1467 4651
f 4170 5116 1786
f 4651 1465 545
f 5117 1815 1794
f 151 5118 2040
f 3064 1789 2205
f 3079 3828 1816
f 1889 939 5119
f 5120 3485 1918
f 5143 363 2404
f 605 5121 3104
f 3980 5121 605
f 4660 200 4876
f 2105 202 5054
f 4681 200 4660
f 5128 5123 607
f 4660 1517 4681
f 5123 1794 607
f 1797 5125 5126
f 1797 5084 5125
f 5126 5125 1796
f 1796 1792 5126
f 5128 5127 5082
f 5186 365 4948
f 5082 1797 5128
f 5128 1797 5123
f 2435 200 4681
f 1816 3828 5127
f 5130 5132 1819
f 1819 5134 5130
f 5099 5131 5130
f 5098 5131 5099
f 543 1455 4753
f 1397 5132 1801
f 4696 542 2964
f 3082 5133 1819
f 1804 5134 2274
f 3989 5134 1804
f 3075 5135 1808
f 1806 5135 608
f 3904 365 5186
f 608 5136 1806
f 5137 5139 1810
f 5142 1820 5141
f 610 3970 5137
f 4747 4749 540
f 1807 5139 5137
f 5136 5139 1807
f 4699 542 4696
f 1810 5139 3075
f 2855 542 4699
f 5141 1820 5155
f 5137 1810 5142
f 5142 1810 3986
f 4867 529 2901
f 476 4491 4336
f 4700 202 4888
f 3118 3121 604
f 1830 5145 5147
f 5171 5145 1830
f 5146 5145 612
f 5175 5146 612
f 4744 4712 522
f 845 5147 1813
f 5149 5148 2277
f 3873 5148 1832
f 1813 5149 2277
f 1813 5146 5149
f 522 4712 2848
f 5169 5170 1830
f 1814 5151 5114
f 3980 5151 1814
f 1833 5152 5154
f 5158 5152 1833
f 5153 5152 351
f 5133 5153 351
f 4816 4729 539
f 792 5154 1817
f 2844 4729 2845
f 5155 1820 1140
f 1833 5156 5158
f 5174 5156 1833
f 5157 5156 613
f 5124 4910 180
f 4798 4746 519
f 3966 5158 1821
f 1825 5161 5159
f 3087 5159 614
f 5160 1827 474
f 616 1834 5160
f 5159 5161 614
f 1806 5136 1825
f 5162 1826 1827
f 5162 1827 5160
f 4779 538 4546
f 5181 5163 1838
f 4779 2839 538
f 474 2960 5163
f 5168 5165 618
f 617 5165 1828
f 1829 5166 5168
f 1829 5151 5166
f 5167 5166 3980
f 5167 605 3103
f 5166 1828 5168
f 1828 5165 5168
f 219 4594 4782
f 1830 5147 5169
f 1829 5170 5150
f 5168 5170 1829
f 4796 193 4723
f 3547 3546 4802
f 5174 1833 5172
f 1833 5154 5172
f 5173 5172 3871
f 3899 3901 361
f 1333 3547 4802
f 1831 3093 5174
f 5177 1832 5175
f 1832 5149 5175
f 5176 5175 612
f 5187 5176 612
f 3668 4716 249
f 5177 1831 5173
f 619 3114 5178
f 5178 1834 616
f 4818 514 2825
f 1834 3114 3116
f 1838 359 5180
f 5180 359 3877
f 5180 1835 5181
f 1835 616 5181
f 4591 489 5026
f 1838 5163 1837
f 5184 1842 5183
f 5183 1842 5188
f 533 4695 4697
f 1838 3926 5184
f 5185 3109 357
f 357 3920 5185
f 617 3109 5185
f 4688 3013 493
f 4820 187 4848
f 5187 1842 3094
f 3098 1841 5188
f 804 5183 1841
f 3802 620 2420
f 5022 187 4820
f 3040 5035 1844
f 240 3647 2872
f 1843 5191 5035
f 2053 5191 1843
f 1 5192 1858
f 4686 240 2872
f 3132 2300 5193
f 888 5119 633
f 1861 4 5194
f 5194 4 5029
f 7 5195 1864
f 5027 511 4774
f 5 5196 1867
f 5 3916 5196
f 1870 11 5197
f 5197 11 4620
f 3795 1873 13
f 4845 237 3642
f 17 5199 3164
f 17 4755 5199
f 4852 221 3621
f 18 3940 5200
f 9 5201 1878
f 9 3946 5201
f 5202 1881 20
f 5202 20 4195
f 5203 1884 22
f 5203 22 2367
f 4035 5204 3181
f 4035 4090 5204
f 25 3937 1887
f 870 3937 25
f 4852 4674 221
f 27 3978 5206
f 30 5207 3192
f 5245 363 5143
f 19 5208 1891
f 4004 5208 19
f 33 5209 1894
f 33 3645 5209
f 3206 36 5210
f 5210 36 4613
f 32 5211 1901
f 4099 5211 32
f 42 5212 1904
f 42 2909 5212
f 5213 1910 46
f 1994 5213 46
f 3232 47 5214
f 5214 47 4173
f 5215 1915 56
f 56 2486 5215
f 4237 5216 3247
f 2437 5216 4237
f 3252 60 5217
f 60 3426 5217
f 647 1920 5218
f 5218 63 3976
f 64 5219 1923
f 64 4114 5219
f 3263 65 5220
f 5220 65 3313
f 1929 69 5221
f 5221 69 4274
f 3272 3271 5222
f 5222 3811 942
f 5223 1932 40
f 40 4205 5223
f 1935 73 5224
f 73 1509 5224
f 5225 3289 76
f 76 2508 5225
f 4873 509 2817
f 44 4105 5226
f 78 5227 1944
f 1959 5227 78
f 5228 1947 80
f 5228 80 2027
f 3307 81 5229
f 81 3599 5229
f 3316 82 2677
f 2677 82 2515
f 3321 85 3325
f 1154 85 2638
f 528 4762 4890
f 2253 5232 86
f 3328 88 5233
f 5233 88 2648
f 5234 1963 89
f 5234 89 4392
f 4890 4901 528
f 5235 35 3294
f 3343 93 5236
f 93 1158 5236
f 1969 71 5237
f 5237 71 4318
f 1972 96 105
f 105 96 59
f 98 5239 1975
f 1988 5239 98
f 1978 100 5240
f 5240 100 2062
f 5241 3365 101
f 101 2821 5241
f 104 5242 1983
f 2744 4666 2806
f 2304 363 5245
f 2414 5243 3373
f 3974 4830 13
f 672 109 4385
f 4390 110 1987
f 1 2326 5192
f 674 112 5246
f 112 2709 5246
f 113 5247 1992
f 113 5256 5247
f 94 5248 1998
f 4421 5248 94
f 2001 118 5249
f 5249 118 2024
f 120 5250 2004
f 120 2089 5250
f 5251 3409 121
f 121 1453 5251
f 508 2807 5062
f 2194 5244 258
f 505 2856 4904
f 4455 5253 4553
f 686 134 5254
f 5254 134 3430
f 5255 2019 137
f 1956 1148 5255
f 180 4910 2075
f 5068 3439 138
f 2023 139 5257
f 5026 489 4585
f 690 142 5258
f 142 2763 5258
f 54 2031 144
f 5259 2031 54
f 4849 360 5074
f 4616 5260 146
f 2034 116 5261
f 5261 116 4525
