v -0.118839671937233 -0.0354080672020617 -0.0378280535622921
v -0.0966601850433404 -0.0318499017470635 -0.0660778477940178
v -0.0735432916623003 -0.0251014131217172 -0.0922593126396729
v -0.0466568473929596 -0.0151467481597614 -0.113945689944886
v -0.0179564436273988 -0.00847832157038111 -0.135097271800736
v 0.0120603128520486 -0.00384774014544698 -0.153641666074129
v 0.0418146430351282 -0.000700158706783396 -0.135190345567188
v 0.0702586755579293 0.00264591769659416 -0.114584453877708
v 0.0976605465646238 0.00539548266348909 -0.0931138555527341
v 0.117472341091015 0.00475337557049075 -0.0638959990250941
v 0.138148351325437 0.00498333963081936 -0.0347754963588232
v -0.142613170722371 0.027447203630248 -0.0490005616648111
v -0.134003604511516 0.0209382314488862 -0.0876713734936037
v -0.10999443850647 0.0248405347746721 -0.118250728646832
v -0.0758049321194234 0.0408341127427512 -0.136193019973449
v -0.0382914461738372 0.0530271450984032 -0.150242134497165
v 0.00101403845821146 0.0599561498744181 -0.160045723033553
v 0.0390591118623217 0.066661113281592 -0.147560510333283
v 0.0767389696611861 0.067190929092136 -0.130616684473966
v 0.113164003278376 0.0619111643954336 -0.111557253764433
v 0.139196046950426 0.063457023578453 -0.080298586193101
v 0.152002501027452 0.0708871468745451 -0.042661951061657
v -0.185549861705285 0.0698802489496434 -0.072897014567521
v -0.178362508008273 0.0618578792228229 -0.122086486094586
v -0.151264341854118 0.0633476561810401 -0.157325874859484
v -0.109858248618955 0.0833736547902393 -0.17922151654327
v -0.0610558968832561 0.0999492645355192 -0.194738848864054
v -0.00760847493033997 0.112082977035466 -0.198217418770825
v 0.0469768818261796 0.118948120835959 -0.1886773298571
v 0.100328150668721 0.113854978696926 -0.173936594246007
v 0.149476730137065 0.102131857658576 -0.151476380856097
v 0.18305237053933 0.106568835163433 -0.109092254760083
v 0.197820111805341 0.119102839716004 -0.0575844584771794
v -0.223748592155926 0.103895303020913 -0.0934732447955002
v -0.222192329776688 0.0835451326326605 -0.158769898812932
v -0.194209693460183 0.0901326059756774 -0.198234126926845
v -0.145732169520166 0.112920350934957 -0.229760075219884
v -0.0805576662957666 0.126085381501737 -0.251529270309446
v -0.00968758205844109 0.129772345757229 -0.255646015863807
v 0.0598540000979988 0.138195368312647 -0.246090745857516
v 0.125974618073341 0.146659495216576 -0.224539158180773
v 0.186118172241943 0.141749924106332 -0.191424784886502
v 0.227042890287846 0.149594896731949 -0.138833470789743
v 0.252341068956836 0.172494104514975 -0.0717708440340729
v -0.318348361061373 0.0868480172351974 -0.145616943864733
v -0.274343917038608 0.052693044572441 -0.195606085982184
v -0.22961717132412 0.0611087718515314 -0.243111516935991
v -0.169781211848281 0.0826556825245299 -0.286791080643716
v -0.0881518364453172 0.0824754529096239 -0.303555957330861
v -0.00412228725253928 0.0845394927617847 -0.303791669300443
v 0.0776967213781516 0.095389027275696 -0.293292932680795
v 0.155563253082413 0.115791853097548 -0.272903873366353
v 0.228008813782406 0.141346028729484 -0.237210671912724
v 0.2816477587789 0.150464829610906 -0.171408179687138
v 0.315656905672117 0.16972619255098 -0.103342482595105
v -0.402378939213243 0.0294456587663314 -0.132268226013767
v -0.320428599170234 0.00755544788197923 -0.223427167072007
v -0.258832046743592 0.0127228950105481 -0.277455048651526
v -0.187171589024022 0.0332907661622204 -0.333548317936574
v -0.092408873590198 0.0349488781807155 -0.352256921961367
v 0.00332450729761235 0.0389407820441353 -0.351049451817813
v 0.0958873289761092 0.0509292752870575 -0.33915310383297
v 0.183418268252632 0.0740371153014232 -0.315731343027664
v 0.262865849877828 0.0948263536498504 -0.267118873196165
v 0.327495408270905 0.106468559922785 -0.19198349394229
v 0.381357619373007 0.127933334703277 -0.0965641732113427
v -0.361665711923683 -0.053673870614113 -0.120682486473128
v -0.321292514230772 -0.0647451772575157 -0.222484219784773
v -0.257115891269765 -0.055814102883832 -0.284193461298428
v -0.185074894861187 -0.0347939469524839 -0.349508334625084
v -0.0914851240576259 -0.0181421228674195 -0.391908255811384
v 0.0125786991388277 -0.00767159146142012 -0.396100413721125
v 0.114166947088674 0.00284553964441847 -0.381465917685277
v 0.200323328339583 0.014488005300727 -0.332316131876743
v 0.269846285667119 0.0284876888745634 -0.264467210617648
v 0.338565590797038 0.0407873042106871 -0.192726707288772
v 0.401244741240915 0.0477917661808824 -0.108011199558171
v -0.301854631072595 -0.110816539607122 -0.101912941378031
v -0.285032206035453 -0.126144408784596 -0.197801249876876
v -0.242023083045699 -0.12468846729443 -0.281531216673506
v -0.162837867941339 -0.091905091233949 -0.328688076770419
v -0.0738950865196457 -0.0683529194384976 -0.353716728775059
v 0.0204490558521625 -0.0587530586233498 -0.364628901004497
v 0.116892123448697 -0.0578064433822451 -0.362310409651265
v 0.204499315542917 -0.0519959333411925 -0.324749422530797
v 0.273839615247638 -0.0379182923081103 -0.259528405793149
v 0.333336829670027 -0.0248877407176049 -0.186710347425838
v 0.363080450691097 -0.0101792891440534 -0.0983181681049589
v -0.252717933911577 -0.159998471466518 -0.0897103174741134
v -0.237401009294437 -0.172493889681059 -0.172881161347315
v -0.197565037995659 -0.166418121164295 -0.246981501091729
v -0.132428743763014 -0.132800518083992 -0.288008721321718
v -0.0554413198569631 -0.113040320674449 -0.308940976370731
v 0.0264684001310844 -0.104332031824466 -0.316807491949516
v 0.110366244800571 -0.104866212972994 -0.313105099584388
v 0.193486701060952 -0.109680619061978 -0.292835856960926
v 0.261447508646562 -0.0975883029591371 -0.239013319296504
v 0.297262298219923 -0.0744884999342007 -0.165036788096592
v 0.315185105450356 -0.0573219609289931 -0.086394338785865
v -0.202217149151647 -0.198289051225976 -0.0775928812143407
v -0.182763270413988 -0.18852684299075 -0.144824254136321
v -0.153346318296067 -0.163137006558236 -0.200823135443467
v -0.102896987649854 -0.148979015353804 -0.238881171614321
v -0.0386195621447132 -0.150475402392263 -0.25882811932008
v 0.030186220880359 -0.146759087497993 -0.265913649543007
v 0.0999562024758967 -0.143717266346542 -0.259213764631159
v 0.165185278599946 -0.132616189860427 -0.236829919217838
v 0.217571403806397 -0.117597598288868 -0.197218975469603
v 0.250888267207879 -0.112654349280047 -0.138953157520202
v 0.267825101629838 -0.103128885612238 -0.0738956054064549
v -0.152332902544851 -0.158731471302412 -0.0613339510626996
v -0.138330073979692 -0.145290618736018 -0.112026123305135
v -0.116813554710039 -0.124595597979631 -0.156994180454279
v -0.0793945210251902 -0.110911144408468 -0.192099156335224
v -0.0271139247701812 -0.116287424347951 -0.206226586058644
v 0.0275602226295893 -0.116261417964963 -0.210288084586232
v 0.0814675504738456 -0.108329081182191 -0.204957287684015
v 0.131589138998104 -0.0934120344144105 -0.190235554869893
v 0.174139338214223 -0.0819477011898185 -0.160611191740868
v 0.196126106297385 -0.0936014067377037 -0.11279738354205
v 0.208515425604181 -0.103593144565803 -0.0607705948729937
v -0.116128637324103 -0.104849227895475 -0.0437745789366433
v -0.0969690825549721 -0.0987537827439839 -0.0797358819334983
v -0.0787091354710603 -0.0856388084952536 -0.11472095641855
v -0.0558096947630286 -0.0704484925169182 -0.145113394950532
v -0.0182382627797506 -0.0697633638382513 -0.160100139090902
v 0.0217285101849028 -0.0668784303033779 -0.166761515024664
v 0.0614760622811477 -0.0613746927978699 -0.158787305097427
v 0.0993847734875014 -0.050180903946714 -0.146338053071456
v 0.133257295854917 -0.0409722639009908 -0.123915466275299
v 0.151339768216691 -0.0490361589691899 -0.086759305215659
v 0.161883893743699 -0.0567895702053084 -0.0469962906329544
v -0.256162183368728 0.144867457486863 -0.0730921906428262
v -0.348504266353397 0.126329693130619 -0.127021019881284
v -0.436289024922774 0.0818951369955836 -0.0967360144066524
v -0.261994200205412 0.205886914580843 -0.0773950681298206
v -0.371684704840459 0.188851601808577 -0.14151100493891
v -0.483403388573831 0.119198930361891 -0.0935897423909249
v -0.297024846627137 0.283695839422911 -0.064178685521688
v -0.398677039506021 0.278183870121315 -0.082285762193458
v -0.493280396387965 0.204870467327855 -0.0540298605981813
v -0.563744650662488 0.106929264380226 -0.0720416939355922
v -0.576981280162614 0.155529854239568 -0.0584106911932958
v 0.301247101233031 0.221227296243723 -0.0368800413260296
v 0.339503787362209 0.227202903746953 -0.0512630026449524
v 0.376588235203073 0.229361169193897 -0.0457510019102943
v 0.315252260596227 0.264818206025065 -0.0165446309599957
v 0.333527537652296 0.278148939352201 -0.0186366841142449
v 0.353243867642882 0.277335993129044 -0.0208541894946747
v -0.116572592023059 -0.0359116673568247 0.0240528780082694
v -0.0944368804138508 -0.0330429897407187 0.0525022934751451
v -0.0715017855615106 -0.0268419722653832 0.079064479737663
v -0.0448251867994243 -0.0171514061279331 0.101126963542534
v -0.0169645109109396 -0.0106912970279091 0.123170280993657
v 0.0124717110845539 -0.00634476099149863 0.142328980363519
v 0.041775294088208 -0.00359477337239147 0.123406566801499
v 0.0699947480766688 -0.000565683224938387 0.102747558015903
v 0.0975728617974855 0.00259353516166857 0.0817659080648154
v 0.117386815934454 0.00349452674960579 0.0529151753129296
v 0.138251945646639 0.0044793288421184 0.0241925934629738
v -0.140837292141224 0.0263551497004779 0.0362419001239491
v -0.131555981624332 0.0189518385953707 0.0745298535286709
v -0.107259123955359 0.0228668541096379 0.104728102339069
v -0.0735280303526713 0.0391729060666897 0.122806158259691
v -0.0366661214709768 0.0515113904171085 0.137245764497709
v 0.00207879138286991 0.0580369730004612 0.147776260225421
v 0.0408745917601252 0.0628650955082033 0.13797365701825
v 0.0797860066361945 0.0602355179143202 0.125013509176278
v 0.116012784993849 0.0555757949829497 0.105465340614927
v 0.139284497525948 0.0616695909039304 0.0721587522715478
v 0.151979594713992 0.0700890455299049 0.0344483574253785
v -0.183209183508976 0.0679259615364068 0.062225723656259
v -0.174654689708878 0.0586704667307582 0.109680376845785
v -0.147491049757442 0.0606720838486052 0.142807015421567
v -0.108393464723175 0.0816740424120008 0.165515814596668
v -0.060435557331701 0.0985345761267692 0.182029606158473
v -0.00670200069982805 0.109294313139053 0.187594250734205
v 0.0488030896784377 0.112993708394702 0.181435318182093
v 0.102798053483401 0.105267163061412 0.169422785180487
v 0.152065755805773 0.0949244725393735 0.145938241548498
v 0.182508969920263 0.104843593169172 0.101813710243431
v 0.197563352066513 0.118261636801572 0.0506442263134874
v -0.221095851201794 0.100209086931939 0.0859407069656025
v -0.218145889591445 0.0708240918970247 0.148076997474985
v -0.188245703568419 0.0696887968765284 0.185819607399242
v -0.145201213429391 0.100363000102191 0.218575642478489
v -0.080780846988066 0.116639831941539 0.24141896178507
v -0.00974862311188273 0.122896431021599 0.24602956699893
v 0.0600653345027317 0.133068696633431 0.237465598221095
v 0.126444401210583 0.144138531894677 0.217012190593939
v 0.187333073154902 0.13554264485894 0.186037401540258
v 0.227493964531122 0.144922853266627 0.132794573111605
v 0.252051593910874 0.171705938166121 0.0660301799547514
v -0.315217635402651 0.0788726677773364 0.140233863296914
v -0.270321126324834 0.0381097647673612 0.185247596590728
v -0.221844903519476 0.0373409950139984 0.228093182506526
v -0.16826704223253 0.0676290324755042 0.274958458709207
v -0.0879725952184616 0.0742744879961884 0.29511226040129
v -0.00380788581604507 0.0773804730164716 0.294461392910052
v 0.0780638300901931 0.0888739050216601 0.283782532974116
v 0.155771929248953 0.109740017631242 0.263362889109999
v 0.228307560934187 0.136739154820245 0.229652825123552
v 0.283001541208846 0.150176682370074 0.165983765581724
v 0.315409252387848 0.170224927710567 0.0976010675290425
v -0.401583249091443 0.0248971138243473 0.128455946863724
v -0.320926401257945 -0.00175224339069844 0.21950473113194
v -0.256277546751789 -0.00353455962880991 0.267071824640087
v -0.187262699669339 0.021743419041081 0.324309546266391
v -0.0919905294087471 0.0266377984636997 0.343788186275338
v 0.00404167850050504 0.0316219590962694 0.34171021476583
v 0.0965831979336911 0.0441859608095853 0.329647606929108
v 0.183815739713813 0.067755155706965 0.306181645476718
v 0.263052810763607 0.0898679037633356 0.258375748703605
v 0.328203343490445 0.104335433873075 0.184075964116865
v 0.379238570055549 0.126283325705124 0.0870634074793778
v -0.35939663507527 -0.0561185414756747 0.113373570746415
v -0.323832032896613 -0.073978372967283 0.216815066620734
v -0.260501395956696 -0.0686600365148243 0.280157776867374
v -0.18592414031768 -0.0456588403159511 0.343431422801744
v -0.0900329470108464 -0.0270126360510915 0.381287621609002
v 0.0137186126688569 -0.0153704426789215 0.386017495761617
v 0.115234545910874 -0.00437816381739073 0.371461478990637
v 0.201348197342233 0.00815374163081225 0.322327214251097
v 0.270822776705348 0.0238049340786191 0.254750870916839
v 0.339352317444089 0.0381524716316019 0.183206995161878
v 0.400639828149881 0.0465548403014573 0.097658616462207
v -0.300168060963706 -0.112771328815477 0.0918283493810769
v -0.28163878113011 -0.13015725239532 0.186695719062415
v -0.240598140532536 -0.134342388645809 0.27094713811045
v -0.161024397976546 -0.0996345420772598 0.316274195679793
v -0.0721991499548403 -0.0761375595198599 0.341303696394082
v 0.0217749379956196 -0.066260856212489 0.352440576076945
v 0.117948162266383 -0.0649047434343392 0.350275458246053
v 0.206054457075703 -0.0583573868838779 0.313808953956398
v 0.275610140964745 -0.0424181846139759 0.248930428331302
v 0.333496040554942 -0.0271658227164244 0.175272325730305
v 0.362333136212205 -0.0108230570678619 0.0868954929265853
v -0.2514372556963 -0.161676208600389 0.0775169905757375
v -0.235024809445841 -0.176126017764181 0.159908508652058
v -0.195465168733899 -0.173608985234617 0.234166499176784
v -0.130719442578729 -0.140584201590162 0.27577166333446
v -0.0539003663962564 -0.120838891367951 0.296486107408677
v 0.0278599998406153 -0.111965442438741 0.304467765525834
v 0.111723817604773 -0.112111649439302 0.300969985105744
v 0.194687675622862 -0.114994495376289 0.279923368703667
v 0.261393071552902 -0.100291009845469 0.225706791433328
v 0.296330577607347 -0.0753410339169221 0.152293315981537
v 0.314668867846975 -0.0577797460899858 0.0740613372148304
v -0.201167773345271 -0.19939397414074 0.0638138358643613
v -0.181454406511488 -0.190027080867835 0.130819878343651
v -0.152774011290461 -0.165058464288209 0.187307583126728
v -0.101963443101234 -0.152340741416945 0.225447277700778
v -0.0374827100520417 -0.155907355275176 0.24520827394902
v 0.0313837849210025 -0.152831288128623 0.252518010548188
v 0.101117430161282 -0.148674610181939 0.245805325919287
v 0.16589153526071 -0.135882610995285 0.223408810731154
v 0.217663424703454 -0.119842514993757 0.183799784012407
v 0.250692441320069 -0.113694131665358 0.125725358140822
v 0.267585067908131 -0.103570752730589 0.0608887930013645
v -0.151584238593385 -0.159311474608486 0.0475418557308175
v -0.137453283921147 -0.146322157937492 0.0984460513195661
v -0.1161227296848 -0.126041649567717 0.14385390689179
v -0.0785459805020138 -0.113236654094227 0.179168838447319
v -0.0263220212479357 -0.119193524451563 0.193357114970139
v 0.0282547064700268 -0.119368929513727 0.197628297128881
v 0.0819881504757558 -0.111500315360609 0.192230672967213
v 0.131776235906092 -0.0964512273845708 0.17728974472003
v 0.174104645124007 -0.0842601195902118 0.147705281460471
v 0.19626403362521 -0.0949114210754356 0.0998415348355352
v 0.208518477973652 -0.104373030708343 0.0477176915171181
v -0.114742304849702 -0.105520596748559 0.0299798393073668
v -0.0959110355466473 -0.0997904197223358 0.0663389233316228
v -0.0778962056493251 -0.0869995087627899 0.101670930434747
v -0.0549167970535885 -0.0724826273931574 0.132265697088983
v -0.0174341985949803 -0.0725601940049506 0.147226615895918
v 0.0221648384684019 -0.069863573040155 0.154367861574809
v 0.0615558298722442 -0.0646025530892208 0.146152869187141
v 0.0991640095862595 -0.0534412755274163 0.133579091469451
v 0.132939073186458 -0.0435466076960345 0.111444688944815
v 0.151528195638639 -0.0503294476068147 0.0744370813433945
v 0.16181666141943 -0.0576091315900151 0.0346386876320138
v -0.254135354168723 0.140710359307428 0.0682950860472592
v -0.345355951032543 0.119374002552446 0.123035124647045
v -0.434399141727786 0.0781169765428031 0.0945015164072944
v -0.261342452662085 0.201146015705875 0.0746282910551285
v -0.367806095993569 0.181129980518483 0.14329142456054
v -0.482007429381253 0.114440347232419 0.0958157913759854
v -0.295148418697177 0.280179194514921 0.0684715436792736
v -0.39611997895234 0.273510126123108 0.0897611227471714
v -0.491658285053376 0.201550087097927 0.0601841703596004
v -0.562408438964495 0.103158163837093 0.0744122439502997
v -0.575743834025391 0.152378104760972 0.0636864444431673
v 0.300988300096301 0.221242002362211 0.0312980433034154
v 0.339235314122309 0.227322920681809 0.0455536516018067
v 0.376281832061232 0.228792796038406 0.0391632796075866
v 0.315114940705021 0.264902247820308 0.0108584934032557
v 0.333532138153161 0.278077631289955 0.0127747919461361
v 0.353273008071148 0.277219138980909 0.0149355364897591
v -0.41041891908285 0.319699076753221 0.00501560674415171
v -0.502991486235641 0.235819162330796 0.00428315951988898
v -0.290020495709296 0.298675491503184 0.00242837084908673
v -0.467040736591773 0.0557589409471239 -0.000989916709341481
v -0.575208525566013 0.0814763086336757 0.000657874490691347
v -0.598911690447031 0.15423317423657 0.00295551654626007
v -0.20571943064777 0.0999004497514119 -0.00419336457668385
v -0.219046879240126 0.145885112635856 -0.00278226888852013
v -0.220785235841223 0.210549199755163 -0.00110249170434461
v 0.24886232053441 0.169983146686008 -0.00295908102316933
v 0.330158500741487 0.290564784562451 -0.00290891863674449
v 0.291953099657949 0.216066289322262 -0.00280133785189839
v 0.3938729789926 0.232313375784918 -0.00322149196033164
v 0.311376553827709 0.269949462889388 -0.0028729717882377
v 0.352259695452063 0.282144550192768 -0.00294761457488427
v -0.432301254520896 0.0181352946314755 -0.00206371460723881
v -0.494670125644385 0.0618859112342939 -0.000548912098515445
v -0.148986744985747 0.0277423975687985 -0.00623085094915049
v -0.184345423580237 0.0709994899947461 -0.00515047204218131
v 0.161656304443109 0.0716108635278314 -0.00413277620785824
v 0.202440118348768 0.122820211835894 -0.00342745653488295
v 0.421327727557385 0.126507130909821 -0.00448279161009495
v -0.36972373143466 -0.0442034540914754 -0.00350737129363075
v -0.307485058138642 -0.105796054685936 -0.00489912457033598
v -0.135797928854108 -0.0378068193645001 -0.00646121354052771
v -0.257992276616303 -0.156041319401364 -0.00595271235840127
v -0.209174281930014 -0.197926560781923 -0.006789098253615
v -0.157947517457979 -0.16393484846694 -0.00689181704993604
v -0.131474542514301 -0.105644454682621 -0.00674601249210414
v 0.158336601262596 0.00538918612297869 -0.00525768094514474
v 0.1688040929278 -0.058629746660995 -0.00615553380452273
v 0.423370303165156 0.0490526539822601 -0.00508986280578853
v 0.370966794866851 -0.00248515216573109 -0.00566653148275696
v 0.320911680544257 -0.0513102654739374 -0.00611014523810745
v 0.273222505767145 -0.0999260085249411 -0.00646304583851799
v 0.213661787256306 -0.105896698132221 -0.00654031711318732
v -0.10714631506441 -0.0336392088915084 -0.0515859618410281
v -0.111705018625861 -0.0017896801817494 -0.0735648428113291
v -0.139012215505895 0.0246332017645787 -0.0688190817741305
v -0.124899450429852 -0.000919827347734399 -0.0398074793848743
v -0.117739314972904 -0.000643568503694644 -0.0565743259949361
v -0.0860791429684386 -0.0293950386667986 -0.0802628284905404
v -0.0893749428718331 0.00372608889975104 -0.100652998899322
v -0.124462281555228 0.01995232582352 -0.105026401756948
v -0.102664932810385 -0.00117106308090928 -0.0890770968477323
v -0.0602657787861887 -0.0199338363752071 -0.103124716928688
v -0.058704161099054 0.016304195121695 -0.118620243233744
v -0.0934232871132961 0.0330545077106925 -0.127729603964914
v -0.0743910040071408 0.010384304705946 -0.109733745582801
v -0.0321826993583927 -0.0112719108758723 -0.124228272011896
v -0.0258181226305952 0.0248380896364356 -0.135577141507777
v -0.0573554264444099 0.047504994041225 -0.14375343895026
v -0.042391034298214 0.0211375254524739 -0.127167959605377
v -0.00431609533620913 -0.006120475411429 -0.146803869306521
v 0.00663551595121827 0.0287914112147974 -0.153477384093924
v -0.018877751741917 0.0572415268589379 -0.155812241603995
v -0.0100997258757558 0.0269276370913813 -0.145686645430831
v 0.0280135773352995 -0.00215061599611449 -0.146350871090537
v 0.0385674390196178 0.0338407329953372 -0.137842153611621
v 0.0207694901698624 0.0634348836373529 -0.156460244276082
v 0.0240047013053784 0.0313293487554996 -0.148918873435395
v 0.0561862886429623 0.00100121976845216 -0.125025208182655
v 0.0687793271159838 0.0369130008706353 -0.116914732369759
v 0.0576467481068908 0.0681144517340841 -0.138600200856812
v 0.0534954793861599 0.0357214914683957 -0.127195738290457
v 0.0849096096041844 0.00449766254350387 -0.104964176324686
v 0.0986172578298841 0.0370908014027504 -0.0954760956602454
v 0.0953935339349601 0.0648798312382117 -0.121934306198267
v 0.0840684421645719 0.0372306543727579 -0.106702734322472
v 0.108477653587524 0.00521679232173623 -0.0792809519987648
v 0.121544795820718 0.0378666094897452 -0.0673978768637328
v 0.128275732076156 0.0611711619843761 -0.097446949146046
v 0.111326654955444 0.0369303828802501 -0.0823754198607796
v 0.127855882993108 0.00483283561006953 -0.0494408413558701
v 0.139663772998846 0.0397457864038097 -0.0359816484399249
v 0.145792676496482 0.0679764675088036 -0.0615812422796423
v 0.130250678301393 0.0391270219658634 -0.0514771441023812
v -0.156548216098514 0.0420782113049268 -0.104393284098776
v -0.183295519294011 0.0668565841445955 -0.0996554409979707
v -0.165165595440558 0.0500173717594759 -0.0610297845970869
v -0.161890689795576 0.0467118766617572 -0.0839781867309892
v -0.130728608758232 0.0441886637497443 -0.137611975319664
v -0.167967268119567 0.0587355811103105 -0.141810789998869
v -0.146440003033904 0.0396962523195612 -0.123031136858633
v -0.0928113964557656 0.0622643322572395 -0.1574878224129
v -0.131635725306706 0.0733367353594078 -0.168836623159027
v -0.112467618349917 0.0532806517224337 -0.148149247635005
v -0.0500209019186169 0.0768061067296237 -0.171895237558527
v -0.0862268787499643 0.0923321507193403 -0.188101275633639
v -0.0719304087588583 0.0701703161334932 -0.165504766681504
v -0.00376256946390515 0.0866815676188479 -0.177465284789773
v -0.0346759347611337 0.106184206035087 -0.198546046155961
v -0.0272347286981251 0.0819780437687446 -0.176451380893879
v 0.0424468631681674 0.0948941635074022 -0.165677877933212
v 0.0196930303576083 0.116779105291591 -0.194503930349916
v 0.0195083724999454 0.0917709557795645 -0.172858493664738
v 0.0883584140323217 0.09130339122505 -0.151679307556449
v 0.0739796445749786 0.117997845228998 -0.181701771131346
v 0.0654996452999372 0.094899371662602 -0.158399815571373
v 0.131212455554207 0.0819340705806483 -0.131636008791057
v 0.125701081514923 0.107456552464378 -0.164771709813824
v 0.110471406750196 0.0863714577471728 -0.143322098851007
v 0.16102776044932 0.0849052159196527 -0.0948779083235255
v 0.169740164736529 0.100948678510359 -0.132703318535452
v 0.148970187771569 0.0808547784789681 -0.115250606507496
v 0.174118492267822 0.0953271395620606 -0.0504263452944558
v 0.191607210095414 0.11381023287205 -0.0838037933252417
v 0.168497176108655 0.0908569628474578 -0.0730049288695857
v -0.198563729310685 0.0781367601679964 -0.139713913307035
v -0.225247307755361 0.0936472975713215 -0.131321876485177
v -0.202062160767727 0.0859936901261379 -0.0823048393910676
v -0.201671071459559 0.0836779031294043 -0.114205345366884
v -0.172025727640172 0.0821602541266439 -0.176207563190703
v -0.210738594845025 0.0819158193104003 -0.180419302715878
v -0.188439442524301 0.0759298627137134 -0.160257889394514
v -0.127651399368356 0.10302489834971 -0.201858661511936
v -0.172557467430091 0.101790342506451 -0.214643554855876
v -0.15157543949666 0.0921075122885999 -0.189851631910341
v -0.0719871532838445 0.121415365935047 -0.219420990985331
v -0.114721163315172 0.121773532625527 -0.242606607366938
v -0.100988651417935 0.113279642430056 -0.211907998559126
v -0.010293109688807 0.132460530174106 -0.224195820296445
v -0.0451881917118406 0.127799811971891 -0.255623664499998
v -0.0414962205366189 0.127544827601118 -0.223646828890931
v 0.0521440657993554 0.138910441092846 -0.215034064303662
v 0.0254289347396465 0.133300877652196 -0.252346789149111
v 0.0210451454967495 0.136420843822991 -0.221138561294475
v 0.112509786848402 0.135437677116755 -0.196815657136781
v 0.093422125121541 0.143461464994242 -0.236902008692357
v 0.0827387372451741 0.138949531230759 -0.20663160889343
v 0.167887872420347 0.122159881605577 -0.171222328954666
v 0.157105582206291 0.145516700327886 -0.209457318451778
v 0.141084417911673 0.128662709718355 -0.185778504731566
v 0.205160270616811 0.128273114055948 -0.123411722349693
v 0.210442832005841 0.142246360605176 -0.167632365395006
v 0.190354926820334 0.121499479408721 -0.149939842608237
v 0.222452629432623 0.143556960102354 -0.0646784105754526
v 0.239488022261042 0.158390191484942 -0.107697852946712
v 0.215098176903878 0.136881901163925 -0.0947569393581525
v -0.248004791623072 0.0709945027927793 -0.177591079491649
v -0.297888687733712 0.0670391420734141 -0.168559355982981
v -0.270367829860461 0.102992935081958 -0.126797028489175
v -0.260603223708716 0.0851598908139033 -0.151078479345815
v -0.21242702140354 0.0784299519516082 -0.22158873930925
v -0.251705726939129 0.0517307518647862 -0.220041552274351
v -0.23115766714991 0.0691465432137435 -0.200791267638514
v -0.159286934082544 0.102403634346924 -0.259883441722249
v -0.203730401283086 0.0740989445993326 -0.26686728127819
v -0.189267991824223 0.0916622290298675 -0.241813477377885
v -0.0849350430689612 0.106249492287532 -0.279110724485387
v -0.129930969803402 0.0842864061404169 -0.298746448690491
v -0.123392639756464 0.106748628478914 -0.272881371790379
v -0.00714930674837744 0.10760354521169 -0.280182404469853
v -0.0460675816871589 0.0824106062355757 -0.305045379829718
v -0.0460041371377941 0.105858862203288 -0.28103667047513
v 0.0687539310325262 0.117736513250162 -0.270536249697228
v 0.0372413809042339 0.088848173998523 -0.299845198015464
v 0.0312042398892012 0.111575041459301 -0.276607856814511
v 0.140783627412081 0.135968077715062 -0.251398451801126
v 0.1171259303367 0.104680286571708 -0.284610368186115
v 0.105321284551886 0.126380017070349 -0.262549482230069
v 0.206210063033932 0.151983004750422 -0.21524185151124
v 0.192842901973312 0.129516937752589 -0.258657449757947
v 0.174786470367547 0.145551704720582 -0.236467551545819
v 0.253571903869828 0.161234868724751 -0.156346957310209
v 0.258134384764677 0.147949988992931 -0.20676670700583
v 0.232774742694793 0.156656714203038 -0.187704538405642
v 0.283666753012156 0.180580228315256 -0.0942619156445436
v 0.299936584599913 0.154972119006296 -0.135615493634555
v 0.269190325725585 0.166924814168934 -0.123945514147584
v -0.301894615477915 0.0347897922202731 -0.213165238927827
v -0.358232373441502 0.0163865381164048 -0.185277288957064
v -0.364640351076934 0.0654174479869057 -0.152751233173221
v -0.334799579355246 0.0486200943883235 -0.183460210454946
v -0.247693292162495 0.041288486521569 -0.263332736738151
v -0.288561355741564 0.00637729940189942 -0.25151867846957
v -0.273444860005652 0.0328126206017679 -0.238378072251664
v -0.179934423731662 0.0609822223570098 -0.312570302935778
v -0.226541936148867 0.0235853293658483 -0.306862785625271
v -0.218316712084382 0.0534364698421255 -0.290440341062833
v -0.090668645384738 0.0587458672858395 -0.327916053215162
v -0.140628903805431 0.0360526104612143 -0.347834765266512
v -0.135780787931277 0.0605207552464882 -0.323417869338356
v -0.000627144950402406 0.0616423029314786 -0.327413687748644
v -0.0442890525578679 0.036265198366317 -0.353261199813295
v -0.0455091618443257 0.0591719321722206 -0.329085457504355
v 0.0867500475811207 0.0731708821319078 -0.316180651121195
v 0.0501564944050194 0.0437359594887594 -0.346472432256359
v 0.0435632398446315 0.066237943680902 -0.323122908575405
v 0.169778280959371 0.0952072776075634 -0.294300927193665
v 0.140240033302341 0.0609816185180082 -0.328737659709437
v 0.128776321027002 0.0829330870298077 -0.306618480529981
v 0.248175712943429 0.122325810407699 -0.256043509413749
v 0.224780780825227 0.0857509902016614 -0.295514536730169
v 0.209745797065953 0.109307532171283 -0.278397518018528
v 0.307072233779188 0.13151014750564 -0.183349772074941
v 0.296891472348515 0.101318736067825 -0.231876393220523
v 0.28061794722967 0.128452892297334 -0.222320898994023
v 0.347547034531882 0.15454606251987 -0.10634605609576
v 0.355835978364281 0.112847960622638 -0.148473842764885
v 0.329771721465512 0.137225052195477 -0.143455836353738
v -0.32236599343091 -0.0278014743146524 -0.222878651868067
v -0.347329453538584 -0.0620062315294301 -0.176332214309904
v -0.388049606382726 -0.0178113229300989 -0.127936714592602
v -0.359291110620915 -0.023636252146324 -0.182644584105885
v -0.25913229664788 -0.0216438252553511 -0.281511436404637
v -0.288850590877977 -0.0621316213503351 -0.254558125209569
v -0.289916163271605 -0.0274215662195246 -0.253339618992752
v -0.188230538986289 -0.000439829794757965 -0.344763999065877
v -0.22250956096631 -0.0458231857498603 -0.316234348529662
v -0.225493594266706 -0.011479137013155 -0.312686831615614
v -0.0932360561226031 0.0111999434079702 -0.376882571238468
v -0.141511960959312 -0.0254384065602081 -0.376687069894421
v -0.143646621437701 0.00793230134534211 -0.368412234964178
v 0.00772607412356992 0.0163848893479506 -0.374624837679147
v -0.0393648059850217 -0.0123021665849777 -0.396970280403086
v -0.0423909144651488 0.0129818124121503 -0.376898007561845
v 0.10511954869949 0.0286528049360038 -0.362277058667587
v 0.0639374126565625 -0.0028321074085009 -0.391597627513615
v 0.0569841718301692 0.0212462184592538 -0.369871445248692
v 0.194907809698494 0.0469341423606243 -0.330030216248048
v 0.161392696409991 0.0087233505815346 -0.36342291811176
v 0.151603401952864 0.0378000049682075 -0.350006793147587
v 0.267060791964995 0.0617220386368399 -0.266249485315299
v 0.234866413437313 0.0212950910592535 -0.297976167903883
v 0.232961829182796 0.0545005344063147 -0.300611670899967
v 0.336176608936505 0.0741716370098465 -0.193770242986688
v 0.303575975797655 0.0351247950678226 -0.229137615084085
v 0.301467871258352 0.0683103351084741 -0.231216177669639
v 0.398133374758754 0.0839470307815541 -0.105672658577217
v 0.373362793947066 0.0452126190131071 -0.15331087202899
v 0.36966376394226 0.0797605958837044 -0.152165626551467
v -0.309700607721436 -0.099808543733633 -0.213122273713738
v -0.294395851799777 -0.117608270254764 -0.150285544140513
v -0.330994512627904 -0.0827359864804494 -0.111420768838956
v -0.321732055749395 -0.0911180085940669 -0.163653882486929
v -0.253287396529533 -0.090653983394772 -0.286251286875384
v -0.270656577304569 -0.131683717151899 -0.243236237317841
v -0.286322111473384 -0.0988820648167762 -0.254185894103869
v -0.17726090703579 -0.0675940239234456 -0.346955005288646
v -0.204324025875588 -0.109538333349922 -0.309416891746346
v -0.217974381773495 -0.0797887551475784 -0.31894256157817
v -0.0831367465484449 -0.0458609790108493 -0.376350326003123
v -0.119284766320323 -0.0779222234457179 -0.343308743785843
v -0.131524215162011 -0.0554710822931429 -0.365352332318689
v 0.0168052548401485 -0.0362516661006485 -0.388494007876548
v -0.0271676112632715 -0.0626232253665153 -0.361002622122256
v -0.0335783009067973 -0.0397170397374402 -0.383846582425051
v 0.118776704055887 -0.0299692806036591 -0.382373741277666
v 0.0686473345065352 -0.0570790158238826 -0.365228419145655
v 0.0678749551652156 -0.0334511908475489 -0.389064976327588
v 0.20254091907511 -0.018682533534143 -0.329452038090145
v 0.163519954848606 -0.0568549000327639 -0.349561028740511
v 0.164739083746607 -0.0248830461745844 -0.361189194275907
v 0.271713662303204 -0.00469553250569222 -0.261952783420286
v 0.240595797110274 -0.045303686491048 -0.293345627170409
v 0.237500780623421 -0.0119241315944284 -0.295735731471966
v 0.338890543152046 0.00741460513577236 -0.191539399446404
v 0.306203416527596 -0.0310671977940125 -0.225229022538537
v 0.305599384289462 0.00198100362880649 -0.227687640218774
v 0.386222935373799 0.0163205843984794 -0.103874652388739
v 0.352194639278294 -0.0179870943216223 -0.143690065847525
v 0.367504947499395 0.011700685379772 -0.150362643811936
v -0.260825943781064 -0.149969633013483 -0.184494281648613
v -0.246379883739537 -0.16554603125314 -0.131423446875671
v -0.276177037277839 -0.136438730848967 -0.0950335150071517
v -0.269594995470388 -0.142349712277576 -0.139909649587466
v -0.220750048645952 -0.148083352506744 -0.265073585742888
v -0.222083555323238 -0.17538987340508 -0.21309285885731
v -0.246616180495111 -0.15478593853823 -0.227814792226544
v -0.147764707494873 -0.112592384823626 -0.307789130163982
v -0.167042736699766 -0.148789760396224 -0.270664555136937
v -0.186029067454652 -0.13005699030314 -0.28969976501799
v -0.064632163488642 -0.0908852879050377 -0.331404719401222
v -0.0947932947388447 -0.12119844433269 -0.300430052725557
v -0.107050818838598 -0.0998555799074465 -0.321729073312435
v 0.0236776139502416 -0.0815292729567561 -0.340822812271435
v -0.0149047655124186 -0.107575393757491 -0.314320044286923
v -0.0209169127005328 -0.08497931509721 -0.337628082657688
v 0.113931068628996 -0.0815747009011737 -0.337782437656263
v 0.0683440000285273 -0.103526577446126 -0.316561065127942
v 0.0687927424135995 -0.0800411787934648 -0.34063934946959
v 0.202382829265097 -0.0841513366434324 -0.314001713696987
v 0.152323996865533 -0.108487191610596 -0.306561590715285
v 0.158975086086976 -0.0846599095953154 -0.330346891291422
v 0.273505381755087 -0.0707859621991768 -0.25418622218901
v 0.230187241680019 -0.1047411977201 -0.269147707631228
v 0.240855188735174 -0.0785115338812455 -0.287242896095449
v 0.318366968491913 -0.0523919354544747 -0.176930725308556
v 0.282863829640609 -0.0863214061074003 -0.203039416906125
v 0.299592252894875 -0.0620253458595795 -0.217094520597
v 0.338854303503794 -0.0342456220768583 -0.0924607278330431
v 0.307741988080238 -0.0646096255458684 -0.126033003821028
v 0.330479718793559 -0.0422961563415014 -0.135097534345682
v -0.212157584210503 -0.192430169085821 -0.160483084625417
v -0.193677781901535 -0.195628220213018 -0.112002400362696
v -0.22989029791663 -0.183359637918837 -0.0840487923433089
v -0.223256027171529 -0.188391129045336 -0.122529948478343
v -0.172984211978771 -0.17590868489596 -0.225829347312091
v -0.169603374569436 -0.177119314940346 -0.174806822446803
v -0.19466865595252 -0.188784762673018 -0.196086572391803
v -0.116780912703707 -0.149387760061062 -0.266285878293187
v -0.131400697408495 -0.15172652019163 -0.222521496032555
v -0.147439614776993 -0.160209097679977 -0.248590463301953
v -0.0466516395798542 -0.135357113063726 -0.286368244650125
v -0.0715441811667927 -0.150454326204076 -0.250501624122148
v -0.0826778774039076 -0.141685028448024 -0.278519450042813
v 0.0286881900872275 -0.127521204868675 -0.292911326973551
v -0.00455023644489643 -0.148694119668842 -0.264012108315126
v -0.0094055028857771 -0.130495818033369 -0.291000558358206
v 0.105928695346244 -0.128387120953632 -0.28871180144793
v 0.0651714880280905 -0.14533441902085 -0.264404541997808
v 0.0672178506940168 -0.12702534406623 -0.292404798092276
v 0.181230888217125 -0.128912921574635 -0.266661665088883
v 0.133724488740642 -0.139943617196969 -0.249977792117745
v 0.144394939837646 -0.130617431330832 -0.281179433604913
v 0.241832396952269 -0.115181078678284 -0.218576520265369
v 0.193426715683118 -0.123456289470287 -0.219899574872711
v 0.214207123659034 -0.122952745219889 -0.245489880014134
v 0.275474846436441 -0.0954016556366352 -0.152284626496533
v 0.236537824771767 -0.115535292891569 -0.169433447147255
v 0.262077563462792 -0.10570778859829 -0.186716206058029
v 0.29163635191369 -0.080293731347622 -0.0802072524943211
v 0.261122561133242 -0.107837953929059 -0.10690230454104
v 0.285074210361994 -0.0868082398378903 -0.116619005266804
v -0.160318870289997 -0.167292800574889 -0.128215063456241
v -0.146310422944949 -0.152899762628518 -0.0872870756287241
v -0.175140219449399 -0.182135202768568 -0.0696893853705956
v -0.168994294458444 -0.175707701957479 -0.0997437314950572
v -0.13554834056942 -0.14396286794931 -0.178319334046759
v -0.128511252052749 -0.135782657117742 -0.135281036055403
v -0.149144684510534 -0.156650208516873 -0.154501965805322
v -0.0911522606023681 -0.131315007562956 -0.214762216923864
v -0.101778678183519 -0.113761442094226 -0.177016349587295
v -0.117090872769704 -0.133075782894462 -0.19941344246382
v -0.032172819514056 -0.139361120856675 -0.229515230596639
v -0.0537939309408973 -0.11312362291302 -0.201217163327455
v -0.0621561263497482 -0.13561904168378 -0.223661096311156
v 0.0296436741073739 -0.139311425959548 -0.234634232890137
v 0.000112798564822063 -0.117296477575614 -0.209400102217444
v -0.00145277603144732 -0.140417377848343 -0.233359302907308
v 0.0910690183991358 -0.13106952188785 -0.229132376741491
v 0.0548425920020683 -0.113119613680428 -0.208926722198338
v 0.0606599471768756 -0.136186333684204 -0.233226057910585
v 0.147807821842664 -0.114679354934273 -0.212575926120028
v 0.107137099379689 -0.101641682656024 -0.19877664259942
v 0.120294462238312 -0.123929144934015 -0.222212050869898
v 0.194655291486414 -0.101756234585921 -0.178893774727686
v 0.154724513661815 -0.084148701677962 -0.179222009223581
v 0.173269227460732 -0.104911280092069 -0.199483003826084
v 0.221141865790723 -0.112043579789924 -0.125712423718582
v 0.187523304909065 -0.0863275577818584 -0.137512534122693
v 0.209763950063693 -0.10617619223154 -0.153168688990954
v 0.23822137936805 -0.116224859047738 -0.0674444218149446
v 0.203187210767228 -0.0993821518028451 -0.0871696078989247
v 0.230847708915063 -0.115144149286386 -0.0970473636771447
v -0.116477586165107 -0.123056463581577 -0.0959830901649422
v -0.106102049601185 -0.102748249248952 -0.0615712271318763
v -0.129898359516128 -0.13479003996625 -0.0524420392788301
v -0.123752486340161 -0.129792927427938 -0.0745786917674445
v -0.0977246515694341 -0.105431444321872 -0.135792509732246
v -0.0879556795629324 -0.0929883236876003 -0.0975886607016296
v -0.107768067287185 -0.114923604601788 -0.116434839929695
v -0.0679295053067847 -0.0901331541678443 -0.168964712976041
v -0.0688891513578883 -0.0771707979751247 -0.130858488216893
v -0.0856593560186758 -0.0954582554588178 -0.153892116477885
v -0.0225366189910574 -0.0930642401573242 -0.183139203549253
v -0.0377791695389078 -0.0692222481237237 -0.154453654532322
v -0.0457860151175338 -0.091028113903329 -0.178061342607203
v 0.0250145720537205 -0.0922559416401204 -0.187257539928239
v 0.00152728176020702 -0.0689954548203607 -0.164651816182067
v 0.00113372628795608 -0.0938892246278078 -0.186005718787193
v 0.0717818107976426 -0.084973707421924 -0.181551929965601
v 0.041860457724769 -0.0649042874931484 -0.163613145169349
v 0.0487127177477613 -0.0894320355037883 -0.185516013813847
v 0.115591858585969 -0.0718411966580868 -0.168147018270343
v 0.0806756382646961 -0.056501831527419 -0.152959252656196
v 0.0941269201369521 -0.0791406547581328 -0.175680171431537
v 0.153875906982818 -0.0612280395132259 -0.142402974993315
v 0.117384056994611 -0.0438272717037382 -0.137534166258395
v 0.136065586366705 -0.064154201034056 -0.158226886939474
v 0.173802184644532 -0.0713223508275929 -0.0999409793252673
v 0.144199757177615 -0.0439917035568781 -0.106008996501371
v 0.165935945368118 -0.0651761308125965 -0.121887589791383
v 0.185001143193668 -0.0803136429268792 -0.0541483752093274
v 0.156837991103119 -0.0536920292963864 -0.0670156368116159
v 0.180069362880982 -0.0765550387888328 -0.077339978861252
v -0.0915036185198051 -0.0662284016838243 -0.0684724428242729
v -0.116397000670849 -0.0702474371136759 -0.0401114281242044
v -0.103702548752262 -0.0685868509074613 -0.0541442850678581
v -0.0682822360014168 -0.0582664514021159 -0.0972112752237275
v -0.0798753538522237 -0.0628547477684419 -0.0830819182603277
v -0.0456528098786895 -0.046877278540437 -0.124003042964183
v -0.0571075614443209 -0.0526276373592918 -0.110937805800774
v -0.0155811039285843 -0.0414427973618573 -0.142772832614414
v -0.0314506455222296 -0.04327811537043 -0.134573375111682
v 0.017170278208617 -0.0366580322083263 -0.155352239992104
v -0.000108538597307928 -0.0389646951013924 -0.151596719847358
v 0.0502076055859849 -0.0340263264976538 -0.141117704067577
v 0.0342043977738877 -0.0353572599766801 -0.14979571859887
v 0.0829372158799362 -0.0273171909899701 -0.125992998043419
v 0.0665043454179491 -0.0313057272379694 -0.133282916449616
v 0.112754368115757 -0.0207746356651118 -0.10577219342881
v 0.0986866356146608 -0.02312635220059 -0.117487060056496
v 0.129920959948057 -0.0256044778629446 -0.0733063159295214
v 0.122523283242348 -0.0227349424592791 -0.0901043469543473
v 0.144210182935968 -0.0288370334355549 -0.0392029085388635
v 0.136607701778374 -0.0279095980209554 -0.0560537276470017
v -0.334837788818544 0.104319065709967 -0.130040128776831
v -0.297859286529078 0.139327260204553 -0.104315504776492
v -0.243730092800321 0.122891238739665 -0.0799737615377796
v -0.28471222914238 0.118530645451625 -0.110640555908979
v -0.422909793686901 0.0602755411087302 -0.107905201532283
v -0.398413834132107 0.104518597035998 -0.124244973824022
v -0.38381317512643 0.0835014336239024 -0.132337820798092
v -0.359019719152941 0.152152090003168 -0.139829884017729
v -0.307969304350557 0.202360375961224 -0.118650723285492
v -0.259357947930445 0.171458020216265 -0.0743582945422751
v -0.302839992528561 0.166365503985307 -0.112016647439861
v -0.453505732845078 0.100384207724024 -0.094860434173209
v -0.430447493879964 0.158377693476538 -0.124417513897042
v -0.415065533017442 0.127625742995928 -0.127464360483868
v -0.38582934270561 0.234972793833878 -0.118067917389787
v -0.34012896293958 0.287671590067462 -0.0743167598226307
v -0.273117123167226 0.252328019121006 -0.0753885311044011
v -0.323283848322522 0.248656714107703 -0.104595804173113
v -0.487147111454075 0.165318018112493 -0.0803682370728082
v -0.449235350128231 0.246108366671205 -0.0718803164869302
v -0.439572273683142 0.201898938138353 -0.103439009045884
v -0.533105486809554 0.108594091487195 -0.0811490710197607
v -0.576382188799747 0.130331896777031 -0.0724615709278072
v -0.54411808455084 0.174921212630129 -0.0549284897582056
v -0.537805202864429 0.143843338870555 -0.0784678898875765
v 0.33015156913237 0.196855129176391 -0.076197954983426
v 0.359460292069436 0.229014842246503 -0.0528169023234379
v 0.380362917400894 0.181916797967083 -0.0648654195097072
v 0.357192582160452 0.190096422231976 -0.0768771116618403
v 0.280471627890113 0.199613617921996 -0.0531679470227117
v 0.318449077495061 0.224841499677488 -0.0470287407203649
v 0.302477915708438 0.201502207552393 -0.069690180910439
v 0.338687223483247 0.256598448253634 -0.0324941625019847
v 0.34400086189477 0.279965641888947 -0.0197343830521425
v 0.364390740743815 0.262305224638787 -0.0305270510985706
v 0.352692691829565 0.260264266266759 -0.0340454068868383
v 0.311764293625687 0.246462206758847 -0.0235067046759343
v 0.322732526558101 0.273151218747072 -0.0173680593963365
v 0.323921095584683 0.251486119249379 -0.0292223314556577
v -0.122732274722841 -0.00146967721479053 0.0263530785479567
v -0.13686377268201 0.0230347425408278 0.055878282092188
v -0.1094004929763 -0.0032251390146498 0.060134565057938
v -0.104887715467226 -0.0345018357773788 0.0378930326881221
v -0.115536419442571 -0.0016892654054068 0.0431669714168845
v -0.121820146765339 0.0177590798400983 0.0917250649018575
v -0.0869893749730189 0.00192429108426858 0.0872763864724331
v -0.0839578330581303 -0.0308974900008878 0.0668674891420308
v -0.10031588132917 -0.00288932445010799 0.0756707319473394
v -0.0908461833623557 0.0312563567020378 0.114198009173956
v -0.0565318527803522 0.0144725211450168 0.105453757074904
v -0.0582548941213152 -0.0218226821744999 0.0900560585261924
v -0.0720489766865754 0.00856957266422655 0.0964082553658649
v -0.0554206319523751 0.0459472553642352 0.130562193418786
v -0.0242741167655634 0.022894656136897 0.122994250445498
v -0.0307946908284673 -0.0133889084666538 0.111927919619278
v -0.040512355396995 0.0192694899939068 0.114277178323173
v -0.0175086990116276 0.0557299530083951 0.142946365052337
v 0.00730504160219347 0.0265263617181854 0.141697723858088
v -0.00359107619552885 -0.00845047772622809 0.135072104895293
v -0.00894173172606894 0.0248955222807675 0.133362655296117
v 0.0219142992513509 0.0607575796596321 0.145216029624533
v 0.0389621607968122 0.030954832719023 0.126247775459888
v 0.0281846464540485 -0.00485633140751826 0.134708774356742
v 0.0244319526217749 0.0287398364936883 0.137169910375747
v 0.0602090452086025 0.0628292063971537 0.131060432265522
v 0.0701942501517628 0.0329747597928872 0.107514030395827
v 0.0560606703794658 -0.00207920016544198 0.113230564180742
v 0.054292519913859 0.0323650018719502 0.11647269231979
v 0.0986329037791251 0.0574088632202913 0.116867686498664
v 0.100375636034361 0.0332168319441569 0.0872760070881776
v 0.0846161881873657 0.00126409536896523 0.0932178372307415
v 0.0857940306209945 0.0329822972216405 0.0982135970832384
v 0.129810820566571 0.0573011867064575 0.0899472729374797
v 0.121642196398857 0.0364291424970524 0.0581680573584342
v 0.108509662340375 0.00324667392806135 0.0682314145668653
v 0.112155835305206 0.0343907358604501 0.073485466331086
v 0.145683319351599 0.0668215180312474 0.0533935131926178
v 0.139669673246418 0.0391747440184383 0.0266924110576205
v 0.127857038040864 0.00398875580740029 0.038684133580775
v 0.130273233125934 0.0382087108137698 0.0422239019733047
v -0.163198898841895 0.0484948462758689 0.0491949135569409
v -0.18022305376403 0.0642312526171748 0.0883199590431636
v -0.153610400451963 0.0395264112447047 0.091591292650745
v -0.159356561245264 0.0446205702094469 0.0717025265835425
v -0.163879628089491 0.0551562791880101 0.128234320153897
v -0.127474179681372 0.0419338387480531 0.123837647338893
v -0.143224752733436 0.0369386882718383 0.109751261605968
v -0.129118015927073 0.0712720429108504 0.154528181720394
v -0.0906532339337201 0.0606050865690962 0.144035123611675
v -0.109682480545225 0.0513837414604834 0.134403196616556
v -0.0853786640800356 0.0908567043610833 0.17490255670421
v -0.048719656429039 0.0754089625940818 0.159024648126129
v -0.0702928110835479 0.0686809901722031 0.152358040150959
v -0.034038185794533 0.10451329965058 0.186506672385383
v -0.00262685476118592 0.0845160939841502 0.165851717140016
v -0.0261161547725573 0.0806168412455037 0.163792102903885
v 0.0210507381091038 0.112584493166871 0.185464519282574
v 0.0448341200790308 0.0891007470446686 0.158462594805049
v 0.0211632067132888 0.0881147371193924 0.163150511710498
v 0.0761719611458685 0.110183454734856 0.176344926721783
v 0.0913534809430282 0.0827782697619098 0.147299098551917
v 0.068332119968348 0.0871838411610935 0.153238799278847
v 0.128481680269918 0.0985963470549108 0.160558101043823
v 0.133989083307709 0.0750594867096444 0.125840045951595
v 0.113587419472741 0.0778616326565276 0.138858117868169
v 0.170761508648398 0.0969920763393189 0.125572923847687
v 0.160747332987388 0.0832494694992842 0.0871627651065077
v 0.15029439526993 0.0769336022711415 0.10793343930738
v 0.191188537871912 0.112530424086936 0.0767193735112382
v 0.173948417227896 0.0944887569001704 0.0428844582603148
v 0.168162149114994 0.0896850055301102 0.0653764241944377
v -0.199368279757627 0.0836050778899935 0.0729337082311024
v -0.22201515477856 0.0869833204048398 0.123283337093335
v -0.194689615299256 0.0726345739213009 0.128433903633336
v -0.198237551943241 0.0801906306502812 0.104368132426916
v -0.204942586485343 0.0626730963909241 0.167480149224195
v -0.1688153402614 0.0746416117838301 0.162500226637382
v -0.184289518569079 0.0680064492410201 0.147192143338313
v -0.169620702926013 0.085254591385676 0.20269546812943
v -0.127686525829989 0.0996170923586442 0.188781011711613
v -0.150390183728371 0.0874047852494036 0.175813637483726
v -0.114799696476102 0.110824608692188 0.232137480660595
v -0.0721735145165359 0.117704871525404 0.208480249798773
v -0.101248666212316 0.109718490198701 0.200109362573482
v -0.0453719161812841 0.119863137051142 0.245748850751548
v -0.0100654140808248 0.128653492746519 0.214397780601025
v -0.0415150230228797 0.123861207498614 0.213249131676873
v 0.0255118392987595 0.127193682575925 0.24311419318832
v 0.0530334144034582 0.134428111731109 0.206640733482273
v 0.0215746627658849 0.132428835304109 0.211992923464771
v 0.0937317478130154 0.139775914981948 0.228979474741695
v 0.114196475758804 0.127806911855336 0.191409916048798
v 0.0840428210782171 0.133012396281551 0.199511587139962
v 0.157947884285442 0.141448160145535 0.202867689958967
v 0.169815173875485 0.114901816572468 0.166200104624498
v 0.143073661904793 0.120314242110949 0.181510695420664
v 0.211324005319595 0.136306478127757 0.161811522250204
v 0.204874124464406 0.12551225534226 0.116771717207446
v 0.191175361260902 0.116670022027248 0.143571463209328
v 0.239226437169506 0.156389914849468 0.101839679765992
v 0.222282338198024 0.142572855401056 0.0583623849814073
v 0.214780201320199 0.135234404902222 0.0883166066378397
v -0.267274107274377 0.0954192271350247 0.120553951897298
v -0.294651429582867 0.0579966829029118 0.162388628089771
v -0.243168788106961 0.0550291842984372 0.166089225245595
v -0.256844642638897 0.0753344173855565 0.143542636368016
v -0.245021819699662 0.0296835386160885 0.205442787690255
v -0.204617102361716 0.0544839227423385 0.207412651958093
v -0.224202046814247 0.0470235555087666 0.186530384257474
v -0.198978340135874 0.0539591525472738 0.252897696558418
v -0.157065367820152 0.0854301161639746 0.247537726803814
v -0.184088209114714 0.0705760363610582 0.228449269369107
v -0.129682490633178 0.0737634658422027 0.289373338899657
v -0.0850504844522451 0.0973567465570953 0.269779424971987
v -0.123007429985705 0.0942897401572017 0.261975739862205
v -0.0458104764941753 0.0747835750518172 0.296048547133192
v -0.00711845576673085 0.100551734768962 0.270755923130222
v -0.0460568176671683 0.0982963658014936 0.27185704022209
v 0.0375978242646415 0.082052092819155 0.290379733575509
v 0.0689574983835351 0.111364813275221 0.261073387576803
v 0.0313255029763709 0.10489351815811 0.267117927836462
v 0.117469136684389 0.098408276287899 0.275056396652409
v 0.141051196351194 0.130771868225811 0.242444151250427
v 0.105564228948394 0.120188397874887 0.253007327886709
v 0.192912380313858 0.12347695179474 0.249300153003789
v 0.206878235757829 0.149293777487559 0.208432607897722
v 0.175192480829245 0.142757446027044 0.229126567500306
v 0.259020882117958 0.145019658555977 0.200596002084937
v 0.253998681257558 0.15704719993429 0.150251878031374
v 0.233639807925905 0.151619277392133 0.181229261304884
v 0.300627962389084 0.155651788368021 0.130165741930565
v 0.283148018279907 0.180522692354077 0.0888780334711897
v 0.269028861743969 0.165425792594711 0.118313138621706
v -0.362304028209316 0.0590560131620417 0.148677773123056
v -0.359042173823187 0.0102176900249118 0.182561525653023
v -0.298341801659523 0.0212681103124724 0.204267506980971
v -0.332355878644437 0.040587436925624 0.178696974942905
v -0.286958297786676 -0.00784526271353068 0.243293053979463
v -0.240286913891056 0.0189868459890584 0.248294862298408
v -0.267234413191274 0.0119821290347524 0.224386634117973
v -0.225582909674652 0.00945489458464702 0.296809388582635
v -0.179152621864828 0.0476608435740602 0.301455568198196
v -0.214312640420716 0.0352505046209908 0.276631973374294
v -0.140628527894033 0.0266982881333215 0.339591556150684
v -0.0903974728746621 0.0504559100863621 0.319474473761222
v -0.135727347716468 0.0510460503610922 0.314979341865101
v -0.0436573593146099 0.0285123838185283 0.344245797890657
v -0.00011599846174354 0.054391670923191 0.318109169472465
v -0.0450767025645199 0.0514634209708392 0.320118241435123
v 0.0508908980980015 0.0367372949360619 0.337013414479197
v 0.0872608343521103 0.0665338151682891 0.30667096974827
v 0.0440994354330013 0.0593320548744952 0.313669797879763
v 0.140829606226045 0.0544587476598442 0.319185052826362
v 0.170022014519433 0.0889973895045202 0.284780783421918
v 0.129198889097223 0.0765283235229168 0.29707668962607
v 0.22496295188047 0.0798465531971146 0.286138016461818
v 0.24844737426587 0.117582131434381 0.24819868489908
v 0.209804283613423 0.103248687227507 0.269048610054008
v 0.297483927487089 0.097863059053872 0.223850326331454
v 0.308941360702155 0.13116365997551 0.177415237607672
v 0.28191475789646 0.12595903940416 0.21596347786641
v 0.355172939109239 0.110988052125875 0.139648643427129
v 0.346736737943777 0.153751484292317 0.0987417016142862
v 0.330391691311733 0.13707049871127 0.136749798175895
v -0.386907217950191 -0.0215997048564761 0.12238356508743
v -0.345550884402567 -0.0668155921975049 0.168721774549786
v -0.32588162940149 -0.0370594474775202 0.219805052626498
v -0.360473202716185 -0.0299942589514889 0.178176338492174
v -0.293047964944785 -0.0739642286804257 0.250676831529998
v -0.261999725418295 -0.0349984046859938 0.277210371233774
v -0.293576393251956 -0.0394424693309199 0.249954117086252
v -0.225048587286027 -0.0580850774238078 0.311815273355667
v -0.189143945477183 -0.0112364371535732 0.338003225149313
v -0.22774090920159 -0.0239577388171025 0.307501533412901
v -0.140272676766638 -0.0350459317753861 0.367269588406866
v -0.0925084404180286 0.00281512381514758 0.36825475208855
v -0.14327397129118 -0.00166710811189174 0.360041831672919
v -0.0381246169810122 -0.0205220161244675 0.386639941135965
v 0.00866259203555115 0.00900976353778164 0.365197563587028
v -0.0415005016100792 0.00520592026306472 0.367759291229641
v 0.0650309885329797 -0.010283551768028 0.381666669237527
v 0.106032384345105 0.0218139994641982 0.352764623747941
v 0.057924967154823 0.0141654083945219 0.360396570145582
v 0.162441283928824 0.0018280845207356 0.353377866731509
v 0.195601471867847 0.0406275010830784 0.320355823376869
v 0.152437889844088 0.0311467622599669 0.340372916827782
v 0.235884608931226 0.0156543015662044 0.288140363747638
v 0.267610265445129 0.0569205114551805 0.256937101600096
v 0.233576730409272 0.0487747272802035 0.291111744049775
v 0.304499091206553 0.0315342067172158 0.219556656059657
v 0.336485877733932 0.0716073233216824 0.184699739243326
v 0.30192419899499 0.0647214319808945 0.222069385006465
v 0.373672473489991 0.0432941889241203 0.143477771822062
v 0.396429331615316 0.082481988105883 0.0955113440758769
v 0.369244199117847 0.0778192965863576 0.14263702886031
v -0.329001342569568 -0.0849004416540208 0.102672446845327
v -0.29188928352472 -0.120575658077235 0.139792223600538
v -0.306853484816561 -0.105321482330254 0.20347081617577
v -0.318849674741529 -0.0943865616959052 0.154460257574527
v -0.267823925856841 -0.138299762380932 0.231659360063317
v -0.255743163243488 -0.103203462330945 0.280956514670777
v -0.287933878832299 -0.109882835751426 0.246861558836923
v -0.202449684577519 -0.117847379390778 0.297451030445531
v -0.175771136486998 -0.0770468911896528 0.336669430690148
v -0.218418308818574 -0.0915249317384583 0.312151745171439
v -0.117483375977159 -0.0857132277633045 0.330845667001509
v -0.0814083558720888 -0.0536839030961488 0.3639401652377
v -0.129591621810981 -0.0635257532197409 0.353045469017236
v -0.0256514681421988 -0.0703024029060147 0.348727442665741
v 0.0180523946903141 -0.0437095289677743 0.376424426783878
v -0.0320906126675284 -0.0474138051005056 0.371693708326384
v 0.0698098243973284 -0.0643965842483322 0.35307439488071
v 0.119701323378988 -0.0373257095925943 0.370858888217133
v 0.0689223908234691 -0.0408843898016042 0.377172549057077
v 0.164682705082527 -0.0636966137068459 0.338000198721202
v 0.20392142135904 -0.0250410219677459 0.319093774575023
v 0.165791962037756 -0.0318285787255114 0.350263993527996
v 0.242479210158517 -0.0508588538450356 0.282784563790836
v 0.273108958327724 -0.00929024311824859 0.251834298495283
v 0.238927938440768 -0.0175051743460303 0.285532732892793
v 0.307416814322596 -0.0344830733301099 0.214289911339234
v 0.339757479085256 0.00476259846542144 0.181248471348374
v 0.306952280621789 -0.00157759779150985 0.217672361181982
v 0.351543474689722 -0.0192031045774375 0.132134166732574
v 0.385608042586387 0.0153285211260381 0.0929972105924047
v 0.367493291731477 0.00993350558707551 0.139632730238349
v -0.274716067164926 -0.138238499020439 0.0838152906724817
v -0.244481086575329 -0.168089082003588 0.118890058723989
v -0.257926668631128 -0.153746714202784 0.172393112244342
v -0.267404541684485 -0.145085592698588 0.128325650890757
v -0.21987986762493 -0.181031202939082 0.199912542136104
v -0.21842672671982 -0.15531667954497 0.252445175358564
v -0.24390793612389 -0.160526226401983 0.215251899348747
v -0.165135344784548 -0.156412151051407 0.258261971785743
v -0.145978418197633 -0.120328424620459 0.295444612654404
v -0.184061757454508 -0.137770161033145 0.277312414101644
v -0.0931737761890899 -0.128986631789567 0.288012704710302
v -0.0629978462881049 -0.0986634377024971 0.318982355515751
v -0.105329556925217 -0.107635895415888 0.309314011821306
v -0.0134407821155984 -0.115304899871416 0.301894665087483
v 0.025054721624067 -0.0890958063771651 0.32854948200486
v -0.0194074992245099 -0.0926776244180745 0.325273640119223
v 0.0696940806788782 -0.111011992827341 0.304317701405533
v 0.115179771158972 -0.0887293461819219 0.32570028170568
v 0.0700702653936993 -0.0874369240033431 0.328437145639319
v 0.153703887151897 -0.11502595861715 0.294204689748167
v 0.20386352009824 -0.0902822210284046 0.302112728216346
v 0.160296012371947 -0.0914053038991834 0.31839262142093
v 0.23089879582406 -0.108799876600347 0.255978665288556
v 0.274643254748757 -0.0749034870883519 0.242178569766801
v 0.242348272927016 -0.0837853227862947 0.275366947192412
v 0.28203930886333 -0.08773013381007 0.189969154249433
v 0.317583600667372 -0.0537613207154939 0.164624034208828
v 0.299549503928955 -0.0645688131146645 0.204734681253864
v 0.307008372596788 -0.0652555840597822 0.113536536617067
v 0.338210230543262 -0.0347674224926221 0.0805557019016478
v 0.329581745058947 -0.043044601103784 0.123017707709882
v -0.228780293794715 -0.184910410063764 0.070970711005978
v -0.192304161773874 -0.197009208178294 0.0980641363370722
v -0.210181822232667 -0.195670722643657 0.146668125190582
v -0.22163637917807 -0.190708967002161 0.10911832732589
v -0.168637631360099 -0.178843743317203 0.160945834943257
v -0.171197344666977 -0.180623284967745 0.212063009933057
v -0.192623830717309 -0.192906632879818 0.182083683873376
v -0.130796619181556 -0.154042612856618 0.209262079509488
v -0.115329077327805 -0.155604157249423 0.25302980782913
v -0.145978745443198 -0.16531935863899 0.23513091285571
v -0.0704575448762456 -0.155024754101278 0.236824996198934
v -0.0452728412872856 -0.143042099950432 0.273692678766195
v -0.0812623434197984 -0.149026426654668 0.265616132119005
v -0.00338001717536691 -0.154646284956017 0.250499058510141
v 0.0300451264804517 -0.135232371121741 0.280520032577864
v -0.00804005368616302 -0.138252202806041 0.278491194507854
v 0.0663824010024119 -0.151066035743751 0.251077717966224
v 0.107359744641126 -0.135552081939428 0.276310275217278
v 0.0685939339440919 -0.134616005620706 0.280119672598204
v 0.134703218315207 -0.143954025055834 0.236496131418942
v 0.182331366398245 -0.133572896967738 0.253232519065431
v 0.145783670651308 -0.136598707374777 0.268160989713182
v 0.193817389749805 -0.126194003496761 0.206505464262939
v 0.241822498016904 -0.117383328354915 0.205043890700361
v 0.214833683644221 -0.126391788075957 0.231933497147858
v 0.236451160666852 -0.117126490716535 0.15608522144964
v 0.27481408718504 -0.0961676711566197 0.139239435329365
v 0.261580396926624 -0.106970055533677 0.173410761668106
v 0.260852844211032 -0.108512018142349 0.0937989506466824
v 0.291235738124752 -0.0807068061395033 0.067505412663994
v 0.284515407275338 -0.0873866393004422 0.103777566804289
v -0.174405029104225 -0.182725203039114 0.055830116518006
v -0.145448931656234 -0.153702844982974 0.0735689581005806
v -0.159347957621329 -0.168427550116966 0.114468828846626
v -0.168057246641064 -0.176577698842315 0.0859034354861189
v -0.127702088333628 -0.137034857987225 0.121900591282687
v -0.134856445358559 -0.145570376797556 0.16507611773663
v -0.148272208839479 -0.158054668667585 0.140959192015432
v -0.10102360130624 -0.115578285438459 0.164079668751968
v -0.0903194383018187 -0.133708921389601 0.201862577577054
v -0.116389616683694 -0.134982518299941 0.186455092600684
v -0.0529585315524689 -0.115829533644546 0.188257456869889
v -0.0312930408017097 -0.142419735577498 0.216525553441146
v -0.0612843971402332 -0.13834991579188 0.210731493320361
v 0.000855772567047029 -0.120332696708346 0.196653869522798
v 0.0305254246014329 -0.142648684567619 0.22177389053243
v -0.000562230744946429 -0.14374735063779 0.22036190359623
v 0.0554699650465759 -0.116277767413481 0.196272840986918
v 0.0918234248822408 -0.13430719203185 0.216323059997713
v 0.0614961254558029 -0.139443432602244 0.220484379293493
v 0.10750901540582 -0.104771868726641 0.185945148740856
v 0.148226208763117 -0.11762850274839 0.199539816435863
v 0.120910903437074 -0.127043569031496 0.209295012471663
v 0.154701428830943 -0.0870217868107108 0.166205360014584
v 0.194671366587237 -0.104079695185422 0.165729803077627
v 0.173438729023053 -0.107678586317983 0.186314479899304
v 0.187702249191634 -0.0879426862763272 0.124636388766465
v 0.22117122307191 -0.113394011496208 0.112508617896749
v 0.209818072721213 -0.1079080911005 0.139996792618436
v 0.203231944518157 -0.100463698302451 0.0741556551988176
v 0.23818809129832 -0.116936236697058 0.054257045373454
v 0.23083781504642 -0.116186605950264 0.0838476712087882
v -0.129064090413738 -0.135353000971993 0.038692930143989
v -0.104913928198186 -0.103603210305663 0.0479934359631217
v -0.115620073314228 -0.124030179616926 0.0825037298095072
v -0.122871285583633 -0.130568015572438 0.0609443544859856
v -0.0870184111756203 -0.0941947484563129 0.084368880516477
v -0.0970360491240305 -0.106780798845698 0.122690261297957
v -0.10697747530479 -0.116094730891169 0.103138157717189
v -0.0681368346319546 -0.0787338754421301 0.117953813034047
v -0.067066403370591 -0.0923394111032916 0.156055290009457
v -0.0849327227420533 -0.0971291451000758 0.140963222295057
v -0.0368710274874541 -0.0717223459790412 0.14154932126479
v -0.021791632110419 -0.0959470990861353 0.170242066199002
v -0.0449518453233761 -0.0936632255806895 0.16509844439096
v 0.00214542048021329 -0.0719029035926241 0.152043097521869
v 0.0255681812268288 -0.0953809041894175 0.174603461974911
v 0.00178106374133544 -0.0969259780994111 0.173240461429814
v 0.042113019877577 -0.0680077342705374 0.151119214694101
v 0.0720922285615995 -0.088182583638514 0.168842921064375
v 0.0491602536565938 -0.092629924787723 0.172849174916439
v 0.0806000410057962 -0.0597795640567007 0.140244863231206
v 0.115580956392186 -0.0749813114675458 0.155284064825731
v 0.0942839020033195 -0.082330063571372 0.162901215542888
v 0.117020777762401 -0.0469571170013404 0.124799213490286
v 0.153712744314059 -0.0636356947966051 0.12972527902619
v 0.135887371204631 -0.0671207375074356 0.145361440599328
v 0.144256080630715 -0.0457583180349261 0.0937017217623905
v 0.174010044144962 -0.0725864215134546 0.0872898021292972
v 0.166101266536967 -0.0668082709327966 0.109297487118792
v 0.156859567269132 -0.0547852972067093 0.0546619222802927
v 0.185010292998197 -0.0810888135101323 0.0414070522059348
v 0.180157525483857 -0.0776036105805264 0.0646341477256771
v -0.114290236520749 -0.0708425025042095 0.026199997528251
v -0.0896291228212404 -0.0674302805216592 0.0548686334745941
v -0.10169708181579 -0.0695012525839367 0.0403528794162007
v -0.0667292979776723 -0.0599271103908596 0.0840637895365144
v -0.0781651844489643 -0.0643098915953812 0.0697076959565675
v -0.0444086237640068 -0.0488870636366258 0.111253387952068
v -0.055720769953871 -0.0544444935408153 0.0980026493366799
v -0.0146529319502195 -0.0438716628704984 0.130397345544915
v -0.0303503859279919 -0.0455346581041861 0.121999461223679
v 0.0175197966514483 -0.0393240887821848 0.14371853539279
v 0.000484252232754249 -0.0415184955915127 0.139636533579203
v 0.0501119750755069 -0.0370215131123491 0.128966337939172
v 0.0343292961545077 -0.0381887589162018 0.137874624343361
v 0.082510758382248 -0.0306401940898068 0.113466230149392
v 0.0662324802040126 -0.0344704733102597 0.120947628023169
v 0.112286064115178 -0.0236101920046087 0.0934776205167412
v 0.0981151476417811 -0.0264622879078694 0.104874715942845
v 0.129975285548133 -0.0269814771900893 0.0613997457402359
v 0.122446430046371 -0.024721762680855 0.0780803651669355
v 0.144250475074519 -0.0294752595849877 0.0275051428901253
v 0.136549841063078 -0.0289412108572636 0.044206043252257
v -0.241595874260056 0.118761977785709 0.0737665484825725
v -0.29521048216535 0.132835791351912 0.10000689197803
v -0.331811386701197 0.0968570164640527 0.124917533759669
v -0.282072307881585 0.111492447522534 0.10487717753132
v -0.395469041710364 0.0989771684409373 0.121021402984026
v -0.421206968291808 0.0562052453039045 0.104565601082726
v -0.381114917440178 0.0776433424830772 0.128230978049464
v -0.257816431061077 0.167069557315858 0.0705390850192687
v -0.305929368056379 0.195389177179989 0.116695713690861
v -0.355562434847969 0.144685944301769 0.137314931564669
v -0.30056186664301 0.159732568145164 0.108464873427219
v -0.427967180444299 0.151955909368942 0.128053876223374
v -0.451929252835186 0.0960951645246902 0.0948166873044125
v -0.41203005749126 0.121402452652541 0.127125605402205
v -0.271954099801568 0.247511028057983 0.0760944287178334
v -0.33777727441038 0.283792644604238 0.0807494995963535
v -0.382474900233914 0.22908535450024 0.123824035876962
v -0.320336822021285 0.243107508694247 0.108117800192941
v -0.446970948663326 0.241918698946742 0.0790956204765579
v -0.485592354488814 0.161123940328242 0.0853164864398869
v -0.436769618409169 0.196348097248728 0.108511652673528
v -0.542835920354432 0.171744248896455 0.0605878882836004
v -0.574998641880225 0.126503936585753 0.0763808206119476
v -0.531674472871999 0.104671722090763 0.0827840140324955
v -0.536537484651348 0.139980844016096 0.0831160631862872
v 0.379026144201415 0.180817010321014 0.0567434286372297
v 0.359289338387942 0.228767727444794 0.0466645621739338
v 0.329760178392512 0.197122507960806 0.0704417067204708
v 0.356638553182342 0.189592896453645 0.0700082504707038
v 0.318099723082494 0.225048389631197 0.0414942216005493
v 0.280194461851246 0.199315962660794 0.0475293421330657
v 0.302010417521846 0.20167176446251 0.064152610582209
v 0.364400257717696 0.26209329250293 0.0245103523884337
v 0.344024491502473 0.279850601453981 0.0138255443429611
v 0.338596104877397 0.256589757389452 0.0266959660413825
v 0.352679190737448 0.260138045779196 0.0281125522518891
v 0.322678497367689 0.273172538760934 0.0115954592788149
v 0.311526356601381 0.246578612730667 0.0179187545049622
v 0.323728763499737 0.251584366597799 0.023571191036834
v -0.130736624945297 -0.037015070553011 -0.0239638043373054
v -0.146323856654025 0.0283700661583528 -0.0280177642267753
v -0.139545237186708 -0.00371578566891108 -0.00643938845280905
v -0.134240133328529 -0.00260545379445015 -0.0239392846732563
v 0.150033067395755 0.00528490984979897 -0.0211715618336038
v 0.156789898459654 0.0390631235295128 -0.00470021905422638
v 0.158202208058638 0.0718477024189065 -0.0237116849179843
v 0.150684384555829 0.0393897336314807 -0.021452046004652
v -0.185457133217297 0.0708904213749726 -0.0406513104193443
v -0.16716841268896 0.0520822439240151 -0.00570136690330219
v -0.166816912740008 0.0517924046535581 -0.0344860012956329
v 0.179464686547269 0.0987555918934142 -0.00373376707984388
v 0.201355179138306 0.122034097783545 -0.0307303683153926
v 0.177848529750479 0.0981028683700378 -0.0273121285661764
v -0.211408514954787 0.100142474295492 -0.0457933887542354
v -0.195813117148537 0.0853745492300527 -0.00468276517625847
v -0.199140687115635 0.0853309806270472 -0.0446287994271325
v 0.225636609062146 0.146423887696375 -0.00315624537944582
v 0.249489459225617 0.170572972870868 -0.0345925175212474
v 0.225226028239068 0.146002995874122 -0.0339278769868269
v -0.428289937513801 0.0197915094560904 -0.0656368702874293
v -0.368297046090881 -0.0465283824276131 -0.0624333481226653
v -0.402710222098909 -0.0119755400971022 -0.00277096201681452
v -0.400574468357764 -0.0136234635534516 -0.0653796501234688
v 0.408631025832628 0.126422514848235 -0.0498278175389711
v 0.43005747195815 0.0837404275234758 -0.00477381239824871
v 0.417217206012658 0.0490682555513803 -0.057680129274909
v 0.420504882776687 0.084320651192621 -0.0568045084649272
v -0.306256277191888 -0.106770304854048 -0.0534351394360664
v -0.337670188314815 -0.075866184970542 -0.0042278134676021
v -0.33637379572106 -0.077442745236205 -0.0580669310859345
v 0.397851278122913 0.0229902414536923 -0.00540433988972756
v 0.368962144463573 -0.00438435235554537 -0.0521780805576218
v 0.395107033397917 0.0210831405211758 -0.0549707639341704
v -0.256625131247424 -0.156709183589329 -0.0478513570755329
v -0.281360476252038 -0.132211284531108 -0.0054672660245974
v -0.280159206247673 -0.132995390342736 -0.0502436939268735
v 0.345459899770871 -0.0273792699146701 -0.00590059776993608
v 0.319673431075367 -0.052907646465685 -0.0463202308252448
v 0.343747456284216 -0.0290110875574901 -0.0492876824433236
v -0.207502180541431 -0.198576467673359 -0.0423637681129224
v -0.234302105091196 -0.178442872614484 -0.00639819423808338
v -0.233483380663851 -0.179852639324826 -0.0453209924203133
v 0.296872884323919 -0.0753772674707193 -0.00629728924709912
v 0.271771003508818 -0.100361151235025 -0.0403076164325503
v 0.295781566000333 -0.0766629828312479 -0.0433482506571782
v -0.156365688993088 -0.162580999909543 -0.0344541681860741
v -0.17988335900894 -0.188831317220429 -0.00692753206392471
v -0.178927909823046 -0.186491940710384 -0.0385874727915403
v 0.244154332172297 -0.116709688301581 -0.00659248886806779
v 0.212270341020781 -0.10550915562211 -0.0338271096401555
v 0.24279442685932 -0.11650474955127 -0.0371896447887227
v -0.126699499014162 -0.105442573017132 -0.0263741152269746
v -0.139340908107436 -0.137420697434147 -0.00684338275599195
v -0.135769235945696 -0.137147818729539 -0.0299187549187389
v 0.189656509234178 -0.0833929623424312 -0.00638171007859103
v 0.166243260887308 -0.0584502881591886 -0.0267756019868951
v 0.188315006992529 -0.0826708335152139 -0.0304805667888439
v -0.13155167803938 -0.0719782504996229 -0.00661581127254012
v -0.128137060051193 -0.0714528119133143 -0.0251618682513678
v 0.158321595181524 -0.0281049944829169 -0.00575492172075898
v 0.153154315724976 -0.0284091634019208 -0.0230699913322104
v -0.229709235833491 0.146007418762591 -0.0401641270556793
v -0.21575068885668 0.120218696669491 -0.0035156926826732
v -0.223537869172984 0.120790060690931 -0.0425870780975088
v -0.453767786337455 0.0409602839041942 -0.00145509078099888
v -0.460032273451525 0.0641740329712273 -0.0538902254277845
v -0.447419213943349 0.0459407022103345 -0.0595946439828696
v -0.475572935911737 0.0622335815849147 -0.000751171947044384
v -0.494260751605493 0.0802619694268944 -0.052229161541873
v -0.471954714464056 0.0753371304326176 -0.0524635846696469
v -0.233128144872358 0.208945211691273 -0.0414354139422884
v -0.21513440505331 0.173666399786517 -0.00213013414016934
v -0.22891972344437 0.173464383625875 -0.041208683387854
v -0.290901963073073 0.294748098201359 -0.035282958615982
v -0.249958525508794 0.254900891663446 0.000546139740900371
v -0.252914181272127 0.255004572152185 -0.0383412093884834
v -0.407697571996387 0.3100828717576 -0.0421930596273858
v -0.346740926864832 0.329657056283989 0.00416655720889425
v -0.345988266217309 0.317146622770992 -0.039748046303619
v -0.500657933256494 0.229535736678819 -0.0248876634571739
v -0.456832705786011 0.281408137226182 0.0048478421507195
v -0.455429610866933 0.273923750705257 -0.0336917931913761
v -0.534546255461048 0.0624738482892334 -0.000167167035974224
v -0.572366552664066 0.0898523744815162 -0.0470784252203145
v -0.533469642433973 0.07908593092592 -0.0508131555630281
v -0.594058790905908 0.156881126037307 -0.0361092778087405
v -0.556934258244692 0.192847580575363 0.00368080798706697
v -0.553729699676582 0.191092137423144 -0.0274730609702507
v -0.603388323303189 0.113455724403028 0.00183124343425807
v -0.597326172311122 0.118979346992664 -0.0437476370533231
v 0.389052358678298 0.231182665165219 -0.0281499860220746
v 0.410437101403455 0.181278403232458 -0.00376567918264021
v 0.399617194478846 0.180322187324717 -0.0386795946410961
v 0.271857115111459 0.193187874766183 -0.00285014829183229
v 0.294059451196831 0.217046572701996 -0.0208918914505597
v 0.273416674048763 0.194482357643506 -0.0289661230120473
v 0.352432863642273 0.281564065698349 -0.0125848177124026
v 0.37077795847204 0.263515048490469 -0.00300704465679021
v 0.370065036805071 0.263826883657362 -0.0187097177484723
v 0.303642809114048 0.244170017804904 -0.0028144759210847
v 0.312480408261676 0.269090426414488 -0.0102043844093346
v 0.30595491427728 0.244280326658828 -0.0138285450986553
v 0.320919247531633 0.283938748292201 -0.00289956836252269
v 0.330813139659826 0.288451121767246 -0.00995607554912531
v 0.321158420568182 0.28264869400832 -0.00946921486468784
v 0.340335457908135 0.29147809190294 -0.00292295921053538
v 0.340660879680022 0.289168307020066 -0.0104987033388397
v -0.144836747703478 0.0280530915523112 0.0153553996012525
v -0.128759102145523 -0.0371782322079535 0.0104079243828128
v -0.132226032826978 -0.00267511395659366 0.0104851609219471
v 0.158186654052541 0.0714393318515491 0.0154634783630611
v 0.150129870598681 0.00502063466866254 0.0106635336240178
v 0.150612618955152 0.0390945038088429 0.0120536253960551
v -0.184073917265491 0.0698664304627486 0.0302766067968416
v -0.165635787754974 0.0510147441314784 0.02294741553367
v 0.201259785867671 0.12159010666025 0.0238611296832613
v 0.177803466138597 0.0976397256530215 0.0198288251038491
v -0.209702352551267 0.098683719149865 0.0375932185022215
v -0.197552040365915 0.0840864969828335 0.0353006852043319
v 0.249367126001102 0.17020514983377 0.0287083532943558
v 0.225101236534147 0.145573980945949 0.0276162046136663
v -0.367028286468644 -0.0477520226911729 0.0553655984933946
v -0.427237280207595 0.0176476065245899 0.0614042668506399
v -0.399298981813603 -0.0152512337231107 0.059759031880023
v 0.416362700548017 0.0484582080390672 0.0473285017758777
v 0.406685434698423 0.125457792686993 0.0403832118876243
v 0.41855419567687 0.0835328175840634 0.046751331572303
v -0.305399583874997 -0.107746629836773 0.0435694257799258
v -0.335336867338131 -0.0785385618657626 0.049547872386583
v 0.368531377404518 -0.00475745854975532 0.0408306368257687
v 0.394572083281234 0.0205680763411822 0.0441358855845346
v -0.255975094678903 -0.157547031980445 0.0358705031432368
v -0.279422032314631 -0.13389169207689 0.0392380350173332
v 0.319400851096498 -0.0531537003356694 0.0340751007929769
v 0.343404342508327 -0.0293049338817304 0.0374650606578382
v -0.206947772317495 -0.199200548604829 0.028720837195429
v -0.23291078265496 -0.180631431095274 0.0324487999844656
v 0.271610042215311 -0.100571333281088 0.0273599627131283
v 0.295565793245003 -0.0768802498958695 0.0307288607353004
v -0.155849221650029 -0.162937704475582 0.0206479133478774
v -0.178485683557203 -0.186831870091659 0.0247387278395595
v 0.212230294530774 -0.105972198889013 0.0207484790983883
v 0.242750741825356 -0.116895784066386 0.0240073700145732
v -0.125414069059535 -0.105827192457723 0.012579955162198
v -0.13506472259574 -0.137515166272492 0.0161253207390191
v 0.166255074075909 -0.0588494339603584 0.0144483844427183
v 0.1882813206628 -0.0831172061305907 0.0177198080579545
v -0.126389616787094 -0.071704570814923 0.0115508566810324
v 0.153325584127377 -0.0286967067002044 0.0115480474854319
v -0.228031269203618 0.144160082121065 0.0350447131106351
v -0.221925523519105 0.119104562862669 0.0358549909050167
v -0.45898911391309 0.0621599163554084 0.0519290483838721
v -0.446344427266474 0.0438214465955292 0.0565376379714825
v -0.493383298419862 0.077575309970031 0.0521474064897155
v -0.471117563649185 0.073029565647828 0.0515202706460765
v -0.232326934144506 0.20661868455991 0.0392318556100077
v -0.227538394863037 0.17136521682447 0.0373461216029689
v -0.28960191629592 0.292928827240523 0.0400218408245333
v -0.251990312258893 0.252804498981903 0.0393190676044554
v -0.406205582176491 0.307028803509396 0.0512900203101432
v -0.344843889172871 0.3137572131761 0.0469483447374189
v -0.500111429271251 0.228154840527838 0.0330433680765673
v -0.454808023735501 0.272268473978796 0.0430302224348947
v -0.571429759159374 0.0872189833426724 0.048756670047708
v -0.532594544473226 0.0760985566676042 0.0514353838755471
v -0.593436173872521 0.155015785825278 0.0419826534364192
v -0.553301769289307 0.189799128726166 0.0346303196241566
v -0.595787625572455 0.116853214714563 0.0472367485363609
v 0.388886823488756 0.230804742837426 0.0216517055887187
v 0.398661641825811 0.179598075545106 0.0307994469826052
v 0.293909444973894 0.217026300443653 0.0152973575627983
v 0.273300081932245 0.19427549121631 0.0232838674584003
v 0.352463328870886 0.281509299866641 0.00669012542297684
v 0.370120682121528 0.263730049644435 0.0127086469232057
v 0.312385792809755 0.26915104589918 0.00447883657866232
v 0.305758758235707 0.244361021602181 0.00823107690904199
v 0.330851071062503 0.288362639592957 0.00410525854118182
v 0.321157102582096 0.28264816373769 0.003669285831526
v 0.340673678313146 0.289061540802608 0.00461862525498945
v -0.112865416918216 -0.0345325143556484 -0.044627539124688
v -0.110905186110925 -0.016465499980241 -0.052770610997152
v -0.121053334316551 -0.000563090901681957 -0.0481036833731032
v -0.120781462850473 -0.0179230337571 -0.0378105005200261
v -0.115598089411059 -0.0171073680787494 -0.0451533612966871
v -0.10175394048166 -0.0327479106319378 -0.0587474152714542
v -0.102708433591477 -0.0157918032030476 -0.0685230990467452
v -0.114784967981944 -0.00114713388856283 -0.0651123092941805
v -0.106688613165124 -0.0160544899815649 -0.0606086903664346
v -0.122616692479794 0.0100719491943504 -0.0802004123481135
v -0.136833601312998 0.0227713634813169 -0.0783461981729068
v -0.127624450448205 0.0128694331503554 -0.0622376969140754
v -0.125376703540877 0.0114661945553824 -0.0712974187479901
v -0.140902278690529 0.0262072068031294 -0.0590552452966929
v -0.13231476252239 0.0144339413523498 -0.0438253782810072
v -0.12985200662714 0.0139023221802694 -0.0530672087445804
v -0.0915661943748579 -0.0308104510376539 -0.0733544282489178
v -0.0931959630633919 -0.0141976030036501 -0.0832898363361644
v -0.107795985371516 -0.00197493079338887 -0.0816788903327884
v -0.0983796402290395 -0.0153165656951336 -0.0762131190579429
v -0.0800115204226051 -0.0274655302216741 -0.0865430570943195
v -0.0803171986465341 -0.00961548392004083 -0.094721498964993
v -0.0963963987820253 0.000809283353440375 -0.0954050416990731
v -0.0870834086219984 -0.0122454450851055 -0.0894502091456714
v -0.0995638716194793 0.0148657376830983 -0.108953180508363
v -0.117656604006774 0.02169665015448 -0.112270289795451
v -0.113420020384156 0.0098501908419942 -0.0966372532097516
v -0.106888158136924 0.0117733667541641 -0.103389882388089
v -0.129969342677306 0.0197934288521196 -0.0966843706676263
v -0.118723570853669 0.00934787739662294 -0.0887743209973122
v -0.066911733270582 -0.0225178060399922 -0.0976850521229465
v -0.0661187952842299 -0.0038563646710534 -0.104410237000504
v -0.0819884622503535 0.00705922786931901 -0.105289762527292
v -0.0732701138741307 -0.00670807043158343 -0.0995715233722083
v -0.0535688140609041 -0.0174461195397673 -0.108591700767763
v -0.0514679574068753 0.00125066328493808 -0.114194091898465
v -0.0666255889393518 0.0134813215826613 -0.114183974401002
v -0.0588738548072021 -0.00118604611702131 -0.109313468196489
v -0.0671311029614444 0.0293734599363003 -0.126398082383728
v -0.0847315421018486 0.037060483760672 -0.132062952978356
v -0.0837995873994426 0.0224278451149091 -0.118013441766413
v -0.0755642225734972 0.0260329220192354 -0.12226098047088
v -0.101857071257213 0.0288581181173156 -0.123227111234148
v -0.0918130433409627 0.0186020032155481 -0.113669142417649
v -0.0394358311731371 -0.0130523060595342 -0.119031398624486
v -0.0360751051702115 0.0054485657248735 -0.123535634535555
v -0.0506179241408864 0.0188466466926965 -0.122961051196317
v -0.0438857784045655 0.00344890300391047 -0.118980299014638
v -0.0249848938071564 -0.00978478287376204 -0.129548855508303
v -0.0210688929584205 0.00835718237336119 -0.133908773029914
v -0.034028013001175 0.0232274776061382 -0.131156733621526
v -0.0284398111636912 0.00705718015565031 -0.128505021701573
v -0.0319240310171818 0.0399022386817786 -0.1412171863293
v -0.047886070894794 0.0504122971106636 -0.147132755130302
v -0.0497695051683535 0.0351510183717364 -0.134228958218468
v -0.0408979135016343 0.0376315081178541 -0.137863455895946
v -0.0666692124070508 0.0443170441464894 -0.140094351405999
v -0.0585263927670616 0.0324039271823888 -0.130404506420591
v -0.01113808811337 -0.00727416408582252 -0.140916490093163
v -0.00690032780737894 0.0104312300191732 -0.145490227264045
v -0.0178441834551658 0.0260367666127837 -0.140459369696311
v -0.0139189602464759 0.00945974793490726 -0.139608909671082
v 0.00329654724766434 -0.00496549598026148 -0.151711793740584
v 0.0093375124641086 0.0125189294615389 -0.153322663512727
v -0.00214636450263102 0.027761739975494 -0.150561167921846
v 0.000657271230730171 0.0114228876464809 -0.150668747705947
v 0.00384166390110221 0.0447830455695456 -0.155294882228181
v -0.00903408263795328 0.0586070413378582 -0.158461366752388
v -0.0142315763920321 0.0428365294659286 -0.148868193025869
v -0.00541806251044207 0.0437357653343802 -0.152792127978785
v -0.0286053595913283 0.0553826811811312 -0.153040217285926
v -0.0230041559217154 0.0416451012332278 -0.144857222017976
v 0.0206021868395678 -0.00291603975735265 -0.151202367890711
v 0.0259367739677131 0.014669553412563 -0.147282251689294
v 0.0157805090280512 0.0300334742863887 -0.15291895505626
v 0.0182151077071578 0.0136419641922551 -0.151910563979039
v 0.0349605602488828 -0.00143791055279077 -0.140803725313551
v 0.0397319444369851 0.0166254848747145 -0.135853895761531
v 0.0312971872274776 0.032602449485317 -0.143381290209798
v 0.0328973830998422 0.015633727935458 -0.141602228963331
v 0.0383336145899854 0.0506825876014106 -0.141562793729756
v 0.0298306358961838 0.0652582292404894 -0.151950268424567
v 0.0221862064340071 0.0477040642483829 -0.151637726573755
v 0.0302001845191694 0.0492908676075443 -0.146550458243072
v 0.0111349869637231 0.0615868397054847 -0.15951007369746
v 0.013350611918658 0.0461447458849916 -0.155039632404823
v 0.0489657529301869 0.000145208243280604 -0.130065539745738
v 0.0538340102400376 0.0183713449791332 -0.124945564312493
v 0.046039097754963 0.0348578362566095 -0.132553220711794
v 0.0467415996974499 0.0175387955402261 -0.130349682914193
v 0.0632033421571305 0.00180058611101288 -0.119736066191799
v 0.0681300368133979 0.0198504353237116 -0.114338793477875
v 0.0610050991966544 0.0364752738905712 -0.121868394130384
v 0.0608992586519512 0.0191587247467895 -0.119525816934139
v 0.0719036277755973 0.052912660033294 -0.122449859649545
v 0.067091701901743 0.0681224922237271 -0.134297364265254
v 0.0548607386764994 0.0524953843213148 -0.131681155540534
v 0.0632336851621119 0.0530204180862044 -0.126784892874017
v 0.0483805995290532 0.0675583633435284 -0.143192890845724
v 0.0466195268030719 0.05170415430626 -0.136709624921935
v 0.0776705720360393 0.00363181860253349 -0.109907540499256
v 0.0826486798910336 0.0208758612631157 -0.104019701742207
v 0.0765553748984533 0.0370602953470964 -0.112004986833124
v 0.0754843937916338 0.0203704632164298 -0.109301988029884
v 0.0915653460412658 0.00510707421529254 -0.0993597165585477
v 0.0958974867794647 0.0214418829396473 -0.0921912444976297
v 0.0913504203707664 0.0373389457468208 -0.101081295635319
v 0.0893872414528889 0.0212902220364534 -0.0982405196341504
v 0.104907972584761 0.0506697986282743 -0.10239751418551
v 0.104433404903844 0.0634550908026982 -0.117001122718394
v 0.0887022965300606 0.052157606050062 -0.112927657747838
v 0.0968755478243712 0.0516062786741067 -0.10773233558118
v 0.0862148345099857 0.0659683126057049 -0.126634701239345
v 0.0804538282974182 0.0524884235775438 -0.117972980230738
v 0.103278490470535 0.00534842170946986 -0.0863825316548893
v 0.107576132262684 0.0214265572618164 -0.0788111619982009
v 0.105326997259752 0.0368895712984426 -0.0892588181187764
v 0.102053389396017 0.0214328652696925 -0.0857773912362804
v 0.113114121988691 0.00499444570223731 -0.0716896260548691
v 0.117533396599948 0.0217819006458893 -0.0639895177546426
v 0.116820043799175 0.0371971395399257 -0.0751172145342614
v 0.112714862139172 0.0215273092497654 -0.071513645403766
v 0.12915698723008 0.0517854619920453 -0.0732275760644004
v 0.134429737034924 0.0617972841634234 -0.0892098416086809
v 0.11868139166749 0.0502697262310927 -0.0890094535847687
v 0.124478841039108 0.0506645912328585 -0.0814181843613468
v 0.121181287854429 0.0611417346068232 -0.104993991713333
v 0.112219124865826 0.0501982610888144 -0.0961274133211994
v 0.12250721684067 0.00474077574118777 -0.0565801882701245
v 0.127537653227814 0.0221605950500486 -0.0491926439783403
v 0.125684451740504 0.0386797392494248 -0.0593437332419093
v 0.122307872658356 0.0220147261330267 -0.0564474252334428
v 0.132928184863216 0.00489909127390299 -0.0420569823733433
v 0.138129557449575 0.0224172863536659 -0.0347314772890683
v 0.134959977576841 0.0394973194291427 -0.0437291855903516
v 0.132760066713335 0.0223142558837515 -0.0419125104371451
v 0.144067587641607 0.0562471223232062 -0.0387952811967077
v 0.149039571272377 0.0695783315853893 -0.0521732681639124
v 0.136406319027733 0.0546597822387557 -0.0559216088249462
v 0.140311464936233 0.0555590243961009 -0.0473887409633677
v 0.142693763661915 0.0658278960541315 -0.0710063170014254
v 0.132734535194295 0.0534381686363805 -0.064581859631464
v -0.15055298665291 0.0358111531190929 -0.0761742925853609
v -0.163748468788346 0.0485617746201458 -0.0729121648594852
v -0.15402301192644 0.0389703086925925 -0.0548636487688842
v -0.1524618600384 0.0375539481903505 -0.0657858129139466
v -0.14531559805319 0.0315843686113117 -0.0958148373008915
v -0.159572255626269 0.0444685930325501 -0.0944085815113877
v -0.148273615990919 0.0337242488912768 -0.0861459910984786
v -0.167632145397772 0.0522453549142331 -0.113215438499586
v -0.18121475961175 0.0645480596263533 -0.111285844780139
v -0.172890015287124 0.0571484968614713 -0.091911705644713
v -0.170630800357002 0.0548243072739732 -0.102872387687773
v -0.184737789426354 0.068642068651872 -0.0869312109686333
v -0.175765840381432 0.0604306649376996 -0.0671709691000428
v -0.174596811556107 0.0590218300923411 -0.0800851001953488
v -0.135468682751394 0.0298465427120663 -0.113882934346386
v -0.152300678027878 0.0402041890817229 -0.114021733884144
v -0.141157402533505 0.0300477788228181 -0.105165776693523
v -0.120379144229795 0.0345122778241434 -0.12786987053755
v -0.139092643233474 0.0410459404040433 -0.130983787895743
v -0.128392108764119 0.0313752021488704 -0.12152728126218
v -0.141027009432875 0.0538144035064102 -0.147463291434491
v -0.160168594198037 0.0600379329376783 -0.150228735932569
v -0.157323608488582 0.0493656104440185 -0.1323872601562
v -0.149715919026579 0.0506217601868211 -0.140592810632364
v -0.174100695337451 0.0595388529299924 -0.132300002097399
v -0.163342820535253 0.0500967188179318 -0.123120029077702
v -0.102965642853595 0.0431833046251795 -0.137893679991568
v -0.121786472831906 0.0485674588401427 -0.143136282313371
v -0.111839099578399 0.0387173830988659 -0.133137036188784
v -0.0843499445493343 0.0515853895211692 -0.146764967550932
v -0.102803928620354 0.0578713796661788 -0.152956647889402
v -0.0937952213801134 0.0474876979508507 -0.142457202003198
v -0.101290001850873 0.0728717802901676 -0.168316753843945
v -0.121001396105937 0.0784111045686468 -0.17420077138915
v -0.121989188736837 0.0633061235525997 -0.158514576938893
v -0.111846167045627 0.0681830945904228 -0.163558958740791
v -0.141717891032008 0.0681750764068514 -0.163279110236352
v -0.131722037291396 0.0583845551723344 -0.15322042594449
v -0.0647344576792153 0.0589415964223717 -0.15445356445152
v -0.082511727965069 0.0663630574962231 -0.16168828394741
v -0.0746538904462975 0.0554054112132402 -0.150772046706679
v -0.044319451624119 0.0651137000839796 -0.160757864300938
v -0.0610914749362042 0.0736663100857035 -0.168907030311827
v -0.0546156689062532 0.0621776996285048 -0.157793851553446
v -0.0555659752177694 0.0884367187448321 -0.183223464759677
v -0.0738184186038175 0.0963049857590499 -0.191751468174666
v -0.0790674005696486 0.0813300846563872 -0.176709275151495
v -0.0674605680128985 0.0850974513049108 -0.180194426613829
v -0.0982503239545665 0.0879922803732356 -0.183913844135614
v -0.0903535653684698 0.0772465522176269 -0.172734554301876
v -0.0232513537996335 0.0699152352858448 -0.16562301387556
v -0.0387318078244981 0.0795871782824146 -0.174417265728317
v -0.0338690618011035 0.0677210647649119 -0.163362211798587
v -0.0015662811174018 0.0736844985825401 -0.168024178678148
v -0.0155510943645099 0.0842114219060135 -0.177687758019199
v -0.0124880787498241 0.0718080479841227 -0.167355708757383
v -0.00577316526682107 0.0995698839542193 -0.187492811080981
v -0.0211919840353988 0.109203209587267 -0.198889308933867
v -0.0310058272668339 0.0940519814486974 -0.187467294158268
v -0.0184240273402435 0.0967511984326214 -0.188141365506498
v -0.0479902659969264 0.103173137584706 -0.197074687819491
v -0.0434053835109954 0.0914031291725759 -0.185675013690446
v 0.0198945002621698 0.0781177789328723 -0.163732795205054
v 0.00797675738902336 0.089247694312296 -0.175858099884941
v 0.00932782998646752 0.0758774162499132 -0.166774453858528
v 0.0405228141355026 0.0814014502417214 -0.155772304943154
v 0.0309032464552755 0.0938068433135052 -0.169170335387852
v 0.0301328006210748 0.0800992895590734 -0.159681723721199
v 0.0446417374963542 0.107326025382883 -0.176776852909141
v 0.0333374307460705 0.118284276624177 -0.19171156450578
v 0.0194674317851757 0.104682901121147 -0.183164791968
v 0.0320100569064709 0.106514189912168 -0.179935729042433
v 0.00603849628160009 0.114607409559345 -0.196772447319068
v 0.00688931519741857 0.10222756318213 -0.185848913088661
v 0.0613703298788059 0.0822043780755251 -0.147734288815144
v 0.0540090845832707 0.0952228817026133 -0.162128938905158
v 0.0509715321322908 0.0820546846495252 -0.151851366732944
v 0.0824210523147239 0.0797467104207409 -0.140697008678538
v 0.0769803005920958 0.093542811553334 -0.154973010249363
v 0.0718801735574861 0.0814933330048238 -0.143987791398905
v 0.0943342320271905 0.102587648496179 -0.162836355097144
v 0.0872548719022019 0.116285951453317 -0.177936119113806
v 0.0697347183905696 0.106659471827203 -0.169899524255652
v 0.082119576453496 0.104979007830105 -0.16643599557823
v 0.0605407874515106 0.118876702648853 -0.185311542503752
v 0.0572386029787722 0.107366396282119 -0.173439032437914
v 0.102860787323483 0.0758985210030164 -0.132442567911417
v 0.0995439053113671 0.0888050739728903 -0.147901967249492
v 0.0927780166752446 0.077761475640643 -0.136966448050599
v 0.122083291062635 0.0720291698360199 -0.121531593955433
v 0.121073427086889 0.0839500092758919 -0.137986545907565
v 0.112684831866211 0.0738323221312337 -0.127421005957121
v 0.14036007559842 0.0919408274950365 -0.141643112045295
v 0.137859420132232 0.104506451137144 -0.158732394757629
v 0.118083521147031 0.0968887152466214 -0.154108276699045
v 0.129469197304938 0.0941671693440458 -0.148439110161125
v 0.113155060316845 0.11078284862887 -0.169659625393398
v 0.106339275437176 0.0997637529159384 -0.158846018152773
v 0.13864138472842 0.0708988665253272 -0.106435985464625
v 0.140611766240976 0.0808523017250361 -0.124034171984399
v 0.130774474653929 0.0711069137417545 -0.114457158774908
v 0.150024851032765 0.0742074352285706 -0.0876303260151962
v 0.155795786933401 0.0823060251442205 -0.105390125885464
v 0.145098537222027 0.0719859821614948 -0.0973585113179494
v 0.172028900645425 0.0957076385671669 -0.102014443061883
v 0.177273853184718 0.103157265313338 -0.121232500316377
v 0.15935197381625 0.0908720296611719 -0.124008375109133
v 0.166534052390659 0.0926975891727931 -0.113341816682954
v 0.160368584409464 0.100512205134665 -0.14298016730934
v 0.150475040505088 0.0906918402386915 -0.133522002078407
v 0.156998989604536 0.0795728445446158 -0.0674112778610032
v 0.165076200782049 0.0879691459359441 -0.084041940418623
v 0.153864675725439 0.0768980894038132 -0.0776036669812156
v 0.162572735552718 0.0835132414533545 -0.0466681512728838
v 0.17152700664846 0.0933140591707682 -0.0617952536933178
v 0.15996048406013 0.0817386082072177 -0.0571068241710652
v 0.185885741692593 0.107166592294046 -0.0540330466927788
v 0.195009593386402 0.116759912941167 -0.0707907446043622
v 0.180005510441575 0.10229208178868 -0.0784383438676516
v 0.183201036580683 0.104987684699937 -0.0663262091694394
v 0.187649388709908 0.110348674923944 -0.0965830813171134
v 0.176329932901388 0.0991312462240852 -0.0903434575560562
v -0.192601085598786 0.0756958457992958 -0.106897369225666
v -0.20219726527511 0.0853402532529051 -0.0990616192825578
v -0.193974119133063 0.0781969234821787 -0.077775395126671
v -0.193640391295425 0.0772676985246447 -0.0930621173491977
v -0.188420129112051 0.0706934403381218 -0.130821525785767
v -0.200609266939567 0.0811278521141801 -0.127702211612548
v -0.190902856653148 0.0734622011058568 -0.119415245988575
v -0.209743325297619 0.082948854442217 -0.149042079239859
v -0.224721102703007 0.0880277529522109 -0.145865679401808
v -0.211968616187781 0.0902159050943788 -0.122198610141229
v -0.211630396506687 0.0864835426357752 -0.136525062608932
v -0.224670835077394 0.0989778661210642 -0.114614704735845
v -0.210812494080672 0.0940882759516155 -0.0870536930092136
v -0.211667672119026 0.093119255813255 -0.105662945775072
v -0.178184651733832 0.067780758469262 -0.151057501777476
v -0.194533296069784 0.0760170341092224 -0.150517153095535
v -0.18429931917798 0.0683923764821099 -0.141365746964904
v -0.161499914884442 0.0729882253216964 -0.166854695622037
v -0.180753355075672 0.0782676025208124 -0.168740106073555
v -0.170386205013155 0.0694019969070922 -0.159585068388018
v -0.183123354993458 0.0887716515233977 -0.186513696758258
v -0.203036757376353 0.0851090478224452 -0.189713516722039
v -0.199393929468645 0.0814971424665405 -0.169935233695412
v -0.191865102389034 0.0844845571339541 -0.178636979144223
v -0.217335581224918 0.0813323282955446 -0.170170346743195
v -0.20556124638307 0.0809831191854547 -0.160093194629288
v -0.141439234346437 0.0830477751572206 -0.179236819892119
v -0.162270995970288 0.0868662466870485 -0.183269125274168
v -0.151836299245525 0.0777424197314143 -0.173312691697744
v -0.118586098922463 0.0935113107121703 -0.190349576741175
v -0.13999515679748 0.0974776599860421 -0.196101240773018
v -0.130343717943293 0.088353691208473 -0.184931897098743
v -0.136917900208473 0.110296483582069 -0.214835944734584
v -0.159743819919561 0.107650784473851 -0.222383873092706
v -0.162136072361334 0.0992050762824222 -0.201419586499762
v -0.149966625843423 0.104656997478829 -0.208363034761959
v -0.184065246968308 0.0958773115731862 -0.206539278116892
v -0.173206475776185 0.0938126294233119 -0.194107876813639
v -0.0935074516743331 0.103191023829011 -0.199643264396592
v -0.114647946640511 0.1083632793971 -0.207159085692401
v -0.106302377792292 0.0985218372032749 -0.195258297011837
v -0.0665460632582247 0.111270449899961 -0.206510093221562
v -0.0867325656571364 0.117636834397738 -0.216026340534928
v -0.08023545478281 0.1074418655157 -0.203426149175806
v -0.0768699377654047 0.127463640960166 -0.234810385641966
v -0.0978999596790621 0.124432973388235 -0.247652102428542
v -0.10831137894777 0.120430587203816 -0.22624872695222
v -0.0928642323382206 0.124354518122522 -0.230950955334086
v -0.130749280560042 0.117939961556604 -0.236566057252476
v -0.123032295021172 0.115674798413241 -0.220841003928476
v -0.0382302671352095 0.11784520506442 -0.210225141685232
v -0.0568748068555121 0.124674893985094 -0.221981172117386
v -0.0525189658908757 0.114686531985147 -0.208819422480836
v -0.00916809999855863 0.123477413530692 -0.210252085578927
v -0.025942991266667 0.13012465626027 -0.224383862666264
v -0.0237592354190639 0.120799332461405 -0.210679423507202
v -0.0104679600369545 0.1352975016016 -0.240266394321583
v -0.0274155686553399 0.128627965268567 -0.256084510330608
v -0.0439184573593495 0.131877279174626 -0.239554134632233
v -0.0272088749606272 0.133617056729345 -0.240406286159918
v -0.0629360186961836 0.127070022355632 -0.254150745215578
v -0.0605094591982966 0.12990048714765 -0.237687783143638
v 0.0201555113828972 0.12777563178654 -0.206967380969489
v 0.00538796105423625 0.134571413259588 -0.223097116926917
v 0.00548818035748577 0.125823028122562 -0.209001385273174
v 0.0493822057775647 0.129913291410504 -0.201161600699747
v 0.0366412209599975 0.13790311359901 -0.218421078368115
v 0.034795822170533 0.129168671184429 -0.204316321804061
v 0.055675001991488 0.142272850256545 -0.230764453862431
v 0.0427409749412379 0.135617985060485 -0.249578157076647
v 0.0228517666747129 0.13881699176432 -0.237176256207221
v 0.039339980868435 0.140601515567943 -0.234356328945604
v 0.00794191750241032 0.131334060466491 -0.254381787111125
v 0.00623675080900775 0.137028770373773 -0.239168424093375
v 0.0782359235712934 0.129135503278978 -0.193653292996959
v 0.0675211808174134 0.139312332786977 -0.21106451756724
v 0.0638764773333046 0.129933658693007 -0.197570245785403
v 0.106360698446193 0.124906465781959 -0.18516649657533
v 0.097751478196538 0.137676564198643 -0.201854858310467
v 0.0924141932248587 0.127453028452881 -0.189510613015572
v 0.119014213388022 0.143571904442392 -0.209918702546277
v 0.109843876691822 0.145511785227165 -0.231111526589686
v 0.0878014031526372 0.144529386062439 -0.221470581849315
v 0.103543245080474 0.144585509237594 -0.215917390636675
v 0.0767514529719706 0.140897248769794 -0.24187864897361
v 0.0718355132703227 0.143662433398174 -0.226448208388878
v 0.133367922052642 0.118112302343213 -0.175265604275234
v 0.126966959939075 0.132317339193629 -0.191519869226608
v 0.120024088210935 0.121652189176277 -0.180530561563086
v 0.158707356192722 0.112082683463789 -0.161399266186097
v 0.154785999436116 0.125053641506989 -0.17917474231224
v 0.146313270499808 0.114794877290012 -0.168968825624952
v 0.176995959748941 0.132248303000568 -0.181069462132107
v 0.171959908609773 0.143594909753682 -0.200961420663179
v 0.148937528414 0.13835122883657 -0.196941641628187
v 0.163274442507871 0.13503895608356 -0.189591475138119
v 0.141750750132246 0.146653293316268 -0.217292584330765
v 0.134162281951951 0.141393767955259 -0.203614095675946
v 0.180078529642501 0.111191652772059 -0.141302658090361
v 0.179955401572534 0.120770600028098 -0.161489069090033
v 0.170182371476613 0.110617822033635 -0.152233214845471
v 0.194116751772877 0.117439852308617 -0.116179999572197
v 0.198691942844254 0.124237209794401 -0.137060165641863
v 0.188011648146132 0.113678743841499 -0.12910237362586
v 0.216118084548685 0.139025586750245 -0.130918116348064
v 0.21961230445992 0.145409921078242 -0.153618136003026
v 0.200497631564044 0.131869158193208 -0.158682306027744
v 0.209241606372328 0.134825066489616 -0.145198000269331
v 0.199150399149394 0.141034483404331 -0.180354260681653
v 0.189621909130923 0.130967076866276 -0.170799946848352
v 0.203304681766122 0.125367256202923 -0.0891821259975752
v 0.210459985988243 0.132680858149959 -0.109288807219788
v 0.199046181460045 0.121571685352431 -0.102838514715001
v 0.209880560929953 0.131106216810695 -0.0611495929267401
v 0.219185877029535 0.140685085732435 -0.0798444353910226
v 0.206932725556269 0.128601628728204 -0.0752674819136795
v 0.235811925578256 0.156883058387171 -0.0681693427368401
v 0.245275515369153 0.164384765382677 -0.091057630313985
v 0.226987812073791 0.148254189064291 -0.100732872816444
v 0.23189036927663 0.153229580796471 -0.0846522647124113
v 0.233559496095345 0.153630392725073 -0.123581294471982
v 0.221837303391923 0.143544591518739 -0.116121932518571
v -0.242219956475195 0.0918803744245039 -0.141454195126677
v -0.265376504349677 0.0943057324729614 -0.138254279489734
v -0.246364985761464 0.107235843048259 -0.113269838088401
v -0.243582553589337 0.0997884162418754 -0.126665352360803
v -0.235236496957941 0.0790730533401405 -0.168465352118974
v -0.25492317327667 0.0769343246279425 -0.164390018181806
v -0.239632339435895 0.0845474864454418 -0.155396593026514
v -0.260873647753035 0.061752201856329 -0.186539721130209
v -0.286235325478508 0.0584204734483652 -0.181926536371575
v -0.279148087965259 0.076149543840809 -0.159927508868303
v -0.270369660500824 0.0676652825172043 -0.173133586932169
v -0.308685636646081 0.077055868922208 -0.156299592058172
v -0.294477038914585 0.0954525168963563 -0.137263720241663
v -0.287092084678156 0.0858549087248373 -0.147789203517265
v -0.221297415826321 0.0769387410341738 -0.190890866719283
v -0.239867851229171 0.0683425742009908 -0.189570209438562
v -0.22890260560033 0.0764476206663848 -0.180161258294216
v -0.203932042682295 0.0858843861382438 -0.210212804911194
v -0.222120869060208 0.0728099584044673 -0.211406651404028
v -0.213051646607888 0.0804125696841284 -0.200827476816533
v -0.220828160848905 0.0699567463370219 -0.2324738811747
v -0.240765937392705 0.0554620693433729 -0.231566101455097
v -0.241257393054999 0.0606928711084198 -0.210517522883422
v -0.231245748407144 0.0643375473085579 -0.221594451528366
v -0.262889461133408 0.0507245892220638 -0.208224982168061
v -0.250983438861714 0.0593663118574677 -0.198819894823059
v -0.181673861024047 0.0987168648400003 -0.228532734825539
v -0.201621838275028 0.0850159851891161 -0.231808782979291
v -0.19356005619197 0.0922604632008312 -0.21947362761905
v -0.153343146386022 0.110217726565161 -0.24532870122492
v -0.175193067307249 0.097772707348091 -0.251326477530285
v -0.168199810301145 0.10474134569 -0.237176250488796
v -0.164559394337853 0.0927326033729273 -0.273474628246397
v -0.187762060795631 0.0792644618008667 -0.277665502387006
v -0.19639368660857 0.0831004203215521 -0.254471529489453
v -0.181422732355268 0.0887055569902048 -0.264620421047657
v -0.217552857991477 0.0677398620730355 -0.255108338787787
v -0.209428651536316 0.0765783837297289 -0.243590559765625
v -0.119629400359675 0.116395791050445 -0.258653124935871
v -0.141855397854029 0.105282012239299 -0.267150128261548
v -0.137012523833142 0.113989722043186 -0.252583210246529
v -0.0830433049671441 0.117711763459009 -0.266395192184735
v -0.104304483919801 0.106865696752598 -0.276799783103439
v -0.101532648699227 0.11752530359722 -0.263278465037634
v -0.0866330810644471 0.0943470022472818 -0.29134662055335
v -0.109123464419476 0.0833847528364668 -0.301763139413687
v -0.126752599107035 0.0957419299964547 -0.286042475993226
v -0.106802375630929 0.0952240946558357 -0.289411852635427
v -0.150294591852692 0.0841613180181903 -0.293759506612603
v -0.146150356494679 0.0949537040046186 -0.280618408064809
v -0.0457249425288224 0.117650715317391 -0.269045317666142
v -0.0654854492677179 0.105798163425093 -0.280420788493076
v -0.0644050201292392 0.117575998654266 -0.268197352769148
v -0.00848120204706713 0.119224430170099 -0.268420315099418
v -0.0265396133520937 0.106451215768481 -0.280952438316945
v -0.0270667171584095 0.118164648557338 -0.269092632045813
v -0.00569461879432386 0.0960397332801915 -0.291978336280562
v -0.025049274518607 0.0832058536690854 -0.304758237040859
v -0.0461151777537852 0.094098739276242 -0.29303039458811
v -0.0258642714588108 0.0947950374991667 -0.292845929365348
v -0.067119196969189 0.0821565012222708 -0.304642435056384
v -0.0663883675098776 0.0939451706720224 -0.292526061476949
v 0.028287255606681 0.123019797158969 -0.265024084963937
v 0.0121127821362241 0.109317887188682 -0.278728062965757
v 0.00998379591005063 0.120854965743008 -0.267057803979126
v 0.0642851900028398 0.128834849864568 -0.259046228328521
v 0.0500919428586642 0.114366708937822 -0.273851324009596
v 0.0463961565179049 0.125681537694523 -0.262339551395096
v 0.073211208714169 0.10646127238085 -0.281806973125688
v 0.0575962279350747 0.0918214137407571 -0.296877361337104
v 0.0341884917456979 0.100182218554575 -0.288213798080981
v 0.0538231401245561 0.103057284146178 -0.285335258531798
v 0.016656096608517 0.0864209070258656 -0.30215039658973
v 0.0143372401021801 0.0978391913872876 -0.290429680821909
v 0.099336433724347 0.136421887507823 -0.250673414423437
v 0.0871698068917116 0.121821266737999 -0.266831616267742
v 0.0819357467073769 0.132487563762741 -0.255195731420627
v 0.133298879831265 0.143681934230506 -0.238896603711308
v 0.123196588820641 0.13109926221452 -0.257399017340257
v 0.116469945281219 0.140269924503927 -0.245277692873223
v 0.148239281856605 0.126071900029656 -0.262326960637187
v 0.136474711475673 0.109960022430821 -0.279087624798292
v 0.111248305318086 0.115592274383413 -0.273684298023432
v 0.12987520078242 0.120579336525372 -0.26832062159974
v 0.0975315321949783 0.0997497195093952 -0.289262685655768
v 0.0923536676873613 0.110778837898576 -0.278056655234101
v 0.16574172770791 0.148120294994312 -0.223115011728153
v 0.158014924137307 0.140977631448612 -0.244575770480666
v 0.149754293026486 0.14638409989313 -0.231518306588491
v 0.195696954052879 0.149097680577777 -0.202883987394755
v 0.190940840299101 0.149184845131398 -0.226677201985198
v 0.181128882624693 0.148852134764823 -0.213602488029851
v 0.217341867810672 0.149099467717517 -0.227068795247488
v 0.210849212162662 0.136061349044623 -0.249123946762267
v 0.183935483562433 0.138787599301363 -0.248344346444624
v 0.201052535529462 0.144423296320328 -0.238717060893296
v 0.174365696181419 0.122358421785235 -0.266176123938252
v 0.166287131423626 0.132414806865452 -0.255979245459262
v 0.220808907793821 0.151537213657288 -0.177248942408478
v 0.220225210832556 0.154167465749772 -0.202118365541902
v 0.209082223734659 0.149662712573852 -0.190763332449126
v 0.239319477129227 0.158133092034011 -0.147456304179005
v 0.243830487313825 0.159239119516161 -0.172339559281102
v 0.230707217399268 0.154740045772883 -0.162675041091409
v 0.268159570134143 0.158232357484565 -0.164545056192816
v 0.270690662953165 0.149448965612513 -0.189395334387139
v 0.245823066189853 0.155116069761154 -0.197927922158695
v 0.257772432347879 0.156971635944715 -0.181542191945563
v 0.243908702618177 0.145482376784384 -0.222998617354632
v 0.232277516300646 0.152376680463291 -0.21321215091108
v 0.253597124849232 0.165113360969271 -0.115873391600652
v 0.261855775247846 0.16364373182524 -0.14009161091308
v 0.246854369488431 0.16108443615558 -0.131808501207626
v 0.267541851506806 0.180014985625043 -0.0853022796502584
v 0.276110612101996 0.17260442893709 -0.108475263287036
v 0.260039088467935 0.171143057604371 -0.0998303498287314
v 0.299950399327355 0.176056531071693 -0.099760958301698
v 0.307981539186056 0.16070317523723 -0.118773868570336
v 0.284980646559534 0.162859562301512 -0.130596232986999
v 0.292445366258351 0.168275150862906 -0.114623076060737
v 0.291231473057832 0.151835448534452 -0.153310983407162
v 0.277012828026319 0.159734962537674 -0.147373829732004
v -0.316763143534231 0.0585505972966648 -0.176736710729919
v -0.350801617839957 0.0570784962861707 -0.167634731502753
v -0.341958645134291 0.0777010123658956 -0.151882932757128
v -0.330150487729679 0.0683620687718826 -0.163706636824878
v -0.288277802563547 0.0437298883819848 -0.204354761234053
v -0.318112366913768 0.0406476952856153 -0.198708167769315
v -0.302485396876728 0.0497385614313756 -0.190460728040509
v -0.31353738061831 0.0232378425287203 -0.220446487781023
v -0.338519271769192 0.0111962861170072 -0.205696031269852
v -0.349611953504226 0.0343307993311835 -0.186187964115815
v -0.331064617864526 0.0279572278289851 -0.204399767525103
v -0.37910096178879 0.0223956544771169 -0.161816914339198
v -0.384511577896676 0.049476314741916 -0.146468842412422
v -0.368347099564055 0.0414037735565698 -0.165787366124309
v -0.26262648443212 0.0424920800742263 -0.22930489676747
v -0.287099572786447 0.0322035090195121 -0.226074481776001
v -0.275049463901388 0.041468943581363 -0.217131958541963
v -0.238828629774043 0.051824666512565 -0.253485882041602
v -0.260522520580033 0.0360810681736036 -0.250632431604402
v -0.250743224073229 0.0462086553174904 -0.241281625493927
v -0.254794353141809 0.0283245813596229 -0.271753814226175
v -0.273698593128886 0.00872217141845249 -0.264267183063534
v -0.282802787245662 0.0212338549207614 -0.246497832356758
v -0.268748214872234 0.0238481855782867 -0.258842031915612
v -0.303958481394064 0.00594773346863011 -0.238267418274418
v -0.297569502054513 0.0209530596001256 -0.234010071113855
v -0.211243904469741 0.0645136835147217 -0.279002017509293
v -0.233953236502949 0.0474659497278388 -0.276938668264123
v -0.225974465894293 0.0583424954596418 -0.266349032281684
v -0.174957453294826 0.0721617424997003 -0.299854184159469
v -0.200258117466979 0.0582053155948806 -0.302702139844021
v -0.19416895786407 0.0693288002583354 -0.29047626667114
v -0.184211362890776 0.048189149570319 -0.32414393023833
v -0.207958721064149 0.0289808118324477 -0.321200625689618
v -0.223734085733955 0.0397505329314049 -0.300093207118842
v -0.205133853055801 0.0447919284311246 -0.313302945657824
v -0.243300324043526 0.0179108704866745 -0.291929929822491
v -0.240080580110956 0.0339511779786738 -0.28584637617905
v -0.132943416311193 0.0725223218634913 -0.311168754355632
v -0.158148452621264 0.0615015077131853 -0.319308796280111
v -0.154308508985012 0.0729905102695454 -0.306618223758467
v -0.0894970108255006 0.0706175873378035 -0.315740807018019
v -0.11323307691872 0.0595373506068069 -0.326263072091264
v -0.111271584878273 0.0714608644790431 -0.31399863429386
v -0.0916535892551068 0.046826552883756 -0.340055782438368
v -0.116533481150228 0.0351818562379512 -0.350477163239311
v -0.138367064611982 0.0485132722923007 -0.335779188184772
v -0.115005160824468 0.0473747387910171 -0.33834050512415
v -0.164454649960469 0.0357346663319832 -0.342544809880233
v -0.161632816347326 0.0493218531452653 -0.331565294501061
v -0.0458661576169602 0.0707594978376863 -0.317051449573748
v -0.0680818396321566 0.0586586015415882 -0.328849616739288
v -0.0676839477152424 0.0703913628941701 -0.316739975266935
v -0.00243314776669171 0.0730674751026848 -0.315594381646935
v -0.0230068732205161 0.0601544529382083 -0.328583218585266
v -0.0240966831863233 0.0716512349215899 -0.316660998425906
v 0.00129293929880094 0.0502674049469414 -0.339237310746769
v -0.02040729403257 0.0373222931520771 -0.352416998710425
v -0.044987649549202 0.0476747600198681 -0.341158256911662
v -0.0217767107500821 0.0487233908452531 -0.340517894742301
v -0.0683156587758485 0.0353174782603661 -0.353102608770397
v -0.0683020175810978 0.0469615754678024 -0.34096742143052
v 0.040366240105587 0.0775302273492659 -0.311472931350461
v 0.0215768311195207 0.0636650627482952 -0.325594551836962
v 0.0190689968755984 0.075024212314085 -0.313862996175035
v 0.0822135026046911 0.0842920179478882 -0.304738414060853
v 0.0652975745529486 0.0693878619327958 -0.31998747560927
v 0.0614228420954999 0.0806016447505968 -0.308425476713541
v 0.0913072693249534 0.0620433286248504 -0.327645573630771
v 0.0731770647846826 0.0469984450377198 -0.343174856743104
v 0.0468287063126942 0.0549728298121487 -0.334790088129192
v 0.0692165084423073 0.0581848906786234 -0.331569137667563
v 0.0268604401889626 0.0410707209452008 -0.349084569455992
v 0.0241753494627943 0.0523464700778303 -0.337337309416914
v 0.122974824728472 0.093804896700823 -0.295578045298224
v 0.107900277422555 0.0777159509537506 -0.311735106907613
v 0.102721607624048 0.088738652472507 -0.300484491112157
v 0.162745082371765 0.105491343305171 -0.283533293596825
v 0.149403782642195 0.0887408922713197 -0.300798130057128
v 0.142986122206496 0.0993570422352915 -0.28990455068458
v 0.176668315833069 0.0849163095289719 -0.305219346975254
v 0.161965539025641 0.0673079568864672 -0.322721513483182
v 0.13452893388118 0.0720110924039038 -0.317688828649963
v 0.155727978676849 0.078075234703749 -0.31175114899475
v 0.118235853482377 0.0555785070919449 -0.334326850705147
v 0.113068684978422 0.0666661782008171 -0.3230155420587
v 0.201423023763315 0.1194727333952 -0.268467869955586
v 0.189888695906192 0.102079528233626 -0.286839210551049
v 0.182231685520279 0.112218268420929 -0.276422120302763
v 0.238243279531852 0.132226235580165 -0.246754212918737
v 0.229372361332373 0.116607380085867 -0.268669420777294
v 0.220236912080692 0.126496367657578 -0.258881666200488
v 0.256915023938958 0.109993895980108 -0.26343910079381
v 0.24460979166731 0.0909364472252951 -0.282813487413849
v 0.217691427494685 0.0984570464074241 -0.287906517601666
v 0.237872991921124 0.105137461729801 -0.277311212555676
v 0.204318123640999 0.0799330831889677 -0.30632007144148
v 0.19731145442097 0.09162642968536 -0.297153110609704
v 0.269559208028621 0.138572078039075 -0.2146962319594
v 0.265066760899018 0.125811043683819 -0.23995905438102
v 0.254673156841055 0.136012481205497 -0.231630249876497
v 0.294433489115883 0.141137979239261 -0.177453206294095
v 0.294512028874043 0.130140719002064 -0.203246209898098
v 0.282758973913213 0.140092220820777 -0.196450467363307
v 0.318641185632357 0.120319611618456 -0.188542846238066
v 0.312500089891965 0.103899782134816 -0.212363241179312
v 0.290282799519621 0.116241870500128 -0.228537256334151
v 0.304965782917404 0.118341459283202 -0.208957639155619
v 0.280526418601906 0.0984748949635068 -0.250383454925524
v 0.27422677820106 0.113558655351244 -0.246785268564295
v 0.314757046141912 0.146206745032491 -0.139679202401615
v 0.318805542283527 0.133384235878204 -0.163232313971201
v 0.305002664687828 0.142657798170885 -0.158311839137813
v 0.331493107342377 0.162959441568514 -0.105938854773955
v 0.339597086665809 0.143882743074405 -0.124283565863654
v 0.323640960807072 0.152772427743856 -0.122102264619192
v 0.363615471769216 0.143600727359494 -0.103792706405765
v 0.368617358370437 0.118076578086689 -0.124506484080728
v 0.343979529522509 0.126390501573243 -0.146353994845579
v 0.355197263248435 0.132461829454362 -0.12446089268155
v 0.341953305200586 0.109182139570828 -0.170780236604921
v 0.331655801551155 0.122622131308663 -0.167652642765981
v -0.360828973557734 -0.0033516891251414 -0.184179094695323
v -0.375324383939209 -0.0206542977965535 -0.156866353187985
v -0.397679453710786 0.00368021026367286 -0.130649203139792
v -0.380442811575103 0.000854362510287767 -0.1593757247565
v -0.32229113938191 -0.00993337800639313 -0.22322727071671
v -0.341018233003183 -0.0261056646040048 -0.204565850650283
v -0.340795355586369 -0.00718498608548923 -0.204980105894602
v -0.32209825394581 -0.0460653911087578 -0.22295835649198
v -0.336219328820315 -0.0643778263385571 -0.201459795240451
v -0.355063303025938 -0.0435233480945342 -0.180359598325726
v -0.339777909667266 -0.0453242726295655 -0.203882394914122
v -0.355648034078017 -0.0581168496653637 -0.1491076658529
v -0.375761918150825 -0.0369208873635532 -0.124572721227746
v -0.366953246254176 -0.0405083293436377 -0.153492237323438
v -0.290201035897848 -0.01037908890636 -0.253040717672398
v -0.305550618519541 -0.0282873842367296 -0.238788208530657
v -0.305693364237774 -0.0110148814533188 -0.238907469861791
v -0.259744998404712 -0.00437310504717899 -0.28019943852333
v -0.274677497278713 -0.0251912668943395 -0.267325410268553
v -0.275081095776102 -0.00811052641966291 -0.266507857923056
v -0.25821826049018 -0.0387811602016658 -0.282799980155166
v -0.273112201704791 -0.0594577140275644 -0.26925650648585
v -0.289390501868768 -0.0446360217063787 -0.253880676869952
v -0.273950349081665 -0.0422816257303191 -0.268219454071036
v -0.304943192816328 -0.0638685493239761 -0.239428344647031
v -0.305206573021043 -0.0458745652259452 -0.239048019190451
v -0.226721458916838 0.00609908587144573 -0.310643803689908
v -0.24271915833737 -0.0169218172615601 -0.296752251469502
v -0.243682076635005 0.000537844822105803 -0.2950870487027
v -0.188446443319333 0.0167529734319562 -0.340300987847139
v -0.20748525073273 -0.00583330168024509 -0.328997767865643
v -0.208500768485653 0.0117077721555602 -0.326139588388241
v -0.18698141458732 -0.0176939279672466 -0.347649549246124
v -0.204178045503305 -0.040209869203463 -0.332913007337836
v -0.224016726475312 -0.0287872155965971 -0.314430399732616
v -0.205886398564888 -0.0231546274845623 -0.331046356192264
v -0.240310299807373 -0.0511671790223538 -0.300034992543529
v -0.241573584434605 -0.0341509948059787 -0.298343330827277
v -0.142456605578686 0.0226602570614441 -0.358989629212302
v -0.167037684776581 0.00427812612015424 -0.358368327587063
v -0.166312052028181 0.0205737534559064 -0.351562946447815
v -0.0929347046218744 0.0231080821518856 -0.364556277427402
v -0.118724093963115 0.0101622101426359 -0.374351132100153
v -0.117776274877077 0.0230747988003281 -0.362798974281465
v -0.093107010324695 -0.002090843746681 -0.387709449159721
v -0.116945401444818 -0.0215079406876523 -0.385594571918567
v -0.14358398342012 -0.00834831346849665 -0.37477509542893
v -0.118848141729192 -0.00476992540244998 -0.383082129975771
v -0.164393915947089 -0.0298776833891232 -0.364570106846714
v -0.166436656906171 -0.0127183559880489 -0.362729157218311
v -0.0434328340504855 0.0245945971376245 -0.365069267353375
v -0.0677290273556086 0.0119618048199808 -0.377343200202344
v -0.0681289166756651 0.0236131206246143 -0.36519150638175
v 0.00546776055419819 0.0276315879812902 -0.362826357527749
v -0.0172343113834375 0.0144978103443693 -0.375992733725537
v -0.0188995098714427 0.0258823666990632 -0.364215231560274
v 0.0101007803480032 0.00520014773439497 -0.386447473275306
v -0.013318068308753 -0.00982693435677739 -0.397201483104725
v -0.0410971352130473 0.00140331490626236 -0.388695445864528
v -0.0153727783775978 0.00313266144407779 -0.387676868547277
v -0.0654674177404593 -0.0149852077420665 -0.395296313054178
v -0.067022833579188 -8.59168325203604e-05 -0.389057005339646
v 0.0535444582395673 0.0324896298919138 -0.358153206561554
v 0.0324752496088109 0.0185807887539551 -0.37259228438588
v 0.0296290548450842 0.02980691999816 -0.360820673014855
v 0.100497524758524 0.0398139828960205 -0.35070589986781
v 0.0812132986115047 0.0245576207441062 -0.366434760597916
v 0.0771787880743387 0.0357903478928713 -0.354788615808654
v 0.10977431247151 0.0167935817594607 -0.37322444524789
v 0.0892871756719724 -8.95339201159602e-05 -0.387468298760727
v 0.0604604089200584 0.00999932208025043 -0.381630929338777
v 0.0852728372890755 0.0131532605872944 -0.377998217322654
v 0.0383285689831526 -0.00535064013304906 -0.394332904561
v 0.0353844311667131 0.0074067619218879 -0.384414758625433
v 0.145927890862871 0.0497355873241688 -0.33967490680582
v 0.128670986492594 0.0329714280992557 -0.356892434308527
v 0.123427259521372 0.0444193558273364 -0.345673120339701
v 0.189739359472312 0.0615248325022264 -0.324453864749197
v 0.17398592315958 0.042962846544596 -0.341835198900363
v 0.168128099579656 0.0559544413173619 -0.333214952329891
v 0.198334497368254 0.0309561576392282 -0.332309955913731
v 0.18163998907251 0.0115305040170123 -0.348628643631394
v 0.156995017143387 0.0242602722046979 -0.358405606463427
v 0.178749995928633 0.0279034614928668 -0.347107438307085
v 0.138562284969751 0.00574391037893499 -0.373992361153484
v 0.133921964368694 0.020494540183352 -0.367045783405051
v 0.230074419560111 0.070784543931651 -0.299751407097046
v 0.214350792415928 0.0506589619370817 -0.315876162649569
v 0.210252313227143 0.066180492453061 -0.312795327819547
v 0.265614025944988 0.0783464190707801 -0.267254916820489
v 0.250161152617699 0.0581666095124313 -0.283640144162793
v 0.248486678509287 0.0747953092340538 -0.284402619677523
v 0.268434463085649 0.0450925680332311 -0.265295534553009
v 0.252394691225959 0.0249290359302694 -0.281267897273676
v 0.23418837357647 0.037894955718693 -0.299575501197523
v 0.251269317510759 0.0415357349296569 -0.282421573386258
v 0.217864500414249 0.0177555070912242 -0.315308583022567
v 0.216600339229995 0.0342921579336299 -0.316240207301348
v 0.30003791217276 0.0849323509682059 -0.23218856272901
v 0.28414633633496 0.0651968447415555 -0.248856910925086
v 0.283234407118407 0.081874322418909 -0.250384391051806
v 0.33305555839158 0.0906960149618341 -0.193495187492007
v 0.318821162501377 0.0712548421302844 -0.212901759206933
v 0.31670785074815 0.0878135303396149 -0.213302985835193
v 0.337653882236596 0.0574699669557916 -0.193257636870455
v 0.320960026543885 0.0380766711021174 -0.211195658630761
v 0.302516974754052 0.0517090381316933 -0.230088515800915
v 0.319959515155338 0.0546601029185865 -0.211967112906986
v 0.286380523995445 0.0319163788482002 -0.246653746805629
v 0.285281529959618 0.0485318493996862 -0.247716241833583
v 0.364227619021536 0.0968863889354084 -0.150473888833904
v 0.353303298308386 0.0770519863226943 -0.173560977876059
v 0.348982375851997 0.0936260690191407 -0.172626520013919
v 0.390938924414375 0.103615362441631 -0.101916945009491
v 0.384823359906268 0.0822823423140859 -0.129483507200779
v 0.378415859646599 0.100820289317979 -0.126723862673001
v 0.402022345362636 0.0654380504171421 -0.107847580543287
v 0.38869204886174 0.0467206618709215 -0.131508523345789
v 0.372767493713699 0.0624726929054548 -0.153251558109218
v 0.388522365893097 0.0642879340633536 -0.131273778908456
v 0.356304605256545 0.0432241309925433 -0.173564778294889
v 0.355522505267193 0.0601476918483158 -0.173796893854989
v -0.335585669272589 -0.0775321566075536 -0.17034552940371
v -0.326752605609657 -0.0866506938263718 -0.137757834148429
v -0.346193374193841 -0.0682676914186685 -0.116230872985508
v -0.341433388014401 -0.0727470508488027 -0.143628245307819
v -0.317788838590665 -0.0831986392649803 -0.219267250592572
v -0.316348325859708 -0.0959618921120151 -0.188904389025757
v -0.328302822357064 -0.0815636122466542 -0.195993981453508
v -0.297874864072097 -0.113668520703403 -0.205510418531167
v -0.289869915212817 -0.121719131760718 -0.174209535132734
v -0.307877605126328 -0.104500959950407 -0.156804038148748
v -0.302970789032114 -0.108952402735187 -0.181439040158661
v -0.298448014706129 -0.11392705218568 -0.126149451499211
v -0.316135693620657 -0.0970010742078406 -0.106508016441429
v -0.312353145177528 -0.100461807949051 -0.131777417785758
v -0.28825046166157 -0.080199472971491 -0.255011819247781
v -0.299903621419828 -0.100767389448174 -0.235150457212838
v -0.304007739324776 -0.0824266094950418 -0.238678179648172
v -0.255604395832674 -0.0730095249549429 -0.285450828994207
v -0.27025858994134 -0.0952470914929971 -0.270630420262907
v -0.271992138358964 -0.0770292474411258 -0.270117463645181
v -0.249289069629491 -0.108401600721319 -0.285619920408909
v -0.257941958954606 -0.129623865243462 -0.263676445262995
v -0.280521730235594 -0.116702235045651 -0.250106389198237
v -0.266046891198282 -0.113446932817421 -0.268916235591946
v -0.279312953179997 -0.130133529266382 -0.220899963043451
v -0.291152727858573 -0.116882480664182 -0.228651550321975
v -0.220751568360431 -0.0627531758614907 -0.318001291262652
v -0.236103796735889 -0.0855274457570617 -0.302730955010685
v -0.238339948030228 -0.0681990873964286 -0.301349518094059
v -0.182361611395706 -0.0517010855579182 -0.35019068833622
v -0.198384205811484 -0.0737474207853995 -0.333955724990751
v -0.202219870174161 -0.0571161485146143 -0.334568305780515
v -0.170301229266663 -0.0808944010244848 -0.339087688133677
v -0.183868547075626 -0.100500265954715 -0.319733786397619
v -0.212417351198296 -0.0960122405565038 -0.316453412573273
v -0.191848990789689 -0.0886062468927432 -0.328853783956561
v -0.22392063849431 -0.117975033977867 -0.296913816824102
v -0.231615217956686 -0.102735427856088 -0.301907461378171
v -0.137302507807368 -0.0417736914252236 -0.373724359928363
v -0.15486299161595 -0.0614210385527884 -0.357364412693082
v -0.160697169560686 -0.0466155611963708 -0.363471035449331
v -0.0876726358862459 -0.0333163720727397 -0.386367614327365
v -0.107548638202346 -0.0502140148845915 -0.371500372196665
v -0.112801154564279 -0.0373211242469415 -0.381205173879561
v -0.0785276332384012 -0.0571486702885203 -0.36503519133224
v -0.0967874385490596 -0.0726755001278519 -0.349040076630936
v -0.125406063611459 -0.066926813485825 -0.35443442523504
v -0.102178786474058 -0.0615227066380375 -0.360250216903334
v -0.141312876105228 -0.0843315634884517 -0.336541586085666
v -0.148123499981471 -0.0734785272950259 -0.347465790497588
v -0.0367963989388238 -0.0274071084035489 -0.394281818178882
v -0.0584794265918882 -0.0425186646491958 -0.380618975416454
v -0.0623649142653148 -0.0301127993674836 -0.390921234360719
v 0.0148236883695054 -0.022937349346779 -0.397410149500295
v -0.00848588058491905 -0.0378165149748644 -0.386703015439027
v -0.0110380904302697 -0.0250672363903192 -0.396634867998717
v 0.0186777745197127 -0.0474511742795647 -0.376534140978343
v -0.00344874873238395 -0.0603756090165648 -0.363168507003084
v -0.0303460904693734 -0.0511694998028561 -0.372419055800587
v -0.00593306152560984 -0.0490596606232804 -0.374896504345225
v -0.0506682677675622 -0.0651240818621746 -0.357756191749332
v -0.0545624715407316 -0.0538068658379288 -0.369146875552682
v 0.0666045764077635 -0.0183893925666288 -0.39517530294477
v 0.0422756876409612 -0.0348303969688352 -0.389301361110383
v 0.0407154988968016 -0.0207295320222557 -0.396944501154957
v 0.117521858716444 -0.0132417101163673 -0.385344925742373
v 0.0935200745970967 -0.032014732327288 -0.387250215378055
v 0.0923479239768368 -0.0159315573094481 -0.39157071591304
v 0.118144179435229 -0.0448139629915282 -0.373558607019031
v 0.0928165799006045 -0.0572375390632151 -0.364439381644006
v 0.068363135796011 -0.0455691274366787 -0.377465211947286
v 0.0933398362709277 -0.0453750823912 -0.376682407405174
v 0.0444998832167699 -0.0576552389363872 -0.365315795000827
v 0.0434588182207441 -0.046282310021371 -0.377373062029209
v 0.163840644405849 -0.00807285498995466 -0.363891292493666
v 0.142597991026879 -0.027588460906378 -0.373193409548737
v 0.141737068837329 -0.0108442631035411 -0.376470991822093
v 0.201409515986044 -0.0020806872501989 -0.331070456186438
v 0.184591593898805 -0.0218467663348875 -0.346298452180525
v 0.18337956164219 -0.00512618353769621 -0.348116876059327
v 0.203741312109035 -0.0353330868676009 -0.327493639413003
v 0.185187352566725 -0.0550115569992314 -0.339009963392783
v 0.164598194816868 -0.0412501647663191 -0.356367299115586
v 0.185337276587516 -0.0385381882756909 -0.343396855595778
v 0.140501531523104 -0.0575584823685705 -0.3570687937228
v 0.141897581386333 -0.0431713991095971 -0.366173227982875
v 0.236141761801848 0.00469991022184013 -0.296882539757953
v 0.220155344948772 -0.0153923350721796 -0.312587757644042
v 0.218893089336535 0.00120191645584289 -0.313958290092585
v 0.270721187259675 0.0119030071356582 -0.263145638243566
v 0.254650583266871 -0.00829408490549555 -0.27885837718488
v 0.253463793718174 0.00832768832669716 -0.280034576227076
v 0.272784926750436 -0.0213069275449929 -0.260797280322851
v 0.257265230049069 -0.0416003151285729 -0.276427253809651
v 0.238980216931099 -0.0285866285091283 -0.29455280117862
v 0.255915563994936 -0.0249368923928234 -0.277667468469007
v 0.222820749816368 -0.0487444033606337 -0.30928179563127
v 0.221559851368611 -0.0320367512537749 -0.311111898107517
v 0.304599412815944 0.0185518404812451 -0.228346671539857
v 0.28866400503459 -0.0012686759942332 -0.244932770702815
v 0.287537939116388 0.0153213699903024 -0.245771075842882
v 0.339108325727303 0.024107029516371 -0.192308756964682
v 0.322471264908832 0.00489904391672901 -0.210033128610103
v 0.321842920156967 0.0214975581107732 -0.210618408623713
v 0.337201680981679 -0.00907433204798191 -0.18980958755653
v 0.320619425954655 -0.0279304817445042 -0.206564204527936
v 0.306339737438528 -0.0145855920241778 -0.226854651967883
v 0.32233787434893 -0.0116717421660821 -0.208899740891297
v 0.290667938497245 -0.0344557406123089 -0.242967115591397
v 0.289797211077023 -0.0178572372182675 -0.244114296709303
v 0.371571946604887 0.0282054748217377 -0.152324248232871
v 0.354203425056302 0.00962366957016274 -0.171730473484521
v 0.356009725870227 0.0263474950873412 -0.173018330553442
v 0.395366894412016 0.0313036674287235 -0.106381260723803
v 0.378249466289823 0.0138911433355121 -0.127617666772562
v 0.384923437864262 0.0298025424262369 -0.13007040568058
v 0.375162921606485 0.00258506861827811 -0.101134953496898
v 0.358439926307678 -0.0140484908329232 -0.121150561084915
v 0.360993464036145 -0.00384079747356466 -0.147415184920746
v 0.369219560763028 -0.000755764996948685 -0.124560888948789
v 0.343913455198181 -0.0216344341434441 -0.165664997300539
v 0.350271990533084 -0.00655539082553246 -0.169286642096739
v -0.281722813062087 -0.130245558697724 -0.144728050001974
v -0.273196790920018 -0.139133690704556 -0.117477085663374
v -0.288647794712309 -0.123983635853173 -0.0981574852598738
v -0.285497775251968 -0.126840846870428 -0.121458037195412
v -0.272755930305907 -0.138256049266275 -0.190832996955241
v -0.26546485177374 -0.146007498251733 -0.162271517568226
v -0.277440534382471 -0.134084612313183 -0.167883740885855
v -0.249100345743127 -0.161356712118561 -0.178601711890182
v -0.242317543838622 -0.168993457321466 -0.152193879251315
v -0.257874244341333 -0.154057080362776 -0.135574840025183
v -0.25382061875323 -0.157604121143759 -0.157139488282053
v -0.249870548748953 -0.162544743240423 -0.1105923176436
v -0.264256335656507 -0.148353675160435 -0.0923088501326131
v -0.261385591552831 -0.150963016948988 -0.113951854485612
v -0.258813906511381 -0.143830085021997 -0.235494738777293
v -0.254952817462594 -0.153375761744962 -0.206452576172466
v -0.267013822045106 -0.141974084752794 -0.213441107573724
v -0.231999392699179 -0.137757721177426 -0.274129307128449
v -0.235172502913027 -0.153113105045967 -0.247729088365653
v -0.247086045658144 -0.14246773227674 -0.256101005301296
v -0.209240839616647 -0.157452532007012 -0.255941560336442
v -0.210839960911828 -0.172551371421709 -0.231294974240583
v -0.234419742854189 -0.165285976295911 -0.220398843132108
v -0.223088575805482 -0.163031816576611 -0.239445448373127
v -0.230900346823151 -0.175057968514786 -0.1933326191471
v -0.242970188199497 -0.164388568925626 -0.19982630269487
v -0.19529493116256 -0.120268163685252 -0.299701984615686
v -0.203964812402672 -0.139749744982351 -0.278725171364696
v -0.214256095507807 -0.129881410119814 -0.288428081103117
v -0.155331948171703 -0.102350991544248 -0.318131223120527
v -0.16726542708509 -0.120815232109714 -0.29928803226642
v -0.175625859993756 -0.110802846939909 -0.309397880897295
v -0.140141071313281 -0.122672141789376 -0.297693064392012
v -0.150210504664812 -0.140187845732759 -0.279940313475076
v -0.176618347013004 -0.139557303590692 -0.28001424436254
v -0.158801390600477 -0.130592420965146 -0.289454675484841
v -0.182830724869092 -0.158063024507878 -0.259937940981882
v -0.19348737282768 -0.149071481201257 -0.269187323059067
v -0.113175573620784 -0.0887831467770654 -0.332311271005398
v -0.127656985648063 -0.105550330849358 -0.31519792568472
v -0.134496523251112 -0.0949941910396383 -0.325764581243899
v -0.0692636158709318 -0.0797910437281824 -0.34268130010978
v -0.0860305939399521 -0.094879802914026 -0.32698699894895
v -0.0914142154737386 -0.0838153381566266 -0.33797298413846
v -0.0600116090772458 -0.101951572437062 -0.320154800552691
v -0.075286696898536 -0.116736949346572 -0.305106458203913
v -0.100919271933817 -0.110581144461689 -0.311043908984841
v -0.080643165433282 -0.105843192240864 -0.316036761259196
v -0.113886918453841 -0.126488882150577 -0.294757166998327
v -0.120780334944315 -0.116210807281559 -0.305022210871653
v -0.0240271048509739 -0.0737745084763781 -0.349305101303485
v -0.0429084608743248 -0.0875825366291275 -0.334898575859305
v -0.0467858136228378 -0.0763724842017866 -0.346339105103535
v 0.0221145350040731 -0.0701086961756962 -0.352725377928531
v 0.00129413481308371 -0.0829670189226099 -0.339594615621437
v -0.00104249377523858 -0.0716558398471926 -0.351389982579151
v 0.0251285723353043 -0.0930029028411574 -0.328917544947422
v 0.00570018866244036 -0.105684933649001 -0.315915126181369
v -0.0178677239405426 -0.0962485466602717 -0.325970847446407
v 0.00354698542047867 -0.0943180969891896 -0.327777866004001
v -0.0352998925753614 -0.110010353021598 -0.311996831825267
v -0.0390697227218578 -0.0987751561757749 -0.323440478061547
v 0.0687851790638605 -0.0685624617951215 -0.352945210574447
v 0.0461918545955098 -0.0806015337749304 -0.341233478450596
v 0.0454078250388283 -0.0690863111784238 -0.35326147877177
v 0.115464453743407 -0.0698854856834953 -0.350183734197857
v 0.0913746937218422 -0.0804820673624812 -0.339641556855858
v 0.0921553593275794 -0.0688532698920936 -0.352011316197118
v 0.112244481828311 -0.0932084057228539 -0.325407753909665
v 0.0893578481967871 -0.103907822012504 -0.315196037347624
v 0.0686449948886634 -0.091749520296696 -0.328559542729065
v 0.0904492292824798 -0.0921700878369272 -0.327372925925812
v 0.0473686388353689 -0.103575329529906 -0.317004257499089
v 0.0468574980188766 -0.0919434199265077 -0.328991608920467
v 0.16158779510891 -0.0713713370613252 -0.340795280043192
v 0.136462308030952 -0.0830678079359403 -0.334711274012194
v 0.138636059658123 -0.0707587697704255 -0.346381193428068
v 0.204202425224219 -0.0684540154236451 -0.320507993844173
v 0.181277687922553 -0.0854916351553998 -0.323991438107313
v 0.183854783787853 -0.0708606163073289 -0.332660285096834
v 0.198689081502045 -0.0980854708646838 -0.304602163819384
v 0.173154549609016 -0.109675735238768 -0.300814439799577
v 0.15583698187771 -0.0968694574073554 -0.318719391502278
v 0.177585555587043 -0.0983490029429784 -0.31309322758287
v 0.131357501651436 -0.106591837168438 -0.310408922668117
v 0.134038365224622 -0.0948991182180451 -0.322609997858171
v 0.241783466528081 -0.0621132448036577 -0.291532483310827
v 0.222162018665035 -0.0816175887142671 -0.30142009005041
v 0.223347757636862 -0.065441238420141 -0.306475479293489
v 0.27450690090603 -0.0545095780490366 -0.257714983895544
v 0.257926847267443 -0.074762730129985 -0.27131946573339
v 0.258463955049983 -0.058303873886402 -0.274829043531371
v 0.269140475524814 -0.0855650780568162 -0.247800264998905
v 0.246758541354569 -0.101508072197305 -0.254926810882742
v 0.236764438352477 -0.0930046854226815 -0.279482290483382
v 0.253915198076219 -0.0895926253960831 -0.264479785168317
v 0.212529095961323 -0.107780541157253 -0.282019055238025
v 0.218409921095828 -0.0960157210007593 -0.293060072212651
v 0.304202632061294 -0.0470953807123667 -0.2220729604796
v 0.287707554106869 -0.0667261567320721 -0.236206491549181
v 0.290407838143088 -0.0509451252122822 -0.240644107292554
v 0.326979482241189 -0.0394355429852253 -0.182281456402953
v 0.309870079345043 -0.0572803070041458 -0.197302674484928
v 0.316538172388122 -0.0433272667472446 -0.202638604269027
v 0.30826043283234 -0.063963874740298 -0.171100314415091
v 0.290723345937591 -0.0802792787976485 -0.184207517903361
v 0.292315491417179 -0.0752180100902026 -0.210590530212126
v 0.30096935109961 -0.0694879941727152 -0.191019065779131
v 0.273264596999172 -0.0922926574788183 -0.221406415872112
v 0.281828126458543 -0.0807118589606712 -0.229564548503661
v 0.341772973782244 -0.0306731109917691 -0.139491751438153
v 0.325067513872198 -0.0472664680801653 -0.156144805665485
v 0.33531002550648 -0.0351819766067289 -0.161144717386595
v 0.35087513907483 -0.0223614870520811 -0.0954223187163933
v 0.335074017717365 -0.0379311967109773 -0.11386106529749
v 0.346857955860734 -0.0262856161392052 -0.117550002008726
v 0.327072714072046 -0.0459602526315138 -0.089447321499635
v 0.311813707923545 -0.0606172342897589 -0.106276075347457
v 0.318949820797616 -0.0534004894875242 -0.130610902408216
v 0.32338420022361 -0.0493244854493221 -0.11010012449826
v 0.302871628393427 -0.069215462606017 -0.145632975327202
v 0.314071380876628 -0.0584370717119404 -0.15095593697145
v -0.234882944638724 -0.177027553127389 -0.127075944372914
v -0.226964607109191 -0.185721109447109 -0.103324943481535
v -0.241410275064387 -0.171773540652907 -0.0869461569260136
v -0.238419556026989 -0.174139943134311 -0.107043089619319
v -0.22540918810754 -0.183327814765741 -0.166916718966412
v -0.218466516663947 -0.190920986035578 -0.141622721798888
v -0.230701391438371 -0.180288024558309 -0.147045313623753
v -0.196780136483071 -0.19465519010761 -0.153046637379607
v -0.188486773970623 -0.192662194150194 -0.128682690224728
v -0.209336634820916 -0.196370680026119 -0.117598481045521
v -0.203586144020563 -0.196311464318091 -0.135551228883597
v -0.198302970989953 -0.197424089564008 -0.0949346459762307
v -0.217456765404092 -0.193905401509568 -0.0809936144647733
v -0.213941583804262 -0.195369886204985 -0.0993784233797759
v -0.209022333154242 -0.184203948568556 -0.205193358392198
v -0.204125892102771 -0.191891886375069 -0.178796127190662
v -0.218277496301892 -0.184985225593565 -0.186462369547206
v -0.185373407548889 -0.173987850215646 -0.23745891861266
v -0.184214949867233 -0.183271510442234 -0.211885715799018
v -0.197897776222252 -0.180474952943719 -0.222420204513907
v -0.162326558122378 -0.171434399677737 -0.213091269139905
v -0.161939727423002 -0.170286736496211 -0.18835059285358
v -0.180861291654217 -0.185697237882075 -0.185545196791443
v -0.171986697549753 -0.17894588762754 -0.200017688867198
v -0.176507767843859 -0.183273084535985 -0.160253828116829
v -0.189128495925808 -0.191085264268118 -0.169809075852162
v -0.15714810959025 -0.156504813061349 -0.260569188775431
v -0.160835158298864 -0.167702647887324 -0.237913144725532
v -0.171739592053779 -0.165339389579653 -0.249938057810382
v -0.124575022108026 -0.142300891214575 -0.277973225177762
v -0.132682760491018 -0.154147598502188 -0.258070570033009
v -0.141398311257507 -0.148738919200488 -0.269877068055281
v -0.109472691524212 -0.152007756169472 -0.252793330252822
v -0.117735899174363 -0.149290619233714 -0.231432676853643
v -0.138813635980907 -0.158345489335545 -0.235353603174987
v -0.124711390896681 -0.15437768900574 -0.244702895800383
v -0.143309358658068 -0.156576260223313 -0.212234541383224
v -0.151395096966212 -0.164181531815023 -0.224820311864153
v -0.0886919956570189 -0.131768673333634 -0.289839520960287
v -0.100040463431737 -0.145339734331056 -0.273061636666348
v -0.106943359951438 -0.136637299151423 -0.284532847176645
v -0.0509734518804531 -0.124165790926761 -0.297699474605297
v -0.0648470154270228 -0.13836050024153 -0.282901570830053
v -0.0700026012893095 -0.127632093166688 -0.294164913000033
v -0.0424957481544736 -0.145233228866739 -0.273766344310455
v -0.0552563816704223 -0.150772130564949 -0.255051389174143
v -0.0769140246300215 -0.148929794518975 -0.265387856591143
v -0.0598925580319642 -0.147203465834644 -0.270071434947134
v -0.0874384782349292 -0.149674257734122 -0.245151842618549
v -0.0934744550336767 -0.150422513071719 -0.259652020654806
v -0.0120804502822055 -0.118971616093244 -0.302653081168823
v -0.0281557994005258 -0.132715868431682 -0.289038467632446
v -0.0316531019582541 -0.121300872488231 -0.300524033109332
v 0.027663350731639 -0.115773261037868 -0.30473169067283
v 0.00955882727380268 -0.128741845014461 -0.292278371009854
v 0.00770618082368373 -0.117141007108501 -0.304065896107651
v 0.0295844032955538 -0.138819907885696 -0.280550120532341
v 0.0127613869365206 -0.147666210052707 -0.265377355098796
v -0.00684787372896148 -0.141397237890129 -0.278637943949477
v 0.0112954526333837 -0.139887311442911 -0.27994476705789
v -0.0216959868299373 -0.149702211214823 -0.261822338181309
v -0.0247951219285453 -0.143228945823804 -0.276591986246248
v 0.0678610233360301 -0.115337879226577 -0.304583665519738
v 0.0479190041916012 -0.126994459969771 -0.293009578120944
v 0.0477237518040701 -0.115254892044565 -0.305009703778308
v 0.108264525224716 -0.116540868453684 -0.300821019721892
v 0.0865690370114977 -0.127444504048247 -0.290920166503832
v 0.0880603327948057 -0.115677242424206 -0.303070765294903
v 0.10328680689686 -0.138771623629944 -0.275270279483699
v 0.0826233566869107 -0.144633589289011 -0.262283406926507
v 0.0664069466004699 -0.138135040894671 -0.279613152756115
v 0.0848623931022063 -0.138323294726704 -0.277884284418425
v 0.0476735906690082 -0.146005630511027 -0.265602498717279
v 0.047968497950024 -0.1382660068509 -0.280469965177092
v 0.148506241184863 -0.11983727745545 -0.294160174780452
v 0.125238375676996 -0.129751970229729 -0.285711088368292
v 0.128417390007864 -0.118262728732806 -0.298173503385335
v 0.187570854418401 -0.119833039867717 -0.280071119364282
v 0.163167969398645 -0.130382490012127 -0.274802242702041
v 0.168345346082257 -0.120424278386604 -0.288112501378231
v 0.173805562235798 -0.134150607377852 -0.251839296084735
v 0.149819919642972 -0.13669730548707 -0.243852639848073
v 0.139606847172088 -0.138544144737547 -0.266368411680102
v 0.157091979777957 -0.136897415155619 -0.259758201937494
v 0.117045278537111 -0.142255001127376 -0.255121198415763
v 0.121592924034446 -0.139069909682689 -0.271537894932973
v 0.222601770210407 -0.114757949298074 -0.257732855666382
v 0.198281817540512 -0.126294265693836 -0.256825767620758
v 0.205691603166725 -0.117785712348334 -0.269818544150401
v 0.252029416413119 -0.107227090395517 -0.229097993584973
v 0.228838078356445 -0.119246460234483 -0.232746417053905
v 0.23821602410589 -0.111292933870164 -0.244181099344089
v 0.230163667333526 -0.119252278401324 -0.207654238899757
v 0.206117657407924 -0.119847587633978 -0.209368062109817
v 0.204310607034722 -0.126571081418031 -0.232363017384024
v 0.217908976318619 -0.122717919542355 -0.220707926844606
v 0.17973423363411 -0.128002353127588 -0.228910706867376
v 0.189570997509404 -0.130554702071653 -0.242700880993807
v 0.27277497510783 -0.0964682305769822 -0.195055792611269
v 0.252900668909951 -0.110636787652889 -0.203105784222453
v 0.263426892137663 -0.102107656858113 -0.212506069545237
v 0.286220961509807 -0.0848251639323142 -0.158763608781611
v 0.269441441087328 -0.10048452153372 -0.169712629437906
v 0.280157240791658 -0.0905182198943199 -0.177090141446893
v 0.264007602111147 -0.10524281710513 -0.145652199599116
v 0.24424438936684 -0.114375229981648 -0.154440816853278
v 0.250093602433464 -0.112764708506083 -0.178063241706866
v 0.257723843719124 -0.109127449878867 -0.162102036104434
v 0.227683529228391 -0.116393713068 -0.183778915869496
v 0.240908324713356 -0.116048013326134 -0.193339575671286
v 0.296523781282623 -0.0757969473686187 -0.121372918545679
v 0.280657117294814 -0.0908400003509205 -0.134560268911336
v 0.291747909001528 -0.0800054660220641 -0.140164872455412
v 0.303293765666103 -0.0686867735974165 -0.0833146444496031
v 0.288673569563901 -0.0832286596451847 -0.0984901276647504
v 0.300261571398199 -0.0719265752551061 -0.10241051799203
v 0.279914135330079 -0.091868900088484 -0.0770565161865619
v 0.264843136598036 -0.105300571645878 -0.0904913645091465
v 0.273590708087148 -0.0978330687826166 -0.111782276216859
v 0.277086164364578 -0.0945693232092889 -0.094503928429738
v 0.256510788367032 -0.110411203981262 -0.123077812538018
v 0.26926004594951 -0.101435837766011 -0.12884977875051
v -0.180421019095872 -0.186901947173083 -0.105937053752786
v -0.172366021608994 -0.179173710407704 -0.0848776717940767
v -0.187289688006858 -0.192918079837914 -0.0737612374115318
v -0.184099138839741 -0.190270962239882 -0.0900077549875142
v -0.171302380757923 -0.178203292282311 -0.136468106094185
v -0.164969934132863 -0.171766501329791 -0.114216216715828
v -0.176186207895794 -0.182867233270974 -0.121459940315008
v -0.149317754810168 -0.156319962327469 -0.120071958600665
v -0.142566568315061 -0.149314155281789 -0.099826738800935
v -0.157641068089142 -0.164349246058406 -0.0935221306429615
v -0.153759215636059 -0.160576929981525 -0.107001912546496
v -0.149564154137034 -0.156046132553716 -0.0744435925470855
v -0.163741082085243 -0.170469165009028 -0.0655457843959505
v -0.160964263220564 -0.167651035494172 -0.079686015989349
v -0.159415191150325 -0.166971104084671 -0.164476604388
v -0.155045520797532 -0.162248041450032 -0.141662245340727
v -0.165735329953139 -0.172880089564707 -0.150841585967282
v -0.144624719540011 -0.153633868865526 -0.189335687985427
v -0.142657049278348 -0.1505126311181 -0.166713853593019
v -0.152410862576739 -0.160476158363527 -0.177307287883139
v -0.126242040656818 -0.134269351045341 -0.167583605237546
v -0.122861087240488 -0.130419715650648 -0.146330268287118
v -0.138831864700961 -0.146236764289972 -0.144797770852403
v -0.132783971200577 -0.140477377590691 -0.156425481560241
v -0.133655262576447 -0.140760844056919 -0.123848690172591
v -0.144344160559025 -0.151531737053977 -0.132680905477824
v -0.12438913966279 -0.142704253827279 -0.210702316610302
v -0.12729385181891 -0.137717754702243 -0.189308518984089
v -0.135514362998126 -0.147268963965016 -0.200550429479297
v -0.0969121757589344 -0.141246089342982 -0.226199231797713
v -0.104829169730984 -0.130961628433598 -0.208038720241405
v -0.111274451691167 -0.140799688053621 -0.219306050110608
v -0.0853125073006414 -0.121042584757946 -0.203550854966126
v -0.0913327434052181 -0.111202791625838 -0.185476356826078
v -0.109503823810271 -0.123415262237431 -0.188217970669442
v -0.0981616231801301 -0.121030439837472 -0.196822336602259
v -0.110047514967622 -0.118698456681633 -0.167274075833315
v -0.118752097017712 -0.128185503551557 -0.17825958853768
v -0.0666458465282171 -0.145278822039352 -0.236094685260527
v -0.076808620689824 -0.133212980733916 -0.219785817519674
v -0.0819514153543314 -0.143072382910978 -0.231648422041568
v -0.0351521976406427 -0.148204781278948 -0.243138600074445
v -0.0472720033876755 -0.137815190653224 -0.226817116630076
v -0.0510414201732909 -0.147108319606588 -0.239881783708216
v -0.0295752318959962 -0.127899136282405 -0.217779001577437
v -0.0405323461881987 -0.114909718850291 -0.203986999756782
v -0.0579182335855605 -0.124402040191736 -0.212451585733748
v -0.0438359582295373 -0.126392963858284 -0.215378134340638
v -0.066805035198317 -0.111655319651115 -0.197319271092535
v -0.0717817780342769 -0.122430548070493 -0.208628031192159
v -0.00271307272522972 -0.148356105756866 -0.247816964462677
v -0.0168856572834293 -0.140193290713286 -0.231732019084773
v -0.0190231647432191 -0.148554782482859 -0.245822839808299
v 0.0302327928143664 -0.146966306843802 -0.249440518604739
v 0.0140756157359568 -0.140113917044501 -0.234333358546847
v 0.0137234237469459 -0.147794805042407 -0.249034875329216
v 0.0286559806964263 -0.128059520870183 -0.222161687997088
v 0.0138336485331794 -0.117039364943884 -0.21012322621717
v -0.000603632973590865 -0.129081611159055 -0.221119149380387
v 0.0140168194196108 -0.128841062333821 -0.221934555877857
v -0.0135537727736657 -0.117064362909535 -0.208066601179043
v -0.0151512949777665 -0.128784263010721 -0.219713364106057
v 0.0632377466885869 -0.144480768638431 -0.247775669601512
v 0.0451933008287245 -0.138002129969135 -0.234263720437599
v 0.0467580670587386 -0.145877859583566 -0.249018681675641
v 0.0957695186026491 -0.140430247447223 -0.242907589874197
v 0.075974954477573 -0.133871341969797 -0.231522589032578
v 0.07960344548292 -0.142699563042542 -0.245731359987664
v 0.0862598828563181 -0.119797889021293 -0.216934963430582
v 0.068254654976621 -0.110944170957003 -0.207229589554004
v 0.0577750017909856 -0.124857282336943 -0.220851276535871
v 0.0721245811166648 -0.122551007450151 -0.219220697810537
v 0.0412533934966405 -0.114925616715073 -0.20992550440537
v 0.0432629300747046 -0.126715372149175 -0.221816025048483
v 0.127071717122065 -0.134035619730692 -0.234873802240138
v 0.105867274864262 -0.127765979631348 -0.226026525439578
v 0.111630276023355 -0.137570948527975 -0.239283671619078
v 0.156304998869282 -0.124946834711248 -0.223878320568905
v 0.134288476412096 -0.119554244951237 -0.217717017797293
v 0.141989586667421 -0.129798085591222 -0.22972656992554
v 0.139609507363116 -0.104084469470512 -0.201407348327367
v 0.119520812046886 -0.0977445123526882 -0.194756651745105
v 0.113660767928472 -0.112833798464933 -0.210445401599578
v 0.126827630268442 -0.108684790829353 -0.206217971334633
v 0.0944450540184045 -0.105201537855846 -0.20216371355898
v 0.100124817449398 -0.116550451951429 -0.21401859949481
v 0.182961135036112 -0.11508411185742 -0.209324500110266
v 0.160828422568691 -0.109534439634052 -0.206684295066446
v 0.169983183926303 -0.119783263889471 -0.217233150898544
v 0.205575589311804 -0.11091973820309 -0.187827324067889
v 0.18474023440465 -0.102102605983998 -0.190195908440368
v 0.194960986937354 -0.111954126930924 -0.199513162886104
v 0.184361090343771 -0.0918495385418939 -0.169861472069524
v 0.165200927430997 -0.0818864926115426 -0.170826811068636
v 0.163905109583629 -0.0945739039969781 -0.189410007013004
v 0.17491232046813 -0.0919657197372697 -0.180637330610114
v 0.143336886817236 -0.0885945359669497 -0.185297353388969
v 0.151992389231171 -0.099111989063083 -0.196011184015285
v 0.222613390739005 -0.113073183173845 -0.16113771800893
v 0.202893233007535 -0.103393324723954 -0.16634811381196
v 0.214684179198454 -0.111613344222654 -0.174851487246457
v 0.236049340704498 -0.115253380959145 -0.132290078380476
v 0.215686993131724 -0.109333793434378 -0.139599157972709
v 0.229672888316778 -0.114475908407121 -0.146922397573478
v 0.207848537734187 -0.104018881866462 -0.119222473486994
v 0.192093148137591 -0.0900384140088091 -0.125271533415917
v 0.198271453599068 -0.0967447633998227 -0.145334355237601
v 0.203314970392015 -0.100484661111951 -0.132408075947179
v 0.181633627450189 -0.0834455043786234 -0.149401439926345
v 0.192103108504701 -0.0936294679827979 -0.157915628460118
v 0.246663220846226 -0.114455749050404 -0.10199332988596
v 0.226231517050912 -0.113958393567309 -0.111517183586513
v 0.241741284119827 -0.115193092851934 -0.117293049075371
v 0.254116388424612 -0.112337540706896 -0.0707078427955827
v 0.234865211216367 -0.115839728695671 -0.0823444433487532
v 0.250782762446539 -0.113401729214209 -0.0864489040699378
v 0.222215067988627 -0.112846643694114 -0.064102960680649
v 0.206032775395838 -0.101758687636295 -0.0740558050224717
v 0.215936620226397 -0.109390044618646 -0.0920892865281167
v 0.219317202389161 -0.111358238624253 -0.0781913775507002
v 0.199851203656636 -0.0966911373585484 -0.100088656125232
v 0.212077515099577 -0.106982775349614 -0.105774995545922
v -0.135025735885966 -0.141362761592453 -0.0810072887304294
v -0.126918350436722 -0.132558579225243 -0.0635842511296151
v -0.14093807209542 -0.146948551009955 -0.057009298034557
v -0.138187965640162 -0.144372516660419 -0.069115806404215
v -0.127450605066886 -0.134125391767319 -0.104026266027151
v -0.120287646675277 -0.126609002785294 -0.0853882261989315
v -0.131438897461934 -0.137952334399373 -0.0926545573633144
v -0.105775683557534 -0.111719567076306 -0.0878165265280045
v -0.10148047294843 -0.100981516297039 -0.0706573183426113
v -0.1133912573195 -0.117379777828149 -0.0679211481171733
v -0.109647939726393 -0.114775285728039 -0.0779392975517897
v -0.11094909413715 -0.104035541095306 -0.0525737101497021
v -0.121027223394598 -0.120906902196052 -0.0477404286313795
v -0.117131187992946 -0.119452130903938 -0.0578246420354005
v -0.118119945427526 -0.1253887632234 -0.125864281016214
v -0.112298846244686 -0.119161318496995 -0.106337560727325
v -0.122978871798225 -0.129963262099059 -0.115098872198846
v -0.10739917654865 -0.114898280583101 -0.146403127900641
v -0.102914804879865 -0.110337585081317 -0.126258673569315
v -0.112937458846006 -0.120347667625987 -0.136299117159814
v -0.0880660438821657 -0.0958088937511211 -0.125205720531639
v -0.083375779457831 -0.0894909906185085 -0.10626391232933
v -0.0974160787759555 -0.104423711418709 -0.106986530712693
v -0.0928760338706683 -0.100259287303929 -0.11622524862719
v -0.0924776349404851 -0.0960841273378637 -0.0887309194482125
v -0.101707284353269 -0.108259256623782 -0.0975093534084629
v -0.0936594417761704 -0.104734251265924 -0.165465006063796
v -0.0921338261599551 -0.100288742688575 -0.14502340016227
v -0.101185451961449 -0.109415758219304 -0.156182041827841
v -0.0736965396723357 -0.100383396115198 -0.180676942898847
v -0.0776761820317153 -0.0917815835454131 -0.162114368614306
v -0.0845645768505497 -0.101398641527555 -0.173896086116424
v -0.0620346208018099 -0.0801053747545615 -0.157145213452321
v -0.0630333877164081 -0.0732451637410835 -0.1383778368527
v -0.0773490368921056 -0.0863922313548534 -0.142317837564015
v -0.0705212563634009 -0.0824331185357266 -0.150250152773409
v -0.0739291402256491 -0.081481873456007 -0.122929408049394
v -0.0829748698701582 -0.0911010899607944 -0.133911214745405
v -0.0497855864818487 -0.101972959439947 -0.189766462005043
v -0.0570994787448725 -0.0901984081280391 -0.174157253218714
v -0.0619591332544643 -0.100822372046589 -0.185863138397092
v -0.0247773525795258 -0.104614744732029 -0.194734220202146
v -0.0342387911836125 -0.0920253601218182 -0.181030097974762
v -0.0373543945152382 -0.103379916824218 -0.192603561431161
v -0.0203470860272203 -0.0816271061848225 -0.171439844698883
v -0.0280762239126233 -0.0694784692286024 -0.157579459416291
v -0.0417384331480644 -0.0803440004394984 -0.166096223977176
v -0.0311282949903417 -0.080917771565631 -0.169197125275355
v -0.0471867653928424 -0.0692765793861684 -0.150476895831047
v -0.0521355104974427 -0.0798460214997413 -0.162250583654208
v 0.000683413591123707 -0.105603892117082 -0.197655067824633
v -0.0107389824188221 -0.0937970031937579 -0.184714012077288
v -0.0120918916818803 -0.105379048950947 -0.196421214414293
v 0.0263531676672073 -0.104305368864823 -0.198650480123504
v 0.0130647751253951 -0.0932378056048567 -0.186989930413741
v 0.013516549367654 -0.105178599706109 -0.198450776439015
v 0.0235079551095834 -0.0799446881943597 -0.176400404024719
v 0.0115385035160185 -0.0679018351855317 -0.166415008606876
v 0.00145098379103933 -0.0818916934198596 -0.174759466233459
v 0.0124439874094755 -0.0809919965315043 -0.17606848477257
v -0.00832043786321825 -0.0697790162465744 -0.162252011947403
v -0.00946412772147589 -0.0821618138382026 -0.173095116634781
v 0.0518277752155764 -0.101333490740438 -0.197116322036903
v 0.0369232650228195 -0.0910136054832135 -0.186765073686197
v 0.0391456949412755 -0.103030014563387 -0.19821795953112
v 0.0766614889467491 -0.0966632779642428 -0.193207507003447
v 0.0603270386343405 -0.0873807217904007 -0.1837597820931
v 0.0643368722113142 -0.0991919638837487 -0.195424713165178
v 0.0667586874464514 -0.0732351837963248 -0.170043861047118
v 0.0516829040013689 -0.0634299559251662 -0.161138998482832
v 0.0454404645616976 -0.0774544872771562 -0.174158180972544
v 0.0561609961331306 -0.0755267714396763 -0.172255056601485
v 0.0318987963072784 -0.0659290961413247 -0.165791054794834
v 0.0345461303223177 -0.0788247865709354 -0.175731376328922
v 0.100654066842021 -0.0904290248166261 -0.18717366558853
v 0.0830601567930882 -0.0822434643461445 -0.178848670747395
v 0.0887800529343446 -0.0937477430241041 -0.190454518806125
v 0.123601645911285 -0.0826203227834875 -0.179184810405192
v 0.104971533090952 -0.0756561306621504 -0.172115137701036
v 0.112262125829289 -0.0867112259514429 -0.183407927887403
v 0.107534257933779 -0.0610302652311495 -0.157181533939413
v 0.0900978731264226 -0.0534625075240452 -0.149802010629119
v 0.0874968190025503 -0.0678059467201398 -0.164294282716367
v 0.097604328485356 -0.0645649851510368 -0.160911150211797
v 0.0711478864442226 -0.059095725648292 -0.156033565831205
v 0.077216438014141 -0.0706888210187912 -0.167371078729566
v 0.145387376119094 -0.0742314764820985 -0.168685425766552
v 0.125978430568052 -0.067804627221433 -0.163693582454673
v 0.134665975585688 -0.0782051167102273 -0.174492000275461
v 0.164082793808001 -0.0715150232524171 -0.151556425253717
v 0.145556021606077 -0.0617173770417087 -0.15117413009855
v 0.155408577177104 -0.0717683427496475 -0.161046852655726
v 0.143586951528429 -0.0510527815190306 -0.13316760747133
v 0.125789789102237 -0.0416521958519511 -0.131444787121043
v 0.126741077093489 -0.053986951183854 -0.147845892149933
v 0.135683664987132 -0.0516626179935528 -0.14129402426947
v 0.108506380082347 -0.0468174155059992 -0.142392772663005
v 0.117270321558361 -0.0573299780478102 -0.152984778716621
v 0.176745392673405 -0.0758029708804535 -0.1297170216927
v 0.160636677405348 -0.0625950201685037 -0.13245186333634
v 0.171186187118986 -0.0730133442549968 -0.140950845623084
v 0.185013026112535 -0.0824512111429716 -0.106379296000661
v 0.170159223676596 -0.0682717836388901 -0.111008875991067
v 0.18116400136523 -0.0791679437621333 -0.118150198353611
v 0.162561439768961 -0.0601904888476663 -0.0934137249790451
v 0.148107933634973 -0.0464414498955836 -0.0964685225005407
v 0.155097322462178 -0.0545401499509518 -0.113985771729962
v 0.159134860320693 -0.0573528360777872 -0.103786822283098
v 0.139365320646766 -0.0419603193191439 -0.115261019972414
v 0.150029219086663 -0.0522248185374843 -0.123879563146062
v 0.191637023833588 -0.0879918013471115 -0.0822782797305504
v 0.177096104179148 -0.0740992447358706 -0.0887148430680666
v 0.188504524176598 -0.0853979396257282 -0.0944203734537934
v 0.196696822950706 -0.0919896861565469 -0.0574900505750018
v 0.182726215603293 -0.078623788670876 -0.0658134512690013
v 0.194381782563988 -0.0901932069211312 -0.0699586143677111
v 0.173320450194786 -0.0686619678193641 -0.0506864824111862
v 0.159496139633045 -0.0553979102005529 -0.0570523034082985
v 0.168472878679674 -0.0651198423801114 -0.0722823003173341
v 0.171065131632257 -0.0670626766341237 -0.0615441031182467
v 0.154205078864123 -0.0514911869580407 -0.0769303158454212
v 0.1656590319378 -0.0627953524428314 -0.0829057356550876
v -0.103197809465743 -0.0860486497714193 -0.0568029007998946
v -0.109992559577345 -0.0694906332254396 -0.0470923010853726
v -0.115197178808794 -0.08763783906246 -0.0413725649867371
v -0.109075780105758 -0.0869716602323178 -0.0489879453852178
v -0.0921261497361018 -0.0832694808195528 -0.0728675870186559
v -0.0975400848516746 -0.0675092163611431 -0.0612750262269417
v -0.0975641664702893 -0.0848251482282456 -0.0647861363313291
v -0.0933462934946013 -0.0489103718711995 -0.0663583618189211
v -0.105212861137664 -0.0511170916981712 -0.0524555919115275
v -0.0991720905338637 -0.0500816690277624 -0.0593333291344897
v -0.117648163073463 -0.0528641462062956 -0.0388692956378675
v -0.111394559300481 -0.0520380139628226 -0.0456557109925873
v -0.0816353080168385 -0.0790654589404477 -0.0890621114393113
v -0.0856526556458754 -0.0646894595811414 -0.0757871233633561
v -0.0868404295892807 -0.0813532011407561 -0.080988886723286
v -0.0714042659901227 -0.0733678275207151 -0.104857209945092
v -0.0740700126897973 -0.0607089563910863 -0.0902242029617403
v -0.0764861404605689 -0.0764001116013418 -0.0970291770561404
v -0.0694794455845509 -0.0416776845355907 -0.0931433749986773
v -0.0817455879581011 -0.0459315090755171 -0.0802735229353431
v -0.0756976437463435 -0.0439594913969463 -0.0868677539280533
v -0.0875758743307491 -0.047562170458922 -0.0733745234351013
v -0.0614573926742163 -0.0663440150709232 -0.12000094569245
v -0.0625992315616477 -0.0555590747566056 -0.104093103300884
v -0.0664071288309019 -0.0699926389091221 -0.112522707746158
v -0.0498866492062792 -0.0598001588899457 -0.133721736673422
v -0.0516180105144318 -0.0496194295136439 -0.117660886809381
v -0.0561440778836284 -0.0627561499533282 -0.127159442077547
v -0.0445697834891376 -0.0315884087097189 -0.117236953412297
v -0.0570791522688034 -0.0366036921026108 -0.105321787406964
v -0.050947656538015 -0.0340177274366907 -0.111380787524691
v -0.0632408709123908 -0.0391874903121481 -0.0992445217763434
v -0.0340947689954272 -0.057104643838656 -0.143633717741761
v -0.0389372318659912 -0.0447205885529727 -0.129720908746529
v -0.0424444784996507 -0.0579290455736972 -0.139284781171906
v -0.0164396212145629 -0.0565241439554757 -0.150166143995609
v -0.0235357025703088 -0.0423197447552445 -0.138747113240374
v -0.025313503530816 -0.0568078159639322 -0.147073427617791
v -0.0161163199228181 -0.0251921647274175 -0.137974231364323
v -0.0307237160306555 -0.0277825354831664 -0.128045529543078
v -0.023382179454787 -0.0264169594820936 -0.132976228015269
v -0.0378378241427056 -0.0294812590809199 -0.122831835999907
v 0.00107544930505532 -0.0546008704226243 -0.156788283570572
v -0.00780837841988131 -0.0403565598523326 -0.147056381477872
v -0.00764069738357106 -0.0558036985776089 -0.15338140611635
v 0.0195932159165567 -0.0524024884588868 -0.159536715112735
v 0.00821928770056061 -0.0376759022989237 -0.154793873505011
v 0.0101445196439358 -0.0533832825726668 -0.159181930607362
v 0.0146054101722051 -0.0203130147146352 -0.153729078226394
v -0.00200157024843268 -0.0226438614140423 -0.148606597457992
v 0.00584898642820862 -0.0213879406360266 -0.152710611001147
v -0.00907509015454787 -0.0239453210727978 -0.143273431590693
v 0.0379987789076 -0.0508818487495509 -0.155226565326134
v 0.0260201162893114 -0.0358841607881516 -0.153665063771955
v 0.028988341548572 -0.0515716053607266 -0.158228819538392
v 0.0558383101716102 -0.0486007092649508 -0.14866973947958
v 0.042052085261564 -0.0348837638806501 -0.145174797654162
v 0.0468357343636198 -0.0500495962262655 -0.151697738609109
v 0.0453670023747356 -0.0177943199507674 -0.136775432511952
v 0.0308407777081552 -0.0189217655023442 -0.147119219880149
v 0.0379850525484216 -0.0184271609394964 -0.141762546570941
v 0.0232062574945669 -0.0195015144968467 -0.151687322344235
v 0.0735774216775901 -0.0447092121114518 -0.142165619638668
v 0.0583889120654468 -0.0327640443920242 -0.137257360781609
v 0.0647585458073231 -0.0467909023136792 -0.145527460976011
v 0.0911306508500009 -0.0391872159359059 -0.135719709310202
v 0.0747119414149897 -0.0295658000988927 -0.129488077054909
v 0.0824016158051501 -0.0421451651008333 -0.138963648892212
v 0.0755737421676916 -0.0134076852272044 -0.118607374275698
v 0.0604023240766105 -0.0158623586363903 -0.127511611670738
v 0.0679134498758351 -0.0148079477217823 -0.122855848788288
v 0.0528932223992071 -0.0168753236309513 -0.13215111720364
v 0.107975647228659 -0.0337490506322669 -0.127265065199018
v 0.0909436923727316 -0.0250390718719762 -0.122101309720958
v 0.099678015738597 -0.0362723746833793 -0.131924642766437
v 0.122922708507984 -0.0309758373452837 -0.114713188775865
v 0.106102979593554 -0.0215250228566243 -0.112173750120523
v 0.115878132385875 -0.0317341610658215 -0.12164921091253
v 0.10371612804531 -0.00903375897148549 -0.0980176269171583
v 0.0904529714530519 -0.0105366362412845 -0.109544951040366
v 0.0974008360998311 -0.00954836555860189 -0.104178579995963
v 0.0831326032268143 -0.0118341001944556 -0.114324380839017
v 0.133198429436657 -0.0335905461914511 -0.0979833585590244
v 0.118098684183679 -0.0214746713478406 -0.0982093391585948
v 0.128647100142585 -0.0318316922884532 -0.106641462267146
v 0.140230255827063 -0.0377517040248367 -0.0799890501788883
v 0.126508049584233 -0.0240548791947886 -0.0818074832147174
v 0.137057207786466 -0.035557620022182 -0.089077145863181
v 0.121941297769664 -0.011452842918881 -0.0675199869526566
v 0.113675144915419 -0.00994950855137382 -0.0833208195746608
v 0.118018640150051 -0.010619329527078 -0.075531877773238
v 0.108968971375992 -0.00939444030710714 -0.0908753882133922
v 0.145744703343831 -0.0416555062045736 -0.061482729537827
v 0.133030344242309 -0.0270560313865381 -0.0646281321614455
v 0.142944156316689 -0.0399367044723669 -0.0707562335030004
v 0.151709242107474 -0.0437754685574727 -0.043030828013601
v 0.140451992637284 -0.0284616202764063 -0.04763891146371
v 0.148818736665833 -0.0428469605077823 -0.0522835489053882
v 0.139946767000296 -0.0122833355653739 -0.0363188373595361
v 0.130611150048363 -0.0121702802007646 -0.0517374595981055
v 0.135263813396703 -0.0122661636055389 -0.0440131216790511
v 0.125971882977685 -0.0120189703411348 -0.0594833236122024
v -0.27698630642467 0.111044654419416 -0.118076946036997
v -0.262029658076741 0.122274160504126 -0.0966836035846496
v -0.234576513104361 0.113767998513142 -0.0858019501319882
v -0.253394780761243 0.114233951237402 -0.103625575571823
v -0.326951856951076 0.0956021051073624 -0.136931052503673
v -0.309443914057283 0.111916751406708 -0.121479463908289
v -0.301906620885872 0.103733393711577 -0.128581990503739
v -0.342122900501239 0.114522518498433 -0.126124488589289
v -0.322527655374655 0.133884296112001 -0.117547001263707
v -0.292104500555958 0.127727690505078 -0.105491202901013
v -0.31664156146466 0.12187236039653 -0.117246347747078
v -0.27541312815826 0.142909783911118 -0.089101883777039
v -0.251081880967981 0.133211172695812 -0.0755615228169581
v -0.269742802422845 0.131567862056084 -0.0914158026661323
v -0.375402193265158 0.0742585957411322 -0.141243041243998
v -0.360001515003855 0.0949592009599379 -0.134618933984955
v -0.351730672712779 0.0863019510214671 -0.142246903460316
v -0.414545299325898 0.047192319304783 -0.117553191304287
v -0.404737625803532 0.0711906286384498 -0.122882283302498
v -0.396282668970646 0.059939370840955 -0.132806669791005
v -0.42965958230763 0.0716037310320878 -0.100931293569953
v -0.418860112402792 0.0928174972427682 -0.112269688467165
v -0.391109984251949 0.0935759851235671 -0.126324945201741
v -0.41180953190404 0.0820319746512433 -0.115958379297803
v -0.374427645414243 0.116167082775551 -0.129747771504523
v -0.367378127415356 0.104904134896681 -0.129861989226268
v -0.30090539108144 0.152192841303885 -0.107331558385833
v -0.279507473532045 0.169676065808688 -0.0928177871918149
v -0.258390924887465 0.157536614158119 -0.073086015800754
v -0.278103974050591 0.155624514352879 -0.0902037098921091
v -0.353821678174453 0.138510798342151 -0.132752849795768
v -0.3293246197525 0.160675756654726 -0.129366304474375
v -0.326335427859264 0.146641833337984 -0.122547663708174
v -0.365013520533193 0.168903998139735 -0.144015494937374
v -0.338244581776687 0.19767810871355 -0.1353202810013
v -0.304765585654845 0.1827384050457 -0.116491716567315
v -0.332802980735579 0.177435413982874 -0.135014011219104
v -0.282831857427493 0.20467004496666 -0.0976851522567018
v -0.260396690621326 0.187249731483023 -0.0758756238477722
v -0.280961543514578 0.18571690637294 -0.0954442741466394
v -0.406507248526492 0.115568787802474 -0.125554118950359
v -0.388952630625158 0.140670299771259 -0.138628144210407
v -0.381558812809686 0.127675158779563 -0.133924163031699
v -0.443923610888942 0.0914104809263214 -0.0950830780735211
v -0.436516759715034 0.114002536031086 -0.112103937885399
v -0.42704336627643 0.10332250826278 -0.111567756356426
v -0.465732020587328 0.109224092632807 -0.0948457395031261
v -0.456057449496114 0.140233850865543 -0.109161698637824
v -0.423582565354516 0.141534981464717 -0.128056879656724
v -0.4472783226226 0.12554435015445 -0.111982513580791
v -0.402814410678967 0.175118045817107 -0.136793545009498
v -0.396280579479167 0.156427316790789 -0.140067436507161
v -0.314521226434594 0.225513922728243 -0.114736464357578
v -0.295197264307355 0.251339056805403 -0.0918107200196024
v -0.265568291917013 0.228818426116984 -0.0777741771698084
v -0.287234758863048 0.227796631557325 -0.0971510295579068
v -0.37868513478092 0.21167583481025 -0.132371059677663
v -0.354374871313484 0.243334522126814 -0.113391903886344
v -0.345983117816432 0.220589005687157 -0.127260667679898
v -0.392598057406856 0.257397414816414 -0.100819585064194
v -0.369073759003335 0.284660544386511 -0.0788920159345174
v -0.332562932539862 0.269462371220885 -0.0903040817718668
v -0.362334794619644 0.264739874658452 -0.0964340199049045
v -0.314432540796921 0.28732321091153 -0.0693936807327478
v -0.285151554242182 0.271913688084237 -0.0699635908554567
v -0.305839389930211 0.271387875650545 -0.0821971987253864
v -0.435037791751253 0.179039484689726 -0.115498943631966
v -0.414274413759808 0.220193824599967 -0.114047357476853
v -0.408502989097704 0.196915813204051 -0.127326246875897
v -0.485721564208131 0.143802164568453 -0.0907742353427757
v -0.463082311469366 0.18270794076993 -0.0904835527319729
v -0.460111078875554 0.160188267436393 -0.101376713373102
v -0.48968304125143 0.186061500559176 -0.0677093917069015
v -0.470859677076313 0.225092720076597 -0.0619282270331679
v -0.444540669578402 0.224994372337686 -0.0888374362171188
v -0.46677203118214 0.204925028649966 -0.0771124642273364
v -0.425525638771064 0.264860503450596 -0.0796865542425989
v -0.420158286377203 0.243451879271956 -0.0979761626762509
v -0.512996920144105 0.152709922708898 -0.0776272314425183
v -0.540334620345137 0.160232036385239 -0.0672540671807331
v -0.519030730488687 0.188197685114596 -0.052543116969752
v -0.515323376910901 0.171171802031213 -0.0653890708758541
v -0.51070331295619 0.112971672139935 -0.0852986944121671
v -0.535271128639635 0.125971481112041 -0.084576237539898
v -0.511561363834163 0.132965933372457 -0.0865524504523733
v -0.551692530650213 0.106675446520165 -0.0767836055481393
v -0.570531854792974 0.116458584067007 -0.0741946411957413
v -0.559308017774397 0.136735094831173 -0.077955914792937
v -0.555263818966882 0.121168770525521 -0.0811944592485617
v -0.578189571188841 0.144674038746864 -0.0658607091446223
v -0.564589317580302 0.163925295732055 -0.0575858785756038
v -0.561416677661645 0.151568840106467 -0.0688617553942929
v 0.353278407075898 0.170822694429417 -0.0907056015084489
v 0.369558319283077 0.185713040584067 -0.0728012878313087
v 0.380836778672096 0.155730640140649 -0.0777511708724648
v 0.367800248791223 0.162733607244234 -0.0866879763974747
v 0.32325102217913 0.182526399928677 -0.0895738069341225
v 0.34387591680891 0.193826634864309 -0.0776842082638899
v 0.338328197485841 0.177344156371392 -0.0914178768023087
v 0.33583278252552 0.21176563565737 -0.06309432752396
v 0.349666872049393 0.228364968153727 -0.0527938480837007
v 0.359393736586924 0.20987998621489 -0.0640983523673307
v 0.347836915192412 0.211050771652881 -0.0644985526105292
v 0.368528283461835 0.229147222741268 -0.0505035175597208
v 0.379386728165727 0.206902916688293 -0.0545475401834291
v 0.370006764863372 0.208240212290085 -0.0608344692141639
v 0.292863988026243 0.190457547146364 -0.0815476177023418
v 0.316252564259973 0.19940682071922 -0.0737173456007968
v 0.308149589002761 0.186951403138538 -0.0864225345779215
v 0.267785898242192 0.187452026302438 -0.0617028634368083
v 0.289802764306519 0.201810174534752 -0.0629078096027679
v 0.278161204380635 0.190708587708848 -0.0734049899735447
v 0.291777682008516 0.210488783839641 -0.0449149421904369
v 0.30881769626706 0.223363261606089 -0.0429482237834745
v 0.311355404167628 0.212808280944999 -0.0580400800723778
v 0.300281494198058 0.212372968966636 -0.0527032992408518
v 0.328972080314906 0.225947591987547 -0.0494751301809552
v 0.323538401612694 0.212312675141698 -0.0611371979705332
v 0.356881519222844 0.245966578447894 -0.0428790296709246
v 0.35900662781215 0.2613145613396 -0.0331140202087008
v 0.371137992971476 0.247965538667076 -0.0376613957885863
v 0.364460747501767 0.246995565963665 -0.0412534955866811
v 0.340187805177865 0.24243502322923 -0.041113178517536
v 0.345866420859082 0.258652846239558 -0.0336536076056771
v 0.348688791575146 0.244474928623475 -0.0426462421099525
v 0.336122955227587 0.268681929150157 -0.024951058707379
v 0.338855183245827 0.279511366233933 -0.0191456582012444
v 0.348026308312952 0.271578130790378 -0.0262813999282231
v 0.342225034065845 0.270455121041962 -0.025782768933814
v 0.349100203918232 0.279092871442486 -0.0204161116467984
v 0.357866451641494 0.272097656793319 -0.0246892420391652
v 0.353492464544532 0.271797488899827 -0.0262307356158064
v 0.322467321965511 0.23811652602031 -0.0373236368116178
v 0.331289079217641 0.254064705972677 -0.0309265156730979
v 0.331344043016039 0.240199261829755 -0.0393665440488069
v 0.307885465615967 0.233607161231331 -0.0294582813443504
v 0.31714545385923 0.248869715862718 -0.0269627457872105
v 0.314324236408983 0.235957091572482 -0.0341660307418912
v 0.313974006576472 0.257582469606835 -0.0191476061893661
v 0.318197714631993 0.269015405723047 -0.0168886491042533
v 0.323715672411579 0.263519050612046 -0.0226248187212824
v 0.318259610550452 0.260204349305689 -0.0213400830791978
v 0.32800122914565 0.276118275596908 -0.0179968214642194
v 0.32982426009787 0.266343412293597 -0.0238314418887282
v -0.118502879011323 -0.0184114521481387 0.0241369180057305
v -0.118882931726639 -0.00137289994976256 0.0346868256662152
v -0.108631816574405 -0.0173642721236657 0.0391925710306385
v -0.110598948813669 -0.0352173142791147 0.0308876707080418
v -0.113325027977971 -0.0178037993706345 0.0315320118348698
v -0.130366492808035 0.0136651790585943 0.0306937121022696
v -0.138945486917336 0.0248342652121256 0.0462123387795327
v -0.12551451185998 0.0115456651252099 0.0490455545610499
v -0.127844598264985 0.0128270817538966 0.0399178250001539
v -0.134514325075138 0.0209734752507 0.0653020179967473
v -0.120298864307792 0.00835544852739097 0.0669052662201115
v -0.112525738666702 -0.00239762998702007 0.0516941078116357
v -0.123151802824232 0.00993453466666699 0.0580518751513701
v -0.100404726084013 -0.0170471720754502 0.0549973208470044
v -0.099510579524647 -0.0337803902270717 0.0451108909381
v -0.104399025819601 -0.0171386707093618 0.0470591840068951
v -0.105467928569831 -0.00357489425035033 0.0682519632454342
v -0.0909364724801827 -0.0157657306950662 0.069873229441048
v -0.0893848807467316 -0.0321611352994386 0.0598567344180836
v -0.0960912616707151 -0.0167369309176148 0.062729735618418
v -0.12742358959862 0.0176522130580713 0.083461341767193
v -0.110968115663006 0.0078958166676862 0.0832842547157242
v -0.116338240824535 0.00747503613495839 0.0754457719303394
v -0.114938555274958 0.0195753755177139 0.0988666027232145
v -0.097026763413682 0.0129890836044253 0.0955015177019512
v -0.0940253631878391 -0.000973045596193116 0.082019852327316
v -0.104377702231993 0.00982716408167112 0.0899973245745475
v -0.0780802088850029 -0.0113779637009832 0.0814378103690375
v -0.0779450115230288 -0.0291016446316763 0.073261136473908
v -0.0848441232087935 -0.0139287665003784 0.0761093109401095
v -0.0796093963481965 0.00525544500237309 0.0919218401989123
v -0.0639162480165972 -0.00572045497600314 0.0912316594362053
v -0.0648767884057991 -0.0243391627851405 0.0845492084581065
v -0.0710400359680667 -0.00852613984953513 0.086334892799697
v -0.099176010904603 0.0269992428220265 0.10965362066707
v -0.0813423738368049 0.0206446774698227 0.104564804490823
v -0.0892960563153066 0.0167886391040817 0.100188436748291
v -0.0822931891038271 0.035331114295878 0.118595293067441
v -0.0648844945245296 0.027656700763171 0.113077178177669
v -0.0643529665169239 0.0116571533954399 0.10092656918207
v -0.0731991033136436 0.024283327081256 0.108866472672425
v -0.0494351328753697 -0.000693904957277408 0.101229193780248
v -0.051617325078574 -0.0193944723791559 0.0956185538110477
v -0.0567314369246198 -0.00309207220373162 0.0962198843502779
v -0.0485761738033005 0.0170033575782036 0.10991346692434
v -0.0343964966916118 0.0034079338288125 0.110979033259296
v -0.0377901889570151 -0.015113569816692 0.10644038102153
v -0.0420029594379524 0.00146618381673038 0.106183169177632
v -0.0645638111686692 0.0427150049126888 0.126801311430984
v -0.0478125155759961 0.033471351251905 0.121112244262367
v -0.0564190936301094 0.0307122583829345 0.117178023488092
v -0.0461125156431673 0.0488823221524377 0.134043306005987
v -0.0302596024770801 0.0382112566262659 0.128309955487185
v -0.0323129505669537 0.0213247439525976 0.118427291295294
v -0.0390929803625571 0.0359504545493792 0.124860245808128
v -0.0198163055281296 0.00622591015216361 0.121753885585284
v -0.0238316998303196 -0.0119441477461055 0.117488517967953
v -0.0269888190743319 0.004965201350584 0.116186589176835
v -0.0164846677069077 0.0240491361404634 0.128010185185808
v -0.00599290309442142 0.00821731414022415 0.133554869964573
v -0.010255605404063 -0.00954300460259741 0.12906197549542
v -0.0128396223674083 0.00728848761140421 0.127570759593504
v -0.0271116149241028 0.0538746627586354 0.14011602139436
v -0.0128890074217811 0.0410774548743478 0.136157128539459
v -0.0214907380705833 0.0399262283671396 0.132046439277039
v -0.00781878758454842 0.0569811409741414 0.145773168752388
v 0.00472459620483801 0.0426918283399875 0.143176407060082
v -0.00125042471525207 0.0256416696742493 0.138466853107291
v -0.00430599219926199 0.0418577334077074 0.140300804582177
v 0.00984347063510635 0.0101252069740364 0.14186007974246
v 0.00379900765805394 -0.00737088155724322 0.140250458879204
v 0.00132021012465493 0.00913756352524151 0.138970639954225
v 0.0163478979391845 0.027596889617542 0.141271383591551
v 0.0261877972104127 0.0120181307273437 0.135593508256955
v 0.0209201637204769 -0.00551972419157148 0.13973134061401
v 0.0186381796311598 0.0111168582431824 0.140412443698725
v 0.0121677555513102 0.0592913296509615 0.147764567188869
v 0.0229277565048331 0.0451431915738292 0.139986694877846
v 0.0141332952383035 0.0438022455696475 0.143251510250475
v 0.0312454191398262 0.0621477802440548 0.141355287960815
v 0.0394036659065093 0.0475756505900618 0.130701182692516
v 0.0316099247688803 0.0298825287471707 0.131579323577087
v 0.0309968647580273 0.0465269709761946 0.135107607638405
v 0.0397823245745256 0.0137433744929748 0.124059598879047
v 0.0350043093467974 -0.00423904755913669 0.129061014141615
v 0.0329923048274517 0.0128683250904232 0.129793661429267
v 0.0466214599644887 0.0317301395383282 0.12137133590181
v 0.0539865099697945 0.0152355007018527 0.113470178295856
v 0.048889175761147 -0.00284798961887417 0.118279663066213
v 0.0468518665100046 0.0145190172562709 0.118718803648953
v 0.0505636544271129 0.0630273174056672 0.134620628531199
v 0.0565959554970159 0.0484644570488961 0.122355560969659
v 0.0480077433790424 0.0481392024418359 0.126594171729828
v 0.0699887344980513 0.0619444789075931 0.127870864334003
v 0.0743597995605711 0.047632177594021 0.115052179627251
v 0.062083218236575 0.0328925846132799 0.111704102074964
v 0.065380453005054 0.0484265548734165 0.118413278976367
v 0.0684631583239977 0.0165194364790774 0.103332537155776
v 0.0630041495060994 -0.00134889579344807 0.107918676239531
v 0.0610923338566326 0.01594112146013 0.10820592819537
v 0.0781798546790926 0.0328594769731974 0.103178984647054
v 0.0831260279622457 0.0174744690916248 0.0934993583938263
v 0.0773868856095574 0.000370571523847524 0.0981033063717286
v 0.0759123696288056 0.0169417596840061 0.0985817763782361
v 0.0893742666920575 0.0585970654808368 0.121454249201058
v 0.0914814852313258 0.0463129824109004 0.10647620865976
v 0.083104878995072 0.0467835475208544 0.111195441948478
v 0.107600417805545 0.0562521707392467 0.111642545454674
v 0.107450528283822 0.0453604125183155 0.0956137399769498
v 0.0932297544145859 0.0331556868039243 0.0929344199208685
v 0.0996788470274158 0.0457870532530008 0.101366800132696
v 0.0966761904904845 0.0184780106649724 0.082288660798131
v 0.0913168256931411 0.00201553555517979 0.0877495133241776
v 0.0900693566711463 0.018048145457156 0.0880996157182271
v 0.106639037502911 0.0336884330948075 0.0806913603630797
v 0.107904369780595 0.0193589716156552 0.0687493038967968
v 0.103268082339826 0.00296897947286914 0.075200877030654
v 0.102600051354063 0.0189178565245606 0.0757872822795978
v 0.123465211595333 0.0559995278431034 0.0981301492934208
v 0.120005589007995 0.0469481133979101 0.0810818359465118
v 0.114212881641534 0.0458649323088413 0.0887268845741228
v 0.135173044455284 0.0591092634600963 0.0812588159329523
v 0.129321940707836 0.0500965513145935 0.0646995137915443
v 0.117234377775058 0.0352518210999609 0.0660058559760007
v 0.125165843423765 0.0482386838012156 0.0730950797547275
v 0.117488064056029 0.0205190929469575 0.0538421849576945
v 0.113105269590398 0.00340954215341382 0.0606895268293899
v 0.112844794694268 0.0198817547660006 0.0613962483922542
v 0.125707208580838 0.0375421739353871 0.0500954150662781
v 0.127531859305832 0.0213312309506992 0.0391628974127991
v 0.122430425247759 0.00370730170940876 0.0456902033058071
v 0.122238538688 0.0210027737063094 0.0463346649376061
v 0.1425426064365 0.064473989238384 0.0628286120610335
v 0.136401007552873 0.0535973923701274 0.0473010370003869
v 0.13272344351984 0.0521421450638883 0.0559960086557014
v 0.148972197036757 0.0686084243808815 0.043969777451943
v 0.144074035568146 0.0555599440911518 0.0301099830204106
v 0.134978950746233 0.0387638406813075 0.0344648477575467
v 0.140308523848895 0.054697375109315 0.0387330850239247
v 0.138166723489124 0.0219023854451121 0.0247845795110156
v 0.133003042127682 0.00423684333970038 0.0314093803267109
v 0.132802639667001 0.0216497897731642 0.0319503991540649
v -0.152203477257244 0.0376457576200073 0.0425336711262108
v -0.161477071548282 0.0467366619355999 0.0608736378174493
v -0.14823680049585 0.0339774597428532 0.063540231632453
v -0.150375518103766 0.0359619721114677 0.0533128502439668
v -0.173617742669953 0.0586935309582498 0.055892070475682
v -0.182016656559954 0.066326617578083 0.0759803085042566
v -0.170098730425154 0.0547901143351857 0.0800585717592637
v -0.172106393604679 0.0569527036587739 0.0685505668751
v -0.1777954425589 0.0616530057737219 0.0994584618245017
v -0.164354788425944 0.049375141195299 0.100591566029474
v -0.156811669751587 0.0421399565128365 0.0818724442863934
v -0.167571179475324 0.0522067845523998 0.0906483329296614
v -0.14264988690835 0.0293338891451482 0.082839840297171
v -0.14575983899944 0.0316747126894665 0.0733403147265985
v -0.149219791852984 0.0374758549106027 0.100972458717089
v -0.132567200164693 0.0274033217385643 0.100611053102205
v -0.138371453181903 0.0276396431895261 0.0920385843095939
v -0.170171471497108 0.0560598807144353 0.119285766745128
v -0.153721021352361 0.0462292220885486 0.119020494771784
v -0.159893554656556 0.0470062759173124 0.11010861792812
v -0.156084127599525 0.0567435521164775 0.136141613210631
v -0.137479914330557 0.0513630247830653 0.133420890200443
v -0.13579243996446 0.0384726893246608 0.117454902412908
v -0.146041712179835 0.047729466643527 0.12687208196699
v -0.117401025992994 0.0324150001239443 0.114253052461458
v -0.125408389126583 0.0290553786224824 0.108088071449317
v -0.118725372003383 0.0465466625531005 0.129284561658241
v -0.100266743336598 0.041338179956094 0.124278490956755
v -0.108968393344601 0.0367853041664209 0.119454319987472
v -0.138563057916596 0.0658633833957047 0.148750995713734
v -0.119225380061458 0.0613491431275233 0.144562595729127
v -0.128522499393183 0.0562537027648414 0.139105598619483
v -0.119057074141549 0.0765685354651504 0.160181263858115
v -0.099381980758874 0.0711983960594558 0.154780265664751
v -0.100334119082528 0.0560999551039857 0.139350706111318
v -0.109534469760197 0.0663803571708513 0.14980751618331
v -0.0820880945810105 0.0499299215344201 0.133354178558522
v -0.0913068152115585 0.0457384681514862 0.128936870451213
v -0.080635496897058 0.0647998979167967 0.14838961852086
v -0.0628996848013122 0.0574348333289951 0.141277294018417
v -0.0726144876396402 0.0538329014540365 0.137477424873173
v -0.0971548684444469 0.0864437937336285 0.170455663089043
v -0.0777532176972675 0.0798532230820989 0.163559298355763
v -0.0887810288025655 0.0756914033240955 0.159390370274915
v -0.0731201955515353 0.0948694806063974 0.178805168570312
v -0.0545590025094944 0.0870464867992502 0.170435767303323
v -0.0596448865590969 0.0722303042615109 0.155905077035526
v -0.066331591751408 0.083669997017874 0.167230882819336
v -0.0428148623686314 0.0636842186726545 0.147802646376378
v -0.0529601518176784 0.0607172384395471 0.144733321562248
v -0.037537631671371 0.0782158652602495 0.161661011516117
v -0.0219734644872128 0.0684958447821108 0.152848400082445
v -0.0324881090710737 0.0663078968436105 0.150498336597991
v -0.0473880980729065 0.101743914194735 0.184606559309007
v -0.0300991136554073 0.0926084335988272 0.175052231163075
v -0.0424692227472906 0.0900403595382398 0.173039490963129
v -0.0204503639253746 0.10701164978527 0.187532628746076
v -0.00469869892109927 0.0970620915249049 0.176424347379204
v -0.0144737596981303 0.0826113126875177 0.165362738162662
v -0.0174846336523572 0.0948717691937538 0.176292337025417
v -0.000430856370657801 0.0717816104970055 0.155920572523773
v -0.01130080528148 0.0702879140506659 0.15475281925927
v 0.00929578978633465 0.0863998319944721 0.165111986150912
v 0.0213832645947043 0.0750532977244807 0.153214779127475
v 0.0105574348135266 0.0734228384591535 0.155413417414774
v 0.00714917378934142 0.111167286397991 0.186901378022037
v 0.0210676730091494 0.100586740447384 0.173984600349331
v 0.00817758799756841 0.0989999386425581 0.17564766303816
v 0.0349466018272172 0.113255578910198 0.183543714794073
v 0.046821367485438 0.101154946253736 0.169838307635262
v 0.0329788612593782 0.0891101864145029 0.160731951328976
v 0.0339487329590933 0.101382282939258 0.171908339411936
v 0.0428234571197706 0.0765282542903981 0.147605696797648
v 0.0320350672806228 0.076232588472001 0.150261251640228
v 0.0566388703619502 0.0884206914835267 0.156003932328969
v 0.0642836842583477 0.0754792661855911 0.141737901276826
v 0.0535887184797526 0.0762502056064961 0.144789951490554
v 0.0625640559899538 0.111902165493863 0.179092559661106
v 0.0722800218408308 0.098674964937962 0.16483496245273
v 0.0596185491508701 0.10020226190983 0.167528115173343
v 0.0895894892868237 0.107991596169856 0.173087147715347
v 0.097099695851847 0.0939658121354081 0.158432882748569
v 0.0799139862513864 0.0852038589062719 0.150427728791572
v 0.0847783869790079 0.0965571388148975 0.161824134339974
v 0.0855645845611931 0.071628399550164 0.13607857116456
v 0.0749712071656892 0.0738550215053021 0.138941239456199
v 0.102610255604089 0.0801700031860353 0.143595779082315
v 0.106108282671748 0.0675955084156597 0.127902249143633
v 0.0959815748444587 0.0694117642848498 0.13251920859395
v 0.115777372456236 0.101958295338241 0.165417479311522
v 0.121051976697066 0.088223797632066 0.149723135701421
v 0.109217243864779 0.0910068465476966 0.154573916548262
v 0.140673533795248 0.0961842866542194 0.154035681159316
v 0.143071416065546 0.0848981918651626 0.13594735934273
v 0.12412740880304 0.0760297927557315 0.132983404709637
v 0.132424444371026 0.0860529245004458 0.143553763546512
v 0.124924760505935 0.0653295219587615 0.115640999348842
v 0.115836305960589 0.0660960903583023 0.122340118126054
v 0.142792390468224 0.0753908871840815 0.117392855102323
v 0.140124902699503 0.0669453161233838 0.0990284218838965
v 0.133033090186464 0.0657284411806456 0.107749775726114
v 0.162403200004966 0.0948335495352691 0.136489790513849
v 0.16053146028524 0.0869528414287857 0.116770092867006
v 0.152580227049149 0.0851347643509697 0.126950637833914
v 0.177267683325549 0.100632055464898 0.113898959351386
v 0.171595192637434 0.0940648573271348 0.0944950318189509
v 0.156183673528712 0.0797453526875101 0.0977380614981806
v 0.166717001799315 0.0901968126599982 0.105824699966002
v 0.149952638920412 0.0724668713191065 0.0797193229139924
v 0.145705771135578 0.0693290250080285 0.0895624427203893
v 0.164649447614266 0.0866589582809868 0.0763650290423238
v 0.156751222541048 0.0784118144726222 0.0595204184426426
v 0.153527183462775 0.0756084599522692 0.0696901431969556
v 0.187125660315665 0.108870686826725 0.089404332343763
v 0.179614803204913 0.101085415374881 0.0710719203387237
v 0.175831329886638 0.0977766570091778 0.0829010630759646
v 0.194713770409822 0.115663368202609 0.0637876714391098
v 0.185664198552474 0.106330092820493 0.0467912986386403
v 0.171279063619153 0.0923019915261132 0.0542130761677315
v 0.182907180454991 0.103953808568226 0.0590286389074558
v 0.162479758993826 0.0826703789518174 0.0388141867111771
v 0.159793986154276 0.080732771504274 0.0492346128577943
v -0.191455833943216 0.0760328314356118 0.0677277386658442
v -0.19909801587674 0.0824404395293464 0.0895369869051319
v -0.18925565297561 0.0727844081897536 0.0962139657152407
v -0.190699618299633 0.0747070609194831 0.0827655416968641
v -0.208038385284866 0.0913155205152032 0.0784762942382432
v -0.221713058984815 0.0940536276635708 0.106976326405189
v -0.208686332237566 0.0855092321658425 0.113340418978583
v -0.208614598371993 0.0895188284534778 0.0970581169351323
v -0.221172535001476 0.078725720563749 0.136769982241214
v -0.206077659425302 0.074182517013006 0.138428184179361
v -0.196912482342299 0.0768194709533076 0.117307952732361
v -0.208161714745628 0.0800758405069298 0.127019192723968
v -0.184405643579878 0.0669026674040991 0.118822583959669
v -0.187175642738769 0.0701776725436473 0.108171565341394
v -0.190502146198532 0.0691587998382921 0.13822933255472
v -0.173858776695804 0.0630630388329806 0.137423883860171
v -0.180088956380722 0.0640124989048309 0.128510505019084
v -0.212497934241062 0.065025745939374 0.157973375418376
v -0.194962813265031 0.0678302429138217 0.157523646992196
v -0.201556546620162 0.0696043018545939 0.148329065418318
v -0.196640490747081 0.0644311606276942 0.176837572266773
v -0.1792136167597 0.0745896409880975 0.174179354844617
v -0.176795084382007 0.0699994242910177 0.155294919433537
v -0.187261196186312 0.0695781641129164 0.166192650429496
v -0.157890999818762 0.0693496476429237 0.152057507768265
v -0.166189555021601 0.0649279407086013 0.145302321751562
v -0.160109971653263 0.0808886253269579 0.169208085709837
v -0.139475099303385 0.0805848404904129 0.164569194131331
v -0.14906766907443 0.0748407609610336 0.158378297084845
v -0.179443207657814 0.0770652059109961 0.194407155160084
v -0.160865910502404 0.0890415253487588 0.188955652122534
v -0.170597255673211 0.0815285359519277 0.18167165032153
v -0.158255895137722 0.0932417493249259 0.210789006280768
v -0.137190183524393 0.102852323950333 0.203213877175649
v -0.139569309222031 0.0937206193294438 0.182400429051341
v -0.149727533118173 0.0962910875328072 0.196178601576842
v -0.117839350153343 0.0916837661926763 0.176470413418441
v -0.129060787590665 0.0862540703241108 0.170663594831298
v -0.114867095177425 0.10494115182049 0.194750174733677
v -0.0932681081018341 0.101379683504231 0.186667110955926
v -0.105884316896986 0.0967282231504971 0.181851654513677
v -0.130616006673361 0.106239584144478 0.225785233793982
v -0.10868877988967 0.113242151959324 0.215758215528255
v -0.123433746232991 0.108492053775081 0.209822911434052
v -0.0980828877522516 0.114216484557868 0.237396329369614
v -0.0771174474764426 0.120403129998947 0.224899593362982
v -0.0869713140111329 0.113964078229207 0.20471918596069
v -0.0931798441478293 0.117175293621208 0.220828238555752
v -0.0664093132875431 0.109426042788429 0.194248626862622
v -0.0800785389776637 0.105607349444472 0.19083208515199
v -0.0569879224288521 0.120989415017921 0.211316469333068
v -0.0379862761123691 0.115743019800359 0.198723455132719
v -0.0523526314813882 0.112805051437961 0.196875289778551
v -0.0631553877409479 0.118412080159662 0.244159895636422
v -0.0440331959905508 0.125402885717838 0.229846478967112
v -0.0606910505383081 0.123089453051815 0.227890221505301
v -0.0275433222083379 0.121286421651602 0.246332877166545
v -0.0104282216092134 0.129571016802758 0.230846286247662
v -0.025846203265627 0.126387458128851 0.214281828689789
v -0.0272499549437323 0.127513010503609 0.230818445452517
v -0.00863473139920657 0.120578231235926 0.199853568792403
v -0.0233875407978099 0.118308501220781 0.199738977151782
v 0.00575827147426782 0.130688180681434 0.213613087226962
v 0.0210993540585628 0.123861525605461 0.197735658364565
v 0.00621074276153149 0.122459626831261 0.199157763041203
v 0.0079523371736681 0.124846504311654 0.244932291324689
v 0.0230640826208931 0.133879267790216 0.228234299228212
v 0.00636123831659441 0.131686924313818 0.229967215259998
v 0.0428924987565872 0.129945799042757 0.240618419676475
v 0.0560719337333585 0.138191234778853 0.222351768912251
v 0.0373426181448585 0.133751488383135 0.209619418340607
v 0.0396416605249231 0.136098427893141 0.225684657827319
v 0.0508019230827068 0.124545204397958 0.19334232969902
v 0.035975853575831 0.12462810964712 0.195718728724249
v 0.0686152820491302 0.134220309321262 0.203224231910722
v 0.0800693179888465 0.121791241437793 0.187741912275761
v 0.0655218188733917 0.123545622372097 0.190715576415866
v 0.0770135698041832 0.136440735752232 0.233618557746531
v 0.088454735395806 0.140723097961634 0.213513450740073
v 0.0723458585674714 0.139869165402811 0.218265248967809
v 0.110213352954909 0.142575584495143 0.223436875415673
v 0.120054224563083 0.138380297589846 0.202994593344393
v 0.0992568744690361 0.130823586466028 0.195586238742615
v 0.104374983488358 0.140299946154702 0.208328861013034
v 0.108472421036835 0.116528919801295 0.180437088622525
v 0.0943935553025675 0.119442672771992 0.184310847050431
v 0.128812427246674 0.124182089078281 0.186827912977679
v 0.135772489002775 0.109416526510589 0.171069098141169
v 0.122278371152613 0.113064818274955 0.17613402672319
v 0.142380675878394 0.143791682204429 0.210040324944109
v 0.150422313751605 0.131230278382338 0.191907148030001
v 0.13542616777948 0.13515117932821 0.197633965048031
v 0.173030122819835 0.138178743108857 0.195180013916689
v 0.178589501057134 0.125151849025529 0.176174380717572
v 0.15685541322438 0.11695016000575 0.174805932200051
v 0.164916109537544 0.127576390775529 0.184991438416906
v 0.160977375356565 0.104829291841191 0.156111663777473
v 0.148784762731779 0.106469235276602 0.164490976932693
v 0.181440055954304 0.114696208661539 0.155682227423689
v 0.181001814332668 0.106833909276324 0.1345443320956
v 0.171925427710717 0.104787063736581 0.146062858202394
v 0.20029162709841 0.134733004979826 0.174842102337612
v 0.201276036079813 0.126493054234006 0.152663653825919
v 0.190898873788639 0.124664960125038 0.165287662666089
v 0.220271954500867 0.139958137158391 0.14760862566073
v 0.215995654061797 0.135566226091103 0.124591742236804
v 0.198813953221195 0.120582036254438 0.130439467074118
v 0.209498768763761 0.130401668711207 0.138922747843675
v 0.193729399049044 0.115217671265161 0.109208851248789
v 0.188066951859726 0.11064772832271 0.12211244181192
v 0.210102997089605 0.1305417248554 0.102736118238538
v 0.202893585251989 0.123957270733515 0.0824141064382441
v 0.198594626537552 0.119804332046232 0.0959679292781862
v 0.233590076092299 0.150404045272792 0.117613145580032
v 0.226753432823153 0.146382545298808 0.0946133237409884
v 0.221571890439939 0.140996007099287 0.109878316887274
v 0.244907638352923 0.163186107950663 0.0852961805499388
v 0.235593207576266 0.155948012120973 0.0621551491262265
v 0.218904643686158 0.139447122326358 0.0734830551737385
v 0.231602940626292 0.151961814081616 0.0786161493926785
v 0.209683682094168 0.130174767297303 0.0545233016129849
v 0.206660822374937 0.127413295727795 0.0685770084476485
v -0.243577265379614 0.101260851751307 0.106657111733804
v -0.261963929317519 0.0860003981510525 0.131620592493932
v -0.238708195632842 0.0830598253437601 0.133717141711812
v -0.240459047269087 0.0929052099820468 0.11972383823947
v -0.291251746026582 0.087423879896373 0.131473367436063
v -0.305480146823259 0.0688503096590318 0.150820173609784
v -0.275541451011691 0.0665780139128083 0.15306175692964
v -0.283677123297054 0.0773932882981647 0.141690887021934
v -0.282827292711956 0.0472600127274972 0.174080583893633
v -0.256455898290776 0.0463590063997772 0.175453273588096
v -0.250767324229175 0.064558030014665 0.155187625688992
v -0.266541791260971 0.0558150399451753 0.164557063936422
v -0.230506012145506 0.0636252904192007 0.157097117726254
v -0.235637129440758 0.0728175374449606 0.146102574232509
v -0.233989709135167 0.0486912781555981 0.176101082881917
v -0.214347672418521 0.0549262305193111 0.176931984327504
v -0.223120579683541 0.0572483253262542 0.166995041416831
v -0.257644920366359 0.0319210107596246 0.195197418366899
v -0.234384193614553 0.0384578984598011 0.196012665647417
v -0.245600451445153 0.0405553633585274 0.18575803003197
v -0.233013468967438 0.0316915478547281 0.216425935515641
v -0.21306582986249 0.0460637237747065 0.217817667309922
v -0.214292490784743 0.0490719249115239 0.196944100561514
v -0.223460335368832 0.0405308917106249 0.206741877008627
v -0.196442749829558 0.0625052360456567 0.196815024251935
v -0.205483265768055 0.0572468489028253 0.18701694384529
v -0.194826374239755 0.0620991637585461 0.218035911389637
v -0.176924471078181 0.0783575484817964 0.215852570727419
v -0.187146369392636 0.0699712017072817 0.206481649125775
v -0.210931488232093 0.0453420413219119 0.24049096367083
v -0.191441990344655 0.0624403758601933 0.240757758506561
v -0.202750119453181 0.0538812656074652 0.229339163215771
v -0.184855083368698 0.0616886119119347 0.264639051571824
v -0.162681233342476 0.0767548349142814 0.261374923469932
v -0.171590307057174 0.0786262229529161 0.238397905871894
v -0.178184514359457 0.0703560607638763 0.251616349046736
v -0.1514522232111 0.0936535595196624 0.233379923228193
v -0.165106704179848 0.0865049278067573 0.224879373470092
v -0.14072322033544 0.0906312209891891 0.255471288173829
v -0.119358925339117 0.103645944017768 0.247570229782406
v -0.136096284492864 0.0993986438913552 0.241040206310329
v -0.14963214572384 0.0715189937977699 0.283212511063524
v -0.126419895172021 0.0842943351593477 0.275913838586793
v -0.145228104969944 0.0813184315492218 0.269515791109142
v -0.108983236087437 0.074492651512268 0.293260640274086
v -0.086569947475692 0.0860509550057934 0.282713541989289
v -0.104306313757367 0.0964162981091327 0.266761798337075
v -0.106716432989334 0.0857533938237563 0.280307275835329
v -0.0832612999417296 0.108063270876588 0.256293287189557
v -0.101610821930121 0.106428104050875 0.252690997115397
v -0.0655810032490655 0.0977823576302543 0.271319260364913
v -0.0459054378746756 0.109872651134125 0.259474561540132
v -0.0646348908861638 0.10905580122933 0.258462746085092
v -0.0668979624765378 0.0742534627251279 0.295899944859244
v -0.0459999169991706 0.0865246262996607 0.283980524899925
v -0.0662993024407966 0.0860994377437863 0.283736447117454
v -0.0247616660676822 0.0758279972633967 0.295565754742676
v -0.00552248724161061 0.0889319108125062 0.282610462507516
v -0.0265510361198031 0.0991860902510688 0.271641345708038
v -0.0257215751551515 0.0874699303791947 0.283606099082505
v -0.008525165266464 0.112197819913934 0.258864453755978
v -0.0271785632646212 0.110849685687188 0.259557441716571
v 0.012188459494662 0.102453126488852 0.269242820023356
v 0.0283694762249241 0.116408142337367 0.255500361938846
v 0.0100035859595915 0.11404095771032 0.257493551110375
v 0.0169939453959713 0.0794536752794829 0.292732997948072
v 0.0344214568314403 0.0934418420135468 0.278740304918623
v 0.014540260775084 0.0909228023985822 0.280987396445337
v 0.0579629607237616 0.0851778499873901 0.287386529949123
v 0.0734903676692825 0.100009024076974 0.272310997484632
v 0.0502570690491478 0.107857380261982 0.264379617960762
v 0.0540806983173371 0.0964795432712733 0.275854950484896
v 0.0644840855335864 0.122716634066926 0.249775372049571
v 0.0465392885271352 0.119298336528243 0.252914879684249
v 0.0873983647495165 0.115529593658441 0.257331686949123
v 0.0996035853568462 0.131059448806285 0.241876726946025
v 0.0821775649917199 0.126665373673301 0.246112002955153
v 0.0978961460024176 0.0933506453739411 0.279727626796856
v 0.11153737113339 0.109370037880911 0.264133804352054
v 0.0926468338052963 0.104422771557573 0.26852581907347
v 0.136760257904949 0.103813963563074 0.269529910159293
v 0.148455998402267 0.120132193564401 0.252763982518508
v 0.123452111613007 0.125231185646546 0.2479956081849
v 0.130137657218024 0.114515388307418 0.258760833564439
v 0.133599547388835 0.14050275978153 0.231216887210219
v 0.116750075611847 0.135771735585569 0.236974051214718
v 0.158319057134893 0.136853554701866 0.236381643574529
v 0.166213407059978 0.146658810626417 0.216080655483324
v 0.150114965012924 0.144533236252325 0.224327776248056
v 0.174495982600795 0.116344333738123 0.256678788446013
v 0.184146283737624 0.133484157100501 0.239530343026086
v 0.166472695889067 0.126569049147679 0.246492796339252
v 0.210953842372933 0.130529506635182 0.24052454813686
v 0.217816466015556 0.145211006056454 0.219940470199163
v 0.191492932203527 0.147061853336726 0.219776445847793
v 0.201367537833105 0.139880556260834 0.230806736753111
v 0.196465308784423 0.145074736106132 0.196413556870366
v 0.18173956619012 0.146460556881206 0.206751046750152
v 0.220995148607652 0.150234390866296 0.195438095600027
v 0.221831210724341 0.145457165120333 0.171188226918837
v 0.209994835070512 0.144317905491703 0.184597554841635
v 0.24446140940792 0.141640846573364 0.216234989304727
v 0.246528447252491 0.151292152601622 0.19156045105266
v 0.23291992706451 0.148683648868058 0.206579367677046
v 0.271898577564547 0.147830368650276 0.183693929530474
v 0.268795396647566 0.156349891276148 0.158758628612282
v 0.244618852989996 0.153941556028103 0.166041541803624
v 0.258488199087203 0.153795141872541 0.175473153440187
v 0.240021193210592 0.15263777943594 0.141424857907907
v 0.231750160735378 0.14846099397244 0.156621646553737
v 0.261959623205725 0.160687856933211 0.134208826539012
v 0.253372603118092 0.163076914147717 0.110164099407758
v 0.247025166695947 0.157413818682626 0.125915241977253
v 0.292423718900617 0.152364311872035 0.147951473869934
v 0.285206332476639 0.162754876169466 0.125100805619273
v 0.277540075256569 0.159045886509598 0.141813476987503
v 0.308163377149585 0.161390451561053 0.113194819672248
v 0.299573311007923 0.176540651959635 0.0943684590129303
v 0.275698012333172 0.172044348954663 0.103024113846963
v 0.292284964316294 0.168553620087589 0.109218767763237
v 0.267075362143412 0.179454263410045 0.0797813595690571
v 0.259602807660506 0.170126972590218 0.094262249235572
v -0.33902589180104 0.0702380614338484 0.147016831311024
v -0.3485088106272 0.0501835798454518 0.163472084579805
v -0.31379497829476 0.0497393049777623 0.171122694402664
v -0.327222570624242 0.0604473537746999 0.158696144106778
v -0.383142309019209 0.0441549489068624 0.142950883257363
v -0.379221318598039 0.0170387633211801 0.15858463561147
v -0.348632513759227 0.0276332547830562 0.182739141980445
v -0.36734669423572 0.0356250750841115 0.162476199561135
v -0.339526344732244 0.00377566664107788 0.202903788592398
v -0.31113401429408 0.0118238106140698 0.213558641296628
v -0.315296112942682 0.0304869796233174 0.192412566719153
v -0.329616268636144 0.0194713140000984 0.199862334768477
v -0.284507508909366 0.0297062942723355 0.194702264209446
v -0.299334609661703 0.039035791893874 0.183357719924922
v -0.282380136581262 0.0147120387729186 0.214239574238186
v -0.256112770203846 0.0208153863473344 0.214844047107612
v -0.270088216828377 0.0233066575759567 0.204639682313093
v -0.303485703107734 -0.00577652660885575 0.232308345239602
v -0.277901454844868 0.00306862895533776 0.234238233776398
v -0.29396305104717 0.00593617847220996 0.224154274880137
v -0.271268639324364 -0.00716724241549679 0.254488403235626
v -0.249072563060261 0.00870857070361345 0.258129571249433
v -0.25316504303506 0.0135888805329025 0.235683981298561
v -0.262937854382368 0.00408392356438706 0.245402523148351
v -0.231000611374044 0.028323744888647 0.238239692606218
v -0.24301354030779 0.0226736552068638 0.226039645950319
v -0.22786349971779 0.0268473658113103 0.26230261017546
v -0.206730709299665 0.0450791528089392 0.264903281657423
v -0.21942349353182 0.0364525137141918 0.251499119186947
v -0.241397119341527 0.0024616904042465 0.281570503675441
v -0.220902033519345 0.0235586124946629 0.287562448706311
v -0.235543634517927 0.0157890559284259 0.272591156721508
v -0.207708758640087 0.0162109549563476 0.311529441826401
v -0.183845960448395 0.0357812701038987 0.313754659607888
v -0.198181617384761 0.0425362773583195 0.290110753475011
v -0.203806766758002 0.0305765367329296 0.30175967318635
v -0.173794618448801 0.0579952960362624 0.28832896658629
v -0.191608893944772 0.0525708696754579 0.277518955698888
v -0.157980859791272 0.050313137833648 0.309709892636359
v -0.13279949858653 0.0626350237414531 0.302341146945442
v -0.15389936238093 0.0611719827003406 0.296578501401115
v -0.16459515278702 0.0253018713653759 0.333799234087851
v -0.138382852051399 0.0391886415459614 0.327504807383508
v -0.161668042088103 0.0385806423240689 0.322366671186741
v -0.116303505540774 0.0265497714169345 0.342330262058119
v -0.091324820944832 0.0385221301013126 0.331609398498849
v -0.113080658480543 0.0508943382091989 0.318073458798344
v -0.114833269821991 0.0387656268633007 0.330209244264882
v -0.0892698510967545 0.0623733418215993 0.30731230749048
v -0.1111227260095 0.0627842838802023 0.305749625288865
v -0.0677175634914012 0.0506744484090533 0.320129073520261
v -0.0455189141750739 0.0630869192579883 0.308080724374424
v -0.0673887917419415 0.0624425893506523 0.308019402993362
v -0.0677684721967999 0.0273020481963814 0.344337891300034
v -0.0444618427717916 0.0399407364983997 0.332175530594394
v -0.0678565474615797 0.0389570125987939 0.332232352220739
v -0.0197225390939264 0.029803726009846 0.343208720500351
v 0.00190461093625564 0.0429801154574408 0.32992241780932
v -0.0225271918578432 0.0526907564591761 0.319420129930627
v -0.0211982653428194 0.0412287862262253 0.331340848317722
v -0.00201861306212272 0.0658596313395772 0.306285172347688
v -0.0237106957566514 0.0642264767571156 0.307493485165105
v 0.0221065360858455 0.0565985949949545 0.316197372686838
v 0.0408117467162877 0.0706771602929338 0.302015853251498
v 0.0195034693828789 0.0680052483999976 0.304461115482717
v 0.0275934667303701 0.033922620150226 0.3396676582348
v 0.0474615766848474 0.0480186505964821 0.325336044118058
v 0.0248046599580248 0.0452372417001959 0.32793474012997
v 0.0738992675089925 0.0401337612751095 0.333691106038496
v 0.0919054217032555 0.0553508542390812 0.318138121110343
v 0.0658278253731914 0.0626236685400204 0.310501053414366
v 0.0698392868232988 0.0513681693352909 0.322084401101137
v 0.0826483116953964 0.0777142721692804 0.295226848852781
v 0.0618688229212108 0.0738949888548379 0.298936367600607
v 0.108376385140765 0.0711978692727353 0.302205490102546
v 0.123348205263099 0.0874660212978293 0.286031586024154
v 0.103135023770207 0.0822808720023783 0.290951969943729
v 0.11888805445604 0.0489485477848329 0.324797446640596
v 0.135024076627463 0.0655450484362407 0.308145640231693
v 0.113624856189381 0.0600901499786297 0.313487195176442
v 0.162471088602425 0.0608957466127747 0.313162790097499
v 0.176971478418445 0.0786587243197854 0.295689987608811
v 0.149747753604971 0.082440491188583 0.291259698845631
v 0.156139331416124 0.0717143976954156 0.302208739108525
v 0.162958582804521 0.0993515410241627 0.274011274503553
v 0.14328929915952 0.0931284347123182 0.280360235364757
v 0.190026638631098 0.0959480905351734 0.277365770430261
v 0.201481497986527 0.113415737780398 0.259138669089644
v 0.182354354082385 0.106137304066013 0.266955470324098
v 0.204603787314863 0.0738259685694692 0.296829998687793
v 0.217771022745821 0.0924472560840018 0.278538802360807
v 0.197495753050621 0.0854906253525682 0.287674439647938
v 0.244755125891046 0.0854126824814068 0.273731273066539
v 0.257125761195074 0.105081723376398 0.255199153858879
v 0.229432040824124 0.111008953840102 0.259913925098717
v 0.237929685960631 0.0995469014566954 0.268424870543413
v 0.238542477789505 0.127585181323168 0.239090495246823
v 0.220321307596908 0.120909473206752 0.250204717752084
v 0.265795761418134 0.122118234223985 0.232941544057419
v 0.270772015160165 0.136162649758664 0.208582890239228
v 0.255359376463863 0.132360194811046 0.224810247112985
v 0.280899315734045 0.0942176728648346 0.242059801482196
v 0.291339177845675 0.113228566893369 0.221493161535062
v 0.274832861388721 0.109553787050278 0.239244525760091
v 0.313262047496573 0.101193412506809 0.204501155725249
v 0.320026438750159 0.118971958543388 0.181681674445036
v 0.296276141124708 0.128857159435769 0.197261078405996
v 0.306346709506849 0.116274529739891 0.202145854003817
v 0.29627867768013 0.141264486613402 0.17198797291163
v 0.284440545771502 0.139063469965787 0.190807063805593
v 0.320247997145535 0.133415184522477 0.157028620502216
v 0.315614631330607 0.146816285367438 0.133827351849396
v 0.30653104976203 0.143324585272285 0.15274513562989
v 0.342140776671343 0.107306166926819 0.162496352233522
v 0.343939861014797 0.125180718762784 0.138497168859152
v 0.332529545507801 0.121550129489928 0.160403765855164
v 0.367126378922291 0.116248498582185 0.115233099656033
v 0.362116630666255 0.142181957508739 0.095127995418344
v 0.339343357531894 0.143322463394604 0.117013618982428
v 0.354222637837932 0.131042343596495 0.116028719244209
v 0.33114093598899 0.162937802285591 0.0994166876508589
v 0.323794463808553 0.153091748276033 0.115886228524823
v -0.397060117239411 -0.000618986754457606 0.126083431253754
v -0.375085987474394 -0.0256621637399854 0.151674189353273
v -0.362382743431711 -0.00969323907540978 0.180988496863066
v -0.380747706148046 -0.00445021256829994 0.15533172200355
v -0.37392701254333 -0.0399921281660057 0.118069206801938
v -0.353270170206046 -0.0614639235896332 0.141585474742315
v -0.355051205204646 -0.0494559608810446 0.174264280926424
v -0.365643295946307 -0.0448061600559339 0.147034005528477
v -0.336214153995507 -0.0713943104070389 0.194295836038958
v -0.325703937538577 -0.0554617895895661 0.219030287977451
v -0.343739955812736 -0.0339191565410956 0.201032256047183
v -0.341721851290887 -0.0531245419956536 0.198742185174486
v -0.325107956964216 -0.0189925578434903 0.220548875651071
v -0.343354118551833 -0.0147316333636114 0.20244070974526
v -0.309255072601224 -0.0390112141852541 0.235626418804188
v -0.292258676435488 -0.022677414975496 0.248612521405982
v -0.308356379690548 -0.0217027260361008 0.235617002256555
v -0.308976021420987 -0.0746419554210632 0.235117345186821
v -0.293319396042873 -0.0565377746418275 0.250224694428887
v -0.309223523772405 -0.0566234297380468 0.235450761811301
v -0.276952077451628 -0.0720014644467559 0.265339959032334
v -0.261524684684375 -0.0518396892244149 0.278827393256573
v -0.277989884327362 -0.0381416788657386 0.263517730758122
v -0.277635535120845 -0.0549884949258561 0.264452449148807
v -0.26067409498965 -0.0184392158347874 0.273728294329713
v -0.276412838744134 -0.021662558204808 0.260844624813261
v -0.245248307804861 -0.0300691241449232 0.292004601917086
v -0.227790494626854 -0.0067641219868796 0.303526858193061
v -0.244624395346306 -0.0131807827514702 0.28821812421861
v -0.243264343351793 -0.0639066584710275 0.295850177085708
v -0.226546498380148 -0.0411401324194861 0.309852174092052
v -0.244476794977924 -0.0470640068363409 0.294097464998145
v -0.206147535486505 -0.051790033653473 0.32802274230332
v -0.188101090786346 -0.0284922586524536 0.341609981917479
v -0.20922926963121 -0.0174409969646066 0.323181900812571
v -0.207955053398423 -0.0347266102800443 0.326008242291412
v -0.188977758605522 0.00574940908027687 0.332381211803603
v -0.209425650960984 -0.000171171093458645 0.318664192525268
v -0.167144526368898 -0.00588521797656962 0.350621418393249
v -0.142307486374841 0.0131449106190981 0.350652054561163
v -0.166440451406328 0.0103074052377783 0.343298901867414
v -0.163934283340104 -0.0400565974407921 0.356690309501356
v -0.142878233158132 -0.0180198722641572 0.366227536040777
v -0.166437919662016 -0.0228860728948852 0.355306721578391
v -0.115470390070968 -0.0306821816551221 0.375298186680962
v -0.0920779830896399 -0.0108392860454389 0.378484676810535
v -0.118138724989966 0.00119202948729593 0.365807702226875
v -0.117882707370947 -0.0139865243607456 0.373989117256833
v -0.0923880238406567 0.0147998087789905 0.35605612905054
v -0.117414870354006 0.0142995504033039 0.354501160395642
v -0.0668974421293408 0.00394907427412709 0.36848224992662
v -0.0426805812593567 0.0168298051892946 0.356002239277219
v -0.067455408085521 0.0155955643871579 0.356384027020591
v -0.0641310719765772 -0.0235631447230847 0.384753802745552
v -0.0400595166279655 -0.00646007404411454 0.379393621883206
v -0.0659870393963639 -0.00835574045524797 0.379828009452723
v -0.0121404605709204 -0.0177076186349855 0.387115965181913
v 0.0111445779862885 -0.00220706514441605 0.376956082846804
v -0.0163120902887997 0.0069477865032612 0.366669435524944
v -0.0143278812450358 -0.00448063416635543 0.378213326814458
v 0.00629434143890824 0.0202845053628542 0.353449516136587
v -0.0180997233584276 0.0183457415866401 0.354958268975768
v 0.0334176460649408 0.0113596265198068 0.363124661842652
v 0.054382687667072 0.025449220389255 0.348686625284571
v 0.0304677038046211 0.0226222181425086 0.351381692827345
v 0.0394383060181051 -0.0129199049837474 0.384329555297469
v 0.0614979861164604 0.00287321609982502 0.372145530030819
v 0.0364249312930566 0.000146615495364919 0.374913218257055
v 0.090373154844191 -0.00743506100877035 0.377528496498451
v 0.110801093371271 0.00984018704181687 0.363626432965296
v 0.0821445534345613 0.0176117960134399 0.356958073432487
v 0.086310280588934 0.00612563177801608 0.368484150246436
v 0.101299203177024 0.033025439378251 0.341202445644975
v 0.0780048269317735 0.0288823342936756 0.345306623431369
v 0.129555844922242 0.0262269464295117 0.347333413288888
v 0.146631611514621 0.043158566079853 0.330102062416538
v 0.124189441704434 0.0377408072147942 0.336141016576514
v 0.139600301707515 -0.00136020576914256 0.363912124117919
v 0.157959804762381 0.0174952468508442 0.348630754716877
v 0.134928620055203 0.0136162909630223 0.357358952347011
v 0.182677457219043 0.00489786014304218 0.338596019136786
v 0.199193881912528 0.0246330217405366 0.322495538933976
v 0.174753682462979 0.0364423571469865 0.332156865844789
v 0.179662386283117 0.0213212125157911 0.337287064911388
v 0.190272019504454 0.0552325536958434 0.314865344765789
v 0.16875458581994 0.0494946068442446 0.323620540420007
v 0.214997600710153 0.0446222511808308 0.306277182719263
v 0.230449373804466 0.0649836712514321 0.290332178321899
v 0.210700589705704 0.0601146941938431 0.303273349383906
v 0.218890627386059 0.011744871999504 0.305400144580257
v 0.235012806979397 0.0322169042777777 0.289921846672528
v 0.217440183232394 0.0282704369022962 0.306502525302458
v 0.253393746522972 0.0197359868904325 0.271488463940863
v 0.269198272437434 0.0403556846910132 0.255777396853723
v 0.250749736892359 0.0528465928161132 0.27423542539332
v 0.252063397516769 0.0362860011524991 0.272831220826723
v 0.265948831685839 0.0734658839765787 0.258172354600652
v 0.248834468558248 0.0693829701585562 0.275147111421585
v 0.284631600118806 0.0609849128470461 0.239607707707517
v 0.300379394144057 0.0813507769230148 0.223414139860883
v 0.283528134815094 0.0776085937531902 0.241430791347901
v 0.287334027873382 0.0277762675069052 0.237003839183138
v 0.303207850589011 0.0481144203104721 0.220717493606981
v 0.286007308902023 0.0443569056793706 0.238264202204814
v 0.321838158407265 0.0349990651073382 0.201672906047769
v 0.338225062968964 0.0548672612819311 0.183983495865024
v 0.319254283713014 0.0682349403299197 0.203847217405386
v 0.320601939693235 0.0516034916126433 0.202662229784971
v 0.333350355737563 0.0882265714016908 0.184820597293477
v 0.317119241720663 0.0848626364280801 0.204672817145932
v 0.353332807574987 0.0748284687935511 0.164323343564722
v 0.363454947727765 0.0948829341000613 0.141126966201712
v 0.348835684887115 0.0914424332392114 0.163659137642276
v 0.35692340524606 0.0409612740461234 0.163953985151761
v 0.37281326682632 0.0605742015041947 0.143633289317852
v 0.355928068709158 0.0579182856024935 0.164439271583468
v 0.388541015799492 0.045143710721828 0.121376459971242
v 0.400958365835369 0.0641527019525379 0.0976128851377685
v 0.383730260739529 0.0805674494692372 0.119576834289135
v 0.388018189844691 0.0626950866181919 0.121303783374042
v 0.388774287645485 0.101953531015563 0.0919375342114217
v 0.376879114182961 0.0989528607275945 0.116987112390084
v -0.344031302256653 -0.0705378890751201 0.10819631445382
v -0.324307671670848 -0.0893489101665553 0.128812417631013
v -0.332651811559954 -0.0810942404521731 0.16184081125432
v -0.338794229913382 -0.075552328847358 0.135385157921553
v -0.314303699399221 -0.0990574970072965 0.097071308792255
v -0.296353288031402 -0.116380920121693 0.115885501044561
v -0.305185993597298 -0.107613458818992 0.146938384106665
v -0.310090674366697 -0.103036428867596 0.122152440110955
v -0.286935663984402 -0.125213033579485 0.163435767665332
v -0.294220075354816 -0.117894494760197 0.195028112981133
v -0.31299678823288 -0.0998434967003071 0.179421938661788
v -0.299827345971176 -0.112621658165957 0.171283447460571
v -0.317589108349168 -0.0910383928429752 0.211230385200752
v -0.325900056194665 -0.0867029017988801 0.187320146393466
v -0.2992519626384 -0.109236152901119 0.226154412951703
v -0.292059620926921 -0.0919923426534553 0.250219305119176
v -0.30643794159775 -0.0927530407072884 0.232322649796796
v -0.275771481587909 -0.134977272193041 0.20942739320647
v -0.279320124877794 -0.125534666984083 0.240105238478714
v -0.288133689746413 -0.12289257627839 0.217990032233904
v -0.256102843055693 -0.138222122838326 0.25259110348951
v -0.249792005927973 -0.120060408434654 0.27783569742494
v -0.272908837449321 -0.107499360189504 0.264855325566607
v -0.266241764159828 -0.124348137178371 0.260266358841816
v -0.258847128228652 -0.0857310502529869 0.28113801879807
v -0.275821400723483 -0.0895098204993519 0.26590828187671
v -0.237719501838629 -0.0979512746432074 0.297082360518361
v -0.222825061762173 -0.0749553023646364 0.313209545565473
v -0.241145401558249 -0.0808455821205346 0.297020261821862
v -0.222199622073625 -0.12716382256412 0.28577448584504
v -0.211209612767194 -0.106185887715784 0.306671427648042
v -0.231268851635367 -0.114017464956913 0.293496449402104
v -0.182030565319808 -0.108297018321529 0.307365100553833
v -0.168476161857808 -0.0889709557578132 0.32699924487518
v -0.197715342668831 -0.084393440891349 0.325478641702648
v -0.190181859648464 -0.0974965365569692 0.317642965413743
v -0.182025173143625 -0.0623329053316415 0.342518531974134
v -0.203251123141951 -0.0686275824783696 0.328735495613923
v -0.152996409872442 -0.0699376946716584 0.345719835997116
v -0.135499103814239 -0.0507528378274055 0.362640105219574
v -0.15931898793313 -0.0563173424015364 0.353803141564853
v -0.139500924139078 -0.0921067769463253 0.324120136996051
v -0.123553606556122 -0.074722904279602 0.341927714093702
v -0.146269188364991 -0.0812798327256881 0.335038653832289
v -0.095025130105104 -0.08047385567177 0.33658047940719
v -0.0768100303931493 -0.0649470293058516 0.352621996880527
v -0.10569739543501 -0.0580919635448031 0.359014856383922
v -0.100375437056122 -0.0693311277863552 0.347758306577817
v -0.0859852242901181 -0.0415843375839129 0.374456215868384
v -0.110978942353069 -0.0458362811628499 0.369421509805458
v -0.0568670951604896 -0.0502819600767593 0.368305656837953
v -0.0353679569500737 -0.0353680427395798 0.382526790180952
v -0.0608044914841911 -0.0382489997908722 0.379044205977147
v -0.0490568727182096 -0.0728663730595135 0.345407596202731
v -0.0288381796929795 -0.0588499097698195 0.360195499361566
v -0.052944726298943 -0.0615562745851457 0.356819197553714
v -0.00202825171416794 -0.0679710769133249 0.350947028634189
v 0.0199677689977276 -0.0549317896353224 0.364399676993687
v -0.00711938377389142 -0.0453717294406137 0.374610531055684
v -0.00453426748084902 -0.0566362516348152 0.362733288998191
v 0.0160218376909844 -0.0306937122868494 0.386044142905926
v -0.00973781198132195 -0.0329119597030282 0.385134561711931
v 0.0434130913380549 -0.0422557437537627 0.377286684966148
v 0.0676700472364661 -0.0260841538153063 0.384205285188203
v 0.0418343403342355 -0.0284627146585526 0.385768658972668
v 0.0457391914658956 -0.0650702368267903 0.353143681836392
v 0.0694613726916972 -0.0528478844961448 0.365336699523682
v 0.0446493935079607 -0.0536606345809231 0.365238019757602
v 0.0939141320196047 -0.0644450220138193 0.352314996831078
v 0.119087884341397 -0.0519575694649096 0.361624311411027
v 0.0944898096972954 -0.0394354595016069 0.37552034508133
v 0.0943484451679174 -0.0525723363737508 0.364596122594816
v 0.118534001987973 -0.0206869142731884 0.374618482508996
v 0.0933815826084077 -0.0235302498717594 0.380750949409976
v 0.143522336353458 -0.0347429982546848 0.361901159541018
v 0.16490392084348 -0.015038094199895 0.35341301929043
v 0.142717236081724 -0.0180820886583007 0.365770812416321
v 0.141577088584324 -0.0645404394933641 0.34524081021502
v 0.16568757160046 -0.0481480609694307 0.345085472100302
v 0.142868985121287 -0.0502153938681479 0.354536271602242
v 0.186514342476158 -0.0616649016260563 0.327760016962547
v 0.205239373653381 -0.0417013306671448 0.316879712654808
v 0.185866328995665 -0.0285346467733148 0.335759060923617
v 0.18663413965223 -0.0452236259782804 0.332499047675824
v 0.202604067017575 -0.00842739615092435 0.320895109889594
v 0.18456160387325 -0.0117927525739794 0.337861843028628
v 0.221573103500983 -0.0213876403764346 0.302320834579676
v 0.237359131237007 -0.000906254926513791 0.286861461912584
v 0.220108265255712 -0.00479985328488302 0.303869371018192
v 0.2245605811095 -0.0547395304247978 0.298560605093836
v 0.240632118050634 -0.0341506926586603 0.284174933893691
v 0.223162785938944 -0.0380307360338363 0.300645214034159
v 0.259109289128829 -0.0466349662324881 0.265854042656858
v 0.274376181303908 -0.0258576342721516 0.250454686850963
v 0.256061870207935 -0.0134006461784767 0.268695129648235
v 0.257538534965069 -0.0300073128657213 0.267304468918901
v 0.271909172965649 0.00726547331829722 0.25323103884026
v 0.254667898910443 0.00318103290366307 0.270064576397017
v 0.290074524230985 -0.00533781676085533 0.234899807601938
v 0.305755417873425 0.0149744229689084 0.218566089362768
v 0.28871719014352 0.0112159587323909 0.235927422538647
v 0.292294019460941 -0.0384376134133678 0.23228442823671
v 0.307754065121468 -0.0181123365245121 0.216475127534401
v 0.291404859504336 -0.0218891451434303 0.233849226820677
v 0.321323428102134 -0.0307855715799275 0.195348391925544
v 0.337809813925897 -0.0116206422796916 0.178958496187943
v 0.32365478582687 0.00180759397740516 0.199933416769962
v 0.323414216521202 -0.0147119481877081 0.198309182078089
v 0.340018970389024 0.0214453331845827 0.182465123065941
v 0.322926851609329 0.0184080705155126 0.200855820847326
v 0.354640895834109 0.00740934022453874 0.161199161912032
v 0.371810960998697 0.02631137348857 0.142079065876226
v 0.356626967120579 0.0240745816651791 0.16299513119515
v 0.343592103934046 -0.0233464405269008 0.154112613653269
v 0.360657607516281 -0.00537047639763521 0.136233180130173
v 0.350374055358848 -0.00858891003565893 0.158219267918207
v 0.357654179343631 -0.0149056868022677 0.10965597155399
v 0.37444443895733 0.00179364641918207 0.0899731440968289
v 0.377858681381178 0.0125482558417794 0.116771708048037
v 0.36859573341221 -0.00185241671469528 0.113361892625113
v 0.394860179707645 0.0301319066624244 0.0958016257050105
v 0.384751636018578 0.02828145743972 0.119617886519594
v -0.287082666816149 -0.125854331973275 0.0874816490142895
v -0.271374277218761 -0.141395722102313 0.106095527290181
v -0.279381773333671 -0.133090312709328 0.133665479662985
v -0.283547432737886 -0.129191999711754 0.110611345207141
v -0.262888395186832 -0.150090845793422 0.0805878050638482
v -0.248279706912592 -0.164648729945328 0.0982442479583931
v -0.255828152913492 -0.156693284022226 0.12350437369506
v -0.259681012804814 -0.153144546811091 0.102073171018986
v -0.24010735903274 -0.171990976219697 0.139447278012758
v -0.246451577630685 -0.165052529561484 0.166061074808854
v -0.262893137930793 -0.149228773044522 0.150447448766024
v -0.251414514507491 -0.160699683769165 0.144846696964254
v -0.269616528564775 -0.142136785172932 0.179199590891925
v -0.274699025282771 -0.13743832821045 0.15655921633537
v -0.251999658070542 -0.157985478063295 0.194069139794101
v -0.255825538472218 -0.149655069314472 0.223264771730349
v -0.263770505827715 -0.146662317345466 0.201471321330207
v -0.228584797656354 -0.179637387751417 0.180191498261023
v -0.23198186305162 -0.170996419966001 0.207544188881695
v -0.240329625190157 -0.168977605659736 0.187066338383299
v -0.208702629377198 -0.179145669546099 0.218255986318754
v -0.207048808856939 -0.164695478734587 0.243248568201232
v -0.232694531072297 -0.159823743699948 0.235120857950721
v -0.220815954583785 -0.169720174200849 0.226649132474077
v -0.229721950980874 -0.145538338215657 0.261886092606074
v -0.24451202202188 -0.149492931192105 0.243828935979542
v -0.201839748300652 -0.147353229590945 0.266243066444532
v -0.193329428811066 -0.127979010084802 0.287256319788605
v -0.21213926899544 -0.137675959578816 0.27605023239289
v -0.180798525565374 -0.165608175903186 0.247380051896814
v -0.17468612703218 -0.147282127994296 0.267665709009744
v -0.191418796149951 -0.15668736990698 0.256707815651493
v -0.148423873199044 -0.147857206310347 0.267635534299381
v -0.138386770645954 -0.130418273966223 0.285391737511896
v -0.165414007629456 -0.128535471065404 0.286936786360736
v -0.15698008514628 -0.138305292699446 0.277137166515243
v -0.15352732728328 -0.110085041691789 0.305752151514969
v -0.173767686795745 -0.118535290390114 0.297019326218623
v -0.12590550607407 -0.113310093271504 0.302822171568037
v -0.111414095211613 -0.0965668741999521 0.319877461812255
v -0.132714601365058 -0.102757562414965 0.313364582019574
v -0.112227896558307 -0.134266530682849 0.282420258835514
v -0.0992428980282954 -0.118363709231115 0.29863621810546
v -0.119068559484621 -0.123975971954572 0.29266818476539
v -0.0737064162372604 -0.124548599461322 0.292665343842934
v -0.0584182638436511 -0.109736580506421 0.307719218408805
v -0.0843464928230559 -0.102669397936479 0.314555715137488
v -0.0790054670806752 -0.113638631007612 0.303604857048626
v -0.0675963103122141 -0.087568710208146 0.330266454838543
v -0.0896899601064267 -0.0916064534134747 0.325532887426275
v -0.0413332674683767 -0.0953288852456902 0.32250381586101
v -0.0225096180267798 -0.0814607965514665 0.336987774897759
v -0.045188247266441 -0.0841142400201649 0.333967964828755
v -0.0337975320223552 -0.117775353519043 0.29954408044585
v -0.0163757669944985 -0.103961818643651 0.313581308051873
v -0.0375254352206411 -0.106530032851215 0.311019411729353
v 0.00712643260296124 -0.113371964274716 0.303530073591217
v 0.026517714357054 -0.10060139750746 0.316609381507714
v 0.00273587669779417 -0.0906042362832023 0.32728256679199
v 0.00498586764752522 -0.101979242982279 0.315428099779948
v 0.0234700285198324 -0.0776451800403796 0.340491478042439
v 0.000392695500158715 -0.0792712082235137 0.339119889950553
v 0.04751267676425 -0.0880882428067604 0.328995036841976
v 0.0700094482686799 -0.0759185589992637 0.340766749460076
v 0.0466918514319208 -0.0765369495889669 0.341054602524681
v 0.0487339170540834 -0.111143026906563 0.304711701878214
v 0.0699642502416919 -0.099187207242164 0.316335380350283
v 0.0482057346365961 -0.0994691341658872 0.316723954458134
v 0.090705133596041 -0.111285303333469 0.303001301971487
v 0.113555204235376 -0.100404834002321 0.313301802635047
v 0.0926257022028649 -0.0877681610218051 0.327487493140042
v 0.0917549059494288 -0.0994988109111468 0.315199371476181
v 0.116627004988375 -0.0769968499255556 0.33811363518067
v 0.0933360835718995 -0.0760994800713699 0.339873716047017
v 0.137739120208994 -0.0900631249062068 0.322729316504798
v 0.162841733537289 -0.0781734599042904 0.329034106736714
v 0.139821652637488 -0.0777269129403517 0.334450608427107
v 0.132734652536001 -0.113627717712584 0.298289525143838
v 0.157189618370523 -0.103520646553684 0.306567014573517
v 0.135370497555707 -0.101923363441555 0.310574050072044
v 0.174472528474573 -0.115566991656936 0.288131637581462
v 0.20002347015845 -0.103847947497493 0.292133900961841
v 0.182652443523342 -0.0919112044053318 0.31199637326247
v 0.17893024904045 -0.104492919513249 0.300702818836082
v 0.205758830054419 -0.0747594261724286 0.309148696322334
v 0.185219637851162 -0.0774415217428623 0.32105416796776
v 0.223726315370842 -0.0873855971846855 0.289615107277019
v 0.243662815571558 -0.0676487064360972 0.280503524823218
v 0.225114308578193 -0.071405453596295 0.295350178998553
v 0.213531486063877 -0.112506023848187 0.26896401958233
v 0.23778755677915 -0.0976861664331065 0.266806818502928
v 0.219656194647921 -0.101306546213504 0.280516745701341
v 0.247112869511401 -0.104887085874969 0.241658875583668
v 0.269587488255579 -0.0890439083723692 0.234972549908664
v 0.259337284045332 -0.0795036040759351 0.259427256472495
v 0.254702925779143 -0.093704919013434 0.251726435918778
v 0.276179800474333 -0.058922724608017 0.246574333435865
v 0.260319824440585 -0.0632954795324212 0.263793442360656
v 0.288228094821859 -0.0700539476562808 0.223934670141222
v 0.304883143855454 -0.0502086202686555 0.210406561466354
v 0.291627520003577 -0.0547458424756943 0.229206083229854
v 0.272753134802071 -0.0942571122064028 0.208176357491254
v 0.291648436343946 -0.0770496366651679 0.19774686630349
v 0.281697307139902 -0.0833374257207141 0.216666249777904
v 0.289751170927781 -0.0813168517175523 0.171303792147469
v 0.307294031782276 -0.0649806475316529 0.158547546427093
v 0.30939573997975 -0.0591852089315897 0.184935444773392
v 0.300078180478978 -0.070840362012941 0.178311904682459
v 0.326617247032156 -0.0412828944414449 0.170339204631794
v 0.316669611125441 -0.0457934243490865 0.190787528568642
v 0.324151777758678 -0.0482505457147801 0.143946955542598
v 0.340918672345721 -0.0316005483164898 0.127646086334816
v 0.334602696822237 -0.0364951821542094 0.149216282347186
v 0.30204291992242 -0.0699631526173641 0.133024278512252
v 0.318119061905464 -0.054077811120946 0.118314513016743
v 0.313135303244002 -0.0592354285988914 0.138543316341374
v 0.311185196172075 -0.0611703253781191 0.0938708228653571
v 0.32649377552273 -0.0464473904287269 0.0773216987026257
v 0.334285489136022 -0.0385478614785447 0.101881209237931
v 0.322677183625301 -0.0499077949033077 0.0978997710450154
v 0.350164253237063 -0.0229246394938529 0.0837523359226575
v 0.346024979105492 -0.0269792707344802 0.105803284980204
v -0.240215662147932 -0.173389166309186 0.0743018412135596
v -0.225589019825146 -0.187645832555856 0.0900960625742518
v -0.233135762989694 -0.1794731960766 0.114095878077121
v -0.236941159117595 -0.17616041719306 0.0942449535801146
v -0.216383050178573 -0.195331911487978 0.0675096351683432
v -0.197052012611807 -0.198697776001694 0.0810724737620342
v -0.207770600963234 -0.198366509661301 0.103825843080904
v -0.212606480917592 -0.19709584787322 0.0857586661959755
v -0.187088298987826 -0.194111311548147 0.114691393445444
v -0.194973430398411 -0.197052305053619 0.139004117121859
v -0.216637184238108 -0.193672255749686 0.128006574374949
v -0.201845642504594 -0.198538088660601 0.12162789699584
v -0.223279334421516 -0.186851587945531 0.15350871590915
v -0.228711401517531 -0.183201241853771 0.133855969014493
v -0.202075658334114 -0.195612660411433 0.164839072201758
v -0.206918482439907 -0.189427966265278 0.191580460874223
v -0.21615806140715 -0.189346827917716 0.17289121332206
v -0.1753588314352 -0.184863921209044 0.146291581961066
v -0.179366667145561 -0.188271406391801 0.17147182738933
v -0.187416511513144 -0.193575328918771 0.155709690682002
v -0.161178965469333 -0.172128051571919 0.174644506678489
v -0.161350661905366 -0.174241008864297 0.199303604830681
v -0.182257565064638 -0.187723332108492 0.197951732786145
v -0.17075588867565 -0.181636429426723 0.186057311540854
v -0.183267203200695 -0.180525884247807 0.224216019080688
v -0.195772980463321 -0.186422837910974 0.208913110773772
v -0.159251156135543 -0.172563448634239 0.224314683153417
v -0.15530170892214 -0.163372916838491 0.247718114055077
v -0.169730824913013 -0.172076103194476 0.236906047624877
v -0.142812483528418 -0.158603683179218 0.198894612850183
v -0.137954046889596 -0.161610779249929 0.221818546219765
v -0.150574400214961 -0.167116806176384 0.211197926540722
v -0.116950127807721 -0.152065339840744 0.218136372075872
v -0.108308324731292 -0.156709345093808 0.239190907185993
v -0.131238928199541 -0.159724199093506 0.244703314597477
v -0.12368020295739 -0.158285213659506 0.231144182199183
v -0.122930664188113 -0.149653614698841 0.265354366425913
v -0.139676574026981 -0.155821067750639 0.257169596666038
v -0.0985991460742129 -0.152215105900994 0.259985298420724
v -0.087152065732235 -0.139556693601491 0.277375575285048
v -0.105354859511967 -0.144280847652224 0.272032502399727
v -0.0864040707262981 -0.153689387022713 0.231551565120043
v -0.0756639204857201 -0.1550859619848 0.251871126574804
v -0.0922451334496329 -0.15592487558476 0.246053321777552
v -0.054140076633155 -0.155812300903153 0.241380828693215
v -0.0412278420651239 -0.15223095007167 0.260594166693178
v -0.0634546236785151 -0.145940392335953 0.270123245946189
v -0.0586344618394386 -0.15385054973012 0.256713321108433
v -0.0495037724594259 -0.131986033695905 0.285219808662727
v -0.0685012550432716 -0.135479970479214 0.281711120889767
v -0.0267847612062465 -0.14045269424824 0.276453347549201
v -0.0106588272058581 -0.126716339845391 0.290188361634403
v -0.0302088957189691 -0.129071862886026 0.288028496418589
v -0.0205416135625318 -0.155439477969238 0.248256855534452
v -0.0055578579447741 -0.148712679438679 0.265713384912255
v -0.0235151549979092 -0.150435875691674 0.263565327190194
v 0.0139459592178518 -0.153733379918707 0.251921806460428
v 0.0308896252127972 -0.146168958777174 0.267771441341357
v 0.0109188908804389 -0.136485900635011 0.279829537460381
v 0.0125926225301741 -0.147245542202014 0.267099595153099
v 0.0290456291797309 -0.123444577956262 0.292363838033809
v 0.00910645215642285 -0.124855379269636 0.291647452127605
v 0.0492794477152681 -0.134661733330652 0.280680708701228
v 0.0692291854879018 -0.122881386680935 0.292328143326272
v 0.0490941019378666 -0.122869766117425 0.292696713603435
v 0.0488812513532285 -0.15196591434882 0.252256189241819
v 0.0677459293579921 -0.145267238649 0.266876534901787
v 0.049287313153642 -0.145550192525352 0.26773817502693
v 0.0838230652891533 -0.150027009427443 0.24893446545231
v 0.104651672832968 -0.145178112492993 0.262260620685278
v 0.0879715720407235 -0.134884276715519 0.27862274923135
v 0.0862222932085887 -0.145182866440681 0.265064269755918
v 0.109658676823049 -0.123824540333481 0.28863584824101
v 0.0894371742916835 -0.123111690899994 0.290855937111294
v 0.126675949963248 -0.136396332996273 0.273022946110534
v 0.149916907687437 -0.126206584257341 0.281549000135496
v 0.129835752070332 -0.125218771282501 0.285875039618391
v 0.118131127449968 -0.146725582617947 0.241654425750685
v 0.140833354087918 -0.143641888175295 0.252902099894126
v 0.122916757974963 -0.144834421197312 0.258265910355227
v 0.150669460072257 -0.14030552675985 0.230393926498059
v 0.174715419291283 -0.138094984737066 0.238244747140042
v 0.164442240082814 -0.135694698285956 0.261538211986453
v 0.158175621915524 -0.141385353779888 0.246194049213125
v 0.188730662310821 -0.124858146024248 0.266907974477603
v 0.169673099305214 -0.126139354509121 0.275202233412066
v 0.199168025681031 -0.13034360292611 0.243310953290631
v 0.223268649972504 -0.118500437055816 0.244336784306544
v 0.206633379971253 -0.122176233248367 0.256510711329471
v 0.180287401231931 -0.130976917182492 0.215522071263705
v 0.204816620453203 -0.129582676091824 0.218797110277161
v 0.190287705915041 -0.134012764255848 0.229116165937787
v 0.206345593824312 -0.122364443260963 0.195947280030128
v 0.230239298041939 -0.121432117782609 0.194144230013564
v 0.229150195442203 -0.122050663281691 0.219176253111158
v 0.218192831426202 -0.125307854624583 0.207160110040786
v 0.251889040684977 -0.109509906177258 0.215624752635815
v 0.238501703984445 -0.114300360710114 0.230711701005683
v 0.252629024345113 -0.112337283208716 0.189672193379178
v 0.272085879451589 -0.0977611664470135 0.181849168550711
v 0.262975515847092 -0.10384493648303 0.199145633409742
v 0.227673684701493 -0.118322316789017 0.170385794402056
v 0.249829392699116 -0.114142805519556 0.164710519286469
v 0.240805360838268 -0.117822928383455 0.1798970320841
v 0.244096911947335 -0.115659876356155 0.141149774882587
v 0.263563391514231 -0.106075408640591 0.132498291906991
v 0.268807564432687 -0.101431032754583 0.156541604891811
v 0.257336840715129 -0.110176822690066 0.148849472660161
v 0.285425033647799 -0.0856318916487662 0.145856091459247
v 0.279326774301207 -0.0914797470747709 0.164041264249443
v 0.280032266684895 -0.0914989644824961 0.121625430360651
v 0.295880468349146 -0.0764096582296426 0.108695242241519
v 0.291024927205224 -0.080709535188089 0.127382156651035
v 0.256269575693812 -0.111248268184137 0.109914061381027
v 0.273146445329709 -0.0984112887599037 0.0987982259481526
v 0.26880229461554 -0.102123410053567 0.115786191841757
v 0.264577404461491 -0.105851528473132 0.0774410274390716
v 0.279566075161295 -0.0922657697393556 0.0641947603161278
v 0.288193137700245 -0.0837298170361121 0.0857256904928392
v 0.276680022171588 -0.0950545351414497 0.0815871375761749
v 0.302837101196293 -0.0691199009617291 0.070788569543798
v 0.299708328525528 -0.0724518810535137 0.0898170419442108
v -0.186418724796544 -0.193649414273071 0.05987966245451
v -0.171518833213204 -0.179897973453877 0.071021754747215
v -0.17937020741665 -0.187862588299022 0.0920240057812337
v -0.183112931687536 -0.191118429962252 0.0761031826135876
v -0.163011053911451 -0.171049859248524 0.0517203752854421
v -0.148746770885321 -0.156736432623893 0.060680755344692
v -0.156755406141261 -0.165178029594486 0.0797467205848541
v -0.160142838610246 -0.168354038964223 0.065878118424368
v -0.141685510164573 -0.150231318012438 0.0861694379334334
v -0.148402010336069 -0.157396193486353 0.106418749176133
v -0.163993541800238 -0.172770372557726 0.100410202473178
v -0.152842484810374 -0.161529934641021 0.0932771781944035
v -0.170269410881348 -0.179406231845316 0.122605873209028
v -0.175122875490245 -0.183942441219579 0.107558716885508
v -0.154108656961474 -0.16352112121012 0.128003659051258
v -0.158502585241738 -0.168502146746891 0.15079978749169
v -0.16474092707057 -0.174253060355124 0.137053027965653
v -0.132803340899187 -0.14190480597504 0.110361428689875
v -0.137994128504816 -0.147553308726301 0.131350484296424
v -0.143455918015064 -0.152730756022886 0.119120631999319
v -0.122108099719867 -0.131773190304056 0.133066802609962
v -0.125540678529477 -0.135789788531879 0.154405174756364
v -0.141874250118389 -0.152028495526491 0.153312141650873
v -0.132013361292297 -0.141900924781747 0.143107409053465
v -0.143974145669613 -0.155361165311756 0.175986112784552
v -0.151628019062658 -0.162123301672533 0.163781001147748
v -0.126639608794346 -0.139437487803424 0.176225401405169
v -0.12375999229584 -0.144693351733969 0.197671344473809
v -0.134929282054112 -0.149084317235048 0.187381499927701
v -0.10936617198776 -0.120281937167806 0.154253357477105
v -0.108764985317858 -0.125278572777837 0.175275785882126
v -0.118072160350104 -0.129834764226051 0.165217824476214
v -0.090509162802257 -0.113288243245295 0.172560197980092
v -0.0844682139702943 -0.123401571471508 0.190639558384648
v -0.104050487909779 -0.133111700259169 0.195138234535182
v -0.0973526346610193 -0.123150117252385 0.183918118823439
v -0.0960718857224915 -0.143889430916831 0.213107978573679
v -0.110546192034773 -0.143061000819652 0.206309864061394
v -0.0759501557803667 -0.135788883486731 0.20687775645103
v -0.0656905489097661 -0.148530775563586 0.222821028826937
v -0.0810364523813029 -0.146057834162851 0.218447319350267
v -0.0659548755326155 -0.114187456079112 0.184370309078087
v -0.0570685931971636 -0.127108922050245 0.199520829178277
v -0.0709293547667256 -0.124978803508122 0.19570572538773
v -0.0397189262852462 -0.117730098229164 0.191061583537977
v -0.0287404736303754 -0.130829453699894 0.204908007757907
v -0.0463954823689651 -0.140702833843582 0.213858613180743
v -0.0429931118038396 -0.129224267910879 0.202464609599541
v -0.034161697366486 -0.152010414688062 0.229745517740102
v -0.0500634490959843 -0.150632632327641 0.226542500514003
v -0.0160001965920751 -0.143418590738609 0.218717515666206
v -0.00169508582889525 -0.152663235015049 0.234348400933252
v -0.018020231157571 -0.152642135890087 0.232377520000285
v -0.0127860627855532 -0.120043307921602 0.195257931888806
v 0.000204401563988822 -0.132133515259078 0.208376178369033
v -0.0143288888743476 -0.131789618689674 0.206901363332966
v 0.0145535000329 -0.120116906109456 0.197428766502135
v 0.0294324603023329 -0.131150095487316 0.209529349091205
v 0.0149661915751505 -0.143476207766475 0.221392412976671
v 0.0148101171095972 -0.131917316437752 0.209255949298009
v 0.0312698938906023 -0.151367353409977 0.236059494993644
v 0.0147548400595042 -0.15221099584281 0.23558851665054
v 0.0460563546496994 -0.141292093293211 0.221480743946784
v 0.0642478468256182 -0.148581252274241 0.234574152338648
v 0.0477884958560826 -0.150158646568577 0.235729089912381
v 0.0419178572992374 -0.118060125589386 0.197280328527253
v 0.0585035140740076 -0.127995853069694 0.208218933940016
v 0.0440186263766149 -0.129825205632687 0.209200908034919
v 0.0688343024267048 -0.114115788293101 0.194545945500036
v 0.0868966595440673 -0.122964533541023 0.204202529362567
v 0.0767761893354853 -0.137122096233822 0.218765198949295
v 0.0728146886645321 -0.125714826454505 0.206543733957168
v 0.0966944617717304 -0.14414444884285 0.229770271288391
v 0.0805790275552579 -0.146603893378116 0.232584924112753
v 0.106560162186518 -0.130956402299094 0.213160610534537
v 0.127840874417562 -0.137343136494666 0.22173529256448
v 0.112486269175086 -0.141086087906724 0.226140403274118
v 0.0948960596309762 -0.108359502699662 0.189386271173263
v 0.114149900428311 -0.11594875762273 0.197578970055443
v 0.100693922319126 -0.119703126897949 0.201218033433323
v 0.119804890749498 -0.100833559580944 0.18186910495198
v 0.139907033387515 -0.107080796351577 0.188415931929922
v 0.134813234301575 -0.122582201588626 0.204747599328237
v 0.127226625879322 -0.111743442284925 0.193290884003495
v 0.156856819656186 -0.127901109598782 0.210734753378736
v 0.142656550373263 -0.13291280469925 0.216594375356794
v 0.161126489962941 -0.11240357419205 0.193574916889086
v 0.183240321694457 -0.117796685551096 0.19607350831374
v 0.170405974327954 -0.12260697567802 0.204050270644543
v 0.143418274921488 -0.0915760315201648 0.172295731615586
v 0.163976452495222 -0.0973907554039919 0.176319873637033
v 0.152177724523064 -0.102036098831257 0.182957926575126
v 0.165126255172445 -0.0845295909010633 0.157860289748365
v 0.184352636890795 -0.0941640624380893 0.156831699400714
v 0.184807203325039 -0.104684710326736 0.177017817926622
v 0.174907709748556 -0.0945743275494757 0.167569285671038
v 0.205630596739467 -0.113230412912141 0.174527938294147
v 0.19510611053888 -0.114508686586974 0.186216137573622
v 0.202915011936649 -0.105419864855872 0.153186769504202
v 0.222606639312927 -0.114811109132321 0.147848634320333
v 0.214690808102525 -0.113648312272751 0.161553578449987
v 0.181701473917586 -0.0853879339173667 0.136534724028521
v 0.198390748543486 -0.0984177677042807 0.13230887152475
v 0.192159983799983 -0.0955995124856962 0.144907518048147
v 0.19228020008229 -0.0914672566948543 0.112353239428747
v 0.207935822736336 -0.105359161995959 0.106125420666176
v 0.215738598710133 -0.110851036651125 0.126406603626114
v 0.203438819861826 -0.10196001928895 0.119343233489718
v 0.236007900798044 -0.116503222643311 0.11904014534683
v 0.229653696966646 -0.115948327689262 0.13364807979505
v 0.226238265350183 -0.115155486467283 0.0983126371720475
v 0.246571527652012 -0.115335041473135 0.0888095615778834
v 0.241672126002996 -0.11624677109036 0.104075109832107
v 0.199941269504954 -0.0978884156874423 0.0871013394073956
v 0.215956726578461 -0.110481409195813 0.0789522101667096
v 0.212127233964392 -0.108201721534053 0.0926549750231467
v 0.206045428311248 -0.102704414980748 0.0610200144020754
v 0.222199571738946 -0.113635233867742 0.0509412193319966
v 0.234843085522972 -0.116720789765771 0.0691512708433104
v 0.219315869295241 -0.112306357789344 0.0650409223118891
v 0.25400634486997 -0.112904191000058 0.0575823083164453
v 0.250679461968874 -0.114123863438359 0.0732967800277765
v -0.140144172873449 -0.147534484232293 0.0432414281787184
v -0.126053798897116 -0.133226742402309 0.04988686513711
v -0.134164063341192 -0.142150437932538 0.0673351552006363
v -0.137348910514216 -0.145059677979679 0.0553891728646367
v -0.120022416706734 -0.121506697788205 0.0340032978184488
v -0.109672192377582 -0.104799441508507 0.038893515137102
v -0.112445895545798 -0.118157742673872 0.0543303801076277
v -0.116167437256338 -0.120132646429825 0.0441617425785109
v -0.100361799158778 -0.101927801857784 0.057171731612857
v -0.104881520977859 -0.112688817025721 0.0743835902404607
v -0.119412645063722 -0.127482860197476 0.071827270750749
v -0.108724773993049 -0.115649669608672 0.0644250454453508
v -0.126592675744015 -0.135123098755275 0.0905016278588354
v -0.130570782716468 -0.138844446822636 0.0790500659413681
v -0.111470483740518 -0.120234043947454 0.0929468644099564
v -0.117329193446671 -0.126593186220601 0.11253074849851
v -0.122147714783349 -0.13106624365247 0.101665378487254
v -0.0914776822632974 -0.0972090706705857 0.0754222683952768
v -0.0966051261156797 -0.105572837032819 0.0937273417979345
v -0.100851708215935 -0.109319177134753 0.0841618178112101
v -0.0825030695376141 -0.0907744573661185 0.093131643831547
v -0.0873470460440718 -0.0971379533793437 0.112123860589455
v -0.102171563306853 -0.111601072130052 0.113058931007162
v -0.0921105624526081 -0.101498848104452 0.103055170379414
v -0.106724612338728 -0.116277652715448 0.133287062413672
v -0.112198875354528 -0.121645554394384 0.123072211386058
v -0.0914725514340949 -0.101748528214179 0.132016862316802
v -0.0929093562485485 -0.106491390448561 0.152526431591538
v -0.100511378344535 -0.110936962986129 0.143171477236982
v -0.0731703922862411 -0.0829226516208344 0.109956265574794
v -0.0766434669479785 -0.0879767622289909 0.129398374307379
v -0.0823004354121332 -0.0925195392433959 0.120915394332013
v -0.0622135869009525 -0.0750205033377004 0.125520710953222
v -0.0611644457095671 -0.0822247969537696 0.144263925922542
v -0.0768589924760707 -0.0937226302314186 0.149219085831895
v -0.0697194996718362 -0.0842773718796566 0.137372898959951
v -0.0728371039634464 -0.102663056197783 0.167748909326089
v -0.083735666368886 -0.103425870758378 0.160984948937906
v -0.0562375709132701 -0.0926357256950093 0.161216389108158
v -0.0489549158267121 -0.104654252768248 0.176797117231001
v -0.0611039770881271 -0.103320121361912 0.172908295287467
v -0.0462654975326323 -0.071560318685515 0.137604767544795
v -0.0408858940612995 -0.082914893383349 0.153153954700486
v -0.0512587916440532 -0.0822075011198346 0.149335718533633
v -0.0272092716493098 -0.0721492494044896 0.144670082078359
v -0.0195925942395811 -0.084481153865085 0.158540942181977
v -0.0334464676952854 -0.0948117975131934 0.168078986751303
v -0.0303187459856487 -0.08365487447925 0.156258680177898
v -0.0240174590265432 -0.107509521687404 0.181851699637329
v -0.0365588550512271 -0.106190909771486 0.179659955443438
v -0.010042283608627 -0.09676275894526 0.171878509237858
v 0.00137159747750319 -0.108635070017742 0.184900749932686
v -0.0113678423628143 -0.108346875420843 0.183602778927504
v -0.00759121263152307 -0.0726616285157485 0.149459274883139
v 0.0020768515667172 -0.0849140363216734 0.162008345680582
v -0.00876943026451004 -0.085117361474876 0.160247643697995
v 0.0120533885032599 -0.070841712828205 0.153965713264411
v 0.0240032101703278 -0.0830455302047304 0.163809479599233
v 0.0136645602582844 -0.0963215437141089 0.174297162924498
v 0.0130020591561262 -0.0840570712971877 0.163421230343689
v 0.0269725840434332 -0.107424655253035 0.185982988072689
v 0.0141708671154573 -0.108259332076213 0.185750490228703
v 0.0374280720351331 -0.0941757831293919 0.174120859934838
v 0.0523617831529701 -0.10450825725308 0.184452831233753
v 0.0397262185965705 -0.106180775285202 0.18556320470353
v 0.0322533022069882 -0.0689629142599668 0.153385464980642
v 0.0457957755041569 -0.0806546888686833 0.161516918038928
v 0.0349765788283084 -0.0819711534728993 0.163140538808367
v 0.0518409922553361 -0.0666113511313863 0.148553690344758
v 0.0669616548978624 -0.0764713345456898 0.15734903249228
v 0.0607081488506216 -0.0905877349425596 0.171075780679343
v 0.0564395771908505 -0.0787585694115857 0.159576639270244
v 0.0770745350133545 -0.0998496423904874 0.18048903415296
v 0.0648144295445909 -0.102378244193723 0.182739110459706
v 0.0832959177741845 -0.0854466659879692 0.166106718280013
v 0.100916901383159 -0.0935840567526967 0.174369431856427
v 0.0891215072755754 -0.0969235150551537 0.17769540265689
v 0.0711490891546004 -0.0623541009128722 0.143356858320658
v 0.0875434668484077 -0.0710407878404379 0.151540110282987
v 0.0773419797034422 -0.0739293969143606 0.154646621970445
v 0.0899507564398384 -0.0567373629988968 0.137065671048214
v 0.107421832473715 -0.0642277926641557 0.144366444342393
v 0.105046238164117 -0.0788241387895656 0.159296554450532
v 0.0975722204056143 -0.0677834923633883 0.148129517404359
v 0.123688120245577 -0.0857073666925931 0.16628034012536
v 0.112439768834457 -0.0898363055877993 0.170555495687154
v 0.125879499874239 -0.0708930296487894 0.150801765494859
v 0.145289584122138 -0.077143761657999 0.15574659311592
v 0.134656767868428 -0.0812385613458893 0.16154347249624
v 0.108209797645232 -0.0500446548562718 0.129620571296683
v 0.126473885712176 -0.0570256524717543 0.135049058011551
v 0.117075860402566 -0.0604819715449149 0.140152242256859
v 0.125406404558036 -0.0445586320126123 0.118831294040684
v 0.143346933019398 -0.0535361558655064 0.120595555594425
v 0.145341805772097 -0.0644556998081519 0.138395384730317
v 0.135387369832142 -0.0544754944986616 0.12860127330543
v 0.16399090616495 -0.0738627293674292 0.138768407056229
v 0.155266786807885 -0.0744529705419769 0.148175540599894
v 0.160618778376165 -0.0646096539657801 0.119844033504338
v 0.176935918047797 -0.0774074274336116 0.116985366185086
v 0.171225509869303 -0.0749740667029628 0.128216809255561
v 0.13920819763793 -0.0441368876313785 0.102898561536863
v 0.155211184952117 -0.0562312796786569 0.101536718333782
v 0.149941781426831 -0.0543131192493109 0.111396046013709
v 0.148309034678876 -0.047889882918264 0.084165555085759
v 0.162778346300836 -0.0614528940922644 0.0809229705229618
v 0.170415809586522 -0.069647432900465 0.0983924272326645
v 0.159379275767822 -0.0587478554064448 0.0913245519505431
v 0.185188544334418 -0.0837370712846567 0.0935728616556267
v 0.181395384483625 -0.0805613444583989 0.105382199072017
v 0.177240547315819 -0.0752628505819661 0.0760343333399571
v 0.191713544430697 -0.0890476629534224 0.069412860946446
v 0.188628160742575 -0.0865738040716021 0.0815819397470657
v 0.154305790273025 -0.0526939318273746 0.0645906145816153
v 0.168543089676598 -0.0661839420610205 0.0597464985843666
v 0.165799050354215 -0.0639666842836201 0.0703907421167162
v 0.159465735804216 -0.0563583017892289 0.0446935579145568
v 0.173289800991201 -0.0694699510312821 0.0381243382119978
v 0.182767976489416 -0.0795426605843429 0.0530872627909776
v 0.171077054357606 -0.068005655545778 0.0489925399863416
v 0.196720571402736 -0.0927506596326876 0.0445865574464366
v 0.194419759144884 -0.091114747222849 0.0570716338977315
v -0.113373958408652 -0.0883023756971291 0.027473458409276
v -0.1079329536463 -0.0702498112883798 0.0332304154370761
v -0.101580409796524 -0.0869771564255034 0.0431300336816583
v -0.107345865374166 -0.0877752148072361 0.0351922876620397
v -0.115452253563753 -0.0534039341432501 0.0250414711037447
v -0.103025143626431 -0.0519927271889777 0.0386753521847859
v -0.109199218027353 -0.0527486415097817 0.031842388138442
v -0.0912393490345536 -0.0500945299429756 0.0527276327748437
v -0.095597865948661 -0.0685719065491553 0.047572710100074
v -0.0970118608906708 -0.0511155177007609 0.0456139556769151
v -0.0907002724547441 -0.0844220179491447 0.0594179320098013
v -0.0960473149424729 -0.0858693222662243 0.051227719152934
v -0.0838619904474778 -0.0660223728696581 0.0622985233856377
v -0.0803702675123018 -0.0804168826218748 0.0758193093936113
v -0.0854975520040193 -0.0826084230877397 0.0676440292970554
v -0.0797662206117076 -0.0474026024917183 0.0668481241063631
v -0.0855266423466972 -0.048892884980183 0.0598391118552863
v -0.0676198420786167 -0.0433878577649891 0.0799426861041896
v -0.072437978622617 -0.0622750395617887 0.0769643061614099
v -0.0737832498880811 -0.0455587162531253 0.0735569450259561
v -0.0703017039147852 -0.0748766624195382 0.0918095529025552
v -0.0753020148589278 -0.0778357816766053 0.0838870309294619
v -0.0611284574559567 -0.0573000545642368 0.0910537426349136
v -0.0604795356024573 -0.0680100683190131 0.107108614260408
v -0.0653807134651566 -0.0715709145588671 0.0995592427068137
v -0.0553127535961066 -0.0384862218282532 0.0923066517905359
v -0.0614205405206731 -0.0409901752641459 0.0861331552427868
v -0.0430094627152127 -0.0336130100935699 0.104485949866191
v -0.0503040839628821 -0.0515232776968754 0.104819419158971
v -0.0492665068008103 -0.0359736320918946 0.0984838205483503
v -0.0488860919763353 -0.0617939979942168 0.120922830071499
v -0.0551665204109853 -0.0645622438493507 0.114324144680849
v -0.0377612264922881 -0.0468549333454577 0.117057674579184
v -0.0330954801011053 -0.0594937283830825 0.130842599115734
v -0.0414316334640483 -0.0601291190957566 0.126497191713585
v -0.0295322143332547 -0.0299367945771361 0.115711844791513
v -0.0364522916594195 -0.0315727632634674 0.110278930992112
v -0.0151802157186777 -0.0274813757297095 0.125909815524812
v -0.0225121634860651 -0.044673730772568 0.126261211053053
v -0.0223386839076176 -0.0286369039167581 0.120804467961468
v -0.0155540195922663 -0.0591639427758786 0.13745512225461
v -0.024357844371561 -0.0593434539752388 0.134300241281608
v -0.00700604967395988 -0.0428489930025581 0.134833106660733
v 0.00168087096296168 -0.0573165861129611 0.144489794486194
v -0.00686981102784699 -0.0584895464178237 0.140836570205348
v -0.00137553793355217 -0.0250780770955593 0.136854765776569
v -0.00824786466418824 -0.0263056899379607 0.131314002234333
v 0.0149592605708792 -0.0228950428978868 0.142342202581706
v 0.00864418517011291 -0.0402853239202115 0.143094409548566
v 0.00627763028113021 -0.0238962236544088 0.141236934010363
v 0.0199757426233329 -0.0552039412556444 0.14751529206399
v 0.0106098320544847 -0.0561354634316218 0.147102763291166
v 0.0262806778230269 -0.0386302331168862 0.14191499926963
v 0.0381658333616987 -0.0538341803323549 0.14300722332205
v 0.0292814162451914 -0.0544396628138269 0.146149693905628
v 0.0309683818653054 -0.0216811210582141 0.135404960047199
v 0.0234709559058886 -0.0221725903351497 0.14014924993806
v 0.0452910991827566 -0.0207079666563508 0.124887738643289
v 0.0420600455707645 -0.0377907407160339 0.133138863891014
v 0.0380052698664386 -0.0212619042996821 0.129957024348085
v 0.0557991928087956 -0.051731040465949 0.13622281395789
v 0.046887026562385 -0.0530913915315094 0.139352795773652
v 0.0582026937699199 -0.0358434778072065 0.125011423369873
v 0.0733759726647516 -0.0479688317415642 0.129573639015196
v 0.0646359399338984 -0.0499901834042783 0.133003492598256
v 0.0601615692013937 -0.0189512776106791 0.115472613560878
v 0.052735190816999 -0.019875366319907 0.120189179536658
v 0.0751455844092801 -0.0166695475072955 0.106364060023955
v 0.0743576318439856 -0.0328217846540643 0.117048344911502
v 0.0675778679621539 -0.0179835230698914 0.110723297771174
v 0.0907974231542124 -0.04250766770092 0.123035864080202
v 0.0821333720290216 -0.0454534061898777 0.126312980317796
v 0.090439481514807 -0.0283962158598075 0.109508015929389
v 0.107508723137194 -0.036989647239448 0.114582915065694
v 0.0992738117613648 -0.0395817169583063 0.119218736447108
v 0.0898708664066438 -0.0138454951290701 0.0971640067944199
v 0.0826203015935204 -0.0151551493858876 0.101986828026047
v 0.103269148797229 -0.0119094499259656 0.0859442972147501
v 0.105539051919223 -0.0246912555124693 0.0996851173329303
v 0.096839159190333 -0.012726409457756 0.0919011784300969
v 0.122523249201224 -0.0336714005090593 0.102332184470138
v 0.115401863841025 -0.0347654591698705 0.109099646590016
v 0.117811618725988 -0.0238998842107325 0.0860667547187383
v 0.133190355219555 -0.035463764866442 0.0858105834405512
v 0.128420679966766 -0.0341242330989225 0.0943900177164085
v 0.11358445150909 -0.0119515161240258 0.0716115943257998
v 0.108702758088187 -0.0118401355556408 0.0789934609371995
v 0.121918793710886 -0.012800371721472 0.0559704754988074
v 0.126569021311253 -0.0256630812184468 0.0698682548570411
v 0.118003825271229 -0.0122453883862083 0.0639246517659243
v 0.140362588076657 -0.0390933922145794 0.0678513901192796
v 0.13719908447785 -0.0370835210146853 0.0769401314577771
v 0.132990456081997 -0.0282822447121793 0.0527363002745215
v 0.145703439789133 -0.0427566487328595 0.0493390773786599
v 0.142972841091749 -0.0411772468514823 0.0586116759210335
v 0.130599627717674 -0.0130850039287054 0.0403576601161467
v 0.125910351520716 -0.0131494739218625 0.0479921954610101
v 0.140062627736905 -0.0128262635300762 0.0251450519004742
v 0.140434564548227 -0.0292918332137066 0.0358636900727986
v 0.135321628472141 -0.0129838327024261 0.0327443820179918
v 0.151671150162611 -0.0445263712789588 0.0309439005281935
v 0.148768819754347 -0.0437741332278283 0.0401640325461111
v -0.232245436258223 0.1098064744568 0.0790078205761005
v -0.259711880908302 0.11650462964566 0.0906922523020626
v -0.274172103303104 0.103700409545138 0.112012328273548
v -0.250876014689248 0.108415697410215 0.0972762598662014
v -0.249011011897682 0.129080613178562 0.0700427406980179
v -0.273162618850479 0.137445497515596 0.0844724810043966
v -0.289511157337496 0.121071662454623 0.100390419338847
v -0.267488450339973 0.12600773190944 0.0860453682351077
v -0.319538977694078 0.12687471995188 0.1135021871464
v -0.339066306854656 0.107438254714647 0.121553798008204
v -0.30653199043563 0.104398478131797 0.116063686739658
v -0.313740875095774 0.114735300225847 0.112473797262214
v -0.323866837617524 0.0878059670691403 0.131582409165085
v -0.298859021623753 0.0958870204956446 0.122880291653376
v -0.356984137473536 0.0881106701827618 0.129907535479404
v -0.372865416919511 0.0681563337931364 0.137079654568708
v -0.348739787213963 0.0791083346697555 0.137379436785839
v -0.371240255568694 0.109761307248805 0.126010343270295
v -0.388270527701509 0.0879334069788216 0.122467915777074
v -0.364305512241338 0.0983761786682611 0.125547811350882
v -0.416438593169582 0.0881896907077913 0.109630930830808
v -0.427772878990002 0.0677226773540707 0.0980059652164855
v -0.402576630825806 0.0662871722599491 0.119273671888275
v -0.409432327606828 0.0773054022803768 0.112617564345992
v -0.413186688003521 0.04292468902391 0.113939560224023
v -0.394458812299176 0.0548695024865529 0.129141094682452
v -0.256517068832739 0.153270931576341 0.0688563349408765
v -0.277694199663906 0.164054487958854 0.0890847962866501
v -0.29832662735221 0.145637653254392 0.10353506244813
v -0.275960060228432 0.150095875691842 0.0861382972129815
v -0.259273837838732 0.182714585195155 0.0724963998432169
v -0.28184289956846 0.198724837376627 0.0949100553607459
v -0.302875548677581 0.175972718216482 0.113238832685647
v -0.27959373891192 0.179971348153997 0.0920449524562761
v -0.334852704679024 0.190057856208579 0.135265735219562
v -0.361204486893144 0.161000004782096 0.143430941214097
v -0.326543739673426 0.153456324340076 0.125999332676279
v -0.329898047636959 0.169887394803661 0.132606474871007
v -0.350578589342879 0.131426676360512 0.129302096757243
v -0.323389538163005 0.139555472820757 0.118900263396512
v -0.385338443187941 0.133537704771279 0.137405829494556
v -0.403472275365088 0.109809633161941 0.123504864027416
v -0.378174103736671 0.121053314346873 0.131115800416288
v -0.399395162112149 0.167883608505217 0.139829571947236
v -0.420738540587344 0.134952646058877 0.129755983238923
v -0.392656077064613 0.148963227355129 0.1410149142323
v -0.454378373744691 0.134617733652301 0.112649720487686
v -0.46426641492745 0.104585897817805 0.0959798220742426
v -0.434277870545582 0.108769236139183 0.112174660850229
v -0.445249670260901 0.119923881674234 0.113759651784712
v -0.442186339358495 0.087480741897249 0.0938541873867095
v -0.424680230464591 0.0985138077166108 0.11010423587608
v -0.265008919662016 0.223854943513349 0.0763131802099136
v -0.293184660337419 0.245848377687015 0.093450746493086
v -0.311890667095635 0.218909043674551 0.115455949578659
v -0.285914802778031 0.221789329045829 0.0961916426025783
v -0.283400683138613 0.2677674632563 0.0728814476246512
v -0.312216651828246 0.283708387631726 0.0747489190335904
v -0.329754678347494 0.265007958438671 0.0957836655998661
v -0.303466138328135 0.266893922874614 0.0861594288347285
v -0.366618236816473 0.280288188189856 0.0859150033908892
v -0.389639903833896 0.252301558233428 0.107608237242547
v -0.3510301174094 0.237784056912869 0.118594908417319
v -0.359386396099719 0.260038885506187 0.102881272368722
v -0.37501416972031 0.204742897220432 0.136407114403304
v -0.342440344449334 0.21378563361326 0.130062802562736
v -0.411119675206476 0.21427100999913 0.119500691648908
v -0.432544792230373 0.173110480952752 0.120059617582571
v -0.405279189267679 0.190340099281232 0.131796044426889
v -0.423056345847192 0.260285296212968 0.0872417912670391
v -0.441759717045547 0.219949790745969 0.0947704303460535
v -0.417192366102276 0.238146403231834 0.104428366603836
v -0.468901144130774 0.221379753881828 0.0685885669760764
v -0.487891231390827 0.182124481949775 0.072999390729778
v -0.460910651386267 0.177809905239157 0.0953855324851062
v -0.464473348699021 0.200452554443197 0.0826583165120645
v -0.484409222357511 0.139227609876191 0.0950041574679563
v -0.458446956140532 0.155031958838384 0.105990986441562
v -0.517614312790596 0.184995437366918 0.0583877138975714
v -0.539049493983551 0.156753227608743 0.0724677869759841
v -0.511700600356335 0.14888822259395 0.0825331773344977
v -0.513867885063671 0.167578081013973 0.0706312817250448
v -0.563371098132248 0.1607628335161 0.063074719443039
v -0.576852532880987 0.141202926212508 0.0706315885942107
v -0.558001429224557 0.1327253296175 0.0822453914858371
v -0.560163195989884 0.148030423060171 0.0738990021981384
v -0.56918986398987 0.112547144516205 0.0772371024991263
v -0.550273692121748 0.102812871452573 0.0787867868431809
v -0.533881392758313 0.121695099929352 0.0876961396154122
v -0.553845127056774 0.116978031344469 0.0841846458791272
v -0.509313311496662 0.108829037359496 0.0870323845501902
v -0.510233771833647 0.128628101775874 0.0901287733271524
v 0.378949185413378 0.15434321567542 0.0688197475269028
v 0.36862360355751 0.18478401600814 0.0651740487209041
v 0.352472186191955 0.170103950947784 0.0832882305692041
v 0.366401581907523 0.161503131492958 0.0783239254186307
v 0.378647320561182 0.206087201390856 0.0473029077318109
v 0.368295932085677 0.228681633787036 0.0440677514534995
v 0.359057525815172 0.209535813647962 0.0576822703719852
v 0.369476255248397 0.207572862365094 0.0539000896795893
v 0.34946685274905 0.22833201597614 0.046905316154649
v 0.335491123347966 0.211992045060542 0.0574088699234013
v 0.343490322758157 0.193829234518473 0.0715444977270569
v 0.347540243672723 0.211049495058384 0.0585342339284987
v 0.322856443150872 0.182847681006398 0.0837485114807836
v 0.337864206428838 0.177243663662349 0.0849446773967494
v 0.315817683495786 0.199712610793687 0.0681340299796373
v 0.292342045548616 0.190587966412335 0.0760916798437496
v 0.307692041890203 0.187340354272438 0.0809025976334848
v 0.328653663009591 0.226138999687536 0.0438786027071715
v 0.310947743147886 0.213016860305136 0.0525024113900227
v 0.323155577647632 0.212577830337704 0.0555642392485975
v 0.308481992719132 0.223495406569519 0.0374031554033129
v 0.291507992104807 0.210369923779814 0.0392984824068296
v 0.289389073049371 0.201711187586314 0.0573183102595798
v 0.29990770020259 0.212418499448252 0.0471274176745504
v 0.2674952892559 0.186964551976591 0.0560488716131673
v 0.277714185903946 0.190419826099336 0.0678504363053707
v 0.37105676361539 0.247609497177589 0.0314541798789217
v 0.359007743863261 0.261123662491646 0.0271142193138184
v 0.356811451104553 0.245792680189911 0.0368733617671024
v 0.364390501835281 0.246695131015901 0.0351067545317338
v 0.357896875393169 0.271956931175302 0.0187462855077253
v 0.349126270376828 0.278975181175313 0.0145022083811582
v 0.348041647451525 0.271466698276466 0.0203684208491528
v 0.353517079617446 0.271660869164529 0.0202934819321373
v 0.338873878955584 0.279408925614888 0.0132511881585405
v 0.336091987037844 0.268637714269916 0.0191119867623864
v 0.345817592685249 0.258591328623561 0.0277926588842811
v 0.342221870004905 0.270372582686615 0.0198995978165878
v 0.340008668382186 0.242482038480502 0.0353702846480525
v 0.348574480988889 0.244426107226364 0.0367883682045565
v 0.331146283898787 0.254110739995292 0.0252014731199467
v 0.322188651356388 0.238275806387433 0.031749021408449
v 0.331109840263363 0.240311593010273 0.0337145050660429
v 0.327980284452817 0.27609422234457 0.0121815096279469
v 0.323603725742262 0.263569337885235 0.0168993870108528
v 0.329755071935231 0.266346564220317 0.0180484345628812
v 0.318100446516472 0.269077150834575 0.0111631189904919
v 0.313787232218334 0.257686285633227 0.0135092205277821
v 0.31691343200308 0.248997456429396 0.0213649833515829
v 0.31810006645405 0.260296042046801 0.0156740739013012
v 0.307624106142683 0.233701997991605 0.0238921251625778
v 0.31402965654151 0.236107995641936 0.0286161530458523
v -0.134809247469789 -0.03759147656113 -0.0156805382586244
v -0.13201211913206 -0.0197349405980705 -0.0235662416254982
v -0.138312835686391 -0.00342090382672048 -0.0156072722450648
v -0.137505243996198 -0.020671204339848 -0.00644014479393312
v -0.136319464975376 -0.020422454536615 -0.0155010111253135
v -0.124946722714435 -0.0362461355427012 -0.0310807638279198
v -0.129354854736475 -0.00164644399168375 -0.0317748708143554
v -0.126379657993408 -0.0188318069736833 -0.0307190318989526
v -0.144330234351075 0.0282325232139839 -0.0386113353622444
v -0.138742116737527 0.0137642792434148 -0.0254682691824518
v -0.13524357882767 0.014383801638342 -0.0345841986853436
v -0.148327529037876 0.027998588479059 -0.0172551490186998
v -0.143020367668172 0.0126558106667659 -0.0063924296341525
v -0.141970984761464 0.0129836774056734 -0.0161850174338119
v 0.14404200563854 0.0051380326066155 -0.0279632428406861
v 0.150125333315417 0.0223595673912574 -0.02119139899889
v 0.144898247816593 0.0396375323953713 -0.0285144626789022
v 0.143994932244348 0.0223931667442584 -0.027879609559037
v 0.155507391989981 0.00538841017709954 -0.0139075799017069
v 0.157381960026219 0.022229875852918 -0.00499643578766494
v 0.155298461182414 0.0391882467264884 -0.013637317515263
v 0.155393759455098 0.0223092977148031 -0.0137824504715279
v 0.157705008081481 0.0557192232686281 -0.00439945672288461
v 0.160870043524508 0.0717151846278015 -0.014112876151386
v 0.152916119981396 0.0561172374551601 -0.0222389345893069
v 0.156628814376514 0.055844132765276 -0.0136902452031483
v 0.154790269750408 0.0717691037721276 -0.0330705103694021
v 0.14809124905944 0.0564268326670693 -0.0302812299716859
v -0.156332509297751 0.0407512294415233 -0.0311808534590717
v -0.167196186142169 0.0521123396457218 -0.0202526868857281
v -0.157554307327773 0.0408187860872529 -0.00595743762080989
v -0.157300404350277 0.040901439500743 -0.0186921374558286
v -0.166151738305087 0.0510920514944763 -0.0481519283018182
v -0.155258826064228 0.040072826375549 -0.0432842315742072
v -0.185730738644715 0.0705691786273299 -0.0573634727543578
v -0.176645897857316 0.0619533202861748 -0.0377241317421723
v -0.176399773540729 0.0613831967931921 -0.0529594575852679
v -0.184882173549659 0.071053096925597 -0.023116639597895
v -0.176361256806454 0.0621580508803 -0.00542680173192965
v -0.176607286513783 0.0622102999492721 -0.0217657092327725
v 0.166880107720994 0.0858054705296426 -0.0255300498679563
v 0.176202593105317 0.0969498987776192 -0.0389293555120244
v 0.164717714713583 0.0849984891310554 -0.0361137618233311
v 0.169254732366428 0.0858764404089956 -0.00391512834274073
v 0.179045567875849 0.0986640384421932 -0.0155625939511742
v 0.168658748875625 0.0859630238314929 -0.0147817658200707
v 0.190827111774216 0.110838972112652 -0.00357264026843195
v 0.202156139390646 0.122710618690117 -0.0171130346809889
v 0.189531827557093 0.110035362760216 -0.0290250011949292
v 0.190495985086863 0.110701038073042 -0.0163338172085071
v 0.199921768232129 0.120842473153532 -0.0442287426593815
v 0.18799042576891 0.10884892640492 -0.0415967767420431
v -0.192724755661807 0.0784519600014648 -0.0429477478852759
v -0.197110927404071 0.0853534969051178 -0.0247977727837942
v -0.190568775573409 0.0785181674481356 -0.00490757065841948
v -0.191488118264879 0.0785263832218572 -0.0241400878311188
v -0.20093618608333 0.0857239640714655 -0.0639900068917363
v -0.193615880289966 0.0784667010214987 -0.0609566793512139
v -0.216045696483136 0.101577498578072 -0.0677088842902095
v -0.20526951335132 0.0922812016359423 -0.0457100271901933
v -0.208514783151856 0.0930839093416008 -0.0667445081488538
v -0.207609851646562 0.0999614503384114 -0.0248592543465993
v -0.200683525024546 0.0922757549351441 -0.00445363098914926
v -0.202329607127477 0.0922540385644115 -0.0250491879352954
v 0.213242886368378 0.133965887543989 -0.0324579113402497
v 0.22434946264213 0.145162207270116 -0.0493521997560035
v 0.211955810894352 0.132843478714181 -0.0468813975528997
v 0.214029882333652 0.134651853098748 -0.00328644184543011
v 0.225638093020595 0.146356164629216 -0.0185371852465335
v 0.213883273750589 0.13455627269727 -0.017909645629781
v 0.237329633081051 0.158119290108594 -0.00304575039692616
v 0.249005522106048 0.170162871638678 -0.0185656486054512
v 0.237315976335173 0.158265784030303 -0.0348644924276995
v 0.237326467696529 0.158247186110428 -0.0188185265698219
v 0.250321904265024 0.17141049045727 -0.0514722990056667
v 0.237366161110077 0.15803229866827 -0.0514645511260676
v -0.431598911698041 0.0186850367411778 -0.0334560618362153
v -0.415493361876975 0.00337242647063151 -0.0661079659676573
v -0.402369521529244 -0.0121471735875433 -0.0339380695238515
v -0.418335731982408 0.0036337284798797 -0.00241021308068696
v -0.417890152141095 0.00374802113576732 -0.0339398461107546
v -0.420269096387936 0.0228057647685521 -0.0983710487780887
v -0.396267227593478 -0.0156099060749205 -0.0970118001014633
v -0.409208385623477 0.00377920084385676 -0.0988361864033338
v -0.36573464122192 -0.049616170483099 -0.0917166930206068
v -0.384518099743987 -0.0303106751183454 -0.0641208495791779
v -0.381386531143696 -0.033360441813304 -0.0945619550741179
v -0.369470964076542 -0.0445642398674198 -0.0329975457252154
v -0.386299073148015 -0.0281181030545107 -0.00313862103196121
v -0.38595766450082 -0.0283907576530019 -0.0336096518321595
v 0.396253898596036 0.126559771485105 -0.0715878248481865
v 0.415219456252331 0.104171952167232 -0.0540485381990851
v 0.410016816663719 0.0844319677363534 -0.0814366151888
v 0.403345202813866 0.104303556974225 -0.077752055754994
v 0.418214433758166 0.126639364524706 -0.027778625851333
v 0.426359587599359 0.103783188068969 -0.00463476128878662
v 0.428004692502576 0.0840171613724519 -0.0312736614724106
v 0.424120854289015 0.10410650245547 -0.0298928507464106
v 0.429692414632301 0.0653779868275961 -0.00492319961411778
v 0.421556638988185 0.0492715654935907 -0.0315937241965408
v 0.421715165161899 0.0658574591171052 -0.0580113543407967
v 0.427730503482524 0.0655691472306533 -0.0318370749506312
v 0.410584782703313 0.0485347391112724 -0.0832340656011713
v 0.413011787881624 0.0658806953924715 -0.0833411974734403
v -0.352174977388658 -0.0620891730675684 -0.0603741557060023
v -0.337547559945198 -0.0762013589270761 -0.0311700175150536
v -0.353255405404279 -0.0598140976831604 -0.00387073392956918
v -0.353520591695276 -0.0606746944395511 -0.0321486006393686
v -0.334190300491249 -0.0796279580914889 -0.0848398801181435
v -0.349770447272001 -0.0646701871962022 -0.0884381638164333
v -0.304450954148787 -0.108414417304779 -0.0776816549152384
v -0.32096857626043 -0.0924153500539506 -0.0556707448554359
v -0.318998996582987 -0.0942944859399238 -0.081137278138775
v -0.307273108962232 -0.105902634094388 -0.0291697752574524
v -0.322290834015531 -0.0912549716640892 -0.00457314616321075
v -0.322059716036654 -0.0913972928849193 -0.0301354781301129
v 0.407428005766258 0.0343100183923969 -0.0564361395823354
v 0.391611143447414 0.0188530321760838 -0.0795641236390923
v 0.402667447838791 0.0328341818439636 -0.0816835455674786
v 0.411470347640511 0.0354017138529932 -0.00525785084843235
v 0.397165553525768 0.0225773821368277 -0.0302273172448625
v 0.410260215986603 0.035357833932998 -0.0309132296954547
v 0.384302618388105 0.010291073133223 -0.0055390154668323
v 0.370502441787956 -0.00292766727799407 -0.0289434196131192
v 0.382060419544591 0.00828096264761917 -0.0535677088842265
v 0.383775833098542 0.00982805046382034 -0.0295832061543035
v 0.366491357045555 -0.00684004373202809 -0.0753168897619179
v 0.379258602706599 0.00576431907799384 -0.0774330763598481
v -0.292772024529009 -0.120306070958951 -0.0516662320229132
v -0.281163415906962 -0.132307382877425 -0.0278543293949573
v -0.293932248370268 -0.119422322437766 -0.00519608939900488
v -0.293747041554182 -0.119530649056712 -0.0284298214675871
v -0.278472502322071 -0.13436130873832 -0.0726328678736782
v -0.291062964244112 -0.121788007453625 -0.0749037956360369
v -0.255130688335882 -0.158169337707578 -0.0687855263157963
v -0.268215531734873 -0.145050628692751 -0.0490135010064454
v -0.266484292384805 -0.146324683200223 -0.0706679362566181
v -0.257507803514652 -0.155913945315239 -0.0269024367915276
v -0.269494047784678 -0.144337698558271 -0.00571748060053105
v -0.269272125381715 -0.144424627268768 -0.0273639157693323
v 0.356220740487649 -0.0168470009596374 -0.0507496338907377
v 0.341700958069389 -0.0312125670947403 -0.0709208297377729
v 0.353961853199723 -0.0191583248345185 -0.0731442364722019
v 0.358059837080525 -0.0150794165576852 -0.00578683718232981
v 0.345062100481399 -0.0277599964258841 -0.0276045788159172
v 0.357628163450291 -0.0154862093925668 -0.0282833945774785
v 0.333114200404694 -0.0394285478267896 -0.00600820215154663
v 0.320681851671796 -0.0517371344772278 -0.0262123790734628
v 0.331499486023364 -0.0409126797722699 -0.0478046938268795
v 0.332760347866443 -0.039796172743319 -0.0269114091795683
v 0.317805685091044 -0.0547425150504424 -0.0663983416986342
v 0.329693390736267 -0.0430578499844607 -0.0686674436082608
v -0.245038348044248 -0.168297851615636 -0.0466284005120619
v -0.234205906943268 -0.178780307410452 -0.0258775787132697
v -0.246089211524759 -0.167265779406555 -0.00618070376519445
v -0.245843737444957 -0.167388563071622 -0.0264123837966638
v -0.232055185387601 -0.181395838555956 -0.0647131340039548
v -0.243572612636192 -0.169785548357416 -0.0668073323852543
v -0.205302335626983 -0.198588615139451 -0.0600513576659638
v -0.221716902417056 -0.19115462558012 -0.0438969418342189
v -0.220030898000749 -0.192451586306198 -0.0624880816313356
v -0.208795702329992 -0.198324672397579 -0.0245891702950726
v -0.222463845053201 -0.189327972917087 -0.00660387837251969
v -0.222506757869267 -0.190011938214269 -0.0252619491393929
v 0.307837467469317 -0.0648754769950128 -0.04484113919637
v 0.294060496997903 -0.0781516513614973 -0.0618149540530289
v 0.305933700624989 -0.0664359196786827 -0.0641163565837167
v 0.308659592766761 -0.0631380521770452 -0.00620705347179877
v 0.29666107092195 -0.0756934171599285 -0.0248304336565746
v 0.308655459065304 -0.0637019327457895 -0.0255223418338331
v 0.28502739660777 -0.0875969834576203 -0.00638246049737362
v 0.272761490707975 -0.0998269082061902 -0.0233962689047417
v 0.283781269393586 -0.088510836879678 -0.0418256649453981
v 0.284715933855371 -0.0877513356509288 -0.0241123359876565
v 0.270139533209406 -0.101480399414807 -0.0571548195394504
v 0.282161902832653 -0.0898631082749528 -0.0594841200597037
v -0.191878531898417 -0.196426159131421 -0.040593672649547
v -0.179829724405312 -0.187911812600515 -0.022794530151998
v -0.193495563534703 -0.198235652998872 -0.00690780572971383
v -0.193075537620663 -0.197548403206164 -0.0237873537775896
v -0.177336801150706 -0.184570808965427 -0.0542395654703936
v -0.189916855001207 -0.194926077912469 -0.0572691721290603
v -0.154608700013126 -0.160922877188484 -0.0479923527979421
v -0.167621450118247 -0.174552033938969 -0.0365389137171976
v -0.165968324923947 -0.172778598415402 -0.051147605963558
v -0.157602684268033 -0.163566592780469 -0.0207466410688486
v -0.168872253981747 -0.17625209108487 -0.00690855516814765
v -0.168633436377377 -0.175731631584673 -0.0217682055330545
v 0.258492925932521 -0.110826024581474 -0.0387920843949143
v 0.240879222104216 -0.116402441273165 -0.052380965457235
v 0.256678103737826 -0.111434474041787 -0.0548101775119266
v 0.260070448993165 -0.110983746981335 -0.00654002911768972
v 0.243910954207036 -0.116626546645472 -0.021911023248489
v 0.259636215147319 -0.11069567165209 -0.0226899757610693
v 0.227784836865531 -0.114365203615926 -0.00659186696057831
v 0.213268143068066 -0.105843240960017 -0.0202046030869836
v 0.226382383598483 -0.11433691365323 -0.0354985231413089
v 0.227446034814165 -0.114483033738481 -0.0210648489737708
v 0.210650761363691 -0.104787157069445 -0.0473530856514845
v 0.224611385149459 -0.113803606676757 -0.0498575687882914
v -0.14534022180256 -0.150453379908106 -0.0322530807933102
v -0.138316403338201 -0.137342917651724 -0.0184965834708773
v -0.147685110594377 -0.15128524334694 -0.00687530003132803
v -0.147070954120506 -0.151101027094336 -0.0196495843204917
v -0.132826027358097 -0.136355089984291 -0.0412061296119089
v -0.143292041178786 -0.149028250267858 -0.044712481401805
v -0.121573346873044 -0.105261526382433 -0.0351661741382066
v -0.129388301771032 -0.121954295113287 -0.0278013045557795
v -0.125195265991743 -0.12170323525775 -0.0377627776694637
v -0.130387211116699 -0.105540929221074 -0.0168795041205432
v -0.133843614362813 -0.122002339113786 -0.00680438551491569
v -0.132706310277192 -0.121958540958862 -0.0175204063172573
v 0.200119788725858 -0.0942122591429676 -0.0321796755897991
v 0.186860052580374 -0.0816686206928705 -0.0423703161057312
v 0.198642269151305 -0.0932971832906742 -0.0448967446439787
v 0.201311057869385 -0.0949535032988024 -0.00646349344230373
v 0.189320732765564 -0.0831855036950066 -0.0184653334624288
v 0.201019972394155 -0.0947374320607604 -0.0193494401480742
v 0.178546375317966 -0.0714887935900079 -0.00628500130116994
v 0.168166732092751 -0.0585538140958333 -0.0165550181553136
v 0.17678368814063 -0.0709672172633857 -0.0287057314223888
v 0.17810122635864 -0.0713370101657319 -0.017543743626983
v 0.163933181172747 -0.0579478063025587 -0.0368659193548944
v 0.175153259611795 -0.0700300910315037 -0.0397366804423084
v -0.126774068799278 -0.0885005037271913 -0.0256523641321143
v -0.131194048928408 -0.0718261586418694 -0.0161365889944949
v -0.131059259130631 -0.0889250241332074 -0.00667769019086621
v -0.130289398445809 -0.0887720127306224 -0.0164961075528428
v -0.122754059490897 -0.0709009623658621 -0.0330406475224963
v -0.121332064269041 -0.0881241486738537 -0.0337747919629835
v -0.129554814623016 -0.0542779017186603 -0.0246124743180647
v -0.123914249201401 -0.053612177783435 -0.0320396359989829
v -0.133800683939362 -0.0549327627906974 -0.00652006777701753
v -0.13312289957186 -0.0547562456729097 -0.015935550342747
v 0.15811056484546 -0.0442286984745802 -0.0247906414689729
v 0.148301270514846 -0.0287986983439829 -0.0308978958251893
v 0.154569399619003 -0.0443243466726537 -0.0337634088116002
v 0.161796204192958 -0.0441056731090926 -0.00597703721281853
v 0.1570726694907 -0.0281286347588288 -0.0148124637330636
v 0.160930402485954 -0.0440770053982331 -0.0155908974644034
v 0.157653149974862 -0.0114470092780088 -0.00550888948747857
v 0.150897225025835 -0.0117135068983928 -0.0218709385895972
v 0.155832724040164 -0.0114807766897484 -0.0142862091338206
v 0.145155677758055 -0.012040619011464 -0.0289043643586101
v -0.21782754736367 0.1096897321246 -0.0444279400776799
v -0.217754400656647 0.120625255514696 -0.0233734484454904
v -0.211222341398752 0.10911965689916 -0.00387382744560303
v -0.213267109785393 0.109325732787676 -0.0241890496226148
v -0.231920766100758 0.121518871268908 -0.0613469228496267
v -0.224148503887134 0.111172468633565 -0.0651973492822009
v -0.241210324938072 0.145658136025499 -0.0568714439032434
v -0.227624133213649 0.133063329745959 -0.041054215918614
v -0.237612457392088 0.133200560014263 -0.0585110271507179
v -0.221782952358708 0.14615951527487 -0.0221594676730924
v -0.218416067624478 0.132732632354454 -0.00314302943988909
v -0.220761917646044 0.133073248593975 -0.0226224506307861
v -0.438820585644898 0.0339431486744821 -0.0630791249236684
v -0.43773615705089 0.0518164058139768 -0.0862639098238436
v -0.429633075621312 0.0387354658892222 -0.0931843759805311
v -0.444118762928069 0.0305359732275063 -0.00174523057320154
v -0.452377265199063 0.0424683772123788 -0.0308455101494012
v -0.44306733576865 0.0315577287417117 -0.0323300753783789
v -0.461354918481567 0.0493889256128706 -0.00119963941489394
v -0.465429655021593 0.0582973442370323 -0.0281043477164796
v -0.4542847314841 0.0559785423136936 -0.0563550103971973
v -0.459737061627565 0.0513918600951283 -0.0293153423172679
v -0.450327142752471 0.0722219783306556 -0.0771760859786468
v -0.444297156635954 0.0627989047850619 -0.0808422341071735
v -0.465403590893639 0.0705554739359158 -0.0527736983046831
v -0.465028758550515 0.0874122432094293 -0.0749120141968882
v -0.456750816642776 0.0803910135268837 -0.0754196615169041
v -0.470983437359457 0.0600175943124271 -0.000852282033627547
v -0.475152220857509 0.0659440319387204 -0.0275806177625688
v -0.469953375048422 0.0630438339223165 -0.0276384601858611
v -0.482863962840463 0.0627885261865205 -0.000654997094188784
v -0.49507273088344 0.0669680540177949 -0.0279426446644417
v -0.481135976754805 0.078721340510173 -0.0523810640537318
v -0.48297771367645 0.0671728916752474 -0.0277467393489787
v -0.491166833478627 0.097016681413581 -0.0737777409507145
v -0.476140586060073 0.0936017422299042 -0.0746713376665084
v -0.229442205647322 0.159178538212125 -0.0404902216185448
v -0.21890422639788 0.17387398627069 -0.0227619911368162
v -0.217276674305929 0.159115283249385 -0.00246770040578512
v -0.220433212718731 0.15937974649333 -0.0223628467651406
v -0.24283797076123 0.172601002963926 -0.0576624255009404
v -0.242397096262729 0.158585044203575 -0.056874947325228
v -0.245928273916186 0.207279529448306 -0.0591925478505042
v -0.229807017734776 0.18977521468484 -0.0416036729992569
v -0.243766129082736 0.188494923000516 -0.0585294659920236
v -0.223848478467536 0.210374558714842 -0.0221814890283232
v -0.21511738575214 0.190753470213976 -0.00169460040174344
v -0.219640248725858 0.190660491947872 -0.0227812997760736
v -0.240418082489619 0.231749237646552 -0.0402463593046196
v -0.250113772601908 0.255442754735998 -0.0190448497071301
v -0.232898256526228 0.232790842024761 -0.000340524512982038
v -0.234216708559841 0.232993794474328 -0.0207539060451698
v -0.260010654531679 0.253594741637558 -0.0571270684948928
v -0.250859176797806 0.230067564138416 -0.0588471354776311
v -0.293155022352919 0.289879063198524 -0.0521813735097794
v -0.269916838645335 0.276406785922026 -0.0362748123063426
v -0.274107984848987 0.274191503877759 -0.0540346631625648
v -0.290338459598381 0.297615034075013 -0.0168392638236475
v -0.269338570335882 0.276724294810635 0.00149725978267633
v -0.269190922238429 0.276902178446067 -0.017557060227931
v -0.316462888609238 0.308825621049798 -0.0369090658179383
v -0.346662004296093 0.326902173882382 -0.0189553024439396
v -0.315471611436451 0.318089705315995 0.0033512275969029
v -0.315924282614771 0.3156843955988 -0.0176055511952397
v -0.34423760168514 0.303360096915872 -0.0577038810796041
v -0.316891713836972 0.299500483257066 -0.0542053243183602
v -0.403727730845822 0.295961496764558 -0.0629265868199556
v -0.377553507257 0.317854981222935 -0.0421838380158927
v -0.374038705263325 0.302588881511127 -0.0614449836440798
v -0.410002748960852 0.317987061948956 -0.0190643112183303
v -0.380138985303733 0.330033007548331 0.00474231969017756
v -0.379650224393143 0.327627084762643 -0.0197105928491826
v -0.432851608426147 0.294218327311157 -0.0386675767378496
v -0.456193874588062 0.279533985467542 -0.0140354585868258
v -0.434644810666594 0.3020624303093 0.00498276278372962
v -0.434341740949434 0.300569108757528 -0.0167583068344117
v -0.453153073622006 0.262756955939594 -0.0533250670285812
v -0.429989216731794 0.282181669214337 -0.059871798366451
v -0.497430302323165 0.219637563939766 -0.039878804026382
v -0.477438011400129 0.251709817510473 -0.0285318402496214
v -0.474821219994932 0.24099661951702 -0.0456894383409686
v -0.50234944224566 0.234558073225566 -0.00989277759856371
v -0.478982586508354 0.258770509248423 0.00460307607690947
v -0.478512762133807 0.257189550031856 -0.0114943936286664
v -0.51258297253623 0.0794881797048216 -0.051670713311915
v -0.532565723408159 0.0936376859847114 -0.068681222404397
v -0.511204192842415 0.0958917425816974 -0.0714569788743028
v -0.512811287648909 0.0607398784542727 -0.000399106051577582
v -0.534329514028418 0.0676330926987347 -0.027416227356764
v -0.51305601259048 0.0661558950466228 -0.0279243521655525
v -0.556403547921965 0.0694613574463313 0.000189792740579504
v -0.574537829650437 0.0842538713595431 -0.0246543737247409
v -0.554132285302703 0.0821520178514396 -0.0492106623146588
v -0.555680975503983 0.0738175201233355 -0.0262065424042177
v -0.568292153103746 0.098439410194862 -0.0635637759057423
v -0.551880752982943 0.093724241046207 -0.0659281650689998
v -0.52730379674299 0.209608301504794 -0.0248420446204528
v -0.556152669372693 0.192871665416039 -0.0119254134315731
v -0.530152385076284 0.214001004297068 0.00398563498890505
v -0.52954578874363 0.213465264794528 -0.0101861649121802
v -0.549306906200964 0.185423903225701 -0.0420367119788045
v -0.523550099615474 0.201294586374927 -0.0392577296530056
v -0.586126514296947 0.157003496343839 -0.0503916768661218
v -0.576889069059165 0.173774630870312 -0.0314806318066217
v -0.570918981846061 0.171198029584493 -0.0456845106337039
v -0.598104096182865 0.155555516234069 -0.01760298606112
v -0.580399986667789 0.172646021012175 0.0033199795695752
v -0.579469486199833 0.173205585666758 -0.0145918213200598
v -0.587223913808972 0.102518804141625 -0.0454445632803304
v -0.588590822759377 0.124341171650735 -0.0606889147399101
v -0.58083765217409 0.109482230945062 -0.0624651687937597
v -0.590619462917147 0.096511746285634 0.00122148941273305
v -0.602226349188512 0.115168199782393 -0.0221348211528337
v -0.59029155317595 0.0982236964589441 -0.0232617395642726
v -0.607510900662184 0.133827024181071 0.00244286857796795
v -0.600880378115938 0.137937013222451 -0.040715624061441
v -0.606257394271152 0.135320495580767 -0.0203588547931362
v -0.591296788817092 0.140624657586102 -0.0561307979602587
v 0.403522755092354 0.152574186548746 -0.0443532335808568
v 0.407576563872437 0.181020003473702 -0.0222745266949982
v 0.416727334395846 0.153221399263324 -0.00410794729149889
v 0.412749220045998 0.15301547190144 -0.0250969670280807
v 0.390086728093452 0.180252318643158 -0.0529884768018438
v 0.392240374057007 0.152722336605205 -0.062485992622859
v 0.38343280963096 0.23011115649329 -0.0381130262322168
v 0.395273511078391 0.207252419776756 -0.0333409099089319
v 0.387647320888022 0.206597646619283 -0.0451007092418774
v 0.392748791952836 0.232063220341426 -0.0162361753502442
v 0.403118284677429 0.208487943421837 -0.00345526483261643
v 0.401164414214655 0.208176471475371 -0.0192678265503702
v 0.261651666855135 0.182749080399028 -0.0323844827395729
v 0.275790117876181 0.196545031130903 -0.0415085830357003
v 0.263274475060173 0.184463125190388 -0.0475100738380129
v 0.260508287311752 0.181713948640663 -0.00289464422879321
v 0.272201727968577 0.193465288355769 -0.0160225071138587
v 0.260768882843931 0.181946649744021 -0.0175710835392924
v 0.282592445395382 0.204341388186494 -0.00282134178059051
v 0.292503771480933 0.21623091087354 -0.0119893477930704
v 0.284390325513831 0.205677640987657 -0.0250581514184881
v 0.28300081356904 0.204637291290057 -0.0141048043321555
v 0.296629448743297 0.218876176298186 -0.029295550697573
v 0.286939503933637 0.207816089149756 -0.0354260729993766
v 0.380143970766938 0.249871956876956 -0.023154108005882
v 0.3706654306422 0.263659868427314 -0.0110311185931373
v 0.382404413990453 0.250209384503985 -0.00308400199226919
v 0.381969476273405 0.250213255750954 -0.0134246603892248
v 0.36818013696486 0.263401695839263 -0.0255444855225907
v 0.376500857013873 0.2490760302476 -0.0314992461883399
v 0.35285338257691 0.279882539634739 -0.0173061516610219
v 0.360497111066798 0.274037525506209 -0.0151351537608983
v 0.360057266759284 0.273290222373105 -0.0206870388030043
v 0.352245225413518 0.282102464391012 -0.00778253559557112
v 0.360601217906922 0.273952684557742 -0.00296699192226866
v 0.360547981044135 0.274028845952135 -0.00915248777075811
v 0.301110483143737 0.230275643390655 -0.0170035981439452
v 0.308257734862024 0.244981467240337 -0.0189343420351123
v 0.303768922087421 0.231558856923361 -0.0235265411838326
v 0.298777988976464 0.229729516877711 -0.00279776955699038
v 0.304274313422901 0.244132231467341 -0.00845892427532796
v 0.299428718544543 0.229768195620828 -0.0100373481718183
v 0.307429356424636 0.258088348197974 -0.0028451343629919
v 0.311629654456489 0.26986936147607 -0.00657913379636905
v 0.309265019126549 0.257698283824813 -0.0115975141216399
v 0.307888065714397 0.258023088873356 -0.00733600122994396
v 0.313867229235014 0.267161930367319 -0.0137048786447749
v 0.311220931558807 0.257093030027051 -0.015635417055624
v 0.316600449319742 0.277159563555777 -0.00956386911510575
v 0.321796067141181 0.279330774356446 -0.013178711791925
v 0.317442029334677 0.274394367235084 -0.0130877961168282
v 0.316146708008477 0.278254488562038 -0.00289046227665848
v 0.320948090414418 0.283844859091133 -0.0060499333116122
v 0.316214057648133 0.278201293539603 -0.00617123147510755
v 0.325463891161535 0.287930970135994 -0.00290226016953666
v 0.330279110248451 0.290227917198533 -0.00635352839890076
v 0.325938154086628 0.286250339357226 -0.00966617562435553
v 0.325567560069677 0.28772028675618 -0.00615610062428534
v 0.331823158110078 0.284564260141506 -0.0138712945583761
v 0.326717781597861 0.282582115777964 -0.013502105742212
v 0.335627128119419 0.289640229661106 -0.0101847400702592
v 0.341682479146971 0.285592549288939 -0.0146356269306422
v 0.336763556242845 0.28566910327781 -0.0141102811020854
v 0.335019910397766 0.29208106271034 -0.0029128660250678
v 0.340345897603187 0.291044401854698 -0.00669042734010997
v 0.335122326172001 0.291651684756756 -0.00652516963328177
v 0.34593857977909 0.288104641373479 -0.00293495586947963
v 0.346120320851744 0.286596514864218 -0.0111567324571674
v 0.345890440046525 0.287829627384996 -0.00700745058222591
v 0.346908089255754 0.283868966076674 -0.0155180879747674
v -0.136996784919436 -0.00340307177405366 0.00248349650288142
v -0.129977288244636 -0.019852149440163 0.0100196965020263
v -0.133625315530632 -0.0376477482793061 0.00255665046400038
v -0.135050752042117 -0.0204480646157329 0.00238042519501638
v -0.147290698200099 0.0279639865953012 0.00467986077562231
v -0.136913881135402 0.0136659022002245 0.0123132269199705
v -0.140712609003795 0.013030209695035 0.00320712329041358
v -0.142697455758197 0.02750452213171 0.0259146251440621
v -0.127192356716904 -0.00193580697703168 0.0182694231215324
v -0.133326014695814 0.0139572545478913 0.0214377131731692
v -0.12270909992031 -0.0365688427846813 0.0173086308988352
v -0.124121817510823 -0.0191176662761019 0.017015620228533
v 0.144864997548409 0.0392164789160311 0.0191718418277068
v 0.15010711052164 0.0220859040134715 0.0112032925627045
v 0.144141700008115 0.00475867399647424 0.0174206396118459
v 0.143996661911102 0.0220076313932038 0.01790818410448
v 0.154790072950263 0.0711584304397517 0.0248483627226242
v 0.15286905644994 0.0557740746492582 0.0134558371566641
v 0.148080916534993 0.0559188231002799 0.0215539126284808
v 0.16085768498647 0.0715073416538371 0.00585080061336672
v 0.155239956422468 0.0390261695096075 0.0042296685726557
v 0.156592655213483 0.0556638765021206 0.00489160844330839
v 0.155578599161598 0.00524494136192255 0.00340531527678085
v 0.155366481664623 0.0221572562544718 0.00378314162429997
v -0.166527016366958 0.0517833958347942 0.00881292325396904
v -0.155095667524346 0.0401500966917056 0.0190823432220135
v -0.156497018386066 0.040688953112773 0.00669495179811381
v -0.184138318842241 0.0705516632186465 0.012800124356407
v -0.175384450860059 0.0610442313783539 0.0267688990832813
v -0.175929439511357 0.0617699712721638 0.0108913781605157
v -0.183827327067474 0.0690474892193224 0.0468769272541883
v -0.164543129663735 0.0499188768343347 0.036483283453688
v -0.174655306117279 0.0600345704516047 0.0418713987057622
v -0.15372904079445 0.0390710819122291 0.0310790802884504
v 0.176103845060654 0.0962898301231265 0.0314209645735303
v 0.166870230842124 0.0853447104824184 0.0177045902390513
v 0.164684900224338 0.084330232754162 0.0282788277056421
v 0.199749062599602 0.120201098449205 0.0373328632228146
v 0.189452501757504 0.109587318609077 0.0218567111081526
v 0.187844212931322 0.108203454031234 0.0343979699462184
v 0.20214961334708 0.12244838674691 0.010256979299983
v 0.179028869092685 0.0984249503625027 0.00809214666399261
v 0.190474170378618 0.110457629702736 0.00918353553487512
v 0.168654236493712 0.0857311080002471 0.00695475685497626
v -0.196265041927959 0.084737952227573 0.0154467402268642
v -0.191228414902097 0.0773179511347268 0.0331066633594677
v -0.190679171982115 0.0779725274093122 0.0143226255974146
v -0.206704355119172 0.099257164121341 0.0165244977092631
v -0.20359701679621 0.0909348503215575 0.0369164189272326
v -0.201450697363979 0.0915897540726141 0.0161764196380193
v -0.213740833110286 0.099266956168374 0.0597349415165872
v -0.198749314723107 0.0838692701173671 0.0546660908673033
v -0.20618881305487 0.0910413687456714 0.0580580723270388
v -0.191566587690836 0.0767792667552057 0.05104806028653
v 0.224183535851593 0.144485996171823 0.0430448374591991
v 0.213128661731283 0.133526173884958 0.0258771469007336
v 0.211783575451653 0.132183455548869 0.0402853156322237
v 0.250143012302304 0.170830799777334 0.0456370276294059
v 0.237193235660985 0.157853022685163 0.0287894141942982
v 0.237190668071965 0.157377888004169 0.0454230927814717
v 0.248942330617529 0.169986862936143 0.012654763190437
v 0.225552093723386 0.146160538859584 0.0122233515214076
v 0.237255214454667 0.158055055751806 0.0127284897281677
v 0.213838736926513 0.134315472016426 0.0113346419036402
v -0.401652925118964 -0.0129181728011458 0.0283790572483711
v -0.414352307466737 0.0014370571954213 0.06120068838354
v -0.430933385041371 0.017696699933641 0.0292881041612981
v -0.417191591281685 0.00286104380533187 0.0290913449412665
v -0.368829365986379 -0.0451937890605518 0.0259710181402459
v -0.383187566840183 -0.0316775566735009 0.0577817151273432
v -0.385258157337998 -0.0290691137938576 0.0273208119503815
v -0.363903494322656 -0.0514263030326155 0.0845605721241987
v -0.394801559247614 -0.0182577225262239 0.0913527708907763
v -0.379624863476716 -0.0355030467134814 0.0881336497004552
v -0.419207851072522 0.0193996450260724 0.0941876209655693
v -0.408058201918208 0.000653318987778618 0.0939760278164246
v 0.408033170108738 0.0832955476574191 0.0712425133309008
v 0.412933540261058 0.103202482369263 0.0441785436514196
v 0.393854445406688 0.125205958122317 0.0619070311967242
v 0.400993196991601 0.102979887837814 0.0677458700675894
v 0.409727713792641 0.0476189170285667 0.0728244929819239
v 0.420347112468526 0.0652298625673771 0.0478276435930907
v 0.411634997241159 0.0649226866965384 0.0730487732626707
v 0.420979872667969 0.0489619649514122 0.0213448468169883
v 0.426599393519307 0.0835869221828533 0.0215096327778304
v 0.426768306750031 0.0652561735335661 0.0218511783332289
v 0.417286959635205 0.126131754306411 0.0187198558612615
v 0.42242696594057 0.103533710160729 0.0203566186274084
v -0.337023926782098 -0.0767524138077535 0.0226997457825017
v -0.35102889610711 -0.063249881848278 0.0525736723784427
v -0.352940252535691 -0.0612626351506631 0.0243942824582955
v -0.306843105805595 -0.106390588833637 0.019354951605809
v -0.320028712813488 -0.0934481913586326 0.0464582303949203
v -0.321586770401807 -0.0919145688955975 0.0209731501476964
v -0.303175483897651 -0.109878760937245 0.0677276430794095
v -0.332663022301312 -0.0812613943748806 0.076230971594333
v -0.317605880044203 -0.095839619731947 0.0718355116472029
v -0.348096866123283 -0.0663930269929491 0.0805481660791144
v 0.390954809860209 0.0181243128861534 0.0687019755233918
v 0.406823867287051 0.0337031217732544 0.0458581676721806
v 0.402006858763939 0.0319633368804889 0.0710749693119643
v 0.36588070711365 -0.00734838426809621 0.0639430744858842
v 0.381576277140934 0.00785034933087512 0.0424749343271976
v 0.378607841142993 0.00516999363620694 0.0663142588742542
v 0.370275521497105 -0.00312921986888063 0.0176078348379282
v 0.396866102787965 0.0222906977844504 0.0194124735884694
v 0.3835163334567 0.00959009266850327 0.0185025965902922
v 0.409894198244991 0.0350243561532072 0.0203781929796585
v -0.280793868230495 -0.132754923337241 0.0169020182937262
v -0.291981261291418 -0.121237938306337 0.0412051801479682
v -0.293350616427557 -0.119996002254473 0.0180205574483653
v -0.257180762765915 -0.156332128996042 0.0149760994616861
v -0.267524075893758 -0.145916693025691 0.0375052478886112
v -0.268925228268013 -0.144856997339745 0.0159105257063338
v -0.254162985990528 -0.159426715040828 0.0567165247735604
v -0.277372011500276 -0.135707368833908 0.0615388245425057
v -0.265452895200953 -0.147624927292806 0.0590698033069868
v -0.289882946408733 -0.123187353627024 0.0643548948661221
v 0.341203431568813 -0.0316284165820136 0.0590668975682489
v 0.355836373323096 -0.0171754402157262 0.0391583737419767
v 0.353409456022877 -0.0196154790759476 0.061523958839004
v 0.317408020117866 -0.0550985173544077 0.0541181391155675
v 0.331193512225137 -0.0411795810177483 0.0357637398539342
v 0.329247583855848 -0.0434404389583724 0.0565937733557718
v 0.320542268620818 -0.051863938980177 0.0139863588780386
v 0.34488513905401 -0.0279139965054717 0.0157985935490225
v 0.332603255648255 -0.0399347479390237 0.0148892974623065
v 0.357428256106405 -0.015660612881185 0.0167061418258034
v -0.233910425738904 -0.179164498894889 0.013061582514951
v -0.244428039033769 -0.169106573533468 0.0341925689738258
v -0.245534410752243 -0.167791531490691 0.0140314036722516
v -0.208510422449115 -0.198650748126197 0.0109888515601837
v -0.221166036968305 -0.191889285857312 0.0306062005516745
v -0.222219877316931 -0.190373667462039 0.0120293789833589
v -0.204492267863259 -0.199473044861624 0.0463482603161094
v -0.231212001898864 -0.182564387224815 0.0517533006211808
v -0.219219094782809 -0.193543605055387 0.049113887230867
v -0.24266758651489 -0.170998698713785 0.0542833868916365
v 0.293748170368584 -0.0784703435815637 0.0491618643087252
v 0.30759495406987 -0.0651054048868447 0.0324036032312242
v 0.305580489980915 -0.0667709687087096 0.0516428376349108
v 0.269930520828526 -0.101804442732118 0.0441817785261351
v 0.2835882445797 -0.0887170444015825 0.029036655465908
v 0.281887357456712 -0.0901689630050636 0.046665319120644
v 0.272675839211221 -0.0999352966263279 0.0104648588716278
v 0.296551035029072 -0.0758042953846013 0.0122298822723465
v 0.28461781851961 -0.0878578593626809 0.0113411420020359
v 0.308531523566439 -0.0638196719660142 0.01310358605502
v -0.179577457493968 -0.188113062786249 0.00894712090059613
v -0.191369454224022 -0.196869275042158 0.0267645910744535
v -0.192795436153389 -0.197804663805538 0.00997035916235219
v -0.157307557487314 -0.163763566967191 0.00695518591059767
v -0.167160454010192 -0.174892047452733 0.0227119207902711
v -0.16838433633221 -0.175915821905507 0.00794894181433689
v -0.153953303559755 -0.161397819283327 0.0341863613377791
v -0.176734685046383 -0.185036199379734 0.0403845961344535
v -0.165356586941597 -0.173240374434976 0.0373168809268539
v -0.189210161787186 -0.195522806985742 0.0434161413673831
v 0.240836462633677 -0.116947064823885 0.0391974684577767
v 0.258398579556678 -0.111101060489956 0.0257029887308959
v 0.256563400974226 -0.111843505103018 0.0417056306175318
v 0.21063462745624 -0.105409555650646 0.034285892010395
v 0.226332520731221 -0.114810387806987 0.0223170757115709
v 0.224580949932948 -0.114432460009556 0.0366855317488125
v 0.213234819646152 -0.106094928999931 0.00712254265315576
v 0.243882359514533 -0.116846807395753 0.0087276293216665
v 0.227406739897306 -0.114748046702126 0.00787907781437702
v 0.259585640910362 -0.110845160758576 0.00960960613719664
v -0.137875365043601 -0.137550598962388 0.00475446062572281
v -0.144753841803189 -0.150812928335523 0.0184558883201571
v -0.14671939226816 -0.151302075710425 0.00587905789398667
v -0.129579609935032 -0.105733828154239 0.00327405705447601
v -0.128425443825601 -0.122355318196031 0.0140047292314167
v -0.132087420617799 -0.122175083279291 0.00382995286003237
v -0.120132358887039 -0.105813012260687 0.0212999013627918
v -0.132033008193909 -0.136822147577831 0.0274201098271283
v -0.124150311591251 -0.122223863283014 0.0239595527528956
v -0.142575665965765 -0.14950795803681 0.030919218104764
v 0.186844231358434 -0.0822886543649302 0.0296173614649103
v 0.200111727315351 -0.0946363951623814 0.0192540776154387
v 0.198649091859476 -0.093897620531431 0.0319794990468471
v 0.163871560862962 -0.0585875575393676 0.0245133822299255
v 0.176734269537732 -0.0714241994924257 0.0161309361942173
v 0.175083087090746 -0.0706970983779664 0.0271648994629879
v 0.168195330089677 -0.0587389597539668 0.00424091874340016
v 0.189306901752114 -0.0834078298448327 0.00570232831283316
v 0.178094006819509 -0.0715496337960129 0.00497213386422984
v 0.201008541052811 -0.0949606641201749 0.00642136684561534
v -0.130206601500738 -0.0719419678058156 0.00282188134027371
v -0.12520328658775 -0.0888210945472076 0.0119117093423794
v -0.129347300381682 -0.088923243703769 0.00302197595717562
v -0.127669736888841 -0.0544801703438995 0.0110420492362765
v -0.132036130680345 -0.0548397733540797 0.00274809400641804
v -0.120666692038694 -0.0713198914518245 0.019165337520133
v -0.12173153037876 -0.0539763967684424 0.0182237637264501
v -0.119511734235694 -0.0886238754424638 0.0198641978255248
v 0.148423440112803 -0.0292447500669782 0.0192927089177706
v 0.158216146226526 -0.0445588162188161 0.0128178127631295
v 0.154599793048114 -0.0448621226488502 0.0217254125144785
v 0.151073962305772 -0.0119809667080074 0.0108556903023861
v 0.14531487251283 -0.0124333984723136 0.0178204165113268
v 0.157205387540174 -0.0282707751034599 0.0033099702131751
v 0.155968012746614 -0.0116214254368192 0.00328309297536676
v 0.161015827254792 -0.0442328561268031 0.00363724857412531
v -0.216872875426946 0.119805459543929 0.0164205711650703
v -0.216184844234446 0.108097844433457 0.0369228484924442
v -0.212372414358434 0.108563507684286 0.0165051156285988
v -0.22083475497574 0.145241276094784 0.0167171055229169
v -0.225983187600257 0.131306499586662 0.0351382114296376
v -0.219854631957024 0.132207231856301 0.016434168086164
v -0.239241675215742 0.142761140615633 0.0519975254112779
v -0.229907089168725 0.118791275889395 0.054880542752862
v -0.235608053831829 0.130403576731577 0.0528684025599589
v -0.222037665614627 0.108570444838369 0.0579601240414054
v -0.436364180576719 0.0486575621111212 0.0830836752745523
v -0.437788685161968 0.0317541018883819 0.0594583506048749
v -0.42843129368274 0.0353861057063908 0.0895221056452901
v -0.448846803591968 0.0693545029719702 0.0751043932474374
v -0.453148064262887 0.053957478442652 0.053827481623976
v -0.442791038613518 0.0598271515151567 0.0781583646883112
v -0.46489584751007 0.0572193888797474 0.0261383323972996
v -0.451741597817163 0.0414283510863488 0.0278856266089242
v -0.459104608268293 0.050367232592476 0.0268784985636834
v -0.442427237167231 0.0305184349327381 0.0287905695707354
v -0.463822886128715 0.0842345417277604 0.0743687926410908
v -0.464516516224524 0.0683984381659212 0.0513603935795808
v -0.455454065791684 0.0774139223681127 0.0741114064317378
v -0.489983708936502 0.0935775531984175 0.0744111287048198
v -0.480281053804513 0.0762630802934231 0.0518873153333126
v -0.474972435552197 0.0902018590410971 0.0748717672644933
v -0.494594275728622 0.0654211505336939 0.0271529799716114
v -0.474686893277779 0.0647257146201489 0.0262437602077625
v -0.482516166414819 0.0658135108034115 0.026677166964886
v -0.469466379382065 0.0619033717064714 0.0260159732817614
v -0.218021595877597 0.172817341110929 0.0186426211938154
v -0.227836894404581 0.157199117239876 0.0360274867237049
v -0.21947335207652 0.158387634240713 0.017568754076284
v -0.223260290494978 0.209224865555037 0.0200032484144591
v -0.228722738165724 0.187562582308967 0.0384509328929257
v -0.21892153164583 0.189550724831659 0.0195005355704936
v -0.245199763913869 0.203754044380325 0.0567467482993032
v -0.241366693711172 0.169412655244296 0.0538636550228635
v -0.242668410884893 0.185150048947143 0.0552931813877043
v -0.240602449163947 0.155539943733954 0.0525987637076219
v -0.249427447573284 0.254501130693532 0.0201170704527209
v -0.239711724348599 0.229383432991872 0.0394258887674949
v -0.233653940462357 0.231885919588711 0.0200576484150481
v -0.289700163493543 0.296573924313538 0.0216375433290726
v -0.268610527644878 0.274596830512291 0.0392554545821062
v -0.268408633448201 0.276092775148535 0.0205411388344968
v -0.291455559358324 0.287110725767182 0.056764092717372
v -0.259119731377908 0.250007715219002 0.057861463941855
v -0.272665639146936 0.271059724169953 0.0568611126583069
v -0.250318812384523 0.226393697846949 0.0576810541519682
v -0.346069429404603 0.324839461870668 0.0269146445894263
v -0.315405571085338 0.306227814579093 0.0430033847888715
v -0.315443084361368 0.31406122534914 0.0240674948414094
v -0.409249096312752 0.316442136265662 0.0288823678632038
v -0.376125645756942 0.314199445061384 0.0503437988595304
v -0.378853960823792 0.3255531453169 0.0288199536165665
v -0.401675568876915 0.29183852439861 0.0711135261558679
v -0.342491281542684 0.299633691406606 0.0644744940035804
v -0.372109574913287 0.298349771838562 0.0688495113643698
v -0.31523879389734 0.296392244831981 0.060040802541187
v -0.456193890413495 0.279052145295294 0.0237280143437658
v -0.431853239380248 0.29205558667674 0.0481736110063311
v -0.433975053886397 0.299689874366347 0.0266653829624699
v -0.50222090328183 0.234031483721768 0.018415506107616
v -0.476903136089607 0.250250053162859 0.0373375224825917
v -0.478498132205564 0.256728300378193 0.0206796908177491
v -0.496300948692403 0.217235085452891 0.0471693823716792
v -0.451682343057725 0.259742378943735 0.0617921722593365
v -0.473540387113182 0.238345807878452 0.0535942616249823
v -0.428222588916319 0.278669102915842 0.0685282519548437
v -0.531378803427919 0.0901458763975443 0.0698240119902867
v -0.51169054721918 0.0765365985242678 0.0519738148663255
v -0.51001521900913 0.0924554137478033 0.0723134700737832
v -0.567055319011162 0.0950437947855558 0.0655912858372344
v -0.55326683648274 0.07930596596755 0.050273461588897
v -0.550688335437944 0.0902198723192919 0.067464904691223
v -0.573878976733757 0.0829762573014778 0.0260455680254458
v -0.533864810002583 0.0659064745727792 0.0273864784252619
v -0.555179284038874 0.0722642456203497 0.0268062044507462
v -0.512572985181211 0.0644439081331149 0.0274607676799313
v -0.556133468199721 0.192501045498975 0.0192888105763397
v -0.52678172016013 0.208271715940653 0.0324943982310912
v -0.529342245082031 0.21291083455725 0.0181230215905909
v -0.597648069518972 0.154404419901694 0.023521217669668
v -0.576613904181511 0.17250595283864 0.0381128353415348
v -0.579600447950385 0.172870074563449 0.021258241239465
v -0.585097929844356 0.154329160638013 0.0560010413532303
v -0.54835743495342 0.183056551464926 0.0485507568166368
v -0.570049228616094 0.16881039596315 0.0518493562170232
v -0.522511063508856 0.19893385469601 0.0461162835066419
v -0.587023697466603 0.12121867663467 0.064256936250035
v -0.585711678233352 0.100433515277363 0.0478631639195622
v -0.579374078478115 0.106252123576719 0.0651927265334201
v -0.599818912559426 0.135747816140145 0.0455132443441116
v -0.589927088078193 0.137636564939809 0.0607753313256951
v -0.601512409498751 0.113923512512824 0.0258081174887133
v -0.605690069958463 0.134086861933664 0.0252518786911343
v -0.589468491169771 0.0970852063643431 0.0256877381295005
v 0.407097100284629 0.180623061507714 0.014650396427886
v 0.402119026872579 0.151721255856899 0.0356477877017074
v 0.412045890688633 0.152555593193629 0.0167302459581767
v 0.392701134381645 0.23187905639742 0.00978657574553465
v 0.394762385246231 0.206688213807913 0.0262484179087484
v 0.400934213274676 0.207878168083727 0.0123171285061592
v 0.383149637491769 0.229587561238951 0.0315363613941401
v 0.388765872959623 0.179279119739762 0.0448595812728721
v 0.386925928080998 0.205850272664826 0.0378580923215934
v 0.390302723831039 0.151528830089274 0.0534702915612003
v 0.275609116720448 0.196255245503321 0.0358452630714282
v 0.261528800756152 0.18245850885104 0.0266248642938024
v 0.263089730434144 0.184026109498198 0.0417906190727042
v 0.296445708145262 0.218838413994043 0.0237019571667141
v 0.284276089671173 0.205555182189278 0.0194274485508001
v 0.286765528738301 0.20765568206308 0.0298008017057092
v 0.2924029946897 0.21623473312478 0.006390314965769
v 0.272140659300695 0.193362341557017 0.010327201054924
v 0.282933109902073 0.20457967144597 0.00846683379358141
v 0.260707226284631 0.181803741416851 0.0117888660579197
v 0.370705329296053 0.263620607274771 0.00502087705378955
v 0.380148764862917 0.249665892328397 0.0169881518443596
v 0.381997408961451 0.250123794944949 0.00726044282144555
v 0.352266403737437 0.28207803852798 0.00188849733682208
v 0.360544707145157 0.27398028116385 0.0092077044871211
v 0.360576705157826 0.274002937961929 0.00322077145214138
v 0.352884763639309 0.279792629346915 0.011402920420566
v 0.36821368894111 0.263230594387434 0.0195410687816457
v 0.36010138287014 0.273185563505492 0.01475668268049
v 0.376448644556683 0.248761256334294 0.0253074189040432
v 0.308039055102046 0.24507640145913 0.0133423050385985
v 0.300917711280706 0.230331480995663 0.0114269021069757
v 0.303549063078111 0.231617549591876 0.0179540126040149
v 0.313748722702942 0.267237431701409 0.00800000660242441
v 0.309114068401787 0.257773075087105 0.0059372055719905
v 0.311038740499318 0.257187238392326 0.00999476349953164
v 0.311574953908314 0.269904702514297 0.000837542344122761
v 0.304153663566161 0.244181209578258 0.00284119304292574
v 0.307798556145834 0.258067109262387 0.00165403619273145
v 0.299304677570243 0.229807702742807 0.00445009005281972
v 0.32177545087945 0.279339778131462 0.00738789587176944
v 0.316555621598865 0.277197111735889 0.00379444614841272
v 0.317378310346012 0.274442776217268 0.0073335538163167
v 0.331850891226987 0.284471034740414 0.00799934124355878
v 0.325967651119502 0.28619996600334 0.00383810077737802
v 0.326730097252844 0.282538301642855 0.00767033216973626
v 0.33030521555411 0.290176583111242 0.00052884537601944
v 0.32095222777056 0.283840896613074 0.000249280140290017
v 0.325590321067345 0.287691329635469 0.000345829029339898
v 0.316194679446713 0.278219119289331 0.00039142258305755
v 0.341703343711919 0.285471809923214 0.00873439733466611
v 0.335656054802519 0.289529531628461 0.00431446016236387
v 0.336790929052628 0.285546267811355 0.00821234171525041
v 0.346136611550582 0.286522294528847 0.00527597796542173
v 0.346928306173012 0.283765422690743 0.0096204456807606
v 0.340352921499917 0.290981600140551 0.000835043073702976
v 0.345900971491895 0.287789992263915 0.00113551344238125
v 0.335139909074812 0.291589967866506 0.000689720757258858
f 1341 1340 1337
f 1 1337 1340
f 339 1339 1338
f 1341 1338 1339
f 1345 1338 1342
f 335 1342 1338
f 336 1344 1343
f 1345 1343 1344
f 1349 1348 1344
f 339 1344 1348
f 13 1347 1346
f 1349 1346 1347
f 1352 1351 1339
f 338 1339 1351
f 337 1350 1348
f 1352 1348 1350
f 1356 1343 1353
f 2 1353 1343
f 343 1355 1354
f 1356 1354 1355
f 1360 1354 1357
f 340 1357 1354
f 341 1359 1358
f 1360 1358 1359
f 1364 1363 1359
f 343 1359 1363
f 14 1362 1361
f 1364 1361 1362
f 1366 1346 1355
f 336 1355 1346
f 342 1365 1363
f 1366 1363 1365
f 1370 1358 1367
f 3 1367 1358
f 347 1369 1368
f 1370 1368 1369
f 1374 1368 1371
f 344 1371 1368
f 345 1373 1372
f 1374 1372 1373
f 1378 1377 1373
f 347 1373 1377
f 15 1376 1375
f 1378 1375 1376
f 1380 1361 1369
f 341 1369 1361
f 346 1379 1377
f 1380 1377 1379
f 1384 1372 1381
f 4 1381 1372
f 351 1383 1382
f 1384 1382 1383
f 1382 348 1388
f 1385 1388 348
f 1387 1388 349
f 1386 349 1388
f 1392 1391 1387
f 351 1387 1391
f 16 1390 1389
f 1392 1389 1390
f 1394 1375 1383
f 345 1383 1375
f 350 1393 1391
f 1394 1391 1393
f 1386 5 1398
f 1395 1398 5
f 1397 1398 355
f 1396 355 1398
f 1396 352 1402
f 1399 1402 352
f 1401 1402 353
f 1400 353 1402
f 1405 355 1406
f 1401 1406 355
f 1404 1406 17
f 1403 17 1406
f 1389 349 1408
f 1397 1408 349
f 1407 1408 354
f 1405 354 1408
f 1400 6 1412
f 1409 1412 6
f 1411 1412 359
f 1410 359 1412
f 1416 1410 1413
f 356 1413 1410
f 357 1415 1414
f 1416 1414 1415
f 1420 1419 1415
f 359 1415 1419
f 18 1418 1417
f 1420 1417 1418
f 1403 353 1422
f 1411 1422 353
f 1421 1422 358
f 1419 358 1422
f 1414 7 1426
f 1423 1426 7
f 1425 1426 363
f 1424 363 1426
f 1430 1424 1427
f 360 1427 1424
f 361 1429 1428
f 1430 1428 1429
f 1434 1433 1429
f 363 1429 1433
f 19 1432 1431
f 1434 1431 1432
f 1417 357 1436
f 1425 1436 357
f 1435 1436 362
f 1433 362 1436
f 1428 8 1440
f 1437 1440 8
f 1439 1440 367
f 1438 367 1440
f 1444 1438 1441
f 364 1441 1438
f 365 1443 1442
f 1444 1442 1443
f 1448 1447 1443
f 367 1443 1447
f 20 1446 1445
f 1448 1445 1446
f 1431 361 1450
f 1439 1450 361
f 1449 1450 366
f 1447 366 1450
f 1442 9 1454
f 1451 1454 9
f 1453 1454 371
f 1452 371 1454
f 1458 1452 1455
f 368 1455 1452
f 369 1457 1456
f 1458 1456 1457
f 1462 1461 1457
f 371 1457 1461
f 21 1460 1459
f 1462 1459 1460
f 1445 365 1464
f 1453 1464 365
f 1463 1464 370
f 1461 370 1464
f 1456 10 1468
f 1465 1468 10
f 1467 1468 375
f 1466 375 1468
f 1472 1466 1469
f 372 1469 1466
f 373 1471 1470
f 1472 1470 1471
f 1476 1475 1471
f 375 1471 1475
f 22 1474 1473
f 1476 1473 1474
f 1459 369 1478
f 1467 1478 369
f 1477 1478 374
f 1475 374 1478
f 12 1350 1481
f 1482 1481 1350
f 1482 1479 1480
f 379 1480 1479
f 1485 1479 1347
f 337 1347 1479
f 1485 1483 1484
f 376 1484 1483
f 379 1484 1488
f 1489 1488 1484
f 1489 1486 1487
f 24 1487 1486
f 378 1480 1491
f 1492 1491 1480
f 1492 1488 1490
f 377 1490 1488
f 1495 1483 1365
f 13 1365 1483
f 382 1494 1493
f 1495 1493 1494
f 1498 1493 1362
f 342 1362 1493
f 380 1497 1496
f 1498 1496 1497
f 1502 1501 1497
f 382 1497 1501
f 25 1500 1499
f 1502 1499 1500
f 1504 1486 1494
f 376 1494 1486
f 381 1503 1501
f 1504 1501 1503
f 1507 1496 1379
f 14 1379 1496
f 385 1506 1505
f 1507 1505 1506
f 1510 1505 1376
f 346 1376 1505
f 383 1509 1508
f 1510 1508 1509
f 1514 1513 1509
f 385 1509 1513
f 1512 1514 26
f 1511 26 1514
f 1516 1499 1506
f 380 1506 1499
f 384 1515 1513
f 1516 1513 1515
f 1519 1508 1393
f 15 1393 1508
f 388 1518 1517
f 1519 1517 1518
f 1522 1517 1390
f 350 1390 1517
f 386 1521 1520
f 1522 1520 1521
f 1526 1525 1521
f 388 1521 1525
f 27 1524 1523
f 1526 1523 1524
f 1528 1511 1518
f 383 1518 1511
f 1527 1528 387
f 1525 387 1528
f 1531 1520 1407
f 16 1407 1520
f 391 1530 1529
f 1531 1529 1530
f 1529 354 1534
f 1404 1534 354
f 389 1533 1532
f 1534 1532 1533
f 1538 1537 1533
f 391 1533 1537
f 28 1536 1535
f 1538 1535 1536
f 1540 1523 1530
f 386 1530 1523
f 390 1539 1537
f 1540 1537 1539
f 1532 17 1543
f 1421 1543 17
f 1542 1543 394
f 1541 394 1543
f 1546 1541 1418
f 358 1418 1541
f 392 1545 1544
f 1546 1544 1545
f 1550 1549 1545
f 394 1545 1549
f 29 1548 1547
f 1550 1547 1548
f 1535 389 1552
f 1542 1552 389
f 1551 1552 393
f 1549 393 1552
f 1544 18 1555
f 1435 1555 18
f 1554 1555 397
f 1553 397 1555
f 1558 1553 1432
f 362 1432 1553
f 395 1557 1556
f 1558 1556 1557
f 1562 1561 1557
f 397 1557 1561
f 30 1560 1559
f 1562 1559 1560
f 1547 392 1564
f 1554 1564 392
f 1563 1564 396
f 1561 396 1564
f 1556 19 1567
f 1449 1567 19
f 1566 1567 400
f 1565 400 1567
f 1570 1565 1446
f 366 1446 1565
f 398 1569 1568
f 1570 1568 1569
f 1574 1573 1569
f 400 1569 1573
f 31 1572 1571
f 1574 1571 1572
f 1559 395 1576
f 1566 1576 395
f 1575 1576 399
f 1573 399 1576
f 1568 20 1579
f 1463 1579 20
f 403 1578 1577
f 1579 1577 1578
f 1582 1577 1460
f 370 1460 1577
f 401 1581 1580
f 1582 1580 1581
f 1586 1585 1581
f 403 1581 1585
f 32 1584 1583
f 1586 1583 1584
f 1571 398 1588
f 1578 1588 398
f 402 1587 1585
f 1588 1585 1587
f 1580 21 1591
f 1477 1591 21
f 406 1590 1589
f 1591 1589 1590
f 1594 1589 1474
f 374 1474 1589
f 404 1593 1592
f 1594 1592 1593
f 1598 1597 1593
f 406 1593 1597
f 33 1596 1595
f 1598 1595 1596
f 1600 1583 1590
f 401 1590 1583
f 405 1599 1597
f 1600 1597 1599
f 23 1490 1603
f 1604 1603 1490
f 1604 1601 1602
f 410 1602 1601
f 377 1487 1601
f 1607 1601 1487
f 1607 1605 1606
f 407 1606 1605
f 410 1606 1610
f 1611 1610 1606
f 1611 1608 1609
f 35 1609 1608
f 409 1602 1613
f 1614 1613 1602
f 1614 1610 1612
f 408 1612 1610
f 24 1503 1605
f 1617 1605 1503
f 1617 1615 1616
f 413 1616 1615
f 1620 1615 1500
f 381 1500 1615
f 411 1619 1618
f 1620 1618 1619
f 1624 1623 1619
f 413 1619 1623
f 1622 1624 36
f 1621 36 1624
f 407 1616 1608
f 1626 1608 1616
f 1626 1623 1625
f 412 1625 1623
f 1618 25 1629
f 1515 1629 25
f 1628 1629 416
f 1627 416 1629
f 1627 384 1632
f 1512 1632 384
f 414 1631 1630
f 1632 1630 1631
f 1635 416 1636
f 1631 1636 416
f 37 1634 1633
f 1636 1633 1634
f 1621 411 1638
f 1628 1638 411
f 1635 415 1638
f 1637 1638 415
f 1641 1630 1527
f 26 1527 1630
f 419 1640 1639
f 1641 1639 1640
f 1644 1639 1524
f 387 1524 1639
f 417 1643 1642
f 1644 1642 1643
f 1648 1647 1643
f 419 1643 1647
f 38 1646 1645
f 1648 1645 1646
f 1650 1633 1640
f 414 1640 1633
f 418 1649 1647
f 1650 1647 1649
f 1653 1642 1539
f 27 1539 1642
f 422 1652 1651
f 1653 1651 1652
f 1656 1651 1536
f 390 1536 1651
f 420 1655 1654
f 1656 1654 1655
f 1660 1659 1655
f 422 1655 1659
f 39 1658 1657
f 1660 1657 1658
f 1662 1645 1652
f 417 1652 1645
f 421 1661 1659
f 1662 1659 1661
f 1665 1654 1551
f 28 1551 1654
f 425 1664 1663
f 1665 1663 1664
f 1668 1663 1548
f 393 1548 1663
f 423 1667 1666
f 1668 1666 1667
f 1672 1671 1667
f 425 1667 1671
f 40 1670 1669
f 1672 1669 1670
f 1674 1657 1664
f 420 1664 1657
f 424 1673 1671
f 1674 1671 1673
f 1677 1666 1563
f 29 1563 1666
f 428 1676 1675
f 1677 1675 1676
f 1680 1675 1560
f 396 1560 1675
f 426 1679 1678
f 1680 1678 1679
f 1684 1683 1679
f 428 1679 1683
f 41 1682 1681
f 1684 1681 1682
f 1686 1669 1676
f 423 1676 1669
f 427 1685 1683
f 1686 1683 1685
f 1689 1678 1575
f 30 1575 1678
f 431 1688 1687
f 1689 1687 1688
f 1692 1687 1572
f 399 1572 1687
f 429 1691 1690
f 1692 1690 1691
f 1696 1695 1691
f 431 1691 1695
f 42 1694 1693
f 1696 1693 1694
f 1698 1681 1688
f 426 1688 1681
f 430 1697 1695
f 1698 1695 1697
f 1701 1690 1587
f 31 1587 1690
f 434 1700 1699
f 1701 1699 1700
f 1704 1699 1584
f 402 1584 1699
f 432 1703 1702
f 1704 1702 1703
f 1708 1707 1703
f 434 1703 1707
f 43 1706 1705
f 1708 1705 1706
f 1710 1693 1700
f 429 1700 1693
f 433 1709 1707
f 1710 1707 1709
f 1713 1702 1599
f 32 1599 1702
f 437 1712 1711
f 1713 1711 1712
f 1716 1711 1596
f 405 1596 1711
f 435 1715 1714
f 1716 1714 1715
f 1720 1719 1715
f 437 1715 1719
f 44 1718 1717
f 1720 1717 1718
f 1722 1705 1712
f 432 1712 1705
f 436 1721 1719
f 1722 1719 1721
f 34 1612 1725
f 1726 1725 1612
f 1726 1723 1724
f 441 1724 1723
f 408 1609 1723
f 1729 1723 1609
f 1729 1727 1728
f 438 1728 1727
f 441 1728 1732
f 1733 1732 1728
f 1733 1730 1731
f 46 1731 1730
f 440 1724 1735
f 1736 1735 1724
f 439 1734 1732
f 1736 1732 1734
f 35 1625 1727
f 1739 1727 1625
f 1739 1737 1738
f 444 1738 1737
f 1742 1737 1622
f 412 1622 1737
f 1740 442 1742
f 1741 1742 442
f 1741 1746 444
f 1745 444 1746
f 1743 47 1746
f 1744 1746 47
f 438 1738 1730
f 1748 1730 1738
f 1747 1748 443
f 1745 443 1748
f 1637 1751 36
f 1740 36 1751
f 1749 447 1751
f 1750 1751 447
f 1634 1754 415
f 1749 415 1754
f 445 1753 1752
f 1754 1752 1753
f 1753 1758 447
f 1757 447 1758
f 1756 1758 48
f 1755 48 1758
f 1750 1760 442
f 1743 442 1760
f 1757 446 1760
f 1759 1760 446
f 1763 1752 1649
f 37 1649 1752
f 450 1762 1761
f 1763 1761 1762
f 1766 1761 1646
f 418 1646 1761
f 448 1765 1764
f 1766 1764 1765
f 1770 1769 1765
f 450 1765 1769
f 49 1768 1767
f 1770 1767 1768
f 1755 445 1772
f 1762 1772 445
f 1771 1772 449
f 1769 449 1772
f 1775 1764 1661
f 38 1661 1764
f 453 1774 1773
f 1775 1773 1774
f 1778 1773 1658
f 421 1658 1773
f 451 1777 1776
f 1778 1776 1777
f 1782 1781 1777
f 453 1777 1781
f 50 1780 1779
f 1782 1779 1780
f 1784 1767 1774
f 448 1774 1767
f 452 1783 1781
f 1784 1781 1783
f 1787 1776 1673
f 39 1673 1776
f 456 1786 1785
f 1787 1785 1786
f 1790 1785 1670
f 424 1670 1785
f 454 1789 1788
f 1790 1788 1789
f 1794 1793 1789
f 456 1789 1793
f 51 1792 1791
f 1794 1791 1792
f 1796 1779 1786
f 451 1786 1779
f 455 1795 1793
f 1796 1793 1795
f 1799 1788 1685
f 40 1685 1788
f 459 1798 1797
f 1799 1797 1798
f 1802 1797 1682
f 427 1682 1797
f 457 1801 1800
f 1802 1800 1801
f 1806 1805 1801
f 459 1801 1805
f 52 1804 1803
f 1806 1803 1804
f 1808 1791 1798
f 454 1798 1791
f 1807 1808 458
f 1805 458 1808
f 1811 1800 1697
f 41 1697 1800
f 462 1810 1809
f 1811 1809 1810
f 1814 1809 1694
f 430 1694 1809
f 460 1813 1812
f 1814 1812 1813
f 1818 1817 1813
f 462 1813 1817
f 53 1816 1815
f 1818 1815 1816
f 1820 1803 1810
f 457 1810 1803
f 1819 1820 461
f 1817 461 1820
f 1823 1812 1709
f 42 1709 1812
f 465 1822 1821
f 1823 1821 1822
f 1826 1821 1706
f 433 1706 1821
f 463 1825 1824
f 1826 1824 1825
f 1830 1829 1825
f 465 1825 1829
f 54 1828 1827
f 1830 1827 1828
f 1832 1815 1822
f 460 1822 1815
f 464 1831 1829
f 1832 1829 1831
f 1721 1835 43
f 1824 43 1835
f 1833 468 1835
f 1834 1835 468
f 1718 1838 436
f 1833 436 1838
f 1838 1836 1837
f 466 1837 1836
f 1837 1842 468
f 1841 468 1842
f 1842 1839 1840
f 55 1840 1839
f 1844 1827 1834
f 463 1834 1827
f 467 1843 1841
f 1844 1841 1843
f 1734 1848 45
f 1847 45 1848
f 1845 472 1848
f 1846 1848 472
f 1845 439 1851
f 1731 1851 439
f 1849 469 1851
f 1850 1851 469
f 1850 1855 472
f 1854 472 1855
f 1853 1855 57
f 1852 57 1855
f 1846 1858 471
f 1857 471 1858
f 1854 470 1858
f 1856 1858 470
f 1747 1861 46
f 1849 46 1861
f 1859 475 1861
f 1860 1861 475
f 1744 1864 443
f 1859 443 1864
f 1862 473 1864
f 1863 1864 473
f 1863 1868 475
f 1867 475 1868
f 1865 58 1868
f 1866 1868 58
f 1860 1870 469
f 1852 469 1870
f 1867 474 1870
f 1869 1870 474
f 1759 1873 47
f 1862 47 1873
f 1871 478 1873
f 1872 1873 478
f 1756 1876 446
f 1871 446 1876
f 1875 1876 476
f 1874 476 1876
f 1879 478 1880
f 1875 1880 478
f 1878 1880 59
f 1877 59 1880
f 1872 1882 473
f 1865 473 1882
f 1879 477 1882
f 1881 1882 477
f 1874 48 1885
f 1771 1885 48
f 1884 1885 481
f 1883 481 1885
f 1888 1883 1768
f 449 1768 1883
f 479 1887 1886
f 1888 1886 1887
f 1891 481 1892
f 1887 1892 481
f 60 1890 1889
f 1892 1889 1890
f 1877 476 1894
f 1884 1894 476
f 1893 1894 480
f 1891 480 1894
f 1897 1886 1783
f 49 1783 1886
f 484 1896 1895
f 1897 1895 1896
f 1900 1895 1780
f 452 1780 1895
f 482 1899 1898
f 1900 1898 1899
f 1904 1903 1899
f 484 1899 1903
f 61 1902 1901
f 1904 1901 1902
f 1906 1889 1896
f 479 1896 1889
f 483 1905 1903
f 1906 1903 1905
f 1909 1898 1795
f 50 1795 1898
f 487 1908 1907
f 1909 1907 1908
f 1912 1907 1792
f 455 1792 1907
f 485 1911 1910
f 1912 1910 1911
f 1916 1915 1911
f 487 1911 1915
f 62 1914 1913
f 1916 1913 1914
f 1918 1901 1908
f 482 1908 1901
f 486 1917 1915
f 1918 1915 1917
f 1910 51 1921
f 1807 1921 51
f 1920 1921 490
f 1919 490 1921
f 1924 1919 1804
f 458 1804 1919
f 488 1923 1922
f 1924 1922 1923
f 1928 1927 1923
f 490 1923 1927
f 63 1926 1925
f 1928 1925 1926
f 1913 485 1930
f 1920 1930 485
f 1929 1930 489
f 1927 489 1930
f 1922 52 1933
f 1819 1933 52
f 1932 1933 493
f 1931 493 1933
f 1936 1931 1816
f 461 1816 1931
f 491 1935 1934
f 1936 1934 1935
f 1940 1939 1935
f 493 1935 1939
f 64 1938 1937
f 1940 1937 1938
f 1925 488 1942
f 1932 1942 488
f 1941 1942 492
f 1939 492 1942
f 1934 53 1945
f 1831 1945 53
f 496 1944 1943
f 1945 1943 1944
f 1948 1943 1828
f 464 1828 1943
f 494 1947 1946
f 1948 1946 1947
f 1952 1951 1947
f 496 1947 1951
f 65 1950 1949
f 1952 1949 1950
f 1937 491 1954
f 1944 1954 491
f 495 1953 1951
f 1954 1951 1953
f 1957 1946 1843
f 54 1843 1946
f 1957 1955 1956
f 499 1956 1955
f 467 1840 1955
f 1960 1955 1840
f 497 1959 1958
f 1960 1958 1959
f 499 1959 1963
f 1964 1963 1959
f 66 1962 1961
f 1964 1961 1962
f 1966 1949 1956
f 494 1956 1949
f 498 1965 1963
f 1966 1963 1965
f 56 1856 1969
f 1970 1969 1856
f 1970 1967 1968
f 503 1968 1967
f 1967 470 1973
f 1853 1973 470
f 1972 1973 500
f 1971 500 1973
f 503 1972 1976
f 1977 1976 1972
f 1975 1977 68
f 1974 68 1977
f 502 1968 1979
f 1980 1979 1968
f 1980 1976 1978
f 501 1978 1976
f 1971 57 1983
f 1869 1983 57
f 1982 1983 506
f 1981 506 1983
f 1866 1986 474
f 1981 474 1986
f 1984 504 1986
f 1985 1986 504
f 1989 506 1990
f 1985 1990 506
f 1988 1990 69
f 1987 69 1990
f 1974 500 1992
f 1982 1992 500
f 1991 1992 505
f 1989 505 1992
f 1881 1995 58
f 1984 58 1995
f 1994 1995 509
f 1993 509 1995
f 1993 477 1998
f 1878 1998 477
f 1997 1998 507
f 1996 507 1998
f 2001 509 2002
f 1997 2002 509
f 2000 2002 70
f 1999 70 2002
f 1987 504 2004
f 1994 2004 504
f 2003 2004 508
f 2001 508 2004
f 1996 59 2007
f 1893 2007 59
f 2006 2007 512
f 2005 512 2007
f 2005 480 2010
f 1890 2010 480
f 2009 2010 510
f 2008 510 2010
f 2013 512 2014
f 2009 2014 512
f 2012 2014 71
f 2011 71 2014
f 1999 507 2016
f 2006 2016 507
f 2015 2016 511
f 2013 511 2016
f 2008 60 2019
f 1905 2019 60
f 2018 2019 515
f 2017 515 2019
f 2022 2017 1902
f 483 1902 2017
f 513 2021 2020
f 2022 2020 2021
f 2026 2025 2021
f 515 2021 2025
f 72 2024 2023
f 2026 2023 2024
f 2011 510 2028
f 2018 2028 510
f 2027 2028 514
f 2025 514 2028
f 2031 2020 1917
f 61 1917 2020
f 518 2030 2029
f 2031 2029 2030
f 2034 2029 1914
f 486 1914 2029
f 516 2033 2032
f 2034 2032 2033
f 2038 2037 2033
f 518 2033 2037
f 73 2036 2035
f 2038 2035 2036
f 2040 2023 2030
f 513 2030 2023
f 517 2039 2037
f 2040 2037 2039
f 2032 62 2043
f 1929 2043 62
f 2042 2043 521
f 2041 521 2043
f 2046 2041 1926
f 489 1926 2041
f 519 2045 2044
f 2046 2044 2045
f 2050 2049 2045
f 521 2045 2049
f 74 2048 2047
f 2050 2047 2048
f 2052 2035 2042
f 516 2042 2035
f 2051 2052 520
f 2049 520 2052
f 2044 63 2055
f 1941 2055 63
f 2054 2055 524
f 2053 524 2055
f 2058 2053 1938
f 492 1938 2053
f 522 2057 2056
f 2058 2056 2057
f 2062 2061 2057
f 524 2057 2061
f 75 2060 2059
f 2062 2059 2060
f 2047 519 2064
f 2054 2064 519
f 2063 2064 523
f 2061 523 2064
f 2056 64 2067
f 1953 2067 64
f 527 2066 2065
f 2067 2065 2066
f 2070 2065 1950
f 495 1950 2065
f 525 2069 2068
f 2070 2068 2069
f 2073 527 2074
f 2069 2074 527
f 2071 76 2074
f 2072 2074 76
f 2059 522 2076
f 2066 2076 522
f 2075 2076 526
f 2073 526 2076
f 2079 2068 1965
f 65 1965 2068
f 530 2078 2077
f 2079 2077 2078
f 1962 2082 498
f 2077 498 2082
f 2080 528 2082
f 2081 2082 528
f 2081 2086 530
f 2085 530 2086
f 2083 77 2086
f 2084 2086 77
f 2078 2088 525
f 2071 525 2088
f 2085 529 2088
f 2087 2088 529
f 1978 2092 67
f 2091 67 2092
f 2089 534 2092
f 2090 2092 534
f 1975 2095 501
f 2089 501 2095
f 2093 531 2095
f 2094 2095 531
f 2094 2099 534
f 2098 534 2099
f 2096 79 2099
f 2097 2099 79
f 2090 2102 533
f 2101 533 2102
f 2098 532 2102
f 2100 2102 532
f 1991 2105 68
f 2093 68 2105
f 2103 537 2105
f 2104 2105 537
f 2103 505 2108
f 1988 2108 505
f 2107 2108 535
f 2106 535 2108
f 2107 2112 537
f 2111 537 2112
f 2110 2112 80
f 2109 80 2112
f 2104 2114 531
f 2096 531 2114
f 2111 536 2114
f 2113 2114 536
f 2106 69 2117
f 2003 2117 69
f 2117 2115 2116
f 540 2116 2115
f 508 2000 2115
f 2120 2115 2000
f 2120 2118 2119
f 538 2119 2118
f 540 2119 2123
f 2124 2123 2119
f 2124 2121 2122
f 81 2122 2121
f 535 2116 2109
f 2126 2109 2116
f 2126 2123 2125
f 539 2125 2123
f 70 2015 2118
f 2129 2118 2015
f 2129 2127 2128
f 543 2128 2127
f 511 2012 2127
f 2132 2127 2012
f 2132 2130 2131
f 541 2131 2130
f 543 2131 2135
f 2136 2135 2131
f 2136 2133 2134
f 82 2134 2133
f 538 2128 2121
f 2138 2121 2128
f 2138 2135 2137
f 542 2137 2135
f 2027 2141 71
f 2130 71 2141
f 2141 2139 2140
f 546 2140 2139
f 2024 2144 514
f 2139 514 2144
f 2142 544 2144
f 2143 2144 544
f 2143 2148 546
f 2147 546 2148
f 2145 83 2148
f 2146 2148 83
f 541 2140 2133
f 2150 2133 2140
f 2150 2147 2149
f 545 2149 2147
f 2039 2153 72
f 2142 72 2153
f 2151 549 2153
f 2152 2153 549
f 2036 2156 517
f 2151 517 2156
f 2154 547 2156
f 2155 2156 547
f 2155 2160 549
f 2159 549 2160
f 2157 84 2160
f 2158 2160 84
f 2152 2162 544
f 2145 544 2162
f 2159 548 2162
f 2161 2162 548
f 73 2051 2154
f 2165 2154 2051
f 2165 2163 2164
f 552 2164 2163
f 2048 2168 520
f 2163 520 2168
f 2166 550 2168
f 2167 2168 550
f 2167 2172 552
f 2171 552 2172
f 2169 85 2172
f 2170 2172 85
f 547 2164 2157
f 2174 2157 2164
f 2174 2171 2173
f 551 2173 2171
f 74 2063 2166
f 2177 2166 2063
f 2177 2175 2176
f 555 2176 2175
f 2060 2180 523
f 2175 523 2180
f 2178 553 2180
f 2179 2180 553
f 2179 2184 555
f 2183 555 2184
f 2181 86 2184
f 2182 2184 86
f 550 2176 2169
f 2186 2169 2176
f 2186 2183 2185
f 554 2185 2183
f 75 2075 2178
f 2189 2178 2075
f 2187 558 2189
f 2188 2189 558
f 2072 2192 526
f 2187 526 2192
f 2190 556 2192
f 2191 2192 556
f 2191 2196 558
f 2195 558 2196
f 2193 87 2196
f 2194 2196 87
f 553 2188 2181
f 2198 2181 2188
f 2195 557 2198
f 2197 2198 557
f 2087 2201 76
f 2190 76 2201
f 2199 561 2201
f 2200 2201 561
f 2084 2204 529
f 2199 529 2204
f 2202 559 2204
f 2203 2204 559
f 2203 2208 561
f 2207 561 2208
f 2205 88 2208
f 2206 2208 88
f 2200 2210 556
f 2193 556 2210
f 2207 560 2210
f 2209 2210 560
f 2100 2214 78
f 2213 78 2214
f 2211 565 2214
f 2212 2214 565
f 2097 2217 532
f 2211 532 2217
f 2215 562 2217
f 2216 2217 562
f 2216 2221 565
f 2220 565 2221
f 2218 90 2221
f 2219 2221 90
f 2212 2224 564
f 2223 564 2224
f 2220 563 2224
f 2222 2224 563
f 2113 2227 79
f 2215 79 2227
f 2225 568 2227
f 2226 2227 568
f 2110 2230 536
f 2225 536 2230
f 2228 566 2230
f 2229 2230 566
f 2229 2234 568
f 2233 568 2234
f 2231 91 2234
f 2232 2234 91
f 2226 2236 562
f 2218 562 2236
f 2233 567 2236
f 2235 2236 567
f 80 2125 2228
f 2239 2228 2125
f 2239 2237 2238
f 571 2238 2237
f 539 2122 2237
f 2242 2237 2122
f 2242 2240 2241
f 569 2241 2240
f 571 2241 2245
f 2246 2245 2241
f 2246 2243 2244
f 92 2244 2243
f 566 2238 2231
f 2248 2231 2238
f 2248 2245 2247
f 570 2247 2245
f 81 2137 2240
f 2251 2240 2137
f 2251 2249 2250
f 574 2250 2249
f 542 2134 2249
f 2254 2249 2134
f 2252 572 2254
f 2253 2254 572
f 2253 2258 574
f 2257 574 2258
f 2255 93 2258
f 2256 2258 93
f 569 2250 2243
f 2260 2243 2250
f 2257 573 2260
f 2259 2260 573
f 2149 2263 82
f 2252 82 2263
f 2261 577 2263
f 2262 2263 577
f 2146 2266 545
f 2261 545 2266
f 2264 575 2266
f 2265 2266 575
f 2265 2270 577
f 2269 577 2270
f 2267 94 2270
f 2268 2270 94
f 2262 2272 572
f 2255 572 2272
f 2269 576 2272
f 2271 2272 576
f 2161 2275 83
f 2264 83 2275
f 2273 580 2275
f 2274 2275 580
f 2158 2278 548
f 2273 548 2278
f 2276 578 2278
f 2277 2278 578
f 2277 2282 580
f 2281 580 2282
f 2279 95 2282
f 2280 2282 95
f 2274 2284 575
f 2267 575 2284
f 2284 2281 2283
f 579 2283 2281
f 84 2173 2276
f 2287 2276 2173
f 2287 2285 2286
f 583 2286 2285
f 2170 2290 551
f 2285 551 2290
f 2288 581 2290
f 2289 2290 581
f 2289 2294 583
f 2293 583 2294
f 2291 96 2294
f 2292 2294 96
f 578 2286 2279
f 2296 2279 2286
f 2296 2293 2295
f 582 2295 2293
f 85 2185 2288
f 2299 2288 2185
f 2299 2297 2298
f 586 2298 2297
f 2182 2302 554
f 2297 554 2302
f 2300 584 2302
f 2301 2302 584
f 2301 2306 586
f 2305 586 2306
f 2303 97 2306
f 2304 2306 97
f 581 2298 2291
f 2308 2291 2298
f 2308 2305 2307
f 585 2307 2305
f 86 2197 2300
f 2311 2300 2197
f 2309 589 2311
f 2310 2311 589
f 2194 2314 557
f 2309 557 2314
f 2312 587 2314
f 2313 2314 587
f 2313 2318 589
f 2317 589 2318
f 2315 98 2318
f 2316 2318 98
f 584 2310 2303
f 2320 2303 2310
f 2320 2317 2319
f 588 2319 2317
f 2209 2323 87
f 2312 87 2323
f 2321 592 2323
f 2322 2323 592
f 2206 2326 560
f 2321 560 2326
f 2324 590 2326
f 2325 2326 590
f 2325 2330 592
f 2329 592 2330
f 2327 99 2330
f 2328 2330 99
f 2322 2332 587
f 2315 587 2332
f 2332 2329 2331
f 591 2331 2329
f 2222 2336 89
f 2335 89 2336
f 2336 2333 2334
f 596 2334 2333
f 2219 2339 563
f 2333 563 2339
f 2339 2337 2338
f 593 2338 2337
f 596 2338 2342
f 2343 2342 2338
f 2343 2340 2341
f 101 2341 2340
f 595 2334 2345
f 2346 2345 2334
f 2346 2342 2344
f 594 2344 2342
f 2235 2349 90
f 2337 90 2349
f 2349 2347 2348
f 599 2348 2347
f 2232 2352 567
f 2347 567 2352
f 2352 2350 2351
f 597 2351 2350
f 599 2351 2355
f 2356 2355 2351
f 2356 2353 2354
f 102 2354 2353
f 593 2348 2340
f 2358 2340 2348
f 2358 2355 2357
f 598 2357 2355
f 91 2247 2350
f 2361 2350 2247
f 2361 2359 2360
f 602 2360 2359
f 570 2244 2359
f 2364 2359 2244
f 2364 2362 2363
f 600 2363 2362
f 602 2363 2367
f 2368 2367 2363
f 2368 2365 2366
f 103 2366 2365
f 597 2360 2353
f 2370 2353 2360
f 2370 2367 2369
f 601 2369 2367
f 2259 2373 92
f 2362 92 2373
f 2373 2371 2372
f 605 2372 2371
f 2256 2376 573
f 2371 573 2376
f 2376 2374 2375
f 603 2375 2374
f 605 2375 2379
f 2380 2379 2375
f 2380 2377 2378
f 104 2378 2377
f 600 2372 2365
f 2382 2365 2372
f 2382 2379 2381
f 604 2381 2379
f 2271 2385 93
f 2374 93 2385
f 2385 2383 2384
f 608 2384 2383
f 2268 2388 576
f 2383 576 2388
f 2388 2386 2387
f 606 2387 2386
f 608 2387 2391
f 2392 2391 2387
f 2392 2389 2390
f 105 2390 2389
f 603 2384 2377
f 2394 2377 2384
f 2394 2391 2393
f 607 2393 2391
f 94 2283 2386
f 2397 2386 2283
f 2397 2395 2396
f 611 2396 2395
f 2280 2400 579
f 2395 579 2400
f 2400 2398 2399
f 609 2399 2398
f 611 2399 2403
f 2404 2403 2399
f 2404 2401 2402
f 106 2402 2401
f 606 2396 2389
f 2406 2389 2396
f 2406 2403 2405
f 610 2405 2403
f 95 2295 2398
f 2409 2398 2295
f 2409 2407 2408
f 614 2408 2407
f 2292 2412 582
f 2407 582 2412
f 2412 2410 2411
f 612 2411 2410
f 614 2411 2415
f 2416 2415 2411
f 2416 2413 2414
f 107 2414 2413
f 609 2408 2401
f 2418 2401 2408
f 2418 2415 2417
f 613 2417 2415
f 96 2307 2410
f 2421 2410 2307
f 2421 2419 2420
f 617 2420 2419
f 2304 2424 585
f 2419 585 2424
f 2424 2422 2423
f 615 2423 2422
f 617 2423 2427
f 2428 2427 2423
f 2428 2425 2426
f 108 2426 2425
f 612 2420 2413
f 2430 2413 2420
f 2430 2427 2429
f 616 2429 2427
f 97 2319 2422
f 2433 2422 2319
f 2433 2431 2432
f 620 2432 2431
f 2316 2436 588
f 2431 588 2436
f 2436 2434 2435
f 618 2435 2434
f 620 2435 2439
f 2440 2439 2435
f 2440 2437 2438
f 109 2438 2437
f 615 2432 2425
f 2442 2425 2432
f 2442 2439 2441
f 619 2441 2439
f 98 2331 2434
f 2445 2434 2331
f 2445 2443 2444
f 623 2444 2443
f 2328 2448 591
f 2443 591 2448
f 2448 2446 2447
f 621 2447 2446
f 623 2447 2451
f 2452 2451 2447
f 2452 2449 2450
f 110 2450 2449
f 618 2444 2437
f 2454 2437 2444
f 2454 2451 2453
f 622 2453 2451
f 100 2344 2457
f 2458 2457 2344
f 2458 2455 2456
f 627 2456 2455
f 594 2341 2455
f 2461 2455 2341
f 2461 2459 2460
f 624 2460 2459
f 627 2460 2464
f 2465 2464 2460
f 2465 2462 2463
f 112 2463 2462
f 626 2456 2467
f 2468 2467 2456
f 2468 2464 2466
f 625 2466 2464
f 101 2357 2459
f 2471 2459 2357
f 2471 2469 2470
f 630 2470 2469
f 598 2354 2469
f 2474 2469 2354
f 2474 2472 2473
f 628 2473 2472
f 630 2473 2477
f 2478 2477 2473
f 2478 2475 2476
f 113 2476 2475
f 624 2470 2462
f 2480 2462 2470
f 2480 2477 2479
f 629 2479 2477
f 102 2369 2472
f 2483 2472 2369
f 2483 2481 2482
f 633 2482 2481
f 601 2366 2481
f 2486 2481 2366
f 2486 2484 2485
f 631 2485 2484
f 633 2485 2489
f 2490 2489 2485
f 2490 2487 2488
f 114 2488 2487
f 628 2482 2475
f 2492 2475 2482
f 2492 2489 2491
f 632 2491 2489
f 103 2381 2484
f 2495 2484 2381
f 2495 2493 2494
f 636 2494 2493
f 604 2378 2493
f 2498 2493 2378
f 2498 2496 2497
f 634 2497 2496
f 636 2497 2501
f 2502 2501 2497
f 2502 2499 2500
f 115 2500 2499
f 631 2494 2487
f 2504 2487 2494
f 2504 2501 2503
f 635 2503 2501
f 104 2393 2496
f 2507 2496 2393
f 2507 2505 2506
f 639 2506 2505
f 607 2390 2505
f 2510 2505 2390
f 2510 2508 2509
f 637 2509 2508
f 639 2509 2513
f 2514 2513 2509
f 2514 2511 2512
f 116 2512 2511
f 634 2506 2499
f 2516 2499 2506
f 2516 2513 2515
f 638 2515 2513
f 105 2405 2508
f 2519 2508 2405
f 2519 2517 2518
f 642 2518 2517
f 610 2402 2517
f 2522 2517 2402
f 2522 2520 2521
f 640 2521 2520
f 642 2521 2525
f 2526 2525 2521
f 2526 2523 2524
f 117 2524 2523
f 637 2518 2511
f 2528 2511 2518
f 2528 2525 2527
f 641 2527 2525
f 106 2417 2520
f 2531 2520 2417
f 2531 2529 2530
f 645 2530 2529
f 613 2414 2529
f 2534 2529 2414
f 2534 2532 2533
f 643 2533 2532
f 645 2533 2537
f 2538 2537 2533
f 2538 2535 2536
f 118 2536 2535
f 640 2530 2523
f 2540 2523 2530
f 2540 2537 2539
f 644 2539 2537
f 107 2429 2532
f 2543 2532 2429
f 2543 2541 2542
f 648 2542 2541
f 616 2426 2541
f 2546 2541 2426
f 2546 2544 2545
f 646 2545 2544
f 648 2545 2549
f 2550 2549 2545
f 2550 2547 2548
f 119 2548 2547
f 643 2542 2535
f 2552 2535 2542
f 2552 2549 2551
f 647 2551 2549
f 108 2441 2544
f 2555 2544 2441
f 2555 2553 2554
f 651 2554 2553
f 619 2438 2553
f 2558 2553 2438
f 2558 2556 2557
f 649 2557 2556
f 651 2557 2561
f 2562 2561 2557
f 2562 2559 2560
f 120 2560 2559
f 646 2554 2547
f 2564 2547 2554
f 2564 2561 2563
f 650 2563 2561
f 109 2453 2556
f 2567 2556 2453
f 2567 2565 2566
f 654 2566 2565
f 622 2450 2565
f 2570 2565 2450
f 2570 2568 2569
f 652 2569 2568
f 654 2569 2573
f 2574 2573 2569
f 2574 2571 2572
f 121 2572 2571
f 649 2566 2559
f 2576 2559 2566
f 2576 2573 2575
f 653 2575 2573
f 2466 2580 111
f 2579 111 2580
f 2577 658 2580
f 2578 2580 658
f 2463 2583 625
f 2577 625 2583
f 2581 655 2583
f 2582 2583 655
f 2582 2587 658
f 2586 658 2587
f 2584 123 2587
f 2585 2587 123
f 2578 2590 657
f 2589 657 2590
f 2586 656 2590
f 2588 2590 656
f 112 2479 2581
f 2593 2581 2479
f 2591 661 2593
f 2592 2593 661
f 2476 2596 629
f 2591 629 2596
f 2594 659 2596
f 2595 2596 659
f 2595 2600 661
f 2599 661 2600
f 2597 124 2600
f 2598 2600 124
f 2592 2602 655
f 2584 655 2602
f 2599 660 2602
f 2601 2602 660
f 113 2491 2594
f 2605 2594 2491
f 2603 664 2605
f 2604 2605 664
f 2488 2608 632
f 2603 632 2608
f 2606 662 2608
f 2607 2608 662
f 2607 2612 664
f 2611 664 2612
f 2609 125 2612
f 2610 2612 125
f 2604 2614 659
f 2597 659 2614
f 2611 663 2614
f 2613 2614 663
f 114 2503 2606
f 2617 2606 2503
f 2617 2615 2616
f 667 2616 2615
f 2500 2620 635
f 2615 635 2620
f 2618 665 2620
f 2619 2620 665
f 2619 2624 667
f 2623 667 2624
f 2621 126 2624
f 2622 2624 126
f 662 2616 2609
f 2626 2609 2616
f 2623 666 2626
f 2625 2626 666
f 115 2515 2618
f 2629 2618 2515
f 2629 2627 2628
f 670 2628 2627
f 2512 2632 638
f 2627 638 2632
f 2630 668 2632
f 2631 2632 668
f 2631 2636 670
f 2635 670 2636
f 2633 127 2636
f 2634 2636 127
f 665 2628 2621
f 2638 2621 2628
f 2638 2635 2637
f 669 2637 2635
f 116 2527 2630
f 2641 2630 2527
f 2641 2639 2640
f 673 2640 2639
f 2524 2644 641
f 2639 641 2644
f 2642 671 2644
f 2643 2644 671
f 2643 2648 673
f 2647 673 2648
f 2645 128 2648
f 2646 2648 128
f 668 2640 2633
f 2650 2633 2640
f 2650 2647 2649
f 672 2649 2647
f 117 2539 2642
f 2653 2642 2539
f 2653 2651 2652
f 676 2652 2651
f 2536 2656 644
f 2651 644 2656
f 2654 674 2656
f 2655 2656 674
f 2655 2660 676
f 2659 676 2660
f 2657 129 2660
f 2658 2660 129
f 671 2652 2645
f 2662 2645 2652
f 2662 2659 2661
f 675 2661 2659
f 118 2551 2654
f 2665 2654 2551
f 2665 2663 2664
f 679 2664 2663
f 2548 2668 647
f 2663 647 2668
f 2666 677 2668
f 2667 2668 677
f 2667 2672 679
f 2671 679 2672
f 2669 130 2672
f 2670 2672 130
f 674 2664 2657
f 2674 2657 2664
f 2674 2671 2673
f 678 2673 2671
f 119 2563 2666
f 2677 2666 2563
f 2677 2675 2676
f 682 2676 2675
f 2560 2680 650
f 2675 650 2680
f 2678 680 2680
f 2679 2680 680
f 2679 2684 682
f 2683 682 2684
f 2681 131 2684
f 2682 2684 131
f 677 2676 2669
f 2686 2669 2676
f 2686 2683 2685
f 681 2685 2683
f 120 2575 2678
f 2689 2678 2575
f 2689 2687 2688
f 685 2688 2687
f 2572 2692 653
f 2687 653 2692
f 2690 683 2692
f 2691 2692 683
f 2691 2696 685
f 2695 685 2696
f 2693 132 2696
f 2694 2696 132
f 680 2688 2681
f 2698 2681 2688
f 2698 2695 2697
f 684 2697 2695
f 2588 2702 122
f 2701 122 2702
f 2699 688 2702
f 2700 2702 688
f 2585 2705 656
f 2699 656 2705
f 2703 686 2705
f 2704 2705 686
f 688 2704 2707
f 2708 2707 2704
f 2708 2706 1342
f 2 1342 2706
f 687 2700 2709
f 2710 2709 2700
f 2710 2707 1337
f 335 1337 2707
f 2601 2713 123
f 2703 123 2713
f 2711 690 2713
f 2712 2713 690
f 2598 2716 660
f 2711 660 2716
f 2714 689 2716
f 2715 2716 689
f 2715 2719 690
f 2718 690 2719
f 2719 2717 1357
f 3 1357 2717
f 2712 2720 686
f 2706 686 2720
f 2720 2718 1353
f 340 1353 2718
f 2613 2723 124
f 2714 124 2723
f 2721 692 2723
f 2722 2723 692
f 2610 2726 663
f 2721 663 2726
f 2724 691 2726
f 2725 2726 691
f 2725 2729 692
f 2728 692 2729
f 2729 2727 1371
f 4 1371 2727
f 2722 2730 689
f 2717 689 2730
f 2730 2728 1367
f 344 1367 2728
f 2625 2733 125
f 2724 125 2733
f 2731 694 2733
f 2732 2733 694
f 2622 2736 666
f 2731 666 2736
f 2734 693 2736
f 2735 2736 693
f 2735 2739 694
f 2738 694 2739
f 2737 5 2739
f 1385 2739 5
f 2732 2740 691
f 2727 691 2740
f 2738 348 2740
f 1381 2740 348
f 126 2637 2734
f 2743 2734 2637
f 2743 2741 2742
f 696 2742 2741
f 2634 2746 669
f 2741 669 2746
f 2744 695 2746
f 2745 2746 695
f 2745 2749 696
f 2748 696 2749
f 2747 6 2749
f 1399 2749 6
f 2742 2750 693
f 2737 693 2750
f 2748 352 2750
f 1395 2750 352
f 127 2649 2744
f 2753 2744 2649
f 2753 2751 2752
f 698 2752 2751
f 2646 2756 672
f 2751 672 2756
f 2754 697 2756
f 2755 2756 697
f 2755 2759 698
f 2758 698 2759
f 2757 7 2759
f 1413 2759 7
f 695 2752 2747
f 2760 2747 2752
f 2760 2758 1409
f 356 1409 2758
f 128 2661 2754
f 2763 2754 2661
f 2763 2761 2762
f 700 2762 2761
f 2658 2766 675
f 2761 675 2766
f 2764 699 2766
f 2765 2766 699
f 2765 2769 700
f 2768 700 2769
f 2767 8 2769
f 1427 2769 8
f 697 2762 2757
f 2770 2757 2762
f 2770 2768 1423
f 360 1423 2768
f 129 2673 2764
f 2773 2764 2673
f 2773 2771 2772
f 702 2772 2771
f 2670 2776 678
f 2771 678 2776
f 2774 701 2776
f 2775 2776 701
f 2775 2779 702
f 2778 702 2779
f 2777 9 2779
f 1441 2779 9
f 699 2772 2767
f 2780 2767 2772
f 2780 2778 1437
f 364 1437 2778
f 130 2685 2774
f 2783 2774 2685
f 2783 2781 2782
f 704 2782 2781
f 2682 2786 681
f 2781 681 2786
f 2784 703 2786
f 2785 2786 703
f 2785 2789 704
f 2788 704 2789
f 2787 10 2789
f 1455 2789 10
f 701 2782 2777
f 2790 2777 2782
f 2790 2788 1451
f 368 1451 2788
f 131 2697 2784
f 2793 2784 2697
f 2793 2791 2792
f 706 2792 2791
f 2694 2796 684
f 2791 684 2796
f 2794 705 2796
f 2795 2796 705
f 2795 2799 706
f 2798 706 2799
f 2797 11 2799
f 1469 2799 11
f 703 2792 2787
f 2800 2787 2792
f 2800 2798 1465
f 372 1465 2798
f 34 1725 2803
f 2804 2803 1725
f 2804 2801 2802
f 710 2802 2801
f 2807 2801 1735
f 440 1735 2801
f 707 2806 2805
f 2807 2805 2806
f 2811 2810 2806
f 710 2806 2810
f 134 2809 2808
f 2811 2808 2809
f 709 2802 2813
f 2814 2813 2802
f 708 2812 2810
f 2814 2810 2812
f 2817 2805 1847
f 45 1847 2805
f 2817 2815 2816
f 713 2816 2815
f 471 1857 2815
f 2820 2815 1857
f 2820 2818 2819
f 711 2819 2818
f 713 2819 2823
f 2824 2823 2819
f 2824 2821 2822
f 135 2822 2821
f 2826 2808 2816
f 707 2816 2808
f 712 2825 2823
f 2826 2823 2825
f 2830 2829 2812
f 133 2812 2829
f 717 2828 2827
f 2830 2827 2828
f 2833 2827 2809
f 708 2809 2827
f 714 2832 2831
f 2833 2831 2832
f 2837 2836 2832
f 717 2832 2836
f 137 2835 2834
f 2837 2834 2835
f 2840 2839 2828
f 716 2828 2839
f 715 2838 2836
f 2840 2836 2838
f 2843 2831 2825
f 134 2825 2831
f 720 2842 2841
f 2843 2841 2842
f 712 2822 2841
f 2846 2841 2822
f 2846 2844 2845
f 718 2845 2844
f 2850 2849 2845
f 720 2845 2849
f 138 2848 2847
f 2850 2847 2848
f 2852 2834 2842
f 714 2842 2834
f 2851 2852 719
f 2849 719 2852
f 136 2838 2855
f 2856 2855 2838
f 2856 2853 2854
f 724 2854 2853
f 2859 2853 2835
f 715 2835 2853
f 2857 721 2859
f 2858 2859 721
f 724 2858 2862
f 2863 2862 2858
f 2860 140 2863
f 2861 2863 140
f 723 2854 2865
f 2866 2865 2854
f 2866 2862 2864
f 722 2864 2862
f 2851 2869 137
f 2857 137 2869
f 2867 727 2869
f 2868 2869 727
f 2848 2872 719
f 2867 719 2872
f 2870 725 2872
f 2871 2872 725
f 2871 2876 727
f 2875 727 2876
f 2873 141 2876
f 2874 2876 141
f 2868 2878 721
f 2860 721 2878
f 2875 726 2878
f 2877 2878 726
f 141 2873 2881
f 2882 2881 2873
f 2882 2879 2880
f 731 2880 2879
f 725 2870 2879
f 2885 2879 2870
f 2885 2883 2884
f 728 2884 2883
f 731 2884 2888
f 2889 2888 2884
f 2889 2886 2887
f 142 2887 2886
f 730 2880 2891
f 2892 2891 2880
f 2892 2888 2890
f 729 2890 2888
f 66 1961 2895
f 2896 2895 1961
f 2896 2893 2894
f 735 2894 2893
f 497 1958 2893
f 2899 2893 1958
f 2899 2897 2898
f 732 2898 2897
f 735 2898 2902
f 2903 2902 2898
f 2900 145 2903
f 2901 2903 145
f 2894 2906 734
f 2905 734 2906
f 2906 2902 2904
f 733 2904 2902
f 1839 2909 55
f 2897 55 2909
f 2907 738 2909
f 2908 2909 738
f 1836 2912 466
f 2907 466 2912
f 2910 736 2912
f 2911 2912 736
f 2911 2916 738
f 2915 738 2916
f 2913 144 2916
f 2914 2916 144
f 2908 2918 732
f 2900 732 2918
f 2915 737 2918
f 2917 2918 737
f 2904 2922 146
f 2921 146 2922
f 2922 2919 2920
f 742 2920 2919
f 733 2901 2919
f 2925 2919 2901
f 2925 2923 2924
f 739 2924 2923
f 742 2924 2928
f 2929 2928 2924
f 2929 2926 2927
f 148 2927 2926
f 741 2920 2931
f 2932 2931 2920
f 2932 2928 2930
f 740 2930 2928
f 2917 2935 145
f 2923 145 2935
f 2933 745 2935
f 2934 2935 745
f 2914 2938 737
f 2933 737 2938
f 2936 743 2938
f 2937 2938 743
f 2937 2942 745
f 2941 745 2942
f 2939 147 2942
f 2940 2942 147
f 2934 2944 739
f 2926 739 2944
f 2941 744 2944
f 2943 2944 744
f 2949 2948 2945
f 150 2945 2948
f 750 2947 2946
f 2949 2946 2947
f 2953 2946 2950
f 746 2950 2946
f 747 2952 2951
f 2953 2951 2952
f 2957 2956 2952
f 750 2952 2956
f 162 2955 2954
f 2957 2954 2955
f 2960 2959 2947
f 749 2947 2959
f 748 2958 2956
f 2960 2956 2958
f 2964 2963 2958
f 151 2958 2963
f 754 2962 2961
f 2964 2961 2962
f 2967 2961 2955
f 748 2955 2961
f 751 2966 2965
f 2967 2965 2966
f 2971 2970 2966
f 754 2966 2970
f 163 2969 2968
f 2971 2968 2969
f 2974 2973 2962
f 753 2962 2973
f 752 2972 2970
f 2974 2970 2972
f 2978 2977 2972
f 152 2972 2977
f 758 2976 2975
f 2978 2975 2976
f 2981 2975 2969
f 752 2969 2975
f 755 2980 2979
f 2981 2979 2980
f 2985 2984 2980
f 758 2980 2984
f 164 2983 2982
f 2985 2982 2983
f 2988 2987 2976
f 757 2976 2987
f 756 2986 2984
f 2988 2984 2986
f 2992 2991 2986
f 153 2986 2991
f 762 2990 2989
f 2992 2989 2990
f 2995 2989 2983
f 756 2983 2989
f 759 2994 2993
f 2995 2993 2994
f 2999 2998 2994
f 762 2994 2998
f 165 2997 2996
f 2999 2996 2997
f 2990 3002 761
f 3001 761 3002
f 2998 760 3002
f 3000 3002 760
f 3000 3006 154
f 3005 154 3006
f 3003 766 3006
f 3004 3006 766
f 2997 3009 760
f 3003 760 3009
f 3007 763 3009
f 3008 3009 763
f 3008 3013 766
f 3012 766 3013
f 3010 166 3013
f 3011 3013 166
f 3004 3016 765
f 3015 765 3016
f 3012 764 3016
f 3014 3016 764
f 3014 3020 155
f 3019 155 3020
f 3017 770 3020
f 3018 3020 770
f 3011 3023 764
f 3017 764 3023
f 3021 767 3023
f 3022 3023 767
f 3027 3026 3022
f 770 3022 3026
f 167 3025 3024
f 3027 3024 3025
f 3030 3029 3018
f 769 3018 3029
f 768 3028 3026
f 3030 3026 3028
f 3028 3034 156
f 3033 156 3034
f 3031 774 3034
f 3032 3034 774
f 3025 3037 768
f 3031 768 3037
f 3035 771 3037
f 3036 3037 771
f 3041 3040 3036
f 774 3036 3040
f 168 3039 3038
f 3041 3038 3039
f 3044 3043 3032
f 773 3032 3043
f 772 3042 3040
f 3044 3040 3042
f 3042 3048 157
f 3047 157 3048
f 3045 778 3048
f 3046 3048 778
f 3039 3051 772
f 3045 772 3051
f 3049 775 3051
f 3050 3051 775
f 3055 3054 3050
f 778 3050 3054
f 169 3053 3052
f 3055 3052 3053
f 3058 3057 3046
f 777 3046 3057
f 776 3056 3054
f 3058 3054 3056
f 3056 3062 158
f 3061 158 3062
f 3059 782 3062
f 3060 3062 782
f 3053 3065 776
f 3059 776 3065
f 3063 779 3065
f 3064 3065 779
f 3069 3068 3064
f 782 3064 3068
f 170 3067 3066
f 3069 3066 3067
f 3072 3071 3060
f 781 3060 3071
f 780 3070 3068
f 3072 3068 3070
f 3070 3076 159
f 3075 159 3076
f 3073 786 3076
f 3074 3076 786
f 3067 3079 780
f 3073 780 3079
f 3077 783 3079
f 3078 3079 783
f 3083 3082 3078
f 786 3078 3082
f 171 3081 3080
f 3083 3080 3081
f 3086 3085 3074
f 785 3074 3085
f 784 3084 3082
f 3086 3082 3084
f 161 3087 2951
f 3090 2951 3087
f 3090 3088 3089
f 790 3089 3088
f 787 3091 3088
f 3094 3088 3091
f 3094 3092 3093
f 788 3093 3092
f 790 3093 3097
f 3098 3097 3093
f 3098 3095 3096
f 173 3096 3095
f 3100 2954 3089
f 747 3089 2954
f 3100 3097 3099
f 789 3099 3097
f 3103 2965 3099
f 162 3099 2965
f 793 3102 3101
f 3103 3101 3102
f 3106 3101 3096
f 789 3096 3101
f 791 3105 3104
f 3106 3104 3105
f 3110 3109 3105
f 793 3105 3109
f 174 3108 3107
f 3110 3107 3108
f 3112 2968 3102
f 751 3102 2968
f 792 3111 3109
f 3112 3109 3111
f 3115 2979 3111
f 163 3111 2979
f 796 3114 3113
f 3115 3113 3114
f 3118 3113 3108
f 792 3108 3113
f 794 3117 3116
f 3118 3116 3117
f 3122 3121 3117
f 796 3117 3121
f 3119 175 3122
f 3120 3122 175
f 3124 2982 3114
f 755 3114 2982
f 795 3123 3121
f 3124 3121 3123
f 3127 2993 3123
f 164 3123 2993
f 799 3126 3125
f 3127 3125 3126
f 3130 3125 3120
f 795 3120 3125
f 3128 797 3130
f 3129 3130 797
f 3134 3133 3129
f 799 3129 3133
f 176 3132 3131
f 3134 3131 3132
f 3136 2996 3126
f 759 3126 2996
f 798 3135 3133
f 3136 3133 3135
f 3139 3007 3135
f 165 3135 3007
f 802 3138 3137
f 3139 3137 3138
f 3142 3137 3132
f 798 3132 3137
f 800 3141 3140
f 3142 3140 3141
f 3146 3145 3141
f 802 3141 3145
f 177 3144 3143
f 3146 3143 3144
f 3138 3148 763
f 3010 763 3148
f 801 3147 3145
f 3148 3145 3147
f 3147 3151 166
f 3021 166 3151
f 3149 805 3151
f 3150 3151 805
f 3144 3154 801
f 3149 801 3154
f 3152 803 3154
f 3153 3154 803
f 3158 3157 3153
f 805 3153 3157
f 178 3156 3155
f 3158 3155 3156
f 3160 3024 3150
f 767 3150 3024
f 804 3159 3157
f 3160 3157 3159
f 3159 3163 167
f 3035 167 3163
f 3161 808 3163
f 3162 3163 808
f 3156 3166 804
f 3161 804 3166
f 3164 806 3166
f 3165 3166 806
f 3170 3169 3165
f 808 3165 3169
f 179 3168 3167
f 3170 3167 3168
f 3172 3038 3162
f 771 3162 3038
f 807 3171 3169
f 3172 3169 3171
f 3171 3175 168
f 3049 168 3175
f 3173 811 3175
f 3174 3175 811
f 3168 3178 807
f 3173 807 3178
f 3176 809 3178
f 3177 3178 809
f 3182 3181 3177
f 811 3177 3181
f 180 3180 3179
f 3182 3179 3180
f 3184 3052 3174
f 775 3174 3052
f 810 3183 3181
f 3184 3181 3183
f 3183 3187 169
f 3063 169 3187
f 814 3186 3185
f 3187 3185 3186
f 3180 3190 810
f 3185 810 3190
f 812 3189 3188
f 3190 3188 3189
f 3194 3193 3189
f 814 3189 3193
f 181 3192 3191
f 3194 3191 3192
f 3196 3066 3186
f 779 3186 3066
f 813 3195 3193
f 3196 3193 3195
f 3195 3199 170
f 3077 170 3199
f 817 3198 3197
f 3199 3197 3198
f 3202 3197 3192
f 813 3192 3197
f 815 3201 3200
f 3202 3200 3201
f 3206 3205 3201
f 817 3201 3205
f 182 3204 3203
f 3206 3203 3204
f 3208 3080 3198
f 783 3198 3080
f 816 3207 3205
f 3208 3205 3207
f 172 3209 3092
f 3212 3092 3209
f 3212 3210 3211
f 821 3211 3210
f 818 3213 3210
f 3216 3210 3213
f 3216 3214 3215
f 819 3215 3214
f 821 3215 3219
f 3220 3219 3215
f 3220 3217 3218
f 184 3218 3217
f 788 3211 3095
f 3222 3095 3211
f 3222 3219 3221
f 820 3221 3219
f 173 3221 3104
f 3225 3104 3221
f 3225 3223 3224
f 824 3224 3223
f 820 3218 3223
f 3228 3223 3218
f 3228 3226 3227
f 822 3227 3226
f 3232 3231 3227
f 824 3227 3231
f 3229 185 3232
f 3230 3232 185
f 3234 3107 3224
f 791 3224 3107
f 823 3233 3231
f 3234 3231 3233
f 3233 3237 174
f 3116 174 3237
f 3235 827 3237
f 3236 3237 827
f 3230 3240 823
f 3235 823 3240
f 3238 825 3240
f 3239 3240 825
f 3239 3244 827
f 3243 827 3244
f 3241 186 3244
f 3242 3244 186
f 3236 3246 794
f 3119 794 3246
f 3243 826 3246
f 3245 3246 826
f 3245 3249 175
f 3128 175 3249
f 3247 830 3249
f 3248 3249 830
f 3242 3252 826
f 3247 826 3252
f 3250 828 3252
f 3251 3252 828
f 3251 3256 830
f 3255 830 3256
f 3253 187 3256
f 3254 3256 187
f 3248 3258 797
f 3131 797 3258
f 3255 829 3258
f 3257 3258 829
f 3257 3261 176
f 3140 176 3261
f 3259 833 3261
f 3260 3261 833
f 3254 3264 829
f 3259 829 3264
f 3262 831 3264
f 3263 3264 831
f 3263 3268 833
f 3267 833 3268
f 3265 188 3268
f 3266 3268 188
f 3260 3270 800
f 3143 800 3270
f 3267 832 3270
f 3269 3270 832
f 3269 3273 177
f 3152 177 3273
f 3271 836 3273
f 3272 3273 836
f 3266 3276 832
f 3271 832 3276
f 3274 834 3276
f 3275 3276 834
f 3275 3280 836
f 3279 836 3280
f 3277 189 3280
f 3278 3280 189
f 3272 3282 803
f 3155 803 3282
f 3279 835 3282
f 3281 3282 835
f 3281 3285 178
f 3164 178 3285
f 3283 839 3285
f 3284 3285 839
f 3278 3288 835
f 3283 835 3288
f 3286 837 3288
f 3287 3288 837
f 3287 3292 839
f 3291 839 3292
f 3289 190 3292
f 3290 3292 190
f 3284 3294 806
f 3167 806 3294
f 3291 838 3294
f 3293 3294 838
f 3293 3297 179
f 3176 179 3297
f 3295 842 3297
f 3296 3297 842
f 3290 3300 838
f 3295 838 3300
f 3298 840 3300
f 3299 3300 840
f 3299 3304 842
f 3303 842 3304
f 3301 191 3304
f 3302 3304 191
f 3296 3306 809
f 3179 809 3306
f 3303 841 3306
f 3305 3306 841
f 3305 3309 180
f 3188 180 3309
f 3307 845 3309
f 3308 3309 845
f 3302 3312 841
f 3307 841 3312
f 3310 843 3312
f 3311 3312 843
f 3311 3316 845
f 3315 845 3316
f 3313 192 3316
f 3314 3316 192
f 3308 3318 812
f 3191 812 3318
f 3315 844 3318
f 3317 3318 844
f 3321 3200 3317
f 181 3317 3200
f 3319 848 3321
f 3320 3321 848
f 3314 3324 844
f 3319 844 3324
f 3322 846 3324
f 3323 3324 846
f 3328 3327 3323
f 848 3323 3327
f 193 3326 3325
f 3328 3325 3326
f 3330 3203 3320
f 815 3320 3203
f 3327 847 3330
f 3329 3330 847
f 183 3331 3214
f 3334 3214 3331
f 3334 3332 3333
f 852 3333 3332
f 849 3335 3332
f 3338 3332 3335
f 3336 850 3338
f 3337 3338 850
f 852 3337 3341
f 3342 3341 3337
f 3342 3339 3340
f 195 3340 3339
f 819 3333 3217
f 3344 3217 3333
f 3344 3341 3343
f 851 3343 3341
f 184 3343 3226
f 3347 3226 3343
f 3347 3345 3346
f 855 3346 3345
f 851 3340 3345
f 3350 3345 3340
f 3348 853 3350
f 3349 3350 853
f 3349 3354 855
f 3353 855 3354
f 3351 196 3354
f 3352 3354 196
f 3356 3229 3346
f 822 3346 3229
f 3353 854 3356
f 3355 3356 854
f 3355 3359 185
f 3238 185 3359
f 3357 858 3359
f 3358 3359 858
f 3352 3362 854
f 3357 854 3362
f 3360 856 3362
f 3361 3362 856
f 3361 3366 858
f 3365 858 3366
f 3363 197 3366
f 3364 3366 197
f 3358 3368 825
f 3241 825 3368
f 3365 857 3368
f 3367 3368 857
f 3367 3371 186
f 3250 186 3371
f 3369 861 3371
f 3370 3371 861
f 3364 3374 857
f 3369 857 3374
f 3372 859 3374
f 3373 3374 859
f 3373 3378 861
f 3377 861 3378
f 198 3376 3375
f 3378 3375 3376
f 3370 3380 828
f 3253 828 3380
f 3377 860 3380
f 3379 3380 860
f 3379 3383 187
f 3262 187 3383
f 3381 864 3383
f 3382 3383 864
f 3376 3386 860
f 3381 860 3386
f 862 3385 3384
f 3386 3384 3385
f 3385 3390 864
f 3389 864 3390
f 199 3388 3387
f 3390 3387 3388
f 3382 3392 831
f 3265 831 3392
f 3389 863 3392
f 3391 3392 863
f 3391 3395 188
f 3274 188 3395
f 3393 867 3395
f 3394 3395 867
f 3388 3398 863
f 3393 863 3398
f 865 3397 3396
f 3398 3396 3397
f 3397 3402 867
f 3401 867 3402
f 200 3400 3399
f 3402 3399 3400
f 3394 3404 834
f 3277 834 3404
f 3401 866 3404
f 3403 3404 866
f 3403 3407 189
f 3286 189 3407
f 3405 870 3407
f 3406 3407 870
f 3400 3410 866
f 3405 866 3410
f 3408 868 3410
f 3409 3410 868
f 3409 3414 870
f 3413 870 3414
f 201 3412 3411
f 3414 3411 3412
f 3406 3416 837
f 3289 837 3416
f 3413 869 3416
f 3415 3416 869
f 3415 3419 190
f 3298 190 3419
f 3417 873 3419
f 3418 3419 873
f 3412 3422 869
f 3417 869 3422
f 3420 871 3422
f 3421 3422 871
f 3421 3426 873
f 3425 873 3426
f 202 3424 3423
f 3426 3423 3424
f 3418 3428 840
f 3301 840 3428
f 3425 872 3428
f 3427 3428 872
f 3427 3431 191
f 3310 191 3431
f 3429 876 3431
f 3430 3431 876
f 3424 3434 872
f 3429 872 3434
f 874 3433 3432
f 3434 3432 3433
f 3433 3438 876
f 3437 876 3438
f 203 3436 3435
f 3438 3435 3436
f 3430 3440 843
f 3313 843 3440
f 3437 875 3440
f 3439 3440 875
f 3439 3443 192
f 3322 192 3443
f 3441 879 3443
f 3442 3443 879
f 3436 3446 875
f 3441 875 3446
f 877 3445 3444
f 3446 3444 3445
f 3445 3450 879
f 3449 879 3450
f 3450 3447 3448
f 204 3448 3447
f 3442 3452 846
f 3325 846 3452
f 3452 3449 3451
f 878 3451 3449
f 3453 3456 194
f 3336 194 3456
f 3454 883 3456
f 3455 3456 883
f 3457 3460 880
f 3454 880 3460
f 3458 881 3460
f 3459 3460 881
f 3459 3464 883
f 3463 883 3464
f 3461 206 3464
f 3462 3464 206
f 3455 3466 850
f 3339 850 3466
f 3463 882 3466
f 3465 3466 882
f 3465 3469 195
f 3348 195 3469
f 3467 886 3469
f 3468 3469 886
f 3462 3472 882
f 3467 882 3472
f 3470 884 3472
f 3471 3472 884
f 3471 3476 886
f 3475 886 3476
f 3473 207 3476
f 3474 3476 207
f 3468 3478 853
f 3351 853 3478
f 3475 885 3478
f 3477 3478 885
f 3477 3481 196
f 3360 196 3481
f 3479 889 3481
f 3480 3481 889
f 3474 3484 885
f 3479 885 3484
f 3482 887 3484
f 3483 3484 887
f 3483 3488 889
f 3487 889 3488
f 3485 208 3488
f 3486 3488 208
f 3480 3490 856
f 3363 856 3490
f 3487 888 3490
f 3489 3490 888
f 3489 3493 197
f 3372 197 3493
f 3491 892 3493
f 3492 3493 892
f 3486 3496 888
f 3491 888 3496
f 3494 890 3496
f 3495 3496 890
f 3495 3500 892
f 3499 892 3500
f 209 3498 3497
f 3500 3497 3498
f 3502 3375 3492
f 859 3492 3375
f 891 3501 3499
f 3502 3499 3501
f 3505 3384 3501
f 198 3501 3384
f 895 3504 3503
f 3505 3503 3504
f 3508 3503 3498
f 891 3498 3503
f 893 3507 3506
f 3508 3506 3507
f 3512 3511 3507
f 895 3507 3511
f 210 3510 3509
f 3512 3509 3510
f 3514 3387 3504
f 862 3504 3387
f 894 3513 3511
f 3514 3511 3513
f 3517 3396 3513
f 199 3513 3396
f 898 3516 3515
f 3517 3515 3516
f 3520 3515 3510
f 894 3510 3515
f 896 3519 3518
f 3520 3518 3519
f 3524 3523 3519
f 898 3519 3523
f 211 3522 3521
f 3524 3521 3522
f 3526 3399 3516
f 865 3516 3399
f 897 3525 3523
f 3526 3523 3525
f 3525 3529 200
f 3408 200 3529
f 3527 901 3529
f 3528 3529 901
f 3522 3532 897
f 3527 897 3532
f 3530 899 3532
f 3531 3532 899
f 3536 3535 3531
f 901 3531 3535
f 212 3534 3533
f 3536 3533 3534
f 3538 3411 3528
f 868 3528 3411
f 900 3537 3535
f 3538 3535 3537
f 3537 3541 201
f 3420 201 3541
f 3539 904 3541
f 3540 3541 904
f 3534 3544 900
f 3539 900 3544
f 3542 902 3544
f 3543 3544 902
f 3548 3547 3543
f 904 3543 3547
f 213 3546 3545
f 3548 3545 3546
f 3550 3423 3540
f 871 3540 3423
f 903 3549 3547
f 3550 3547 3549
f 3549 3553 202
f 3432 202 3553
f 907 3552 3551
f 3553 3551 3552
f 3546 3556 903
f 3551 903 3556
f 905 3555 3554
f 3556 3554 3555
f 3560 3559 3555
f 907 3555 3559
f 214 3558 3557
f 3560 3557 3558
f 3562 3435 3552
f 874 3552 3435
f 906 3561 3559
f 3562 3559 3561
f 3565 3444 3561
f 203 3561 3444
f 3565 3563 3564
f 910 3564 3563
f 3568 3563 3558
f 906 3558 3563
f 908 3567 3566
f 3568 3566 3567
f 910 3567 3571
f 3572 3571 3567
f 215 3570 3569
f 3572 3569 3570
f 877 3564 3447
f 3574 3447 3564
f 909 3573 3571
f 3574 3571 3573
f 205 3575 3458
f 3578 3458 3575
f 3578 3576 3577
f 914 3577 3576
f 911 3579 3576
f 3582 3576 3579
f 3582 3580 3581
f 912 3581 3580
f 914 3581 3585
f 3586 3585 3581
f 3583 217 3586
f 3584 3586 217
f 3577 3588 881
f 3461 881 3588
f 3585 913 3588
f 3587 3588 913
f 3587 3591 206
f 3470 206 3591
f 3589 917 3591
f 3590 3591 917
f 3584 3594 913
f 3589 913 3594
f 3592 915 3594
f 3593 3594 915
f 3593 3598 917
f 3597 917 3598
f 3595 218 3598
f 3596 3598 218
f 3590 3600 884
f 3473 884 3600
f 3597 916 3600
f 3599 3600 916
f 3599 3603 207
f 3482 207 3603
f 3601 920 3603
f 3602 3603 920
f 3596 3606 916
f 3601 916 3606
f 3604 918 3606
f 3605 3606 918
f 3605 3610 920
f 3609 920 3610
f 3607 219 3610
f 3608 3610 219
f 3602 3612 887
f 3485 887 3612
f 3609 919 3612
f 3611 3612 919
f 3611 3615 208
f 3494 208 3615
f 3613 923 3615
f 3614 3615 923
f 3608 3618 919
f 3613 919 3618
f 3616 921 3618
f 3617 3618 921
f 3617 3622 923
f 3621 923 3622
f 3619 220 3622
f 3620 3622 220
f 3614 3624 890
f 3497 890 3624
f 3621 922 3624
f 3623 3624 922
f 3623 3627 209
f 3506 209 3627
f 3625 926 3627
f 3626 3627 926
f 3620 3630 922
f 3625 922 3630
f 3628 924 3630
f 3629 3630 924
f 3634 3633 3629
f 926 3629 3633
f 221 3632 3631
f 3634 3631 3632
f 3636 3509 3626
f 893 3626 3509
f 925 3635 3633
f 3636 3633 3635
f 3639 3518 3635
f 210 3635 3518
f 929 3638 3637
f 3639 3637 3638
f 3642 3637 3632
f 925 3632 3637
f 927 3641 3640
f 3642 3640 3641
f 3646 3645 3641
f 929 3641 3645
f 222 3644 3643
f 3646 3643 3644
f 3648 3521 3638
f 896 3638 3521
f 928 3647 3645
f 3648 3645 3647
f 3647 3651 211
f 3530 211 3651
f 3649 932 3651
f 3650 3651 932
f 3654 3649 3644
f 928 3644 3649
f 3652 930 3654
f 3653 3654 930
f 3658 3657 3653
f 932 3653 3657
f 223 3656 3655
f 3658 3655 3656
f 3660 3533 3650
f 899 3650 3533
f 931 3659 3657
f 3660 3657 3659
f 3659 3663 212
f 3542 212 3663
f 3661 935 3663
f 3662 3663 935
f 3656 3666 931
f 3661 931 3666
f 3664 933 3666
f 3665 3666 933
f 3670 3669 3665
f 935 3665 3669
f 224 3668 3667
f 3670 3667 3668
f 3672 3545 3662
f 902 3662 3545
f 934 3671 3669
f 3672 3669 3671
f 3671 3675 213
f 3554 213 3675
f 938 3674 3673
f 3675 3673 3674
f 3668 3678 934
f 3673 934 3678
f 3676 936 3678
f 3677 3678 936
f 3677 3682 938
f 3681 938 3682
f 3680 3682 225
f 3679 225 3682
f 3684 3557 3674
f 905 3674 3557
f 937 3683 3681
f 3684 3681 3683
f 3687 3566 3683
f 214 3683 3566
f 941 3686 3685
f 3687 3685 3686
f 3685 937 3690
f 3680 3690 937
f 3689 3690 939
f 3688 939 3690
f 3693 941 3694
f 3689 3694 941
f 3692 3694 226
f 3691 226 3694
f 3569 908 3696
f 3686 3696 908
f 3695 3696 940
f 3693 940 3696
f 3580 216 3700
f 3697 3700 216
f 3698 945 3700
f 3699 3700 945
f 3701 3704 942
f 3698 942 3704
f 3702 943 3704
f 3703 3704 943
f 3703 3708 945
f 3707 945 3708
f 3705 228 3708
f 3706 3708 228
f 3699 3710 912
f 3583 912 3710
f 3707 944 3710
f 3709 3710 944
f 3709 3713 217
f 3592 217 3713
f 3711 948 3713
f 3712 3713 948
f 3706 3716 944
f 3711 944 3716
f 3714 946 3716
f 3715 3716 946
f 3715 3720 948
f 3719 948 3720
f 3717 229 3720
f 3718 3720 229
f 3712 3722 915
f 3595 915 3722
f 3719 947 3722
f 3721 3722 947
f 3721 3725 218
f 3604 218 3725
f 3725 3723 3724
f 951 3724 3723
f 947 3718 3723
f 3728 3723 3718
f 3728 3726 3727
f 949 3727 3726
f 951 3727 3731
f 3732 3731 3727
f 3732 3729 3730
f 230 3730 3729
f 918 3724 3607
f 3734 3607 3724
f 3734 3731 3733
f 950 3733 3731
f 219 3733 3616
f 3737 3616 3733
f 3737 3735 3736
f 954 3736 3735
f 950 3730 3735
f 3740 3735 3730
f 3740 3738 3739
f 952 3739 3738
f 954 3739 3743
f 3744 3743 3739
f 3744 3741 3742
f 231 3742 3741
f 921 3736 3619
f 3746 3619 3736
f 3746 3743 3745
f 953 3745 3743
f 3628 220 3749
f 3745 3749 220
f 3749 3747 3748
f 957 3748 3747
f 953 3742 3747
f 3752 3747 3742
f 3752 3750 3751
f 955 3751 3750
f 3755 957 3756
f 3751 3756 957
f 3754 3756 232
f 3753 232 3756
f 3631 924 3758
f 3748 3758 924
f 3757 3758 956
f 3755 956 3758
f 3640 221 3761
f 3757 3761 221
f 3760 3761 960
f 3759 960 3761
f 3759 956 3764
f 3754 3764 956
f 3763 3764 958
f 3762 958 3764
f 3767 960 3768
f 3763 3768 960
f 3766 3768 233
f 3765 233 3768
f 3643 927 3770
f 3760 3770 927
f 3769 3770 959
f 3767 959 3770
f 222 3769 3652
f 3773 3652 3769
f 3773 3771 3772
f 963 3772 3771
f 959 3766 3771
f 3776 3771 3766
f 3776 3774 3775
f 961 3775 3774
f 3779 963 3780
f 3775 3780 963
f 3778 3780 234
f 3777 234 3780
f 3655 930 3782
f 3772 3782 930
f 3781 3782 962
f 3779 962 3782
f 223 3781 3664
f 3785 3664 3781
f 3785 3783 3784
f 966 3784 3783
f 962 3778 3783
f 3788 3783 3778
f 3788 3786 3787
f 964 3787 3786
f 3791 966 3792
f 3787 3792 966
f 3790 3792 235
f 3789 235 3792
f 3667 933 3794
f 3784 3794 933
f 3793 3794 965
f 3791 965 3794
f 224 3793 3676
f 3797 3676 3793
f 3796 3797 969
f 3795 969 3797
f 965 3790 3795
f 3800 3795 3790
f 3799 3800 967
f 3798 967 3800
f 3803 969 3804
f 3799 3804 969
f 3802 3804 236
f 3801 236 3804
f 3679 936 3806
f 3796 3806 936
f 3805 3806 968
f 3803 968 3806
f 3688 225 3809
f 3805 3809 225
f 3808 3809 972
f 3807 972 3809
f 3807 968 3812
f 3802 3812 968
f 3811 3812 970
f 3810 970 3812
f 3815 972 3816
f 3811 3816 972
f 3814 3816 237
f 3813 237 3816
f 3691 939 3818
f 3808 3818 939
f 3817 3818 971
f 3815 971 3818
f 3819 3822 227
f 3702 227 3822
f 3821 3822 976
f 3820 976 3822
f 3820 973 3826
f 3823 3826 973
f 3825 3826 974
f 3824 974 3826
f 3829 976 3830
f 3825 3830 976
f 3828 3830 239
f 3827 239 3830
f 3821 3832 943
f 3705 943 3832
f 3829 975 3832
f 3831 3832 975
f 3831 3835 228
f 3714 228 3835
f 3833 979 3835
f 3834 3835 979
f 3833 975 3838
f 3828 3838 975
f 3837 3838 977
f 3836 977 3838
f 3841 979 3842
f 3837 3842 979
f 3840 3842 240
f 3839 240 3842
f 3834 3844 946
f 3717 946 3844
f 3843 3844 978
f 3841 978 3844
f 229 3843 3726
f 3847 3726 3843
f 3847 3845 3846
f 982 3846 3845
f 978 3840 3845
f 3850 3845 3840
f 3850 3848 3849
f 980 3849 3848
f 982 3849 3853
f 3854 3853 3849
f 3854 3851 3852
f 241 3852 3851
f 949 3846 3729
f 3856 3729 3846
f 3856 3853 3855
f 981 3855 3853
f 230 3855 3738
f 3859 3738 3855
f 3859 3857 3858
f 985 3858 3857
f 981 3852 3857
f 3862 3857 3852
f 3861 3862 983
f 3860 983 3862
f 3865 985 3866
f 3861 3866 985
f 3864 3866 242
f 3863 242 3866
f 952 3858 3741
f 3868 3741 3858
f 3867 3868 984
f 3865 984 3868
f 3750 231 3871
f 3867 3871 231
f 3870 3871 988
f 3869 988 3871
f 3869 984 3874
f 3864 3874 984
f 3873 3874 986
f 3872 986 3874
f 3877 988 3878
f 3873 3878 988
f 3876 3878 243
f 3875 243 3878
f 3753 955 3880
f 3870 3880 955
f 3879 3880 987
f 3877 987 3880
f 3762 232 3883
f 3879 3883 232
f 3882 3883 991
f 3881 991 3883
f 3881 987 3886
f 3876 3886 987
f 3886 3884 3885
f 989 3885 3884
f 3889 991 3890
f 3885 3890 991
f 3888 3890 244
f 3887 244 3890
f 3765 958 3892
f 3882 3892 958
f 3891 3892 990
f 3889 990 3892
f 233 3891 3774
f 3895 3774 3891
f 3895 3893 3894
f 994 3894 3893
f 990 3888 3893
f 3898 3893 3888
f 3898 3896 3897
f 992 3897 3896
f 3901 994 3902
f 3897 3902 994
f 3900 3902 245
f 3899 245 3902
f 3777 961 3904
f 3894 3904 961
f 3903 3904 993
f 3901 993 3904
f 234 3903 3786
f 3907 3786 3903
f 3907 3905 3906
f 997 3906 3905
f 993 3900 3905
f 3910 3905 3900
f 3910 3908 3909
f 995 3909 3908
f 3913 997 3914
f 3909 3914 997
f 3912 3914 246
f 3911 246 3914
f 3789 964 3916
f 3906 3916 964
f 3915 3916 996
f 3913 996 3916
f 235 3915 3798
f 3919 3798 3915
f 3918 3919 1000
f 3917 1000 3919
f 996 3912 3917
f 3922 3917 3912
f 3922 3920 3921
f 998 3921 3920
f 3925 1000 3926
f 3921 3926 1000
f 3924 3926 247
f 3923 247 3926
f 3801 967 3928
f 3918 3928 967
f 3927 3928 999
f 3925 999 3928
f 3810 236 3931
f 3927 3931 236
f 3930 3931 1003
f 3929 1003 3931
f 3929 999 3934
f 3924 3934 999
f 3934 3932 3933
f 1001 3933 3932
f 3937 1003 3938
f 3933 3938 1003
f 3936 3938 248
f 3935 248 3938
f 3813 970 3940
f 3930 3940 970
f 3939 3940 1002
f 3937 1002 3940
f 3824 238 3944
f 3941 3944 238
f 3944 3942 3943
f 1007 3943 3942
f 1004 3945 3942
f 3948 3942 3945
f 3948 3946 3947
f 1005 3947 3946
f 1007 3947 3951
f 3952 3951 3947
f 3952 3949 3950
f 250 3950 3949
f 3827 974 3954
f 3943 3954 974
f 3954 3951 3953
f 1006 3953 3951
f 3836 239 3957
f 3953 3957 239
f 3957 3955 3956
f 1010 3956 3955
f 1006 3950 3955
f 3960 3955 3950
f 3960 3958 3959
f 1008 3959 3958
f 1010 3959 3963
f 3964 3963 3959
f 3964 3961 3962
f 251 3962 3961
f 3839 977 3966
f 3956 3966 977
f 3966 3963 3965
f 1009 3965 3963
f 240 3965 3848
f 3969 3848 3965
f 3969 3967 3968
f 1013 3968 3967
f 1009 3962 3967
f 3972 3967 3962
f 3972 3970 3971
f 1011 3971 3970
f 1013 3971 3975
f 3976 3975 3971
f 3976 3973 3974
f 252 3974 3973
f 980 3968 3851
f 3978 3851 3968
f 3978 3975 3977
f 1012 3977 3975
f 3860 241 3981
f 3977 3981 241
f 3981 3979 3980
f 1016 3980 3979
f 1012 3974 3979
f 3984 3979 3974
f 3984 3982 3983
f 1014 3983 3982
f 1016 3983 3987
f 3988 3987 3983
f 3988 3985 3986
f 253 3986 3985
f 3863 983 3990
f 3980 3990 983
f 3990 3987 3989
f 1015 3989 3987
f 3872 242 3993
f 3989 3993 242
f 3993 3991 3992
f 1019 3992 3991
f 1015 3986 3991
f 3996 3991 3986
f 3996 3994 3995
f 1017 3995 3994
f 1019 3995 3999
f 4000 3999 3995
f 4000 3997 3998
f 254 3998 3997
f 3875 986 4002
f 3992 4002 986
f 4002 3999 4001
f 1018 4001 3999
f 243 4001 3884
f 4005 3884 4001
f 4005 4003 4004
f 1022 4004 4003
f 1018 3998 4003
f 4008 4003 3998
f 4008 4006 4007
f 1020 4007 4006
f 1022 4007 4011
f 4012 4011 4007
f 4012 4009 4010
f 255 4010 4009
f 3887 989 4014
f 4004 4014 989
f 4014 4011 4013
f 1021 4013 4011
f 244 4013 3896
f 4017 3896 4013
f 4017 4015 4016
f 1025 4016 4015
f 1021 4010 4015
f 4020 4015 4010
f 4020 4018 4019
f 1023 4019 4018
f 1025 4019 4023
f 4024 4023 4019
f 4024 4021 4022
f 256 4022 4021
f 3899 992 4026
f 4016 4026 992
f 4026 4023 4025
f 1024 4025 4023
f 245 4025 3908
f 4029 3908 4025
f 4029 4027 4028
f 1028 4028 4027
f 1024 4022 4027
f 4032 4027 4022
f 4032 4030 4031
f 1026 4031 4030
f 1028 4031 4035
f 4036 4035 4031
f 4036 4033 4034
f 257 4034 4033
f 3911 995 4038
f 4028 4038 995
f 4038 4035 4037
f 1027 4037 4035
f 246 4037 3920
f 4041 3920 4037
f 4041 4039 4040
f 1031 4040 4039
f 1027 4034 4039
f 4044 4039 4034
f 4044 4042 4043
f 1029 4043 4042
f 1031 4043 4047
f 4048 4047 4043
f 4048 4045 4046
f 258 4046 4045
f 3923 998 4050
f 4040 4050 998
f 4050 4047 4049
f 1030 4049 4047
f 247 4049 3932
f 4053 3932 4049
f 4053 4051 4052
f 1034 4052 4051
f 1030 4046 4051
f 4056 4051 4046
f 4056 4054 4055
f 1032 4055 4054
f 1034 4055 4059
f 4060 4059 4055
f 4060 4057 4058
f 259 4058 4057
f 3935 1001 4062
f 4052 4062 1001
f 4062 4059 4061
f 1033 4061 4059
f 249 4063 3946
f 4066 3946 4063
f 4066 4064 4065
f 1038 4065 4064
f 1035 4067 4064
f 4070 4064 4067
f 4070 4068 4069
f 1036 4069 4068
f 1038 4069 4073
f 4074 4073 4069
f 4074 4071 4072
f 261 4072 4071
f 1005 4065 3949
f 4076 3949 4065
f 4076 4073 4075
f 1037 4075 4073
f 250 4075 3958
f 4079 3958 4075
f 4079 4077 4078
f 1041 4078 4077
f 1037 4072 4077
f 4082 4077 4072
f 4082 4080 4081
f 1039 4081 4080
f 1041 4081 4085
f 4086 4085 4081
f 4086 4083 4084
f 262 4084 4083
f 1008 4078 3961
f 4088 3961 4078
f 4088 4085 4087
f 1040 4087 4085
f 251 4087 3970
f 4091 3970 4087
f 4091 4089 4090
f 1044 4090 4089
f 1040 4084 4089
f 4094 4089 4084
f 4094 4092 4093
f 1042 4093 4092
f 1044 4093 4097
f 4098 4097 4093
f 4098 4095 4096
f 263 4096 4095
f 1011 4090 3973
f 4100 3973 4090
f 4100 4097 4099
f 1043 4099 4097
f 252 4099 3982
f 4103 3982 4099
f 4103 4101 4102
f 1047 4102 4101
f 1043 4096 4101
f 4106 4101 4096
f 4106 4104 4105
f 1045 4105 4104
f 1047 4105 4109
f 4110 4109 4105
f 4110 4107 4108
f 264 4108 4107
f 1014 4102 3985
f 4112 3985 4102
f 4112 4109 4111
f 1046 4111 4109
f 253 4111 3994
f 4115 3994 4111
f 4115 4113 4114
f 1050 4114 4113
f 1046 4108 4113
f 4118 4113 4108
f 4118 4116 4117
f 1048 4117 4116
f 1050 4117 4121
f 4122 4121 4117
f 4122 4119 4120
f 265 4120 4119
f 1017 4114 3997
f 4124 3997 4114
f 4124 4121 4123
f 1049 4123 4121
f 254 4123 4006
f 4127 4006 4123
f 4127 4125 4126
f 1053 4126 4125
f 1049 4120 4125
f 4130 4125 4120
f 4130 4128 4129
f 1051 4129 4128
f 1053 4129 4133
f 4134 4133 4129
f 4134 4131 4132
f 266 4132 4131
f 1020 4126 4009
f 4136 4009 4126
f 4136 4133 4135
f 1052 4135 4133
f 255 4135 4018
f 4139 4018 4135
f 4139 4137 4138
f 1056 4138 4137
f 1052 4132 4137
f 4142 4137 4132
f 4142 4140 4141
f 1054 4141 4140
f 1056 4141 4145
f 4146 4145 4141
f 4146 4143 4144
f 267 4144 4143
f 1023 4138 4021
f 4148 4021 4138
f 4148 4145 4147
f 1055 4147 4145
f 256 4147 4030
f 4151 4030 4147
f 4151 4149 4150
f 1059 4150 4149
f 1055 4144 4149
f 4154 4149 4144
f 4154 4152 4153
f 1057 4153 4152
f 1059 4153 4157
f 4158 4157 4153
f 4158 4155 4156
f 268 4156 4155
f 1026 4150 4033
f 4160 4033 4150
f 4160 4157 4159
f 1058 4159 4157
f 257 4159 4042
f 4163 4042 4159
f 4163 4161 4162
f 1062 4162 4161
f 1058 4156 4161
f 4166 4161 4156
f 4166 4164 4165
f 1060 4165 4164
f 1062 4165 4169
f 4170 4169 4165
f 4170 4167 4168
f 269 4168 4167
f 1029 4162 4045
f 4172 4045 4162
f 4172 4169 4171
f 1061 4171 4169
f 258 4171 4054
f 4175 4054 4171
f 4175 4173 4174
f 1065 4174 4173
f 1061 4168 4173
f 4178 4173 4168
f 4178 4176 4177
f 1063 4177 4176
f 1065 4177 4181
f 4182 4181 4177
f 4182 4179 4180
f 270 4180 4179
f 1032 4174 4057
f 4184 4057 4174
f 4184 4181 4183
f 1064 4183 4181
f 4068 260 4188
f 4185 4188 260
f 4187 4188 1069
f 4186 1069 4188
f 4186 1066 4192
f 4189 4192 1066
f 4191 4192 1067
f 4190 1067 4192
f 4195 1069 4196
f 4191 4196 1069
f 4194 4196 272
f 4193 272 4196
f 4071 1036 4198
f 4187 4198 1036
f 4197 4198 1068
f 4195 1068 4198
f 261 4197 4080
f 4201 4080 4197
f 4200 4201 1072
f 4199 1072 4201
f 4199 1068 4204
f 4194 4204 1068
f 4203 4204 1070
f 4202 1070 4204
f 4207 1072 4208
f 4203 4208 1072
f 4206 4208 273
f 4205 273 4208
f 4083 1039 4210
f 4200 4210 1039
f 4209 4210 1071
f 4207 1071 4210
f 262 4209 4092
f 4213 4092 4209
f 4212 4213 1075
f 4211 1075 4213
f 4211 1071 4216
f 4206 4216 1071
f 4215 4216 1073
f 4214 1073 4216
f 4219 1075 4220
f 4215 4220 1075
f 4218 4220 274
f 4217 274 4220
f 4095 1042 4222
f 4212 4222 1042
f 4221 4222 1074
f 4219 1074 4222
f 263 4221 4104
f 4225 4104 4221
f 4225 4223 4224
f 1078 4224 4223
f 1074 4218 4223
f 4228 4223 4218
f 4227 4228 1076
f 4226 1076 4228
f 4231 1078 4232
f 4227 4232 1078
f 4230 4232 275
f 4229 275 4232
f 4107 1045 4234
f 4224 4234 1045
f 4233 4234 1077
f 4231 1077 4234
f 264 4233 4116
f 4237 4116 4233
f 4237 4235 4236
f 1081 4236 4235
f 1077 4230 4235
f 4240 4235 4230
f 4240 4238 4239
f 1079 4239 4238
f 4243 1081 4244
f 4239 4244 1081
f 4242 4244 276
f 4241 276 4244
f 4119 1048 4246
f 4236 4246 1048
f 4245 4246 1080
f 4243 1080 4246
f 265 4245 4128
f 4249 4128 4245
f 4249 4247 4248
f 1084 4248 4247
f 1080 4242 4247
f 4252 4247 4242
f 4252 4250 4251
f 1082 4251 4250
f 4255 1084 4256
f 4251 4256 1084
f 4254 4256 277
f 4253 277 4256
f 4131 1051 4258
f 4248 4258 1051
f 4257 4258 1083
f 4255 1083 4258
f 266 4257 4140
f 4261 4140 4257
f 4261 4259 4260
f 1087 4260 4259
f 1083 4254 4259
f 4264 4259 4254
f 4264 4262 4263
f 1085 4263 4262
f 4267 1087 4268
f 4263 4268 1087
f 4266 4268 278
f 4265 278 4268
f 4143 1054 4270
f 4260 4270 1054
f 4269 4270 1086
f 4267 1086 4270
f 267 4269 4152
f 4273 4152 4269
f 4273 4271 4272
f 1090 4272 4271
f 1086 4266 4271
f 4276 4271 4266
f 4276 4274 4275
f 1088 4275 4274
f 4279 1090 4280
f 4275 4280 1090
f 4278 4280 279
f 4277 279 4280
f 4155 1057 4282
f 4272 4282 1057
f 4281 4282 1089
f 4279 1089 4282
f 268 4281 4164
f 4285 4164 4281
f 4285 4283 4284
f 1093 4284 4283
f 1089 4278 4283
f 4288 4283 4278
f 4288 4286 4287
f 1091 4287 4286
f 4291 1093 4292
f 4287 4292 1093
f 4290 4292 280
f 4289 280 4292
f 4167 1060 4294
f 4284 4294 1060
f 4293 4294 1092
f 4291 1092 4294
f 269 4293 4176
f 4297 4176 4293
f 4297 4295 4296
f 1096 4296 4295
f 1092 4290 4295
f 4300 4295 4290
f 4300 4298 4299
f 1094 4299 4298
f 4303 1096 4304
f 4299 4304 1096
f 4302 4304 281
f 4301 281 4304
f 4179 1063 4306
f 4296 4306 1063
f 4305 4306 1095
f 4303 1095 4306
f 4190 271 4310
f 4307 4310 271
f 4309 4310 1099
f 4308 1099 4310
f 1097 4311 4308
f 4313 4308 4311
f 4313 2948 4312
f 749 4312 2948
f 1099 4312 4315
f 4316 4315 4312
f 4316 2959 4314
f 151 4314 2959
f 4193 1067 4318
f 4309 4318 1067
f 4317 4318 1098
f 4315 1098 4318
f 4202 272 4321
f 4317 4321 272
f 4320 4321 1101
f 4319 1101 4321
f 4319 1098 4323
f 4314 4323 1098
f 4323 2963 4322
f 753 4322 2963
f 4325 1101 4326
f 4322 4326 1101
f 4326 2973 4324
f 152 4324 2973
f 4205 1070 4328
f 4320 4328 1070
f 4327 4328 1100
f 4325 1100 4328
f 4214 273 4331
f 4327 4331 273
f 4330 4331 1103
f 4329 1103 4331
f 4329 1100 4333
f 4324 4333 1100
f 4333 2977 4332
f 757 4332 2977
f 4335 1103 4336
f 4332 4336 1103
f 4336 2987 4334
f 153 4334 2987
f 4217 1073 4338
f 4330 4338 1073
f 4337 4338 1102
f 4335 1102 4338
f 4226 274 4341
f 4337 4341 274
f 4340 4341 1105
f 4339 1105 4341
f 4339 1102 4343
f 4334 4343 1102
f 4342 4343 761
f 2991 761 4343
f 4345 1105 4346
f 4342 4346 1105
f 4344 4346 154
f 3001 154 4346
f 4229 1076 4348
f 4340 4348 1076
f 4347 4348 1104
f 4345 1104 4348
f 275 4347 4238
f 4351 4238 4347
f 4351 4349 4350
f 1107 4350 4349
f 4349 1104 4353
f 4344 4353 1104
f 4352 4353 765
f 3005 765 4353
f 4355 1107 4356
f 4352 4356 1107
f 4354 4356 155
f 3015 155 4356
f 4241 1079 4358
f 4350 4358 1079
f 4357 4358 1106
f 4355 1106 4358
f 276 4357 4250
f 4361 4250 4357
f 4361 4359 4360
f 1109 4360 4359
f 1106 4354 4359
f 4363 4359 4354
f 4363 3019 4362
f 769 4362 3019
f 4365 1109 4366
f 4362 4366 1109
f 4364 4366 156
f 3029 156 4366
f 4253 1082 4368
f 4360 4368 1082
f 4367 4368 1108
f 4365 1108 4368
f 277 4367 4262
f 4371 4262 4367
f 4371 4369 4370
f 1111 4370 4369
f 1108 4364 4369
f 4373 4369 4364
f 4373 3033 4372
f 773 4372 3033
f 4375 1111 4376
f 4372 4376 1111
f 4374 4376 157
f 3043 157 4376
f 4265 1085 4378
f 4370 4378 1085
f 4377 4378 1110
f 4375 1110 4378
f 278 4377 4274
f 4381 4274 4377
f 4381 4379 4380
f 1113 4380 4379
f 1110 4374 4379
f 4383 4379 4374
f 4383 3047 4382
f 777 4382 3047
f 4385 1113 4386
f 4382 4386 1113
f 4384 4386 158
f 3057 158 4386
f 4277 1088 4388
f 4380 4388 1088
f 4387 4388 1112
f 4385 1112 4388
f 279 4387 4286
f 4391 4286 4387
f 4391 4389 4390
f 1115 4390 4389
f 1112 4384 4389
f 4393 4389 4384
f 4393 3061 4392
f 781 4392 3061
f 4395 1115 4396
f 4392 4396 1115
f 4394 4396 159
f 3071 159 4396
f 4289 1091 4398
f 4390 4398 1091
f 4397 4398 1114
f 4395 1114 4398
f 280 4397 4298
f 4401 4298 4397
f 4401 4399 4400
f 1117 4400 4399
f 1114 4394 4399
f 4403 4399 4394
f 4403 3075 4402
f 785 4402 3075
f 4405 1117 4406
f 4402 4406 1117
f 4404 4406 160
f 3085 160 4406
f 4301 1094 4408
f 4400 4408 1094
f 4407 4408 1116
f 4405 1116 4408
f 183 4409 3331
f 4412 3331 4409
f 4412 4410 4411
f 1121 4411 4410
f 1118 4413 4410
f 4416 4410 4413
f 1119 4415 4414
f 4416 4414 4415
f 4420 4419 4415
f 1121 4415 4419
f 283 4418 4417
f 4420 4417 4418
f 4422 3335 4411
f 849 4411 3335
f 1120 4421 4419
f 4422 4419 4421
f 4425 3453 4421
f 194 4421 3453
f 4425 4423 4424
f 1124 4424 4423
f 4428 4423 4418
f 1120 4418 4423
f 1122 4427 4426
f 4428 4426 4427
f 1124 4427 4431
f 4432 4431 4427
f 4432 4429 4430
f 284 4430 4429
f 880 4424 3457
f 4434 3457 4424
f 4434 4431 4433
f 1123 4433 4431
f 4438 4414 4435
f 282 4435 4414
f 1128 4437 4436
f 4438 4436 4437
f 4442 4436 4439
f 1125 4439 4436
f 1126 4441 4440
f 4442 4440 4441
f 4446 4445 4441
f 1128 4441 4445
f 286 4444 4443
f 4446 4443 4444
f 4448 4417 4437
f 1119 4437 4417
f 1127 4447 4445
f 4448 4445 4447
f 4451 4426 4447
f 283 4447 4426
f 1131 4450 4449
f 4451 4449 4450
f 4454 4449 4444
f 1127 4444 4449
f 4452 1129 4454
f 4453 4454 1129
f 4458 4457 4453
f 1131 4453 4457
f 287 4456 4455
f 4458 4455 4456
f 1122 4450 4429
f 4460 4429 4450
f 4460 4457 4459
f 1130 4459 4457
f 285 4461 4440
f 4464 4440 4461
f 4464 4462 4463
f 1135 4463 4462
f 1132 4465 4462
f 4468 4462 4465
f 4468 4466 4467
f 1133 4467 4466
f 1135 4467 4471
f 4472 4471 4467
f 4470 4472 289
f 4469 289 4472
f 4474 4443 4463
f 1126 4463 4443
f 4473 4474 1134
f 4471 1134 4474
f 4473 4477 286
f 4452 286 4477
f 4475 1138 4477
f 4476 4477 1138
f 4470 4480 1134
f 4475 1134 4480
f 4478 1136 4480
f 4479 4480 1136
f 4479 4484 1138
f 4483 1138 4484
f 4481 290 4484
f 4482 4484 290
f 4476 4486 1129
f 4455 1129 4486
f 4483 1137 4486
f 4485 4486 1137
f 290 4487 4482
f 4490 4482 4487
f 4490 4488 4489
f 1142 4489 4488
f 1139 4491 4488
f 4494 4488 4491
f 4494 4492 4493
f 1140 4493 4492
f 1142 4493 4497
f 4498 4497 4493
f 4498 4495 4496
f 291 4496 4495
f 1137 4489 4485
f 4500 4485 4489
f 4500 4497 4499
f 1141 4499 4497
f 215 4501 3570
f 4504 3570 4501
f 4504 4502 4503
f 1146 4503 4502
f 4502 1143 4508
f 4505 4508 1143
f 4508 4506 4507
f 1144 4507 4506
f 1146 4507 4511
f 4512 4511 4507
f 4510 4512 294
f 4509 294 4512
f 909 4503 3573
f 4514 3573 4503
f 4514 4511 4513
f 1145 4513 4511
f 4513 4517 204
f 3448 204 4517
f 4515 1149 4517
f 4516 4517 1149
f 4515 1145 4520
f 4510 4520 1145
f 4518 1147 4520
f 4519 4520 1147
f 4519 4524 1149
f 4523 1149 4524
f 4522 4524 293
f 4521 293 4524
f 4516 4526 878
f 3451 878 4526
f 4523 1148 4526
f 4525 4526 1148
f 4506 295 4530
f 4527 4530 295
f 4530 4528 4529
f 1153 4529 4528
f 1150 4531 4528
f 4534 4528 4531
f 4534 4532 4533
f 1151 4533 4532
f 1153 4533 4537
f 4538 4537 4533
f 4538 4535 4536
f 297 4536 4535
f 1144 4529 4509
f 4540 4509 4529
f 4540 4537 4539
f 1152 4539 4537
f 4518 294 4543
f 4539 4543 294
f 4542 4543 1156
f 4541 1156 4543
f 4541 1152 4546
f 4536 4546 1152
f 4545 4546 1154
f 4544 1154 4546
f 4549 1156 4550
f 4545 4550 1156
f 4548 4550 296
f 4547 296 4550
f 4521 1147 4552
f 4542 4552 1147
f 4551 4552 1155
f 4549 1155 4552
f 4557 4556 4553
f 323 4553 4556
f 1160 4555 4554
f 4557 4554 4555
f 4560 4554 4558
f 1157 4558 4554
f 338 4559 1340
f 4560 1340 4559
f 4563 4562 4559
f 1160 4559 4562
f 12 4561 1351
f 4563 1351 4561
f 4566 4565 4555
f 1159 4555 4565
f 1158 4564 4562
f 4566 4562 4564
f 1470 11 4570
f 4567 4570 11
f 4569 4570 1164
f 4568 1164 4570
f 4574 4568 4571
f 1161 4571 4568
f 1162 4573 4572
f 4574 4572 4573
f 4578 4577 4573
f 1164 4573 4577
f 318 4576 4575
f 4578 4575 4576
f 1473 373 4580
f 4569 4580 373
f 4579 4580 1163
f 4577 1163 4580
f 4584 4583 4564
f 316 4564 4583
f 4584 4581 4582
f 1167 4582 4581
f 1158 4561 4581
f 4586 4581 4561
f 4586 1481 4585
f 378 4585 1481
f 1167 4585 4588
f 4589 4588 4585
f 4589 1491 4587
f 23 4587 1491
f 4592 4591 4582
f 1166 4582 4591
f 4592 4588 4590
f 1165 4590 4588
f 1592 22 4595
f 4579 4595 22
f 4594 4595 1170
f 4593 1170 4595
f 4598 4593 4576
f 1163 4576 4593
f 4597 4598 1168
f 4596 1168 4598
f 4601 1170 4602
f 4597 4602 1170
f 4600 4602 319
f 4599 319 4602
f 1595 404 4604
f 4594 4604 404
f 4603 4604 1169
f 4601 1169 4604
f 4608 4607 4590
f 317 4590 4607
f 1173 4606 4605
f 4608 4605 4606
f 1165 4587 4605
f 4610 4605 4587
f 4610 1603 4609
f 409 4609 1603
f 4613 4612 4609
f 1173 4609 4612
f 4613 1613 4611
f 34 4611 1613
f 4616 4615 4606
f 1172 4606 4615
f 1171 4614 4612
f 4616 4612 4614
f 1714 33 4619
f 4603 4619 33
f 4618 4619 1176
f 4617 1176 4619
f 4617 1169 4622
f 4600 4622 1169
f 1174 4621 4620
f 4622 4620 4621
f 4625 1176 4626
f 4621 4626 1176
f 4626 4623 4624
f 308 4624 4623
f 1717 435 4628
f 4618 4628 435
f 4627 4628 1175
f 4625 1175 4628
f 4633 4632 4629
f 314 4629 4632
f 1180 4631 4630
f 4633 4630 4631
f 4636 4630 4634
f 1177 4634 4630
f 4636 1969 4635
f 502 4635 1969
f 1180 4635 4638
f 4639 4638 4635
f 4639 1979 4637
f 67 4637 1979
f 4642 4641 4631
f 1179 4631 4641
f 4642 4638 4640
f 1178 4640 4638
f 66 4643 2080
f 4646 2080 4643
f 4645 4646 1184
f 4644 1184 4646
f 4647 4650 1181
f 4644 1181 4650
f 4649 4650 1182
f 4648 1182 4650
f 4653 1184 4654
f 4649 4654 1184
f 4652 4654 330
f 4651 330 4654
f 2083 528 4656
f 4645 4656 528
f 4655 4656 1183
f 4653 1183 4656
f 321 4640 4659
f 4660 4659 4640
f 4657 1187 4660
f 4658 4660 1187
f 4637 4662 1178
f 4657 1178 4662
f 2091 533 4662
f 4661 4662 533
f 4661 4665 1187
f 4664 1187 4665
f 2101 78 4665
f 4663 4665 78
f 4658 4668 1186
f 4667 1186 4668
f 4664 1185 4668
f 4666 4668 1185
f 4655 4671 77
f 2202 77 4671
f 4669 1190 4671
f 4670 4671 1190
f 4669 1183 4674
f 4652 4674 1183
f 4672 1188 4674
f 4673 4674 1188
f 4673 4678 1190
f 4677 1190 4678
f 4675 331 4678
f 4676 4678 331
f 4670 4680 559
f 2205 559 4680
f 4677 1189 4680
f 4679 4680 1189
f 4666 4684 322
f 4683 322 4684
f 4681 1193 4684
f 4682 4684 1193
f 4663 4686 1185
f 4681 1185 4686
f 2213 564 4686
f 4685 4686 564
f 4685 4689 1193
f 4688 1193 4689
f 2223 89 4689
f 4687 4689 89
f 4682 4692 1192
f 4691 1192 4692
f 4692 4688 4690
f 1191 4690 4688
f 4679 4695 88
f 2324 88 4695
f 4693 1196 4695
f 4694 4695 1196
f 4676 4698 1189
f 4693 1189 4698
f 4696 1194 4698
f 4697 4698 1194
f 4697 4702 1196
f 4701 1196 4702
f 4699 332 4702
f 4700 4702 332
f 4694 4704 590
f 2327 590 4704
f 4704 4701 4703
f 1195 4703 4701
f 324 4690 4707
f 4708 4707 4690
f 4708 4705 4706
f 1199 4706 4705
f 1191 4687 4705
f 4710 4705 4687
f 4710 2335 4709
f 595 4709 2335
f 1199 4709 4712
f 4713 4712 4709
f 4713 2345 4711
f 100 4711 2345
f 1198 4706 4715
f 4716 4715 4706
f 4716 4712 4714
f 1197 4714 4712
f 99 4703 2446
f 4719 2446 4703
f 4719 4717 4718
f 1202 4718 4717
f 4700 4722 1195
f 4717 1195 4722
f 4722 4720 4721
f 1200 4721 4720
f 1202 4721 4725
f 4726 4725 4721
f 4726 4723 4724
f 333 4724 4723
f 621 4718 2449
f 4728 2449 4718
f 4728 4725 4727
f 1201 4727 4725
f 325 4714 4731
f 4732 4731 4714
f 4732 4729 4730
f 1205 4730 4729
f 1197 4711 4729
f 4734 4729 4711
f 4734 2457 4733
f 626 4733 2457
f 1205 4733 4736
f 4737 4736 4733
f 4737 2467 4735
f 111 4735 2467
f 1204 4730 4739
f 4740 4739 4730
f 4740 4736 4738
f 1203 4738 4736
f 110 4727 2568
f 4743 2568 4727
f 4743 4741 4742
f 1208 4742 4741
f 1201 4724 4741
f 4746 4741 4724
f 4746 4744 4745
f 1206 4745 4744
f 1208 4745 4749
f 4750 4749 4745
f 4750 4747 4748
f 334 4748 4747
f 652 4742 2571
f 4752 2571 4742
f 4752 4749 4751
f 1207 4751 4749
f 326 4738 4755
f 4756 4755 4738
f 4753 1211 4756
f 4754 4756 1211
f 4735 4758 1203
f 4753 1203 4758
f 2579 657 4758
f 4757 4758 657
f 4757 4761 1211
f 4760 1211 4761
f 2589 122 4761
f 4759 4761 122
f 4754 4764 1210
f 4763 1210 4764
f 4760 1209 4764
f 4762 4764 1209
f 121 4751 2690
f 4767 2690 4751
f 4767 4765 4766
f 1214 4766 4765
f 4748 4770 1207
f 4765 1207 4770
f 4768 1212 4770
f 4769 4770 1212
f 4769 4774 1214
f 4773 1214 4774
f 4771 329 4774
f 4772 4774 329
f 683 4766 2693
f 4776 2693 4766
f 4776 4773 4775
f 1213 4775 4773
f 4762 4780 327
f 4779 327 4780
f 4777 1216 4780
f 4778 4780 1216
f 4759 4782 1209
f 4777 1209 4782
f 2701 687 4782
f 4781 4782 687
f 1216 4781 4783
f 4784 4783 4781
f 4784 2709 4558
f 1 4558 2709
f 1215 4778 4785
f 4786 4785 4778
f 4786 4783 4553
f 1157 4553 4783
f 132 4775 2794
f 4789 2794 4775
f 4789 4787 4788
f 1218 4788 4787
f 4772 4792 1213
f 4787 1213 4792
f 4790 1217 4792
f 4791 4792 1217
f 4791 4795 1218
f 4794 1218 4795
f 4793 328 4795
f 4571 4795 328
f 705 4788 2797
f 4796 2797 4788
f 4796 4794 4567
f 1161 4567 4794
f 4800 4799 4614
f 305 4614 4799
f 4797 1221 4800
f 4798 4800 1221
f 4802 4797 4611
f 1171 4611 4797
f 2803 709 4802
f 4801 4802 709
f 1221 4801 4804
f 4805 4804 4801
f 133 4803 2813
f 4805 2813 4803
f 1220 4798 4807
f 4808 4807 4798
f 4808 4804 4806
f 1219 4806 4804
f 56 4634 2818
f 4811 2818 4634
f 4811 4809 4810
f 1224 4810 4809
f 1177 4629 4809
f 4814 4809 4629
f 4814 4812 4813
f 1222 4813 4812
f 1224 4813 4817
f 4818 4817 4813
f 4818 4815 4816
f 302 4816 4815
f 711 4810 2821
f 4820 2821 4810
f 4820 4817 4819
f 1223 4819 4817
f 135 4819 2844
f 4823 2844 4819
f 4822 4823 1227
f 4821 1227 4823
f 1223 4816 4821
f 4826 4821 4816
f 4825 4826 1225
f 4824 1225 4826
f 4829 1227 4830
f 4825 4830 1227
f 4828 4830 315
f 4827 315 4830
f 718 4822 2847
f 4832 2847 4822
f 4832 4829 4831
f 1226 4831 4829
f 4836 4835 4806
f 306 4806 4835
f 1230 4834 4833
f 4836 4833 4834
f 4838 4833 4803
f 1219 4803 4833
f 716 4837 2829
f 4838 2829 4837
f 4841 4840 4837
f 1230 4837 4840
f 136 4839 2839
f 4841 2839 4839
f 4844 4843 4834
f 1229 4834 4843
f 4844 4840 4842
f 1228 4842 4840
f 4842 4848 307
f 4847 307 4848
f 4845 1233 4848
f 4846 4848 1233
f 1228 4839 4845
f 4850 4845 4839
f 4850 2855 4849
f 723 4849 2855
f 1233 4849 4852
f 4853 4852 4849
f 4853 2865 4851
f 139 4851 2865
f 4846 4856 1232
f 4855 1232 4856
f 4854 4856 1231
f 4852 1231 4856
f 4859 301 4860
f 4854 4860 301
f 4858 4860 1236
f 4857 1236 4860
f 4857 1231 4862
f 4851 4862 1231
f 4861 4862 722
f 2864 722 4862
f 4864 1236 4865
f 4861 4865 1236
f 140 4863 2861
f 4865 2861 4863
f 4867 1235 4868
f 4858 4868 1235
f 4866 4868 1234
f 4864 1234 4868
f 4866 4872 299
f 4871 299 4872
f 4872 4869 4870
f 1239 4870 4869
f 4863 4874 1234
f 4869 1234 4874
f 4874 2877 4873
f 726 4873 2877
f 1239 4873 4876
f 4877 4876 4873
f 4877 2874 4875
f 141 4875 2874
f 1238 4870 4879
f 4880 4879 4870
f 4880 4876 4878
f 1237 4878 4876
f 138 4831 2883
f 4883 2883 4831
f 4883 4881 4882
f 1242 4882 4881
f 1226 4828 4881
f 4886 4881 4828
f 4884 1240 4886
f 4885 4886 1240
f 1242 4885 4889
f 4890 4889 4885
f 4887 303 4890
f 4888 4890 303
f 728 4882 2886
f 4892 2886 4882
f 4892 4889 4891
f 1241 4891 4889
f 300 4878 4895
f 4896 4895 4878
f 1245 4894 4893
f 4896 4893 4894
f 1237 4875 4893
f 4898 4893 4875
f 4898 2881 4897
f 730 4897 2881
f 1245 4897 4900
f 4901 4900 4897
f 4901 2891 4899
f 143 4899 2891
f 4903 1244 4904
f 4894 4904 1244
f 4902 4904 1243
f 4900 1243 4904
f 4891 4907 142
f 2887 142 4907
f 4905 1247 4907
f 4906 4907 1247
f 4888 4910 1241
f 4905 1241 4910
f 4908 1246 4910
f 4909 4910 1246
f 1247 4909 4912
f 4913 4912 4909
f 4913 4911 4902
f 304 4902 4911
f 729 4906 2890
f 4914 2890 4906
f 4914 4912 4899
f 1243 4899 4912
f 320 4647 4917
f 4918 4917 4647
f 4915 1250 4918
f 4916 4918 1250
f 4643 4920 1181
f 4915 1181 4920
f 2895 734 4920
f 4919 4920 734
f 4919 4923 1250
f 4922 1250 4923
f 2905 146 4923
f 4921 4923 146
f 4916 4926 1249
f 4925 1249 4926
f 4922 1248 4926
f 4924 4926 1248
f 44 4627 2910
f 4929 2910 4627
f 4929 4927 4928
f 1253 4928 4927
f 1175 4624 4927
f 4932 4927 4624
f 4932 4930 4931
f 1251 4931 4930
f 1253 4931 4935
f 4936 4935 4931
f 4936 4933 4934
f 310 4934 4933
f 4928 4938 736
f 2913 736 4938
f 4938 4935 4937
f 1252 4937 4935
f 4924 4942 311
f 4941 311 4942
f 4939 1256 4942
f 4940 4942 1256
f 4921 4944 1248
f 4939 1248 4944
f 2921 741 4944
f 4943 4944 741
f 4943 4947 1256
f 4946 1256 4947
f 2931 149 4947
f 4945 4947 149
f 4940 4950 1255
f 4949 1255 4950
f 4946 1254 4950
f 4948 4950 1254
f 4937 4953 144
f 2936 144 4953
f 4951 1259 4953
f 4952 4953 1259
f 1252 4934 4951
f 4956 4951 4934
f 4956 4954 4955
f 1257 4955 4954
f 1259 4955 4959
f 4960 4959 4955
f 4960 4957 4958
f 312 4958 4957
f 4952 4962 743
f 2939 743 4962
f 4962 4959 4961
f 1258 4961 4959
f 147 4961 2940
f 4965 2940 4961
f 4965 4963 4964
f 1262 4964 4963
f 1258 4958 4963
f 4968 4963 4958
f 4968 4966 4967
f 1260 4967 4966
f 4972 4971 4967
f 1262 4967 4971
f 4970 4972 309
f 4969 309 4972
f 744 4964 2943
f 4974 2943 4964
f 4974 4971 4973
f 1261 4973 4971
f 2927 148 4977
f 4973 4977 148
f 4975 1264 4977
f 4976 4977 1264
f 4970 4980 1261
f 4975 1261 4980
f 4979 4980 1263
f 4978 1263 4980
f 4979 4983 1264
f 4982 1264 4983
f 4948 4983 313
f 4981 313 4983
f 4976 4984 740
f 2930 740 4984
f 4982 1254 4984
f 4945 4984 1254
f 4988 4987 4556
f 323 4556 4987
f 1267 4986 4985
f 4988 4985 4986
f 4991 4985 4565
f 1159 4565 4985
f 1265 4990 4989
f 4991 4989 4990
f 4994 4993 4990
f 1267 4990 4993
f 161 2950 4992
f 4994 4992 2950
f 4996 4995 4986
f 1266 4986 4995
f 746 2945 4993
f 4996 4993 2945
f 3084 5000 160
f 4999 160 5000
f 4997 1270 5000
f 4998 5000 1270
f 3081 5003 784
f 4997 784 5003
f 5001 1268 5003
f 5002 5003 1268
f 5006 5005 5002
f 1270 5002 5005
f 318 4575 5004
f 5006 5004 4575
f 5008 5007 4998
f 1269 4998 5007
f 1162 4572 5005
f 5008 5005 4572
f 5011 4989 4583
f 316 4583 4989
f 5011 5009 5010
f 1272 5010 5009
f 5014 5009 4591
f 1166 4591 5009
f 5014 5012 5013
f 1271 5013 5012
f 1272 5013 5016
f 5017 5016 5013
f 5017 5015 3091
f 172 3091 5015
f 1265 5010 4992
f 5018 4992 5010
f 5018 5016 3087
f 787 3087 5016
f 3207 5021 171
f 5001 171 5021
f 5019 1274 5021
f 5020 5021 1274
f 3204 5024 816
f 5019 816 5024
f 5022 1273 5024
f 5023 5024 1273
f 5023 5027 1274
f 5026 1274 5027
f 5025 319 5027
f 4599 5027 319
f 5028 5004 5020
f 1268 5020 5004
f 5026 1168 5028
f 4596 5028 1168
f 5031 5012 4607
f 317 4607 5012
f 1276 5030 5029
f 5031 5029 5030
f 5034 5029 4615
f 1172 4615 5029
f 1275 5033 5032
f 5034 5032 5033
f 5037 5036 5033
f 1276 5033 5036
f 5037 5035 3213
f 183 3213 5035
f 1271 5030 5015
f 5038 5015 5030
f 5038 5036 3209
f 818 3209 5036
f 3329 5041 182
f 5022 182 5041
f 5039 1278 5041
f 5040 5041 1278
f 3326 5044 847
f 5039 847 5044
f 5042 1277 5044
f 5043 5044 1277
f 5043 5047 1278
f 5046 1278 5047
f 5047 5045 4623
f 308 4623 5045
f 5040 5048 1273
f 5025 1273 5048
f 5046 1174 5048
f 4620 5048 1174
f 5052 5051 4632
f 314 4632 5051
f 1281 5050 5049
f 5052 5049 5050
f 5055 5049 4641
f 1179 4641 5049
f 5055 5053 5054
f 1279 5054 5053
f 1281 5054 5057
f 5058 5057 5054
f 5058 5056 3579
f 216 3579 5056
f 5060 5059 5050
f 1280 5050 5059
f 5060 5057 3575
f 911 3575 5057
f 215 3695 5063
f 5064 5063 3695
f 5061 1284 5064
f 5062 5064 1284
f 3692 5067 940
f 5061 940 5067
f 5065 1282 5067
f 5066 5067 1282
f 5066 5070 1284
f 5069 1284 5070
f 5068 330 5070
f 4651 5070 330
f 5062 5072 1283
f 5071 1283 5072
f 5069 1182 5072
f 4648 5072 1182
f 321 4659 5053
f 5075 5053 4659
f 5074 5075 1286
f 5073 1286 5075
f 5073 1186 5078
f 4667 5078 1186
f 5077 5078 1285
f 5076 1285 5078
f 5077 5081 1286
f 5080 1286 5081
f 5079 227 5081
f 3701 5081 227
f 5056 1279 5082
f 5074 5082 1279
f 5080 942 5082
f 3697 5082 942
f 5065 226 5085
f 3817 5085 226
f 5084 5085 1288
f 5083 1288 5085
f 5083 971 5088
f 3814 5088 971
f 5087 5088 1287
f 5086 1287 5088
f 5090 1288 5091
f 5087 5091 1288
f 4675 5091 331
f 5089 331 5091
f 5084 5092 1282
f 5068 1282 5092
f 4672 5092 1188
f 5090 1188 5092
f 5076 322 5095
f 4683 5095 322
f 5094 5095 1290
f 5093 1290 5095
f 5093 1192 5098
f 4691 5098 1192
f 5098 5096 5097
f 1289 5097 5096
f 5100 1290 5101
f 5097 5101 1290
f 3823 5101 238
f 5099 238 5101
f 5079 1285 5102
f 5094 5102 1285
f 3819 5102 973
f 5100 973 5102
f 5086 237 5105
f 3939 5105 237
f 5104 5105 1292
f 5103 1292 5105
f 5103 1002 5108
f 3936 5108 1002
f 5108 5106 5107
f 1291 5107 5106
f 5110 1292 5111
f 5107 5111 1292
f 4699 5111 332
f 5109 332 5111
f 5089 1287 5112
f 5104 5112 1287
f 4696 5112 1194
f 5110 1194 5112
f 324 4707 5096
f 5115 5096 4707
f 5115 5113 5114
f 1294 5114 5113
f 1198 4715 5113
f 5118 5113 4715
f 5118 5116 5117
f 1293 5117 5116
f 1294 5117 5120
f 5121 5120 5117
f 5121 5119 3945
f 249 3945 5119
f 1289 5114 5099
f 5122 5099 5114
f 5122 5120 3941
f 1004 3941 5120
f 248 4061 5106
f 5125 5106 4061
f 5125 5123 5124
f 1296 5124 5123
f 1033 4058 5123
f 5128 5123 4058
f 5128 5126 5127
f 1295 5127 5126
f 1296 5127 5130
f 5131 5130 5127
f 5131 5129 4723
f 333 4723 5129
f 5109 1291 5132
f 5124 5132 1291
f 5132 5130 4720
f 1200 4720 5130
f 325 4731 5116
f 5135 5116 4731
f 5135 5133 5134
f 1298 5134 5133
f 1204 4739 5133
f 5138 5133 4739
f 5138 5136 5137
f 1297 5137 5136
f 1298 5137 5140
f 5141 5140 5137
f 5141 5139 4067
f 260 4067 5139
f 1293 5134 5119
f 5142 5119 5134
f 5142 5140 4063
f 1035 4063 5140
f 259 4183 5126
f 5145 5126 4183
f 5145 5143 5144
f 1300 5144 5143
f 1064 4180 5143
f 5148 5143 4180
f 5148 5146 5147
f 1299 5147 5146
f 1300 5147 5150
f 5151 5150 5147
f 5151 5149 4747
f 334 4747 5149
f 1295 5144 5129
f 5152 5129 5144
f 5152 5150 4744
f 1206 4744 5150
f 326 4755 5136
f 5155 5136 4755
f 5154 5155 1302
f 5153 1302 5155
f 5153 1210 5158
f 4763 5158 1210
f 5157 5158 1301
f 5156 1301 5158
f 5160 1302 5161
f 5157 5161 1302
f 4189 5161 271
f 5159 271 5161
f 5139 1297 5162
f 5154 5162 1297
f 4185 5162 1066
f 5160 1066 5162
f 270 4305 5146
f 5165 5146 4305
f 5165 5163 5164
f 1304 5164 5163
f 1095 4302 5163
f 5168 5163 4302
f 5168 5166 5167
f 1303 5167 5166
f 5170 1304 5171
f 5167 5171 1304
f 4771 5171 329
f 5169 329 5171
f 5149 1299 5172
f 5164 5172 1299
f 4768 5172 1212
f 5170 1212 5172
f 5156 327 5175
f 4779 5175 327
f 5174 5175 1305
f 5173 1305 5175
f 1215 4785 5173
f 5177 5173 4785
f 5177 4987 5176
f 1266 5176 4987
f 1305 5176 5178
f 5179 5178 5176
f 5179 4995 4311
f 150 4311 4995
f 5159 1301 5180
f 5174 5180 1301
f 4307 5180 1097
f 5178 1097 5180
f 281 4407 5166
f 5183 5166 4407
f 5183 5181 5182
f 1306 5182 5181
f 1116 4404 5181
f 5185 5181 4404
f 5185 4999 5184
f 1269 5184 4999
f 5186 1306 5187
f 5184 5187 1306
f 4793 5187 328
f 5007 328 5187
f 5169 1303 5188
f 5182 5188 1303
f 4790 5188 1217
f 5186 1217 5188
f 5191 5032 4799
f 305 4799 5032
f 5190 5191 1308
f 5189 1308 5191
f 1220 4807 5189
f 5194 5189 4807
f 5194 5192 5193
f 1307 5193 5192
f 1308 5193 5196
f 5197 5196 5193
f 282 4413 5195
f 5197 5195 4413
f 5198 5035 5190
f 1275 5190 5035
f 4409 5198 1118
f 5196 1118 5198
f 205 4433 5059
f 5201 5059 4433
f 5201 5199 5200
f 1310 5200 5199
f 1123 4430 5199
f 5204 5199 4430
f 5204 5202 5203
f 1309 5203 5202
f 1310 5203 5206
f 5207 5206 5203
f 5207 5205 4815
f 302 4815 5205
f 1280 5200 5051
f 5208 5051 5200
f 5208 5206 4812
f 1222 4812 5206
f 284 4459 5202
f 5211 5202 4459
f 5209 1312 5211
f 5210 5211 1312
f 1130 4456 5209
f 5214 5209 4456
f 5214 5212 5213
f 1311 5213 5212
f 5213 5217 1312
f 5216 1312 5217
f 5215 315 5217
f 4827 5217 315
f 1309 5210 5205
f 5218 5205 5210
f 5216 1225 5218
f 4824 5218 1225
f 5221 5192 4835
f 306 4835 5192
f 1314 5220 5219
f 5221 5219 5220
f 5224 5219 4843
f 1229 4843 5219
f 5224 5222 5223
f 1313 5223 5222
f 5227 5226 5223
f 1314 5223 5226
f 285 4439 5225
f 5227 5225 4439
f 5228 5195 5220
f 1307 5220 5195
f 1125 4435 5226
f 5228 5226 4435
f 5222 307 5231
f 4847 5231 307
f 5230 5231 1316
f 5229 1316 5231
f 5229 1232 5234
f 4855 5234 1232
f 5232 1315 5234
f 5233 5234 1315
f 1316 5233 5236
f 5237 5236 5233
f 5237 5235 4465
f 288 4465 5235
f 1313 5230 5225
f 5238 5225 5230
f 5238 5236 4461
f 1132 4461 5236
f 4859 5241 301
f 5232 301 5241
f 5239 1318 5241
f 5240 5241 1318
f 4867 5244 1235
f 5239 1235 5244
f 5242 1317 5244
f 5243 5244 1317
f 5243 5247 1318
f 5246 1318 5247
f 289 4469 5245
f 5247 5245 4469
f 5240 5248 1315
f 5235 1315 5248
f 5246 1133 5248
f 4466 5248 1133
f 5242 299 5251
f 4871 5251 299
f 5251 5249 5250
f 1320 5250 5249
f 1238 4879 5249
f 5254 5249 4879
f 5254 5252 5253
f 1319 5253 5252
f 1320 5253 5256
f 5257 5256 5253
f 5257 5255 4481
f 290 4481 5255
f 5245 1317 5258
f 5250 5258 1317
f 5258 5256 4478
f 1136 4478 5256
f 287 4499 5212
f 5261 5212 4499
f 5261 5259 5260
f 1322 5260 5259
f 1141 4496 5259
f 5264 5259 4496
f 5264 5262 5263
f 1321 5263 5262
f 1322 5263 5266
f 5267 5266 5263
f 4887 5267 303
f 5265 303 5267
f 1311 5260 5215
f 5268 5215 5260
f 4884 5268 1240
f 5266 1240 5268
f 300 4895 5252
f 5271 5252 4895
f 1324 5270 5269
f 5271 5269 5270
f 4903 5274 1244
f 5269 1244 5274
f 5272 1323 5274
f 5273 5274 1323
f 1324 5273 5276
f 5277 5276 5273
f 5277 5275 4491
f 292 4491 5275
f 1319 5270 5255
f 5278 5255 5270
f 5278 5276 4487
f 1139 4487 5276
f 4495 5281 291
f 5262 291 5281
f 1325 5280 5279
f 5281 5279 5280
f 1140 4492 5279
f 5283 5279 4492
f 5283 5275 5282
f 1323 5282 5275
f 1325 5282 5284
f 5285 5284 5282
f 5285 5272 4911
f 304 4911 5272
f 5286 5265 5280
f 1321 5280 5265
f 4908 5286 1246
f 5284 1246 5286
f 320 4917 5071
f 5289 5071 4917
f 5288 5289 1327
f 5287 1327 5289
f 5287 1249 5292
f 4925 5292 1249
f 5291 5292 1326
f 5290 1326 5292
f 5294 1327 5295
f 5291 5295 1327
f 4505 5295 295
f 5293 295 5295
f 5288 5296 1283
f 5063 1283 5296
f 4501 5296 1143
f 5294 1143 5296
f 193 4525 5042
f 5299 5042 4525
f 5299 5297 5298
f 1329 5298 5297
f 5297 1148 5302
f 4522 5302 1148
f 5302 5300 5301
f 1328 5301 5300
f 1329 5301 5304
f 5305 5304 5301
f 5305 5303 4933
f 310 4933 5303
f 1277 5298 5045
f 5306 5045 5298
f 5306 5304 4930
f 1251 4930 5304
f 5290 311 5309
f 4941 5309 311
f 5308 5309 1331
f 5307 1331 5309
f 5307 1255 5312
f 4949 5312 1255
f 5311 5312 1330
f 5310 1330 5312
f 5314 1331 5315
f 5311 5315 1331
f 4531 5315 298
f 5313 298 5315
f 5293 1326 5316
f 5308 5316 1326
f 4527 5316 1150
f 5314 1150 5316
f 5300 293 5319
f 4551 5319 293
f 5318 5319 1333
f 5317 1333 5319
f 5317 1155 5322
f 4548 5322 1155
f 5322 5320 5321
f 1332 5321 5320
f 1333 5321 5324
f 5325 5324 5321
f 5325 5323 4957
f 312 4957 5323
f 1328 5318 5303
f 5326 5303 5318
f 5326 5324 4954
f 1257 4954 5324
f 296 4547 5320
f 5329 5320 4547
f 5329 5327 5328
f 1335 5328 5327
f 1154 4544 5327
f 5332 5327 4544
f 5332 5330 5331
f 1334 5331 5330
f 5335 5334 5331
f 1335 5331 5334
f 5333 309 5335
f 4969 5335 309
f 1332 5328 5323
f 5336 5323 5328
f 5336 5334 4966
f 1260 4966 5334
f 4535 5339 297
f 5330 297 5339
f 5337 1336 5339
f 5338 5339 1336
f 4532 5341 1151
f 5337 1151 5341
f 5313 1330 5341
f 5340 5341 1330
f 5340 5343 1336
f 5342 1336 5343
f 5310 313 5343
f 4981 5343 313
f 5338 5344 1334
f 5333 1334 5344
f 5342 1263 5344
f 4978 5344 1263
f 1338 1341 335
f 1337 335 1341
f 1339 338 1341
f 1340 1341 338
f 1343 1345 2
f 1342 2 1345
f 1344 339 1345
f 1338 1345 339
f 1346 1349 336
f 1344 336 1349
f 1347 337 1349
f 1348 1349 337
f 1348 1352 339
f 1339 339 1352
f 1350 12 1352
f 1351 1352 12
f 1354 1356 340
f 1353 340 1356
f 1355 336 1356
f 1343 1356 336
f 1358 1360 3
f 1357 3 1360
f 1359 343 1360
f 1354 1360 343
f 1361 1364 341
f 1359 341 1364
f 1362 342 1364
f 1363 1364 342
f 1363 1366 343
f 1355 343 1366
f 1365 13 1366
f 1346 1366 13
f 1368 1370 344
f 1367 344 1370
f 1369 341 1370
f 1358 1370 341
f 1372 1374 4
f 1371 4 1374
f 1373 347 1374
f 1368 1374 347
f 1375 1378 345
f 1373 345 1378
f 1376 346 1378
f 1377 1378 346
f 1377 1380 347
f 1369 347 1380
f 1379 14 1380
f 1361 1380 14
f 1384 1381 1382
f 348 1382 1381
f 1383 345 1384
f 1372 1384 345
f 1388 1385 1386
f 5 1386 1385
f 351 1382 1387
f 1388 1387 1382
f 1392 1387 1389
f 349 1389 1387
f 1390 350 1392
f 1391 1392 350
f 1391 1394 351
f 1383 351 1394
f 1393 15 1394
f 1375 1394 15
f 1398 1395 1396
f 352 1396 1395
f 349 1386 1397
f 1398 1397 1386
f 1402 1399 1400
f 6 1400 1399
f 355 1396 1401
f 1402 1401 1396
f 1406 1401 1403
f 353 1403 1401
f 354 1405 1404
f 1406 1404 1405
f 1408 1397 1405
f 355 1405 1397
f 16 1389 1407
f 1408 1407 1389
f 1412 1409 1410
f 356 1410 1409
f 353 1400 1411
f 1412 1411 1400
f 1414 1416 7
f 1413 7 1416
f 1415 359 1416
f 1410 1416 359
f 1417 1420 357
f 1415 357 1420
f 1418 358 1420
f 1419 1420 358
f 1422 1411 1419
f 359 1419 1411
f 17 1403 1421
f 1422 1421 1403
f 1426 1423 1424
f 360 1424 1423
f 357 1414 1425
f 1426 1425 1414
f 1428 1430 8
f 1427 8 1430
f 1429 363 1430
f 1424 1430 363
f 1431 1434 361
f 1429 361 1434
f 1432 362 1434
f 1433 1434 362
f 1436 1425 1433
f 363 1433 1425
f 18 1417 1435
f 1436 1435 1417
f 1440 1437 1438
f 364 1438 1437
f 361 1428 1439
f 1440 1439 1428
f 1442 1444 9
f 1441 9 1444
f 1443 367 1444
f 1438 1444 367
f 1445 1448 365
f 1443 365 1448
f 1446 366 1448
f 1447 1448 366
f 1450 1439 1447
f 367 1447 1439
f 19 1431 1449
f 1450 1449 1431
f 1454 1451 1452
f 368 1452 1451
f 365 1442 1453
f 1454 1453 1442
f 1456 1458 10
f 1455 10 1458
f 1457 371 1458
f 1452 1458 371
f 1459 1462 369
f 1457 369 1462
f 1460 370 1462
f 1461 1462 370
f 1464 1453 1461
f 371 1461 1453
f 20 1445 1463
f 1464 1463 1445
f 1468 1465 1466
f 372 1466 1465
f 369 1456 1467
f 1468 1467 1456
f 1470 1472 11
f 1469 11 1472
f 1471 375 1472
f 1466 1472 375
f 1473 1476 373
f 1471 373 1476
f 1474 374 1476
f 1475 1476 374
f 1478 1467 1475
f 375 1475 1467
f 21 1459 1477
f 1478 1477 1459
f 1350 337 1482
f 1479 1482 337
f 1481 1482 378
f 1480 378 1482
f 1483 1485 13
f 1347 13 1485
f 1479 1485 379
f 1484 379 1485
f 1484 376 1489
f 1486 1489 376
f 1488 1489 377
f 1487 377 1489
f 1480 379 1492
f 1488 1492 379
f 1491 1492 23
f 1490 23 1492
f 1493 1495 342
f 1365 342 1495
f 1494 376 1495
f 1483 1495 376
f 1496 1498 14
f 1362 14 1498
f 1497 382 1498
f 1493 1498 382
f 1499 1502 380
f 1497 380 1502
f 1500 381 1502
f 1501 1502 381
f 1501 1504 382
f 1494 382 1504
f 1486 1504 24
f 1503 24 1504
f 1505 1507 346
f 1379 346 1507
f 1506 380 1507
f 1496 1507 380
f 1508 1510 15
f 1376 15 1510
f 1509 385 1510
f 1505 1510 385
f 1511 1514 383
f 1509 383 1514
f 384 1513 1512
f 1514 1512 1513
f 1513 1516 385
f 1506 385 1516
f 1515 25 1516
f 1499 1516 25
f 1517 1519 350
f 1393 350 1519
f 1518 383 1519
f 1508 1519 383
f 1520 1522 16
f 1390 16 1522
f 1521 388 1522
f 1517 1522 388
f 1523 1526 386
f 1521 386 1526
f 387 1525 1524
f 1526 1524 1525
f 1525 1528 388
f 1518 388 1528
f 26 1511 1527
f 1528 1527 1511
f 1529 1531 354
f 1407 354 1531
f 1530 386 1531
f 1520 1531 386
f 1534 1404 1532
f 17 1532 1404
f 1533 391 1534
f 1529 1534 391
f 1535 1538 389
f 1533 389 1538
f 1536 390 1538
f 1537 1538 390
f 1537 1540 391
f 1530 391 1540
f 1539 27 1540
f 1523 1540 27
f 1543 1421 1541
f 358 1541 1421
f 389 1532 1542
f 1543 1542 1532
f 1544 1546 18
f 1418 18 1546
f 1545 394 1546
f 1541 1546 394
f 1547 1550 392
f 1545 392 1550
f 1548 393 1550
f 1549 1550 393
f 1552 1542 1549
f 394 1549 1542
f 28 1535 1551
f 1552 1551 1535
f 1555 1435 1553
f 362 1553 1435
f 392 1544 1554
f 1555 1554 1544
f 1556 1558 19
f 1432 19 1558
f 1557 397 1558
f 1553 1558 397
f 1559 1562 395
f 1557 395 1562
f 1560 396 1562
f 1561 1562 396
f 1564 1554 1561
f 397 1561 1554
f 29 1547 1563
f 1564 1563 1547
f 1567 1449 1565
f 366 1565 1449
f 395 1556 1566
f 1567 1566 1556
f 1568 1570 20
f 1446 20 1570
f 1569 400 1570
f 1565 1570 400
f 1571 1574 398
f 1569 398 1574
f 1572 399 1574
f 1573 1574 399
f 1576 1566 1573
f 400 1573 1566
f 30 1559 1575
f 1576 1575 1559
f 1579 1463 1577
f 370 1577 1463
f 398 1568 1578
f 1579 1578 1568
f 1580 1582 21
f 1460 21 1582
f 1581 403 1582
f 1577 1582 403
f 1583 1586 401
f 1581 401 1586
f 1584 402 1586
f 1585 1586 402
f 1585 1588 403
f 1578 403 1588
f 31 1571 1587
f 1588 1587 1571
f 1591 1477 1589
f 374 1589 1477
f 1590 401 1591
f 1580 1591 401
f 1592 1594 22
f 1474 22 1594
f 1593 406 1594
f 1589 1594 406
f 1595 1598 404
f 1593 404 1598
f 1596 405 1598
f 1597 1598 405
f 1597 1600 406
f 1590 406 1600
f 1599 32 1600
f 1583 1600 32
f 1490 377 1604
f 1601 1604 377
f 1603 1604 409
f 1602 409 1604
f 1487 24 1607
f 1605 1607 24
f 1601 1607 410
f 1606 410 1607
f 1606 407 1611
f 1608 1611 407
f 1610 1611 408
f 1609 408 1611
f 1602 410 1614
f 1610 1614 410
f 1613 1614 34
f 1612 34 1614
f 1503 381 1617
f 1615 1617 381
f 1605 1617 407
f 1616 407 1617
f 1618 1620 25
f 1500 25 1620
f 1619 413 1620
f 1615 1620 413
f 1624 1619 1621
f 411 1621 1619
f 1622 412 1624
f 1623 1624 412
f 1616 413 1626
f 1623 1626 413
f 1608 1626 35
f 1625 35 1626
f 1629 1515 1627
f 384 1627 1515
f 411 1618 1628
f 1629 1628 1618
f 1632 1512 1630
f 26 1630 1512
f 416 1627 1631
f 1632 1631 1627
f 1633 1636 414
f 1631 414 1636
f 1636 1634 1635
f 415 1635 1634
f 1638 1628 1635
f 416 1635 1628
f 36 1621 1637
f 1638 1637 1621
f 1639 1641 387
f 1527 387 1641
f 1640 414 1641
f 1630 1641 414
f 1642 1644 27
f 1524 27 1644
f 1643 419 1644
f 1639 1644 419
f 1645 1648 417
f 1643 417 1648
f 1646 418 1648
f 1647 1648 418
f 1647 1650 419
f 1640 419 1650
f 1649 37 1650
f 1633 1650 37
f 1651 1653 390
f 1539 390 1653
f 1652 417 1653
f 1642 1653 417
f 1654 1656 28
f 1536 28 1656
f 1655 422 1656
f 1651 1656 422
f 1657 1660 420
f 1655 420 1660
f 1658 421 1660
f 1659 1660 421
f 1659 1662 422
f 1652 422 1662
f 1661 38 1662
f 1645 1662 38
f 1663 1665 393
f 1551 393 1665
f 1664 420 1665
f 1654 1665 420
f 1666 1668 29
f 1548 29 1668
f 1667 425 1668
f 1663 1668 425
f 1669 1672 423
f 1667 423 1672
f 1670 424 1672
f 1671 1672 424
f 1671 1674 425
f 1664 425 1674
f 1673 39 1674
f 1657 1674 39
f 1675 1677 396
f 1563 396 1677
f 1676 423 1677
f 1666 1677 423
f 1678 1680 30
f 1560 30 1680
f 1679 428 1680
f 1675 1680 428
f 1681 1684 426
f 1679 426 1684
f 1682 427 1684
f 1683 1684 427
f 1683 1686 428
f 1676 428 1686
f 1685 40 1686
f 1669 1686 40
f 1687 1689 399
f 1575 399 1689
f 1688 426 1689
f 1678 1689 426
f 1690 1692 31
f 1572 31 1692
f 1691 431 1692
f 1687 1692 431
f 1693 1696 429
f 1691 429 1696
f 1694 430 1696
f 1695 1696 430
f 1695 1698 431
f 1688 431 1698
f 1697 41 1698
f 1681 1698 41
f 1699 1701 402
f 1587 402 1701
f 1700 429 1701
f 1690 1701 429
f 1702 1704 32
f 1584 32 1704
f 1703 434 1704
f 1699 1704 434
f 1705 1708 432
f 1703 432 1708
f 1706 433 1708
f 1707 1708 433
f 1707 1710 434
f 1700 434 1710
f 1709 42 1710
f 1693 1710 42
f 1711 1713 405
f 1599 405 1713
f 1712 432 1713
f 1702 1713 432
f 1714 1716 33
f 1596 33 1716
f 1715 437 1716
f 1711 1716 437
f 1717 1720 435
f 1715 435 1720
f 1718 436 1720
f 1719 1720 436
f 1719 1722 437
f 1712 437 1722
f 1721 43 1722
f 1705 1722 43
f 1612 408 1726
f 1723 1726 408
f 1725 1726 440
f 1724 440 1726
f 1609 35 1729
f 1727 1729 35
f 1723 1729 441
f 1728 441 1729
f 1728 438 1733
f 1730 1733 438
f 1732 1733 439
f 1731 439 1733
f 1724 441 1736
f 1732 1736 441
f 45 1735 1734
f 1736 1734 1735
f 1625 412 1739
f 1737 1739 412
f 1727 1739 438
f 1738 438 1739
f 1742 1622 1740
f 36 1740 1622
f 444 1737 1741
f 1742 1741 1737
f 442 1743 1741
f 1746 1741 1743
f 1746 1744 1745
f 443 1745 1744
f 1745 1748 444
f 1738 444 1748
f 1747 46 1748
f 1730 1748 46
f 415 1749 1637
f 1751 1637 1749
f 1751 1750 1740
f 442 1740 1750
f 37 1752 1634
f 1754 1634 1752
f 1754 1753 1749
f 447 1749 1753
f 1758 1753 1755
f 445 1755 1753
f 1758 1756 1757
f 446 1757 1756
f 447 1757 1750
f 1760 1750 1757
f 1760 1759 1743
f 47 1743 1759
f 1761 1763 418
f 1649 418 1763
f 1762 445 1763
f 1752 1763 445
f 1764 1766 38
f 1646 38 1766
f 1765 450 1766
f 1761 1766 450
f 1767 1770 448
f 1765 448 1770
f 1768 449 1770
f 1769 1770 449
f 1769 1772 450
f 1762 450 1772
f 48 1755 1771
f 1772 1771 1755
f 1773 1775 421
f 1661 421 1775
f 1774 448 1775
f 1764 1775 448
f 1776 1778 39
f 1658 39 1778
f 1777 453 1778
f 1773 1778 453
f 1779 1782 451
f 1777 451 1782
f 1780 452 1782
f 1781 1782 452
f 1781 1784 453
f 1774 453 1784
f 1783 49 1784
f 1767 1784 49
f 1785 1787 424
f 1673 424 1787
f 1786 451 1787
f 1776 1787 451
f 1788 1790 40
f 1670 40 1790
f 1789 456 1790
f 1785 1790 456
f 1791 1794 454
f 1789 454 1794
f 1792 455 1794
f 1793 1794 455
f 1793 1796 456
f 1786 456 1796
f 1795 50 1796
f 1779 1796 50
f 1797 1799 427
f 1685 427 1799
f 1798 454 1799
f 1788 1799 454
f 1800 1802 41
f 1682 41 1802
f 1801 459 1802
f 1797 1802 459
f 1803 1806 457
f 1801 457 1806
f 1804 458 1806
f 1805 1806 458
f 1805 1808 459
f 1798 459 1808
f 51 1791 1807
f 1808 1807 1791
f 1809 1811 430
f 1697 430 1811
f 1810 457 1811
f 1800 1811 457
f 1812 1814 42
f 1694 42 1814
f 1813 462 1814
f 1809 1814 462
f 1815 1818 460
f 1813 460 1818
f 1816 461 1818
f 1817 1818 461
f 1817 1820 462
f 1810 462 1820
f 52 1803 1819
f 1820 1819 1803
f 1821 1823 433
f 1709 433 1823
f 1822 460 1823
f 1812 1823 460
f 1824 1826 43
f 1706 43 1826
f 1825 465 1826
f 1821 1826 465
f 1827 1830 463
f 1825 463 1830
f 1828 464 1830
f 1829 1830 464
f 1829 1832 465
f 1822 465 1832
f 53 1815 1831
f 1832 1831 1815
f 436 1833 1721
f 1835 1721 1833
f 1835 1834 1824
f 463 1824 1834
f 44 1836 1718
f 1838 1718 1836
f 1838 1837 1833
f 468 1833 1837
f 1837 466 1842
f 1839 1842 466
f 1840 467 1842
f 1841 1842 467
f 468 1841 1834
f 1844 1834 1841
f 1843 54 1844
f 1827 1844 54
f 439 1845 1734
f 1848 1734 1845
f 1848 1846 1847
f 471 1847 1846
f 1851 1731 1849
f 46 1849 1731
f 1851 1850 1845
f 472 1845 1850
f 469 1852 1850
f 1855 1850 1852
f 470 1854 1853
f 1855 1853 1854
f 472 1854 1846
f 1858 1846 1854
f 1858 1856 1857
f 56 1857 1856
f 443 1859 1747
f 1861 1747 1859
f 1861 1860 1849
f 469 1849 1860
f 47 1862 1744
f 1864 1744 1862
f 1864 1863 1859
f 475 1859 1863
f 473 1865 1863
f 1868 1863 1865
f 1868 1866 1867
f 474 1867 1866
f 475 1867 1860
f 1870 1860 1867
f 1870 1869 1852
f 57 1852 1869
f 446 1871 1759
f 1873 1759 1871
f 1873 1872 1862
f 473 1862 1872
f 1876 1756 1874
f 48 1874 1756
f 1876 1875 1871
f 478 1871 1875
f 1880 1875 1877
f 476 1877 1875
f 477 1879 1878
f 1880 1878 1879
f 478 1879 1872
f 1882 1872 1879
f 1882 1881 1865
f 58 1865 1881
f 1885 1771 1883
f 449 1883 1771
f 476 1874 1884
f 1885 1884 1874
f 1886 1888 49
f 1768 49 1888
f 1887 481 1888
f 1883 1888 481
f 1889 1892 479
f 1887 479 1892
f 480 1891 1890
f 1892 1890 1891
f 1894 1884 1891
f 481 1891 1884
f 59 1877 1893
f 1894 1893 1877
f 1895 1897 452
f 1783 452 1897
f 1896 479 1897
f 1886 1897 479
f 1898 1900 50
f 1780 50 1900
f 1899 484 1900
f 1895 1900 484
f 1901 1904 482
f 1899 482 1904
f 1902 483 1904
f 1903 1904 483
f 1903 1906 484
f 1896 484 1906
f 1905 60 1906
f 1889 1906 60
f 1907 1909 455
f 1795 455 1909
f 1908 482 1909
f 1898 1909 482
f 1910 1912 51
f 1792 51 1912
f 1911 487 1912
f 1907 1912 487
f 1913 1916 485
f 1911 485 1916
f 1914 486 1916
f 1915 1916 486
f 1915 1918 487
f 1908 487 1918
f 1917 61 1918
f 1901 1918 61
f 1921 1807 1919
f 458 1919 1807
f 485 1910 1920
f 1921 1920 1910
f 1922 1924 52
f 1804 52 1924
f 1923 490 1924
f 1919 1924 490
f 1925 1928 488
f 1923 488 1928
f 1926 489 1928
f 1927 1928 489
f 1930 1920 1927
f 490 1927 1920
f 62 1913 1929
f 1930 1929 1913
f 1933 1819 1931
f 461 1931 1819
f 488 1922 1932
f 1933 1932 1922
f 1934 1936 53
f 1816 53 1936
f 1935 493 1936
f 1931 1936 493
f 1937 1940 491
f 1935 491 1940
f 1938 492 1940
f 1939 1940 492
f 1942 1932 1939
f 493 1939 1932
f 63 1925 1941
f 1942 1941 1925
f 1943 1945 464
f 1831 464 1945
f 491 1934 1944
f 1945 1944 1934
f 1946 1948 54
f 1828 54 1948
f 1947 496 1948
f 1943 1948 496
f 1949 1952 494
f 1947 494 1952
f 1950 495 1952
f 1951 1952 495
f 1951 1954 496
f 1944 496 1954
f 64 1937 1953
f 1954 1953 1937
f 1843 467 1957
f 1955 1957 467
f 1956 494 1957
f 1946 1957 494
f 1840 55 1960
f 1958 1960 55
f 1955 1960 499
f 1959 499 1960
f 1961 1964 497
f 1959 497 1964
f 1962 498 1964
f 1963 1964 498
f 1963 1966 499
f 1956 499 1966
f 1965 65 1966
f 1949 1966 65
f 1970 1856 1967
f 470 1967 1856
f 1969 1970 502
f 1968 502 1970
f 1973 1853 1971
f 57 1971 1853
f 1967 1973 503
f 1972 503 1973
f 1977 1972 1974
f 500 1974 1972
f 501 1976 1975
f 1977 1975 1976
f 1968 503 1980
f 1976 1980 503
f 1979 1980 67
f 1978 67 1980
f 474 1981 1869
f 1983 1869 1981
f 500 1971 1982
f 1983 1982 1971
f 58 1984 1866
f 1986 1866 1984
f 1986 1985 1981
f 506 1981 1985
f 1990 1985 1987
f 504 1987 1985
f 505 1989 1988
f 1990 1988 1989
f 1992 1982 1989
f 506 1989 1982
f 68 1974 1991
f 1992 1991 1974
f 1995 1881 1993
f 477 1993 1881
f 1995 1994 1984
f 504 1984 1994
f 1998 1878 1996
f 59 1996 1878
f 509 1993 1997
f 1998 1997 1993
f 2002 1997 1999
f 507 1999 1997
f 508 2001 2000
f 2002 2000 2001
f 2004 1994 2001
f 509 2001 1994
f 69 1987 2003
f 2004 2003 1987
f 2007 1893 2005
f 480 2005 1893
f 507 1996 2006
f 2007 2006 1996
f 2010 1890 2008
f 60 2008 1890
f 512 2005 2009
f 2010 2009 2005
f 2014 2009 2011
f 510 2011 2009
f 511 2013 2012
f 2014 2012 2013
f 2016 2006 2013
f 512 2013 2006
f 70 1999 2015
f 2016 2015 1999
f 2019 1905 2017
f 483 2017 1905
f 510 2008 2018
f 2019 2018 2008
f 2020 2022 61
f 1902 61 2022
f 2021 515 2022
f 2017 2022 515
f 2023 2026 513
f 2021 513 2026
f 514 2025 2024
f 2026 2024 2025
f 2028 2018 2025
f 515 2025 2018
f 71 2011 2027
f 2028 2027 2011
f 2029 2031 486
f 1917 486 2031
f 2030 513 2031
f 2020 2031 513
f 2032 2034 62
f 1914 62 2034
f 2033 518 2034
f 2029 2034 518
f 2035 2038 516
f 2033 516 2038
f 2036 517 2038
f 2037 2038 517
f 2037 2040 518
f 2030 518 2040
f 2039 72 2040
f 2023 2040 72
f 2043 1929 2041
f 489 2041 1929
f 516 2032 2042
f 2043 2042 2032
f 2044 2046 63
f 1926 63 2046
f 2045 521 2046
f 2041 2046 521
f 2047 2050 519
f 2045 519 2050
f 2048 520 2050
f 2049 2050 520
f 2052 2042 2049
f 521 2049 2042
f 2051 73 2052
f 2035 2052 73
f 2055 1941 2053
f 492 2053 1941
f 519 2044 2054
f 2055 2054 2044
f 2056 2058 64
f 1938 64 2058
f 2057 524 2058
f 2053 2058 524
f 2059 2062 522
f 2057 522 2062
f 2060 523 2062
f 2061 2062 523
f 2064 2054 2061
f 524 2061 2054
f 74 2047 2063
f 2064 2063 2047
f 2065 2067 495
f 1953 495 2067
f 522 2056 2066
f 2067 2066 2056
f 2068 2070 65
f 1950 65 2070
f 2069 527 2070
f 2065 2070 527
f 525 2071 2069
f 2074 2069 2071
f 2074 2072 2073
f 526 2073 2072
f 2076 2066 2073
f 527 2073 2066
f 75 2059 2075
f 2076 2075 2059
f 2077 2079 498
f 1965 498 2079
f 2078 525 2079
f 2068 2079 525
f 66 2080 1962
f 2082 1962 2080
f 2082 2081 2077
f 530 2077 2081
f 528 2083 2081
f 2086 2081 2083
f 2086 2084 2085
f 529 2085 2084
f 530 2085 2078
f 2088 2078 2085
f 2088 2087 2071
f 76 2071 2087
f 501 2089 1978
f 2092 1978 2089
f 2092 2090 2091
f 533 2091 2090
f 68 2093 1975
f 2095 1975 2093
f 2095 2094 2089
f 534 2089 2094
f 531 2096 2094
f 2099 2094 2096
f 2099 2097 2098
f 532 2098 2097
f 534 2098 2090
f 2102 2090 2098
f 2102 2100 2101
f 78 2101 2100
f 505 2103 1991
f 2105 1991 2103
f 2105 2104 2093
f 531 2093 2104
f 2108 1988 2106
f 69 2106 1988
f 2108 2107 2103
f 537 2103 2107
f 2112 2107 2109
f 535 2109 2107
f 2112 2110 2111
f 536 2111 2110
f 537 2111 2104
f 2114 2104 2111
f 2114 2113 2096
f 79 2096 2113
f 2003 508 2117
f 2115 2117 508
f 2106 2117 535
f 2116 535 2117
f 2000 70 2120
f 2118 2120 70
f 2115 2120 540
f 2119 540 2120
f 2119 538 2124
f 2121 2124 538
f 2123 2124 539
f 2122 539 2124
f 2116 540 2126
f 2123 2126 540
f 2109 2126 80
f 2125 80 2126
f 2015 511 2129
f 2127 2129 511
f 2118 2129 538
f 2128 538 2129
f 2012 71 2132
f 2130 2132 71
f 2127 2132 543
f 2131 543 2132
f 2131 541 2136
f 2133 2136 541
f 2135 2136 542
f 2134 542 2136
f 2128 543 2138
f 2135 2138 543
f 2121 2138 81
f 2137 81 2138
f 514 2139 2027
f 2141 2027 2139
f 2130 2141 541
f 2140 541 2141
f 72 2142 2024
f 2144 2024 2142
f 2144 2143 2139
f 546 2139 2143
f 544 2145 2143
f 2148 2143 2145
f 2148 2146 2147
f 545 2147 2146
f 2140 546 2150
f 2147 2150 546
f 2133 2150 82
f 2149 82 2150
f 517 2151 2039
f 2153 2039 2151
f 2153 2152 2142
f 544 2142 2152
f 73 2154 2036
f 2156 2036 2154
f 2156 2155 2151
f 549 2151 2155
f 547 2157 2155
f 2160 2155 2157
f 2160 2158 2159
f 548 2159 2158
f 549 2159 2152
f 2162 2152 2159
f 2162 2161 2145
f 83 2145 2161
f 2051 520 2165
f 2163 2165 520
f 2154 2165 547
f 2164 547 2165
f 74 2166 2048
f 2168 2048 2166
f 2168 2167 2163
f 552 2163 2167
f 550 2169 2167
f 2172 2167 2169
f 2172 2170 2171
f 551 2171 2170
f 2164 552 2174
f 2171 2174 552
f 2157 2174 84
f 2173 84 2174
f 2063 523 2177
f 2175 2177 523
f 2166 2177 550
f 2176 550 2177
f 75 2178 2060
f 2180 2060 2178
f 2180 2179 2175
f 555 2175 2179
f 553 2181 2179
f 2184 2179 2181
f 2184 2182 2183
f 554 2183 2182
f 2176 555 2186
f 2183 2186 555
f 2169 2186 85
f 2185 85 2186
f 526 2187 2075
f 2189 2075 2187
f 2178 2189 553
f 2188 553 2189
f 76 2190 2072
f 2192 2072 2190
f 2192 2191 2187
f 558 2187 2191
f 556 2193 2191
f 2196 2191 2193
f 2196 2194 2195
f 557 2195 2194
f 558 2195 2188
f 2198 2188 2195
f 2181 2198 86
f 2197 86 2198
f 529 2199 2087
f 2201 2087 2199
f 2201 2200 2190
f 556 2190 2200
f 77 2202 2084
f 2204 2084 2202
f 2204 2203 2199
f 561 2199 2203
f 559 2205 2203
f 2208 2203 2205
f 2208 2206 2207
f 560 2207 2206
f 561 2207 2200
f 2210 2200 2207
f 2210 2209 2193
f 87 2193 2209
f 532 2211 2100
f 2214 2100 2211
f 2214 2212 2213
f 564 2213 2212
f 79 2215 2097
f 2217 2097 2215
f 2217 2216 2211
f 565 2211 2216
f 562 2218 2216
f 2221 2216 2218
f 2221 2219 2220
f 563 2220 2219
f 565 2220 2212
f 2224 2212 2220
f 2224 2222 2223
f 89 2223 2222
f 536 2225 2113
f 2227 2113 2225
f 2227 2226 2215
f 562 2215 2226
f 2230 2110 2228
f 80 2228 2110
f 2230 2229 2225
f 568 2225 2229
f 566 2231 2229
f 2234 2229 2231
f 2234 2232 2233
f 567 2233 2232
f 568 2233 2226
f 2236 2226 2233
f 2236 2235 2218
f 90 2218 2235
f 2125 539 2239
f 2237 2239 539
f 2228 2239 566
f 2238 566 2239
f 2122 81 2242
f 2240 2242 81
f 2237 2242 571
f 2241 571 2242
f 2241 569 2246
f 2243 2246 569
f 2245 2246 570
f 2244 570 2246
f 2238 571 2248
f 2245 2248 571
f 2231 2248 91
f 2247 91 2248
f 2137 542 2251
f 2249 2251 542
f 2240 2251 569
f 2250 569 2251
f 2134 82 2254
f 2252 2254 82
f 2254 2253 2249
f 574 2249 2253
f 572 2255 2253
f 2258 2253 2255
f 2258 2256 2257
f 573 2257 2256
f 574 2257 2250
f 2260 2250 2257
f 2260 2259 2243
f 92 2243 2259
f 545 2261 2149
f 2263 2149 2261
f 2263 2262 2252
f 572 2252 2262
f 83 2264 2146
f 2266 2146 2264
f 2266 2265 2261
f 577 2261 2265
f 575 2267 2265
f 2270 2265 2267
f 2270 2268 2269
f 576 2269 2268
f 577 2269 2262
f 2272 2262 2269
f 2272 2271 2255
f 93 2255 2271
f 548 2273 2161
f 2275 2161 2273
f 2275 2274 2264
f 575 2264 2274
f 84 2276 2158
f 2278 2158 2276
f 2278 2277 2273
f 580 2273 2277
f 578 2279 2277
f 2282 2277 2279
f 2282 2280 2281
f 579 2281 2280
f 2274 580 2284
f 2281 2284 580
f 2267 2284 94
f 2283 94 2284
f 2173 551 2287
f 2285 2287 551
f 2276 2287 578
f 2286 578 2287
f 85 2288 2170
f 2290 2170 2288
f 2290 2289 2285
f 583 2285 2289
f 581 2291 2289
f 2294 2289 2291
f 2294 2292 2293
f 582 2293 2292
f 2286 583 2296
f 2293 2296 583
f 2279 2296 95
f 2295 95 2296
f 2185 554 2299
f 2297 2299 554
f 2288 2299 581
f 2298 581 2299
f 86 2300 2182
f 2302 2182 2300
f 2302 2301 2297
f 586 2297 2301
f 584 2303 2301
f 2306 2301 2303
f 2306 2304 2305
f 585 2305 2304
f 2298 586 2308
f 2305 2308 586
f 2291 2308 96
f 2307 96 2308
f 557 2309 2197
f 2311 2197 2309
f 2300 2311 584
f 2310 584 2311
f 87 2312 2194
f 2314 2194 2312
f 2314 2313 2309
f 589 2309 2313
f 587 2315 2313
f 2318 2313 2315
f 2318 2316 2317
f 588 2317 2316
f 589 2317 2310
f 2320 2310 2317
f 2303 2320 97
f 2319 97 2320
f 560 2321 2209
f 2323 2209 2321
f 2323 2322 2312
f 587 2312 2322
f 88 2324 2206
f 2326 2206 2324
f 2326 2325 2321
f 592 2321 2325
f 590 2327 2325
f 2330 2325 2327
f 2330 2328 2329
f 591 2329 2328
f 592 2329 2322
f 2332 2322 2329
f 2315 2332 98
f 2331 98 2332
f 563 2333 2222
f 2336 2222 2333
f 2335 2336 595
f 2334 595 2336
f 90 2337 2219
f 2339 2219 2337
f 2333 2339 596
f 2338 596 2339
f 2338 593 2343
f 2340 2343 593
f 2342 2343 594
f 2341 594 2343
f 2334 596 2346
f 2342 2346 596
f 2345 2346 100
f 2344 100 2346
f 567 2347 2235
f 2349 2235 2347
f 2337 2349 593
f 2348 593 2349
f 91 2350 2232
f 2352 2232 2350
f 2347 2352 599
f 2351 599 2352
f 2351 597 2356
f 2353 2356 597
f 2355 2356 598
f 2354 598 2356
f 2348 599 2358
f 2355 2358 599
f 2340 2358 101
f 2357 101 2358
f 2247 570 2361
f 2359 2361 570
f 2350 2361 597
f 2360 597 2361
f 2244 92 2364
f 2362 2364 92
f 2359 2364 602
f 2363 602 2364
f 2363 600 2368
f 2365 2368 600
f 2367 2368 601
f 2366 601 2368
f 2360 602 2370
f 2367 2370 602
f 2353 2370 102
f 2369 102 2370
f 573 2371 2259
f 2373 2259 2371
f 2362 2373 600
f 2372 600 2373
f 93 2374 2256
f 2376 2256 2374
f 2371 2376 605
f 2375 605 2376
f 2375 603 2380
f 2377 2380 603
f 2379 2380 604
f 2378 604 2380
f 2372 605 2382
f 2379 2382 605
f 2365 2382 103
f 2381 103 2382
f 576 2383 2271
f 2385 2271 2383
f 2374 2385 603
f 2384 603 2385
f 94 2386 2268
f 2388 2268 2386
f 2383 2388 608
f 2387 608 2388
f 2387 606 2392
f 2389 2392 606
f 2391 2392 607
f 2390 607 2392
f 2384 608 2394
f 2391 2394 608
f 2377 2394 104
f 2393 104 2394
f 2283 579 2397
f 2395 2397 579
f 2386 2397 606
f 2396 606 2397
f 95 2398 2280
f 2400 2280 2398
f 2395 2400 611
f 2399 611 2400
f 2399 609 2404
f 2401 2404 609
f 2403 2404 610
f 2402 610 2404
f 2396 611 2406
f 2403 2406 611
f 2389 2406 105
f 2405 105 2406
f 2295 582 2409
f 2407 2409 582
f 2398 2409 609
f 2408 609 2409
f 96 2410 2292
f 2412 2292 2410
f 2407 2412 614
f 2411 614 2412
f 2411 612 2416
f 2413 2416 612
f 2415 2416 613
f 2414 613 2416
f 2408 614 2418
f 2415 2418 614
f 2401 2418 106
f 2417 106 2418
f 2307 585 2421
f 2419 2421 585
f 2410 2421 612
f 2420 612 2421
f 97 2422 2304
f 2424 2304 2422
f 2419 2424 617
f 2423 617 2424
f 2423 615 2428
f 2425 2428 615
f 2427 2428 616
f 2426 616 2428
f 2420 617 2430
f 2427 2430 617
f 2413 2430 107
f 2429 107 2430
f 2319 588 2433
f 2431 2433 588
f 2422 2433 615
f 2432 615 2433
f 98 2434 2316
f 2436 2316 2434
f 2431 2436 620
f 2435 620 2436
f 2435 618 2440
f 2437 2440 618
f 2439 2440 619
f 2438 619 2440
f 2432 620 2442
f 2439 2442 620
f 2425 2442 108
f 2441 108 2442
f 2331 591 2445
f 2443 2445 591
f 2434 2445 618
f 2444 618 2445
f 99 2446 2328
f 2448 2328 2446
f 2443 2448 623
f 2447 623 2448
f 2447 621 2452
f 2449 2452 621
f 2451 2452 622
f 2450 622 2452
f 2444 623 2454
f 2451 2454 623
f 2437 2454 109
f 2453 109 2454
f 2344 594 2458
f 2455 2458 594
f 2457 2458 626
f 2456 626 2458
f 2341 101 2461
f 2459 2461 101
f 2455 2461 627
f 2460 627 2461
f 2460 624 2465
f 2462 2465 624
f 2464 2465 625
f 2463 625 2465
f 2456 627 2468
f 2464 2468 627
f 2467 2468 111
f 2466 111 2468
f 2357 598 2471
f 2469 2471 598
f 2459 2471 624
f 2470 624 2471
f 2354 102 2474
f 2472 2474 102
f 2469 2474 630
f 2473 630 2474
f 2473 628 2478
f 2475 2478 628
f 2477 2478 629
f 2476 629 2478
f 2470 630 2480
f 2477 2480 630
f 2462 2480 112
f 2479 112 2480
f 2369 601 2483
f 2481 2483 601
f 2472 2483 628
f 2482 628 2483
f 2366 103 2486
f 2484 2486 103
f 2481 2486 633
f 2485 633 2486
f 2485 631 2490
f 2487 2490 631
f 2489 2490 632
f 2488 632 2490
f 2482 633 2492
f 2489 2492 633
f 2475 2492 113
f 2491 113 2492
f 2381 604 2495
f 2493 2495 604
f 2484 2495 631
f 2494 631 2495
f 2378 104 2498
f 2496 2498 104
f 2493 2498 636
f 2497 636 2498
f 2497 634 2502
f 2499 2502 634
f 2501 2502 635
f 2500 635 2502
f 2494 636 2504
f 2501 2504 636
f 2487 2504 114
f 2503 114 2504
f 2393 607 2507
f 2505 2507 607
f 2496 2507 634
f 2506 634 2507
f 2390 105 2510
f 2508 2510 105
f 2505 2510 639
f 2509 639 2510
f 2509 637 2514
f 2511 2514 637
f 2513 2514 638
f 2512 638 2514
f 2506 639 2516
f 2513 2516 639
f 2499 2516 115
f 2515 115 2516
f 2405 610 2519
f 2517 2519 610
f 2508 2519 637
f 2518 637 2519
f 2402 106 2522
f 2520 2522 106
f 2517 2522 642
f 2521 642 2522
f 2521 640 2526
f 2523 2526 640
f 2525 2526 641
f 2524 641 2526
f 2518 642 2528
f 2525 2528 642
f 2511 2528 116
f 2527 116 2528
f 2417 613 2531
f 2529 2531 613
f 2520 2531 640
f 2530 640 2531
f 2414 107 2534
f 2532 2534 107
f 2529 2534 645
f 2533 645 2534
f 2533 643 2538
f 2535 2538 643
f 2537 2538 644
f 2536 644 2538
f 2530 645 2540
f 2537 2540 645
f 2523 2540 117
f 2539 117 2540
f 2429 616 2543
f 2541 2543 616
f 2532 2543 643
f 2542 643 2543
f 2426 108 2546
f 2544 2546 108
f 2541 2546 648
f 2545 648 2546
f 2545 646 2550
f 2547 2550 646
f 2549 2550 647
f 2548 647 2550
f 2542 648 2552
f 2549 2552 648
f 2535 2552 118
f 2551 118 2552
f 2441 619 2555
f 2553 2555 619
f 2544 2555 646
f 2554 646 2555
f 2438 109 2558
f 2556 2558 109
f 2553 2558 651
f 2557 651 2558
f 2557 649 2562
f 2559 2562 649
f 2561 2562 650
f 2560 650 2562
f 2554 651 2564
f 2561 2564 651
f 2547 2564 119
f 2563 119 2564
f 2453 622 2567
f 2565 2567 622
f 2556 2567 649
f 2566 649 2567
f 2450 110 2570
f 2568 2570 110
f 2565 2570 654
f 2569 654 2570
f 2569 652 2574
f 2571 2574 652
f 2573 2574 653
f 2572 653 2574
f 2566 654 2576
f 2573 2576 654
f 2559 2576 120
f 2575 120 2576
f 625 2577 2466
f 2580 2466 2577
f 2580 2578 2579
f 657 2579 2578
f 112 2581 2463
f 2583 2463 2581
f 2583 2582 2577
f 658 2577 2582
f 655 2584 2582
f 2587 2582 2584
f 2587 2585 2586
f 656 2586 2585
f 658 2586 2578
f 2590 2578 2586
f 2590 2588 2589
f 122 2589 2588
f 2479 629 2593
f 2591 2593 629
f 2593 2592 2581
f 655 2581 2592
f 113 2594 2476
f 2596 2476 2594
f 2596 2595 2591
f 661 2591 2595
f 659 2597 2595
f 2600 2595 2597
f 2600 2598 2599
f 660 2599 2598
f 661 2599 2592
f 2602 2592 2599
f 2602 2601 2584
f 123 2584 2601
f 2491 632 2605
f 2603 2605 632
f 2605 2604 2594
f 659 2594 2604
f 114 2606 2488
f 2608 2488 2606
f 2608 2607 2603
f 664 2603 2607
f 662 2609 2607
f 2612 2607 2609
f 2612 2610 2611
f 663 2611 2610
f 664 2611 2604
f 2614 2604 2611
f 2614 2613 2597
f 124 2597 2613
f 2503 635 2617
f 2615 2617 635
f 2606 2617 662
f 2616 662 2617
f 115 2618 2500
f 2620 2500 2618
f 2620 2619 2615
f 667 2615 2619
f 665 2621 2619
f 2624 2619 2621
f 2624 2622 2623
f 666 2623 2622
f 2616 667 2626
f 2623 2626 667
f 2626 2625 2609
f 125 2609 2625
f 2515 638 2629
f 2627 2629 638
f 2618 2629 665
f 2628 665 2629
f 116 2630 2512
f 2632 2512 2630
f 2632 2631 2627
f 670 2627 2631
f 668 2633 2631
f 2636 2631 2633
f 2636 2634 2635
f 669 2635 2634
f 2628 670 2638
f 2635 2638 670
f 2621 2638 126
f 2637 126 2638
f 2527 641 2641
f 2639 2641 641
f 2630 2641 668
f 2640 668 2641
f 117 2642 2524
f 2644 2524 2642
f 2644 2643 2639
f 673 2639 2643
f 671 2645 2643
f 2648 2643 2645
f 2648 2646 2647
f 672 2647 2646
f 2640 673 2650
f 2647 2650 673
f 2633 2650 127
f 2649 127 2650
f 2539 644 2653
f 2651 2653 644
f 2642 2653 671
f 2652 671 2653
f 118 2654 2536
f 2656 2536 2654
f 2656 2655 2651
f 676 2651 2655
f 674 2657 2655
f 2660 2655 2657
f 2660 2658 2659
f 675 2659 2658
f 2652 676 2662
f 2659 2662 676
f 2645 2662 128
f 2661 128 2662
f 2551 647 2665
f 2663 2665 647
f 2654 2665 674
f 2664 674 2665
f 119 2666 2548
f 2668 2548 2666
f 2668 2667 2663
f 679 2663 2667
f 677 2669 2667
f 2672 2667 2669
f 2672 2670 2671
f 678 2671 2670
f 2664 679 2674
f 2671 2674 679
f 2657 2674 129
f 2673 129 2674
f 2563 650 2677
f 2675 2677 650
f 2666 2677 677
f 2676 677 2677
f 120 2678 2560
f 2680 2560 2678
f 2680 2679 2675
f 682 2675 2679
f 680 2681 2679
f 2684 2679 2681
f 2684 2682 2683
f 681 2683 2682
f 2676 682 2686
f 2683 2686 682
f 2669 2686 130
f 2685 130 2686
f 2575 653 2689
f 2687 2689 653
f 2678 2689 680
f 2688 680 2689
f 121 2690 2572
f 2692 2572 2690
f 2692 2691 2687
f 685 2687 2691
f 683 2693 2691
f 2696 2691 2693
f 2696 2694 2695
f 684 2695 2694
f 2688 685 2698
f 2695 2698 685
f 2681 2698 131
f 2697 131 2698
f 656 2699 2588
f 2702 2588 2699
f 2702 2700 2701
f 687 2701 2700
f 123 2703 2585
f 2705 2585 2703
f 2705 2704 2699
f 688 2699 2704
f 2704 686 2708
f 2706 2708 686
f 2707 2708 335
f 1342 335 2708
f 2700 688 2710
f 2707 2710 688
f 2709 2710 1
f 1337 1 2710
f 660 2711 2601
f 2713 2601 2711
f 2713 2712 2703
f 686 2703 2712
f 124 2714 2598
f 2716 2598 2714
f 2716 2715 2711
f 690 2711 2715
f 689 2717 2715
f 2719 2715 2717
f 2718 2719 340
f 1357 340 2719
f 690 2718 2712
f 2720 2712 2718
f 2706 2720 2
f 1353 2 2720
f 663 2721 2613
f 2723 2613 2721
f 2723 2722 2714
f 689 2714 2722
f 125 2724 2610
f 2726 2610 2724
f 2726 2725 2721
f 692 2721 2725
f 691 2727 2725
f 2729 2725 2727
f 2728 2729 344
f 1371 344 2729
f 692 2728 2722
f 2730 2722 2728
f 2717 2730 3
f 1367 3 2730
f 666 2731 2625
f 2733 2625 2731
f 2733 2732 2724
f 691 2724 2732
f 126 2734 2622
f 2736 2622 2734
f 2736 2735 2731
f 694 2731 2735
f 693 2737 2735
f 2739 2735 2737
f 2739 1385 2738
f 348 2738 1385
f 694 2738 2732
f 2740 2732 2738
f 2740 1381 2727
f 4 2727 1381
f 2637 669 2743
f 2741 2743 669
f 2743 2742 2734
f 693 2734 2742
f 127 2744 2634
f 2746 2634 2744
f 2746 2745 2741
f 696 2741 2745
f 695 2747 2745
f 2749 2745 2747
f 2749 1399 2748
f 352 2748 1399
f 696 2748 2742
f 2750 2742 2748
f 2750 1395 2737
f 5 2737 1395
f 2649 672 2753
f 2751 2753 672
f 2744 2753 695
f 2752 695 2753
f 128 2754 2646
f 2756 2646 2754
f 2756 2755 2751
f 698 2751 2755
f 697 2757 2755
f 2759 2755 2757
f 2759 1413 2758
f 356 2758 1413
f 2752 698 2760
f 2758 2760 698
f 2747 2760 6
f 1409 6 2760
f 2661 675 2763
f 2761 2763 675
f 2754 2763 697
f 2762 697 2763
f 129 2764 2658
f 2766 2658 2764
f 2766 2765 2761
f 700 2761 2765
f 699 2767 2765
f 2769 2765 2767
f 2769 1427 2768
f 360 2768 1427
f 2762 700 2770
f 2768 2770 700
f 2757 2770 7
f 1423 7 2770
f 2673 678 2773
f 2771 2773 678
f 2764 2773 699
f 2772 699 2773
f 130 2774 2670
f 2776 2670 2774
f 2776 2775 2771
f 702 2771 2775
f 701 2777 2775
f 2779 2775 2777
f 2779 1441 2778
f 364 2778 1441
f 2772 702 2780
f 2778 2780 702
f 2767 2780 8
f 1437 8 2780
f 2685 681 2783
f 2781 2783 681
f 2774 2783 701
f 2782 701 2783
f 131 2784 2682
f 2786 2682 2784
f 2786 2785 2781
f 704 2781 2785
f 703 2787 2785
f 2789 2785 2787
f 2789 1455 2788
f 368 2788 1455
f 2782 704 2790
f 2788 2790 704
f 2777 2790 9
f 1451 9 2790
f 2697 684 2793
f 2791 2793 684
f 2784 2793 703
f 2792 703 2793
f 132 2794 2694
f 2796 2694 2794
f 2796 2795 2791
f 706 2791 2795
f 705 2797 2795
f 2799 2795 2797
f 2799 1469 2798
f 372 2798 1469
f 2792 706 2800
f 2798 2800 706
f 2787 2800 10
f 1465 10 2800
f 2804 1725 2801
f 440 2801 1725
f 2803 2804 709
f 2802 709 2804
f 2805 2807 45
f 1735 45 2807
f 2806 710 2807
f 2801 2807 710
f 2808 2811 707
f 2806 707 2811
f 2809 708 2811
f 2810 2811 708
f 2802 710 2814
f 2810 2814 710
f 2812 133 2814
f 2813 2814 133
f 1847 471 2817
f 2815 2817 471
f 2816 707 2817
f 2805 2817 707
f 1857 56 2820
f 2818 2820 56
f 2815 2820 713
f 2819 713 2820
f 2819 711 2824
f 2821 2824 711
f 2822 712 2824
f 2823 2824 712
f 2823 2826 713
f 2816 713 2826
f 2825 134 2826
f 2808 2826 134
f 2827 2830 708
f 2812 708 2830
f 2828 716 2830
f 2829 2830 716
f 2831 2833 134
f 2809 134 2833
f 2832 717 2833
f 2827 2833 717
f 2834 2837 714
f 2832 714 2837
f 2835 715 2837
f 2836 2837 715
f 2836 2840 717
f 2828 717 2840
f 2838 136 2840
f 2839 2840 136
f 2841 2843 712
f 2825 712 2843
f 2842 714 2843
f 2831 2843 714
f 2822 135 2846
f 2844 2846 135
f 2845 720 2846
f 2841 2846 720
f 2847 2850 718
f 2845 718 2850
f 719 2849 2848
f 2850 2848 2849
f 2852 2842 2849
f 720 2849 2842
f 137 2834 2851
f 2852 2851 2834
f 2838 715 2856
f 2853 2856 715
f 2855 2856 723
f 2854 723 2856
f 2859 2835 2857
f 137 2857 2835
f 2853 2859 724
f 2858 724 2859
f 721 2860 2858
f 2863 2858 2860
f 2862 2863 722
f 2861 722 2863
f 2854 724 2866
f 2862 2866 724
f 2865 2866 139
f 2864 139 2866
f 719 2867 2851
f 2869 2851 2867
f 2869 2868 2857
f 721 2857 2868
f 138 2870 2848
f 2872 2848 2870
f 2872 2871 2867
f 727 2867 2871
f 725 2873 2871
f 2876 2871 2873
f 2876 2874 2875
f 726 2875 2874
f 727 2875 2868
f 2878 2868 2875
f 2878 2877 2860
f 140 2860 2877
f 2873 725 2882
f 2879 2882 725
f 2881 2882 730
f 2880 730 2882
f 2870 138 2885
f 2883 2885 138
f 2879 2885 731
f 2884 731 2885
f 2884 728 2889
f 2886 2889 728
f 2888 2889 729
f 2887 729 2889
f 2880 731 2892
f 2888 2892 731
f 2891 2892 143
f 2890 143 2892
f 1961 497 2896
f 2893 2896 497
f 2895 2896 734
f 2894 734 2896
f 1958 55 2899
f 2897 2899 55
f 2893 2899 735
f 2898 735 2899
f 732 2900 2898
f 2903 2898 2900
f 2902 2903 733
f 2901 733 2903
f 2894 735 2906
f 2902 2906 735
f 2906 2904 2905
f 146 2905 2904
f 466 2907 1839
f 2909 1839 2907
f 2909 2908 2897
f 732 2897 2908
f 44 2910 1836
f 2912 1836 2910
f 2912 2911 2907
f 738 2907 2911
f 736 2913 2911
f 2916 2911 2913
f 2916 2914 2915
f 737 2915 2914
f 738 2915 2908
f 2918 2908 2915
f 2918 2917 2900
f 145 2900 2917
f 2904 733 2922
f 2919 2922 733
f 2922 2920 2921
f 741 2921 2920
f 145 2923 2901
f 2925 2901 2923
f 2919 2925 742
f 2924 742 2925
f 2924 739 2929
f 2926 2929 739
f 2928 2929 740
f 2927 740 2929
f 2920 742 2932
f 2928 2932 742
f 2931 2932 149
f 2930 149 2932
f 737 2933 2917
f 2935 2917 2933
f 2935 2934 2923
f 739 2923 2934
f 144 2936 2914
f 2938 2914 2936
f 2938 2937 2933
f 745 2933 2937
f 743 2939 2937
f 2942 2937 2939
f 2942 2940 2941
f 744 2941 2940
f 745 2941 2934
f 2944 2934 2941
f 2944 2943 2926
f 148 2926 2943
f 2946 2949 746
f 2945 746 2949
f 2947 749 2949
f 2948 2949 749
f 2951 2953 161
f 2950 161 2953
f 2952 750 2953
f 2946 2953 750
f 2954 2957 747
f 2952 747 2957
f 2955 748 2957
f 2956 2957 748
f 2956 2960 750
f 2947 750 2960
f 2958 151 2960
f 2959 2960 151
f 2961 2964 748
f 2958 748 2964
f 2962 753 2964
f 2963 2964 753
f 2965 2967 162
f 2955 162 2967
f 2966 754 2967
f 2961 2967 754
f 2968 2971 751
f 2966 751 2971
f 2969 752 2971
f 2970 2971 752
f 2970 2974 754
f 2962 754 2974
f 2972 152 2974
f 2973 2974 152
f 2975 2978 752
f 2972 752 2978
f 2976 757 2978
f 2977 2978 757
f 2979 2981 163
f 2969 163 2981
f 2980 758 2981
f 2975 2981 758
f 2982 2985 755
f 2980 755 2985
f 2983 756 2985
f 2984 2985 756
f 2984 2988 758
f 2976 758 2988
f 2986 153 2988
f 2987 2988 153
f 2989 2992 756
f 2986 756 2992
f 2992 2990 2991
f 761 2991 2990
f 2993 2995 164
f 2983 164 2995
f 2994 762 2995
f 2989 2995 762
f 2996 2999 759
f 2994 759 2999
f 2999 2997 2998
f 760 2998 2997
f 762 2998 2990
f 3002 2990 2998
f 3002 3000 3001
f 154 3001 3000
f 760 3003 3000
f 3006 3000 3003
f 3006 3004 3005
f 765 3005 3004
f 165 3007 2997
f 3009 2997 3007
f 3009 3008 3003
f 766 3003 3008
f 763 3010 3008
f 3013 3008 3010
f 3013 3011 3012
f 764 3012 3011
f 766 3012 3004
f 3016 3004 3012
f 3016 3014 3015
f 155 3015 3014
f 764 3017 3014
f 3020 3014 3017
f 3020 3018 3019
f 769 3019 3018
f 166 3021 3011
f 3023 3011 3021
f 3023 3022 3017
f 770 3017 3022
f 3024 3027 767
f 3022 767 3027
f 3025 768 3027
f 3026 3027 768
f 3026 3030 770
f 3018 770 3030
f 3028 156 3030
f 3029 3030 156
f 768 3031 3028
f 3034 3028 3031
f 3034 3032 3033
f 773 3033 3032
f 167 3035 3025
f 3037 3025 3035
f 3037 3036 3031
f 774 3031 3036
f 3038 3041 771
f 3036 771 3041
f 3039 772 3041
f 3040 3041 772
f 3040 3044 774
f 3032 774 3044
f 3042 157 3044
f 3043 3044 157
f 772 3045 3042
f 3048 3042 3045
f 3048 3046 3047
f 777 3047 3046
f 168 3049 3039
f 3051 3039 3049
f 3051 3050 3045
f 778 3045 3050
f 3052 3055 775
f 3050 775 3055
f 3053 776 3055
f 3054 3055 776
f 3054 3058 778
f 3046 778 3058
f 3056 158 3058
f 3057 3058 158
f 776 3059 3056
f 3062 3056 3059
f 3062 3060 3061
f 781 3061 3060
f 169 3063 3053
f 3065 3053 3063
f 3065 3064 3059
f 782 3059 3064
f 3066 3069 779
f 3064 779 3069
f 3067 780 3069
f 3068 3069 780
f 3068 3072 782
f 3060 782 3072
f 3070 159 3072
f 3071 3072 159
f 780 3073 3070
f 3076 3070 3073
f 3076 3074 3075
f 785 3075 3074
f 170 3077 3067
f 3079 3067 3077
f 3079 3078 3073
f 786 3073 3078
f 3080 3083 783
f 3078 783 3083
f 3081 784 3083
f 3082 3083 784
f 3082 3086 786
f 3074 786 3086
f 3084 160 3086
f 3085 3086 160
f 3087 787 3090
f 3088 3090 787
f 2951 3090 747
f 3089 747 3090
f 3091 172 3094
f 3092 3094 172
f 3088 3094 790
f 3093 790 3094
f 3093 788 3098
f 3095 3098 788
f 3097 3098 789
f 3096 789 3098
f 3089 790 3100
f 3097 3100 790
f 3099 162 3100
f 2954 3100 162
f 3101 3103 789
f 3099 789 3103
f 3102 751 3103
f 2965 3103 751
f 3096 173 3106
f 3104 3106 173
f 3105 793 3106
f 3101 3106 793
f 3107 3110 791
f 3105 791 3110
f 3108 792 3110
f 3109 3110 792
f 3109 3112 793
f 3102 793 3112
f 3111 163 3112
f 2968 3112 163
f 3113 3115 792
f 3111 792 3115
f 3114 755 3115
f 2979 3115 755
f 3116 3118 174
f 3108 174 3118
f 3117 796 3118
f 3113 3118 796
f 794 3119 3117
f 3122 3117 3119
f 3120 795 3122
f 3121 3122 795
f 3121 3124 796
f 3114 796 3124
f 3123 164 3124
f 2982 3124 164
f 3125 3127 795
f 3123 795 3127
f 3126 759 3127
f 2993 3127 759
f 175 3128 3120
f 3130 3120 3128
f 3129 799 3130
f 3125 3130 799
f 797 3131 3129
f 3134 3129 3131
f 3132 798 3134
f 3133 3134 798
f 3133 3136 799
f 3126 799 3136
f 3135 165 3136
f 2996 3136 165
f 3137 3139 798
f 3135 798 3139
f 3138 763 3139
f 3007 3139 763
f 3140 3142 176
f 3132 176 3142
f 3141 802 3142
f 3137 3142 802
f 3143 3146 800
f 3141 800 3146
f 3144 801 3146
f 3145 3146 801
f 3145 3148 802
f 3138 802 3148
f 3148 3147 3010
f 166 3010 3147
f 801 3149 3147
f 3151 3147 3149
f 3151 3150 3021
f 767 3021 3150
f 177 3152 3144
f 3154 3144 3152
f 3154 3153 3149
f 805 3149 3153
f 3155 3158 803
f 3153 803 3158
f 3156 804 3158
f 3157 3158 804
f 3157 3160 805
f 3150 805 3160
f 3159 167 3160
f 3024 3160 167
f 804 3161 3159
f 3163 3159 3161
f 3163 3162 3035
f 771 3035 3162
f 178 3164 3156
f 3166 3156 3164
f 3166 3165 3161
f 808 3161 3165
f 3167 3170 806
f 3165 806 3170
f 3168 807 3170
f 3169 3170 807
f 3169 3172 808
f 3162 808 3172
f 3171 168 3172
f 3038 3172 168
f 807 3173 3171
f 3175 3171 3173
f 3175 3174 3049
f 775 3049 3174
f 179 3176 3168
f 3178 3168 3176
f 3178 3177 3173
f 811 3173 3177
f 3179 3182 809
f 3177 809 3182
f 3180 810 3182
f 3181 3182 810
f 3181 3184 811
f 3174 811 3184
f 3183 169 3184
f 3052 3184 169
f 810 3185 3183
f 3187 3183 3185
f 3187 3186 3063
f 779 3063 3186
f 180 3188 3180
f 3190 3180 3188
f 3189 814 3190
f 3185 3190 814
f 3191 3194 812
f 3189 812 3194
f 3192 813 3194
f 3193 3194 813
f 3193 3196 814
f 3186 814 3196
f 3195 170 3196
f 3066 3196 170
f 3197 3199 813
f 3195 813 3199
f 3199 3198 3077
f 783 3077 3198
f 3200 3202 181
f 3192 181 3202
f 3201 817 3202
f 3197 3202 817
f 3203 3206 815
f 3201 815 3206
f 3204 816 3206
f 3205 3206 816
f 3205 3208 817
f 3198 817 3208
f 3207 171 3208
f 3080 3208 171
f 3209 818 3212
f 3210 3212 818
f 3092 3212 788
f 3211 788 3212
f 3213 183 3216
f 3214 3216 183
f 3210 3216 821
f 3215 821 3216
f 3215 819 3220
f 3217 3220 819
f 3219 3220 820
f 3218 820 3220
f 3211 821 3222
f 3219 3222 821
f 3095 3222 173
f 3221 173 3222
f 3221 820 3225
f 3223 3225 820
f 3104 3225 791
f 3224 791 3225
f 3218 184 3228
f 3226 3228 184
f 3223 3228 824
f 3227 824 3228
f 3229 3232 822
f 3227 822 3232
f 3232 3230 3231
f 823 3231 3230
f 3231 3234 824
f 3224 824 3234
f 3233 174 3234
f 3107 3234 174
f 823 3235 3233
f 3237 3233 3235
f 3237 3236 3116
f 794 3116 3236
f 185 3238 3230
f 3240 3230 3238
f 3240 3239 3235
f 827 3235 3239
f 825 3241 3239
f 3244 3239 3241
f 3244 3242 3243
f 826 3243 3242
f 827 3243 3236
f 3246 3236 3243
f 3246 3245 3119
f 175 3119 3245
f 826 3247 3245
f 3249 3245 3247
f 3249 3248 3128
f 797 3128 3248
f 186 3250 3242
f 3252 3242 3250
f 3252 3251 3247
f 830 3247 3251
f 828 3253 3251
f 3256 3251 3253
f 3256 3254 3255
f 829 3255 3254
f 830 3255 3248
f 3258 3248 3255
f 3258 3257 3131
f 176 3131 3257
f 829 3259 3257
f 3261 3257 3259
f 3261 3260 3140
f 800 3140 3260
f 187 3262 3254
f 3264 3254 3262
f 3264 3263 3259
f 833 3259 3263
f 831 3265 3263
f 3268 3263 3265
f 3268 3266 3267
f 832 3267 3266
f 833 3267 3260
f 3270 3260 3267
f 3270 3269 3143
f 177 3143 3269
f 832 3271 3269
f 3273 3269 3271
f 3273 3272 3152
f 803 3152 3272
f 188 3274 3266
f 3276 3266 3274
f 3276 3275 3271
f 836 3271 3275
f 834 3277 3275
f 3280 3275 3277
f 3280 3278 3279
f 835 3279 3278
f 836 3279 3272
f 3282 3272 3279
f 3282 3281 3155
f 178 3155 3281
f 835 3283 3281
f 3285 3281 3283
f 3285 3284 3164
f 806 3164 3284
f 189 3286 3278
f 3288 3278 3286
f 3288 3287 3283
f 839 3283 3287
f 837 3289 3287
f 3292 3287 3289
f 3292 3290 3291
f 838 3291 3290
f 839 3291 3284
f 3294 3284 3291
f 3294 3293 3167
f 179 3167 3293
f 838 3295 3293
f 3297 3293 3295
f 3297 3296 3176
f 809 3176 3296
f 190 3298 3290
f 3300 3290 3298
f 3300 3299 3295
f 842 3295 3299
f 840 3301 3299
f 3304 3299 3301
f 3304 3302 3303
f 841 3303 3302
f 842 3303 3296
f 3306 3296 3303
f 3306 3305 3179
f 180 3179 3305
f 841 3307 3305
f 3309 3305 3307
f 3309 3308 3188
f 812 3188 3308
f 191 3310 3302
f 3312 3302 3310
f 3312 3311 3307
f 845 3307 3311
f 843 3313 3311
f 3316 3311 3313
f 3316 3314 3315
f 844 3315 3314
f 845 3315 3308
f 3318 3308 3315
f 3318 3317 3191
f 181 3191 3317
f 844 3319 3317
f 3321 3317 3319
f 3320 815 3321
f 3200 3321 815
f 192 3322 3314
f 3324 3314 3322
f 3324 3323 3319
f 848 3319 3323
f 3325 3328 846
f 3323 846 3328
f 3326 847 3328
f 3327 3328 847
f 3327 3330 848
f 3320 848 3330
f 3330 3329 3203
f 182 3203 3329
f 3331 849 3334
f 3332 3334 849
f 3214 3334 819
f 3333 819 3334
f 194 3336 3335
f 3338 3335 3336
f 3332 3338 852
f 3337 852 3338
f 3337 850 3342
f 3339 3342 850
f 3341 3342 851
f 3340 851 3342
f 3333 852 3344
f 3341 3344 852
f 3217 3344 184
f 3343 184 3344
f 3343 851 3347
f 3345 3347 851
f 3226 3347 822
f 3346 822 3347
f 195 3348 3340
f 3350 3340 3348
f 3350 3349 3345
f 855 3345 3349
f 853 3351 3349
f 3354 3349 3351
f 3354 3352 3353
f 854 3353 3352
f 855 3353 3346
f 3356 3346 3353
f 3356 3355 3229
f 185 3229 3355
f 854 3357 3355
f 3359 3355 3357
f 3359 3358 3238
f 825 3238 3358
f 196 3360 3352
f 3362 3352 3360
f 3362 3361 3357
f 858 3357 3361
f 856 3363 3361
f 3366 3361 3363
f 3366 3364 3365
f 857 3365 3364
f 858 3365 3358
f 3368 3358 3365
f 3368 3367 3241
f 186 3241 3367
f 857 3369 3367
f 3371 3367 3369
f 3371 3370 3250
f 828 3250 3370
f 197 3372 3364
f 3374 3364 3372
f 3374 3373 3369
f 861 3369 3373
f 3375 3378 859
f 3373 859 3378
f 3378 3376 3377
f 860 3377 3376
f 861 3377 3370
f 3380 3370 3377
f 3380 3379 3253
f 187 3253 3379
f 860 3381 3379
f 3383 3379 3381
f 3383 3382 3262
f 831 3262 3382
f 3384 3386 198
f 3376 198 3386
f 3386 3385 3381
f 864 3381 3385
f 3387 3390 862
f 3385 862 3390
f 3390 3388 3389
f 863 3389 3388
f 864 3389 3382
f 3392 3382 3389
f 3392 3391 3265
f 188 3265 3391
f 863 3393 3391
f 3395 3391 3393
f 3395 3394 3274
f 834 3274 3394
f 3396 3398 199
f 3388 199 3398
f 3398 3397 3393
f 867 3393 3397
f 3399 3402 865
f 3397 865 3402
f 3402 3400 3401
f 866 3401 3400
f 867 3401 3394
f 3404 3394 3401
f 3404 3403 3277
f 189 3277 3403
f 866 3405 3403
f 3407 3403 3405
f 3407 3406 3286
f 837 3286 3406
f 200 3408 3400
f 3410 3400 3408
f 3410 3409 3405
f 870 3405 3409
f 3411 3414 868
f 3409 868 3414
f 3414 3412 3413
f 869 3413 3412
f 870 3413 3406
f 3416 3406 3413
f 3416 3415 3289
f 190 3289 3415
f 869 3417 3415
f 3419 3415 3417
f 3419 3418 3298
f 840 3298 3418
f 201 3420 3412
f 3422 3412 3420
f 3422 3421 3417
f 873 3417 3421
f 3423 3426 871
f 3421 871 3426
f 3426 3424 3425
f 872 3425 3424
f 873 3425 3418
f 3428 3418 3425
f 3428 3427 3301
f 191 3301 3427
f 872 3429 3427
f 3431 3427 3429
f 3431 3430 3310
f 843 3310 3430
f 202 3432 3424
f 3434 3424 3432
f 3434 3433 3429
f 876 3429 3433
f 3435 3438 874
f 3433 874 3438
f 3438 3436 3437
f 875 3437 3436
f 876 3437 3430
f 3440 3430 3437
f 3440 3439 3313
f 192 3313 3439
f 875 3441 3439
f 3443 3439 3441
f 3443 3442 3322
f 846 3322 3442
f 3444 3446 203
f 3436 203 3446
f 3446 3445 3441
f 879 3441 3445
f 877 3447 3445
f 3450 3445 3447
f 3449 3450 878
f 3448 878 3450
f 879 3449 3442
f 3452 3442 3449
f 193 3325 3451
f 3452 3451 3325
f 880 3454 3453
f 3456 3453 3454
f 3456 3455 3336
f 850 3336 3455
f 205 3458 3457
f 3460 3457 3458
f 3460 3459 3454
f 883 3454 3459
f 881 3461 3459
f 3464 3459 3461
f 3464 3462 3463
f 882 3463 3462
f 883 3463 3455
f 3466 3455 3463
f 3466 3465 3339
f 195 3339 3465
f 882 3467 3465
f 3469 3465 3467
f 3469 3468 3348
f 853 3348 3468
f 206 3470 3462
f 3472 3462 3470
f 3472 3471 3467
f 886 3467 3471
f 884 3473 3471
f 3476 3471 3473
f 3476 3474 3475
f 885 3475 3474
f 886 3475 3468
f 3478 3468 3475
f 3478 3477 3351
f 196 3351 3477
f 885 3479 3477
f 3481 3477 3479
f 3481 3480 3360
f 856 3360 3480
f 207 3482 3474
f 3484 3474 3482
f 3484 3483 3479
f 889 3479 3483
f 887 3485 3483
f 3488 3483 3485
f 3488 3486 3487
f 888 3487 3486
f 889 3487 3480
f 3490 3480 3487
f 3490 3489 3363
f 197 3363 3489
f 888 3491 3489
f 3493 3489 3491
f 3493 3492 3372
f 859 3372 3492
f 208 3494 3486
f 3496 3486 3494
f 3496 3495 3491
f 892 3491 3495
f 890 3497 3495
f 3500 3495 3497
f 3498 891 3500
f 3499 3500 891
f 3499 3502 892
f 3492 892 3502
f 3501 198 3502
f 3375 3502 198
f 3503 3505 891
f 3501 891 3505
f 3504 862 3505
f 3384 3505 862
f 3506 3508 209
f 3498 209 3508
f 3507 895 3508
f 3503 3508 895
f 3509 3512 893
f 3507 893 3512
f 3510 894 3512
f 3511 3512 894
f 3511 3514 895
f 3504 895 3514
f 3513 199 3514
f 3387 3514 199
f 3515 3517 894
f 3513 894 3517
f 3516 865 3517
f 3396 3517 865
f 3518 3520 210
f 3510 210 3520
f 3519 898 3520
f 3515 3520 898
f 3521 3524 896
f 3519 896 3524
f 3522 897 3524
f 3523 3524 897
f 3523 3526 898
f 3516 898 3526
f 3525 200 3526
f 3399 3526 200
f 897 3527 3525
f 3529 3525 3527
f 3529 3528 3408
f 868 3408 3528
f 211 3530 3522
f 3532 3522 3530
f 3532 3531 3527
f 901 3527 3531
f 3533 3536 899
f 3531 899 3536
f 3534 900 3536
f 3535 3536 900
f 3535 3538 901
f 3528 901 3538
f 3537 201 3538
f 3411 3538 201
f 900 3539 3537
f 3541 3537 3539
f 3541 3540 3420
f 871 3420 3540
f 212 3542 3534
f 3544 3534 3542
f 3544 3543 3539
f 904 3539 3543
f 3545 3548 902
f 3543 902 3548
f 3546 903 3548
f 3547 3548 903
f 3547 3550 904
f 3540 904 3550
f 3549 202 3550
f 3423 3550 202
f 903 3551 3549
f 3553 3549 3551
f 3552 874 3553
f 3432 3553 874
f 213 3554 3546
f 3556 3546 3554
f 3555 907 3556
f 3551 3556 907
f 3557 3560 905
f 3555 905 3560
f 3558 906 3560
f 3559 3560 906
f 3559 3562 907
f 3552 907 3562
f 3561 203 3562
f 3435 3562 203
f 3563 3565 906
f 3561 906 3565
f 3444 3565 877
f 3564 877 3565
f 3566 3568 214
f 3558 214 3568
f 3567 910 3568
f 3563 3568 910
f 3569 3572 908
f 3567 908 3572
f 3570 909 3572
f 3571 3572 909
f 3564 910 3574
f 3571 3574 910
f 3447 3574 204
f 3573 204 3574
f 3575 911 3578
f 3576 3578 911
f 3578 3577 3458
f 881 3458 3577
f 3579 216 3582
f 3580 3582 216
f 3576 3582 914
f 3581 914 3582
f 912 3583 3581
f 3586 3581 3583
f 3586 3584 3585
f 913 3585 3584
f 3577 914 3588
f 3585 3588 914
f 3588 3587 3461
f 206 3461 3587
f 913 3589 3587
f 3591 3587 3589
f 3591 3590 3470
f 884 3470 3590
f 217 3592 3584
f 3594 3584 3592
f 3594 3593 3589
f 917 3589 3593
f 915 3595 3593
f 3598 3593 3595
f 3598 3596 3597
f 916 3597 3596
f 917 3597 3590
f 3600 3590 3597
f 3600 3599 3473
f 207 3473 3599
f 916 3601 3599
f 3603 3599 3601
f 3603 3602 3482
f 887 3482 3602
f 218 3604 3596
f 3606 3596 3604
f 3606 3605 3601
f 920 3601 3605
f 918 3607 3605
f 3610 3605 3607
f 3610 3608 3609
f 919 3609 3608
f 920 3609 3602
f 3612 3602 3609
f 3612 3611 3485
f 208 3485 3611
f 919 3613 3611
f 3615 3611 3613
f 3615 3614 3494
f 890 3494 3614
f 219 3616 3608
f 3618 3608 3616
f 3618 3617 3613
f 923 3613 3617
f 921 3619 3617
f 3622 3617 3619
f 3622 3620 3621
f 922 3621 3620
f 923 3621 3614
f 3624 3614 3621
f 3624 3623 3497
f 209 3497 3623
f 922 3625 3623
f 3627 3623 3625
f 3627 3626 3506
f 893 3506 3626
f 220 3628 3620
f 3630 3620 3628
f 3630 3629 3625
f 926 3625 3629
f 924 3631 3629
f 3634 3629 3631
f 3632 925 3634
f 3633 3634 925
f 3633 3636 926
f 3626 926 3636
f 3635 210 3636
f 3509 3636 210
f 3637 3639 925
f 3635 925 3639
f 3638 896 3639
f 3518 3639 896
f 3640 3642 221
f 3632 221 3642
f 3641 929 3642
f 3637 3642 929
f 3643 3646 927
f 3641 927 3646
f 3644 928 3646
f 3645 3646 928
f 3645 3648 929
f 3638 929 3648
f 3647 211 3648
f 3521 3648 211
f 928 3649 3647
f 3651 3647 3649
f 3651 3650 3530
f 899 3530 3650
f 3652 3654 222
f 3644 222 3654
f 3654 3653 3649
f 932 3649 3653
f 3655 3658 930
f 3653 930 3658
f 3656 931 3658
f 3657 3658 931
f 3657 3660 932
f 3650 932 3660
f 3659 212 3660
f 3533 3660 212
f 931 3661 3659
f 3663 3659 3661
f 3663 3662 3542
f 902 3542 3662
f 223 3664 3656
f 3666 3656 3664
f 3666 3665 3661
f 935 3661 3665
f 3667 3670 933
f 3665 933 3670
f 3668 934 3670
f 3669 3670 934
f 3669 3672 935
f 3662 935 3672
f 3671 213 3672
f 3545 3672 213
f 934 3673 3671
f 3675 3671 3673
f 3674 905 3675
f 3554 3675 905
f 224 3676 3668
f 3678 3668 3676
f 3678 3677 3673
f 938 3673 3677
f 3682 3677 3679
f 936 3679 3677
f 937 3681 3680
f 3682 3680 3681
f 3681 3684 938
f 3674 938 3684
f 3683 214 3684
f 3557 3684 214
f 3685 3687 937
f 3683 937 3687
f 3686 908 3687
f 3566 3687 908
f 3690 3680 3688
f 225 3688 3680
f 941 3685 3689
f 3690 3689 3685
f 3694 3689 3691
f 939 3691 3689
f 940 3693 3692
f 3694 3692 3693
f 3696 3686 3693
f 941 3693 3686
f 215 3569 3695
f 3696 3695 3569
f 942 3698 3697
f 3700 3697 3698
f 3700 3699 3580
f 912 3580 3699
f 227 3702 3701
f 3704 3701 3702
f 3704 3703 3698
f 945 3698 3703
f 943 3705 3703
f 3708 3703 3705
f 3708 3706 3707
f 944 3707 3706
f 945 3707 3699
f 3710 3699 3707
f 3710 3709 3583
f 217 3583 3709
f 944 3711 3709
f 3713 3709 3711
f 3713 3712 3592
f 915 3592 3712
f 228 3714 3706
f 3716 3706 3714
f 3716 3715 3711
f 948 3711 3715
f 946 3717 3715
f 3720 3715 3717
f 3720 3718 3719
f 947 3719 3718
f 948 3719 3712
f 3722 3712 3719
f 3722 3721 3595
f 218 3595 3721
f 3721 947 3725
f 3723 3725 947
f 3604 3725 918
f 3724 918 3725
f 3718 229 3728
f 3726 3728 229
f 3723 3728 951
f 3727 951 3728
f 3727 949 3732
f 3729 3732 949
f 3731 3732 950
f 3730 950 3732
f 3724 951 3734
f 3731 3734 951
f 3607 3734 219
f 3733 219 3734
f 3733 950 3737
f 3735 3737 950
f 3616 3737 921
f 3736 921 3737
f 3730 230 3740
f 3738 3740 230
f 3735 3740 954
f 3739 954 3740
f 3739 952 3744
f 3741 3744 952
f 3743 3744 953
f 3742 953 3744
f 3736 954 3746
f 3743 3746 954
f 3619 3746 220
f 3745 220 3746
f 3745 953 3749
f 3747 3749 953
f 924 3628 3748
f 3749 3748 3628
f 3742 231 3752
f 3750 3752 231
f 3747 3752 957
f 3751 957 3752
f 3756 3751 3753
f 955 3753 3751
f 956 3755 3754
f 3756 3754 3755
f 3758 3748 3755
f 957 3755 3748
f 221 3631 3757
f 3758 3757 3631
f 3761 3757 3759
f 956 3759 3757
f 927 3640 3760
f 3761 3760 3640
f 3764 3754 3762
f 232 3762 3754
f 960 3759 3763
f 3764 3763 3759
f 3768 3763 3765
f 958 3765 3763
f 959 3767 3766
f 3768 3766 3767
f 3770 3760 3767
f 960 3767 3760
f 222 3643 3769
f 3770 3769 3643
f 3769 959 3773
f 3771 3773 959
f 3652 3773 930
f 3772 930 3773
f 3766 233 3776
f 3774 3776 233
f 3771 3776 963
f 3775 963 3776
f 3780 3775 3777
f 961 3777 3775
f 962 3779 3778
f 3780 3778 3779
f 3782 3772 3779
f 963 3779 3772
f 223 3655 3781
f 3782 3781 3655
f 3781 962 3785
f 3783 3785 962
f 3664 3785 933
f 3784 933 3785
f 3778 234 3788
f 3786 3788 234
f 3783 3788 966
f 3787 966 3788
f 3792 3787 3789
f 964 3789 3787
f 965 3791 3790
f 3792 3790 3791
f 3794 3784 3791
f 966 3791 3784
f 224 3667 3793
f 3794 3793 3667
f 3793 965 3797
f 3795 3797 965
f 936 3676 3796
f 3797 3796 3676
f 3790 235 3800
f 3798 3800 235
f 969 3795 3799
f 3800 3799 3795
f 3804 3799 3801
f 967 3801 3799
f 968 3803 3802
f 3804 3802 3803
f 3806 3796 3803
f 969 3803 3796
f 225 3679 3805
f 3806 3805 3679
f 3809 3805 3807
f 968 3807 3805
f 939 3688 3808
f 3809 3808 3688
f 3812 3802 3810
f 236 3810 3802
f 972 3807 3811
f 3812 3811 3807
f 3816 3811 3813
f 970 3813 3811
f 971 3815 3814
f 3816 3814 3815
f 3818 3808 3815
f 972 3815 3808
f 226 3691 3817
f 3818 3817 3691
f 3822 3819 3820
f 973 3820 3819
f 3822 3821 3702
f 943 3702 3821
f 3826 3823 3824
f 238 3824 3823
f 976 3820 3825
f 3826 3825 3820
f 3830 3825 3827
f 974 3827 3825
f 975 3829 3828
f 3830 3828 3829
f 3832 3821 3829
f 976 3829 3821
f 3832 3831 3705
f 228 3705 3831
f 975 3833 3831
f 3835 3831 3833
f 3835 3834 3714
f 946 3714 3834
f 3838 3828 3836
f 239 3836 3828
f 979 3833 3837
f 3838 3837 3833
f 3842 3837 3839
f 977 3839 3837
f 978 3841 3840
f 3842 3840 3841
f 3844 3834 3841
f 979 3841 3834
f 3844 3843 3717
f 229 3717 3843
f 3843 978 3847
f 3845 3847 978
f 3726 3847 949
f 3846 949 3847
f 3840 240 3850
f 3848 3850 240
f 3845 3850 982
f 3849 982 3850
f 3849 980 3854
f 3851 3854 980
f 3853 3854 981
f 3852 981 3854
f 3846 982 3856
f 3853 3856 982
f 3729 3856 230
f 3855 230 3856
f 3855 981 3859
f 3857 3859 981
f 3738 3859 952
f 3858 952 3859
f 3862 3852 3860
f 241 3860 3852
f 985 3857 3861
f 3862 3861 3857
f 3866 3861 3863
f 983 3863 3861
f 984 3865 3864
f 3866 3864 3865
f 3868 3858 3865
f 985 3865 3858
f 3741 3868 231
f 3867 231 3868
f 3871 3867 3869
f 984 3869 3867
f 955 3750 3870
f 3871 3870 3750
f 3874 3864 3872
f 242 3872 3864
f 988 3869 3873
f 3874 3873 3869
f 3878 3873 3875
f 986 3875 3873
f 987 3877 3876
f 3878 3876 3877
f 3880 3870 3877
f 988 3877 3870
f 232 3753 3879
f 3880 3879 3753
f 3883 3879 3881
f 987 3881 3879
f 958 3762 3882
f 3883 3882 3762
f 3876 243 3886
f 3884 3886 243
f 3881 3886 991
f 3885 991 3886
f 3890 3885 3887
f 989 3887 3885
f 990 3889 3888
f 3890 3888 3889
f 3892 3882 3889
f 991 3889 3882
f 233 3765 3891
f 3892 3891 3765
f 3891 990 3895
f 3893 3895 990
f 3774 3895 961
f 3894 961 3895
f 3888 244 3898
f 3896 3898 244
f 3893 3898 994
f 3897 994 3898
f 3902 3897 3899
f 992 3899 3897
f 993 3901 3900
f 3902 3900 3901
f 3904 3894 3901
f 994 3901 3894
f 234 3777 3903
f 3904 3903 3777
f 3903 993 3907
f 3905 3907 993
f 3786 3907 964
f 3906 964 3907
f 3900 245 3910
f 3908 3910 245
f 3905 3910 997
f 3909 997 3910
f 3914 3909 3911
f 995 3911 3909
f 996 3913 3912
f 3914 3912 3913
f 3916 3906 3913
f 997 3913 3906
f 235 3789 3915
f 3916 3915 3789
f 3915 996 3919
f 3917 3919 996
f 967 3798 3918
f 3919 3918 3798
f 3912 246 3922
f 3920 3922 246
f 1000 3917 3921
f 3922 3921 3917
f 3926 3921 3923
f 998 3923 3921
f 999 3925 3924
f 3926 3924 3925
f 3928 3918 3925
f 1000 3925 3918
f 236 3801 3927
f 3928 3927 3801
f 3931 3927 3929
f 999 3929 3927
f 970 3810 3930
f 3931 3930 3810
f 3924 247 3934
f 3932 3934 247
f 1003 3929 3933
f 3934 3933 3929
f 3938 3933 3935
f 1001 3935 3933
f 1002 3937 3936
f 3938 3936 3937
f 3940 3930 3937
f 1003 3937 3930
f 237 3813 3939
f 3940 3939 3813
f 3941 1004 3944
f 3942 3944 1004
f 974 3824 3943
f 3944 3943 3824
f 3945 249 3948
f 3946 3948 249
f 3942 3948 1007
f 3947 1007 3948
f 3947 1005 3952
f 3949 3952 1005
f 3951 3952 1006
f 3950 1006 3952
f 3943 1007 3954
f 3951 3954 1007
f 239 3827 3953
f 3954 3953 3827
f 3953 1006 3957
f 3955 3957 1006
f 977 3836 3956
f 3957 3956 3836
f 3950 250 3960
f 3958 3960 250
f 3955 3960 1010
f 3959 1010 3960
f 3959 1008 3964
f 3961 3964 1008
f 3963 3964 1009
f 3962 1009 3964
f 3956 1010 3966
f 3963 3966 1010
f 240 3839 3965
f 3966 3965 3839
f 3965 1009 3969
f 3967 3969 1009
f 3848 3969 980
f 3968 980 3969
f 3962 251 3972
f 3970 3972 251
f 3967 3972 1013
f 3971 1013 3972
f 3971 1011 3976
f 3973 3976 1011
f 3975 3976 1012
f 3974 1012 3976
f 3968 1013 3978
f 3975 3978 1013
f 3851 3978 241
f 3977 241 3978
f 3977 1012 3981
f 3979 3981 1012
f 983 3860 3980
f 3981 3980 3860
f 3974 252 3984
f 3982 3984 252
f 3979 3984 1016
f 3983 1016 3984
f 3983 1014 3988
f 3985 3988 1014
f 3987 3988 1015
f 3986 1015 3988
f 3980 1016 3990
f 3987 3990 1016
f 242 3863 3989
f 3990 3989 3863
f 3989 1015 3993
f 3991 3993 1015
f 986 3872 3992
f 3993 3992 3872
f 3986 253 3996
f 3994 3996 253
f 3991 3996 1019
f 3995 1019 3996
f 3995 1017 4000
f 3997 4000 1017
f 3999 4000 1018
f 3998 1018 4000
f 3992 1019 4002
f 3999 4002 1019
f 243 3875 4001
f 4002 4001 3875
f 4001 1018 4005
f 4003 4005 1018
f 3884 4005 989
f 4004 989 4005
f 3998 254 4008
f 4006 4008 254
f 4003 4008 1022
f 4007 1022 4008
f 4007 1020 4012
f 4009 4012 1020
f 4011 4012 1021
f 4010 1021 4012
f 4004 1022 4014
f 4011 4014 1022
f 244 3887 4013
f 4014 4013 3887
f 4013 1021 4017
f 4015 4017 1021
f 3896 4017 992
f 4016 992 4017
f 4010 255 4020
f 4018 4020 255
f 4015 4020 1025
f 4019 1025 4020
f 4019 1023 4024
f 4021 4024 1023
f 4023 4024 1024
f 4022 1024 4024
f 4016 1025 4026
f 4023 4026 1025
f 245 3899 4025
f 4026 4025 3899
f 4025 1024 4029
f 4027 4029 1024
f 3908 4029 995
f 4028 995 4029
f 4022 256 4032
f 4030 4032 256
f 4027 4032 1028
f 4031 1028 4032
f 4031 1026 4036
f 4033 4036 1026
f 4035 4036 1027
f 4034 1027 4036
f 4028 1028 4038
f 4035 4038 1028
f 246 3911 4037
f 4038 4037 3911
f 4037 1027 4041
f 4039 4041 1027
f 3920 4041 998
f 4040 998 4041
f 4034 257 4044
f 4042 4044 257
f 4039 4044 1031
f 4043 1031 4044
f 4043 1029 4048
f 4045 4048 1029
f 4047 4048 1030
f 4046 1030 4048
f 4040 1031 4050
f 4047 4050 1031
f 247 3923 4049
f 4050 4049 3923
f 4049 1030 4053
f 4051 4053 1030
f 3932 4053 1001
f 4052 1001 4053
f 4046 258 4056
f 4054 4056 258
f 4051 4056 1034
f 4055 1034 4056
f 4055 1032 4060
f 4057 4060 1032
f 4059 4060 1033
f 4058 1033 4060
f 4052 1034 4062
f 4059 4062 1034
f 248 3935 4061
f 4062 4061 3935
f 4063 1035 4066
f 4064 4066 1035
f 3946 4066 1005
f 4065 1005 4066
f 4067 260 4070
f 4068 4070 260
f 4064 4070 1038
f 4069 1038 4070
f 4069 1036 4074
f 4071 4074 1036
f 4073 4074 1037
f 4072 1037 4074
f 4065 1038 4076
f 4073 4076 1038
f 3949 4076 250
f 4075 250 4076
f 4075 1037 4079
f 4077 4079 1037
f 3958 4079 1008
f 4078 1008 4079
f 4072 261 4082
f 4080 4082 261
f 4077 4082 1041
f 4081 1041 4082
f 4081 1039 4086
f 4083 4086 1039
f 4085 4086 1040
f 4084 1040 4086
f 4078 1041 4088
f 4085 4088 1041
f 3961 4088 251
f 4087 251 4088
f 4087 1040 4091
f 4089 4091 1040
f 3970 4091 1011
f 4090 1011 4091
f 4084 262 4094
f 4092 4094 262
f 4089 4094 1044
f 4093 1044 4094
f 4093 1042 4098
f 4095 4098 1042
f 4097 4098 1043
f 4096 1043 4098
f 4090 1044 4100
f 4097 4100 1044
f 3973 4100 252
f 4099 252 4100
f 4099 1043 4103
f 4101 4103 1043
f 3982 4103 1014
f 4102 1014 4103
f 4096 263 4106
f 4104 4106 263
f 4101 4106 1047
f 4105 1047 4106
f 4105 1045 4110
f 4107 4110 1045
f 4109 4110 1046
f 4108 1046 4110
f 4102 1047 4112
f 4109 4112 1047
f 3985 4112 253
f 4111 253 4112
f 4111 1046 4115
f 4113 4115 1046
f 3994 4115 1017
f 4114 1017 4115
f 4108 264 4118
f 4116 4118 264
f 4113 4118 1050
f 4117 1050 4118
f 4117 1048 4122
f 4119 4122 1048
f 4121 4122 1049
f 4120 1049 4122
f 4114 1050 4124
f 4121 4124 1050
f 3997 4124 254
f 4123 254 4124
f 4123 1049 4127
f 4125 4127 1049
f 4006 4127 1020
f 4126 1020 4127
f 4120 265 4130
f 4128 4130 265
f 4125 4130 1053
f 4129 1053 4130
f 4129 1051 4134
f 4131 4134 1051
f 4133 4134 1052
f 4132 1052 4134
f 4126 1053 4136
f 4133 4136 1053
f 4009 4136 255
f 4135 255 4136
f 4135 1052 4139
f 4137 4139 1052
f 4018 4139 1023
f 4138 1023 4139
f 4132 266 4142
f 4140 4142 266
f 4137 4142 1056
f 4141 1056 4142
f 4141 1054 4146
f 4143 4146 1054
f 4145 4146 1055
f 4144 1055 4146
f 4138 1056 4148
f 4145 4148 1056
f 4021 4148 256
f 4147 256 4148
f 4147 1055 4151
f 4149 4151 1055
f 4030 4151 1026
f 4150 1026 4151
f 4144 267 4154
f 4152 4154 267
f 4149 4154 1059
f 4153 1059 4154
f 4153 1057 4158
f 4155 4158 1057
f 4157 4158 1058
f 4156 1058 4158
f 4150 1059 4160
f 4157 4160 1059
f 4033 4160 257
f 4159 257 4160
f 4159 1058 4163
f 4161 4163 1058
f 4042 4163 1029
f 4162 1029 4163
f 4156 268 4166
f 4164 4166 268
f 4161 4166 1062
f 4165 1062 4166
f 4165 1060 4170
f 4167 4170 1060
f 4169 4170 1061
f 4168 1061 4170
f 4162 1062 4172
f 4169 4172 1062
f 4045 4172 258
f 4171 258 4172
f 4171 1061 4175
f 4173 4175 1061
f 4054 4175 1032
f 4174 1032 4175
f 4168 269 4178
f 4176 4178 269
f 4173 4178 1065
f 4177 1065 4178
f 4177 1063 4182
f 4179 4182 1063
f 4181 4182 1064
f 4180 1064 4182
f 4174 1065 4184
f 4181 4184 1065
f 4057 4184 259
f 4183 259 4184
f 4188 4185 4186
f 1066 4186 4185
f 1036 4068 4187
f 4188 4187 4068
f 4192 4189 4190
f 271 4190 4189
f 1069 4186 4191
f 4192 4191 4186
f 4196 4191 4193
f 1067 4193 4191
f 1068 4195 4194
f 4196 4194 4195
f 4198 4187 4195
f 1069 4195 4187
f 261 4071 4197
f 4198 4197 4071
f 4201 4197 4199
f 1068 4199 4197
f 4080 4201 1039
f 4200 1039 4201
f 4204 4194 4202
f 272 4202 4194
f 1072 4199 4203
f 4204 4203 4199
f 4208 4203 4205
f 1070 4205 4203
f 1071 4207 4206
f 4208 4206 4207
f 4210 4200 4207
f 1072 4207 4200
f 262 4083 4209
f 4210 4209 4083
f 4213 4209 4211
f 1071 4211 4209
f 4092 4213 1042
f 4212 1042 4213
f 4216 4206 4214
f 273 4214 4206
f 1075 4211 4215
f 4216 4215 4211
f 4220 4215 4217
f 1073 4217 4215
f 1074 4219 4218
f 4220 4218 4219
f 4222 4212 4219
f 1075 4219 4212
f 263 4095 4221
f 4222 4221 4095
f 4221 1074 4225
f 4223 4225 1074
f 4104 4225 1045
f 4224 1045 4225
f 4228 4218 4226
f 274 4226 4218
f 4223 4228 1078
f 4227 1078 4228
f 4232 4227 4229
f 1076 4229 4227
f 1077 4231 4230
f 4232 4230 4231
f 4234 4224 4231
f 1078 4231 4224
f 264 4107 4233
f 4234 4233 4107
f 4233 1077 4237
f 4235 4237 1077
f 4116 4237 1048
f 4236 1048 4237
f 4230 275 4240
f 4238 4240 275
f 4235 4240 1081
f 4239 1081 4240
f 4244 4239 4241
f 1079 4241 4239
f 1080 4243 4242
f 4244 4242 4243
f 4246 4236 4243
f 1081 4243 4236
f 265 4119 4245
f 4246 4245 4119
f 4245 1080 4249
f 4247 4249 1080
f 4128 4249 1051
f 4248 1051 4249
f 4242 276 4252
f 4250 4252 276
f 4247 4252 1084
f 4251 1084 4252
f 4256 4251 4253
f 1082 4253 4251
f 1083 4255 4254
f 4256 4254 4255
f 4258 4248 4255
f 1084 4255 4248
f 266 4131 4257
f 4258 4257 4131
f 4257 1083 4261
f 4259 4261 1083
f 4140 4261 1054
f 4260 1054 4261
f 4254 277 4264
f 4262 4264 277
f 4259 4264 1087
f 4263 1087 4264
f 4268 4263 4265
f 1085 4265 4263
f 1086 4267 4266
f 4268 4266 4267
f 4270 4260 4267
f 1087 4267 4260
f 267 4143 4269
f 4270 4269 4143
f 4269 1086 4273
f 4271 4273 1086
f 4152 4273 1057
f 4272 1057 4273
f 4266 278 4276
f 4274 4276 278
f 4271 4276 1090
f 4275 1090 4276
f 4280 4275 4277
f 1088 4277 4275
f 1089 4279 4278
f 4280 4278 4279
f 4282 4272 4279
f 1090 4279 4272
f 268 4155 4281
f 4282 4281 4155
f 4281 1089 4285
f 4283 4285 1089
f 4164 4285 1060
f 4284 1060 4285
f 4278 279 4288
f 4286 4288 279
f 4283 4288 1093
f 4287 1093 4288
f 4292 4287 4289
f 1091 4289 4287
f 1092 4291 4290
f 4292 4290 4291
f 4294 4284 4291
f 1093 4291 4284
f 269 4167 4293
f 4294 4293 4167
f 4293 1092 4297
f 4295 4297 1092
f 4176 4297 1063
f 4296 1063 4297
f 4290 280 4300
f 4298 4300 280
f 4295 4300 1096
f 4299 1096 4300
f 4304 4299 4301
f 1094 4301 4299
f 1095 4303 4302
f 4304 4302 4303
f 4306 4296 4303
f 1096 4303 4296
f 270 4179 4305
f 4306 4305 4179
f 4310 4307 4308
f 1097 4308 4307
f 1067 4190 4309
f 4310 4309 4190
f 4311 150 4313
f 2948 4313 150
f 4308 4313 1099
f 4312 1099 4313
f 4312 749 4316
f 2959 4316 749
f 4315 4316 1098
f 4314 1098 4316
f 4318 4309 4315
f 1099 4315 4309
f 272 4193 4317
f 4318 4317 4193
f 4321 4317 4319
f 1098 4319 4317
f 1070 4202 4320
f 4321 4320 4202
f 4314 151 4323
f 2963 4323 151
f 1101 4319 4322
f 4323 4322 4319
f 4322 753 4326
f 2973 4326 753
f 1100 4325 4324
f 4326 4324 4325
f 4328 4320 4325
f 1101 4325 4320
f 273 4205 4327
f 4328 4327 4205
f 4331 4327 4329
f 1100 4329 4327
f 1073 4214 4330
f 4331 4330 4214
f 4324 152 4333
f 2977 4333 152
f 1103 4329 4332
f 4333 4332 4329
f 4332 757 4336
f 2987 4336 757
f 1102 4335 4334
f 4336 4334 4335
f 4338 4330 4335
f 1103 4335 4330
f 274 4217 4337
f 4338 4337 4217
f 4341 4337 4339
f 1102 4339 4337
f 1076 4226 4340
f 4341 4340 4226
f 4343 4334 2991
f 153 2991 4334
f 1105 4339 4342
f 4343 4342 4339
f 4346 4342 3001
f 761 3001 4342
f 1104 4345 4344
f 4346 4344 4345
f 4348 4340 4345
f 1105 4345 4340
f 275 4229 4347
f 4348 4347 4229
f 4351 4347 4349
f 1104 4349 4347
f 4238 4351 1079
f 4350 1079 4351
f 4353 4344 3005
f 154 3005 4344
f 1107 4349 4352
f 4353 4352 4349
f 4356 4352 3015
f 765 3015 4352
f 1106 4355 4354
f 4356 4354 4355
f 4358 4350 4355
f 1107 4355 4350
f 276 4241 4357
f 4358 4357 4241
f 4357 1106 4361
f 4359 4361 1106
f 4250 4361 1082
f 4360 1082 4361
f 4354 155 4363
f 3019 4363 155
f 4359 4363 1109
f 4362 1109 4363
f 4366 4362 3029
f 769 3029 4362
f 1108 4365 4364
f 4366 4364 4365
f 4368 4360 4365
f 1109 4365 4360
f 277 4253 4367
f 4368 4367 4253
f 4367 1108 4371
f 4369 4371 1108
f 4262 4371 1085
f 4370 1085 4371
f 4364 156 4373
f 3033 4373 156
f 4369 4373 1111
f 4372 1111 4373
f 4376 4372 3043
f 773 3043 4372
f 1110 4375 4374
f 4376 4374 4375
f 4378 4370 4375
f 1111 4375 4370
f 278 4265 4377
f 4378 4377 4265
f 4377 1110 4381
f 4379 4381 1110
f 4274 4381 1088
f 4380 1088 4381
f 4374 157 4383
f 3047 4383 157
f 4379 4383 1113
f 4382 1113 4383
f 4386 4382 3057
f 777 3057 4382
f 1112 4385 4384
f 4386 4384 4385
f 4388 4380 4385
f 1113 4385 4380
f 279 4277 4387
f 4388 4387 4277
f 4387 1112 4391
f 4389 4391 1112
f 4286 4391 1091
f 4390 1091 4391
f 4384 158 4393
f 3061 4393 158
f 4389 4393 1115
f 4392 1115 4393
f 4396 4392 3071
f 781 3071 4392
f 1114 4395 4394
f 4396 4394 4395
f 4398 4390 4395
f 1115 4395 4390
f 280 4289 4397
f 4398 4397 4289
f 4397 1114 4401
f 4399 4401 1114
f 4298 4401 1094
f 4400 1094 4401
f 4394 159 4403
f 3075 4403 159
f 4399 4403 1117
f 4402 1117 4403
f 4406 4402 3085
f 785 3085 4402
f 1116 4405 4404
f 4406 4404 4405
f 4408 4400 4405
f 1117 4405 4400
f 281 4301 4407
f 4408 4407 4301
f 4409 1118 4412
f 4410 4412 1118
f 4412 4411 3331
f 849 3331 4411
f 4414 4416 282
f 4413 282 4416
f 4410 4416 1121
f 4415 1121 4416
f 4417 4420 1119
f 4415 1119 4420
f 4418 1120 4420
f 4419 4420 1120
f 4419 4422 1121
f 4411 1121 4422
f 4421 194 4422
f 3335 4422 194
f 4423 4425 1120
f 4421 1120 4425
f 3453 4425 880
f 4424 880 4425
f 4426 4428 283
f 4418 283 4428
f 4427 1124 4428
f 4423 4428 1124
f 4429 4432 1122
f 4427 1122 4432
f 4431 4432 1123
f 4430 1123 4432
f 4424 1124 4434
f 4431 4434 1124
f 3457 4434 205
f 4433 205 4434
f 4436 4438 1125
f 4435 1125 4438
f 4437 1119 4438
f 4414 4438 1119
f 4440 4442 285
f 4439 285 4442
f 4441 1128 4442
f 4436 4442 1128
f 4443 4446 1126
f 4441 1126 4446
f 4444 1127 4446
f 4445 4446 1127
f 4445 4448 1128
f 4437 1128 4448
f 4447 283 4448
f 4417 4448 283
f 4449 4451 1127
f 4447 1127 4451
f 4450 1122 4451
f 4426 4451 1122
f 286 4452 4444
f 4454 4444 4452
f 4454 4453 4449
f 1131 4449 4453
f 1129 4455 4453
f 4458 4453 4455
f 4456 1130 4458
f 4457 4458 1130
f 4457 4460 1131
f 4450 1131 4460
f 4429 4460 284
f 4459 284 4460
f 4461 1132 4464
f 4462 4464 1132
f 4440 4464 1126
f 4463 1126 4464
f 4465 288 4468
f 4466 4468 288
f 4462 4468 1135
f 4467 1135 4468
f 4467 1133 4472
f 4469 4472 1133
f 4472 4470 4471
f 1134 4471 4470
f 4463 1135 4474
f 4471 4474 1135
f 4474 4473 4443
f 286 4443 4473
f 1134 4475 4473
f 4477 4473 4475
f 4477 4476 4452
f 1129 4452 4476
f 289 4478 4470
f 4480 4470 4478
f 4480 4479 4475
f 1138 4475 4479
f 1136 4481 4479
f 4484 4479 4481
f 4484 4482 4483
f 1137 4483 4482
f 1138 4483 4476
f 4486 4476 4483
f 4486 4485 4455
f 287 4455 4485
f 4487 1139 4490
f 4488 4490 1139
f 4482 4490 1137
f 4489 1137 4490
f 4491 292 4494
f 4492 4494 292
f 4488 4494 1142
f 4493 1142 4494
f 4493 1140 4498
f 4495 4498 1140
f 4497 4498 1141
f 4496 1141 4498
f 4489 1142 4500
f 4497 4500 1142
f 4485 4500 287
f 4499 287 4500
f 4501 1143 4504
f 4502 4504 1143
f 3570 4504 909
f 4503 909 4504
f 4508 4505 4506
f 295 4506 4505
f 4502 4508 1146
f 4507 1146 4508
f 4507 1144 4512
f 4509 4512 1144
f 1145 4511 4510
f 4512 4510 4511
f 4503 1146 4514
f 4511 4514 1146
f 3573 4514 204
f 4513 204 4514
f 1145 4515 4513
f 4517 4513 4515
f 4517 4516 3448
f 878 3448 4516
f 4520 4510 4518
f 294 4518 4510
f 4520 4519 4515
f 1149 4515 4519
f 1147 4521 4519
f 4524 4519 4521
f 4524 4522 4523
f 1148 4523 4522
f 1149 4523 4516
f 4526 4516 4523
f 193 3451 4525
f 4526 4525 3451
f 4530 4527 4528
f 1150 4528 4527
f 4506 4530 1144
f 4529 1144 4530
f 4531 298 4534
f 4532 4534 298
f 4528 4534 1153
f 4533 1153 4534
f 4533 1151 4538
f 4535 4538 1151
f 4537 4538 1152
f 4536 1152 4538
f 4529 1153 4540
f 4537 4540 1153
f 294 4509 4539
f 4540 4539 4509
f 4543 4539 4541
f 1152 4541 4539
f 1147 4518 4542
f 4543 4542 4518
f 4546 4536 4544
f 297 4544 4536
f 1156 4541 4545
f 4546 4545 4541
f 4550 4545 4547
f 1154 4547 4545
f 1155 4549 4548
f 4550 4548 4549
f 4552 4542 4549
f 1156 4549 4542
f 293 4521 4551
f 4552 4551 4521
f 4554 4557 1157
f 4553 1157 4557
f 4555 1159 4557
f 4556 4557 1159
f 1340 4560 1
f 4558 1 4560
f 4559 1160 4560
f 4554 4560 1160
f 1351 4563 338
f 4559 338 4563
f 4561 1158 4563
f 4562 4563 1158
f 4562 4566 1160
f 4555 1160 4566
f 4564 316 4566
f 4565 4566 316
f 4570 4567 4568
f 1161 4568 4567
f 373 1470 4569
f 4570 4569 1470
f 4572 4574 328
f 4571 328 4574
f 4573 1164 4574
f 4568 4574 1164
f 4575 4578 1162
f 4573 1162 4578
f 4576 1163 4578
f 4577 4578 1163
f 4580 4569 4577
f 1164 4577 4569
f 22 1473 4579
f 4580 4579 1473
f 4581 4584 1158
f 4564 1158 4584
f 4582 1166 4584
f 4583 4584 1166
f 4561 12 4586
f 1481 4586 12
f 4581 4586 1167
f 4585 1167 4586
f 4585 378 4589
f 1491 4589 378
f 4588 4589 1165
f 4587 1165 4589
f 4582 1167 4592
f 4588 4592 1167
f 4590 317 4592
f 4591 4592 317
f 4595 4579 4593
f 1163 4593 4579
f 404 1592 4594
f 4595 4594 1592
f 4596 4598 318
f 4576 318 4598
f 1170 4593 4597
f 4598 4597 4593
f 4602 4597 4599
f 1168 4599 4597
f 1169 4601 4600
f 4602 4600 4601
f 4604 4594 4601
f 1170 4601 4594
f 33 1595 4603
f 4604 4603 1595
f 4605 4608 1165
f 4590 1165 4608
f 4606 1172 4608
f 4607 4608 1172
f 4587 23 4610
f 1603 4610 23
f 4609 1173 4610
f 4605 4610 1173
f 4609 409 4613
f 1613 4613 409
f 4611 1171 4613
f 4612 4613 1171
f 4612 4616 1173
f 4606 1173 4616
f 4614 305 4616
f 4615 4616 305
f 4619 4603 4617
f 1169 4617 4603
f 435 1714 4618
f 4619 4618 1714
f 4620 4622 319
f 4600 319 4622
f 1176 4617 4621
f 4622 4621 4617
f 4626 4621 4623
f 1174 4623 4621
f 4625 4626 1175
f 4624 1175 4626
f 4628 4618 4625
f 1176 4625 4618
f 44 1717 4627
f 4628 4627 1717
f 4630 4633 1177
f 4629 1177 4633
f 4631 1179 4633
f 4632 4633 1179
f 56 1969 4634
f 4636 4634 1969
f 4635 1180 4636
f 4630 4636 1180
f 4635 502 4639
f 1979 4639 502
f 4638 4639 1178
f 4637 1178 4639
f 4631 1180 4642
f 4638 4642 1180
f 4641 4642 321
f 4640 321 4642
f 1181 4644 4643
f 4646 4643 4644
f 4646 4645 2080
f 528 2080 4645
f 4648 4650 320
f 4647 320 4650
f 1184 4644 4649
f 4650 4649 4644
f 4654 4649 4651
f 1182 4651 4649
f 1183 4653 4652
f 4654 4652 4653
f 4656 4645 4653
f 1184 4653 4645
f 77 2083 4655
f 4656 4655 2083
f 1178 4657 4640
f 4660 4640 4657
f 4660 4658 4659
f 1186 4659 4658
f 67 2091 4637
f 4662 4637 2091
f 4662 4661 4657
f 1187 4657 4661
f 533 2101 4661
f 4665 4661 2101
f 4665 4663 4664
f 1185 4664 4663
f 1187 4664 4658
f 4668 4658 4664
f 4668 4666 4667
f 322 4667 4666
f 1183 4669 4655
f 4671 4655 4669
f 4671 4670 2202
f 559 2202 4670
f 4674 4652 4672
f 330 4672 4652
f 4674 4673 4669
f 1190 4669 4673
f 1188 4675 4673
f 4678 4673 4675
f 4678 4676 4677
f 1189 4677 4676
f 1190 4677 4670
f 4680 4670 4677
f 4680 4679 2205
f 88 2205 4679
f 1185 4681 4666
f 4684 4666 4681
f 4684 4682 4683
f 1192 4683 4682
f 78 2213 4663
f 4686 4663 2213
f 4686 4685 4681
f 1193 4681 4685
f 564 2223 4685
f 4689 4685 2223
f 4688 4689 1191
f 4687 1191 4689
f 1193 4688 4682
f 4692 4682 4688
f 4692 4690 4691
f 324 4691 4690
f 1189 4693 4679
f 4695 4679 4693
f 4695 4694 2324
f 590 2324 4694
f 331 4696 4676
f 4698 4676 4696
f 4698 4697 4693
f 1196 4693 4697
f 1194 4699 4697
f 4702 4697 4699
f 4702 4700 4701
f 1195 4701 4700
f 1196 4701 4694
f 4704 4694 4701
f 2327 4704 99
f 4703 99 4704
f 4690 1191 4708
f 4705 4708 1191
f 4707 4708 1198
f 4706 1198 4708
f 4687 89 4710
f 2335 4710 89
f 4705 4710 1199
f 4709 1199 4710
f 4709 595 4713
f 2345 4713 595
f 4712 4713 1197
f 4711 1197 4713
f 4706 1199 4716
f 4712 4716 1199
f 4715 4716 325
f 4714 325 4716
f 4703 1195 4719
f 4717 4719 1195
f 2446 4719 621
f 4718 621 4719
f 332 4720 4700
f 4722 4700 4720
f 4717 4722 1202
f 4721 1202 4722
f 4721 1200 4726
f 4723 4726 1200
f 4725 4726 1201
f 4724 1201 4726
f 4718 1202 4728
f 4725 4728 1202
f 2449 4728 110
f 4727 110 4728
f 4714 1197 4732
f 4729 4732 1197
f 4731 4732 1204
f 4730 1204 4732
f 4711 100 4734
f 2457 4734 100
f 4729 4734 1205
f 4733 1205 4734
f 4733 626 4737
f 2467 4737 626
f 4736 4737 1203
f 4735 1203 4737
f 4730 1205 4740
f 4736 4740 1205
f 4739 4740 326
f 4738 326 4740
f 4727 1201 4743
f 4741 4743 1201
f 2568 4743 652
f 4742 652 4743
f 4724 333 4746
f 4744 4746 333
f 4741 4746 1208
f 4745 1208 4746
f 4745 1206 4750
f 4747 4750 1206
f 4749 4750 1207
f 4748 1207 4750
f 4742 1208 4752
f 4749 4752 1208
f 2571 4752 121
f 4751 121 4752
f 1203 4753 4738
f 4756 4738 4753
f 4755 4756 1210
f 4754 1210 4756
f 111 2579 4735
f 4758 4735 2579
f 4758 4757 4753
f 1211 4753 4757
f 657 2589 4757
f 4761 4757 2589
f 4761 4759 4760
f 1209 4760 4759
f 1211 4760 4754
f 4764 4754 4760
f 4764 4762 4763
f 327 4763 4762
f 4751 1207 4767
f 4765 4767 1207
f 2690 4767 683
f 4766 683 4767
f 334 4768 4748
f 4770 4748 4768
f 4770 4769 4765
f 1214 4765 4769
f 1212 4771 4769
f 4774 4769 4771
f 4774 4772 4773
f 1213 4773 4772
f 4766 1214 4776
f 4773 4776 1214
f 2693 4776 132
f 4775 132 4776
f 1209 4777 4762
f 4780 4762 4777
f 4780 4778 4779
f 1215 4779 4778
f 122 2701 4759
f 4782 4759 2701
f 4782 4781 4777
f 1216 4777 4781
f 4781 687 4784
f 2709 4784 687
f 4783 4784 1157
f 4558 1157 4784
f 4778 1216 4786
f 4783 4786 1216
f 4785 4786 323
f 4553 323 4786
f 4775 1213 4789
f 4787 4789 1213
f 2794 4789 705
f 4788 705 4789
f 329 4790 4772
f 4792 4772 4790
f 4792 4791 4787
f 1218 4787 4791
f 1217 4793 4791
f 4795 4791 4793
f 4795 4571 4794
f 1161 4794 4571
f 4788 1218 4796
f 4794 4796 1218
f 2797 4796 11
f 4567 11 4796
f 4797 4800 1171
f 4614 1171 4800
f 4799 4800 1220
f 4798 1220 4800
f 34 2803 4611
f 4802 4611 2803
f 4802 4801 4797
f 1221 4797 4801
f 2813 4805 709
f 4801 709 4805
f 4803 1219 4805
f 4804 4805 1219
f 4798 1221 4808
f 4804 4808 1221
f 4807 4808 306
f 4806 306 4808
f 4634 1177 4811
f 4809 4811 1177
f 2818 4811 711
f 4810 711 4811
f 4629 314 4814
f 4812 4814 314
f 4809 4814 1224
f 4813 1224 4814
f 4813 1222 4818
f 4815 4818 1222
f 4817 4818 1223
f 4816 1223 4818
f 4810 1224 4820
f 4817 4820 1224
f 2821 4820 135
f 4819 135 4820
f 4819 1223 4823
f 4821 4823 1223
f 2844 4823 718
f 4822 718 4823
f 4816 302 4826
f 4824 4826 302
f 1227 4821 4825
f 4826 4825 4821
f 4830 4825 4827
f 1225 4827 4825
f 1226 4829 4828
f 4830 4828 4829
f 4832 4822 4829
f 1227 4829 4822
f 2847 4832 138
f 4831 138 4832
f 4833 4836 1219
f 4806 1219 4836
f 4834 1229 4836
f 4835 4836 1229
f 2829 4838 133
f 4803 133 4838
f 4837 1230 4838
f 4833 4838 1230
f 2839 4841 716
f 4837 716 4841
f 4840 4841 1228
f 4839 1228 4841
f 4840 4844 1230
f 4834 1230 4844
f 307 4843 4842
f 4844 4842 4843
f 1228 4845 4842
f 4848 4842 4845
f 4848 4846 4847
f 1232 4847 4846
f 4839 136 4850
f 2855 4850 136
f 4845 4850 1233
f 4849 1233 4850
f 4849 723 4853
f 2865 4853 723
f 1231 4852 4851
f 4853 4851 4852
f 4856 4846 4852
f 1233 4852 4846
f 301 4855 4854
f 4856 4854 4855
f 4860 4854 4857
f 1231 4857 4854
f 1235 4859 4858
f 4860 4858 4859
f 2864 4862 139
f 4851 139 4862
f 1236 4857 4861
f 4862 4861 4857
f 4865 4861 2861
f 722 2861 4861
f 1234 4864 4863
f 4865 4863 4864
f 4868 4858 4864
f 1236 4864 4858
f 299 4867 4866
f 4868 4866 4867
f 1234 4869 4866
f 4872 4866 4869
f 4872 4870 4871
f 1238 4871 4870
f 4863 140 4874
f 2877 4874 140
f 4869 4874 1239
f 4873 1239 4874
f 4873 726 4877
f 2874 4877 726
f 4876 4877 1237
f 4875 1237 4877
f 4870 1239 4880
f 4876 4880 1239
f 4879 4880 300
f 4878 300 4880
f 4831 1226 4883
f 4881 4883 1226
f 2883 4883 728
f 4882 728 4883
f 4886 4828 4884
f 315 4884 4828
f 4881 4886 1242
f 4885 1242 4886
f 1240 4887 4885
f 4890 4885 4887
f 4889 4890 1241
f 4888 1241 4890
f 4882 1242 4892
f 4889 4892 1242
f 2886 4892 142
f 4891 142 4892
f 4878 1237 4896
f 4893 4896 1237
f 1244 4895 4894
f 4896 4894 4895
f 4875 141 4898
f 2881 4898 141
f 4893 4898 1245
f 4897 1245 4898
f 4897 730 4901
f 2891 4901 730
f 1243 4900 4899
f 4901 4899 4900
f 4904 4894 4900
f 1245 4900 4894
f 4902 304 4904
f 4903 4904 304
f 1241 4905 4891
f 4907 4891 4905
f 4907 4906 2887
f 729 2887 4906
f 303 4908 4888
f 4910 4888 4908
f 4910 4909 4905
f 1247 4905 4909
f 4909 1246 4913
f 4911 4913 1246
f 4912 4913 1243
f 4902 1243 4913
f 4906 1247 4914
f 4912 4914 1247
f 2890 4914 143
f 4899 143 4914
f 1181 4915 4647
f 4918 4647 4915
f 4918 4916 4917
f 1249 4917 4916
f 66 2895 4643
f 4920 4643 2895
f 4920 4919 4915
f 1250 4915 4919
f 734 2905 4919
f 4923 4919 2905
f 4923 4921 4922
f 1248 4922 4921
f 1250 4922 4916
f 4926 4916 4922
f 4926 4924 4925
f 311 4925 4924
f 4627 1175 4929
f 4927 4929 1175
f 2910 4929 736
f 4928 736 4929
f 4624 308 4932
f 4930 4932 308
f 4927 4932 1253
f 4931 1253 4932
f 4931 1251 4936
f 4933 4936 1251
f 4935 4936 1252
f 4934 1252 4936
f 4928 1253 4938
f 4935 4938 1253
f 4938 4937 2913
f 144 2913 4937
f 1248 4939 4924
f 4942 4924 4939
f 4942 4940 4941
f 1255 4941 4940
f 146 2921 4921
f 4944 4921 2921
f 4944 4943 4939
f 1256 4939 4943
f 741 2931 4943
f 4947 4943 2931
f 4947 4945 4946
f 1254 4946 4945
f 1256 4946 4940
f 4950 4940 4946
f 4950 4948 4949
f 313 4949 4948
f 4937 1252 4953
f 4951 4953 1252
f 4953 4952 2936
f 743 2936 4952
f 4934 310 4956
f 4954 4956 310
f 4951 4956 1259
f 4955 1259 4956
f 4955 1257 4960
f 4957 4960 1257
f 4959 4960 1258
f 4958 1258 4960
f 4952 1259 4962
f 4959 4962 1259
f 2939 4962 147
f 4961 147 4962
f 4961 1258 4965
f 4963 4965 1258
f 2940 4965 744
f 4964 744 4965
f 4958 312 4968
f 4966 4968 312
f 4967 1262 4968
f 4963 4968 1262
f 4969 4972 1260
f 4967 1260 4972
f 4970 1261 4972
f 4971 4972 1261
f 4964 1262 4974
f 4971 4974 1262
f 2943 4974 148
f 4973 148 4974
f 1261 4975 4973
f 4977 4973 4975
f 4977 4976 2927
f 740 2927 4976
f 4980 4970 4978
f 309 4978 4970
f 4980 4979 4975
f 1264 4975 4979
f 4983 4979 4981
f 1263 4981 4979
f 4983 4948 4982
f 1254 4982 4948
f 1264 4982 4976
f 4984 4976 4982
f 4984 4945 2930
f 149 2930 4945
f 4985 4988 1159
f 4556 1159 4988
f 4986 1266 4988
f 4987 4988 1266
f 4989 4991 316
f 4565 316 4991
f 4990 1267 4991
f 4985 4991 1267
f 4992 4994 1265
f 4990 1265 4994
f 2950 746 4994
f 4993 4994 746
f 4993 4996 1267
f 4986 1267 4996
f 2945 150 4996
f 4995 4996 150
f 784 4997 3084
f 5000 3084 4997
f 5000 4998 4999
f 1269 4999 4998
f 171 5001 3081
f 5003 3081 5001
f 5003 5002 4997
f 1270 4997 5002
f 5004 5006 1268
f 5002 1268 5006
f 4575 1162 5006
f 5005 5006 1162
f 5005 5008 1270
f 4998 1270 5008
f 4572 328 5008
f 5007 5008 328
f 1166 5009 4583
f 5011 4583 5009
f 5010 1265 5011
f 4989 5011 1265
f 5012 5014 317
f 4591 317 5014
f 5009 5014 1272
f 5013 1272 5014
f 5013 1271 5017
f 5015 5017 1271
f 5016 5017 787
f 3091 787 5017
f 5010 1272 5018
f 5016 5018 1272
f 4992 5018 161
f 3087 161 5018
f 816 5019 3207
f 5021 3207 5019
f 5021 5020 5001
f 1268 5001 5020
f 182 5022 3204
f 5024 3204 5022
f 5024 5023 5019
f 1274 5019 5023
f 1273 5025 5023
f 5027 5023 5025
f 5027 4599 5026
f 1168 5026 4599
f 1274 5026 5020
f 5028 5020 5026
f 4596 318 5028
f 5004 5028 318
f 5029 5031 1172
f 4607 1172 5031
f 5030 1271 5031
f 5012 5031 1271
f 5032 5034 305
f 4615 305 5034
f 5033 1276 5034
f 5029 5034 1276
f 5035 5037 1275
f 5033 1275 5037
f 5036 5037 818
f 3213 818 5037
f 5036 5038 1276
f 5030 1276 5038
f 5015 5038 172
f 3209 172 5038
f 847 5039 3329
f 5041 3329 5039
f 5041 5040 5022
f 1273 5022 5040
f 193 5042 3326
f 5044 3326 5042
f 5044 5043 5039
f 1278 5039 5043
f 5043 1277 5047
f 5045 5047 1277
f 5047 4623 5046
f 1174 5046 4623
f 1278 5046 5040
f 5048 5040 5046
f 5048 4620 5025
f 319 5025 4620
f 5049 5052 1179
f 4632 1179 5052
f 5050 1280 5052
f 5051 5052 1280
f 4641 321 5055
f 5053 5055 321
f 5049 5055 1281
f 5054 1281 5055
f 5054 1279 5058
f 5056 5058 1279
f 5057 5058 911
f 3579 911 5058
f 5057 5060 1281
f 5050 1281 5060
f 205 5059 3575
f 5060 3575 5059
f 940 5061 3695
f 5064 3695 5061
f 5064 5062 5063
f 1283 5063 5062
f 226 5065 3692
f 5067 3692 5065
f 5067 5066 5061
f 1284 5061 5066
f 1282 5068 5066
f 5070 5066 5068
f 5070 4651 5069
f 1182 5069 4651
f 1284 5069 5062
f 5072 5062 5069
f 5072 4648 5071
f 320 5071 4648
f 5075 4659 5073
f 1186 5073 4659
f 1279 5053 5074
f 5075 5074 5053
f 5078 4667 5076
f 322 5076 4667
f 1286 5073 5077
f 5078 5077 5073
f 1285 5079 5077
f 5081 5077 5079
f 5081 3701 5080
f 942 5080 3701
f 5082 5074 5080
f 1286 5080 5074
f 216 5056 3697
f 5082 3697 5056
f 5085 3817 5083
f 971 5083 3817
f 1282 5065 5084
f 5085 5084 5065
f 5088 3814 5086
f 237 5086 3814
f 1288 5083 5087
f 5088 5087 5083
f 5091 5087 5089
f 1287 5089 5087
f 1188 5090 4675
f 5091 4675 5090
f 5092 5084 5090
f 1288 5090 5084
f 5092 4672 5068
f 330 5068 4672
f 5095 4683 5093
f 1192 5093 4683
f 1285 5076 5094
f 5095 5094 5076
f 5098 4691 5096
f 324 5096 4691
f 1290 5093 5097
f 5098 5097 5093
f 5097 1289 5101
f 5099 5101 1289
f 973 5100 3823
f 5101 3823 5100
f 5102 5094 5100
f 1290 5100 5094
f 227 5079 3819
f 5102 3819 5079
f 5105 3939 5103
f 1002 5103 3939
f 1287 5086 5104
f 5105 5104 5086
f 3936 248 5108
f 5106 5108 248
f 1292 5103 5107
f 5108 5107 5103
f 5111 5107 5109
f 1291 5109 5107
f 1194 5110 4699
f 5111 4699 5110
f 5112 5104 5110
f 1292 5110 5104
f 331 5089 4696
f 5112 4696 5089
f 4707 1198 5115
f 5113 5115 1198
f 5096 5115 1289
f 5114 1289 5115
f 4715 325 5118
f 5116 5118 325
f 5113 5118 1294
f 5117 1294 5118
f 5117 1293 5121
f 5119 5121 1293
f 5120 5121 1004
f 3945 1004 5121
f 5114 1294 5122
f 5120 5122 1294
f 5099 5122 238
f 3941 238 5122
f 4061 1033 5125
f 5123 5125 1033
f 5106 5125 1291
f 5124 1291 5125
f 4058 259 5128
f 5126 5128 259
f 5123 5128 1296
f 5127 1296 5128
f 5127 1295 5131
f 5129 5131 1295
f 5130 5131 1200
f 4723 1200 5131
f 5124 1296 5132
f 5130 5132 1296
f 332 5109 4720
f 5132 4720 5109
f 4731 1204 5135
f 5133 5135 1204
f 5116 5135 1293
f 5134 1293 5135
f 4739 326 5138
f 5136 5138 326
f 5133 5138 1298
f 5137 1298 5138
f 5137 1297 5141
f 5139 5141 1297
f 5140 5141 1035
f 4067 1035 5141
f 5134 1298 5142
f 5140 5142 1298
f 5119 5142 249
f 4063 249 5142
f 4183 1064 5145
f 5143 5145 1064
f 5126 5145 1295
f 5144 1295 5145
f 4180 270 5148
f 5146 5148 270
f 5143 5148 1300
f 5147 1300 5148
f 5147 1299 5151
f 5149 5151 1299
f 5150 5151 1206
f 4747 1206 5151
f 5144 1300 5152
f 5150 5152 1300
f 5129 5152 333
f 4744 333 5152
f 4755 1210 5155
f 5153 5155 1210
f 1297 5136 5154
f 5155 5154 5136
f 5158 4763 5156
f 327 5156 4763
f 1302 5153 5157
f 5158 5157 5153
f 5161 5157 5159
f 1301 5159 5157
f 1066 5160 4189
f 5161 4189 5160
f 5162 5154 5160
f 1302 5160 5154
f 260 5139 4185
f 5162 4185 5139
f 4305 1095 5165
f 5163 5165 1095
f 5146 5165 1299
f 5164 1299 5165
f 4302 281 5168
f 5166 5168 281
f 5163 5168 1304
f 5167 1304 5168
f 5171 5167 5169
f 1303 5169 5167
f 1212 5170 4771
f 5171 4771 5170
f 5172 5164 5170
f 1304 5170 5164
f 334 5149 4768
f 5172 4768 5149
f 5175 4779 5173
f 1215 5173 4779
f 1301 5156 5174
f 5175 5174 5156
f 4785 323 5177
f 4987 5177 323
f 5173 5177 1305
f 5176 1305 5177
f 5176 1266 5179
f 4995 5179 1266
f 5178 5179 1097
f 4311 1097 5179
f 5180 5174 5178
f 1305 5178 5174
f 271 5159 4307
f 5180 4307 5159
f 4407 1116 5183
f 5181 5183 1116
f 5166 5183 1303
f 5182 1303 5183
f 4404 160 5185
f 4999 5185 160
f 5181 5185 1306
f 5184 1306 5185
f 5187 5184 5007
f 1269 5007 5184
f 1217 5186 4793
f 5187 4793 5186
f 5188 5182 5186
f 1306 5186 5182
f 329 5169 4790
f 5188 4790 5169
f 4799 1220 5191
f 5189 5191 1220
f 5190 1275 5191
f 5032 5191 1275
f 4807 306 5194
f 5192 5194 306
f 5189 5194 1308
f 5193 1308 5194
f 5195 5197 1307
f 5193 1307 5197
f 4413 1118 5197
f 5196 5197 1118
f 5198 5190 5196
f 1308 5196 5190
f 183 5035 4409
f 5198 4409 5035
f 4433 1123 5201
f 5199 5201 1123
f 5059 5201 1280
f 5200 1280 5201
f 4430 284 5204
f 5202 5204 284
f 5199 5204 1310
f 5203 1310 5204
f 5203 1309 5207
f 5205 5207 1309
f 5206 5207 1222
f 4815 1222 5207
f 5200 1310 5208
f 5206 5208 1310
f 5051 5208 314
f 4812 314 5208
f 4459 1130 5211
f 5209 5211 1130
f 5202 5211 1309
f 5210 1309 5211
f 4456 287 5214
f 5212 5214 287
f 5214 5213 5209
f 1312 5209 5213
f 1311 5215 5213
f 5217 5213 5215
f 5217 4827 5216
f 1225 5216 4827
f 1312 5216 5210
f 5218 5210 5216
f 5205 5218 302
f 4824 302 5218
f 5219 5221 1229
f 4835 1229 5221
f 5220 1307 5221
f 5192 5221 1307
f 307 5222 4843
f 5224 4843 5222
f 5223 1314 5224
f 5219 5224 1314
f 5223 1313 5227
f 5225 5227 1313
f 4439 1125 5227
f 5226 5227 1125
f 5226 5228 1314
f 5220 1314 5228
f 4435 282 5228
f 5195 5228 282
f 5231 4847 5229
f 1232 5229 4847
f 5231 5230 5222
f 1313 5222 5230
f 301 5232 4855
f 5234 4855 5232
f 5234 5233 5229
f 1316 5229 5233
f 1315 5235 5233
f 5237 5233 5235
f 5236 5237 1132
f 4465 1132 5237
f 5230 1316 5238
f 5236 5238 1316
f 5225 5238 285
f 4461 285 5238
f 1235 5239 4859
f 5241 4859 5239
f 5241 5240 5232
f 1315 5232 5240
f 299 5242 4867
f 5244 4867 5242
f 5244 5243 5239
f 1318 5239 5243
f 1317 5245 5243
f 5247 5243 5245
f 5247 4469 5246
f 1133 5246 4469
f 1318 5246 5240
f 5248 5240 5246
f 5248 4466 5235
f 288 5235 4466
f 5251 4871 5249
f 1238 5249 4871
f 1317 5242 5250
f 5251 5250 5242
f 4879 300 5254
f 5252 5254 300
f 5249 5254 1320
f 5253 1320 5254
f 5253 1319 5257
f 5255 5257 1319
f 5256 5257 1136
f 4481 1136 5257
f 5250 1320 5258
f 5256 5258 1320
f 5245 5258 289
f 4478 289 5258
f 4499 1141 5261
f 5259 5261 1141
f 5212 5261 1311
f 5260 1311 5261
f 4496 291 5264
f 5262 5264 291
f 5259 5264 1322
f 5263 1322 5264
f 5263 1321 5267
f 5265 5267 1321
f 1240 5266 4887
f 5267 4887 5266
f 5260 1322 5268
f 5266 5268 1322
f 5268 4884 5215
f 315 5215 4884
f 1244 5269 4895
f 5271 4895 5269
f 5252 5271 1319
f 5270 1319 5271
f 304 5272 4903
f 5274 4903 5272
f 5274 5273 5269
f 1324 5269 5273
f 1323 5275 5273
f 5277 5273 5275
f 5276 5277 1139
f 4491 1139 5277
f 5270 1324 5278
f 5276 5278 1324
f 5255 5278 290
f 4487 290 5278
f 5279 5281 1140
f 4495 1140 5281
f 5280 1321 5281
f 5262 5281 1321
f 4492 292 5283
f 5275 5283 292
f 5279 5283 1325
f 5282 1325 5283
f 5282 1323 5285
f 5272 5285 1323
f 5284 5285 1246
f 4911 1246 5285
f 5284 5286 1325
f 5280 1325 5286
f 303 5265 4908
f 5286 4908 5265
f 5289 4917 5287
f 1249 5287 4917
f 1283 5071 5288
f 5289 5288 5071
f 5292 4925 5290
f 311 5290 4925
f 1327 5287 5291
f 5292 5291 5287
f 5295 5291 5293
f 1326 5293 5291
f 1143 5294 4505
f 5295 4505 5294
f 5296 5288 5294
f 1327 5294 5288
f 215 5063 4501
f 5296 4501 5063
f 4525 1148 5299
f 5297 5299 1148
f 5042 5299 1277
f 5298 1277 5299
f 5302 4522 5300
f 293 5300 4522
f 5297 5302 1329
f 5301 1329 5302
f 5301 1328 5305
f 5303 5305 1328
f 5304 5305 1251
f 4933 1251 5305
f 5298 1329 5306
f 5304 5306 1329
f 5045 5306 308
f 4930 308 5306
f 5309 4941 5307
f 1255 5307 4941
f 1326 5290 5308
f 5309 5308 5290
f 5312 4949 5310
f 313 5310 4949
f 1331 5307 5311
f 5312 5311 5307
f 5315 5311 5313
f 1330 5313 5311
f 1150 5314 4531
f 5315 4531 5314
f 5316 5308 5314
f 1331 5314 5308
f 295 5293 4527
f 5316 4527 5293
f 5319 4551 5317
f 1155 5317 4551
f 5300 5319 1328
f 5318 1328 5319
f 4548 296 5322
f 5320 5322 296
f 5317 5322 1333
f 5321 1333 5322
f 5321 1332 5325
f 5323 5325 1332
f 5324 5325 1257
f 4957 1257 5325
f 5318 1333 5326
f 5324 5326 1333
f 5303 5326 310
f 4954 310 5326
f 4547 1154 5329
f 5327 5329 1154
f 5320 5329 1332
f 5328 1332 5329
f 4544 297 5332
f 5330 5332 297
f 5327 5332 1335
f 5331 1335 5332
f 5333 5335 1334
f 5331 1334 5335
f 4969 1260 5335
f 5334 5335 1260
f 5334 5336 1335
f 5328 1335 5336
f 5323 5336 312
f 4966 312 5336
f 1151 5337 4535
f 5339 4535 5337
f 5339 5338 5330
f 1334 5330 5338
f 298 5313 4532
f 5341 4532 5313
f 5341 5340 5337
f 1336 5337 5340
f 1330 5310 5340
f 5343 5340 5310
f 5343 4981 5342
f 1263 5342 4981
f 1336 5342 5338
f 5344 5338 5342
f 5344 4978 5333
f 309 5333 4978
