v 0.0933064475839614 -0.440474391521447 -0.0954717212979539
v 0.0736615198227419 -0.444269221984275 -0.0947494572484216
v 0.0545364020869625 -0.448160245601825 -0.0901320217388961
v 0.0364906517369618 -0.451897956611596 -0.0817540399143543
v 0.0201146490668847 -0.455015836650425 -0.0698463167993703
v 0.00605092691577487 -0.457136193803593 -0.0548733317541424
v -0.0049750423004973 -0.458097109766863 -0.0373944048387733
v -0.0123471635497568 -0.45793045864331 -0.0181650535807495
v -0.0156081257134872 -0.456678137669671 0.00195861898820498
v -0.0145875151247511 -0.454613426916089 0.0221805795297588
v -0.00947315629940318 -0.451921758382266 0.0417442162151316
v -0.000559109971861434 -0.448361324302353 0.0597924347489556
v 0.0116657025419066 -0.443910370504493 0.0754910926822939
v 0.0263994297663231 -0.438727705181459 0.0883061334787666
v 0.0429607580501818 -0.433473596214156 0.0980515241030144
v 0.0609062971763193 -0.428850303956035 0.10473634587728
v 0.0798750466735197 -0.425137145972969 0.108241323153214
v 0.0992868282247385 -0.422078032884388 0.107955174636168
v 0.118357407960338 -0.4194980625604 0.103621726627016
v 0.136167567773015 -0.417056788437068 0.0953217173301877
v 0.151844353401971 -0.414885678653135 0.083380934567216
v 0.164646429608374 -0.41308993925363 0.0683899329934205
v 0.17409242964235 -0.41174655221869 0.0511517464278641
v 0.179946155771641 -0.411058294765774 0.0324906566851202
v 0.182347630822282 -0.41133558645676 0.0131399142617166
v 0.181646825142028 -0.412722700248369 -0.00627762962920263
v 0.1779061495622 -0.415474379992868 -0.0252371575286635
v 0.170962978403811 -0.419278205273892 -0.043241036524957
v 0.160617562628229 -0.423569076648215 -0.0596207173327101
v 0.147088116593737 -0.428106923444163 -0.0736028160375365
v 0.130876251961866 -0.432586454160922 -0.0845421922409764
v 0.112683153181598 -0.436675132745148 -0.0920085233147952
v 0.0916950461842625 -0.427540744625772 -0.11089357749359
v 0.0688251085974418 -0.431318163029734 -0.109674865716367
v 0.0466048288765108 -0.43575431736526 -0.104495912278912
v 0.0256172923694067 -0.440290676066674 -0.0952665508506679
v 0.00667403176705728 -0.443901469915476 -0.0818275135699185
v -0.00929401314137092 -0.445990074944936 -0.0645923448355444
v -0.0215130754746927 -0.446521801165461 -0.0443944088602887
v -0.0295233105214024 -0.445825538005042 -0.022228176285435
v -0.033096729584417 -0.444394012362167 0.000980094168844089
v -0.0322166376942144 -0.442631330571559 0.0243961498352315
v -0.0269245347043868 -0.440493396303326 0.0472039182913088
v -0.0172684770261956 -0.437508583262488 0.0684304668153217
v -0.00347089147704978 -0.433057933262807 0.0868486838910344
v 0.0136033155550873 -0.427332322489468 0.101617313653959
v 0.0330142774985099 -0.421067885714371 0.112437871053497
v 0.0540303050164806 -0.415434904478306 0.119606503043958
v 0.076172576255536 -0.411433863924146 0.123666186962937
v 0.0989271443789745 -0.408455311799958 0.123766820840015
v 0.121487142257203 -0.406235096700999 0.119434625949524
v 0.142692730514237 -0.404133825266988 0.110274067435044
v 0.161324052981335 -0.401950665761279 0.0965193648853054
v 0.176371772622412 -0.399773398173441 0.0789329907137279
v 0.187299279437659 -0.397921468197109 0.0586070641860224
v 0.193902768132357 -0.396729692854336 0.0366084012850679
v 0.196400196316186 -0.39665307847753 0.0138720034909336
v 0.195295582338556 -0.398067275436775 -0.00890041590003761
v 0.190894469374066 -0.401225083323047 -0.031133902916466
v 0.182979901980595 -0.405800087275031 -0.0522571988291657
v 0.171084051397199 -0.410927574061905 -0.0714379889632594
v 0.155355185493672 -0.416108797402572 -0.087745197906246
v 0.136146700681987 -0.420583341421462 -0.100119487205
v 0.114507909903558 -0.424234105557342 -0.107887229275008
v 0.0902687257297641 -0.410435893398266 -0.129238306276472
v 0.0640040330881036 -0.414317860112076 -0.127525182780501
v 0.0385180712629337 -0.419043613496985 -0.121488462189651
v 0.0144636150378154 -0.424349924239824 -0.111365059203709
v -0.00720351270728616 -0.428669763399788 -0.0964698885435493
v -0.0251511486129431 -0.43078642688749 -0.076882424767643
v -0.0385554955724372 -0.430980828681141 -0.0538088337977464
v -0.0470833288972521 -0.429759356516443 -0.0284909941543027
v -0.0510986270373577 -0.42827608395115 -0.00203761606525314
v -0.0503207818531651 -0.426624224193908 0.0247171982015094
v -0.045057678670167 -0.425025819916091 0.050944553291027
v -0.034858914089446 -0.422679091309959 0.0756214595087824
v -0.0196100821753258 -0.418481420657952 0.0971128033652919
v -7.78972104563098e-05 -0.412284503398023 0.114103358682413
v 0.022411952631137 -0.40515568803471 0.126296070434107
v 0.046833414999123 -0.398434475239426 0.134063472207683
v 0.07253768186302 -0.393761221554714 0.13848414042317
v 0.0989346097694784 -0.390755198456077 0.138933047689395
v 0.12514140284119 -0.388541927408527 0.134332089435829
v 0.149806397526809 -0.386388081579961 0.124075944262596
v 0.171454695896946 -0.384040423445197 0.108372886099768
v 0.188811982253062 -0.381530554373261 0.0880633982789324
v 0.201399539799562 -0.379380583927745 0.0645622175233661
v 0.209003377661495 -0.377952105743169 0.0390984125601575
v 0.211956452054382 -0.377887848259855 0.0127497911958408
v 0.210713829913106 -0.379604590497411 -0.0136667889127495
v 0.205783863395923 -0.383441691147934 -0.0394848103485517
v 0.196592846614039 -0.38862309808177 -0.0640057074523244
v 0.182679086761824 -0.394235023864395 -0.0861438306915321
v 0.164333689475705 -0.399753472547461 -0.104823853783482
v 0.141742941402434 -0.403972359968146 -0.118414633819839
v 0.116562210963727 -0.407264187415271 -0.126444723685885
v 0.0884525020495821 -0.389884714277288 -0.152310549784414
v 0.0577817904392076 -0.394065446976363 -0.150015853292847
v 0.0280429689256758 -0.399336135580929 -0.142966024541574
v -9.55526623244847e-05 -0.405686050249248 -0.131622276649734
v -0.0254065949225461 -0.410546411803599 -0.11441744098549
v -0.0461931349766139 -0.412839409413061 -0.0916087417279931
v -0.0613487322471004 -0.4124854104583 -0.0645810829666592
v -0.0706538063398857 -0.410613300408303 -0.0350712797129517
v -0.0751578441496162 -0.408938953800593 -0.00435935522681283
v -0.0744084718215975 -0.40724150436763 0.0267190934361292
v -0.0689158027241332 -0.406173417749032 0.0573814813384115
v -0.0576921290419529 -0.404251229648696 0.0864568637124517
v -0.0403968764924036 -0.400342423367719 0.112082845028491
v -0.0175885666254259 -0.393757696352177 0.132268607335829
v 0.00887136443090344 -0.385726523189259 0.146514470878419
v 0.0376149577106534 -0.377950610938502 0.155383771360344
v 0.0677260141529658 -0.372414553200798 0.160269604849266
v 0.0986323330802924 -0.36884071638034 0.160630030078426
v 0.129221586904806 -0.365926204830794 0.154942547178556
v 0.158260743382637 -0.363431761137693 0.143037601691879
v 0.18401560360268 -0.360944252138051 0.124876139742148
v 0.204686635220553 -0.358243588766046 0.101104889569544
v 0.219932001600622 -0.356116058640842 0.0736067891829124
v 0.229310547776766 -0.354833911412938 0.0436940792888228
v 0.233225469722736 -0.355175600977525 0.0127555256362018
v 0.231768494086254 -0.357287757467092 -0.0182836696593063
v 0.225402295565408 -0.361238325047024 -0.0486020495366479
v 0.21401431947447 -0.366666377986535 -0.077332649329386
v 0.197378137735563 -0.37274988359592 -0.103324133391632
v 0.175507691469185 -0.378654930648475 -0.125091912684098
v 0.148903601456382 -0.383381450095957 -0.140862110786898
v 0.119307337631254 -0.38684617271599 -0.149801669103027
v 0.0858918086862496 -0.365734011156287 -0.180078511271921
v 0.0502635281927865 -0.370176065608485 -0.17690445477529
v 0.0156750020798883 -0.376426747617324 -0.168914837133664
v -0.0172208124723749 -0.383496036711966 -0.155685426482139
v -0.046960039363005 -0.389103241466408 -0.135764959696903
v -0.0711474975740352 -0.391419986104908 -0.108924320482758
v -0.0885085073641056 -0.390750040200274 -0.0772732415208314
v -0.0988723735907271 -0.38822930819692 -0.0428460956441797
v -0.103682278720398 -0.385964038579454 -0.00722289714436763
v -0.103102808778172 -0.384393327605158 0.0287788516570385
v -0.097114181315458 -0.383453452431795 0.0644828662871355
v -0.0845611740113629 -0.381604447863273 0.0985197193749817
v -0.0645492206314733 -0.377343244231761 0.128763666677207
v -0.0379753073626866 -0.370405389509937 0.15289459753695
v -0.00686122311852984 -0.361653947714392 0.169838005283865
v 0.0267845651099332 -0.353539728166364 0.180906777234349
v 0.0618973355168746 -0.346809806844265 0.186213275153718
v 0.097739717158095 -0.341697398972249 0.18555722319452
v 0.133187960544885 -0.337692749643474 0.17823458719832
v 0.166764803553567 -0.33422926447856 0.163803275830071
v 0.196729115450547 -0.331106926037011 0.142463432540119
v 0.221581458147391 -0.328596924079268 0.115196034726517
v 0.240151175824814 -0.326779074426386 0.0833684834338737
v 0.252541033977801 -0.326390707190144 0.0487604383228382
v 0.25830867333249 -0.327619630688354 0.0126655011307597
v 0.256306494458062 -0.329975225522 -0.0237543736358584
v 0.247684667128016 -0.333703136283357 -0.0591107435990055
v 0.233090046728919 -0.338961387744185 -0.0924094869747848
v 0.213126774391565 -0.345403584359824 -0.122702603197496
v 0.187308341391731 -0.351921281859045 -0.148129310239199
v 0.156446701816656 -0.357852767022775 -0.16698879883348
v 0.121810903328228 -0.362226349093592 -0.177480873784479
v 0.0815973602233416 -0.331959076375105 -0.213608164736293
v 0.0403515263397179 -0.337231385618166 -0.209574157248896
v 0.000305060673185938 -0.344021800115303 -0.19981860358786
v -0.0378375791975646 -0.351062212196343 -0.183569279388059
v -0.0723401722725038 -0.356719295189524 -0.159971798237933
v -0.100597788238334 -0.359445546054243 -0.128807420384369
v -0.12077404408452 -0.35892540860433 -0.0920052994179983
v -0.132837981136875 -0.356492551417085 -0.0520905478743426
v -0.137986961218317 -0.353676915266028 -0.0109779062960679
v -0.137430491326652 -0.351893543272433 0.0304965785987696
v -0.130667972911718 -0.350571187831444 0.0717226596885772
v -0.115629474254283 -0.347514826121061 0.110948442140309
v -0.092086663180073 -0.34206583192047 0.145764070837246
v -0.0614115825669551 -0.334536951380978 0.174125180921047
v -0.0256254594775998 -0.325955872104453 0.195175270242574
v 0.0131576842718702 -0.31841189364498 0.210354235459106
v 0.0540988683048786 -0.310914314612581 0.21708461047437
v 0.0955157459926592 -0.303679266620734 0.214409421236055
v 0.135587221118645 -0.297253317487181 0.203238834877406
v 0.173194734539689 -0.292152303225143 0.1845833448568
v 0.207577028073044 -0.288401626208447 0.159792511197637
v 0.236942441022749 -0.285841380391431 0.128918508773982
v 0.260115318169193 -0.284610521540169 0.0931144573248982
v 0.277117163348842 -0.285327570581241 0.0538726598074033
v 0.285123803973963 -0.287429017004339 0.0120049408679735
v 0.282510072640179 -0.290075685593406 -0.0304886925869681
v 0.270295407315706 -0.293556669683359 -0.0711929248138127
v 0.251222343865952 -0.298441195846426 -0.108948396677656
v 0.227346574984617 -0.305168391246528 -0.143626597825163
v 0.197484915108314 -0.312508369220729 -0.173124547250941
v 0.162151578036135 -0.319744284864562 -0.195539692014582
v 0.122896994969894 -0.326458901204235 -0.20949474583666
v 0.0762810002526809 -0.294709138298162 -0.242109888462056
v 0.0305054212693562 -0.301200342043969 -0.23779420090259
v -0.0136258552585151 -0.307629179696738 -0.224931667918326
v -0.0550277006097312 -0.313629541218262 -0.204690540666224
v -0.0927316965428518 -0.3188995684377 -0.177876166998565
v -0.124392010578971 -0.322235179934319 -0.143863245914403
v -0.14757707094171 -0.322710463197579 -0.103625357341698
v -0.16264099148315 -0.321745567610556 -0.0599673507381794
v -0.169007522321926 -0.319195893065227 -0.0146071106941796
v -0.167721604498215 -0.316759102725827 0.0312045569409033
v -0.157921672796611 -0.3131710832828 0.0759645570105769
v -0.139977365472978 -0.308523413512756 0.118431081789837
v -0.113935907404296 -0.302301600429185 0.156583743105991
v -0.0805289675115296 -0.294480440311449 0.188410079571087
v -0.0419681052116826 -0.28645232498706 0.213712754704132
v 0.000389325202676456 -0.278982423303209 0.232794196954372
v 0.0459727064241969 -0.271000104737428 0.241535798100842
v 0.092057308778222 -0.262637956219554 0.237690539122098
v 0.135851261952267 -0.254879769493239 0.222751905133465
v 0.175472822586208 -0.248357955706785 0.199122953724794
v 0.212002251773851 -0.243764169594171 0.170463008571593
v 0.244729436173287 -0.241045877877641 0.13711114130151
v 0.272611008864704 -0.240124609560373 0.0994108103757158
v 0.293429621350867 -0.241016546600851 0.0569775641999549
v 0.303447140008856 -0.243289928230267 0.0106366059644813
v 0.300474853791154 -0.246457571185079 -0.0366211203862127
v 0.285472200075792 -0.250314644769574 -0.0812846091531225
v 0.261688835890492 -0.255158869023257 -0.121537515212204
v 0.233712542845464 -0.261734614601022 -0.158390768730601
v 0.201188871904174 -0.269698770275537 -0.190924606317258
v 0.163550493385695 -0.278202576419109 -0.217073324076709
v 0.121541754740234 -0.286931093489822 -0.235135905727209
v 0.0709001381534576 -0.260042528109312 -0.25793444643795
v 0.0229049632798048 -0.267382718276171 -0.253630076618346
v -0.0229016119309889 -0.273703220936435 -0.238142749047798
v -0.0650006391447773 -0.279078723210038 -0.214585784950844
v -0.103689862227994 -0.284029741053268 -0.185627381993569
v -0.136844177104449 -0.28741723069221 -0.15043569112284
v -0.162577719149798 -0.288837625108462 -0.10949606891945
v -0.18096691982981 -0.289027751777941 -0.0648014879251808
v -0.18943879497523 -0.287558018484174 -0.0173271360156301
v -0.187027777291414 -0.284287163894043 0.0307227420628287
v -0.174333749591134 -0.279338730151572 0.0768419380516894
v -0.152912950701661 -0.273341461007006 0.119625780962444
v -0.125029567304483 -0.266539897939826 0.158617134511042
v -0.0910321063098897 -0.258722097199621 0.192439490565915
v -0.0519189042422535 -0.250715639165746 0.220567428098941
v -0.00826811945649853 -0.242672130555758 0.241414781248565
v 0.0391723869617722 -0.234328040173168 0.251926055199665
v 0.0875363666540976 -0.225864138132256 0.248208577196163
v 0.132964595722008 -0.21803070340655 0.231492883463654
v 0.173505470405142 -0.211605436293574 0.205053775007054
v 0.209865138892442 -0.206893279932374 0.173192699532351
v 0.244229378219624 -0.20388486780051 0.139011984696157
v 0.274460578895116 -0.202458250378056 0.10057159032873
v 0.296638082433163 -0.202730272925027 0.0568307660860786
v 0.307856245369026 -0.204725399444179 0.00875574773708097
v 0.305321999852701 -0.208239406811177 -0.0404701018886026
v 0.289446095243209 -0.212863064261509 -0.0868450134401093
v 0.263358557265212 -0.218428181937638 -0.127918652385422
v 0.232190739581684 -0.225169573137414 -0.164719000728161
v 0.198620030578811 -0.233202844592069 -0.19879070723307
v 0.160886081346601 -0.242086638530264 -0.227962315156437
v 0.118018892383374 -0.251382579232305 -0.248969337505967
v 0.0648168809981252 -0.221834603999545 -0.270391064814469
v 0.0150957672547062 -0.229850450571333 -0.265889396167267
v -0.0317251701721133 -0.236474669920024 -0.248469474169797
v -0.073977755736886 -0.241881434749816 -0.222012844728952
v -0.112427497448384 -0.246443758465774 -0.190691742448344
v -0.146986487522647 -0.249968407331666 -0.155043054085873
v -0.175874118430132 -0.25219760052212 -0.114513664396139
v -0.19727530004475 -0.253122916823545 -0.0692899907463354
v -0.207739632960562 -0.251936437643986 -0.0201026583930667
v -0.204915501884722 -0.248408222284978 0.0298761328355005
v -0.189515211059397 -0.242831521292671 0.0771165751869566
v -0.164522218241077 -0.235973824128561 0.119508789589796
v -0.134179292613681 -0.22854114588151 0.158021843967507
v -0.0998758922411433 -0.220642852905807 0.193089367912099
v -0.060755359395907 -0.212257316277434 0.223324826273646
v -0.0165209667693253 -0.203478668423766 0.245771069108741
v 0.0321821124837679 -0.194524186151586 0.256689786576095
v 0.0822268684362844 -0.186041933457167 0.254247439705428
v 0.129434913490023 -0.178643815152874 0.237377548330894
v 0.17113226115172 -0.172698869812729 0.209827429736886
v 0.207856034281706 -0.168244941737118 0.176358095451252
v 0.241772296477914 -0.165026202466835 0.140112112400442
v 0.272195728206863 -0.162992575085141 0.100520062800152
v 0.295074638024978 -0.162531086069706 0.0557689190544825
v 0.306795295773702 -0.164070142997343 0.00652492225991517
v 0.304919273048365 -0.16773817473031 -0.044068049110051
v 0.289432296849394 -0.173139307535781 -0.0919318992330567
v 0.262656599976395 -0.179658387541849 -0.13399904173987
v 0.229816514702389 -0.186924858303249 -0.170864185357257
v 0.195083057726819 -0.194960451714747 -0.205448587349082
v 0.157120082344782 -0.203654142435227 -0.236709401000494
v 0.113437975539464 -0.212844070452436 -0.259900974433002
v 0.0575021251180485 -0.178627119354025 -0.274618440150831
v 0.00759848315821861 -0.187052298891142 -0.270350607382339
v -0.0391074392523865 -0.194449244711437 -0.252268107317138
v -0.0804470036561573 -0.20041873489659 -0.224255514224188
v -0.117561699116498 -0.205054656955617 -0.191254074811276
v -0.15228756334521 -0.208506738684405 -0.155769304366999
v -0.183324383960138 -0.210540249117799 -0.116633424131311
v -0.206653258488703 -0.21114298655544 -0.0720875987141608
v -0.218824529574573 -0.209820538356222 -0.0228680495547933
v -0.215962158767559 -0.20642062490325 0.0276680762862184
v -0.199943000090747 -0.201181674696433 0.075258918138315
v -0.172973423622331 -0.194671102554003 0.117094466777012
v -0.140608186264703 -0.187281450337884 0.154147619508546
v -0.105649293346939 -0.179264757909892 0.188378523977479
v -0.0667182223302038 -0.170387774139083 0.218372657396051
v -0.0231933967174707 -0.160802764214365 0.241297010570169
v 0.0250086694067321 -0.15138640941516 0.252826431748484
v 0.0749865817828317 -0.142794042016277 0.251456299092259
v 0.122667738023821 -0.135939710116498 0.235593359355578
v 0.16517089931797 -0.130640611224081 0.209043175680905
v 0.202783066501948 -0.126473005806343 0.176298301039039
v 0.235845891058498 -0.123375135451251 0.139050438891088
v 0.263680902245852 -0.121422919821069 0.0977547450517008
v 0.284970010313447 -0.120637537935144 0.0525261599282916
v 0.296274051140361 -0.121733400546941 0.00358391854312306
v 0.294937428304796 -0.125231626848362 -0.0466464702047589
v 0.281063594379028 -0.130880371578144 -0.0946140371742928
v 0.256086186958555 -0.137936181620238 -0.137515387992963
v 0.2239439178989 -0.145657834634211 -0.1748132918082
v 0.188338319521679 -0.153625115197955 -0.208733306270572
v 0.149888715721636 -0.161656085446345 -0.239586589310938
v 0.106158298274599 -0.170049012768477 -0.263133237249475
v 0.0501365523370928 -0.137557569359994 -0.27015351216409
v 0.00149692587828317 -0.145991801723434 -0.266430904965398
v -0.0441227705783049 -0.154009109241531 -0.249232389374
v -0.084634848844745 -0.160698179583743 -0.222157650970307
v -0.12053272095763 -0.165698118124503 -0.189518741104833
v -0.153506229161702 -0.16894441437235 -0.153884888117117
v -0.184217914246442 -0.170246694801198 -0.1158722136857
v -0.208589731116067 -0.169988333441659 -0.0729600809349194
v -0.220813296765463 -0.168150345613061 -0.0249423779003788
v -0.219078838505974 -0.164938298634703 0.0246334138067712
v -0.202792080824989 -0.160466806611763 0.0713104295413976
v -0.176779364150261 -0.154843663795521 0.112684736688197
v -0.144797599710747 -0.148049657920818 0.148826678498347
v -0.109442714944961 -0.140176531150267 0.181276961641388
v -0.0708448172096442 -0.131202263989434 0.209361580947833
v -0.0279107529197141 -0.121351834653459 0.23052982836271
v 0.0187926875827921 -0.111584407636733 0.242094255042193
v 0.0672673165957823 -0.103080964755891 0.240763248019444
v 0.113999735927765 -0.0965579626417125 0.226872344755441
v 0.156546937612887 -0.0914993775082684 0.202712191319637
v 0.194659415135923 -0.0872345630534724 0.172193481006373
v 0.226733933550809 -0.0843113277753718 0.135357011062206
v 0.251812252889554 -0.0830763315534728 0.0935173669106373
v 0.269631526610537 -0.0830001256287505 0.048200893732386
v 0.279482542478069 -0.0840954113192301 0.000468249053952769
v 0.278663979550865 -0.0872515602400197 -0.0481719721509727
v 0.266599247953681 -0.0924721569836103 -0.0951139424458921
v 0.244938740968826 -0.099077353069408 -0.138138367154417
v 0.215539847476703 -0.106510641839411 -0.176372813248424
v 0.180035650972005 -0.114477762994921 -0.208994795347007
v 0.141031841367696 -0.122051514502453 -0.237620960621841
v 0.0978299214411406 -0.129574489700308 -0.259800439145369
v 0.043085397683969 -0.100524328249501 -0.256792481646127
v -0.00249567134385899 -0.108641889425085 -0.253097806824234
v -0.0454832188230168 -0.116637283830667 -0.237683133028449
v -0.0843478533922527 -0.123404480428569 -0.21331036857808
v -0.118824994856787 -0.128407605181694 -0.182849655437022
v -0.150211046330976 -0.1314999662267 -0.148932653297835
v -0.178028667211925 -0.13239286358242 -0.11186714259021
v -0.200655066352498 -0.13136516288321 -0.0711811663366635
v -0.21315919019449 -0.128933990202364 -0.0262913098042127
v -0.211643792677997 -0.125867610301071 0.0203020562860968
v -0.197105150124418 -0.122067282224327 0.0645285306909975
v -0.173076712840632 -0.117275844465722 0.104106655207661
v -0.143495389568657 -0.111015038142933 0.139368777265763
v -0.109623809796289 -0.10363448489811 0.170043063903887
v -0.0717288118879202 -0.0953746638392543 0.194996360364225
v -0.0302114057015258 -0.0864030178714204 0.213003796881679
v 0.0138169940870674 -0.0770601184575146 0.223097133236084
v 0.0591519965693399 -0.0689580873963206 0.221820546054843
v 0.103347574754116 -0.0624753534564091 0.210118091715547
v 0.144554475339625 -0.0567857804101032 0.189737671882015
v 0.181285537536668 -0.05236383688411 0.161662622006396
v 0.211668546445233 -0.0497530243962795 0.126698234803191
v 0.233884468565387 -0.0496669221218091 0.0861243407296797
v 0.24834099863427 -0.0510542538692151 0.0424393194055773
v 0.256131314401542 -0.0526349280847267 -0.00261799750208004
v 0.255592501338538 -0.0552439959335431 -0.0482493493526981
v 0.246385863824554 -0.059009900284722 -0.0930138470517951
v 0.228220257923525 -0.0641690057388081 -0.134938440665302
v 0.201447945492437 -0.0708652540339833 -0.172072324215798
v 0.167775698502106 -0.0785222304292114 -0.203094660851754
v 0.129632512638 -0.0860222440378526 -0.228552415612311
v 0.0880275204383643 -0.093055258181975 -0.24804165959887
v 0.0359177982370738 -0.0639932240568946 -0.23789646354581
v -0.00567794286039606 -0.0716357065409783 -0.234332479166399
v -0.0452793208338065 -0.0791058067641538 -0.220886967719469
v -0.0817401272377009 -0.0853090018744822 -0.199867684081625
v -0.114457570105829 -0.0899244347365876 -0.172804437806998
v -0.143277665641175 -0.0927999203857704 -0.14129301254405
v -0.167830895000096 -0.0935882880092997 -0.106208272123707
v -0.187830869350624 -0.0921647757829098 -0.0684562310127229
v -0.198952877898594 -0.0895207797348542 -0.0272814453594397
v -0.198227568054929 -0.0864882486808643 0.0153207166254605
v -0.185210024754557 -0.0833067130070168 0.0559620459601057
v -0.164441503541739 -0.0789848704261963 0.0930966589712585
v -0.137981254549956 -0.0731629045061579 0.126275002083738
v -0.106631051894019 -0.0663556321459264 0.154597563464726
v -0.0708656990724772 -0.0590587736078961 0.176630560124739
v -0.0319012191921279 -0.0513749098482697 0.191643781186739
v 0.00891664557195207 -0.0434238436845522 0.199235692540427
v 0.050418491697342 -0.0360648226219561 0.19807941190073
v 0.0910377374866154 -0.0296120911503665 0.188245383067115
v 0.129444784233662 -0.0232579608116564 0.171306949511637
v 0.163803306190032 -0.0185152158535928 0.146457790830665
v 0.191526622114283 -0.0165102318147034 0.114059687238386
v 0.211130678305625 -0.0172986424483553 0.0762891221512014
v 0.223110092072719 -0.0196485787048265 0.0357626294761731
v 0.228624386716411 -0.0222822006757773 -0.00584163869995427
v 0.228673354270931 -0.0241932255789445 -0.047798948592064
v 0.221889087500968 -0.0262948873525542 -0.0893870373513551
v 0.206841574364558 -0.0297702277331247 -0.128863345880298
v 0.18270952403311 -0.0356722384093879 -0.163483188228183
v 0.151759460942633 -0.0427791488197885 -0.192113745335895
v 0.116051131330911 -0.0500993156881509 -0.214557399552097
v 0.0772003908657848 -0.0568960327141066 -0.230773140306926
v 0.0276424793404822 -0.0229055396711521 -0.213848967881806
v -0.00920625658171876 -0.0297612932333154 -0.210756909989481
v -0.0446858417834466 -0.0362380769721273 -0.199784291875303
v -0.0777710374703393 -0.0415079242530345 -0.182339334275152
v -0.107385975817692 -0.0455563217898921 -0.158971603501659
v -0.13277739794691 -0.048162855007924 -0.130813006693674
v -0.153553143861834 -0.0490057997133515 -0.0989927226643846
v -0.170158765443721 -0.0476646838465262 -0.0649426861063652
v -0.179475339547471 -0.045097628149316 -0.0284310218311047
v -0.17920316917919 -0.0421750712952245 0.00919291355496608
v -0.16882389797779 -0.0392140286663529 0.045445952495594
v -0.151287121215276 -0.0353320552450311 0.07883578561706
v -0.128658350410195 -0.0299696679408571 0.108929630909789
v -0.100864044750205 -0.0239475217161756 0.1341762658059
v -0.0686697391502148 -0.0177124323887473 0.153193500185224
v -0.0335403927024488 -0.0113710729877589 0.16549151975426
v 0.0030749935161778 -0.00492206514293786 0.170942646288092
v 0.0400095412704216 0.00121316750874577 0.169391454113721
v 0.0760744873288391 0.0075251973118388 0.16146447543353
v 0.110289024910386 0.0136400289392229 0.147184986740805
v 0.140894719350329 0.0181961628319765 0.125722314462327
v 0.165653703721204 0.0200886071667168 0.0973654351564931
v 0.182648670718908 0.0187803145998049 0.0637424351484338
v 0.192314965522823 0.0156782983613339 0.0275135340912932
v 0.196574668141394 0.0128192263500013 -0.00956441725892912
v 0.196599992997814 0.0111468701394188 -0.0469159457002418
v 0.191438802088311 0.0101466727832522 -0.0840187671198646
v 0.179227561467979 0.00816826143082748 -0.119545482182987
v 0.158623133548029 0.00363354642566969 -0.150860991944548
v 0.131154143320656 -0.00276906061980009 -0.176161652245873
v 0.0991460132096122 -0.00974708644998778 -0.195216822147706
v 0.0642884291138236 -0.016395313197967 -0.20817664252811
v 0.0206882987440077 0.0107524553652039 -0.193283516631057
v -0.0121345379207827 0.00466108152881546 -0.190701282632257
v -0.043971181321475 -0.000891117781941167 -0.181662210136195
v -0.0739098460015284 -0.00528409778015906 -0.166963164855982
v -0.100500545080953 -0.00879976002320936 -0.146493065236736
v -0.122921978912161 -0.0111842521638598 -0.121339914186996
v -0.14081242214294 -0.0120941559714717 -0.0927232558368821
v -0.154721207550347 -0.0109847240495174 -0.0620588190548443
v -0.162508676419103 -0.00866360654774697 -0.029481200368296
v -0.162263218601841 -0.00597815011154932 0.00396455789049594
v -0.153822036068813 -0.00313470493740663 0.0363576801879511
v -0.139074684222827 0.000548220164718359 0.0663849957132375
v -0.119441511134588 0.005473973795129 0.0934202089553901
v -0.0949496175623776 0.0109469330009968 0.11604762184502
v -0.0661234220918694 0.0163167194563734 0.132736810963366
v -0.0345168234213391 0.0215210426144739 0.143014303473452
v -0.00170246631946628 0.0268391801933754 0.147162417838611
v 0.0312177686253534 0.0322661243801444 0.145606860927835
v 0.0633258074760521 0.0377528980730425 0.138490981352295
v 0.0938230460546279 0.0435725011847416 0.126236825828149
v 0.121291457032832 0.0481053330520355 0.107678136845921
v 0.14318030190154 0.0495854011385149 0.0824051971818591
v 0.1579708429192 0.0479160115201827 0.052429728737801
v 0.166335742392989 0.0447694689302462 0.0202620954041308
v 0.169982858612651 0.0420350535915334 -0.0127221852253305
v 0.169862770541386 0.0404641353720625 -0.0459519739239914
v 0.16573980687577 0.0401226701909002 -0.0790072064312646
v 0.155246434903682 0.0388400992551628 -0.110732342778323
v 0.137461118417287 0.0353741980410481 -0.138969835472469
v 0.113080293158505 0.029610022605903 -0.161406078436929
v 0.0844233572009521 0.0229345488660971 -0.177696425977393
v 0.0533075900649033 0.0167911933079693 -0.18865889851231
v 0.0142896487776015 0.0407108156086403 -0.172981209373046
v -0.0145031912908863 0.0354974759334085 -0.170956693241391
v -0.0425531256800852 0.0308766628420418 -0.163498229374522
v -0.0689887523725544 0.0272547582036138 -0.15101316162278
v -0.0924328149923032 0.0242890934478705 -0.133312293970733
v -0.111992058277722 0.0221732547239794 -0.111251557844644
v -0.127375000518475 0.0212662096515387 -0.0860535227182185
v -0.138938793949285 0.0220669876208799 -0.058954220389066
v -0.145623714073179 0.0240816020398895 -0.0303760931414728
v -0.145341166320914 0.0264617036109577 -0.00108270045930628
v -0.138009480051208 0.0290368029196078 0.0272596164360011
v -0.125700961400777 0.0325316948616008 0.0537459795385312
v -0.109042499596947 0.0371005827950184 0.0776534219573282
v -0.0876486527902411 0.0418597078425536 0.0974032187836105
v -0.0624749601688987 0.0464970054286355 0.111991549474356
v -0.0346224722013818 0.0506673933315809 0.120553043770898
v -0.00581469197947803 0.055160906584383 0.123999982696305
v 0.0230778793094777 0.0597628756075319 0.122448997700002
v 0.0512556293781152 0.0647969958550124 0.116454967863573
v 0.0780243222036224 0.0700319972399364 0.105857392454713
v 0.101980978288892 0.0739683933014266 0.0896054993008057
v 0.120879197160524 0.0749237081578275 0.0673859166412709
v 0.134058300001614 0.0735680534956464 0.0413782545994815
v 0.141320685669956 0.0705977020248134 0.013234894384875
v 0.144489697758096 0.0680961346892651 -0.0156751731058293
v 0.145019613267408 0.0673577198731997 -0.0448647818264932
v 0.141391513610976 0.0671259274924955 -0.073906861364079
v 0.131995891845778 0.06591078245133 -0.101630794164785
v 0.116369168807844 0.0628507976088636 -0.126212927683265
v 0.0951593324144149 0.0578168624698298 -0.145802143042474
v 0.0700817500810488 0.0517236666946255 -0.159757561990568
v 0.0428389945161766 0.0460119076412331 -0.168921406841777
v 0.0077721245206048 0.0708993700994696 -0.152670507664433
v -0.0168523500663258 0.0665577324051447 -0.15111282748279
v -0.0408538127431397 0.0627496185538249 -0.144886986985547
v -0.0634349697702209 0.0597228296647333 -0.134285238551772
v -0.083510135322264 0.0572797281739548 -0.119292834027626
v -0.100199767767431 0.0554998895279462 -0.100494699766419
v -0.113376537020556 0.0547552711826094 -0.0790372823787685
v -0.123071917784119 0.055343768227769 -0.0558181513484778
v -0.128459823806327 0.0569864632117186 -0.031329723492462
v -0.128135514398613 0.0590217738990124 -0.00633743982313663
v -0.122045384899776 0.0613089552647689 0.0178897793018217
v -0.111612460786671 0.0643820278535995 0.040501486793069
v -0.097727596576734 0.0684890710203244 0.0610216500903038
v -0.0797851559605757 0.0727271102402537 0.0780856577452017
v -0.0582419713314698 0.0765417603066435 0.0903988718986976
v -0.0345132548842307 0.0800362240922161 0.097726563794979
v -0.0098592228305901 0.083639271828752 0.100467698733249
v 0.0148503383367549 0.0875389016103586 0.0991358428110096
v 0.0389497309501345 0.0919791935341318 0.0941491592685372
v 0.0617694663377087 0.0962929274890293 0.0849776335909444
v 0.0821374292925392 0.0994764763196433 0.071000867351657
v 0.0984367036596319 0.100419472600976 0.0522227918483442
v 0.109748745223026 0.0992522601806477 0.0300437232291489
v 0.116223137719427 0.0968866679174493 0.00605308760127342
v 0.11925406046117 0.0950017364285862 -0.0186579130265488
v 0.119540373450674 0.0941928026069204 -0.0436351021967216
v 0.116240626332622 0.0938037766509552 -0.0684015299962559
v 0.108200144167411 0.0927479917152108 -0.09202829938012
v 0.0948063068832645 0.0900565952987992 -0.112894717990113
v 0.0767192854598032 0.0856876926044547 -0.129515361225425
v 0.0553648866421379 0.0804455662853681 -0.141385314264092
v 0.0321315743603875 0.0753529647251348 -0.149035421509489
v 0.00106164608366515 0.102653493657738 -0.134005768584019
v -0.0195561388475528 0.0990473274896823 -0.132759540238673
v -0.0395684886299998 0.0958226906250831 -0.127381020887071
v -0.0583215875308019 0.0932179449137514 -0.118332875102204
v -0.0750959487046862 0.0912263213845725 -0.105831484590424
v -0.0890703762485606 0.0898064298318521 -0.0901887895436165
v -0.100237858509114 0.0892810920352877 -0.0723854471535209
v -0.108475469429474 0.089809639450124 -0.0530525716279946
v -0.113033815863966 0.0911789410410552 -0.0325671186475984
v -0.112677813461948 0.0928935989057236 -0.0116259464402
v -0.107511802342638 0.0948756180746688 0.00862188377007582
v -0.0985723339814476 0.0973888776664642 0.0274187896945488
v -0.0870673664291779 0.100859122638473 0.0445809011223454
v -0.0723410864410406 0.104545494228372 0.0590180277464391
v -0.0545388564433847 0.107863917149487 0.0695490119380598
v -0.034781097564865 0.110862024257797 0.0758580424249461
v -0.0141677472973429 0.113836812254595 0.0781977366433375
v 0.00651305060604229 0.117018864347272 0.0770279362382012
v 0.0266587768771956 0.120418335353882 0.0725305088755137
v 0.0457338921070765 0.123902610847087 0.064779757693171
v 0.0627916227297003 0.126477257032391 0.0530840030196276
v 0.0765592061474882 0.127352204698415 0.0375022713034494
v 0.0861573289415063 0.126468678976664 0.0190299240915082
v 0.0918421939545016 0.124708047830401 -0.000978352324149354
v 0.0945905815445735 0.123269752893831 -0.0216197680085465
v 0.0946165399017883 0.122333753575098 -0.042475905865994
v 0.0916884297151696 0.12178411230118 -0.0631191881077187
v 0.0849009253155804 0.120782082434526 -0.0827951707612454
v 0.0736468276986474 0.118421860738073 -0.100139936587612
v 0.058527892145022 0.114710506251985 -0.113977503738854
v 0.0407563465045276 0.110333277526236 -0.123983997723453
v 0.0214272583919829 0.106317666018515 -0.130802505338076
v -0.00574963964224684 0.135674117951927 -0.116768801661948
v -0.0225633620384719 0.132775553760721 -0.115875502425376
v -0.0387694892546997 0.130070536182878 -0.111171882828523
v -0.0538615153055979 0.127856354989214 -0.103483644714521
v -0.0674375473261141 0.126252261097337 -0.0932258056071018
v -0.0789237848893766 0.125200804377084 -0.0806144321155035
v -0.0882091107220426 0.124867349860899 -0.0662782173432473
v -0.0951933464097407 0.125383450614104 -0.0506842811875212
v -0.0991396480890569 0.126551458704687 -0.0340700554096137
v -0.0988911028154145 0.127997847176168 -0.017010676308144
v -0.0943838812961978 0.129587903752894 -0.000589843703590968
v -0.0871047741359203 0.131722178390888 0.0147060610085251
v -0.0775831377671658 0.13448955043879 0.0286129028629135
v -0.0657095050516018 0.137555311886594 0.0404946887456688
v -0.0514105486880793 0.140408180016587 0.0493596690493878
v -0.0354591595101792 0.142994782392554 0.0548197186654464
v -0.0187282939091604 0.145491873521566 0.0569896551342174
v -0.00188271694715782 0.14795406721016 0.0559400431187136
v 0.014477195542493 0.150364999519008 0.051910227179036
v 0.029997529251325 0.153005764263275 0.0454811484655342
v 0.0439924090229617 0.15512192034912 0.0360785188308823
v 0.0553750492086292 0.155914962008194 0.0234897094487184
v 0.0632458725570107 0.15516481478915 0.0084422177496866
v 0.0680285256198709 0.153793356650628 -0.00779399739153552
v 0.070546007817224 0.152789281347978 -0.024540222450465
v 0.0706789936775519 0.152085603536479 -0.0414975093818118
v 0.0680716803816002 0.15133496429064 -0.058241136125718
v 0.0623583784413675 0.150245967763801 -0.0741737226309993
v 0.0530777057721699 0.148128196651844 -0.0882055285806049
v 0.0407754450920289 0.145045319274944 -0.0994817308307669
v 0.0264322817604261 0.141676635047764 -0.107935858515617
v 0.0108046620253372 0.138600164505101 -0.11390800511736
v -0.0109679300944035 0.161342146690005 -0.104133346049963
v -0.0249015962202237 0.15898293873462 -0.103423890576332
v -0.0382263518122448 0.156708440747453 -0.0992185767498939
v -0.0504875398394969 0.154800485094242 -0.0924146457548412
v -0.061646638747018 0.153499701184877 -0.0838158542477641
v -0.0713018888197471 0.152714533586837 -0.0734874164218657
v -0.0796021425967962 0.152639511300662 -0.0620048709595153
v -0.0857488375238588 0.153135867725374 -0.0492113782467599
v -0.0891052797779671 0.15410897938563 -0.0354309218950566
v -0.088889297524558 0.155341494307311 -0.0212748092725457
v -0.0851690552156738 0.156744207895669 -0.00762059469246985
v -0.0787354928565144 0.158439278112119 0.0049286502006259
v -0.070556803771633 0.160645591934339 0.0163016482128214
v -0.06080956313721 0.163233420695235 0.026261437641822
v -0.0491413463669279 0.165728081203137 0.0338862363283532
v -0.0360769143475293 0.168046014944801 0.0387919419573835
v -0.0222950274044429 0.170279890469215 0.0410452488549087
v -0.00829304939478011 0.172273168405935 0.040242398931184
v 0.00527834934534802 0.174062070136862 0.0366520183963342
v 0.0181287990790826 0.176000207246192 0.0311038379569959
v 0.0297250719479614 0.177598251853625 0.0232218699105572
v 0.0390525162362985 0.178057504228789 0.012696795818716
v 0.0457764776763538 0.177582429540635 0.000358966577208794
v 0.050310292983327 0.176884601843515 -0.0129306076752572
v 0.0525211778193575 0.176027570683825 -0.026800725980841
v 0.0524463441850899 0.175201758039562 -0.040854198732933
v 0.0500829513899554 0.174335918091318 -0.0546875109634702
v 0.0451634254604777 0.173191665977395 -0.067798535087619
v 0.0374165148933947 0.171314197272286 -0.0793743406609205
v 0.0273053912215989 0.168798875599841 -0.0888280326609862
v 0.0155342475746758 0.166082708861348 -0.0960649698373542
v 0.00270438958919163 0.16365742061995 -0.101402561454848
v -0.015678132881608 0.185757500637247 -0.0945105875773033
v -0.0272667738808332 0.183794539746693 -0.0938222795932463
v -0.0382474805988525 0.181904383940595 -0.0899292859552379
v -0.0483428946526417 0.180401572776019 -0.0840319223869797
v -0.0576086661414806 0.179362636464707 -0.0767630398755265
v -0.0659212464077071 0.17880624350634 -0.0683360218586172
v -0.0731591138936072 0.178782762106119 -0.0589489681729335
v -0.0787794023268753 0.179252716760256 -0.0484920683191905
v -0.0817538298040338 0.180069564949531 -0.0370103439618655
v -0.0816556959322257 0.181146101587663 -0.0251896867776941
v -0.0782166090618622 0.182316090032871 -0.0139188544107987
v -0.0724801910615846 0.18371426049444 -0.00363189140856064
v -0.0655797041798548 0.18555517974239 0.00580486532811698
v -0.0574514229616564 0.187697672978386 0.0141672737692621
v -0.0478690540184468 0.189849484224411 0.0207819603347263
v -0.0371578279697871 0.191932663807707 0.0253082338505923
v -0.0257903564475277 0.193973683303727 0.0277639877729247
v -0.0141099663602018 0.195682415776654 0.0273395391957071
v -0.00281868570696836 0.197011795019291 0.0241443564349572
v 0.00779165932030014 0.198299416650959 0.0191677894740488
v 0.0174208927782788 0.199464305168147 0.012487798209024
v 0.0253612820008189 0.199907473404407 0.00380893834598945
v 0.0312786843637855 0.199689147422601 -0.00635454029780079
v 0.0353782719212413 0.199231755228861 -0.0173521018770977
v 0.0375118061889599 0.198582907603389 -0.0288836536318829
v 0.0373265932571857 0.197700812424912 -0.0405965011244432
v 0.0350061329581017 0.196661907560071 -0.0520439964253662
v 0.0305725157102491 0.195379000238198 -0.0628159918280508
v 0.0240167581334434 0.193677900202022 -0.0723997363038299
v 0.0157105590612711 0.19162845257861 -0.0804486395174325
v 0.0060594041510469 0.189463868735649 -0.0867679789649362
v -0.00440072414015348 0.187595134992351 -0.0917716407725674
v -0.0193986902500738 0.206407317265708 -0.089312186601246
v -0.0295525670177607 0.204685322102692 -0.088533059141113
v -0.039166941719721 0.203135642223053 -0.0850398953608686
v -0.0478393090560081 0.201903074625365 -0.0794968410127641
v -0.05583930967647 0.201037031150094 -0.0729496547102007
v -0.0630437350705251 0.200589555580474 -0.065482004849763
v -0.0697206186874538 0.200577463785291 -0.0575509755200892
v -0.0750571857396204 0.200964458377272 -0.0486581805472705
v -0.0779664426281408 0.201684381692033 -0.0387185722118672
v -0.0781357119683697 0.202674533085107 -0.0283701844787877
v -0.0750702578897831 0.203800746175163 -0.0184791769441284
v -0.0697822410887073 0.205079693075929 -0.00959858666781034
v -0.0632137027507578 0.206600312957863 -0.00166919770626283
v -0.0560687695711659 0.2084403336151 0.0056649754371371
v -0.0479028867156905 0.21038820273341 0.0117683402007662
v -0.0387580304772773 0.212343263965759 0.0162483070170586
v -0.0289279997601415 0.214238958977897 0.0189412481172969
v -0.0186911065485397 0.215816316071147 0.0189044654219005
v -0.00879094113425759 0.216944058173488 0.0160468160972124
v 0.000426648358905674 0.217885484065336 0.0114224136285183
v 0.00875855433154287 0.218670406017051 0.00533098984052961
v 0.0157936471876858 0.219037380162841 -0.00225063765252695
v 0.0213315354475496 0.219006903264762 -0.0109849461283314
v 0.0252848014609886 0.218724944342773 -0.0205143048819505
v 0.0274402880641013 0.218202646233592 -0.030600987007297
v 0.0272506442512289 0.217310819584249 -0.0408656751868784
v 0.0247591311666981 0.216092839050694 -0.0507678879938641
v 0.0204987208588133 0.214674601407118 -0.0600121543230326
v 0.014642965577925 0.213072403623349 -0.0683273200239991
v 0.00748358883690925 0.211305146038602 -0.0755304981762767
v -0.000587179310809877 0.209622970731719 -0.0817278970747736
v -0.00954667073265127 0.208046090728417 -0.086647218869353
v -0.0238201384648723 0.234008024192387 -0.0865463753193918
v -0.0330187071504701 0.2325440727207 -0.0862558800373798
v -0.0416099470420888 0.231260152135743 -0.082930670700088
v -0.0492614917625834 0.230282276435963 -0.0777401429326448
v -0.0561866814875112 0.229604244414823 -0.0716141180443947
v -0.0628770438127183 0.229266530119371 -0.0652301281495196
v -0.0690603800556697 0.229248064984067 -0.0582935073344126
v -0.0741907598071428 0.229569191209408 -0.0504947415267369
v -0.077236764183838 0.230214715554807 -0.0416682887812721
v -0.0772925578428853 0.231122266658986 -0.0323592757134408
v -0.0746465581113539 0.232234939085712 -0.0234631328617529
v -0.0698267055609968 0.233468910265392 -0.015552984990908
v -0.0639572600504784 0.234881549340623 -0.00846298723136007
v -0.0573641089196667 0.236484512720051 -0.00206863187923638
v -0.0501744732266384 0.238252873130611 0.00359236712673783
v -0.0422044238704463 0.240063660871043 0.00809937143530104
v -0.0334988273837479 0.241814936892656 0.0110046447820634
v -0.024292294711085 0.243325603018244 0.0115100230376537
v -0.0153113003271504 0.244383678372932 0.0091736257837912
v -0.00708893879393685 0.245098652764507 0.00482264171166783
v 0.000280743904991211 0.245607544470315 -0.000864494103833248
v 0.00656204749753565 0.245839906756673 -0.00773631677568165
v 0.0117431713807397 0.245848742315559 -0.0154618178246653
v 0.0158431427145228 0.245720275221595 -0.0238020293082929
v 0.0181756714870107 0.245256572128894 -0.0327820557057397
v 0.0180329826970969 0.244346037506355 -0.0420213150534314
v 0.0156278630837777 0.243079063188984 -0.0508959224495832
v 0.0114426602038197 0.241587884816813 -0.0590446701415751
v 0.00609510538273085 0.24003478726862 -0.0664731038666115
v -0.000161613873267 0.238461887611445 -0.0731574074648255
v -0.00717113439769186 0.236958774732643 -0.0790545852799868
v -0.0150123509139632 0.2355113848122 -0.0838821305316753
v -0.0273289660234895 0.257930075177556 -0.0848570993819504
v -0.0357455834604023 0.256647384040375 -0.0848914079932212
v -0.0437357779660556 0.25558281261614 -0.0821651000964451
v -0.0507902074143497 0.254820703768441 -0.0774523024002684
v -0.0571302634344571 0.25433291468463 -0.0718093281254482
v -0.0630862025899098 0.254083353037346 -0.0657549108376271
v -0.0687636512260719 0.254065716651096 -0.0594182023894022
v -0.0735934578482025 0.254330971867911 -0.052384254928868
v -0.0766439108485121 0.25491520175711 -0.044414761548307
v -0.0773053198347609 0.255783792470588 -0.0359061286932317
v -0.0752238643320328 0.256883175701854 -0.0276236783314778
v -0.0708328327045717 0.25812414622342 -0.0203111302981594
v -0.065193625509953 0.259469382879507 -0.0139638208143113
v -0.0589809404057126 0.260940231170631 -0.00824974823392757
v -0.0523915928360001 0.262524413964871 -0.00304402935392437
v -0.0453043216433799 0.264168200936536 0.0014558726711633
v -0.0374702097326615 0.265767547113643 0.00448376338586524
v -0.0290920772384388 0.267197838384761 0.00540729426970804
v -0.0207716271747077 0.268242411353137 0.00361954504863766
v -0.0132094577825932 0.26885684525919 -0.00044130601703665
v -0.0065160864747586 0.269199184342501 -0.00585006273041285
v -0.000664412055572785 0.269344669436156 -0.01216748513051
v 0.00421763066760915 0.269305769639939 -0.0192333835197839
v 0.00821266789583004 0.269155891304439 -0.0268043997023723
v 0.0108778772154291 0.268760876196637 -0.0349080361756306
v 0.0110201094889178 0.26788367426835 -0.0433833882923225
v 0.00855100941792108 0.266583345761666 -0.0514444356019277
v 0.00442943719062859 0.265102669171996 -0.0587708667627792
v -0.000482431478800897 0.26361361710536 -0.065601094355143
v -0.00611999072342876 0.262138265539781 -0.0718606406665571
v -0.012309955235595 0.260727742911135 -0.0775700849317781
v -0.0193139915071288 0.259334317730291 -0.0822902650343374
v -0.02989776872452 0.278119077995375 -0.085381930171376
v -0.0378831819430877 0.27630421363161 -0.0855480942476103
v -0.0455572471719459 0.274811546875168 -0.0830771699338843
v -0.0523890822633477 0.273682732190265 -0.0786649310499902
v -0.05851464771314 0.272859536797082 -0.073275270136473
v -0.0641716056227692 0.272308202868516 -0.0673514086688913
v -0.069426005309615 0.272031960161434 -0.0610595046351497
v -0.0740604979818893 0.272063626096934 -0.0542812661375161
v -0.0771152675823876 0.272532055348563 -0.0466770099446182
v -0.0778646635236974 0.273438187584242 -0.038561423055498
v -0.0759962041757036 0.274740249930736 -0.0306836894673354
v -0.0719809721227095 0.276327076912379 -0.0236893786848365
v -0.0667320222315594 0.278098554783295 -0.0176042913683047
v -0.0610010926143321 0.280016795603605 -0.0120452473499528
v -0.0549985827276315 0.282060130378196 -0.00680797062296506
v -0.0484616254685908 0.284177197163002 -0.00225817807579448
v -0.0411205648152532 0.286294902838641 0.000833674722020809
v -0.0331599281065465 0.288241772671523 0.00160673976598736
v -0.0253060055990679 0.289789332672473 -0.000317295327517003
v -0.0182051611175412 0.29086437312989 -0.004379390910571
v -0.011890947672622 0.291589740427641 -0.00965190226920077
v -0.00621725989857184 0.292090693705048 -0.015639067691661
v -0.00124456549224025 0.292376098360591 -0.0222189859427425
v 0.00291774899130767 0.292420908046677 -0.0293403256450807
v 0.00567928507786144 0.292049674031566 -0.03708590812471
v 0.00613810144083936 0.291108522875957 -0.0452257481084361
v 0.00397959412744455 0.289642764629465 -0.0530155352205041
v -9.35046171947208e-05 0.287860379725883 -0.0599442949759901
v -0.00505931835965564 0.285957079883157 -0.0662243150757094
v -0.0104225533480003 0.284020445957853 -0.0721506932040656
v -0.0160946486776547 0.282082953924395 -0.0777540374747715
v -0.022467162999677 0.28010322966124 -0.0825456415575731
v -0.0333983509552303 0.303687187048317 -0.0884570687401163
v -0.0412633394436331 0.301327646336246 -0.0889725616752535
v -0.0489603922025887 0.299386729511783 -0.0867804655232697
v -0.0559020666672613 0.29790255739988 -0.0826087174199352
v -0.0621286354998943 0.296771619674654 -0.0773786622611558
v -0.0677721179267678 0.2959679697768 -0.0714655841904328
v -0.0727683225152181 0.295535437851517 -0.0649680143592277
v -0.0771768837633131 0.2954253528021 -0.058044779698778
v -0.0802861286074118 0.295816648542586 -0.0504512797721699
v -0.081122858837783 0.296807962577646 -0.0423543767722215
v -0.0794640830218105 0.298356571445238 -0.0344792943959051
v -0.0757998618248196 0.300306633973222 -0.0274086881523717
v -0.0709744412483152 0.302510469721008 -0.021164456831915
v -0.0656735656215253 0.304876083291349 -0.0153922980170737
v -0.0600180062717516 0.307344054616824 -0.00999563405341144
v -0.0537656251251545 0.30991944405263 -0.00529501277916521
v -0.0465718489438173 0.312535561633545 -0.00221973709059416
v -0.0387123350497263 0.314981089055061 -0.00164558920059617
v -0.0309907078272373 0.316980795774586 -0.00378769117356268
v -0.0239956106710047 0.318444412003105 -0.00793997101622386
v -0.0176297769832011 0.319539993528971 -0.0130733789788306
v -0.0117644360423175 0.320396661571227 -0.0188141962875678
v -0.00658214979803279 0.320952729825401 -0.0252137567848806
v -0.00232230306073584 0.321139903787078 -0.0322843530575014
v 0.000557289072563178 0.320797790854198 -0.0400183227894249
v 0.00134090897910397 0.319779339503291 -0.0481687846140994
v -0.000408028989916882 0.318099006913285 -0.0560516914734279
v -0.00425678030488538 0.315969766287875 -0.0630296489426123
v -0.00921706104612087 0.313629408810063 -0.0691660939163799
v -0.0145975875145012 0.311213712064973 -0.0748741092582229
v -0.0201485375514841 0.308772081231534 -0.0803849285090203
v -0.026246848192019 0.30624338637903 -0.0852916080759882
v -0.0393396490386222 0.330696045749615 -0.0923783804404067
v -0.0469279474762492 0.327602903448722 -0.0931098770795672
v -0.0544886040735276 0.32500081629268 -0.0911431918134257
v -0.0614192190073139 0.322948815473319 -0.0871898112348416
v -0.0676973596186375 0.321313732252395 -0.0821338390056385
v -0.0733666538123784 0.32008614605493 -0.0762894050155031
v -0.0782235642657081 0.319386053230891 -0.0696788292952336
v -0.0822953594618185 0.319162088439077 -0.0625431872493868
v -0.0852976817139634 0.319488502884386 -0.0549064022779434
v -0.0862356907393072 0.320578218117829 -0.046839954506207
v -0.0849242555955268 0.322398425638508 -0.0389673020526128
v -0.0817923762597159 0.324768154267727 -0.0317798292824031
v -0.0775803486717569 0.327488256255141 -0.0252980416552137
v -0.0727455471554687 0.330424028002469 -0.0193514889965846
v -0.067438637257058 0.333510078004749 -0.0138963781053426
v -0.0614341817096549 0.336747044917006 -0.00927974918121325
v -0.0544782226290508 0.340066624809992 -0.00635801865331154
v -0.0468601094803755 0.343202008163638 -0.00602168984226851
v -0.039372557499633 0.345812731570761 -0.00833470676384105
v -0.0324897523040105 0.347830462190238 -0.0124430281813945
v -0.0260708057298903 0.349478721430127 -0.0173552457269905
v -0.0200977207113604 0.350841798965128 -0.0228826599886523
v -0.0149077157221644 0.351749765648623 -0.0292337935087055
v -0.0107413691703667 0.352119521467698 -0.0363487496940639
v -0.00796733150816028 0.351797696933477 -0.04412164367842
v -0.00692544984874867 0.350716139693206 -0.0522388963063244
v -0.00812450271554839 0.348802667252557 -0.0601708484848553
v -0.0114005576060094 0.346242264771647 -0.0672914561702656
v -0.0159939731849505 0.343327020036812 -0.0734696351551129
v -0.0212223040570373 0.340282650673523 -0.0790307166198792
v -0.0266600443967774 0.337185983912523 -0.0843255315345639
v -0.0325257854637035 0.333977046489716 -0.0891234314216759
v -0.0491703555228959 0.357135741404402 -0.0974336398702343
v -0.0563020886070699 0.353102697786941 -0.09817521328863
v -0.0635204740856975 0.349636527362091 -0.0962429990755784
v -0.0702321610150889 0.346834967727499 -0.0923457470611601
v -0.0764053731176784 0.34448673814912 -0.0874175173090438
v -0.0820220398514662 0.342626350402533 -0.0816658948878454
v -0.0867982637605948 0.34147167780976 -0.0750360780669919
v -0.0905775009484953 0.341084704182112 -0.0677223159771898
v -0.0933280399971186 0.341386306350806 -0.0599719821459426
v -0.0944220699557322 0.342582172301389 -0.0519166932539625
v -0.0935932436919427 0.344694531262919 -0.044033040223658
v -0.0911528245010272 0.347525138794112 -0.036730855754472
v -0.0876306967024744 0.350854588804152 -0.0300963531279522
v -0.0833173606497287 0.354525659856336 -0.024122077963137
v -0.0783970303031064 0.358435003662756 -0.0187982341941322
v -0.0727979887210861 0.36254033476623 -0.0143390724776177
v -0.066255395707986 0.366783120436434 -0.0116510902665298
v -0.059061020346818 0.370813829876136 -0.0116209901155901
v -0.0519677045976421 0.374231769742195 -0.0141145738909942
v -0.0453323604274876 0.377021394436455 -0.0181613754092225
v -0.0390230800639214 0.379440166346892 -0.0228802539656309
v -0.0331258230848474 0.38147561807994 -0.0282758444730759
v -0.0280760392431486 0.382828446570514 -0.034654629588476
v -0.0242001435783919 0.383336342032491 -0.0419128543404069
v -0.0216449121989964 0.382992417019052 -0.0497349801256799
v -0.0204152367702742 0.381829919230138 -0.05779020583373
v -0.0210033837789663 0.379709331856147 -0.0657160605743637
v -0.0234508244296077 0.376729991360399 -0.0729825613412762
v -0.0273510692352588 0.37319037676052 -0.0792982940977562
v -0.0321621111152259 0.369363320007802 -0.084751092303595
v -0.0373256906230961 0.365416779742618 -0.0897419746349856
v -0.0428272054200864 0.361336135568776 -0.0942909959098025
v -0.0650082231960568 0.386847272145519 -0.104676269618799
v -0.0716062716824571 0.382046753010376 -0.105397407909099
v -0.0784373560609344 0.377847616993814 -0.103502121894284
v -0.0848793989803401 0.374435795938894 -0.0995720326470089
v -0.0908559566517335 0.371523082421174 -0.0946390072261216
v -0.0963946181743415 0.36906138119403 -0.0889957129612525
v -0.10117162245689 0.367405069171261 -0.0824444925277912
v -0.104902185727626 0.366765686167618 -0.0750909539975744
v -0.107507702059211 0.367094621686512 -0.0672538311447283
v -0.108730651186185 0.368396668876065 -0.0592048786606078
v -0.108332772416664 0.370748580668915 -0.0513205669065261
v -0.106534527364393 0.373931191775944 -0.0439296843356581
v -0.103625901963906 0.377751424446882 -0.0371960522508337
v -0.0998266858346517 0.382040200476296 -0.0312005513563876
v -0.0954010046696683 0.386613714736471 -0.0258720023785087
v -0.0902675693633753 0.391438940917399 -0.0214780530875448
v -0.0841416047707472 0.396446009736258 -0.0191020394448085
v -0.0774270884049478 0.401177123767118 -0.0194118785572099
v -0.0707806679097573 0.405242751187105 -0.0220301876811503
v -0.0644224117035715 0.408722341466462 -0.0259332512841145
v -0.0582687843237556 0.411852211950167 -0.0304301407494356
v -0.0525480737691644 0.414439471015423 -0.0357798846115846
v -0.0477151280593174 0.416112152063456 -0.0422384497468606
v -0.0441057391385771 0.416680770444966 -0.0496110633900194
v -0.0416447521778822 0.416302140259276 -0.0574504423626652
v -0.0403467764211965 0.414992777059271 -0.0654611215808961
v -0.0404190197791916 0.412745895511293 -0.0733638901980202
v -0.0420229570200744 0.409573499824054 -0.0807627898505584
v -0.045071716088344 0.405654283832332 -0.0872916280154676
v -0.0492576804904229 0.401244313471422 -0.0927944333792178
v -0.0540711206261429 0.396587882929772 -0.0975054143243948
v -0.0591985417012985 0.391784833744072 -0.101708192755266
v -0.0808751849948435 0.409867629452291 -0.114532579383833
v -0.0877599334359203 0.40449836104211 -0.11458376403667
v -0.0947671020702151 0.399879943381747 -0.112185654544636
v -0.101478136469099 0.395884128851125 -0.108314027538933
v -0.107862149910697 0.392209556476593 -0.103637717341563
v -0.113745567155185 0.389126831355332 -0.097940533248223
v -0.11880653454426 0.387044891415105 -0.0910930454879574
v -0.122752175405628 0.386215780640509 -0.0833093001295303
v -0.125397004818148 0.386683518941257 -0.0749699238513529
v -0.126770976965804 0.388215310883163 -0.0664404830492245
v -0.126718696191206 0.390812452526442 -0.0580553729704766
v -0.12525838787182 0.394336342949577 -0.0501414482445452
v -0.122566373682935 0.398586754734223 -0.0429411139059805
v -0.118810828938634 0.403408299769856 -0.0366436887780403
v -0.114202122921477 0.408622370956342 -0.0313235458548835
v -0.108949487215379 0.414066705807736 -0.0269305414464599
v -0.102871937176938 0.419726733805262 -0.0241867671196661
v -0.0960711918262119 0.425227600426373 -0.0240940453961138
v -0.0891685040712838 0.429971285318287 -0.0266285392205098
v -0.0826027373638052 0.433827944653347 -0.0309008840409961
v -0.0763637939787791 0.437180799232365 -0.0359514692009258
v -0.0704797124704249 0.440137144139295 -0.0416317513810064
v -0.06535142095594 0.442242070956097 -0.048320343543017
v -0.0614122251350524 0.443089730861536 -0.056010530248418
v -0.0588723880325712 0.44260649525186 -0.0643002825902405
v -0.0574806640681871 0.441131289843153 -0.0727447049808036
v -0.057259828622277 0.438758752809737 -0.081095941554562
v -0.0585228460019908 0.435345466017552 -0.0889803767242506
v -0.0612731191733748 0.431016113160114 -0.095990871772269
v -0.0651610437683409 0.426114060170532 -0.102022377102518
v -0.0696495475015848 0.420953204943612 -0.107380895021745
v -0.0747680713766904 0.415517193777465 -0.111878404691868
v -0.108203861038601 0.436254658179674 -0.126996291692014
v -0.112933797110747 0.428455520688726 -0.126481572579954
v -0.118038239242628 0.421573021312433 -0.123275739000039
v -0.123057001226365 0.415714966266111 -0.118351423294619
v -0.127916180292678 0.41037832504551 -0.112740559303276
v -0.132570190672466 0.405717631315198 -0.106386161870968
v -0.136779721626205 0.402322480007102 -0.0989983716452246
v -0.140303076008151 0.400635770027981 -0.0907102178244583
v -0.142901047746098 0.400891907337488 -0.0819312857284585
v -0.144537641566388 0.402868132251329 -0.0731484133959133
v -0.145219551788061 0.406354949554643 -0.0647386862709231
v -0.145071946415306 0.41093118829038 -0.0568596501425849
v -0.144063021393119 0.416516540486995 -0.0497387842843482
v -0.142241520787674 0.422988536169452 -0.0435962003276667
v -0.139768773295866 0.430108333836232 -0.0384849782077585
v -0.136658030593465 0.437736399715706 -0.034583707252909
v -0.132627730239541 0.445742191938336 -0.0329706576457238
v -0.127901011019409 0.453415129590521 -0.0342288861186903
v -0.122980746908788 0.46013026247561 -0.0378745915058247
v -0.118116851849316 0.465944887179033 -0.0428376533182998
v -0.113284779383425 0.471227264246465 -0.0483612592038366
v -0.108568748430193 0.475894167443187 -0.0545190374753658
v -0.104263967809342 0.479336428031706 -0.0616899195737618
v -0.100681004642826 0.481058776245658 -0.0698077940070534
v -0.0979976773691643 0.480951874085221 -0.0784448761202426
v -0.0962724365000985 0.479150400196324 -0.0871418980585576
v -0.0953309472953486 0.476035142135792 -0.095587700419932
v -0.0953372867011682 0.47158863902716 -0.103481050260842
v -0.0964724312246819 0.465821623174731 -0.110391056140006
v -0.0985753739827036 0.459087495216701 -0.116111753767234
v -0.101233293696482 0.451847707846866 -0.120908225814561
v -0.104323927072594 0.44422790391724 -0.124824922699858
v -0.142076824545573 0.45462932823154 -0.138169340610447
v -0.14525740259899 0.446115773951004 -0.137643779013712
v -0.149011347184354 0.438501284917763 -0.134280837494631
v -0.152892156307848 0.43219060297552 -0.128890898115531
v -0.156695361273722 0.426677181202227 -0.122653812976355
v -0.160416757032382 0.421683791384656 -0.115952027875788
v -0.163933999657896 0.417708998701249 -0.108527915620225
v -0.167077967537556 0.41544589557868 -0.100286143187484
v -0.169659378654588 0.415346076821888 -0.0915475576881943
v -0.171524446271886 0.417595662360563 -0.0829111056761952
v -0.172771096167696 0.421346558971726 -0.0746903998079501
v -0.173468715702543 0.426101610636353 -0.0669272643436357
v -0.173550480450209 0.431836102098796 -0.0598203598755833
v -0.1729918196 0.438564256733323 -0.0536733111473882
v -0.171905052128271 0.44605180585148 -0.0485857814884687
v -0.170061841194608 0.454309049829958 -0.0452684081749477
v -0.167303458046391 0.462911130547447 -0.0446515616936887
v -0.163900810373752 0.47103739321249 -0.0467455692885211
v -0.160215749570337 0.478261814508675 -0.0508127849069721
v -0.156437923355323 0.484765297660821 -0.0559010289400547
v -0.15263207250922 0.490896227626232 -0.061397956287456
v -0.148817139109801 0.496527094100963 -0.0674265655751132
v -0.145148036252197 0.50082192424299 -0.0745452088150849
v -0.141869608925424 0.503091258919623 -0.0827058353311625
v -0.139212850841686 0.503154391787499 -0.0913920338031701
v -0.137291508934225 0.501296350607381 -0.100070316023245
v -0.136102094967012 0.497654321894614 -0.108305180126948
v -0.135560961215473 0.492599685862114 -0.115836143805723
v -0.135722882699305 0.486357997423378 -0.122454308992805
v -0.136612492051032 0.479116172831063 -0.12790175025504
v -0.13799258675906 0.471310732323807 -0.132372233659535
v -0.139720533523113 0.463170751106866 -0.136071280029458
v -0.180212010313587 0.464236771780148 -0.151620438005348
v -0.182404945238844 0.455191221138081 -0.150230378685493
v -0.185201364252989 0.447161093051838 -0.14618051145801
v -0.188198803636653 0.44019682160253 -0.140599245701078
v -0.191234726445804 0.433924038732426 -0.134263593485207
v -0.194263960299364 0.428354443637758 -0.127287240576454
v -0.197237263153848 0.423868822766407 -0.119539016140859
v -0.200092834664457 0.421225920872126 -0.11095602991712
v -0.202706756733752 0.420905989706707 -0.10192014034441
v -0.204966392012124 0.423027906121786 -0.0930364861293463
v -0.206716259237488 0.427184907926318 -0.0847693621346327
v -0.208025802813495 0.432486664976216 -0.0770873867222812
v -0.208904327716793 0.438522297721762 -0.0698951232917903
v -0.209306196628205 0.445485683432648 -0.0635635932892999
v -0.20918882136606 0.453455560665995 -0.058567343899946
v -0.208434421868221 0.462271343156272 -0.0553924925945746
v -0.206848070551957 0.471529637316818 -0.0548531707019864
v -0.204538075800826 0.480424566384578 -0.056982850563136
v -0.201794176444667 0.488431555540025 -0.0611648841292754
v -0.19884282162736 0.495542580953459 -0.0666095758331355
v -0.195833892684729 0.502008233418868 -0.0727769719656038
v -0.192835559915667 0.508085304946161 -0.0793366700700938
v -0.18981327270369 0.51314139117294 -0.0867236520215279
v -0.186842414160493 0.516083508605559 -0.0951888912359634
v -0.184163615352181 0.516384085561335 -0.104237194279464
v -0.181987282376729 0.51425813041517 -0.11317271269095
v -0.180324054468912 0.50999145239498 -0.121426478183831
v -0.179167149793084 0.504259057657983 -0.128823420814505
v -0.178490382345066 0.497495244919902 -0.1353638694759
v -0.17827948287218 0.489944375893904 -0.141010748511059
v -0.178363778523057 0.481976400681061 -0.146036529897248
v -0.178895417629409 0.473420204706044 -0.149975246923878
v -0.218649189589958 0.463830037417293 -0.163825100799809
v -0.218622993613784 0.45447352542673 -0.161224359215497
v -0.219255323576093 0.446034699745632 -0.156460995144823
v -0.220197261743772 0.438362899921488 -0.150622558597858
v -0.221430799183211 0.431497141184968 -0.143916000443799
v -0.22293111326727 0.425513714509892 -0.13645969121754
v -0.224755991978531 0.420822156686929 -0.128163695243787
v -0.226908129407104 0.417965726100574 -0.119111146870203
v -0.229381475421716 0.417446569818799 -0.109698716013035
v -0.232083071358896 0.419457185110932 -0.10056149150702
v -0.234766022647421 0.423729290936761 -0.0922662676079983
v -0.23729753120583 0.429434070309461 -0.0848779866675939
v -0.239660466612605 0.435817087030218 -0.078034537388453
v -0.241905077442908 0.442900121100558 -0.071813712270031
v -0.243892456538701 0.451119278418538 -0.0670182163809949
v -0.245415734512915 0.460367308821044 -0.0643595227264294
v -0.246222843478601 0.470083269522779 -0.0643559200421022
v -0.246271423606259 0.479505667286581 -0.0668818517907352
v -0.245777952770898 0.488202761878893 -0.0712357237636648
v -0.244864865435642 0.495972861757381 -0.0770059548731848
v -0.243589105039287 0.502744314207264 -0.083858865885162
v -0.242060081532969 0.508658481340556 -0.0914058874016337
v -0.240321371191883 0.513732147370521 -0.0995217110964768
v -0.238174272353312 0.516916308140653 -0.108461149852793
v -0.235646653770453 0.517365728722809 -0.117842266755133
v -0.232993227755528 0.515057031119663 -0.126907779213853
v -0.230315072575231 0.510477782492917 -0.135055915151419
v -0.227761793692393 0.504510275211534 -0.142274897932617
v -0.225387522016677 0.497670470620528 -0.148713580912752
v -0.223168516688602 0.490311624317142 -0.154593596966586
v -0.22114356719247 0.482390591419426 -0.159801784810177
v -0.219538752876759 0.473470871679762 -0.163255944596772
v -0.259313195211809 0.454324047916367 -0.172520752167597
v -0.25688689953372 0.445989312873697 -0.169101763599004
v -0.255110219234151 0.438287721497543 -0.164139428426463
v -0.253740400210554 0.431096506526331 -0.158341806561021
v -0.252934140560681 0.424676437249861 -0.151602094717792
v -0.252785096398249 0.419269088545994 -0.143985468401518
v -0.253316690101734 0.41511409854703 -0.135631635863134
v -0.254588397537652 0.412523899879344 -0.126745916530899
v -0.256700312785364 0.412008258007637 -0.117668223562925
v -0.259577354640731 0.413687777070473 -0.108954082354222
v -0.262994072909027 0.41744446450704 -0.101130699948246
v -0.266720671183186 0.422671372918357 -0.0943536376206767
v -0.270567921018662 0.428595767557067 -0.0882736287328628
v -0.274526631864067 0.434985624652995 -0.0827463078187501
v -0.278559736422358 0.442287576745827 -0.0785413059803637
v -0.282409236591059 0.450561175347032 -0.0765335821434964
v -0.285695511919865 0.459285933949713 -0.0771423239200932
v -0.288222116680905 0.467782833759142 -0.0800994936946982
v -0.290195251302629 0.475757305618732 -0.0845245095962908
v -0.291643684093626 0.483031383108279 -0.0901847777135112
v -0.292353799826251 0.489233909839774 -0.0971130723241472
v -0.292296704118032 0.494185142719249 -0.105005393245835
v -0.291667503650744 0.498115016708292 -0.113404886302204
v -0.290423007726639 0.500780298574186 -0.122221311696554
v -0.288276011689582 0.501270826293408 -0.131246880561507
v -0.285335142762212 0.499292267079424 -0.139839502582291
v -0.281835708231123 0.495482626846714 -0.147573673406394
v -0.278044880285417 0.490436784424803 -0.154417277029351
v -0.274135337323429 0.48459755234119 -0.160512008498209
v -0.270202959079706 0.478263528295708 -0.166062172853975
v -0.266298208236459 0.471186615671895 -0.170678769729916
v -0.26254591481538 0.463030620395619 -0.173121401906919
v -0.301450308552591 0.431528223614116 -0.180052640331259
v -0.297641814044498 0.424585232233805 -0.176372630234843
v -0.294359043645452 0.418005966335236 -0.171662581381037
v -0.291555321935368 0.411832881264226 -0.166122527913548
v -0.289455722292988 0.406358689759496 -0.159606827181419
v -0.288195461320146 0.401824124640682 -0.152208430578684
v -0.287819497936791 0.398360289727046 -0.144162575187347
v -0.288502470131475 0.396309013880161 -0.135673165244347
v -0.290345148233727 0.395975555120299 -0.127126833654175
v -0.293194026097112 0.39727857203781 -0.118954817890527
v -0.296928801713362 0.400257850974608 -0.111611106615622
v -0.301258711821588 0.404602565518191 -0.105353953411963
v -0.305926731824591 0.409766905662152 -0.10004749209381
v -0.310788038187085 0.415300567480427 -0.0953572733449198
v -0.315860046640182 0.421388004658036 -0.0916962048611991
v -0.320994282314261 0.428245819745221 -0.0900638099500455
v -0.325736815744449 0.435512065619106 -0.0909552140197519
v -0.329718573946397 0.442603763718433 -0.0941188931062021
v -0.333057410507909 0.449250832120342 -0.0986534451245725
v -0.335971495335519 0.455447709343579 -0.104035858728968
v -0.338054047901925 0.460799278772681 -0.110579909261484
v -0.339057535630519 0.464960637213284 -0.118162520171274
v -0.338976467969036 0.46783036432849 -0.126386949997173
v -0.338082618134007 0.469632830422595 -0.134854129883045
v -0.336277195910302 0.470109645932156 -0.143354798021132
v -0.333427390681114 0.46876962419473 -0.151468600746721
v -0.329683331621023 0.46590189072833 -0.158801389865989
v -0.325339004830737 0.461860810789836 -0.165201755557558
v -0.320709007112246 0.457081115134839 -0.170849992285592
v -0.31598523277858 0.451846152657565 -0.175984466584409
v -0.311049679513297 0.445799777097032 -0.179914038266019
v -0.306032769097375 0.438820593417401 -0.181435997036143
v -0.333257417130266 0.402010675636912 -0.187265125277678
v -0.327474730395141 0.397035200502295 -0.183401614950915
v -0.322594939084999 0.392507078709413 -0.178008901242863
v -0.318245583408005 0.388247421415019 -0.171974854532916
v -0.314656703922812 0.384448173448245 -0.165191892785523
v -0.312023911505849 0.381291879120415 -0.157708596494791
v -0.310520192470352 0.378941113665032 -0.149672816746828
v -0.310449033951556 0.377565982496425 -0.141292439946992
v -0.31198791517686 0.377382242811994 -0.13294083419497
v -0.315114035547795 0.378510029698885 -0.125121195843039
v -0.319418842234218 0.380759467839006 -0.118123045842601
v -0.324544563026897 0.3838294991558 -0.112021878581863
v -0.330179676109889 0.387349327986795 -0.106648581113068
v -0.336267076399761 0.391177780782207 -0.102029951045273
v -0.342913556438764 0.395598291953939 -0.0990323745343915
v -0.349772782794875 0.400581609718228 -0.0985116797517125
v -0.356223664288832 0.40571447489653 -0.100499820252156
v -0.362004265807183 0.410647602872666 -0.104248842839939
v -0.367391552960922 0.415376191464713 -0.108732396169464
v -0.372241655128773 0.41981862456463 -0.114061895363537
v -0.376010281000669 0.423644348792655 -0.120602791154567
v -0.378395377557156 0.426602968915345 -0.12816556395501
v -0.3793323887215 0.428636156507045 -0.136332923872794
v -0.378963113099602 0.429767259077549 -0.144720524693205
v -0.377362212920362 0.429902487558815 -0.153040692640679
v -0.374506618765286 0.429014146454737 -0.160977753571555
v -0.370321907974847 0.426961827549157 -0.1680651249065
v -0.365067808017578 0.423935608541838 -0.173998834567167
v -0.359185126346122 0.420293376919287 -0.178899411445775
v -0.353048038560302 0.41636874061142 -0.183215708022219
v -0.346638545091198 0.412106467886554 -0.186796091935471
v -0.339878144546339 0.407230073581174 -0.188439950862461
v -0.351025131220326 0.368789377598569 -0.190602920151872
v -0.344715197845272 0.364784465464977 -0.186497057533871
v -0.339244182085491 0.361089774011785 -0.181116791834848
v -0.334352244057709 0.357661259332105 -0.175054781847403
v -0.330208186745514 0.354641175568454 -0.168278076378715
v -0.326860784963843 0.352108115625566 -0.160907082054079
v -0.324727244525814 0.350250852376441 -0.15290841677453
v -0.324395440100822 0.349275432123783 -0.144473525380743
v -0.326131180391374 0.349320955210378 -0.136146256361593
v -0.329542751642284 0.350292228416825 -0.128415197513209
v -0.33400356513946 0.352064379827385 -0.121383146870442
v -0.339296715034739 0.354520419456793 -0.115183510902034
v -0.34513716233531 0.357442782425243 -0.109731603318628
v -0.351538067746028 0.360716409611456 -0.105145635141867
v -0.358618065244722 0.364412494297266 -0.102132808479554
v -0.366076875048632 0.368503818909598 -0.101648041973171
v -0.373163880600463 0.37268255330577 -0.103834791229274
v -0.379464435233096 0.376664429024978 -0.107946178447562
v -0.38525028118509 0.380414557083996 -0.112901784930279
v -0.39073006786327 0.383979437308271 -0.118321925112326
v -0.395425646205291 0.387166846316625 -0.124640021439819
v -0.39885858303301 0.389769186514194 -0.131957084162931
v -0.400576253539206 0.391529079007456 -0.14008760848019
v -0.400351840195201 0.392323406264714 -0.148541628451911
v -0.398429307109209 0.392163093241605 -0.156812376554752
v -0.395130118850773 0.391135069139655 -0.164564685686594
v -0.390443232686618 0.389280387586072 -0.171400081224567
v -0.384769879346488 0.386763709560354 -0.177214090370335
v -0.378645731704473 0.383860430887839 -0.182345786714708
v -0.372339726992499 0.380712503049771 -0.187113208251048
v -0.365546143595655 0.377125897587305 -0.190782966348533
v -0.358220751217555 0.373042091910208 -0.192171685600803
v -0.365003919660153 0.331038159349663 -0.192312955039617
v -0.358004860923757 0.328725410523857 -0.188076927165285
v -0.351857544800753 0.326618790401158 -0.182606228097364
v -0.346341339769586 0.324696143804324 -0.176437264196594
v -0.341377965955839 0.323004600440092 -0.169764515865105
v -0.337118350101424 0.321609887794421 -0.162556372077574
v -0.334343856270509 0.320668214977239 -0.154594324455736
v -0.333764271665014 0.320304738735282 -0.146140817813596
v -0.335616850165716 0.320554502075075 -0.137860176735866
v -0.339395592517764 0.321339081938926 -0.130282333568373
v -0.344245112501723 0.322567781669149 -0.1233988731056
v -0.349787876315284 0.324164461495294 -0.117138217737993
v -0.355886023343674 0.326053271273887 -0.111526002798528
v -0.362639141241143 0.32816024392542 -0.106792027951129
v -0.370237421424586 0.330479105804442 -0.103724342003644
v -0.378362703916232 0.332957244095131 -0.103231888594616
v -0.386170126307811 0.335418364090959 -0.105561482724016
v -0.393081147968919 0.3376963533881 -0.109986212392915
v -0.399352977812433 0.339775500685426 -0.115324893150474
v -0.405380722636785 0.341732311102061 -0.120975442420798
v -0.410943160870004 0.343518607593121 -0.127150243249243
v -0.415420231978954 0.345001835013393 -0.134225188761506
v -0.418098401905903 0.345992366649595 -0.142230192896437
v -0.418304060049173 0.346325843195688 -0.150715575307741
v -0.416192272870285 0.345973271269006 -0.158940314978265
v -0.412323817651343 0.345054937831006 -0.166451581269776
v -0.407061233038089 0.343718459977395 -0.172988677966701
v -0.401031470013893 0.34210368774546 -0.178750346790168
v -0.394781297241299 0.3403275576866 -0.184197905006522
v -0.388234235259964 0.338366051985817 -0.189243475460908
v -0.38091474390115 0.336092322941668 -0.192919307094348
v -0.372901454413066 0.333564151700433 -0.19411514622866
v -0.369970660157397 0.293047136216969 -0.191425383982616
v -0.362635305509594 0.292413219707791 -0.187141573930978
v -0.356162658935651 0.29187842939315 -0.181648256163629
v -0.350224471537234 0.291432694704511 -0.175594799478943
v -0.344626539023335 0.291095187809632 -0.169213705289454
v -0.339841971336079 0.290929448109895 -0.162180183805895
v -0.336804656780225 0.29096292921988 -0.154236903084096
v -0.336225387957659 0.291190967075481 -0.145760728959241
v -0.338180525552916 0.291576735173183 -0.1374988416293
v -0.342091517096099 0.292101273576301 -0.129969610929748
v -0.34723831593948 0.292798417420413 -0.123251531594981
v -0.35299825307457 0.29361757910767 -0.117086664446814
v -0.359225499468766 0.294556157961403 -0.111419810061903
v -0.36604323068354 0.295550760527962 -0.106475731008307
v -0.373770469504752 0.296527234956137 -0.103111071002966
v -0.382161726970342 0.297412132368614 -0.102277447865285
v -0.390331375752271 0.298153126271186 -0.104415815738755
v -0.397484370624129 0.298741670400784 -0.108944698544628
v -0.40378541091682 0.299202708927977 -0.114592848925363
v -0.409835877674542 0.299581762729693 -0.12049454640735
v -0.415700165688659 0.299871034524365 -0.126599206093031
v -0.420777757738915 0.300010452105997 -0.133406077299263
v -0.424110037375652 0.299980544545886 -0.141218611875412
v -0.424814858544682 0.299771648574022 -0.149676098373162
v -0.422734075379739 0.299375940590671 -0.157907783811998
v -0.41855715498518 0.298815347113498 -0.165305673963458
v -0.413025496614561 0.298193552604341 -0.171752349646022
v -0.407057884150478 0.297464485747016 -0.177746861427991
v -0.400919038742969 0.296642097083713 -0.183548779895361
v -0.394228670838585 0.29573165646376 -0.18872449662415
v -0.386600376980579 0.294753083602363 -0.19236907289567
v -0.378210973991854 0.293827153253781 -0.193393516049969
v -0.366749551340378 0.243980440888959 -0.18752290006886
v -0.359547944864925 0.246076503050684 -0.183472855349459
v -0.353055781852409 0.2481392559867 -0.1783728009402
v -0.346976123612948 0.250118775588218 -0.172770589671205
v -0.341283422950509 0.252016656788059 -0.1667168603418
v -0.336584797100215 0.253759501643073 -0.15979003624647
v -0.333806669970492 0.255232777886982 -0.151843991551979
v -0.333502496243063 0.256314142460584 -0.143397783684448
v -0.335529176000053 0.25694768018993 -0.135175281289183
v -0.339274615629224 0.257169563232088 -0.127579745473335
v -0.34426263383628 0.257042528874638 -0.120772870608284
v -0.349930692292354 0.256664632402897 -0.114572249440025
v -0.356134117786178 0.256009864304709 -0.108943191725682
v -0.36284836702168 0.255074383669997 -0.104000862939136
v -0.370242417576615 0.253820674276029 -0.100225535524873
v -0.378333761536912 0.252172067375164 -0.0986586178513264
v -0.38641438321163 0.250181060460855 -0.0999864208797054
v -0.393535174832654 0.248026331239943 -0.104012598795925
v -0.399501593129612 0.245885387094963 -0.1096246342316
v -0.404991073816958 0.243806560250452 -0.115694837364185
v -0.410317247235971 0.241808304104917 -0.121938624932202
v -0.415147317249349 0.23994489499745 -0.128638048075688
v -0.41859974876629 0.238319199302135 -0.136204410604336
v -0.419712622491071 0.237105082099669 -0.144522813992046
v -0.418028519694629 0.236441413554671 -0.152827023758459
v -0.413994311498233 0.236306305775372 -0.160350067150093
v -0.408940229728079 0.236557561262704 -0.167223425551622
v -0.403443423838336 0.237075650781713 -0.173745901576814
v -0.397450768993623 0.237844840062732 -0.179798590024208
v -0.390780080879056 0.238834347276568 -0.185081119514077
v -0.38312211622977 0.240188740331394 -0.18868510474331
v -0.374795258628623 0.241954391624889 -0.189534689295775
v -0.357119091693105 0.204248691860909 -0.18344152275662
v -0.350360507864995 0.207952263650038 -0.179764268581669
v -0.344411092000937 0.211523882863217 -0.174818813704187
v -0.339042981003349 0.214910110956264 -0.169153371680552
v -0.334199684206671 0.218062637390664 -0.162926304086059
v -0.330132755275132 0.220905703364017 -0.156042162030019
v -0.327587284286236 0.223246065932604 -0.148303149734232
v -0.327230066851026 0.224875584794373 -0.140004631403894
v -0.329156433106481 0.22567851277005 -0.131806384084932
v -0.33278316093821 0.225734099103371 -0.124168919053745
v -0.337219982340274 0.225293025786141 -0.117004596731419
v -0.342228339524959 0.224414481324744 -0.110268559882908
v -0.347915515259533 0.222998576303656 -0.104194284783428
v -0.354213932480527 0.221067123854724 -0.0989220593686761
v -0.361269735030256 0.218541432955958 -0.0950420154301421
v -0.368921159959609 0.215374636546564 -0.0934621421046514
v -0.376410837412108 0.211731829839016 -0.0947647154375132
v -0.382954607297352 0.207963066001268 -0.098572371253746
v -0.38864775372639 0.204308356685782 -0.103663011553572
v -0.393995202826535 0.200785491566502 -0.10920847986069
v -0.399020825223848 0.19741577016078 -0.115166752589743
v -0.403281286100911 0.194307315690445 -0.121849608212405
v -0.406035172376277 0.191717906486941 -0.129487638457163
v -0.40652381590299 0.189952032045469 -0.137808287291249
v -0.404801838852782 0.189112264494736 -0.146114985421093
v -0.40157785112573 0.189040891483854 -0.154007544867911
v -0.397066998296452 0.189686029945349 -0.161210393807649
v -0.391772738277272 0.190903851508167 -0.167789735560516
v -0.385846076563388 0.192628678121065 -0.173677570478384
v -0.379446175834231 0.194739614558093 -0.178899341268313
v -0.37242252971602 0.197342518025412 -0.182996180323351
v -0.364721866230169 0.200588735027116 -0.184707709053069
v -0.342355933010595 0.170332513599117 -0.178084700889793
v -0.335845008558778 0.174733431185968 -0.174822470895277
v -0.33018596250996 0.178947443334307 -0.170078847044675
v -0.325217379042154 0.182919637991502 -0.164449361279241
v -0.321064845767925 0.18653794125478 -0.158001512111623
v -0.317797509900386 0.189754345464673 -0.150888131768025
v -0.315751130590205 0.192410766261138 -0.143117959161373
v -0.315498456289708 0.194283702318896 -0.134862751597125
v -0.317225270370652 0.195228027736421 -0.126623223611782
v -0.320373803918229 0.195378704375299 -0.118775768692819
v -0.324111617962887 0.195110426723587 -0.111202583939076
v -0.328566753878791 0.194289194619974 -0.104064073308878
v -0.333903517766965 0.192734167008624 -0.0976843601305058
v -0.340065646544627 0.190425014239401 -0.092358690512773
v -0.346985550610266 0.187359156654783 -0.0885580071983969
v -0.354357567298016 0.183567377808409 -0.0869032142822402
v -0.36151888481113 0.179224329147221 -0.0880098560295393
v -0.367827762342364 0.174752175812393 -0.0914841094843648
v -0.373377315992261 0.170412572606798 -0.0962229053829561
v -0.378502404257217 0.166230830820954 -0.101540563948976
v -0.383118935207453 0.162239454113922 -0.10746320402848
v -0.386690784863444 0.158629651151538 -0.114286668386238
v -0.388649402860993 0.155728298803622 -0.122034016106575
v -0.388692699895502 0.153797477085264 -0.130311518444445
v -0.387143369164335 0.152802357024756 -0.138617898967582
v -0.384530326209067 0.152522536709537 -0.14670892944804
v -0.380703013387152 0.153053895308385 -0.154300468992244
v -0.375756128328881 0.154434434686245 -0.161114313935724
v -0.369954959295249 0.156547219501321 -0.167010645279739
v -0.363642158179779 0.159163115644193 -0.172113289155546
v -0.356913188340341 0.162238818658568 -0.176351884628002
v -0.349644705769558 0.166007487191952 -0.178666333216666
v -0.324737778674917 0.139064148473402 -0.172636542868904
v -0.318364114945114 0.14424714148895 -0.169863869323711
v -0.312947364900953 0.14918956906174 -0.165235286034149
v -0.308285192569795 0.153824057937704 -0.159593321243931
v -0.304620334655472 0.157972851820519 -0.152942692927772
v -0.302080780946664 0.161514294952102 -0.14548597707259
v -0.30071532606648 0.164376855592519 -0.137458617890689
v -0.300805872810126 0.166392267532134 -0.129058191169234
v -0.302389964609367 0.167525645347641 -0.120638372903216
v -0.305021156786887 0.167920741992431 -0.112434501292435
v -0.308161998941045 0.167922834399879 -0.104397867756682
v -0.312222073876868 0.167149676373673 -0.0968091850522044
v -0.317376708783424 0.165364171873123 -0.0900970799824919
v -0.323485301565625 0.162577061130653 -0.0846385688944718
v -0.330261151307481 0.158963490167759 -0.0806515784913334
v -0.33741412908414 0.154540336574524 -0.0787047921689307
v -0.344340041368288 0.149467267996651 -0.0795273023931018
v -0.350441900349005 0.144248598774173 -0.0827049356785408
v -0.355766830002455 0.139181843152612 -0.0872197979591467
v -0.360617077617574 0.134303212605624 -0.0924006831240737
v -0.3647094885544 0.129728915064028 -0.0984579319485674
v -0.367478945578117 0.125764808693263 -0.105599103715337
v -0.3686901337303 0.122662352025111 -0.113556693934083
v -0.368448714903771 0.12053622823576 -0.121913555099191
v -0.36702510602304 0.119303605726085 -0.130332219426959
v -0.364749214121625 0.118808283763909 -0.138636172998009
v -0.361496904719595 0.119125818106388 -0.146635618336282
v -0.357031037246901 0.120508153031487 -0.153915680420981
v -0.351502006405633 0.122922358604299 -0.16012981221943
v -0.345309801408072 0.126088434026067 -0.165293333697744
v -0.338769287382397 0.129735920314356 -0.16965314457075
v -0.331806991085346 0.134059016695856 -0.172489930973085
v -0.30366032838209 0.107161088997054 -0.165062989298282
v -0.297169779931052 0.112446470349713 -0.162883601956618
v -0.291755176351705 0.117516363818705 -0.15833272901188
v -0.287247001285208 0.122218803617949 -0.15254445525085
v -0.283738741144063 0.126435483941012 -0.145767457663886
v -0.281512517376256 0.129941973118387 -0.138101956635209
v -0.28061325340034 0.13265643638827 -0.129866696952084
v -0.281042055282826 0.134507603577729 -0.121350170715409
v -0.282664934419605 0.135604194534264 -0.112839147620447
v -0.284709974133419 0.136508147493101 -0.104414172744789
v -0.287476437323989 0.136916244554867 -0.0961309396519415
v -0.29143492528064 0.136339730461413 -0.0883608493005754
v -0.29660294864154 0.134632101462276 -0.0815378224022887
v -0.302710052702095 0.131912526342464 -0.0759498777344922
v -0.309429468795252 0.128409350740765 -0.0716971681545869
v -0.316538877711425 0.123958171691549 -0.0696584021423553
v -0.323375515370157 0.118820015894378 -0.0704262571500849
v -0.329429574602548 0.113537395305305 -0.0734312848265709
v -0.334804521957717 0.108374187653947 -0.077672292787074
v -0.339535606075945 0.103421221568038 -0.0828335687549825
v -0.343123120795585 0.0989369011005725 -0.0891987540388956
v -0.34522921411653 0.0952133164006394 -0.0966355715402316
v -0.34600987982095 0.0922715003873164 -0.104674251549329
v -0.345742572571092 0.0900636110614909 -0.112989244041849
v -0.344509573786469 0.0886058459739612 -0.121386508489518
v -0.342320886473521 0.0879945648153736 -0.129694370199091
v -0.339379336636514 0.0879972646140487 -0.137793172840537
v -0.335348376673522 0.0889687357196217 -0.145339723467042
v -0.330151034191517 0.0910814952539768 -0.151869981085907
v -0.324053656426547 0.0942055888733303 -0.157095839601086
v -0.317509615928988 0.0979466405346228 -0.161260229226423
v -0.310669088139453 0.102210670125938 -0.164300119050123
v -0.281395660717901 0.0781323051500983 -0.158820841511298
v -0.274655531342198 0.0836074699175346 -0.156468120390554
v -0.268918053720615 0.0888783189564209 -0.151911563484932
v -0.264127006416447 0.0937773805467693 -0.146020995546154
v -0.260496066093246 0.0981212884621302 -0.138961629342666
v -0.258298746033197 0.101661512977087 -0.130920425265652
v -0.257583012896234 0.104298714161416 -0.122287020828573
v -0.258227522297349 0.106074642489352 -0.113430271078542
v -0.25974255338561 0.107348118203239 -0.104606467795433
v -0.261847548230843 0.108371218129683 -0.0958822269757067
v -0.264721470474453 0.108924109875236 -0.0873147763114542
v -0.268785493567029 0.108521103051809 -0.0792330689508246
v -0.274112282195121 0.106943142627074 -0.0720895188670425
v -0.280444990678189 0.10428528359382 -0.0662093019871341
v -0.287409627520235 0.100839268720703 -0.0616144601246521
v -0.294815691170727 0.0964705437909828 -0.0589211332238926
v -0.302111848772897 0.0912329720113232 -0.0591167317604933
v -0.30858025249878 0.0857295004051143 -0.0619961646184126
v -0.314123982178307 0.0803776756789118 -0.0665310180846086
v -0.318794438108423 0.0753221075673215 -0.0722040050695848
v -0.322213141867391 0.0708299573943043 -0.0790794477045275
v -0.324036865123009 0.0672277355781835 -0.0869905136870858
v -0.324421881246088 0.0645447439740799 -0.0954420204574067
v -0.323864514544369 0.0625005017963735 -0.104046870420371
v -0.322635468334522 0.0609380608855744 -0.112671564718884
v -0.320702663867363 0.0599312370260744 -0.121253212896591
v -0.317956581087369 0.0595189059194265 -0.12968209837746
v -0.314010923335888 0.060147485314588 -0.13762262151883
v -0.308797089142538 0.0620208527386841 -0.144594462478633
v -0.302604254410421 0.064993780047306 -0.150296773625062
v -0.295879511851264 0.0686452224183672 -0.154929014428044
v -0.288723501762654 0.0729858410406646 -0.158161498197766
v -0.257304136120188 0.051688391595983 -0.150632814282302
v -0.250963104836403 0.0576014298075505 -0.148429263326353
v -0.245557470449469 0.0633133363185717 -0.144055094337983
v -0.241112432691782 0.0686081686806006 -0.13825311035731
v -0.237816372149961 0.0732796048799973 -0.131240438524665
v -0.235958362211902 0.0770213966244539 -0.12319830776179
v -0.23558624758595 0.0796971334467057 -0.114541822352528
v -0.23640209480531 0.0815048435553531 -0.105698582212422
v -0.237815892848155 0.0829440902722721 -0.0968861532267318
v -0.239766730539541 0.0841023322184944 -0.0881238162992268
v -0.242570565914361 0.0846001296187494 -0.0795200245459272
v -0.246481046268144 0.0840689328574709 -0.0713615034740704
v -0.251554485688563 0.0823015450660707 -0.0640748035776344
v -0.257555780046151 0.0794070241437889 -0.0579682421827433
v -0.264132370857043 0.0757191272165763 -0.0530344595910657
v -0.271127368852296 0.0711198673869022 -0.0497824167618862
v -0.278102902598668 0.0655593334437865 -0.0492996126960736
v -0.28432165307374 0.0596260826711143 -0.0516925238699676
v -0.289559112905218 0.0538511977268905 -0.0560327912472759
v -0.293807336334704 0.0484729057682202 -0.0617387001043229
v -0.296725759185098 0.0438081357479384 -0.0687469537725917
v -0.298065577380745 0.0401759894029724 -0.0767803944630662
v -0.297995727775873 0.037595942078158 -0.0853376314121405
v -0.297026694385676 0.0357282428906631 -0.0940312204308342
v -0.29567968529058 0.03415950877049 -0.102717544282153
v -0.293943713244741 0.03290903935068 -0.111391794640594
v -0.291476560740239 0.0322898441931117 -0.119956896713401
v -0.287883871981732 0.0327731092498551 -0.12810599229149
v -0.283080444787236 0.034588064389025 -0.135385995425111
v -0.277317848048162 0.0376085375758741 -0.141479916677967
v -0.270992571266762 0.0414438861625057 -0.146460736660552
v -0.264217163194967 0.0461211999718377 -0.149879319221776
v -0.233450292494965 0.0268447303749592 -0.1444065411799
v -0.227016752416478 0.033234056862588 -0.142287485092202
v -0.221580227092691 0.039394648442897 -0.137823974355825
v -0.217153565569248 0.0450887870603207 -0.131843352182634
v -0.213920383305663 0.0500811374555338 -0.124583676700481
v -0.212208982156123 0.053995773130784 -0.116217361344327
v -0.212013920476529 0.0567195349980547 -0.107222149831542
v -0.212892003229843 0.0585978940463888 -0.0980606646406948
v -0.214280914126404 0.0601857011726281 -0.0889249937504266
v -0.216216280291416 0.0614860079854284 -0.0798332314936101
v -0.21903021133974 0.0620716084125467 -0.0708941337234759
v -0.222971309659987 0.0615255456663796 -0.0623881648055037
v -0.228094541513754 0.0596188432874863 -0.0547594846718718
v -0.23414699572341 0.056491706687797 -0.0483164627555311
v -0.240762030809642 0.052553988361989 -0.0430028812457088
v -0.247816479249865 0.0476761029243102 -0.0393089473842653
v -0.254918894587137 0.0417287644995477 -0.0384113846314703
v -0.261297186795735 0.0353220886599476 -0.0406036965572789
v -0.266627815261012 0.0290948188472612 -0.0450037319472408
v -0.270883438024101 0.0233489639515359 -0.0509361930947361
v -0.27368330525876 0.0184676312186392 -0.0583111633829332
v -0.274820025790432 0.014781423593474 -0.0667402898829184
v -0.274522449187874 0.0122592817957646 -0.075650538512006
v -0.273349492353623 0.0104758121142519 -0.0846441269297349
v -0.27186580575065 0.00891970343438121 -0.0935976620655482
v -0.270116563225059 0.00754451519514832 -0.10254492182412
v -0.267707135496452 0.0067414662082595 -0.11142918145448
v -0.264200507094219 0.00705249881728483 -0.11997497876944
v -0.25946375880671 0.00877542567671422 -0.127725055983075
v -0.253714047398758 0.0118326356186042 -0.134303518620746
v -0.247335723667394 0.0158512975259577 -0.139697396667277
v -0.240467162700959 0.0208459930887647 -0.143440002904441
v -0.205793379428577 0.00188899880890548 -0.136990329507124
v -0.199640357224155 0.00900200220723528 -0.134932400262722
v -0.194510580904903 0.0158516197183334 -0.130458477023339
v -0.190376221069527 0.0221714912298007 -0.124436081428659
v -0.187447454090211 0.027665059804579 -0.117050288188106
v -0.186074986257797 0.0318884707863321 -0.108479377558006
v -0.186148477113747 0.0347949884477072 -0.099290428391372
v -0.187109396695827 0.0368596700782089 -0.0899594375185659
v -0.188459876859022 0.0386257205779521 -0.0806325468840045
v -0.190372445331167 0.0399406125438279 -0.0713133885704521
v -0.1930853612679 0.0404786862945591 -0.0621042542416035
v -0.196841547723858 0.039812484894771 -0.0532555163411554
v -0.201757957598264 0.0376190901641781 -0.0452470129986939
v -0.207596085679397 0.0340195557101794 -0.0384498182931466
v -0.213957064674538 0.0295216929039807 -0.0327561103429355
v -0.220732034178239 0.0240848766774469 -0.0285387672817403
v -0.227615273823133 0.0175107354863135 -0.0270709663815307
v -0.233830121149565 0.0104056015049609 -0.0289028337395689
v -0.238942309250541 0.003519747284661 -0.0332589411130626
v -0.242962050380123 -0.0027937045132083 -0.0392770617594523
v -0.24555879411895 -0.00812188020701156 -0.0468121849900191
v -0.24649169574692 -0.0120808609535581 -0.0554890047782012
v -0.246006879760885 -0.0147286739055159 -0.0646883180709924
v -0.244726838459226 -0.016591699314172 -0.0739801889359086
v -0.243129007344879 -0.0181637882059238 -0.0832537518392111
v -0.241362702246021 -0.0195942900604731 -0.0925311166738683
v -0.238964382899724 -0.0203852057126769 -0.101759557695391
v -0.235551210122942 -0.0200057205301833 -0.110692059720785
v -0.230984071556971 -0.0181306700991512 -0.118883330629624
v -0.225430579560643 -0.0147887091742395 -0.125925822288679
v -0.219253897174777 -0.0103558865727759 -0.131760000769553
v -0.212580076932272 -0.00479410804177662 -0.13582757975065
v -0.178726924541461 -0.0221235851229843 -0.128054509629866
v -0.172646918950263 -0.0150275601526412 -0.125984301015568
v -0.167568632996032 -0.00820072813683693 -0.121582908751244
v -0.163428742177501 -0.00188310567193069 -0.11569569635146
v -0.160581613232083 0.00352502805772936 -0.108331367411613
v -0.15932977729722 0.00759873773315815 -0.0997446153260458
v -0.159424042571654 0.0104386495432281 -0.0905484794569567
v -0.1602358799043 0.0126328634919856 -0.0811919078578549
v -0.161476951987532 0.0145161523974187 -0.0717963452583905
v -0.163447143316449 0.0157289286187963 -0.0624179108769614
v -0.166164739857802 0.0161947684779614 -0.0531788495986972
v -0.169804590301842 0.0156116430387258 -0.0442990766927054
v -0.17454943233261 0.0135512972387128 -0.0362203416946219
v -0.180273485235128 0.00998401467238741 -0.0294005450982923
v -0.186559210503587 0.00541748417936147 -0.0237814479520142
v -0.193215049817695 1.23122621166362e-05 -0.0194854240621441
v -0.20003367591632 -0.0064869777326159 -0.0177379522199971
v -0.206301691623131 -0.0135753062870106 -0.0193568254774657
v -0.211443190393328 -0.0204150189936417 -0.0237985044011557
v -0.215494232336948 -0.0266593498561708 -0.029933167881409
v -0.218222563826232 -0.0319405258643351 -0.0375163072103379
v -0.219347925698259 -0.0358390156989264 -0.0462418008437178
v -0.219075611314634 -0.038416828186153 -0.0554907502833862
v -0.218008764018717 -0.0402679668590539 -0.0648110780822893
v -0.216555209008447 -0.0418962221681409 -0.0741045634936761
v -0.214734145309722 -0.0432731540116559 -0.0833873778169883
v -0.212214051039735 -0.0440215138663601 -0.0926053082160375
v -0.208665349552815 -0.0436555126806689 -0.1015201191132
v -0.204030324028016 -0.0418668475606964 -0.109745328755108
v -0.198440560211258 -0.0386380078355921 -0.116870998942415
v -0.192216055144763 -0.0343020880035357 -0.122786780370584
v -0.185498241174937 -0.0287991360257159 -0.126905669739338
v -0.151430676443589 -0.0399644297395743 -0.119740800667918
v -0.146017318728221 -0.0322843870170978 -0.117584331000854
v -0.141451898275072 -0.0249061687634551 -0.113445867741186
v -0.137784062351737 -0.0181031597729505 -0.107772700241742
v -0.135504783291274 -0.0124065626371875 -0.100449315212282
v -0.134702141052889 -0.00813025896689243 -0.09199366467351
v -0.134973020000148 -0.00505291009497879 -0.0830618673625428
v -0.135745426250711 -0.0026413431526905 -0.074017274425139
v -0.136871621529715 -0.000701401974204819 -0.064902960708175
v -0.13885585850875 0.000256722155279501 -0.055751260242547
v -0.141437772294635 0.000441687507969643 -0.0466799316460446
v -0.144697721602026 -0.000352008755929019 -0.0378172237366543
v -0.148884287261232 -0.00257401440759986 -0.0295664982071165
v -0.154017610120945 -0.00643058895011395 -0.0224989669661139
v -0.159747986605213 -0.0115601767893616 -0.0167979232324914
v -0.165770722814976 -0.017534969145191 -0.0122871592083437
v -0.171971545794157 -0.0245164235532117 -0.00986942680838412
v -0.177809168349473 -0.0321881202396418 -0.0106963038926042
v -0.182552860461008 -0.039616164014616 -0.014773612266494
v -0.186128042641829 -0.0463051217234561 -0.0208591859337877
v -0.188589560184705 -0.0520783638558216 -0.0282827642077849
v -0.189625532202764 -0.0564678054577764 -0.0368923696339635
v -0.189322995123703 -0.0594047599147121 -0.0461503629482906
v -0.188156405659595 -0.0613673102923211 -0.0555778781807557
v -0.18662693833582 -0.0629617777430006 -0.0650095896027486
v -0.18499404295749 -0.0644133186564819 -0.074464737796074
v -0.182610341794457 -0.0649602605003682 -0.083863611356276
v -0.179228360690803 -0.0642277790422463 -0.0929345310667871
v -0.17484822430674 -0.0619879708107346 -0.101298792612185
v -0.169634687967547 -0.058301813758965 -0.108600975629659
v -0.163849743001095 -0.0535012484197356 -0.114728484786871
v -0.157600296198354 -0.0473385204381667 -0.118821320088196
v -0.12167256075559 -0.0650454791192751 -0.106083935683271
v -0.116914286935036 -0.0578889151679353 -0.104515307573083
v -0.113039740494626 -0.0510105419594198 -0.100731593496065
v -0.10993811003001 -0.0446639025635421 -0.0955595066136558
v -0.107940184153976 -0.0392405060268231 -0.0889840633997336
v -0.107299916125345 -0.0351452894430396 -0.0812549146469775
v -0.107751506787407 -0.0323077855157535 -0.0729428620535933
v -0.108786438365073 -0.0302970928969943 -0.0644348971924886
v -0.110068151978777 -0.0287534074515677 -0.0558660243417979
v -0.111619861740458 -0.0276970407640623 -0.047256866167811
v -0.113611296129654 -0.0273699343537083 -0.0386796902741181
v -0.116296838715948 -0.0281383541148043 -0.0303342304248564
v -0.119875095738837 -0.0303535598896182 -0.0226229282187086
v -0.124275178220774 -0.0340551546176345 -0.0159878785237798
v -0.129138402549057 -0.0388038497202232 -0.010432899390299
v -0.134302922970916 -0.044446956818078 -0.00613706978774703
v -0.139622428586166 -0.0511100677083083 -0.00417787425265685
v -0.144521548039361 -0.0582703030396421 -0.00533938390578925
v -0.148501252531759 -0.0651295534263968 -0.00916940876445097
v -0.15159220561443 -0.0713849775210543 -0.0146092671414526
v -0.153669632235901 -0.0767479755768535 -0.0213674324934363
v -0.154558006306914 -0.0808918840709713 -0.0291919724270249
v -0.154424385525772 -0.0838724533669753 -0.0376009335600777
v -0.153696601192956 -0.0860993089798735 -0.0462211609975721
v -0.152630719794008 -0.0878402121002345 -0.0549233633165542
v -0.151044932038428 -0.0888827974131785 -0.0636624557866094
v -0.148829574934462 -0.0890659178302086 -0.0723133788952067
v -0.145808149728008 -0.0880743695350048 -0.0806398897910576
v -0.141977568249457 -0.0857534191825689 -0.0883238354537571
v -0.137435659997434 -0.0821181486477962 -0.0950237936130899
v -0.132419818686121 -0.0774560712040837 -0.100615622176164
v -0.127053092418039 -0.071786192385864 -0.104665628042583
v -0.102443561577561 -0.0816459800504445 -0.100475506548252
v -0.0975648234130276 -0.0743275299208043 -0.0991067110192806
v -0.0936176111104702 -0.0672945776139345 -0.0953572725875224
v -0.0905269530471627 -0.060839337777728 -0.0901073006714214
v -0.0884922769050701 -0.0552892880819118 -0.0835035460459333
v -0.0878223096428751 -0.0510993705265307 -0.0757268927485377
v -0.0883107835906697 -0.048271315616437 -0.0673424469348475
v -0.0893317127023106 -0.0462755457336147 -0.0587857213579286
v -0.0905482472968886 -0.0447193439009613 -0.0501694583521266
v -0.0920768598102186 -0.0437180729995742 -0.0415054426066818
v -0.0940119578082348 -0.0434539325361592 -0.0328568312080721
v -0.096559407538812 -0.0442279726703371 -0.0243903666982677
v -0.099998400662219 -0.0464742858794296 -0.0165237063182228
v -0.104280337087507 -0.0502397995830327 -0.00971424677113532
v -0.109078736060966 -0.0551257522083728 -0.00404496229706549
v -0.114244410764315 -0.0610122515804451 0.00019709512293953
v -0.1195688733888 -0.0679395806263829 0.00193487275521538
v -0.124442590924817 -0.0752934095172741 0.000566556253528779
v -0.128429819042739 -0.0823217114221086 -0.00330693816510906
v -0.131532802499122 -0.0887057623372103 -0.00878775367679368
v -0.133692326661621 -0.0942181838226699 -0.0155230712130417
v -0.134785967618293 -0.0986145350400594 -0.0232547473226888
v -0.13493642878817 -0.101918877044781 -0.0315715097402651
v -0.134397484746449 -0.104335734473428 -0.0401564062163515
v -0.133356722163505 -0.105994301282412 -0.0488596827418457
v -0.131830619489065 -0.106948919293064 -0.0576045524466278
v -0.129623860195811 -0.106936665489084 -0.0662723923131969
v -0.126577612351392 -0.105672039663807 -0.074603558242259
v -0.122714478100691 -0.103067594586825 -0.0822702617865095
v -0.118185484369415 -0.099211280593956 -0.0889878200970602
v -0.113221607923081 -0.0943846693546243 -0.0946821025130046
v -0.107876223647178 -0.0885336520056104 -0.0988523047326509
v -0.0800888650405242 -0.100664311044638 -0.093775250192216
v -0.074763255700945 -0.0937030229281412 -0.0923328398593594
v -0.0703662744947328 -0.0870024005159501 -0.0885082184387055
v -0.0668583401688393 -0.0808491081679699 -0.0831861880356796
v -0.0644125795131828 -0.0755217150109567 -0.0765682053831111
v -0.0633929941300815 -0.0714895179979087 -0.0687839956611688
v -0.0636850547791419 -0.0688425140327166 -0.0603765367100155
v -0.0647074541705377 -0.067125966082844 -0.0518077116525459
v -0.0659005393706026 -0.0657340424919315 -0.0432199488437818
v -0.0673349437703265 -0.0647192768117403 -0.0346018182055014
v -0.0691010784987055 -0.0642512731935054 -0.0259800757812914
v -0.0715956670518492 -0.064829979345031 -0.0175326101574312
v -0.0751432597769775 -0.0669148552972011 -0.00971442568768883
v -0.0796511534942052 -0.0705042919366358 -0.00299435118086426
v -0.0847568637129264 -0.075177354840136 0.00255180990282131
v -0.0902894909863403 -0.080834056840263 0.00660369998710521
v -0.0960111368501734 -0.0874771250653221 0.00808090949903227
v -0.101289737920331 -0.0944810966109821 0.00652197701078077
v -0.105685266409997 -0.101163457047174 0.00253181850792607
v -0.109212199772397 -0.107256364931668 -0.00298679817150929
v -0.111862333143683 -0.112603843374625 -0.00965104105043275
v -0.113500379438548 -0.116995340794275 -0.017269945177555
v -0.114145234252272 -0.120378761471697 -0.0255266063472116
v -0.113905229110054 -0.122807508164677 -0.034133965828624
v -0.11297253023856 -0.124406027825627 -0.0428794574819377
v -0.111363023969528 -0.125191676472816 -0.0516386843308157
v -0.109015897299863 -0.125053099957848 -0.0602743893572587
v -0.10577080031175 -0.123721459798994 -0.0685132950491044
v -0.101652303912159 -0.121119084687223 -0.0760287857270021
v -0.096848662973074 -0.117375771367168 -0.0825940626625646
v -0.0915968431580355 -0.112769812978136 -0.0881803171684505
v -0.0859182969013422 -0.107212501340397 -0.0922594765860555
v -0.0585287562301251 -0.121954274627051 -0.0872390264286151
v -0.053040208237114 -0.115169259709426 -0.0857624737357536
v -0.0484769888621861 -0.108634587868919 -0.081920032556719
v -0.0447533809002436 -0.102594055469109 -0.0766642111606393
v -0.0420396854301392 -0.0972951474025735 -0.0701538348895699
v -0.0407459704533694 -0.0931924748103271 -0.0624579034204177
v -0.0408404274636816 -0.09044872844679 -0.0540753038941196
v -0.0418150247621961 -0.0887298533625242 -0.045484883423874
v -0.043023230033477 -0.087445514196522 -0.0368697915736151
v -0.0443100738065413 -0.0864381482048027 -0.0282205695800954
v -0.0459108650946666 -0.0860018762462638 -0.01955441525591
v -0.0483556003209223 -0.0867043074509917 -0.0110973525950335
v -0.0519217292392114 -0.0889028246846526 -0.00331936343049438
v -0.0565034703310284 -0.0925653504213853 0.00330077186205303
v -0.0616995932437649 -0.0972612763541253 0.00871540989668244
v -0.0673391410219662 -0.102893517125463 0.0126048470932291
v -0.0731900314639667 -0.109431739726445 0.0139027033000501
v -0.0785934460830945 -0.116277349140474 0.0121919058646844
v -0.0831031352164655 -0.122801800530259 0.00812346484676517
v -0.0868016532270097 -0.12879226265784 0.00265403441008078
v -0.0897416829079815 -0.13413507689162 -0.0038490911164007
v -0.0917707405671856 -0.138627515231667 -0.0112767447661198
v -0.0928341182286846 -0.142163329901453 -0.0193928475678435
v -0.0929431775705539 -0.144714446463396 -0.0279417397298783
v -0.0920710553300768 -0.14623480127797 -0.0367006969863487
v -0.0903058135687061 -0.14674275381608 -0.0454412714860579
v -0.0878432972139095 -0.146377122246882 -0.0540234190386809
v -0.0845172808167343 -0.144872776070636 -0.0621798475418233
v -0.0803330779350729 -0.142155592135405 -0.0695921858460307
v -0.0754818590641308 -0.138366269743405 -0.0760630253405528
v -0.0702180122449894 -0.133802899189302 -0.0816320643258546
v -0.0644872049977015 -0.128351182353544 -0.0857306742123082
v -0.0332753204445925 -0.151423941662776 -0.0794912242748857
v -0.027279961820932 -0.145128258546793 -0.0779862714834073
v -0.0222248103781994 -0.139051592519481 -0.0740415804627537
v -0.0179956664899234 -0.133398063680049 -0.0687461621302545
v -0.0146836678515471 -0.128329556406125 -0.0623183681347914
v -0.0127552428508313 -0.124268932507182 -0.0547121158627766
v -0.0122682603139259 -0.121413925142208 -0.0463518020028558
v -0.01285455110933 -0.119588652023505 -0.0377112093291024
v -0.0139408585553936 -0.118378363970244 -0.0290170160451223
v -0.0152055421813603 -0.11749336526319 -0.0203117752024244
v -0.016951131081105 -0.117255747566479 -0.0116323400173456
v -0.0196220044951907 -0.11809404425797 -0.00322680703335809
v -0.023509426224701 -0.120333578942094 0.00440481425882763
v -0.0284665700922679 -0.123899422448769 0.0108138638236989
v -0.0340631988810556 -0.128371162873234 0.0160084760356941
v -0.0401450189330462 -0.133690946726436 0.0196268659659871
v -0.0464456246974946 -0.139816912521532 0.0205946668736853
v -0.0522593038908914 -0.146190740222898 0.0186047147446758
v -0.0571786410180985 -0.152275998421647 0.0144073003648049
v -0.0613523165198072 -0.157907244378653 0.00895172367951539
v -0.0648794604762653 -0.162992643382331 0.00257820059120512
v -0.0675949765223832 -0.167352863360263 -0.00466257916412979
v -0.0694056721356878 -0.170881234965567 -0.0126003446948214
v -0.0701126653054664 -0.173460401171841 -0.0210765765416808
v -0.069405415621195 -0.174892732085869 -0.0298442340962103
v -0.0673232228024097 -0.175157834065032 -0.0385065785755162
v -0.064513129623585 -0.174586602772154 -0.0469433315077263
v -0.0608927263854616 -0.173016994874914 -0.0549370784467083
v -0.056427523283784 -0.170368092282891 -0.0621864384950042
v -0.0512711225367677 -0.166740163904436 -0.0684879128422591
v -0.045708295143888 -0.162421711133276 -0.0739232368048668
v -0.0396586715639084 -0.157346311535539 -0.0779823459266013
v -0.00738593862042003 -0.1885059334869 -0.0738196637083774
v -0.00017755909152468 -0.182735561685104 -0.0721897476954933
v 0.00604671663884301 -0.17713611024151 -0.0679393274457853
v 0.0113369021689959 -0.17190526615492 -0.0622440917466464
v 0.0157289023734318 -0.167100862908343 -0.0555027564627803
v 0.0187204915613838 -0.163088481658803 -0.0475906147706826
v 0.0201648042730113 -0.160070640883612 -0.0388581914805759
v 0.0202206042070124 -0.158090525644833 -0.0297332400386082
v 0.0193014805549016 -0.156904746734087 -0.0205289630722459
v 0.0178535859469985 -0.156159796497854 -0.0113542085500293
v 0.0156663701728943 -0.156112493213431 -0.00228178875738585
v 0.0123608849874085 -0.15704783551261 0.0064244198049468
v 0.00764445782686859 -0.159262809160867 0.0142192130744508
v 0.00173814748726116 -0.162636820936536 0.0206937332281376
v -0.00489940920290519 -0.166787329560972 0.0258896420469773
v -0.0121311267794928 -0.171737499280282 0.029312374676683
v -0.0195874852455327 -0.177417425423831 0.0298952927827217
v -0.0264747905733144 -0.183311199632508 0.027464514737028
v -0.0324002926899573 -0.18895921057309 0.0228571364650126
v -0.0375773784794501 -0.194207844111163 0.0170425371891639
v -0.0422106504491523 -0.198984839900342 0.0104134013728174
v -0.046170299399363 -0.203164031130422 0.00302069630622511
v -0.0492027638514148 -0.2066272198925 -0.00510859790235378
v -0.0507649864461482 -0.209180388914016 -0.0139284857190067
v -0.0502955756061774 -0.210583152123868 -0.023115611052757
v -0.0477313572610693 -0.210763498363012 -0.0320889280134441
v -0.0440194767702262 -0.210017690718714 -0.0406548823213121
v -0.039601506532925 -0.208455483620491 -0.0488086376296344
v -0.0343723803795285 -0.205978673015698 -0.056246128292331
v -0.0283987807308903 -0.202624439301725 -0.0627152712296715
v -0.0219182813684112 -0.198597842475595 -0.0682080067587008
v -0.0148852800520131 -0.193918308761198 -0.0723100930617101
v 0.00534422026725263 -0.218226636934062 -0.0717306752223195
v 0.0139315955626058 -0.213538917058306 -0.0698441061146112
v 0.0215015704526663 -0.208956584339828 -0.0652237315962431
v 0.0280604351055975 -0.204619113561875 -0.0590875656094437
v 0.0336819704347574 -0.200533955205908 -0.0519150837963905
v 0.0379025454390839 -0.196963173908624 -0.043596881487092
v 0.0405083424461125 -0.194073275919924 -0.0343986769894316
v 0.041417632392231 -0.1920458769783 -0.024656109899447
v 0.0407404486167169 -0.19084290042602 -0.0147551545904277
v 0.0389622328168021 -0.190177572220501 -0.00494103255509167
v 0.0361043306783903 -0.190152737236672 0.00463130039400282
v 0.0319017054585145 -0.190924707922617 0.0136740039774205
v 0.0261476535825954 -0.19270755059149 0.0216627556519946
v 0.0190910672930644 -0.195403667967545 0.0282283382328295
v 0.0111830124856575 -0.198732524319157 0.0333687255882341
v 0.00259837837051124 -0.202742755653652 0.0365572386692506
v -0.00622060962672322 -0.207397461712292 0.0367438696832325
v -0.0144019491573747 -0.212286109235623 0.0338136312622575
v -0.0214701931000004 -0.217005485584446 0.0285899025738218
v -0.0277361754055023 -0.221381882190931 0.0222113505832665
v -0.0336245409444848 -0.225407857627747 0.0152739193217302
v -0.0390181956923728 -0.228989411281949 0.00773011728224096
v -0.04340005345806 -0.232016223032214 -0.000653126611350012
v -0.0458950951852727 -0.234310487361913 -0.0099774277734969
v -0.0457027167705719 -0.235663512139534 -0.0197982960122572
v -0.0426595429334333 -0.23596931459668 -0.0292519012552445
v -0.0378371089018758 -0.235368740506908 -0.0379321632621291
v -0.0323158304652902 -0.234108190286604 -0.0461148404392896
v -0.0261593908500116 -0.232203333251184 -0.0537379181487272
v -0.0192734045505143 -0.229618015525758 -0.0604937181280896
v -0.0117458884456671 -0.226426228215361 -0.0662158407617758
v -0.00349039851218274 -0.222623093602172 -0.0703455867222333
v 0.0146959498257605 -0.247250713678074 -0.071925738749869
v 0.0243252714853829 -0.242776204807025 -0.069828513642582
v 0.0328484178946577 -0.238417059723355 -0.0647721533640642
v 0.0402953469359863 -0.234264528065399 -0.058128826271826
v 0.0467861510472082 -0.230299451023914 -0.0504306051916377
v 0.0519328882119775 -0.226721765732284 -0.0415980233723109
v 0.0554737006255529 -0.223683886608277 -0.0318183614471896
v 0.0571199331107483 -0.221437818485557 -0.0213391514477205
v 0.0566836748148265 -0.220110636337715 -0.010576444631994
v 0.0546091285759548 -0.219528398488361 6.16039688571379e-05
v 0.0511130503121331 -0.219671131371047 0.0103274805436147
v 0.0461367619563935 -0.220564785082412 0.0199258684184899
v 0.0396059485612228 -0.222320653223818 0.0284032283471434
v 0.0317005556842828 -0.224904499528843 0.0353564261814475
v 0.0228689893783256 -0.228076612380271 0.0407713911354118
v 0.013281712597939 -0.231907914305832 0.044046163444826
v 0.00343396856017126 -0.236387008745728 0.0440421190248909
v -0.00569812186317564 -0.241117650027389 0.0406912411196709
v -0.0136073736950479 -0.245690432701516 0.0349309153034569
v -0.0207421692937901 -0.249921498887774 0.0281092000252821
v -0.0275871562463365 -0.253821418439391 0.0208402228884105
v -0.0341089227611967 -0.257313735542775 0.0130462653037127
v -0.0395697738919339 -0.260293765907223 0.0042363859417299
v -0.0427381006084736 -0.262593049607727 -0.00583853739869893
v -0.0426565087997735 -0.263976912252005 -0.0165663857910125
v -0.0393136786466978 -0.26432362166 -0.0268488573479676
v -0.0337108517571876 -0.263737293632913 -0.0360595774125759
v -0.0271806999241724 -0.262446066204048 -0.044496483871526
v -0.0201840656446533 -0.260598392493588 -0.0524470220799255
v -0.0126033654883633 -0.258162493447907 -0.0596977492687699
v -0.0043304603681544 -0.255139190065134 -0.065952838547231
v 0.00482969490903087 -0.251478868283915 -0.0704484662232275
v 0.0247945938137245 -0.275212524051763 -0.0714180349830693
v 0.0353777484271815 -0.271524510115687 -0.069104237460102
v 0.0447775980122488 -0.267936106137656 -0.0636474064565121
v 0.0530218789779306 -0.264500695656896 -0.0565371581714008
v 0.0602796581569096 -0.261149782195893 -0.0483790022944345
v 0.0662513430873572 -0.25800636100458 -0.0391541121458491
v 0.0706188979481084 -0.255234083060793 -0.0289470324197353
v 0.0729377474558025 -0.253070487411514 -0.0179430153483847
v 0.072809062162971 -0.251715329231007 -0.00656764537021484
v 0.0705352662980924 -0.251114805491544 0.00464144070251543
v 0.0664754097672066 -0.251179396781969 0.0153452970852915
v 0.0608304436724482 -0.251849797057537 0.0252831096026319
v 0.0536314730107189 -0.253156761223781 0.0340948793351955
v 0.0449738339305673 -0.255141117008758 0.0413372828576
v 0.0353229504715365 -0.257603714106237 0.047024838247202
v 0.0247837400932523 -0.260693958014037 0.0503451798169957
v 0.013936288987944 -0.26439386764145 0.0501998263057025
v 0.00379580012875763 -0.268342762234431 0.0466173618533645
v -0.00515723722418896 -0.272188658171661 0.0406050092395175
v -0.0132604835809129 -0.27577804961132 0.0333984643183518
v -0.0209731324839185 -0.279087871194708 0.0256901366150815
v -0.0283705812333768 -0.282101310461383 0.0175265240456412
v -0.0345583561742695 -0.28472929206448 0.00826259577846204
v -0.0381236649417405 -0.286818011644108 -0.0024066459767977
v -0.038151299722931 -0.288142548777344 -0.0137737127351827
v -0.0347131946935373 -0.288603637903411 -0.0246771338958147
v -0.0286522680429267 -0.288255191854391 -0.0343705786757829
v -0.0213639640446238 -0.287300310574197 -0.0430999926832652
v -0.013470833333892 -0.285870734058811 -0.0512099926641024
v -0.00511232625282454 -0.283995131763888 -0.0587364626977053
v 0.00394722481867414 -0.281621483595266 -0.065290069672777
v 0.0139841075782799 -0.2786761124126 -0.0699483471637384
v 0.0330656920334827 -0.306070587777898 -0.0704695581217023
v 0.0444018751092169 -0.302913519498385 -0.0683106252753765
v 0.0545550830228111 -0.299850295634614 -0.062777003468304
v 0.0634165067534432 -0.296892310949363 -0.055342599452624
v 0.0712398957422861 -0.293954916129826 -0.0467861108370864
v 0.0776994057468544 -0.291172308635554 -0.037104532663569
v 0.0825190981790737 -0.288697325386506 -0.0264130868054606
v 0.0851924587992635 -0.286709611749842 -0.0148832111832881
v 0.0853346212474144 -0.285353860729967 -0.00295267655003644
v 0.0830320386866 -0.284658292552591 0.00880143802960451
v 0.0787440841248917 -0.284518216254719 0.0199874624568529
v 0.0727998542261483 -0.284887992535611 0.0303711032888036
v 0.0651101516996657 -0.285877299834135 0.0395060392274382
v 0.0559335610046196 -0.287459174313215 0.0470520373288915
v 0.0456357756940139 -0.289507911424817 0.0528489299527245
v 0.0343452048084226 -0.292163614660775 0.0559939256597049
v 0.0227639817795599 -0.295389678704852 0.0556222512256928
v 0.0118393210744423 -0.298862513049831 0.0519859803290011
v 0.0019431825894669 -0.302282360619531 0.0460959405655164
v -0.00710994407727148 -0.305497492242937 0.038891829886132
v -0.0156478373292777 -0.308456690797103 0.0309897765897302
v -0.0236415424780861 -0.31111966059266 0.0223973001542552
v -0.0301990736661792 -0.313449453673547 0.0125302187613451
v -0.0338317932310807 -0.315337230096859 0.00117147714061403
v -0.033839887308479 -0.316620200786491 -0.0108288769593013
v -0.0306111597052881 -0.3172436695035 -0.0224202131306504
v -0.0244210485493225 -0.31715946177303 -0.0327287270405229
v -0.0165728171163455 -0.316479777559353 -0.0417539333704339
v -0.00795837165282934 -0.315313063578388 -0.0499591124777055
v 0.00118712849166377 -0.313696981790827 -0.0574498382206042
v 0.0109258426406324 -0.311622846033392 -0.064051169858002
v 0.0216001980858595 -0.30905621341545 -0.0687979037789316
v 0.0371727022177045 -0.324865623568907 -0.0701011664083624
v 0.0488442127640201 -0.322224980921039 -0.0680253785958666
v 0.0594999712550243 -0.319690259652025 -0.062549929215583
v 0.0689115691713891 -0.317130610098701 -0.0550301516220064
v 0.0772144149442192 -0.314476608769353 -0.0462795260971606
v 0.0839660022128582 -0.311994568582342 -0.0362364522539853
v 0.0888248182042469 -0.309841419328684 -0.0250981778644405
v 0.0914037847268021 -0.308150808263368 -0.0131513897584481
v 0.0915735163824291 -0.306923946712767 -0.000855219455151041
v 0.0895123506443366 -0.306021335818412 0.0112840042330132
v 0.0854341315385002 -0.305513118270221 0.0229202088838875
v 0.0793977248637419 -0.305532224128125 0.0336656947864019
v 0.0713560680275605 -0.306276423643936 0.0429384992956245
v 0.0617274486213187 -0.307626666912598 0.0504377671970502
v 0.0509544780384 -0.309315016446241 0.0560782948665756
v 0.0392819016788103 -0.311510006112238 0.059068945895379
v 0.0273705507924778 -0.314266909175274 0.0586704990317277
v 0.0159888111819105 -0.317311578931637 0.055203155451323
v 0.00543496323592814 -0.320366097272869 0.049517587267829
v -0.0042798496203402 -0.323273228246395 0.042282852361039
v -0.0132589228120023 -0.325956692490222 0.034012490061201
v -0.0215795816879405 -0.32829284607889 0.0249841827289854
v -0.028317104684449 -0.330315698179037 0.0147045967744114
v -0.0319676975982514 -0.332005728034059 0.00303102664272333
v -0.0319605302351357 -0.333260778351354 -0.00919058445271241
v -0.0288827593294262 -0.333991189121656 -0.021077165728533
v -0.0227203876324506 -0.334164465038452 -0.0317951755275383
v -0.0145394329503402 -0.333801902823436 -0.0411307050029245
v -0.00554417210571721 -0.332927367498071 -0.0496491966103203
v 0.00409486158190424 -0.331561366221612 -0.0573033095679554
v 0.0143906031182878 -0.329733367080283 -0.0637910757039447
v 0.0254441575675936 -0.327451027965186 -0.0684319612672302
v 0.0431899900551801 -0.346361242904632 -0.0773639752993659
v 0.0566313764848696 -0.343451643410389 -0.074524493710171
v 0.0689599853744221 -0.340605869757727 -0.0684026754085726
v 0.0801257629430367 -0.337479122014606 -0.0604412693870099
v 0.0898473996084492 -0.334300163151138 -0.0507379414575815
v 0.0975524838593093 -0.331465977868405 -0.0392568942260094
v 0.102782656411911 -0.329212614049427 -0.0263395555123671
v 0.105376472611501 -0.32752034026369 -0.0125499122460287
v 0.10550738216751 -0.326229527002798 0.00153174626439376
v 0.103524737167505 -0.325125759394224 0.0154665600423373
v 0.0992775346196638 -0.324364201229152 0.0288653633681924
v 0.0925915077895387 -0.324286232440596 0.0412337075192535
v 0.0834117847359822 -0.325197343988355 0.051827380767
v 0.0722287882268741 -0.326981824056118 0.0601310832677792
v 0.0597453771874817 -0.329150992398944 0.066177357058582
v 0.0463560605778863 -0.331620574849254 0.0697140262455338
v 0.0326098796153346 -0.334731148663201 0.0696850092188311
v 0.0194044952725214 -0.338270721124699 0.0661630578602454
v 0.00723775120486489 -0.341881278028385 0.0599205079859553
v -0.00380522381495425 -0.345312636818824 0.0517313950434894
v -0.0136915353103639 -0.348473209111104 0.042073535046971
v -0.0226518614918241 -0.351163739677716 0.0314487715936113
v -0.0303373410284104 -0.353353851932941 0.0197374863378981
v -0.0350099460697141 -0.355169941489852 0.00648567126615647
v -0.0353709014130811 -0.356569213906733 -0.007584101232585
v -0.0316550653536866 -0.357421930909893 -0.0211963417659887
v -0.0244571124574471 -0.357685161319883 -0.0333710821147938
v -0.0154565104069497 -0.357307168968309 -0.044233202441536
v -0.00562615757592359 -0.356237455202119 -0.054287056548951
v 0.00512785256872913 -0.354546040172508 -0.0632300815250477
v 0.0168142160108682 -0.352229304721861 -0.0707124069056392
v 0.0295602022214941 -0.34938956199008 -0.0759172420801515
v 0.051126056970114 -0.37119078147723 -0.08665881763643
v 0.0666582903710457 -0.367869800368315 -0.083083628970902
v 0.0810812125103283 -0.364447970584465 -0.0762503504314676
v 0.0942639524917275 -0.360640241671726 -0.0673748504607438
v 0.105615571108393 -0.356901687872971 -0.0562594850202609
v 0.114401468025768 -0.353691264237847 -0.0429202797793
v 0.120161524595039 -0.351239647257904 -0.0278772968210653
v 0.122989067859015 -0.349405559879009 -0.0119199719929612
v 0.123234789486702 -0.347908742888942 0.0043268493973017
v 0.121037801302299 -0.346765477202369 0.0204285848458328
v 0.116469173952643 -0.345820845684694 0.0359769624057592
v 0.108985203902576 -0.345685328407217 0.0503329361068574
v 0.0984654013386379 -0.346743496690909 0.0626148128036399
v 0.0854843630868349 -0.348878743484151 0.0721756380146649
v 0.0708959079898947 -0.351628346361501 0.078904663696024
v 0.0553832277282002 -0.354558915319045 0.0829474498366225
v 0.0394835337454362 -0.358082443849132 0.0832375712349918
v 0.0241478231422107 -0.36218366370969 0.0794159443721923
v 0.00999509855716534 -0.366377978830187 0.0723465623525253
v -0.00280920195479575 -0.370368029894186 0.0629752900608746
v -0.0141110157611919 -0.374076679536474 0.0517715873148654
v -0.0239920559822196 -0.377330390546197 0.0391961606489516
v -0.0324466849349823 -0.379957083593606 0.025531226949998
v -0.0379894415713607 -0.382053626003524 0.0104146227693209
v -0.038938648247087 -0.383594698092817 -0.00572278561184082
v -0.0345598530097083 -0.384501574270519 -0.0213472376859627
v -0.0264877264387591 -0.384701413101957 -0.0354662577035367
v -0.0165237139473771 -0.38415526446964 -0.0483544456200141
v -0.00539952223367373 -0.382834714236301 -0.060235146444964
v 0.00689589696444194 -0.380789882236943 -0.0708132881025772
v 0.0203515403981197 -0.377982857156776 -0.0796827548176539
v 0.0352593419413494 -0.374654843757136 -0.0854716117033103
v 0.055488335399126 -0.388295734580406 -0.0955491352428658
v 0.0732444855456719 -0.384284956504284 -0.0918753571421769
v 0.0894677206386872 -0.380458178096714 -0.0839892697700425
v 0.104050692276949 -0.376415948746396 -0.0737206388122249
v 0.116827700397499 -0.372196361942565 -0.061399519922744
v 0.126754055249726 -0.368462042405894 -0.0465769541283717
v 0.133200225177681 -0.36557645849664 -0.0297586903509361
v 0.136296616235742 -0.363486115454457 -0.0118996760591273
v 0.136535456935187 -0.361881606689497 0.00624028549251019
v 0.13430393190722 -0.360589459043393 0.0242210241025809
v 0.129380155972576 -0.359627714471459 0.0416817627900214
v 0.12089520600366 -0.359752481490123 0.0577420379434985
v 0.108916093383099 -0.361187138624125 0.0713579553130032
v 0.094311366225945 -0.363603887855875 0.0820302336869756
v 0.0780151274485896 -0.366434753513598 0.089887703415004
v 0.060506048306033 -0.369703192249599 0.0945452415316664
v 0.0425279413829366 -0.373830108519007 0.0946720095029824
v 0.0253043987412498 -0.378478142131145 0.0902461075701565
v 0.00951571596644855 -0.383135373685106 0.0824193901302879
v -0.00476686984454584 -0.38751837724765 0.0722139806134754
v -0.0173939670813646 -0.391590657597358 0.0600581188501614
v -0.0284512533231358 -0.395198964491224 0.0463344308999259
v -0.0375667423257927 -0.398345727713606 0.0309272438109691
v -0.043136940985947 -0.400990727535224 0.0136009056787788
v -0.0437550598745009 -0.402789714220092 -0.00477059514338134
v -0.0397578604560631 -0.403555822173795 -0.0227269592538903
v -0.0314936043566452 -0.403421491752164 -0.0390292970981673
v -0.0206356238024496 -0.402661944899831 -0.0534377559943187
v -0.00827768063795011 -0.401196431761252 -0.0663284401409683
v 0.00538217629702227 -0.398927359465703 -0.0778375638379299
v 0.0205567145210785 -0.395938462009212 -0.0874722564952498
v 0.0374307599762125 -0.392308778040897 -0.0939400432125102
v 0.0675040968104902 -0.412499805221937 -0.0986656663727425
v 0.0864114284352628 -0.408095928332264 -0.0945989378076147
v 0.103671437335409 -0.403841073800094 -0.0864023493410843
v 0.119233034442554 -0.399488475219597 -0.0757719084669433
v 0.132806121158007 -0.395023738757349 -0.0627458689968148
v 0.143311856814788 -0.390928496841673 -0.0469959787497122
v 0.150336516888433 -0.387464853990676 -0.0292525794590074
v 0.15411710656215 -0.384682827553874 -0.0103991364847324
v 0.15487399462981 -0.382671339811946 0.00893499541681794
v 0.152066157352732 -0.381923028047478 0.0280991650703637
v 0.146412576726462 -0.38168902919988 0.0465571720636276
v 0.137366621102753 -0.382180880820933 0.0636100407277209
v 0.124625831731245 -0.383813585565331 0.0780515374786152
v 0.109161425974035 -0.3862287625307 0.0894274636813684
v 0.0918333876736646 -0.389158677110747 0.0977762549279647
v 0.0731492109604888 -0.392646859715059 0.102767964111687
v 0.0538186744903031 -0.396920163401217 0.103306232124275
v 0.0350886479974421 -0.401671565923603 0.0990965168428573
v 0.0179937899052351 -0.406442925769639 0.0908614761582879
v 0.0026248509274198 -0.411015909688055 0.0800828969278598
v -0.0109741327761197 -0.415398831075199 0.067232274515766
v -0.0224207913792726 -0.41943538362015 0.0522879032962021
v -0.0311279356226691 -0.4229049617493 0.0354282218491784
v -0.0362636634997666 -0.425695311067127 0.0169426673956497
v -0.0371123855653231 -0.427603084428696 -0.00246704174756117
v -0.033197862635067 -0.428331236660932 -0.0215289005266077
v -0.0256534483894143 -0.428261531670025 -0.0393040254119636
v -0.0151027254537178 -0.427476497297706 -0.0554266453105275
v -0.0021282798182598 -0.42582117816028 -0.0696917285909073
v 0.012772376059647 -0.423435636330508 -0.0819005551186593
v 0.0295346050015007 -0.420429199724565 -0.0915445627854722
v 0.0480541917305302 -0.416747449233966 -0.0975676804442561
v 0.0781282135150958 -0.426630680843358 -0.0901618259357344
v 0.0957101010514129 -0.422794198021863 -0.0864927814609626
v 0.112130892045433 -0.418900924232831 -0.0793088864626043
v 0.127065703770726 -0.414700228766069 -0.0695396770905787
v 0.139822302570538 -0.410425447863669 -0.0571607888982392
v 0.149748046480712 -0.406398235801061 -0.0423279688533724
v 0.156623780072632 -0.402870024035709 -0.0256541694993559
v 0.160495133300491 -0.400041485037076 -0.00784343288304962
v 0.161188644478965 -0.398227214146858 0.0104529447805594
v 0.158562967377745 -0.397687601967228 0.0286384642141405
v 0.152836772687907 -0.3978594092751 0.0460746018010049
v 0.144118331678509 -0.398606391348576 0.0620628939278278
v 0.132219221494933 -0.400190280259525 0.0756487887662113
v 0.117714328482652 -0.402419282027931 0.0863587136384795
v 0.101400716258049 -0.405049628834421 0.0939593691246137
v 0.0838967080927836 -0.408047001410096 0.098203683950177
v 0.0659012255798397 -0.411648099873013 0.0987281575960847
v 0.0482602955747862 -0.415910199120717 0.095304005178646
v 0.0317708088583922 -0.420529651557452 0.0882370926859076
v 0.016842187473367 -0.42521079924157 0.0783202879841935
v 0.00363523713916641 -0.429767338700848 0.0661616360034215
v -0.00729336540633181 -0.433833991683557 0.0518096133016249
v -0.0152738552070709 -0.437118014359504 0.0355214194027763
v -0.019757880342876 -0.439499091169868 0.017888145771026
v -0.0205008787905776 -0.44111600192689 -0.000293541188989793
v -0.0173215469354912 -0.442204595764863 -0.0183077705875379
v -0.0106632421173388 -0.442531920958506 -0.0355139874294637
v -0.000788643069437042 -0.441770860713691 -0.0512370104930242
v 0.0117211042409322 -0.439974173486975 -0.064979509469825
v 0.026322109900631 -0.437336996130004 -0.0762994427473383
v 0.0425721611530946 -0.434122212096149 -0.0847569370073889
v 0.060093944744747 -0.430481325524901 -0.0895833698679682
v 0.089006876235399 -0.432936146625037 -0.0880943813456155
v 0.106590145607216 -0.429265303995591 -0.0847013956752874
v 0.123146578301666 -0.425249116878051 -0.0779390158133238
v 0.138059703761585 -0.420937212999859 -0.0682616112033303
v 0.150648181505073 -0.416658697533718 -0.0557150626305507
v 0.160386823156215 -0.412632994144498 -0.0407910230239774
v 0.167127922100746 -0.409061643268655 -0.024204301271319
v 0.170859948144696 -0.406335245962427 -0.00658160347464647
v 0.17144025366911 -0.404895058814772 0.0115237106840757
v 0.168984813084264 -0.40438667145119 0.0294970511499543
v 0.163364636029405 -0.404786051350933 0.0467424956867009
v 0.15464872469168 -0.405760546979227 0.0626372987831959
v 0.142908427542687 -0.407274711323858 0.0763919378864446
v 0.12854827372532 -0.409364432939055 0.0872383250705019
v 0.112276377654109 -0.411919896107978 0.0947744924680733
v 0.0948123614753386 -0.414770852863712 0.0988125217592401
v 0.0769526962560949 -0.417955304112226 0.0992117885794395
v 0.0594454715661758 -0.421734756267333 0.0959081909433332
v 0.0429112075322157 -0.42616780734232 0.0892813572868888
v 0.0278114877626603 -0.431034692762899 0.0797337581623524
v 0.0145035254647524 -0.435930049247306 0.0676057314970806
v 0.00353527259828036 -0.440259768956595 0.0532019950822944
v -0.00445889086833448 -0.443703772643721 0.0368520758033179
v -0.00898770815549276 -0.446277990787386 0.0191771914387362
v -0.00984539247308544 -0.448078038621776 0.000925514664620577
v -0.00680534364962736 -0.44915188996912 -0.0172134363920593
v -9.08578355422887e-05 -0.449279683621685 -0.034552400104802
v 0.00984723712513541 -0.44833094812173 -0.0504225368446853
v 0.022483769503043 -0.446267884434147 -0.0641998980261201
v 0.0372791516741896 -0.443329075164464 -0.075303660115917
v 0.0536404080331964 -0.43995990480419 -0.0832590254901095
v 0.0710961954552919 -0.436460633225692 -0.087605694116521
v 0.0927074354113567 -0.435831506307242 -0.0924404886331654
v 0.111246869769971 -0.431939594376879 -0.088987607883111
v 0.128637220099423 -0.427840779613557 -0.08194669572238
v 0.144290364631585 -0.423429105721167 -0.0716612464247375
v 0.157457776901357 -0.419083599080315 -0.0583219017216244
v 0.167581524713027 -0.414986291274528 -0.0425887748057419
v 0.174520351793295 -0.411347770263677 -0.0251908802161033
v 0.178285680638999 -0.408699940416794 -0.00674696204953326
v 0.178919046364503 -0.407358406825504 0.0121204733071502
v 0.17644239192072 -0.406834704756858 0.0308578403918465
v 0.170676003584019 -0.407310803000042 0.0489208599842392
v 0.161539858700048 -0.408465721858129 0.0655805036519123
v 0.149209078319068 -0.410065467047145 0.0800715289047168
v 0.134102118931256 -0.412155167442978 0.0915818538163633
v 0.116958230420767 -0.414692418297641 0.0995396536623241
v 0.0986132814523261 -0.417452437362873 0.103748797486195
v 0.0798218479835356 -0.420637531284564 0.104144859402363
v 0.0614210539657336 -0.424498414419167 0.100676451418881
v 0.0440645074798629 -0.429052437893773 0.0938359568146705
v 0.0281711225705201 -0.434037660651238 0.0840159685325211
v 0.0141613177511714 -0.438988517167679 0.0714550425797335
v 0.00258965020051985 -0.443466946038274 0.0563922529907627
v -0.00587803531296771 -0.44711991102528 0.0391342038377894
v -0.0106801666707854 -0.449878059398154 0.0204241223442367
v -0.0116641144271448 -0.45178110280018 0.00111257762683692
v -0.00847295137805617 -0.452880812632571 -0.0180742863596291
v -0.00137997918784758 -0.452979303489508 -0.036429669436634
v 0.00913865760123463 -0.451974205835978 -0.0531487258335054
v 0.0225038794130153 -0.449888682196994 -0.0675333795237263
v 0.03807296440183 -0.446901780040116 -0.0790594612977157
v 0.0553426275454025 -0.443382567106468 -0.0873069057601659
v 0.0737899646972508 -0.439645357747495 -0.0918417971165316
v 0.0936858654268753 -0.440442232892277 -0.0918643674939798
v 0.112167678343217 -0.436611434346141 -0.0884695271678489
v 0.129528439879786 -0.432512034955082 -0.081287151712395
v 0.145045778776973 -0.428108798610784 -0.0708470086239525
v 0.15802438126461 -0.423758711955241 -0.057471864729029
v 0.167948383250599 -0.419618935798234 -0.0418043518072654
v 0.174657923153995 -0.415961275029377 -0.0245360652091334
v 0.178283569606141 -0.413311455779439 -0.00630331559863285
v 0.178905717138911 -0.411962940432412 0.0123983696217265
v 0.176535332095046 -0.411538785294793 0.0310066633985801
v 0.170850986405006 -0.412089824640776 0.0488957934111545
v 0.161784031119034 -0.413280558054394 0.0653849037974324
v 0.149547430056754 -0.414909323712477 0.0797097970943253
v 0.134591549114624 -0.416990517899489 0.0911119249251008
v 0.117606065531848 -0.419475731497811 0.099057362142178
v 0.0993910874335277 -0.422166650020794 0.103296906873314
v 0.080796118595617 -0.425230749378471 0.103645323385965
v 0.0626087408910544 -0.428981218479436 0.100273929668005
v 0.0453710667426001 -0.433527246421235 0.0936997858643913
v 0.0294898017609616 -0.438564266702852 0.0841849994518192
v 0.0153907883308837 -0.443551712777712 0.0718500120937114
v 0.00370543909283821 -0.44806040054134 0.0568812288886021
v -0.00483552331916619 -0.451721756938564 0.0396491262489388
v -0.00975177651173983 -0.454522419425042 0.0209176458296992
v -0.0106872264433314 -0.456429148015206 0.00154164909197341
v -0.00752356102825607 -0.457512071880606 -0.0177123616121187
v -0.000433227229460617 -0.45759685746902 -0.0360951662920964
v 0.0101432691602907 -0.456576873571654 -0.0528079263535119
v 0.0236081993082071 -0.454473687873246 -0.0671348608885798
v 0.0392462309442568 -0.451474986557887 -0.0785851319933739
v 0.0565087997758785 -0.4479117564109 -0.0867053555139205
v 0.0748727250817028 -0.444174393733538 -0.0911996781172803
f 39 8 40
f 54 21 22
f 40 9 41
f 55 22 23
f 41 10 42
f 56 23 24
f 42 11 43
f 57 24 25
f 43 12 44
f 58 25 26
f 44 13 45
f 59 26 27
f 46 13 14
f 60 27 28
f 47 14 15
f 33 2 34
f 61 28 29
f 48 15 16
f 34 3 35
f 61 30 62
f 49 16 17
f 35 4 36
f 62 31 63
f 50 17 18
f 36 5 37
f 63 32 64
f 51 18 19
f 37 6 38
f 64 1 33
f 52 19 20
f 38 7 39
f 53 20 21
f 67 34 35
f 93 62 94
f 81 48 49
f 68 35 36
f 94 63 95
f 81 50 82
f 69 36 37
f 95 64 96
f 82 51 83
f 70 37 38
f 96 33 65
f 83 52 84
f 71 38 39
f 84 53 85
f 72 39 40
f 85 54 86
f 73 40 41
f 86 55 87
f 74 41 42
f 87 56 88
f 75 42 43
f 88 57 89
f 76 43 44
f 89 58 90
f 77 44 45
f 90 59 91
f 78 45 46
f 91 60 92
f 79 46 47
f 66 33 34
f 92 61 93
f 80 47 48
f 102 69 70
f 97 96 65
f 116 83 84
f 102 71 103
f 117 84 85
f 104 71 72
f 118 85 86
f 105 72 73
f 119 86 87
f 105 74 106
f 119 88 120
f 107 74 75
f 120 89 121
f 107 76 108
f 121 90 122
f 109 76 77
f 123 90 91
f 110 77 78
f 123 92 124
f 111 78 79
f 98 65 66
f 125 92 93
f 111 80 112
f 98 67 99
f 125 94 126
f 113 80 81
f 99 68 100
f 127 94 95
f 113 82 114
f 100 69 101
f 128 95 96
f 114 83 115
f 137 104 105
f 150 119 151
f 137 106 138
f 152 119 120
f 139 106 107
f 153 120 121
f 139 108 140
f 154 121 122
f 141 108 109
f 155 122 123
f 142 109 110
f 155 124 156
f 142 111 143
f 130 97 98
f 157 124 125
f 143 112 144
f 130 99 131
f 157 126 158
f 145 112 113
f 132 99 100
f 159 126 127
f 146 113 114
f 132 101 133
f 159 128 160
f 147 114 115
f 134 101 102
f 129 128 97
f 147 116 148
f 135 102 103
f 148 117 149
f 135 104 136
f 150 117 118
f 171 140 172
f 186 153 154
f 172 141 173
f 186 155 187
f 173 142 174
f 187 156 188
f 174 143 175
f 162 129 130
f 189 156 157
f 175 144 176
f 162 131 163
f 189 158 190
f 177 144 145
f 164 131 132
f 190 159 191
f 178 145 146
f 164 133 165
f 192 159 160
f 179 146 147
f 166 133 134
f 161 160 129
f 180 147 148
f 166 135 167
f 181 148 149
f 167 136 168
f 182 149 150
f 169 136 137
f 182 151 183
f 169 138 170
f 183 152 184
f 170 139 171
f 184 153 185
f 206 175 207
f 194 161 162
f 221 188 189
f 207 176 208
f 194 163 195
f 222 189 190
f 209 176 177
f 196 163 164
f 223 190 191
f 210 177 178
f 196 165 197
f 224 191 192
f 210 179 211
f 198 165 166
f 193 192 161
f 212 179 180
f 198 167 199
f 213 180 181
f 199 168 200
f 214 181 182
f 201 168 169
f 215 182 183
f 201 170 202
f 215 184 216
f 203 170 171
f 217 184 185
f 204 171 172
f 218 185 186
f 205 172 173
f 219 186 187
f 205 174 206
f 220 187 188
f 242 209 210
f 229 196 197
f 255 224 256
f 243 210 211
f 229 198 230
f 225 224 193
f 243 212 244
f 230 199 231
f 245 212 213
f 232 199 200
f 245 214 246
f 232 201 233
f 247 214 215
f 234 201 202
f 247 216 248
f 235 202 203
f 249 216 217
f 235 204 236
f 250 217 218
f 237 204 205
f 251 218 219
f 237 206 238
f 252 219 220
f 239 206 207
f 226 193 194
f 253 220 221
f 239 208 240
f 226 195 227
f 253 222 254
f 241 208 209
f 228 195 196
f 254 223 255
f 277 244 245
f 263 232 264
f 278 245 246
f 265 232 233
f 279 246 247
f 266 233 234
f 280 247 248
f 266 235 267
f 281 248 249
f 268 235 236
f 282 249 250
f 269 236 237
f 283 250 251
f 270 237 238
f 284 251 252
f 271 238 239
f 258 225 226
f 285 252 253
f 271 240 272
f 259 226 227
f 286 253 254
f 272 241 273
f 259 228 260
f 287 254 255
f 274 241 242
f 261 228 229
f 288 255 256
f 275 242 243
f 262 229 230
f 257 256 225
f 276 243 244
f 262 231 263
f 312 279 280
f 299 266 267
f 313 280 281
f 300 267 268
f 314 281 282
f 301 268 269
f 315 282 283
f 302 269 270
f 316 283 284
f 303 270 271
f 290 257 258
f 317 284 285
f 304 271 272
f 291 258 259
f 318 285 286
f 305 272 273
f 292 259 260
f 319 286 287
f 306 273 274
f 293 260 261
f 320 287 288
f 307 274 275
f 294 261 262
f 289 288 257
f 308 275 276
f 295 262 263
f 309 276 277
f 296 263 264
f 310 277 278
f 297 264 265
f 311 278 279
f 298 265 266
f 346 315 347
f 334 301 302
f 348 315 316
f 334 303 335
f 322 289 290
f 348 317 349
f 336 303 304
f 323 290 291
f 350 317 318
f 337 304 305
f 324 291 292
f 351 318 319
f 337 306 338
f 325 292 293
f 351 320 352
f 339 306 307
f 326 293 294
f 352 289 321
f 339 308 340
f 327 294 295
f 340 309 341
f 328 295 296
f 342 309 310
f 328 297 329
f 342 311 343
f 330 297 298
f 344 311 312
f 330 299 331
f 345 312 313
f 332 299 300
f 346 313 314
f 333 300 301
f 355 322 323
f 382 349 350
f 369 336 337
f 356 323 324
f 383 350 351
f 369 338 370
f 357 324 325
f 384 351 352
f 371 338 339
f 357 326 358
f 384 321 353
f 372 339 340
f 359 326 327
f 372 341 373
f 360 327 328
f 373 342 374
f 361 328 329
f 374 343 375
f 362 329 330
f 376 343 344
f 363 330 331
f 376 345 377
f 364 331 332
f 377 346 378
f 364 333 365
f 378 347 379
f 365 334 366
f 380 347 348
f 366 335 367
f 354 321 322
f 380 349 381
f 368 335 336
f 389 358 390
f 416 353 385
f 403 372 404
f 391 358 359
f 405 372 373
f 391 360 392
f 405 374 406
f 392 361 393
f 406 375 407
f 394 361 362
f 408 375 376
f 394 363 395
f 409 376 377
f 396 363 364
f 410 377 378
f 397 364 365
f 410 379 411
f 398 365 366
f 412 379 380
f 399 366 367
f 386 353 354
f 412 381 413
f 400 367 368
f 386 355 387
f 414 381 382
f 401 368 369
f 388 355 356
f 415 382 383
f 402 369 370
f 388 357 389
f 415 384 416
f 402 371 403
f 424 393 425
f 439 406 407
f 426 393 394
f 440 407 408
f 427 394 395
f 440 409 441
f 428 395 396
f 442 409 410
f 428 397 429
f 442 411 443
f 429 398 430
f 444 411 412
f 431 398 399
f 418 385 386
f 445 412 413
f 432 399 400
f 418 387 419
f 446 413 414
f 432 401 433
f 420 387 388
f 446 415 447
f 434 401 402
f 420 389 421
f 448 415 416
f 434 403 435
f 421 390 422
f 448 385 417
f 436 403 404
f 423 390 391
f 437 404 405
f 424 391 392
f 438 405 406
f 460 427 428
f 474 441 442
f 460 429 461
f 474 443 475
f 462 429 430
f 476 443 444
f 463 430 431
f 450 417 418
f 477 444 445
f 463 432 464
f 450 419 451
f 478 445 446
f 464 433 465
f 452 419 420
f 478 447 479
f 465 434 466
f 453 420 421
f 479 448 480
f 467 434 435
f 453 422 454
f 480 417 449
f 468 435 436
f 455 422 423
f 469 436 437
f 456 423 424
f 469 438 470
f 456 425 457
f 470 439 471
f 458 425 426
f 472 439 440
f 459 426 427
f 472 441 473
f 495 462 463
f 482 449 450
f 508 477 509
f 495 464 496
f 482 451 483
f 510 477 478
f 496 465 497
f 484 451 452
f 510 479 511
f 497 466 498
f 485 452 453
f 512 479 480
f 498 467 499
f 485 454 486
f 512 449 481
f 500 467 468
f 487 454 455
f 500 469 501
f 488 455 456
f 501 470 502
f 489 456 457
f 503 470 471
f 490 457 458
f 504 471 472
f 490 459 491
f 504 473 505
f 492 459 460
f 505 474 506
f 493 460 461
f 506 475 507
f 493 462 494
f 507 476 508
f 529 498 530
f 517 484 485
f 544 511 512
f 530 499 531
f 517 486 518
f 544 481 513
f 532 499 500
f 519 486 487
f 532 501 533
f 520 487 488
f 534 501 502
f 520 489 521
f 534 503 535
f 522 489 490
f 536 503 504
f 523 490 491
f 536 505 537
f 524 491 492
f 538 505 506
f 524 493 525
f 538 507 539
f 526 493 494
f 540 507 508
f 526 495 527
f 514 481 482
f 540 509 541
f 528 495 496
f 514 483 515
f 542 509 510
f 529 496 497
f 516 483 484
f 542 511 543
f 564 533 565
f 552 519 520
f 566 533 534
f 553 520 521
f 566 535 567
f 554 521 522
f 568 535 536
f 554 523 555
f 568 537 569
f 556 523 524
f 570 537 538
f 557 524 525
f 570 539 571
f 558 525 526
f 572 539 540
f 559 526 527
f 546 513 514
f 572 541 573
f 560 527 528
f 546 515 547
f 574 541 542
f 561 528 529
f 548 515 516
f 575 542 543
f 561 530 562
f 549 516 517
f 575 544 576
f 563 530 531
f 549 518 550
f 576 513 545
f 563 532 564
f 551 518 519
f 600 567 568
f 586 555 587
f 600 569 601
f 587 556 588
f 601 570 602
f 589 556 557
f 602 571 603
f 590 557 558
f 604 571 572
f 591 558 559
f 578 545 546
f 604 573 605
f 592 559 560
f 578 547 579
f 606 573 574
f 593 560 561
f 580 547 548
f 606 575 607
f 593 562 594
f 580 549 581
f 607 576 608
f 595 562 563
f 581 550 582
f 577 576 545
f 595 564 596
f 583 550 551
f 597 564 565
f 584 551 552
f 598 565 566
f 585 552 553
f 598 567 599
f 586 553 554
f 634 603 635
f 622 589 590
f 636 603 604
f 623 590 591
f 609 578 610
f 636 605 637
f 624 591 592
f 610 579 611
f 638 605 606
f 625 592 593
f 612 579 580
f 639 606 607
f 626 593 594
f 612 581 613
f 639 608 640
f 627 594 595
f 613 582 614
f 609 608 577
f 628 595 596
f 614 583 615
f 628 597 629
f 616 583 584
f 629 598 630
f 616 585 617
f 630 599 631
f 618 585 586
f 631 600 632
f 619 586 587
f 633 600 601
f 620 587 588
f 634 601 602
f 621 588 589
f 670 637 638
f 656 625 657
f 643 612 644
f 671 638 639
f 658 625 626
f 644 613 645
f 671 640 672
f 659 626 627
f 645 614 646
f 641 640 609
f 660 627 628
f 647 614 615
f 661 628 629
f 648 615 616
f 662 629 630
f 648 617 649
f 662 631 663
f 650 617 618
f 664 631 632
f 650 619 651
f 665 632 633
f 652 619 620
f 666 633 634
f 652 621 653
f 666 635 667
f 654 621 622
f 668 635 636
f 655 622 623
f 641 610 642
f 668 637 669
f 655 624 656
f 642 611 643
f 704 641 673
f 692 659 660
f 679 646 647
f 692 661 693
f 680 647 648
f 694 661 662
f 681 648 649
f 694 663 695
f 682 649 650
f 696 663 664
f 683 650 651
f 696 665 697
f 683 652 684
f 698 665 666
f 685 652 653
f 698 667 699
f 686 653 654
f 700 667 668
f 687 654 655
f 673 642 674
f 700 669 701
f 687 656 688
f 674 643 675
f 702 669 670
f 688 657 689
f 676 643 644
f 702 671 703
f 690 657 658
f 677 644 645
f 703 672 704
f 691 658 659
f 678 645 646
f 727 694 695
f 713 682 714
f 727 696 728
f 715 682 683
f 729 696 697
f 716 683 684
f 730 697 698
f 716 685 717
f 731 698 699
f 718 685 686
f 732 699 700
f 719 686 687
f 706 673 674
f 732 701 733
f 719 688 720
f 706 675 707
f 734 701 702
f 720 689 721
f 708 675 676
f 735 702 703
f 722 689 690
f 709 676 677
f 735 704 736
f 723 690 691
f 709 678 710
f 736 673 705
f 724 691 692
f 711 678 679
f 724 693 725
f 712 679 680
f 726 693 694
f 713 680 681
f 762 729 730
f 749 716 717
f 762 731 763
f 750 717 718
f 764 731 732
f 751 718 719
f 738 705 706
f 764 733 765
f 751 720 752
f 739 706 707
f 766 733 734
f 752 721 753
f 740 707 708
f 767 734 735
f 754 721 722
f 741 708 709
f 767 736 768
f 755 722 723
f 742 709 710
f 768 705 737
f 756 723 724
f 743 710 711
f 756 725 757
f 744 711 712
f 757 726 758
f 745 712 713
f 759 726 727
f 746 713 714
f 760 727 728
f 747 714 715
f 761 728 729
f 747 716 748
f 770 737 738
f 797 764 765
f 783 752 784
f 771 738 739
f 798 765 766
f 784 753 785
f 772 739 740
f 799 766 767
f 785 754 786
f 773 740 741
f 800 767 768
f 786 755 787
f 774 741 742
f 769 768 737
f 787 756 788
f 775 742 743
f 788 757 789
f 776 743 744
f 789 758 790
f 777 744 745
f 790 759 791
f 777 746 778
f 791 760 792
f 778 747 779
f 792 761 793
f 779 748 780
f 794 761 762
f 780 749 781
f 795 762 763
f 781 750 782
f 796 763 764
f 782 751 783
f 805 772 773
f 832 799 800
f 818 787 819
f 806 773 774
f 801 800 769
f 819 788 820
f 807 774 775
f 820 789 821
f 808 775 776
f 821 790 822
f 809 776 777
f 822 791 823
f 809 778 810
f 823 792 824
f 810 779 811
f 824 793 825
f 811 780 812
f 826 793 794
f 812 781 813
f 827 794 795
f 813 782 814
f 828 795 796
f 814 783 815
f 802 769 770
f 829 796 797
f 815 784 816
f 803 770 771
f 830 797 798
f 816 785 817
f 804 771 772
f 831 798 799
f 817 786 818
f 840 807 808
f 853 822 854
f 841 808 809
f 854 823 855
f 841 810 842
f 855 824 856
f 842 811 843
f 856 825 857
f 843 812 844
f 858 825 826
f 844 813 845
f 859 826 827
f 845 814 846
f 860 827 828
f 846 815 847
f 834 801 802
f 861 828 829
f 847 816 848
f 835 802 803
f 862 829 830
f 848 817 849
f 836 803 804
f 863 830 831
f 849 818 850
f 837 804 805
f 864 831 832
f 850 819 851
f 838 805 806
f 833 832 801
f 851 820 852
f 839 806 807
f 852 821 853
f 887 856 888
f 874 843 875
f 888 857 889
f 875 844 876
f 890 857 858
f 876 845 877
f 891 858 859
f 877 846 878
f 892 859 860
f 866 833 834
f 878 847 879
f 893 860 861
f 867 834 835
f 879 848 880
f 894 861 862
f 868 835 836
f 880 849 881
f 895 862 863
f 869 836 837
f 881 850 882
f 896 863 864
f 870 837 838
f 882 851 883
f 865 864 833
f 871 838 839
f 883 852 884
f 884 853 885
f 872 839 840
f 885 854 886
f 873 840 841
f 886 855 887
f 873 842 874
f 923 890 891
f 909 878 910
f 924 891 892
f 910 879 911
f 898 865 866
f 925 892 893
f 911 880 912
f 899 866 867
f 926 893 894
f 912 881 913
f 900 867 868
f 927 894 895
f 913 882 914
f 901 868 869
f 928 895 896
f 914 883 915
f 902 869 870
f 897 896 865
f 915 884 916
f 903 870 871
f 916 885 917
f 904 871 872
f 917 886 918
f 905 872 873
f 918 887 919
f 905 874 906
f 919 888 920
f 906 875 907
f 920 889 921
f 907 876 908
f 922 889 890
f 908 877 909
f 930 899 931
f 957 926 958
f 945 912 913
f 931 900 932
f 958 927 959
f 946 913 914
f 932 901 933
f 959 928 960
f 947 914 915
f 933 902 934
f 960 897 929
f 948 915 916
f 934 903 935
f 949 916 917
f 935 904 936
f 950 917 918
f 936 905 937
f 951 918 919
f 938 905 906
f 952 919 920
f 939 906 907
f 953 920 921
f 940 907 908
f 953 922 954
f 941 908 909
f 954 923 955
f 942 909 910
f 955 924 956
f 943 910 911
f 929 898 930
f 956 925 957
f 944 911 912
f 966 933 934
f 961 960 929
f 979 948 980
f 967 934 935
f 980 949 981
f 968 935 936
f 981 950 982
f 969 936 937
f 982 951 983
f 969 938 970
f 983 952 984
f 970 939 971
f 984 953 985
f 971 940 972
f 986 953 954
f 972 941 973
f 987 954 955
f 973 942 974
f 988 955 956
f 974 943 975
f 962 929 930
f 989 956 957
f 975 944 976
f 963 930 931
f 990 957 958
f 976 945 977
f 964 931 932
f 991 958 959
f 977 946 978
f 965 932 933
f 992 959 960
f 978 947 979
f 1001 968 969
f 1014 983 1015
f 1001 970 1002
f 1015 984 1016
f 1002 971 1003
f 1016 985 1017
f 1003 972 1004
f 1018 985 986
f 1004 973 1005
f 1019 986 987
f 1005 974 1006
f 1020 987 988
f 1006 975 1007
f 994 961 962
f 1021 988 989
f 1007 976 1008
f 995 962 963
f 1022 989 990
f 1008 977 1009
f 996 963 964
f 1023 990 991
f 1009 978 1010
f 997 964 965
f 1024 991 992
f 1010 979 1011
f 998 965 966
f 993 992 961
f 1011 980 1012
f 999 966 967
f 1012 981 1013
f 1000 967 968
f 1013 982 1014
f 1036 1003 1004
f 1049 1018 1050
f 1037 1004 1005
f 1050 1019 1051
f 1038 1005 1006
f 1051 1020 1052
f 1039 1006 1007
f 1025 994 1026
f 1052 1021 1053
f 1040 1007 1008
f 1026 995 1027
f 1053 1022 1054
f 1041 1008 1009
f 1027 996 1028
f 1054 1023 1055
f 1042 1009 1010
f 1028 997 1029
f 1055 1024 1056
f 1043 1010 1011
f 1029 998 1030
f 1056 993 1025
f 1044 1011 1012
f 1030 999 1031
f 1045 1012 1013
f 1031 1000 1032
f 1046 1013 1014
f 1032 1001 1033
f 1047 1014 1015
f 1034 1001 1002
f 1048 1015 1016
f 1035 1002 1003
f 1049 1016 1017
f 1071 1038 1039
f 1057 1026 1058
f 1084 1053 1085
f 1072 1039 1040
f 1058 1027 1059
f 1085 1054 1086
f 1073 1040 1041
f 1059 1028 1060
f 1086 1055 1087
f 1074 1041 1042
f 1060 1029 1061
f 1087 1056 1088
f 1075 1042 1043
f 1061 1030 1062
f 1088 1025 1057
f 1076 1043 1044
f 1062 1031 1063
f 1077 1044 1045
f 1063 1032 1064
f 1078 1045 1046
f 1064 1033 1065
f 1079 1046 1047
f 1066 1033 1034
f 1080 1047 1048
f 1067 1034 1035
f 1081 1048 1049
f 1068 1035 1036
f 1081 1050 1082
f 1069 1036 1037
f 1082 1051 1083
f 1070 1037 1038
f 1083 1052 1084
f 1106 1073 1074
f 1092 1061 1093
f 1119 1088 1120
f 1107 1074 1075
f 1093 1062 1094
f 1120 1057 1089
f 1108 1075 1076
f 1094 1063 1095
f 1109 1076 1077
f 1095 1064 1096
f 1110 1077 1078
f 1096 1065 1097
f 1111 1078 1079
f 1098 1065 1066
f 1112 1079 1080
f 1099 1066 1067
f 1113 1080 1081
f 1100 1067 1068
f 1113 1082 1114
f 1101 1068 1069
f 1114 1083 1115
f 1102 1069 1070
f 1115 1084 1116
f 1103 1070 1071
f 1089 1058 1090
f 1116 1085 1117
f 1104 1071 1072
f 1090 1059 1091
f 1117 1086 1118
f 1105 1072 1073
f 1091 1060 1092
f 1118 1087 1119
f 1141 1108 1109
f 1127 1096 1128
f 1142 1109 1110
f 1128 1097 1129
f 1143 1110 1111
f 1130 1097 1098
f 1144 1111 1112
f 1131 1098 1099
f 1145 1112 1113
f 1132 1099 1100
f 1145 1114 1146
f 1133 1100 1101
f 1146 1115 1147
f 1134 1101 1102
f 1147 1116 1148
f 1135 1102 1103
f 1121 1090 1122
f 1148 1117 1149
f 1136 1103 1104
f 1122 1091 1123
f 1149 1118 1150
f 1137 1104 1105
f 1123 1092 1124
f 1150 1119 1151
f 1138 1105 1106
f 1124 1093 1125
f 1151 1120 1152
f 1139 1106 1107
f 1125 1094 1126
f 1152 1089 1121
f 1140 1107 1108
f 1126 1095 1127
f 1175 1144 1176
f 1162 1131 1163
f 1176 1145 1177
f 1163 1132 1164
f 1178 1145 1146
f 1164 1133 1165
f 1179 1146 1147
f 1165 1134 1166
f 1180 1147 1148
f 1166 1135 1167
f 1154 1121 1122
f 1181 1148 1149
f 1167 1136 1168
f 1155 1122 1123
f 1182 1149 1150
f 1168 1137 1169
f 1156 1123 1124
f 1183 1150 1151
f 1169 1138 1170
f 1157 1124 1125
f 1184 1151 1152
f 1170 1139 1171
f 1158 1125 1126
f 1153 1152 1121
f 1171 1140 1172
f 1159 1126 1127
f 1172 1141 1173
f 1160 1127 1128
f 1173 1142 1174
f 1161 1128 1129
f 1174 1143 1175
f 1161 1130 1162
f 1210 1179 1211
f 1198 1165 1166
f 1211 1180 1212
f 1199 1166 1167
f 1185 1154 1186
f 1212 1181 1213
f 1200 1167 1168
f 1186 1155 1187
f 1213 1182 1214
f 1201 1168 1169
f 1187 1156 1188
f 1214 1183 1215
f 1202 1169 1170
f 1188 1157 1189
f 1215 1184 1216
f 1203 1170 1171
f 1189 1158 1190
f 1216 1153 1185
f 1204 1171 1172
f 1190 1159 1191
f 1205 1172 1173
f 1191 1160 1192
f 1206 1173 1174
f 1192 1161 1193
f 1207 1174 1175
f 1194 1161 1162
f 1208 1175 1176
f 1195 1162 1163
f 1209 1176 1177
f 1196 1163 1164
f 1209 1178 1210
f 1197 1164 1165
f 1218 1187 1219
f 1245 1214 1246
f 1233 1200 1201
f 1219 1188 1220
f 1246 1215 1247
f 1234 1201 1202
f 1220 1189 1221
f 1247 1216 1248
f 1235 1202 1203
f 1221 1190 1222
f 1248 1185 1217
f 1236 1203 1204
f 1222 1191 1223
f 1237 1204 1205
f 1223 1192 1224
f 1238 1205 1206
f 1224 1193 1225
f 1239 1206 1207
f 1226 1193 1194
f 1240 1207 1208
f 1227 1194 1195
f 1241 1208 1209
f 1228 1195 1196
f 1241 1210 1242
f 1229 1196 1197
f 1242 1211 1243
f 1230 1197 1198
f 1243 1212 1244
f 1231 1198 1199
f 1217 1186 1218
f 1244 1213 1245
f 1232 1199 1200
f 1253 1222 1254
f 1280 1217 1249
f 1268 1235 1236
f 1254 1223 1255
f 1269 1236 1237
f 1255 1224 1256
f 1270 1237 1238
f 1256 1225 1257
f 1271 1238 1239
f 1258 1225 1226
f 1272 1239 1240
f 1259 1226 1227
f 1273 1240 1241
f 1260 1227 1228
f 1273 1242 1274
f 1261 1228 1229
f 1274 1243 1275
f 1262 1229 1230
f 1275 1244 1276
f 1263 1230 1231
f 1249 1218 1250
f 1276 1245 1277
f 1264 1231 1232
f 1250 1219 1251
f 1277 1246 1278
f 1265 1232 1233
f 1251 1220 1252
f 1278 1247 1279
f 1266 1233 1234
f 1252 1221 1253
f 1279 1248 1280
f 1267 1234 1235
f 1288 1257 1289
f 1303 1270 1271
f 1290 1257 1258
f 1304 1271 1272
f 1291 1258 1259
f 1305 1272 1273
f 1292 1259 1260
f 1305 1274 1306
f 1293 1260 1261
f 1306 1275 1307
f 1294 1261 1262
f 1307 1276 1308
f 1295 1262 1263
f 1281 1250 1282
f 1308 1277 1309
f 1296 1263 1264
f 1282 1251 1283
f 1309 1278 1310
f 1297 1264 1265
f 1283 1252 1284
f 1310 1279 1311
f 1298 1265 1266
f 1284 1253 1285
f 1311 1280 1312
f 1299 1266 1267
f 1285 1254 1286
f 1312 1249 1281
f 1300 1267 1268
f 1286 1255 1287
f 1301 1268 1269
f 1287 1256 1288
f 1302 1269 1270
f 1323 1292 1324
f 1338 1305 1306
f 1324 1293 1325
f 1339 1306 1307
f 1325 1294 1326
f 1340 1307 1308
f 1326 1295 1327
f 1314 1281 1282
f 1341 1308 1309
f 1327 1296 1328
f 1315 1282 1283
f 1342 1309 1310
f 1328 1297 1329
f 1316 1283 1284
f 1343 1310 1311
f 1329 1298 1330
f 1317 1284 1285
f 1344 1311 1312
f 1330 1299 1331
f 1318 1285 1286
f 1313 1312 1281
f 1331 1300 1332
f 1319 1286 1287
f 1332 1301 1333
f 1320 1287 1288
f 1333 1302 1334
f 1321 1288 1289
f 1334 1303 1335
f 1321 1290 1322
f 1335 1304 1336
f 1322 1291 1323
f 1336 1305 1337
f 1358 1327 1359
f 1346 1313 1314
f 1373 1340 1341
f 1359 1328 1360
f 1347 1314 1315
f 1374 1341 1342
f 1360 1329 1361
f 1348 1315 1316
f 1375 1342 1343
f 1361 1330 1362
f 1349 1316 1317
f 1376 1343 1344
f 1362 1331 1363
f 1350 1317 1318
f 1345 1344 1313
f 1363 1332 1364
f 1351 1318 1319
f 1364 1333 1365
f 1352 1319 1320
f 1365 1334 1366
f 1353 1320 1321
f 1366 1335 1367
f 1353 1322 1354
f 1367 1336 1368
f 1354 1323 1355
f 1368 1337 1369
f 1355 1324 1356
f 1370 1337 1338
f 1356 1325 1357
f 1371 1338 1339
f 1357 1326 1358
f 1372 1339 1340
f 1393 1362 1394
f 1381 1348 1349
f 1408 1375 1376
f 1394 1363 1395
f 1382 1349 1350
f 1377 1376 1345
f 1395 1364 1396
f 1383 1350 1351
f 1396 1365 1397
f 1384 1351 1352
f 1397 1366 1398
f 1385 1352 1353
f 1398 1367 1399
f 1385 1354 1386
f 1399 1368 1400
f 1386 1355 1387
f 1400 1369 1401
f 1387 1356 1388
f 1402 1369 1370
f 1388 1357 1389
f 1403 1370 1371
f 1389 1358 1390
f 1404 1371 1372
f 1390 1359 1391
f 1378 1345 1346
f 1405 1372 1373
f 1391 1360 1392
f 1379 1346 1347
f 1406 1373 1374
f 1392 1361 1393
f 1380 1347 1348
f 1407 1374 1375
f 1428 1397 1429
f 1416 1383 1384
f 1429 1398 1430
f 1417 1384 1385
f 1430 1399 1431
f 1417 1386 1418
f 1431 1400 1432
f 1418 1387 1419
f 1432 1401 1433
f 1419 1388 1420
f 1434 1401 1402
f 1420 1389 1421
f 1435 1402 1403
f 1421 1390 1422
f 1436 1403 1404
f 1422 1391 1423
f 1410 1377 1378
f 1437 1404 1405
f 1423 1392 1424
f 1411 1378 1379
f 1438 1405 1406
f 1424 1393 1425
f 1412 1379 1380
f 1439 1406 1407
f 1425 1394 1426
f 1413 1380 1381
f 1440 1407 1408
f 1426 1395 1427
f 1414 1381 1382
f 1409 1408 1377
f 1427 1396 1428
f 1415 1382 1383
f 1464 1431 1432
f 1451 1418 1419
f 1465 1432 1433
f 1452 1419 1420
f 1465 1434 1466
f 1453 1420 1421
f 1466 1435 1467
f 1454 1421 1422
f 1467 1436 1468
f 1455 1422 1423
f 1441 1410 1442
f 1468 1437 1469
f 1456 1423 1424
f 1442 1411 1443
f 1469 1438 1470
f 1457 1424 1425
f 1443 1412 1444
f 1470 1439 1471
f 1458 1425 1426
f 1444 1413 1445
f 1471 1440 1472
f 1459 1426 1427
f 1445 1414 1446
f 1472 1409 1441
f 1460 1427 1428
f 1446 1415 1447
f 1461 1428 1429
f 1447 1416 1448
f 1462 1429 1430
f 1448 1417 1449
f 1463 1430 1431
f 1450 1417 1418
f 1498 1467 1499
f 1486 1453 1454
f 1499 1468 1500
f 1487 1454 1455
f 1473 1442 1474
f 1500 1469 1501
f 1488 1455 1456
f 1474 1443 1475
f 1501 1470 1502
f 1489 1456 1457
f 1475 1444 1476
f 1502 1471 1503
f 1490 1457 1458
f 1476 1445 1477
f 1503 1472 1504
f 1491 1458 1459
f 1477 1446 1478
f 1504 1441 1473
f 1492 1459 1460
f 1478 1447 1479
f 1493 1460 1461
f 1479 1448 1480
f 1494 1461 1462
f 1480 1449 1481
f 1495 1462 1463
f 1482 1449 1450
f 1496 1463 1464
f 1483 1450 1451
f 1497 1464 1465
f 1484 1451 1452
f 1497 1466 1498
f 1485 1452 1453
f 1533 1502 1534
f 1521 1488 1489
f 1507 1476 1508
f 1534 1503 1535
f 1522 1489 1490
f 1508 1477 1509
f 1535 1504 1536
f 1523 1490 1491
f 1509 1478 1510
f 1536 1473 1505
f 1524 1491 1492
f 1510 1479 1511
f 1525 1492 1493
f 1511 1480 1512
f 1526 1493 1494
f 1512 1481 1513
f 1527 1494 1495
f 1514 1481 1482
f 1528 1495 1496
f 1515 1482 1483
f 1529 1496 1497
f 1516 1483 1484
f 1529 1498 1530
f 1517 1484 1485
f 1530 1499 1531
f 1518 1485 1486
f 1531 1500 1532
f 1519 1486 1487
f 1505 1474 1506
f 1532 1501 1533
f 1520 1487 1488
f 1506 1475 1507
f 1568 1505 1537
f 1556 1523 1524
f 1542 1511 1543
f 1557 1524 1525
f 1543 1512 1544
f 1558 1525 1526
f 1544 1513 1545
f 1559 1526 1527
f 1546 1513 1514
f 1560 1527 1528
f 1547 1514 1515
f 1561 1528 1529
f 1548 1515 1516
f 1561 1530 1562
f 1549 1516 1517
f 1562 1531 1563
f 1550 1517 1518
f 1563 1532 1564
f 1551 1518 1519
f 1537 1506 1538
f 1564 1533 1565
f 1552 1519 1520
f 1538 1507 1539
f 1565 1534 1566
f 1553 1520 1521
f 1539 1508 1540
f 1566 1535 1567
f 1554 1521 1522
f 1540 1509 1541
f 1567 1536 1568
f 1555 1522 1523
f 1541 1510 1542
f 1591 1558 1559
f 1578 1545 1546
f 1592 1559 1560
f 1579 1546 1547
f 1593 1560 1561
f 1580 1547 1548
f 1593 1562 1594
f 1581 1548 1549
f 1594 1563 1595
f 1582 1549 1550
f 1595 1564 1596
f 1583 1550 1551
f 1569 1538 1570
f 1596 1565 1597
f 1584 1551 1552
f 1570 1539 1571
f 1597 1566 1598
f 1585 1552 1553
f 1571 1540 1572
f 1598 1567 1599
f 1586 1553 1554
f 1572 1541 1573
f 1599 1568 1600
f 1587 1554 1555
f 1573 1542 1574
f 1600 1537 1569
f 1588 1555 1556
f 1574 1543 1575
f 1589 1556 1557
f 1575 1544 1576
f 1590 1557 1558
f 1576 1545 1577
f 1625 1594 1626
f 1613 1580 1581
f 1626 1595 1627
f 1614 1581 1582
f 1627 1596 1628
f 1615 1582 1583
f 1601 1570 1602
f 1628 1597 1629
f 1616 1583 1584
f 1602 1571 1603
f 1629 1598 1630
f 1617 1584 1585
f 1603 1572 1604
f 1630 1599 1631
f 1618 1585 1586
f 1604 1573 1605
f 1631 1600 1632
f 1619 1586 1587
f 1605 1574 1606
f 1632 1569 1601
f 1620 1587 1588
f 1606 1575 1607
f 1621 1588 1589
f 1607 1576 1608
f 1622 1589 1590
f 1608 1577 1609
f 1623 1590 1591
f 1610 1577 1578
f 1624 1591 1592
f 1611 1578 1579
f 1625 1592 1593
f 1612 1579 1580
f 1634 1601 1602
f 1661 1628 1629
f 1647 1616 1648
f 1635 1602 1603
f 1662 1629 1630
f 1648 1617 1649
f 1636 1603 1604
f 1663 1630 1631
f 1649 1618 1650
f 1637 1604 1605
f 1664 1631 1632
f 1650 1619 1651
f 1638 1605 1606
f 1633 1632 1601
f 1651 1620 1652
f 1639 1606 1607
f 1652 1621 1653
f 1640 1607 1608
f 1653 1622 1654
f 1641 1608 1609
f 1654 1623 1655
f 1641 1610 1642
f 1655 1624 1656
f 1642 1611 1643
f 1656 1625 1657
f 1643 1612 1644
f 1658 1625 1626
f 1644 1613 1645
f 1659 1626 1627
f 1645 1614 1646
f 1660 1627 1628
f 1646 1615 1647
f 1669 1636 1637
f 1696 1663 1664
f 1682 1651 1683
f 1670 1637 1638
f 1665 1664 1633
f 1683 1652 1684
f 1671 1638 1639
f 1684 1653 1685
f 1672 1639 1640
f 1685 1654 1686
f 1673 1640 1641
f 1686 1655 1687
f 1673 1642 1674
f 1687 1656 1688
f 1674 1643 1675
f 1688 1657 1689
f 1675 1644 1676
f 1690 1657 1658
f 1676 1645 1677
f 1691 1658 1659
f 1677 1646 1678
f 1692 1659 1660
f 1678 1647 1679
f 1666 1633 1634
f 1693 1660 1661
f 1679 1648 1680
f 1667 1634 1635
f 1694 1661 1662
f 1680 1649 1681
f 1668 1635 1636
f 1695 1662 1663
f 1681 1650 1682
f 1699 1666 1667
f 1726 1693 1694
f 1712 1681 1713
f 1700 1667 1668
f 1727 1694 1695
f 1713 1682 1714
f 1701 1668 1669
f 1728 1695 1696
f 1714 1683 1715
f 1702 1669 1670
f 1697 1696 1665
f 1715 1684 1716
f 1703 1670 1671
f 1716 1685 1717
f 1704 1671 1672
f 1717 1686 1718
f 1705 1672 1673
f 1718 1687 1719
f 1705 1674 1706
f 1719 1688 1720
f 1706 1675 1707
f 1720 1689 1721
f 1707 1676 1708
f 1722 1689 1690
f 1708 1677 1709
f 1723 1690 1691
f 1709 1678 1710
f 1724 1691 1692
f 1710 1679 1711
f 1698 1665 1666
f 1725 1692 1693
f 1711 1680 1712
f 1734 1701 1702
f 1729 1728 1697
f 1747 1716 1748
f 1735 1702 1703
f 1748 1717 1749
f 1736 1703 1704
f 1749 1718 1750
f 1737 1704 1705
f 1750 1719 1751
f 1737 1706 1738
f 1751 1720 1752
f 1738 1707 1739
f 1752 1721 1753
f 1739 1708 1740
f 1754 1721 1722
f 1740 1709 1741
f 1755 1722 1723
f 1741 1710 1742
f 1756 1723 1724
f 1742 1711 1743
f 1730 1697 1698
f 1757 1724 1725
f 1743 1712 1744
f 1731 1698 1699
f 1758 1725 1726
f 1744 1713 1745
f 1732 1699 1700
f 1759 1726 1727
f 1745 1714 1746
f 1733 1700 1701
f 1760 1727 1728
f 1746 1715 1747
f 1769 1736 1737
f 1782 1751 1783
f 1769 1738 1770
f 1783 1752 1784
f 1770 1739 1771
f 1784 1753 1785
f 1771 1740 1772
f 1786 1753 1754
f 1772 1741 1773
f 1787 1754 1755
f 1773 1742 1774
f 1788 1755 1756
f 1774 1743 1775
f 1762 1729 1730
f 1789 1756 1757
f 1775 1744 1776
f 1763 1730 1731
f 1790 1757 1758
f 1776 1745 1777
f 1764 1731 1732
f 1791 1758 1759
f 1777 1746 1778
f 1765 1732 1733
f 1792 1759 1760
f 1778 1747 1779
f 1766 1733 1734
f 1761 1760 1729
f 1779 1748 1780
f 1767 1734 1735
f 1780 1749 1781
f 1768 1735 1736
f 1781 1750 1782
f 1803 1772 1804
f 1818 1785 1786
f 1804 1773 1805
f 1819 1786 1787
f 1805 1774 1806
f 1820 1787 1788
f 1806 1775 1807
f 1794 1761 1762
f 1821 1788 1789
f 1807 1776 1808
f 1795 1762 1763
f 1822 1789 1790
f 1808 1777 1809
f 1796 1763 1764
f 1823 1790 1791
f 1809 1778 1810
f 1797 1764 1765
f 1824 1791 1792
f 1810 1779 1811
f 1798 1765 1766
f 1793 1792 1761
f 1811 1780 1812
f 1799 1766 1767
f 1812 1781 1813
f 1800 1767 1768
f 1813 1782 1814
f 1801 1768 1769
f 1814 1783 1815
f 1801 1770 1802
f 1815 1784 1816
f 1802 1771 1803
f 1816 1785 1817
f 1838 1807 1839
f 1826 1793 1794
f 1853 1820 1821
f 1839 1808 1840
f 1827 1794 1795
f 1854 1821 1822
f 1840 1809 1841
f 1828 1795 1796
f 1855 1822 1823
f 1841 1810 1842
f 1829 1796 1797
f 1856 1823 1824
f 1842 1811 1843
f 1830 1797 1798
f 1825 1824 1793
f 1843 1812 1844
f 1831 1798 1799
f 1844 1813 1845
f 1832 1799 1800
f 1845 1814 1846
f 1833 1800 1801
f 1846 1815 1847
f 1833 1802 1834
f 1847 1816 1848
f 1834 1803 1835
f 1848 1817 1849
f 1835 1804 1836
f 1850 1817 1818
f 1836 1805 1837
f 1851 1818 1819
f 1837 1806 1838
f 1852 1819 1820
f 1873 1842 1874
f 1861 1828 1829
f 1888 1855 1856
f 1874 1843 1875
f 1862 1829 1830
f 1857 1856 1825
f 1875 1844 1876
f 1863 1830 1831
f 1876 1845 1877
f 1864 1831 1832
f 1877 1846 1878
f 1865 1832 1833
f 1878 1847 1879
f 1865 1834 1866
f 1879 1848 1880
f 1866 1835 1867
f 1880 1849 1881
f 1867 1836 1868
f 1882 1849 1850
f 1868 1837 1869
f 1883 1850 1851
f 1869 1838 1870
f 1884 1851 1852
f 1870 1839 1871
f 1858 1825 1826
f 1885 1852 1853
f 1871 1840 1872
f 1859 1826 1827
f 1886 1853 1854
f 1872 1841 1873
f 1860 1827 1828
f 1887 1854 1855
f 1908 1877 1909
f 1896 1863 1864
f 1909 1878 1910
f 1897 1864 1865
f 1910 1879 1911
f 1897 1866 1898
f 1911 1880 1912
f 1898 1867 1899
f 1912 1881 1913
f 1899 1868 1900
f 1914 1881 1882
f 1900 1869 1901
f 1915 1882 1883
f 1901 1870 1902
f 1916 1883 1884
f 1902 1871 1903
f 1890 1857 1858
f 1917 1884 1885
f 1903 1872 1904
f 1891 1858 1859
f 1918 1885 1886
f 1904 1873 1905
f 1892 1859 1860
f 1919 1886 1887
f 1905 1874 1906
f 1893 1860 1861
f 1920 1887 1888
f 1906 1875 1907
f 1894 1861 1862
f 1889 1888 1857
f 1907 1876 1908
f 1895 1862 1863
f 1943 1912 1944
f 1930 1899 1931
f 1944 1913 1945
f 1931 1900 1932
f 1946 1913 1914
f 1932 1901 1933
f 1947 1914 1915
f 1933 1902 1934
f 1948 1915 1916
f 1934 1903 1935
f 1922 1889 1890
f 1949 1916 1917
f 1935 1904 1936
f 1923 1890 1891
f 1950 1917 1918
f 1936 1905 1937
f 1924 1891 1892
f 1951 1918 1919
f 1937 1906 1938
f 1925 1892 1893
f 1952 1919 1920
f 1938 1907 1939
f 1926 1893 1894
f 1921 1920 1889
f 1939 1908 1940
f 1927 1894 1895
f 1940 1909 1941
f 1928 1895 1896
f 1941 1910 1942
f 1929 1896 1897
f 1942 1911 1943
f 1929 1898 1930
f 1979 1946 1947
f 1965 1934 1966
f 1980 1947 1948
f 1966 1935 1967
f 1954 1921 1922
f 1981 1948 1949
f 1967 1936 1968
f 1955 1922 1923
f 1982 1949 1950
f 1968 1937 1969
f 1956 1923 1924
f 1983 1950 1951
f 1969 1938 1970
f 1957 1924 1925
f 1984 1951 1952
f 1970 1939 1971
f 1958 1925 1926
f 1953 1952 1921
f 1971 1940 1972
f 1959 1926 1927
f 1972 1941 1973
f 1960 1927 1928
f 1973 1942 1974
f 1961 1928 1929
f 1974 1943 1975
f 1961 1930 1962
f 1975 1944 1976
f 1962 1931 1963
f 1976 1945 1977
f 1963 1932 1964
f 1978 1945 1946
f 1964 1933 1965
f 2013 1982 2014
f 2001 1968 1969
f 1987 1956 1988
f 2014 1983 2015
f 2002 1969 1970
f 1988 1957 1989
f 2015 1984 2016
f 2003 1970 1971
f 1989 1958 1990
f 2016 1953 1985
f 2004 1971 1972
f 1990 1959 1991
f 2005 1972 1973
f 1991 1960 1992
f 2006 1973 1974
f 1992 1961 1993
f 2007 1974 1975
f 1994 1961 1962
f 2008 1975 1976
f 1995 1962 1963
f 2009 1976 1977
f 1996 1963 1964
f 2009 1978 2010
f 1997 1964 1965
f 2010 1979 2011
f 1998 1965 1966
f 2011 1980 2012
f 1999 1966 1967
f 1985 1954 1986
f 2012 1981 2013
f 2000 1967 1968
f 1986 1955 1987
f 2048 1985 2017
f 2036 2003 2004
f 2022 1991 2023
f 2037 2004 2005
f 2023 1992 2024
f 2038 2005 2006
f 2024 1993 2025
f 2039 2006 2007
f 2026 1993 1994
f 2040 2007 2008
f 2027 1994 1995
f 2041 2008 2009
f 2028 1995 1996
f 2041 2010 2042
f 2029 1996 1997
f 2042 2011 2043
f 2030 1997 1998
f 2043 2012 2044
f 2031 1998 1999
f 2017 1986 2018
f 2044 2013 2045
f 2032 1999 2000
f 2018 1987 2019
f 2045 2014 2046
f 2033 2000 2001
f 2019 1988 2020
f 2046 2015 2047
f 2034 2001 2002
f 2020 1989 2021
f 2047 2016 2048
f 2035 2002 2003
f 2021 1990 2022
f 2070 2039 2071
f 2057 2026 2058
f 2071 2040 2072
f 2058 2027 2059
f 2072 2041 2073
f 2059 2028 2060
f 2074 2041 2042
f 2060 2029 2061
f 2075 2042 2043
f 2061 2030 2062
f 2076 2043 2044
f 2062 2031 2063
f 2050 2017 2018
f 2077 2044 2045
f 2063 2032 2064
f 2051 2018 2019
f 2078 2045 2046
f 2064 2033 2065
f 2052 2019 2020
f 2079 2046 2047
f 2065 2034 2066
f 2053 2020 2021
f 2080 2047 2048
f 2066 2035 2067
f 2054 2021 2022
f 2049 2048 2017
f 2067 2036 2068
f 2055 2022 2023
f 2068 2037 2069
f 2056 2023 2024
f 2069 2038 2070
f 2057 2024 2025
f 2105 2074 2106
f 2093 2060 2061
f 2106 2075 2107
f 2094 2061 2062
f 2107 2076 2108
f 2095 2062 2063
f 2081 2050 2082
f 2108 2077 2109
f 2096 2063 2064
f 2082 2051 2083
f 2109 2078 2110
f 2097 2064 2065
f 2083 2052 2084
f 2110 2079 2111
f 2098 2065 2066
f 2084 2053 2085
f 2111 2080 2112
f 2099 2066 2067
f 2085 2054 2086
f 2112 2049 2081
f 2100 2067 2068
f 2086 2055 2087
f 2101 2068 2069
f 2087 2056 2088
f 2102 2069 2070
f 2088 2057 2089
f 2103 2070 2071
f 2090 2057 2058
f 2104 2071 2072
f 2091 2058 2059
f 2105 2072 2073
f 2092 2059 2060
f 2113 2082 2114
f 2140 2109 2141
f 2128 2095 2096
f 2114 2083 2115
f 2141 2110 2142
f 2129 2096 2097
f 2115 2084 2116
f 2142 2111 2143
f 2130 2097 2098
f 2116 2085 2117
f 2143 2112 2144
f 2131 2098 2099
f 2117 2086 2118
f 2144 2081 2113
f 2132 2099 2100
f 2118 2087 2119
f 2133 2100 2101
f 2119 2088 2120
f 2134 2101 2102
f 2120 2089 2121
f 2135 2102 2103
f 2122 2089 2090
f 2136 2103 2104
f 2123 2090 2091
f 2137 2104 2105
f 2124 2091 2092
f 2137 2106 2138
f 2125 2092 2093
f 2138 2107 2139
f 2126 2093 2094
f 2139 2108 2140
f 2127 2094 2095
f 2148 2117 2149
f 2175 2144 2176
f 2163 2130 2131
f 2149 2118 2150
f 2176 2113 2145
f 2164 2131 2132
f 2150 2119 2151
f 2165 2132 2133
f 2151 2120 2152
f 2166 2133 2134
f 2152 2121 2153
f 2167 2134 2135
f 2154 2121 2122
f 2168 2135 2136
f 2155 2122 2123
f 2169 2136 2137
f 2156 2123 2124
f 2169 2138 2170
f 2157 2124 2125
f 2170 2139 2171
f 2158 2125 2126
f 2171 2140 2172
f 2159 2126 2127
f 2145 2114 2146
f 2172 2141 2173
f 2160 2127 2128
f 2146 2115 2147
f 2173 2142 2174
f 2161 2128 2129
f 2147 2116 2148
f 2174 2143 2175
f 2162 2129 2130
f 2183 2152 2184
f 2198 2165 2166
f 2184 2153 2185
f 2199 2166 2167
f 2186 2153 2154
f 2200 2167 2168
f 2187 2154 2155
f 2201 2168 2169
f 2188 2155 2156
f 2201 2170 2202
f 2189 2156 2157
f 2202 2171 2203
f 2190 2157 2158
f 2203 2172 2204
f 2191 2158 2159
f 2177 2146 2178
f 2204 2173 2205
f 2192 2159 2160
f 2178 2147 2179
f 2205 2174 2206
f 2193 2160 2161
f 2179 2148 2180
f 2206 2175 2207
f 2194 2161 2162
f 2180 2149 2181
f 2207 2176 2208
f 2195 2162 2163
f 2181 2150 2182
f 2208 2145 2177
f 2196 2163 2164
f 2182 2151 2183
f 2197 2164 2165
f 2218 2187 2219
f 2232 2201 2233
f 2219 2188 2220
f 2234 2201 2202
f 2220 2189 2221
f 2235 2202 2203
f 2221 2190 2222
f 2236 2203 2204
f 2222 2191 2223
f 2210 2177 2178
f 2237 2204 2205
f 2223 2192 2224
f 2211 2178 2179
f 2238 2205 2206
f 2224 2193 2225
f 2212 2179 2180
f 2239 2206 2207
f 2225 2194 2226
f 2213 2180 2181
f 2240 2207 2208
f 2226 2195 2227
f 2214 2181 2182
f 2209 2208 2177
f 2227 2196 2228
f 2215 2182 2183
f 2228 2197 2229
f 2216 2183 2184
f 2229 2198 2230
f 2217 2184 2185
f 2230 2199 2231
f 2217 2186 2218
f 2231 2200 2232
f 21 2222 20
f 6 2235 2236
f 20 2223 19
f 32 2209 2210
f 5 2236 2237
f 19 2224 18
f 31 2210 2211
f 4 2237 2238
f 18 2225 17
f 30 2211 2212
f 3 2238 2239
f 17 2226 16
f 29 2212 2213
f 2 2239 2240
f 16 2227 15
f 29 2214 28
f 1 2240 2209
f 15 2228 14
f 28 2215 27
f 14 2229 13
f 27 2216 26
f 12 2229 2230
f 26 2217 25
f 11 2230 2231
f 25 2218 24
f 10 2231 2232
f 24 2219 23
f 9 2232 2233
f 23 2220 22
f 8 2233 2234
f 22 2221 21
f 7 2234 2235
f 7 8 39
f 53 21 54
f 8 9 40
f 54 22 55
f 9 10 41
f 55 23 56
f 10 11 42
f 56 24 57
f 11 12 43
f 57 25 58
f 12 13 44
f 58 26 59
f 45 13 46
f 59 27 60
f 46 14 47
f 1 2 33
f 60 28 61
f 47 15 48
f 2 3 34
f 29 30 61
f 48 16 49
f 3 4 35
f 30 31 62
f 49 17 50
f 4 5 36
f 31 32 63
f 50 18 51
f 5 6 37
f 32 1 64
f 51 19 52
f 6 7 38
f 52 20 53
f 66 34 67
f 61 62 93
f 80 48 81
f 67 35 68
f 62 63 94
f 49 50 81
f 68 36 69
f 63 64 95
f 50 51 82
f 69 37 70
f 64 33 96
f 51 52 83
f 70 38 71
f 52 53 84
f 71 39 72
f 53 54 85
f 72 40 73
f 54 55 86
f 73 41 74
f 55 56 87
f 74 42 75
f 56 57 88
f 75 43 76
f 57 58 89
f 76 44 77
f 58 59 90
f 77 45 78
f 59 60 91
f 78 46 79
f 65 33 66
f 60 61 92
f 79 47 80
f 101 69 102
f 128 96 97
f 115 83 116
f 70 71 102
f 116 84 117
f 103 71 104
f 117 85 118
f 104 72 105
f 118 86 119
f 73 74 105
f 87 88 119
f 106 74 107
f 88 89 120
f 75 76 107
f 89 90 121
f 108 76 109
f 122 90 123
f 109 77 110
f 91 92 123
f 110 78 111
f 97 65 98
f 124 92 125
f 79 80 111
f 66 67 98
f 93 94 125
f 112 80 113
f 67 68 99
f 126 94 127
f 81 82 113
f 68 69 100
f 127 95 128
f 82 83 114
f 136 104 137
f 118 119 150
f 105 106 137
f 151 119 152
f 138 106 139
f 152 120 153
f 107 108 139
f 153 121 154
f 140 108 141
f 154 122 155
f 141 109 142
f 123 124 155
f 110 111 142
f 129 97 130
f 156 124 157
f 111 112 143
f 98 99 130
f 125 126 157
f 144 112 145
f 131 99 132
f 158 126 159
f 145 113 146
f 100 101 132
f 127 128 159
f 146 114 147
f 133 101 134
f 160 128 129
f 115 116 147
f 134 102 135
f 116 117 148
f 103 104 135
f 149 117 150
f 139 140 171
f 185 153 186
f 140 141 172
f 154 155 186
f 141 142 173
f 155 156 187
f 142 143 174
f 161 129 162
f 188 156 189
f 143 144 175
f 130 131 162
f 157 158 189
f 176 144 177
f 163 131 164
f 158 159 190
f 177 145 178
f 132 133 164
f 191 159 192
f 178 146 179
f 165 133 166
f 192 160 161
f 179 147 180
f 134 135 166
f 180 148 181
f 135 136 167
f 181 149 182
f 168 136 169
f 150 151 182
f 137 138 169
f 151 152 183
f 138 139 170
f 152 153 184
f 174 175 206
f 193 161 194
f 220 188 221
f 175 176 207
f 162 163 194
f 221 189 222
f 208 176 209
f 195 163 196
f 222 190 223
f 209 177 210
f 164 165 196
f 223 191 224
f 178 179 210
f 197 165 198
f 224 192 193
f 211 179 212
f 166 167 198
f 212 180 213
f 167 168 199
f 213 181 214
f 200 168 201
f 214 182 215
f 169 170 201
f 183 184 215
f 202 170 203
f 216 184 217
f 203 171 204
f 217 185 218
f 204 172 205
f 218 186 219
f 173 174 205
f 219 187 220
f 241 209 242
f 228 196 229
f 223 224 255
f 242 210 243
f 197 198 229
f 256 224 225
f 211 212 243
f 198 199 230
f 244 212 245
f 231 199 232
f 213 214 245
f 200 201 232
f 246 214 247
f 233 201 234
f 215 216 247
f 234 202 235
f 248 216 249
f 203 204 235
f 249 217 250
f 236 204 237
f 250 218 251
f 205 206 237
f 251 219 252
f 238 206 239
f 225 193 226
f 252 220 253
f 207 208 239
f 194 195 226
f 221 222 253
f 240 208 241
f 227 195 228
f 222 223 254
f 276 244 277
f 231 232 263
f 277 245 278
f 264 232 265
f 278 246 279
f 265 233 266
f 279 247 280
f 234 235 266
f 280 248 281
f 267 235 268
f 281 249 282
f 268 236 269
f 282 250 283
f 269 237 270
f 283 251 284
f 270 238 271
f 257 225 258
f 284 252 285
f 239 240 271
f 258 226 259
f 285 253 286
f 240 241 272
f 227 228 259
f 286 254 287
f 273 241 274
f 260 228 261
f 287 255 288
f 274 242 275
f 261 229 262
f 288 256 257
f 275 243 276
f 230 231 262
f 311 279 312
f 298 266 299
f 312 280 313
f 299 267 300
f 313 281 314
f 300 268 301
f 314 282 315
f 301 269 302
f 315 283 316
f 302 270 303
f 289 257 290
f 316 284 317
f 303 271 304
f 290 258 291
f 317 285 318
f 304 272 305
f 291 259 292
f 318 286 319
f 305 273 306
f 292 260 293
f 319 287 320
f 306 274 307
f 293 261 294
f 320 288 289
f 307 275 308
f 294 262 295
f 308 276 309
f 295 263 296
f 309 277 310
f 296 264 297
f 310 278 311
f 297 265 298
f 314 315 346
f 333 301 334
f 347 315 348
f 302 303 334
f 321 289 322
f 316 317 348
f 335 303 336
f 322 290 323
f 349 317 350
f 336 304 337
f 323 291 324
f 350 318 351
f 305 306 337
f 324 292 325
f 319 320 351
f 338 306 339
f 325 293 326
f 320 289 352
f 307 308 339
f 326 294 327
f 308 309 340
f 327 295 328
f 341 309 342
f 296 297 328
f 310 311 342
f 329 297 330
f 343 311 344
f 298 299 330
f 344 312 345
f 331 299 332
f 345 313 346
f 332 300 333
f 354 322 355
f 381 349 382
f 368 336 369
f 355 323 356
f 382 350 383
f 337 338 369
f 356 324 357
f 383 351 384
f 370 338 371
f 325 326 357
f 352 321 384
f 371 339 372
f 358 326 359
f 340 341 372
f 359 327 360
f 341 342 373
f 360 328 361
f 342 343 374
f 361 329 362
f 375 343 376
f 362 330 363
f 344 345 376
f 363 331 364
f 345 346 377
f 332 333 364
f 346 347 378
f 333 334 365
f 379 347 380
f 334 335 366
f 353 321 354
f 348 349 380
f 367 335 368
f 357 358 389
f 384 353 416
f 371 372 403
f 390 358 391
f 404 372 405
f 359 360 391
f 373 374 405
f 360 361 392
f 374 375 406
f 393 361 394
f 407 375 408
f 362 363 394
f 408 376 409
f 395 363 396
f 409 377 410
f 396 364 397
f 378 379 410
f 397 365 398
f 411 379 412
f 398 366 399
f 385 353 386
f 380 381 412
f 399 367 400
f 354 355 386
f 413 381 414
f 400 368 401
f 387 355 388
f 414 382 415
f 401 369 402
f 356 357 388
f 383 384 415
f 370 371 402
f 392 393 424
f 438 406 439
f 425 393 426
f 439 407 440
f 426 394 427
f 408 409 440
f 427 395 428
f 441 409 442
f 396 397 428
f 410 411 442
f 397 398 429
f 443 411 444
f 430 398 431
f 417 385 418
f 444 412 445
f 431 399 432
f 386 387 418
f 445 413 446
f 400 401 432
f 419 387 420
f 414 415 446
f 433 401 434
f 388 389 420
f 447 415 448
f 402 403 434
f 389 390 421
f 416 385 448
f 435 403 436
f 422 390 423
f 436 404 437
f 423 391 424
f 437 405 438
f 459 427 460
f 473 441 474
f 428 429 460
f 442 443 474
f 461 429 462
f 475 443 476
f 462 430 463
f 449 417 450
f 476 444 477
f 431 432 463
f 418 419 450
f 477 445 478
f 432 433 464
f 451 419 452
f 446 447 478
f 433 434 465
f 452 420 453
f 447 448 479
f 466 434 467
f 421 422 453
f 448 417 480
f 467 435 468
f 454 422 455
f 468 436 469
f 455 423 456
f 437 438 469
f 424 425 456
f 438 439 470
f 457 425 458
f 471 439 472
f 458 426 459
f 440 441 472
f 494 462 495
f 481 449 482
f 476 477 508
f 463 464 495
f 450 451 482
f 509 477 510
f 464 465 496
f 483 451 484
f 478 479 510
f 465 466 497
f 484 452 485
f 511 479 512
f 466 467 498
f 453 454 485
f 480 449 512
f 499 467 500
f 486 454 487
f 468 469 500
f 487 455 488
f 469 470 501
f 488 456 489
f 502 470 503
f 489 457 490
f 503 471 504
f 458 459 490
f 472 473 504
f 491 459 492
f 473 474 505
f 492 460 493
f 474 475 506
f 461 462 493
f 475 476 507
f 497 498 529
f 516 484 517
f 543 511 544
f 498 499 530
f 485 486 517
f 512 481 544
f 531 499 532
f 518 486 519
f 500 501 532
f 519 487 520
f 533 501 534
f 488 489 520
f 502 503 534
f 521 489 522
f 535 503 536
f 522 490 523
f 504 505 536
f 523 491 524
f 537 505 538
f 492 493 524
f 506 507 538
f 525 493 526
f 539 507 540
f 494 495 526
f 513 481 514
f 508 509 540
f 527 495 528
f 482 483 514
f 541 509 542
f 528 496 529
f 515 483 516
f 510 511 542
f 532 533 564
f 551 519 552
f 565 533 566
f 552 520 553
f 534 535 566
f 553 521 554
f 567 535 568
f 522 523 554
f 536 537 568
f 555 523 556
f 569 537 570
f 556 524 557
f 538 539 570
f 557 525 558
f 571 539 572
f 558 526 559
f 545 513 546
f 540 541 572
f 559 527 560
f 514 515 546
f 573 541 574
f 560 528 561
f 547 515 548
f 574 542 575
f 529 530 561
f 548 516 549
f 543 544 575
f 562 530 563
f 517 518 549
f 544 513 576
f 531 532 563
f 550 518 551
f 599 567 600
f 554 555 586
f 568 569 600
f 555 556 587
f 569 570 601
f 588 556 589
f 570 571 602
f 589 557 590
f 603 571 604
f 590 558 591
f 577 545 578
f 572 573 604
f 591 559 592
f 546 547 578
f 605 573 606
f 592 560 593
f 579 547 580
f 574 575 606
f 561 562 593
f 548 549 580
f 575 576 607
f 594 562 595
f 549 550 581
f 608 576 577
f 563 564 595
f 582 550 583
f 596 564 597
f 583 551 584
f 597 565 598
f 584 552 585
f 566 567 598
f 585 553 586
f 602 603 634
f 621 589 622
f 635 603 636
f 622 590 623
f 577 578 609
f 604 605 636
f 623 591 624
f 578 579 610
f 637 605 638
f 624 592 625
f 611 579 612
f 638 606 639
f 625 593 626
f 580 581 612
f 607 608 639
f 626 594 627
f 581 582 613
f 640 608 609
f 627 595 628
f 582 583 614
f 596 597 628
f 615 583 616
f 597 598 629
f 584 585 616
f 598 599 630
f 617 585 618
f 599 600 631
f 618 586 619
f 632 600 633
f 619 587 620
f 633 601 634
f 620 588 621
f 669 637 670
f 624 625 656
f 611 612 643
f 670 638 671
f 657 625 658
f 612 613 644
f 639 640 671
f 658 626 659
f 613 614 645
f 672 640 641
f 659 627 660
f 646 614 647
f 660 628 661
f 647 615 648
f 661 629 662
f 616 617 648
f 630 631 662
f 649 617 650
f 663 631 664
f 618 619 650
f 664 632 665
f 651 619 652
f 665 633 666
f 620 621 652
f 634 635 666
f 653 621 654
f 667 635 668
f 654 622 655
f 609 610 641
f 636 637 668
f 623 624 655
f 610 611 642
f 672 641 704
f 691 659 692
f 678 646 679
f 660 661 692
f 679 647 680
f 693 661 694
f 680 648 681
f 662 663 694
f 681 649 682
f 695 663 696
f 682 650 683
f 664 665 696
f 651 652 683
f 697 665 698
f 684 652 685
f 666 667 698
f 685 653 686
f 699 667 700
f 686 654 687
f 641 642 673
f 668 669 700
f 655 656 687
f 642 643 674
f 701 669 702
f 656 657 688
f 675 643 676
f 670 671 702
f 689 657 690
f 676 644 677
f 671 672 703
f 690 658 691
f 677 645 678
f 726 694 727
f 681 682 713
f 695 696 727
f 714 682 715
f 728 696 729
f 715 683 716
f 729 697 730
f 684 685 716
f 730 698 731
f 717 685 718
f 731 699 732
f 718 686 719
f 705 673 706
f 700 701 732
f 687 688 719
f 674 675 706
f 733 701 734
f 688 689 720
f 707 675 708
f 734 702 735
f 721 689 722
f 708 676 709
f 703 704 735
f 722 690 723
f 677 678 709
f 704 673 736
f 723 691 724
f 710 678 711
f 692 693 724
f 711 679 712
f 725 693 726
f 712 680 713
f 761 729 762
f 748 716 749
f 730 731 762
f 749 717 750
f 763 731 764
f 750 718 751
f 737 705 738
f 732 733 764
f 719 720 751
f 738 706 739
f 765 733 766
f 720 721 752
f 739 707 740
f 766 734 767
f 753 721 754
f 740 708 741
f 735 736 767
f 754 722 755
f 741 709 742
f 736 705 768
f 755 723 756
f 742 710 743
f 724 725 756
f 743 711 744
f 725 726 757
f 744 712 745
f 758 726 759
f 745 713 746
f 759 727 760
f 746 714 747
f 760 728 761
f 715 716 747
f 769 737 770
f 796 764 797
f 751 752 783
f 770 738 771
f 797 765 798
f 752 753 784
f 771 739 772
f 798 766 799
f 753 754 785
f 772 740 773
f 799 767 800
f 754 755 786
f 773 741 774
f 800 768 769
f 755 756 787
f 774 742 775
f 756 757 788
f 775 743 776
f 757 758 789
f 776 744 777
f 758 759 790
f 745 746 777
f 759 760 791
f 746 747 778
f 760 761 792
f 747 748 779
f 793 761 794
f 748 749 780
f 794 762 795
f 749 750 781
f 795 763 796
f 750 751 782
f 804 772 805
f 831 799 832
f 786 787 818
f 805 773 806
f 832 800 801
f 787 788 819
f 806 774 807
f 788 789 820
f 807 775 808
f 789 790 821
f 808 776 809
f 790 791 822
f 777 778 809
f 791 792 823
f 778 779 810
f 792 793 824
f 779 780 811
f 825 793 826
f 780 781 812
f 826 794 827
f 781 782 813
f 827 795 828
f 782 783 814
f 801 769 802
f 828 796 829
f 783 784 815
f 802 770 803
f 829 797 830
f 784 785 816
f 803 771 804
f 830 798 831
f 785 786 817
f 839 807 840
f 821 822 853
f 840 808 841
f 822 823 854
f 809 810 841
f 823 824 855
f 810 811 842
f 824 825 856
f 811 812 843
f 857 825 858
f 812 813 844
f 858 826 859
f 813 814 845
f 859 827 860
f 814 815 846
f 833 801 834
f 860 828 861
f 815 816 847
f 834 802 835
f 861 829 862
f 816 817 848
f 835 803 836
f 862 830 863
f 817 818 849
f 836 804 837
f 863 831 864
f 818 819 850
f 837 805 838
f 864 832 833
f 819 820 851
f 838 806 839
f 820 821 852
f 855 856 887
f 842 843 874
f 856 857 888
f 843 844 875
f 889 857 890
f 844 845 876
f 890 858 891
f 845 846 877
f 891 859 892
f 865 833 866
f 846 847 878
f 892 860 893
f 866 834 867
f 847 848 879
f 893 861 894
f 867 835 868
f 848 849 880
f 894 862 895
f 868 836 869
f 849 850 881
f 895 863 896
f 869 837 870
f 850 851 882
f 896 864 865
f 870 838 871
f 851 852 883
f 852 853 884
f 871 839 872
f 853 854 885
f 872 840 873
f 854 855 886
f 841 842 873
f 922 890 923
f 877 878 909
f 923 891 924
f 878 879 910
f 897 865 898
f 924 892 925
f 879 880 911
f 898 866 899
f 925 893 926
f 880 881 912
f 899 867 900
f 926 894 927
f 881 882 913
f 900 868 901
f 927 895 928
f 882 883 914
f 901 869 902
f 928 896 897
f 883 884 915
f 902 870 903
f 884 885 916
f 903 871 904
f 885 886 917
f 904 872 905
f 886 887 918
f 873 874 905
f 887 888 919
f 874 875 906
f 888 889 920
f 875 876 907
f 921 889 922
f 876 877 908
f 898 899 930
f 925 926 957
f 944 912 945
f 899 900 931
f 926 927 958
f 945 913 946
f 900 901 932
f 927 928 959
f 946 914 947
f 901 902 933
f 928 897 960
f 947 915 948
f 902 903 934
f 948 916 949
f 903 904 935
f 949 917 950
f 904 905 936
f 950 918 951
f 937 905 938
f 951 919 952
f 938 906 939
f 952 920 953
f 939 907 940
f 921 922 953
f 940 908 941
f 922 923 954
f 941 909 942
f 923 924 955
f 942 910 943
f 897 898 929
f 924 925 956
f 943 911 944
f 965 933 966
f 992 960 961
f 947 948 979
f 966 934 967
f 948 949 980
f 967 935 968
f 949 950 981
f 968 936 969
f 950 951 982
f 937 938 969
f 951 952 983
f 938 939 970
f 952 953 984
f 939 940 971
f 985 953 986
f 940 941 972
f 986 954 987
f 941 942 973
f 987 955 988
f 942 943 974
f 961 929 962
f 988 956 989
f 943 944 975
f 962 930 963
f 989 957 990
f 944 945 976
f 963 931 964
f 990 958 991
f 945 946 977
f 964 932 965
f 991 959 992
f 946 947 978
f 1000 968 1001
f 982 983 1014
f 969 970 1001
f 983 984 1015
f 970 971 1002
f 984 985 1016
f 971 972 1003
f 1017 985 1018
f 972 973 1004
f 1018 986 1019
f 973 974 1005
f 1019 987 1020
f 974 975 1006
f 993 961 994
f 1020 988 1021
f 975 976 1007
f 994 962 995
f 1021 989 1022
f 976 977 1008
f 995 963 996
f 1022 990 1023
f 977 978 1009
f 996 964 997
f 1023 991 1024
f 978 979 1010
f 997 965 998
f 1024 992 993
f 979 980 1011
f 998 966 999
f 980 981 1012
f 999 967 1000
f 981 982 1013
f 1035 1003 1036
f 1017 1018 1049
f 1036 1004 1037
f 1018 1019 1050
f 1037 1005 1038
f 1019 1020 1051
f 1038 1006 1039
f 993 994 1025
f 1020 1021 1052
f 1039 1007 1040
f 994 995 1026
f 1021 1022 1053
f 1040 1008 1041
f 995 996 1027
f 1022 1023 1054
f 1041 1009 1042
f 996 997 1028
f 1023 1024 1055
f 1042 1010 1043
f 997 998 1029
f 1024 993 1056
f 1043 1011 1044
f 998 999 1030
f 1044 1012 1045
f 999 1000 1031
f 1045 1013 1046
f 1000 1001 1032
f 1046 1014 1047
f 1033 1001 1034
f 1047 1015 1048
f 1034 1002 1035
f 1048 1016 1049
f 1070 1038 1071
f 1025 1026 1057
f 1052 1053 1084
f 1071 1039 1072
f 1026 1027 1058
f 1053 1054 1085
f 1072 1040 1073
f 1027 1028 1059
f 1054 1055 1086
f 1073 1041 1074
f 1028 1029 1060
f 1055 1056 1087
f 1074 1042 1075
f 1029 1030 1061
f 1056 1025 1088
f 1075 1043 1076
f 1030 1031 1062
f 1076 1044 1077
f 1031 1032 1063
f 1077 1045 1078
f 1032 1033 1064
f 1078 1046 1079
f 1065 1033 1066
f 1079 1047 1080
f 1066 1034 1067
f 1080 1048 1081
f 1067 1035 1068
f 1049 1050 1081
f 1068 1036 1069
f 1050 1051 1082
f 1069 1037 1070
f 1051 1052 1083
f 1105 1073 1106
f 1060 1061 1092
f 1087 1088 1119
f 1106 1074 1107
f 1061 1062 1093
f 1088 1057 1120
f 1107 1075 1108
f 1062 1063 1094
f 1108 1076 1109
f 1063 1064 1095
f 1109 1077 1110
f 1064 1065 1096
f 1110 1078 1111
f 1097 1065 1098
f 1111 1079 1112
f 1098 1066 1099
f 1112 1080 1113
f 1099 1067 1100
f 1081 1082 1113
f 1100 1068 1101
f 1082 1083 1114
f 1101 1069 1102
f 1083 1084 1115
f 1102 1070 1103
f 1057 1058 1089
f 1084 1085 1116
f 1103 1071 1104
f 1058 1059 1090
f 1085 1086 1117
f 1104 1072 1105
f 1059 1060 1091
f 1086 1087 1118
f 1140 1108 1141
f 1095 1096 1127
f 1141 1109 1142
f 1096 1097 1128
f 1142 1110 1143
f 1129 1097 1130
f 1143 1111 1144
f 1130 1098 1131
f 1144 1112 1145
f 1131 1099 1132
f 1113 1114 1145
f 1132 1100 1133
f 1114 1115 1146
f 1133 1101 1134
f 1115 1116 1147
f 1134 1102 1135
f 1089 1090 1121
f 1116 1117 1148
f 1135 1103 1136
f 1090 1091 1122
f 1117 1118 1149
f 1136 1104 1137
f 1091 1092 1123
f 1118 1119 1150
f 1137 1105 1138
f 1092 1093 1124
f 1119 1120 1151
f 1138 1106 1139
f 1093 1094 1125
f 1120 1089 1152
f 1139 1107 1140
f 1094 1095 1126
f 1143 1144 1175
f 1130 1131 1162
f 1144 1145 1176
f 1131 1132 1163
f 1177 1145 1178
f 1132 1133 1164
f 1178 1146 1179
f 1133 1134 1165
f 1179 1147 1180
f 1134 1135 1166
f 1153 1121 1154
f 1180 1148 1181
f 1135 1136 1167
f 1154 1122 1155
f 1181 1149 1182
f 1136 1137 1168
f 1155 1123 1156
f 1182 1150 1183
f 1137 1138 1169
f 1156 1124 1157
f 1183 1151 1184
f 1138 1139 1170
f 1157 1125 1158
f 1184 1152 1153
f 1139 1140 1171
f 1158 1126 1159
f 1140 1141 1172
f 1159 1127 1160
f 1141 1142 1173
f 1160 1128 1161
f 1142 1143 1174
f 1129 1130 1161
f 1178 1179 1210
f 1197 1165 1198
f 1179 1180 1211
f 1198 1166 1199
f 1153 1154 1185
f 1180 1181 1212
f 1199 1167 1200
f 1154 1155 1186
f 1181 1182 1213
f 1200 1168 1201
f 1155 1156 1187
f 1182 1183 1214
f 1201 1169 1202
f 1156 1157 1188
f 1183 1184 1215
f 1202 1170 1203
f 1157 1158 1189
f 1184 1153 1216
f 1203 1171 1204
f 1158 1159 1190
f 1204 1172 1205
f 1159 1160 1191
f 1205 1173 1206
f 1160 1161 1192
f 1206 1174 1207
f 1193 1161 1194
f 1207 1175 1208
f 1194 1162 1195
f 1208 1176 1209
f 1195 1163 1196
f 1177 1178 1209
f 1196 1164 1197
f 1186 1187 1218
f 1213 1214 1245
f 1232 1200 1233
f 1187 1188 1219
f 1214 1215 1246
f 1233 1201 1234
f 1188 1189 1220
f 1215 1216 1247
f 1234 1202 1235
f 1189 1190 1221
f 1216 1185 1248
f 1235 1203 1236
f 1190 1191 1222
f 1236 1204 1237
f 1191 1192 1223
f 1237 1205 1238
f 1192 1193 1224
f 1238 1206 1239
f 1225 1193 1226
f 1239 1207 1240
f 1226 1194 1227
f 1240 1208 1241
f 1227 1195 1228
f 1209 1210 1241
f 1228 1196 1229
f 1210 1211 1242
f 1229 1197 1230
f 1211 1212 1243
f 1230 1198 1231
f 1185 1186 1217
f 1212 1213 1244
f 1231 1199 1232
f 1221 1222 1253
f 1248 1217 1280
f 1267 1235 1268
f 1222 1223 1254
f 1268 1236 1269
f 1223 1224 1255
f 1269 1237 1270
f 1224 1225 1256
f 1270 1238 1271
f 1257 1225 1258
f 1271 1239 1272
f 1258 1226 1259
f 1272 1240 1273
f 1259 1227 1260
f 1241 1242 1273
f 1260 1228 1261
f 1242 1243 1274
f 1261 1229 1262
f 1243 1244 1275
f 1262 1230 1263
f 1217 1218 1249
f 1244 1245 1276
f 1263 1231 1264
f 1218 1219 1250
f 1245 1246 1277
f 1264 1232 1265
f 1219 1220 1251
f 1246 1247 1278
f 1265 1233 1266
f 1220 1221 1252
f 1247 1248 1279
f 1266 1234 1267
f 1256 1257 1288
f 1302 1270 1303
f 1289 1257 1290
f 1303 1271 1304
f 1290 1258 1291
f 1304 1272 1305
f 1291 1259 1292
f 1273 1274 1305
f 1292 1260 1293
f 1274 1275 1306
f 1293 1261 1294
f 1275 1276 1307
f 1294 1262 1295
f 1249 1250 1281
f 1276 1277 1308
f 1295 1263 1296
f 1250 1251 1282
f 1277 1278 1309
f 1296 1264 1297
f 1251 1252 1283
f 1278 1279 1310
f 1297 1265 1298
f 1252 1253 1284
f 1279 1280 1311
f 1298 1266 1299
f 1253 1254 1285
f 1280 1249 1312
f 1299 1267 1300
f 1254 1255 1286
f 1300 1268 1301
f 1255 1256 1287
f 1301 1269 1302
f 1291 1292 1323
f 1337 1305 1338
f 1292 1293 1324
f 1338 1306 1339
f 1293 1294 1325
f 1339 1307 1340
f 1294 1295 1326
f 1313 1281 1314
f 1340 1308 1341
f 1295 1296 1327
f 1314 1282 1315
f 1341 1309 1342
f 1296 1297 1328
f 1315 1283 1316
f 1342 1310 1343
f 1297 1298 1329
f 1316 1284 1317
f 1343 1311 1344
f 1298 1299 1330
f 1317 1285 1318
f 1344 1312 1313
f 1299 1300 1331
f 1318 1286 1319
f 1300 1301 1332
f 1319 1287 1320
f 1301 1302 1333
f 1320 1288 1321
f 1302 1303 1334
f 1289 1290 1321
f 1303 1304 1335
f 1290 1291 1322
f 1304 1305 1336
f 1326 1327 1358
f 1345 1313 1346
f 1372 1340 1373
f 1327 1328 1359
f 1346 1314 1347
f 1373 1341 1374
f 1328 1329 1360
f 1347 1315 1348
f 1374 1342 1375
f 1329 1330 1361
f 1348 1316 1349
f 1375 1343 1376
f 1330 1331 1362
f 1349 1317 1350
f 1376 1344 1345
f 1331 1332 1363
f 1350 1318 1351
f 1332 1333 1364
f 1351 1319 1352
f 1333 1334 1365
f 1352 1320 1353
f 1334 1335 1366
f 1321 1322 1353
f 1335 1336 1367
f 1322 1323 1354
f 1336 1337 1368
f 1323 1324 1355
f 1369 1337 1370
f 1324 1325 1356
f 1370 1338 1371
f 1325 1326 1357
f 1371 1339 1372
f 1361 1362 1393
f 1380 1348 1381
f 1407 1375 1408
f 1362 1363 1394
f 1381 1349 1382
f 1408 1376 1377
f 1363 1364 1395
f 1382 1350 1383
f 1364 1365 1396
f 1383 1351 1384
f 1365 1366 1397
f 1384 1352 1385
f 1366 1367 1398
f 1353 1354 1385
f 1367 1368 1399
f 1354 1355 1386
f 1368 1369 1400
f 1355 1356 1387
f 1401 1369 1402
f 1356 1357 1388
f 1402 1370 1403
f 1357 1358 1389
f 1403 1371 1404
f 1358 1359 1390
f 1377 1345 1378
f 1404 1372 1405
f 1359 1360 1391
f 1378 1346 1379
f 1405 1373 1406
f 1360 1361 1392
f 1379 1347 1380
f 1406 1374 1407
f 1396 1397 1428
f 1415 1383 1416
f 1397 1398 1429
f 1416 1384 1417
f 1398 1399 1430
f 1385 1386 1417
f 1399 1400 1431
f 1386 1387 1418
f 1400 1401 1432
f 1387 1388 1419
f 1433 1401 1434
f 1388 1389 1420
f 1434 1402 1435
f 1389 1390 1421
f 1435 1403 1436
f 1390 1391 1422
f 1409 1377 1410
f 1436 1404 1437
f 1391 1392 1423
f 1410 1378 1411
f 1437 1405 1438
f 1392 1393 1424
f 1411 1379 1412
f 1438 1406 1439
f 1393 1394 1425
f 1412 1380 1413
f 1439 1407 1440
f 1394 1395 1426
f 1413 1381 1414
f 1440 1408 1409
f 1395 1396 1427
f 1414 1382 1415
f 1463 1431 1464
f 1450 1418 1451
f 1464 1432 1465
f 1451 1419 1452
f 1433 1434 1465
f 1452 1420 1453
f 1434 1435 1466
f 1453 1421 1454
f 1435 1436 1467
f 1454 1422 1455
f 1409 1410 1441
f 1436 1437 1468
f 1455 1423 1456
f 1410 1411 1442
f 1437 1438 1469
f 1456 1424 1457
f 1411 1412 1443
f 1438 1439 1470
f 1457 1425 1458
f 1412 1413 1444
f 1439 1440 1471
f 1458 1426 1459
f 1413 1414 1445
f 1440 1409 1472
f 1459 1427 1460
f 1414 1415 1446
f 1460 1428 1461
f 1415 1416 1447
f 1461 1429 1462
f 1416 1417 1448
f 1462 1430 1463
f 1449 1417 1450
f 1466 1467 1498
f 1485 1453 1486
f 1467 1468 1499
f 1486 1454 1487
f 1441 1442 1473
f 1468 1469 1500
f 1487 1455 1488
f 1442 1443 1474
f 1469 1470 1501
f 1488 1456 1489
f 1443 1444 1475
f 1470 1471 1502
f 1489 1457 1490
f 1444 1445 1476
f 1471 1472 1503
f 1490 1458 1491
f 1445 1446 1477
f 1472 1441 1504
f 1491 1459 1492
f 1446 1447 1478
f 1492 1460 1493
f 1447 1448 1479
f 1493 1461 1494
f 1448 1449 1480
f 1494 1462 1495
f 1481 1449 1482
f 1495 1463 1496
f 1482 1450 1483
f 1496 1464 1497
f 1483 1451 1484
f 1465 1466 1497
f 1484 1452 1485
f 1501 1502 1533
f 1520 1488 1521
f 1475 1476 1507
f 1502 1503 1534
f 1521 1489 1522
f 1476 1477 1508
f 1503 1504 1535
f 1522 1490 1523
f 1477 1478 1509
f 1504 1473 1536
f 1523 1491 1524
f 1478 1479 1510
f 1524 1492 1525
f 1479 1480 1511
f 1525 1493 1526
f 1480 1481 1512
f 1526 1494 1527
f 1513 1481 1514
f 1527 1495 1528
f 1514 1482 1515
f 1528 1496 1529
f 1515 1483 1516
f 1497 1498 1529
f 1516 1484 1517
f 1498 1499 1530
f 1517 1485 1518
f 1499 1500 1531
f 1518 1486 1519
f 1473 1474 1505
f 1500 1501 1532
f 1519 1487 1520
f 1474 1475 1506
f 1536 1505 1568
f 1555 1523 1556
f 1510 1511 1542
f 1556 1524 1557
f 1511 1512 1543
f 1557 1525 1558
f 1512 1513 1544
f 1558 1526 1559
f 1545 1513 1546
f 1559 1527 1560
f 1546 1514 1547
f 1560 1528 1561
f 1547 1515 1548
f 1529 1530 1561
f 1548 1516 1549
f 1530 1531 1562
f 1549 1517 1550
f 1531 1532 1563
f 1550 1518 1551
f 1505 1506 1537
f 1532 1533 1564
f 1551 1519 1552
f 1506 1507 1538
f 1533 1534 1565
f 1552 1520 1553
f 1507 1508 1539
f 1534 1535 1566
f 1553 1521 1554
f 1508 1509 1540
f 1535 1536 1567
f 1554 1522 1555
f 1509 1510 1541
f 1590 1558 1591
f 1577 1545 1578
f 1591 1559 1592
f 1578 1546 1579
f 1592 1560 1593
f 1579 1547 1580
f 1561 1562 1593
f 1580 1548 1581
f 1562 1563 1594
f 1581 1549 1582
f 1563 1564 1595
f 1582 1550 1583
f 1537 1538 1569
f 1564 1565 1596
f 1583 1551 1584
f 1538 1539 1570
f 1565 1566 1597
f 1584 1552 1585
f 1539 1540 1571
f 1566 1567 1598
f 1585 1553 1586
f 1540 1541 1572
f 1567 1568 1599
f 1586 1554 1587
f 1541 1542 1573
f 1568 1537 1600
f 1587 1555 1588
f 1542 1543 1574
f 1588 1556 1589
f 1543 1544 1575
f 1589 1557 1590
f 1544 1545 1576
f 1593 1594 1625
f 1612 1580 1613
f 1594 1595 1626
f 1613 1581 1614
f 1595 1596 1627
f 1614 1582 1615
f 1569 1570 1601
f 1596 1597 1628
f 1615 1583 1616
f 1570 1571 1602
f 1597 1598 1629
f 1616 1584 1617
f 1571 1572 1603
f 1598 1599 1630
f 1617 1585 1618
f 1572 1573 1604
f 1599 1600 1631
f 1618 1586 1619
f 1573 1574 1605
f 1600 1569 1632
f 1619 1587 1620
f 1574 1575 1606
f 1620 1588 1621
f 1575 1576 1607
f 1621 1589 1622
f 1576 1577 1608
f 1622 1590 1623
f 1609 1577 1610
f 1623 1591 1624
f 1610 1578 1611
f 1624 1592 1625
f 1611 1579 1612
f 1633 1601 1634
f 1660 1628 1661
f 1615 1616 1647
f 1634 1602 1635
f 1661 1629 1662
f 1616 1617 1648
f 1635 1603 1636
f 1662 1630 1663
f 1617 1618 1649
f 1636 1604 1637
f 1663 1631 1664
f 1618 1619 1650
f 1637 1605 1638
f 1664 1632 1633
f 1619 1620 1651
f 1638 1606 1639
f 1620 1621 1652
f 1639 1607 1640
f 1621 1622 1653
f 1640 1608 1641
f 1622 1623 1654
f 1609 1610 1641
f 1623 1624 1655
f 1610 1611 1642
f 1624 1625 1656
f 1611 1612 1643
f 1657 1625 1658
f 1612 1613 1644
f 1658 1626 1659
f 1613 1614 1645
f 1659 1627 1660
f 1614 1615 1646
f 1668 1636 1669
f 1695 1663 1696
f 1650 1651 1682
f 1669 1637 1670
f 1696 1664 1665
f 1651 1652 1683
f 1670 1638 1671
f 1652 1653 1684
f 1671 1639 1672
f 1653 1654 1685
f 1672 1640 1673
f 1654 1655 1686
f 1641 1642 1673
f 1655 1656 1687
f 1642 1643 1674
f 1656 1657 1688
f 1643 1644 1675
f 1689 1657 1690
f 1644 1645 1676
f 1690 1658 1691
f 1645 1646 1677
f 1691 1659 1692
f 1646 1647 1678
f 1665 1633 1666
f 1692 1660 1693
f 1647 1648 1679
f 1666 1634 1667
f 1693 1661 1694
f 1648 1649 1680
f 1667 1635 1668
f 1694 1662 1695
f 1649 1650 1681
f 1698 1666 1699
f 1725 1693 1726
f 1680 1681 1712
f 1699 1667 1700
f 1726 1694 1727
f 1681 1682 1713
f 1700 1668 1701
f 1727 1695 1728
f 1682 1683 1714
f 1701 1669 1702
f 1728 1696 1697
f 1683 1684 1715
f 1702 1670 1703
f 1684 1685 1716
f 1703 1671 1704
f 1685 1686 1717
f 1704 1672 1705
f 1686 1687 1718
f 1673 1674 1705
f 1687 1688 1719
f 1674 1675 1706
f 1688 1689 1720
f 1675 1676 1707
f 1721 1689 1722
f 1676 1677 1708
f 1722 1690 1723
f 1677 1678 1709
f 1723 1691 1724
f 1678 1679 1710
f 1697 1665 1698
f 1724 1692 1725
f 1679 1680 1711
f 1733 1701 1734
f 1760 1728 1729
f 1715 1716 1747
f 1734 1702 1735
f 1716 1717 1748
f 1735 1703 1736
f 1717 1718 1749
f 1736 1704 1737
f 1718 1719 1750
f 1705 1706 1737
f 1719 1720 1751
f 1706 1707 1738
f 1720 1721 1752
f 1707 1708 1739
f 1753 1721 1754
f 1708 1709 1740
f 1754 1722 1755
f 1709 1710 1741
f 1755 1723 1756
f 1710 1711 1742
f 1729 1697 1730
f 1756 1724 1757
f 1711 1712 1743
f 1730 1698 1731
f 1757 1725 1758
f 1712 1713 1744
f 1731 1699 1732
f 1758 1726 1759
f 1713 1714 1745
f 1732 1700 1733
f 1759 1727 1760
f 1714 1715 1746
f 1768 1736 1769
f 1750 1751 1782
f 1737 1738 1769
f 1751 1752 1783
f 1738 1739 1770
f 1752 1753 1784
f 1739 1740 1771
f 1785 1753 1786
f 1740 1741 1772
f 1786 1754 1787
f 1741 1742 1773
f 1787 1755 1788
f 1742 1743 1774
f 1761 1729 1762
f 1788 1756 1789
f 1743 1744 1775
f 1762 1730 1763
f 1789 1757 1790
f 1744 1745 1776
f 1763 1731 1764
f 1790 1758 1791
f 1745 1746 1777
f 1764 1732 1765
f 1791 1759 1792
f 1746 1747 1778
f 1765 1733 1766
f 1792 1760 1761
f 1747 1748 1779
f 1766 1734 1767
f 1748 1749 1780
f 1767 1735 1768
f 1749 1750 1781
f 1771 1772 1803
f 1817 1785 1818
f 1772 1773 1804
f 1818 1786 1819
f 1773 1774 1805
f 1819 1787 1820
f 1774 1775 1806
f 1793 1761 1794
f 1820 1788 1821
f 1775 1776 1807
f 1794 1762 1795
f 1821 1789 1822
f 1776 1777 1808
f 1795 1763 1796
f 1822 1790 1823
f 1777 1778 1809
f 1796 1764 1797
f 1823 1791 1824
f 1778 1779 1810
f 1797 1765 1798
f 1824 1792 1793
f 1779 1780 1811
f 1798 1766 1799
f 1780 1781 1812
f 1799 1767 1800
f 1781 1782 1813
f 1800 1768 1801
f 1782 1783 1814
f 1769 1770 1801
f 1783 1784 1815
f 1770 1771 1802
f 1784 1785 1816
f 1806 1807 1838
f 1825 1793 1826
f 1852 1820 1853
f 1807 1808 1839
f 1826 1794 1827
f 1853 1821 1854
f 1808 1809 1840
f 1827 1795 1828
f 1854 1822 1855
f 1809 1810 1841
f 1828 1796 1829
f 1855 1823 1856
f 1810 1811 1842
f 1829 1797 1830
f 1856 1824 1825
f 1811 1812 1843
f 1830 1798 1831
f 1812 1813 1844
f 1831 1799 1832
f 1813 1814 1845
f 1832 1800 1833
f 1814 1815 1846
f 1801 1802 1833
f 1815 1816 1847
f 1802 1803 1834
f 1816 1817 1848
f 1803 1804 1835
f 1849 1817 1850
f 1804 1805 1836
f 1850 1818 1851
f 1805 1806 1837
f 1851 1819 1852
f 1841 1842 1873
f 1860 1828 1861
f 1887 1855 1888
f 1842 1843 1874
f 1861 1829 1862
f 1888 1856 1857
f 1843 1844 1875
f 1862 1830 1863
f 1844 1845 1876
f 1863 1831 1864
f 1845 1846 1877
f 1864 1832 1865
f 1846 1847 1878
f 1833 1834 1865
f 1847 1848 1879
f 1834 1835 1866
f 1848 1849 1880
f 1835 1836 1867
f 1881 1849 1882
f 1836 1837 1868
f 1882 1850 1883
f 1837 1838 1869
f 1883 1851 1884
f 1838 1839 1870
f 1857 1825 1858
f 1884 1852 1885
f 1839 1840 1871
f 1858 1826 1859
f 1885 1853 1886
f 1840 1841 1872
f 1859 1827 1860
f 1886 1854 1887
f 1876 1877 1908
f 1895 1863 1896
f 1877 1878 1909
f 1896 1864 1897
f 1878 1879 1910
f 1865 1866 1897
f 1879 1880 1911
f 1866 1867 1898
f 1880 1881 1912
f 1867 1868 1899
f 1913 1881 1914
f 1868 1869 1900
f 1914 1882 1915
f 1869 1870 1901
f 1915 1883 1916
f 1870 1871 1902
f 1889 1857 1890
f 1916 1884 1917
f 1871 1872 1903
f 1890 1858 1891
f 1917 1885 1918
f 1872 1873 1904
f 1891 1859 1892
f 1918 1886 1919
f 1873 1874 1905
f 1892 1860 1893
f 1919 1887 1920
f 1874 1875 1906
f 1893 1861 1894
f 1920 1888 1889
f 1875 1876 1907
f 1894 1862 1895
f 1911 1912 1943
f 1898 1899 1930
f 1912 1913 1944
f 1899 1900 1931
f 1945 1913 1946
f 1900 1901 1932
f 1946 1914 1947
f 1901 1902 1933
f 1947 1915 1948
f 1902 1903 1934
f 1921 1889 1922
f 1948 1916 1949
f 1903 1904 1935
f 1922 1890 1923
f 1949 1917 1950
f 1904 1905 1936
f 1923 1891 1924
f 1950 1918 1951
f 1905 1906 1937
f 1924 1892 1925
f 1951 1919 1952
f 1906 1907 1938
f 1925 1893 1926
f 1952 1920 1921
f 1907 1908 1939
f 1926 1894 1927
f 1908 1909 1940
f 1927 1895 1928
f 1909 1910 1941
f 1928 1896 1929
f 1910 1911 1942
f 1897 1898 1929
f 1978 1946 1979
f 1933 1934 1965
f 1979 1947 1980
f 1934 1935 1966
f 1953 1921 1954
f 1980 1948 1981
f 1935 1936 1967
f 1954 1922 1955
f 1981 1949 1982
f 1936 1937 1968
f 1955 1923 1956
f 1982 1950 1983
f 1937 1938 1969
f 1956 1924 1957
f 1983 1951 1984
f 1938 1939 1970
f 1957 1925 1958
f 1984 1952 1953
f 1939 1940 1971
f 1958 1926 1959
f 1940 1941 1972
f 1959 1927 1960
f 1941 1942 1973
f 1960 1928 1961
f 1942 1943 1974
f 1929 1930 1961
f 1943 1944 1975
f 1930 1931 1962
f 1944 1945 1976
f 1931 1932 1963
f 1977 1945 1978
f 1932 1933 1964
f 1981 1982 2013
f 2000 1968 2001
f 1955 1956 1987
f 1982 1983 2014
f 2001 1969 2002
f 1956 1957 1988
f 1983 1984 2015
f 2002 1970 2003
f 1957 1958 1989
f 1984 1953 2016
f 2003 1971 2004
f 1958 1959 1990
f 2004 1972 2005
f 1959 1960 1991
f 2005 1973 2006
f 1960 1961 1992
f 2006 1974 2007
f 1993 1961 1994
f 2007 1975 2008
f 1994 1962 1995
f 2008 1976 2009
f 1995 1963 1996
f 1977 1978 2009
f 1996 1964 1997
f 1978 1979 2010
f 1997 1965 1998
f 1979 1980 2011
f 1998 1966 1999
f 1953 1954 1985
f 1980 1981 2012
f 1999 1967 2000
f 1954 1955 1986
f 2016 1985 2048
f 2035 2003 2036
f 1990 1991 2022
f 2036 2004 2037
f 1991 1992 2023
f 2037 2005 2038
f 1992 1993 2024
f 2038 2006 2039
f 2025 1993 2026
f 2039 2007 2040
f 2026 1994 2027
f 2040 2008 2041
f 2027 1995 2028
f 2009 2010 2041
f 2028 1996 2029
f 2010 2011 2042
f 2029 1997 2030
f 2011 2012 2043
f 2030 1998 2031
f 1985 1986 2017
f 2012 2013 2044
f 2031 1999 2032
f 1986 1987 2018
f 2013 2014 2045
f 2032 2000 2033
f 1987 1988 2019
f 2014 2015 2046
f 2033 2001 2034
f 1988 1989 2020
f 2015 2016 2047
f 2034 2002 2035
f 1989 1990 2021
f 2038 2039 2070
f 2025 2026 2057
f 2039 2040 2071
f 2026 2027 2058
f 2040 2041 2072
f 2027 2028 2059
f 2073 2041 2074
f 2028 2029 2060
f 2074 2042 2075
f 2029 2030 2061
f 2075 2043 2076
f 2030 2031 2062
f 2049 2017 2050
f 2076 2044 2077
f 2031 2032 2063
f 2050 2018 2051
f 2077 2045 2078
f 2032 2033 2064
f 2051 2019 2052
f 2078 2046 2079
f 2033 2034 2065
f 2052 2020 2053
f 2079 2047 2080
f 2034 2035 2066
f 2053 2021 2054
f 2080 2048 2049
f 2035 2036 2067
f 2054 2022 2055
f 2036 2037 2068
f 2055 2023 2056
f 2037 2038 2069
f 2056 2024 2057
f 2073 2074 2105
f 2092 2060 2093
f 2074 2075 2106
f 2093 2061 2094
f 2075 2076 2107
f 2094 2062 2095
f 2049 2050 2081
f 2076 2077 2108
f 2095 2063 2096
f 2050 2051 2082
f 2077 2078 2109
f 2096 2064 2097
f 2051 2052 2083
f 2078 2079 2110
f 2097 2065 2098
f 2052 2053 2084
f 2079 2080 2111
f 2098 2066 2099
f 2053 2054 2085
f 2080 2049 2112
f 2099 2067 2100
f 2054 2055 2086
f 2100 2068 2101
f 2055 2056 2087
f 2101 2069 2102
f 2056 2057 2088
f 2102 2070 2103
f 2089 2057 2090
f 2103 2071 2104
f 2090 2058 2091
f 2104 2072 2105
f 2091 2059 2092
f 2081 2082 2113
f 2108 2109 2140
f 2127 2095 2128
f 2082 2083 2114
f 2109 2110 2141
f 2128 2096 2129
f 2083 2084 2115
f 2110 2111 2142
f 2129 2097 2130
f 2084 2085 2116
f 2111 2112 2143
f 2130 2098 2131
f 2085 2086 2117
f 2112 2081 2144
f 2131 2099 2132
f 2086 2087 2118
f 2132 2100 2133
f 2087 2088 2119
f 2133 2101 2134
f 2088 2089 2120
f 2134 2102 2135
f 2121 2089 2122
f 2135 2103 2136
f 2122 2090 2123
f 2136 2104 2137
f 2123 2091 2124
f 2105 2106 2137
f 2124 2092 2125
f 2106 2107 2138
f 2125 2093 2126
f 2107 2108 2139
f 2126 2094 2127
f 2116 2117 2148
f 2143 2144 2175
f 2162 2130 2163
f 2117 2118 2149
f 2144 2113 2176
f 2163 2131 2164
f 2118 2119 2150
f 2164 2132 2165
f 2119 2120 2151
f 2165 2133 2166
f 2120 2121 2152
f 2166 2134 2167
f 2153 2121 2154
f 2167 2135 2168
f 2154 2122 2155
f 2168 2136 2169
f 2155 2123 2156
f 2137 2138 2169
f 2156 2124 2157
f 2138 2139 2170
f 2157 2125 2158
f 2139 2140 2171
f 2158 2126 2159
f 2113 2114 2145
f 2140 2141 2172
f 2159 2127 2160
f 2114 2115 2146
f 2141 2142 2173
f 2160 2128 2161
f 2115 2116 2147
f 2142 2143 2174
f 2161 2129 2162
f 2151 2152 2183
f 2197 2165 2198
f 2152 2153 2184
f 2198 2166 2199
f 2185 2153 2186
f 2199 2167 2200
f 2186 2154 2187
f 2200 2168 2201
f 2187 2155 2188
f 2169 2170 2201
f 2188 2156 2189
f 2170 2171 2202
f 2189 2157 2190
f 2171 2172 2203
f 2190 2158 2191
f 2145 2146 2177
f 2172 2173 2204
f 2191 2159 2192
f 2146 2147 2178
f 2173 2174 2205
f 2192 2160 2193
f 2147 2148 2179
f 2174 2175 2206
f 2193 2161 2194
f 2148 2149 2180
f 2175 2176 2207
f 2194 2162 2195
f 2149 2150 2181
f 2176 2145 2208
f 2195 2163 2196
f 2150 2151 2182
f 2196 2164 2197
f 2186 2187 2218
f 2200 2201 2232
f 2187 2188 2219
f 2233 2201 2234
f 2188 2189 2220
f 2234 2202 2235
f 2189 2190 2221
f 2235 2203 2236
f 2190 2191 2222
f 2209 2177 2210
f 2236 2204 2237
f 2191 2192 2223
f 2210 2178 2211
f 2237 2205 2238
f 2192 2193 2224
f 2211 2179 2212
f 2238 2206 2239
f 2193 2194 2225
f 2212 2180 2213
f 2239 2207 2240
f 2194 2195 2226
f 2213 2181 2214
f 2240 2208 2209
f 2195 2196 2227
f 2214 2182 2215
f 2196 2197 2228
f 2215 2183 2216
f 2197 2198 2229
f 2216 2184 2217
f 2198 2199 2230
f 2185 2186 2217
f 2199 2200 2231
f 2221 2222 21
f 7 2235 6
f 2222 2223 20
f 1 2209 32
f 6 2236 5
f 2223 2224 19
f 32 2210 31
f 5 2237 4
f 2224 2225 18
f 31 2211 30
f 4 2238 3
f 2225 2226 17
f 30 2212 29
f 3 2239 2
f 2226 2227 16
f 2213 2214 29
f 2 2240 1
f 2227 2228 15
f 2214 2215 28
f 2228 2229 14
f 2215 2216 27
f 13 2229 12
f 2216 2217 26
f 12 2230 11
f 2217 2218 25
f 11 2231 10
f 2218 2219 24
f 10 2232 9
f 2219 2220 23
f 9 2233 8
f 2220 2221 22
f 8 2234 7
f 39 8 40
f 54 21 22
f 40 9 41
f 55 22 23
f 41 10 42
f 56 23 24
f 42 11 43
f 57 24 25
f 43 12 44
f 58 25 26
f 44 13 45
f 59 26 27
f 46 13 14
f 60 27 28
f 47 14 15
f 33 2 34
f 61 28 29
f 48 15 16
f 34 3 35
f 61 30 62
f 49 16 17
f 35 4 36
f 62 31 63
f 50 17 18
f 36 5 37
f 63 32 64
f 51 18 19
f 37 6 38
f 64 1 33
f 52 19 20
f 38 7 39
f 53 20 21
f 67 34 35
f 93 62 94
f 81 48 49
f 68 35 36
f 94 63 95
f 81 50 82
f 69 36 37
f 95 64 96
f 82 51 83
f 70 37 38
f 96 33 65
f 83 52 84
f 71 38 39
f 84 53 85
f 72 39 40
f 85 54 86
f 73 40 41
f 86 55 87
f 74 41 42
f 87 56 88
f 75 42 43
f 88 57 89
f 76 43 44
f 89 58 90
f 77 44 45
f 90 59 91
f 78 45 46
f 91 60 92
f 79 46 47
f 66 33 34
f 92 61 93
f 80 47 48
f 102 69 70
f 97 96 65
f 116 83 84
f 102 71 103
f 117 84 85
f 104 71 72
f 118 85 86
f 105 72 73
f 119 86 87
f 105 74 106
f 119 88 120
f 107 74 75
f 120 89 121
f 107 76 108
f 121 90 122
f 109 76 77
f 123 90 91
f 110 77 78
f 123 92 124
f 111 78 79
f 98 65 66
f 125 92 93
f 111 80 112
f 98 67 99
f 125 94 126
f 113 80 81
f 99 68 100
f 127 94 95
f 113 82 114
f 100 69 101
f 128 95 96
f 114 83 115
f 137 104 105
f 150 119 151
f 137 106 138
f 152 119 120
f 139 106 107
f 153 120 121
f 139 108 140
f 154 121 122
f 141 108 109
f 155 122 123
f 142 109 110
f 155 124 156
f 142 111 143
f 130 97 98
f 157 124 125
f 143 112 144
f 130 99 131
f 157 126 158
f 145 112 113
f 132 99 100
f 159 126 127
f 146 113 114
f 132 101 133
f 159 128 160
f 147 114 115
f 134 101 102
f 129 128 97
f 147 116 148
f 135 102 103
f 148 117 149
f 135 104 136
f 150 117 118
f 171 140 172
f 186 153 154
f 172 141 173
f 186 155 187
f 173 142 174
f 187 156 188
f 174 143 175
f 162 129 130
f 189 156 157
f 175 144 176
f 162 131 163
f 189 158 190
f 177 144 145
f 164 131 132
f 190 159 191
f 178 145 146
f 164 133 165
f 192 159 160
f 179 146 147
f 166 133 134
f 161 160 129
f 180 147 148
f 166 135 167
f 181 148 149
f 167 136 168
f 182 149 150
f 169 136 137
f 182 151 183
f 169 138 170
f 183 152 184
f 170 139 171
f 184 153 185
f 206 175 207
f 194 161 162
f 221 188 189
f 207 176 208
f 194 163 195
f 222 189 190
f 209 176 177
f 196 163 164
f 223 190 191
f 210 177 178
f 196 165 197
f 224 191 192
f 210 179 211
f 198 165 166
f 193 192 161
f 212 179 180
f 198 167 199
f 213 180 181
f 199 168 200
f 214 181 182
f 201 168 169
f 215 182 183
f 201 170 202
f 215 184 216
f 203 170 171
f 217 184 185
f 204 171 172
f 218 185 186
f 205 172 173
f 219 186 187
f 205 174 206
f 220 187 188
f 242 209 210
f 229 196 197
f 255 224 256
f 243 210 211
f 229 198 230
f 225 224 193
f 243 212 244
f 230 199 231
f 245 212 213
f 232 199 200
f 245 214 246
f 232 201 233
f 247 214 215
f 234 201 202
f 247 216 248
f 235 202 203
f 249 216 217
f 235 204 236
f 250 217 218
f 237 204 205
f 251 218 219
f 237 206 238
f 252 219 220
f 239 206 207
f 226 193 194
f 253 220 221
f 239 208 240
f 226 195 227
f 253 222 254
f 241 208 209
f 228 195 196
f 254 223 255
f 277 244 245
f 263 232 264
f 278 245 246
f 265 232 233
f 279 246 247
f 266 233 234
f 280 247 248
f 266 235 267
f 281 248 249
f 268 235 236
f 282 249 250
f 269 236 237
f 283 250 251
f 270 237 238
f 284 251 252
f 271 238 239
f 258 225 226
f 285 252 253
f 271 240 272
f 259 226 227
f 286 253 254
f 272 241 273
f 259 228 260
f 287 254 255
f 274 241 242
f 261 228 229
f 288 255 256
f 275 242 243
f 262 229 230
f 257 256 225
f 276 243 244
f 262 231 263
f 312 279 280
f 299 266 267
f 313 280 281
f 300 267 268
f 314 281 282
f 301 268 269
f 315 282 283
f 302 269 270
f 316 283 284
f 303 270 271
f 290 257 258
f 317 284 285
f 304 271 272
f 291 258 259
f 318 285 286
f 305 272 273
f 292 259 260
f 319 286 287
f 306 273 274
f 293 260 261
f 320 287 288
f 307 274 275
f 294 261 262
f 289 288 257
f 308 275 276
f 295 262 263
f 309 276 277
f 296 263 264
f 310 277 278
f 297 264 265
f 311 278 279
f 298 265 266
f 346 315 347
f 334 301 302
f 348 315 316
f 334 303 335
f 322 289 290
f 348 317 349
f 336 303 304
f 323 290 291
f 350 317 318
f 337 304 305
f 324 291 292
f 351 318 319
f 337 306 338
f 325 292 293
f 351 320 352
f 339 306 307
f 326 293 294
f 352 289 321
f 339 308 340
f 327 294 295
f 340 309 341
f 328 295 296
f 342 309 310
f 328 297 329
f 342 311 343
f 330 297 298
f 344 311 312
f 330 299 331
f 345 312 313
f 332 299 300
f 346 313 314
f 333 300 301
f 355 322 323
f 382 349 350
f 369 336 337
f 356 323 324
f 383 350 351
f 369 338 370
f 357 324 325
f 384 351 352
f 371 338 339
f 357 326 358
f 384 321 353
f 372 339 340
f 359 326 327
f 372 341 373
f 360 327 328
f 373 342 374
f 361 328 329
f 374 343 375
f 362 329 330
f 376 343 344
f 363 330 331
f 376 345 377
f 364 331 332
f 377 346 378
f 364 333 365
f 378 347 379
f 365 334 366
f 380 347 348
f 366 335 367
f 354 321 322
f 380 349 381
f 368 335 336
f 389 358 390
f 416 353 385
f 403 372 404
f 391 358 359
f 405 372 373
f 391 360 392
f 405 374 406
f 392 361 393
f 406 375 407
f 394 361 362
f 408 375 376
f 394 363 395
f 409 376 377
f 396 363 364
f 410 377 378
f 397 364 365
f 410 379 411
f 398 365 366
f 412 379 380
f 399 366 367
f 386 353 354
f 412 381 413
f 400 367 368
f 386 355 387
f 414 381 382
f 401 368 369
f 388 355 356
f 415 382 383
f 402 369 370
f 388 357 389
f 415 384 416
f 402 371 403
f 424 393 425
f 439 406 407
f 426 393 394
f 440 407 408
f 427 394 395
f 440 409 441
f 428 395 396
f 442 409 410
f 428 397 429
f 442 411 443
f 429 398 430
f 444 411 412
f 431 398 399
f 418 385 386
f 445 412 413
f 432 399 400
f 418 387 419
f 446 413 414
f 432 401 433
f 420 387 388
f 446 415 447
f 434 401 402
f 420 389 421
f 448 415 416
f 434 403 435
f 421 390 422
f 448 385 417
f 436 403 404
f 423 390 391
f 437 404 405
f 424 391 392
f 438 405 406
f 460 427 428
f 474 441 442
f 460 429 461
f 474 443 475
f 462 429 430
f 476 443 444
f 463 430 431
f 450 417 418
f 477 444 445
f 463 432 464
f 450 419 451
f 478 445 446
f 464 433 465
f 452 419 420
f 478 447 479
f 465 434 466
f 453 420 421
f 479 448 480
f 467 434 435
f 453 422 454
f 480 417 449
f 468 435 436
f 455 422 423
f 469 436 437
f 456 423 424
f 469 438 470
f 456 425 457
f 470 439 471
f 458 425 426
f 472 439 440
f 459 426 427
f 472 441 473
f 495 462 463
f 482 449 450
f 508 477 509
f 495 464 496
f 482 451 483
f 510 477 478
f 496 465 497
f 484 451 452
f 510 479 511
f 497 466 498
f 485 452 453
f 512 479 480
f 498 467 499
f 485 454 486
f 512 449 481
f 500 467 468
f 487 454 455
f 500 469 501
f 488 455 456
f 501 470 502
f 489 456 457
f 503 470 471
f 490 457 458
f 504 471 472
f 490 459 491
f 504 473 505
f 492 459 460
f 505 474 506
f 493 460 461
f 506 475 507
f 493 462 494
f 507 476 508
f 529 498 530
f 517 484 485
f 544 511 512
f 530 499 531
f 517 486 518
f 544 481 513
f 532 499 500
f 519 486 487
f 532 501 533
f 520 487 488
f 534 501 502
f 520 489 521
f 534 503 535
f 522 489 490
f 536 503 504
f 523 490 491
f 536 505 537
f 524 491 492
f 538 505 506
f 524 493 525
f 538 507 539
f 526 493 494
f 540 507 508
f 526 495 527
f 514 481 482
f 540 509 541
f 528 495 496
f 514 483 515
f 542 509 510
f 529 496 497
f 516 483 484
f 542 511 543
f 564 533 565
f 552 519 520
f 566 533 534
f 553 520 521
f 566 535 567
f 554 521 522
f 568 535 536
f 554 523 555
f 568 537 569
f 556 523 524
f 570 537 538
f 557 524 525
f 570 539 571
f 558 525 526
f 572 539 540
f 559 526 527
f 546 513 514
f 572 541 573
f 560 527 528
f 546 515 547
f 574 541 542
f 561 528 529
f 548 515 516
f 575 542 543
f 561 530 562
f 549 516 517
f 575 544 576
f 563 530 531
f 549 518 550
f 576 513 545
f 563 532 564
f 551 518 519
f 600 567 568
f 586 555 587
f 600 569 601
f 587 556 588
f 601 570 602
f 589 556 557
f 602 571 603
f 590 557 558
f 604 571 572
f 591 558 559
f 578 545 546
f 604 573 605
f 592 559 560
f 578 547 579
f 606 573 574
f 593 560 561
f 580 547 548
f 606 575 607
f 593 562 594
f 580 549 581
f 607 576 608
f 595 562 563
f 581 550 582
f 577 576 545
f 595 564 596
f 583 550 551
f 597 564 565
f 584 551 552
f 598 565 566
f 585 552 553
f 598 567 599
f 586 553 554
f 634 603 635
f 622 589 590
f 636 603 604
f 623 590 591
f 609 578 610
f 636 605 637
f 624 591 592
f 610 579 611
f 638 605 606
f 625 592 593
f 612 579 580
f 639 606 607
f 626 593 594
f 612 581 613
f 639 608 640
f 627 594 595
f 613 582 614
f 609 608 577
f 628 595 596
f 614 583 615
f 628 597 629
f 616 583 584
f 629 598 630
f 616 585 617
f 630 599 631
f 618 585 586
f 631 600 632
f 619 586 587
f 633 600 601
f 620 587 588
f 634 601 602
f 621 588 589
f 670 637 638
f 656 625 657
f 643 612 644
f 671 638 639
f 658 625 626
f 644 613 645
f 671 640 672
f 659 626 627
f 645 614 646
f 641 640 609
f 660 627 628
f 647 614 615
f 661 628 629
f 648 615 616
f 662 629 630
f 648 617 649
f 662 631 663
f 650 617 618
f 664 631 632
f 650 619 651
f 665 632 633
f 652 619 620
f 666 633 634
f 652 621 653
f 666 635 667
f 654 621 622
f 668 635 636
f 655 622 623
f 641 610 642
f 668 637 669
f 655 624 656
f 642 611 643
f 704 641 673
f 692 659 660
f 679 646 647
f 692 661 693
f 680 647 648
f 694 661 662
f 681 648 649
f 694 663 695
f 682 649 650
f 696 663 664
f 683 650 651
f 696 665 697
f 683 652 684
f 698 665 666
f 685 652 653
f 698 667 699
f 686 653 654
f 700 667 668
f 687 654 655
f 673 642 674
f 700 669 701
f 687 656 688
f 674 643 675
f 702 669 670
f 688 657 689
f 676 643 644
f 702 671 703
f 690 657 658
f 677 644 645
f 703 672 704
f 691 658 659
f 678 645 646
f 727 694 695
f 713 682 714
f 727 696 728
f 715 682 683
f 729 696 697
f 716 683 684
f 730 697 698
f 716 685 717
f 731 698 699
f 718 685 686
f 732 699 700
f 719 686 687
f 706 673 674
f 732 701 733
f 719 688 720
f 706 675 707
f 734 701 702
f 720 689 721
f 708 675 676
f 735 702 703
f 722 689 690
f 709 676 677
f 735 704 736
f 723 690 691
f 709 678 710
f 736 673 705
f 724 691 692
f 711 678 679
f 724 693 725
f 712 679 680
f 726 693 694
f 713 680 681
f 762 729 730
f 749 716 717
f 762 731 763
f 750 717 718
f 764 731 732
f 751 718 719
f 738 705 706
f 764 733 765
f 751 720 752
f 739 706 707
f 766 733 734
f 752 721 753
f 740 707 708
f 767 734 735
f 754 721 722
f 741 708 709
f 767 736 768
f 755 722 723
f 742 709 710
f 768 705 737
f 756 723 724
f 743 710 711
f 756 725 757
f 744 711 712
f 757 726 758
f 745 712 713
f 759 726 727
f 746 713 714
f 760 727 728
f 747 714 715
f 761 728 729
f 747 716 748
f 770 737 738
f 797 764 765
f 783 752 784
f 771 738 739
f 798 765 766
f 784 753 785
f 772 739 740
f 799 766 767
f 785 754 786
f 773 740 741
f 800 767 768
f 786 755 787
f 774 741 742
f 769 768 737
f 787 756 788
f 775 742 743
f 788 757 789
f 776 743 744
f 789 758 790
f 777 744 745
f 790 759 791
f 777 746 778
f 791 760 792
f 778 747 779
f 792 761 793
f 779 748 780
f 794 761 762
f 780 749 781
f 795 762 763
f 781 750 782
f 796 763 764
f 782 751 783
f 805 772 773
f 832 799 800
f 818 787 819
f 806 773 774
f 801 800 769
f 819 788 820
f 807 774 775
f 820 789 821
f 808 775 776
f 821 790 822
f 809 776 777
f 822 791 823
f 809 778 810
f 823 792 824
f 810 779 811
f 824 793 825
f 811 780 812
f 826 793 794
f 812 781 813
f 827 794 795
f 813 782 814
f 828 795 796
f 814 783 815
f 802 769 770
f 829 796 797
f 815 784 816
f 803 770 771
f 830 797 798
f 816 785 817
f 804 771 772
f 831 798 799
f 817 786 818
f 840 807 808
f 853 822 854
f 841 808 809
f 854 823 855
f 841 810 842
f 855 824 856
f 842 811 843
f 856 825 857
f 843 812 844
f 858 825 826
f 844 813 845
f 859 826 827
f 845 814 846
f 860 827 828
f 846 815 847
f 834 801 802
f 861 828 829
f 847 816 848
f 835 802 803
f 862 829 830
f 848 817 849
f 836 803 804
f 863 830 831
f 849 818 850
f 837 804 805
f 864 831 832
f 850 819 851
f 838 805 806
f 833 832 801
f 851 820 852
f 839 806 807
f 852 821 853
f 887 856 888
f 874 843 875
f 888 857 889
f 875 844 876
f 890 857 858
f 876 845 877
f 891 858 859
f 877 846 878
f 892 859 860
f 866 833 834
f 878 847 879
f 893 860 861
f 867 834 835
f 879 848 880
f 894 861 862
f 868 835 836
f 880 849 881
f 895 862 863
f 869 836 837
f 881 850 882
f 896 863 864
f 870 837 838
f 882 851 883
f 865 864 833
f 871 838 839
f 883 852 884
f 884 853 885
f 872 839 840
f 885 854 886
f 873 840 841
f 886 855 887
f 873 842 874
f 923 890 891
f 909 878 910
f 924 891 892
f 910 879 911
f 898 865 866
f 925 892 893
f 911 880 912
f 899 866 867
f 926 893 894
f 912 881 913
f 900 867 868
f 927 894 895
f 913 882 914
f 901 868 869
f 928 895 896
f 914 883 915
f 902 869 870
f 897 896 865
f 915 884 916
f 903 870 871
f 916 885 917
f 904 871 872
f 917 886 918
f 905 872 873
f 918 887 919
f 905 874 906
f 919 888 920
f 906 875 907
f 920 889 921
f 907 876 908
f 922 889 890
f 908 877 909
f 930 899 931
f 957 926 958
f 945 912 913
f 931 900 932
f 958 927 959
f 946 913 914
f 932 901 933
f 959 928 960
f 947 914 915
f 933 902 934
f 960 897 929
f 948 915 916
f 934 903 935
f 949 916 917
f 935 904 936
f 950 917 918
f 936 905 937
f 951 918 919
f 938 905 906
f 952 919 920
f 939 906 907
f 953 920 921
f 940 907 908
f 953 922 954
f 941 908 909
f 954 923 955
f 942 909 910
f 955 924 956
f 943 910 911
f 929 898 930
f 956 925 957
f 944 911 912
f 966 933 934
f 961 960 929
f 979 948 980
f 967 934 935
f 980 949 981
f 968 935 936
f 981 950 982
f 969 936 937
f 982 951 983
f 969 938 970
f 983 952 984
f 970 939 971
f 984 953 985
f 971 940 972
f 986 953 954
f 972 941 973
f 987 954 955
f 973 942 974
f 988 955 956
f 974 943 975
f 962 929 930
f 989 956 957
f 975 944 976
f 963 930 931
f 990 957 958
f 976 945 977
f 964 931 932
f 991 958 959
f 977 946 978
f 965 932 933
f 992 959 960
f 978 947 979
f 1001 968 969
f 1014 983 1015
f 1001 970 1002
f 1015 984 1016
f 1002 971 1003
f 1016 985 1017
f 1003 972 1004
f 1018 985 986
f 1004 973 1005
f 1019 986 987
f 1005 974 1006
f 1020 987 988
f 1006 975 1007
f 994 961 962
f 1021 988 989
f 1007 976 1008
f 995 962 963
f 1022 989 990
f 1008 977 1009
f 996 963 964
f 1023 990 991
f 1009 978 1010
f 997 964 965
f 1024 991 992
f 1010 979 1011
f 998 965 966
f 993 992 961
f 1011 980 1012
f 999 966 967
f 1012 981 1013
f 1000 967 968
f 1013 982 1014
f 1036 1003 1004
f 1049 1018 1050
f 1037 1004 1005
f 1050 1019 1051
f 1038 1005 1006
f 1051 1020 1052
f 1039 1006 1007
f 1025 994 1026
f 1052 1021 1053
f 1040 1007 1008
f 1026 995 1027
f 1053 1022 1054
f 1041 1008 1009
f 1027 996 1028
f 1054 1023 1055
f 1042 1009 1010
f 1028 997 1029
f 1055 1024 1056
f 1043 1010 1011
f 1029 998 1030
f 1056 993 1025
f 1044 1011 1012
f 1030 999 1031
f 1045 1012 1013
f 1031 1000 1032
f 1046 1013 1014
f 1032 1001 1033
f 1047 1014 1015
f 1034 1001 1002
f 1048 1015 1016
f 1035 1002 1003
f 1049 1016 1017
f 1071 1038 1039
f 1057 1026 1058
f 1084 1053 1085
f 1072 1039 1040
f 1058 1027 1059
f 1085 1054 1086
f 1073 1040 1041
f 1059 1028 1060
f 1086 1055 1087
f 1074 1041 1042
f 1060 1029 1061
f 1087 1056 1088
f 1075 1042 1043
f 1061 1030 1062
f 1088 1025 1057
f 1076 1043 1044
f 1062 1031 1063
f 1077 1044 1045
f 1063 1032 1064
f 1078 1045 1046
f 1064 1033 1065
f 1079 1046 1047
f 1066 1033 1034
f 1080 1047 1048
f 1067 1034 1035
f 1081 1048 1049
f 1068 1035 1036
f 1081 1050 1082
f 1069 1036 1037
f 1082 1051 1083
f 1070 1037 1038
f 1083 1052 1084
f 1106 1073 1074
f 1092 1061 1093
f 1119 1088 1120
f 1107 1074 1075
f 1093 1062 1094
f 1120 1057 1089
f 1108 1075 1076
f 1094 1063 1095
f 1109 1076 1077
f 1095 1064 1096
f 1110 1077 1078
f 1096 1065 1097
f 1111 1078 1079
f 1098 1065 1066
f 1112 1079 1080
f 1099 1066 1067
f 1113 1080 1081
f 1100 1067 1068
f 1113 1082 1114
f 1101 1068 1069
f 1114 1083 1115
f 1102 1069 1070
f 1115 1084 1116
f 1103 1070 1071
f 1089 1058 1090
f 1116 1085 1117
f 1104 1071 1072
f 1090 1059 1091
f 1117 1086 1118
f 1105 1072 1073
f 1091 1060 1092
f 1118 1087 1119
f 1141 1108 1109
f 1127 1096 1128
f 1142 1109 1110
f 1128 1097 1129
f 1143 1110 1111
f 1130 1097 1098
f 1144 1111 1112
f 1131 1098 1099
f 1145 1112 1113
f 1132 1099 1100
f 1145 1114 1146
f 1133 1100 1101
f 1146 1115 1147
f 1134 1101 1102
f 1147 1116 1148
f 1135 1102 1103
f 1121 1090 1122
f 1148 1117 1149
f 1136 1103 1104
f 1122 1091 1123
f 1149 1118 1150
f 1137 1104 1105
f 1123 1092 1124
f 1150 1119 1151
f 1138 1105 1106
f 1124 1093 1125
f 1151 1120 1152
f 1139 1106 1107
f 1125 1094 1126
f 1152 1089 1121
f 1140 1107 1108
f 1126 1095 1127
f 1175 1144 1176
f 1162 1131 1163
f 1176 1145 1177
f 1163 1132 1164
f 1178 1145 1146
f 1164 1133 1165
f 1179 1146 1147
f 1165 1134 1166
f 1180 1147 1148
f 1166 1135 1167
f 1154 1121 1122
f 1181 1148 1149
f 1167 1136 1168
f 1155 1122 1123
f 1182 1149 1150
f 1168 1137 1169
f 1156 1123 1124
f 1183 1150 1151
f 1169 1138 1170
f 1157 1124 1125
f 1184 1151 1152
f 1170 1139 1171
f 1158 1125 1126
f 1153 1152 1121
f 1171 1140 1172
f 1159 1126 1127
f 1172 1141 1173
f 1160 1127 1128
f 1173 1142 1174
f 1161 1128 1129
f 1174 1143 1175
f 1161 1130 1162
f 1210 1179 1211
f 1198 1165 1166
f 1211 1180 1212
f 1199 1166 1167
f 1185 1154 1186
f 1212 1181 1213
f 1200 1167 1168
f 1186 1155 1187
f 1213 1182 1214
f 1201 1168 1169
f 1187 1156 1188
f 1214 1183 1215
f 1202 1169 1170
f 1188 1157 1189
f 1215 1184 1216
f 1203 1170 1171
f 1189 1158 1190
f 1216 1153 1185
f 1204 1171 1172
f 1190 1159 1191
f 1205 1172 1173
f 1191 1160 1192
f 1206 1173 1174
f 1192 1161 1193
f 1207 1174 1175
f 1194 1161 1162
f 1208 1175 1176
f 1195 1162 1163
f 1209 1176 1177
f 1196 1163 1164
f 1209 1178 1210
f 1197 1164 1165
f 1218 1187 1219
f 1245 1214 1246
f 1233 1200 1201
f 1219 1188 1220
f 1246 1215 1247
f 1234 1201 1202
f 1220 1189 1221
f 1247 1216 1248
f 1235 1202 1203
f 1221 1190 1222
f 1248 1185 1217
f 1236 1203 1204
f 1222 1191 1223
f 1237 1204 1205
f 1223 1192 1224
f 1238 1205 1206
f 1224 1193 1225
f 1239 1206 1207
f 1226 1193 1194
f 1240 1207 1208
f 1227 1194 1195
f 1241 1208 1209
f 1228 1195 1196
f 1241 1210 1242
f 1229 1196 1197
f 1242 1211 1243
f 1230 1197 1198
f 1243 1212 1244
f 1231 1198 1199
f 1217 1186 1218
f 1244 1213 1245
f 1232 1199 1200
f 1253 1222 1254
f 1280 1217 1249
f 1268 1235 1236
f 1254 1223 1255
f 1269 1236 1237
f 1255 1224 1256
f 1270 1237 1238
f 1256 1225 1257
f 1271 1238 1239
f 1258 1225 1226
f 1272 1239 1240
f 1259 1226 1227
f 1273 1240 1241
f 1260 1227 1228
f 1273 1242 1274
f 1261 1228 1229
f 1274 1243 1275
f 1262 1229 1230
f 1275 1244 1276
f 1263 1230 1231
f 1249 1218 1250
f 1276 1245 1277
f 1264 1231 1232
f 1250 1219 1251
f 1277 1246 1278
f 1265 1232 1233
f 1251 1220 1252
f 1278 1247 1279
f 1266 1233 1234
f 1252 1221 1253
f 1279 1248 1280
f 1267 1234 1235
f 1288 1257 1289
f 1303 1270 1271
f 1290 1257 1258
f 1304 1271 1272
f 1291 1258 1259
f 1305 1272 1273
f 1292 1259 1260
f 1305 1274 1306
f 1293 1260 1261
f 1306 1275 1307
f 1294 1261 1262
f 1307 1276 1308
f 1295 1262 1263
f 1281 1250 1282
f 1308 1277 1309
f 1296 1263 1264
f 1282 1251 1283
f 1309 1278 1310
f 1297 1264 1265
f 1283 1252 1284
f 1310 1279 1311
f 1298 1265 1266
f 1284 1253 1285
f 1311 1280 1312
f 1299 1266 1267
f 1285 1254 1286
f 1312 1249 1281
f 1300 1267 1268
f 1286 1255 1287
f 1301 1268 1269
f 1287 1256 1288
f 1302 1269 1270
f 1323 1292 1324
f 1338 1305 1306
f 1324 1293 1325
f 1339 1306 1307
f 1325 1294 1326
f 1340 1307 1308
f 1326 1295 1327
f 1314 1281 1282
f 1341 1308 1309
f 1327 1296 1328
f 1315 1282 1283
f 1342 1309 1310
f 1328 1297 1329
f 1316 1283 1284
f 1343 1310 1311
f 1329 1298 1330
f 1317 1284 1285
f 1344 1311 1312
f 1330 1299 1331
f 1318 1285 1286
f 1313 1312 1281
f 1331 1300 1332
f 1319 1286 1287
f 1332 1301 1333
f 1320 1287 1288
f 1333 1302 1334
f 1321 1288 1289
f 1334 1303 1335
f 1321 1290 1322
f 1335 1304 1336
f 1322 1291 1323
f 1336 1305 1337
f 1358 1327 1359
f 1346 1313 1314
f 1373 1340 1341
f 1359 1328 1360
f 1347 1314 1315
f 1374 1341 1342
f 1360 1329 1361
f 1348 1315 1316
f 1375 1342 1343
f 1361 1330 1362
f 1349 1316 1317
f 1376 1343 1344
f 1362 1331 1363
f 1350 1317 1318
f 1345 1344 1313
f 1363 1332 1364
f 1351 1318 1319
f 1364 1333 1365
f 1352 1319 1320
f 1365 1334 1366
f 1353 1320 1321
f 1366 1335 1367
f 1353 1322 1354
f 1367 1336 1368
f 1354 1323 1355
f 1368 1337 1369
f 1355 1324 1356
f 1370 1337 1338
f 1356 1325 1357
f 1371 1338 1339
f 1357 1326 1358
f 1372 1339 1340
f 1393 1362 1394
f 1381 1348 1349
f 1408 1375 1376
f 1394 1363 1395
f 1382 1349 1350
f 1377 1376 1345
f 1395 1364 1396
f 1383 1350 1351
f 1396 1365 1397
f 1384 1351 1352
f 1397 1366 1398
f 1385 1352 1353
f 1398 1367 1399
f 1385 1354 1386
f 1399 1368 1400
f 1386 1355 1387
f 1400 1369 1401
f 1387 1356 1388
f 1402 1369 1370
f 1388 1357 1389
f 1403 1370 1371
f 1389 1358 1390
f 1404 1371 1372
f 1390 1359 1391
f 1378 1345 1346
f 1405 1372 1373
f 1391 1360 1392
f 1379 1346 1347
f 1406 1373 1374
f 1392 1361 1393
f 1380 1347 1348
f 1407 1374 1375
f 1428 1397 1429
f 1416 1383 1384
f 1429 1398 1430
f 1417 1384 1385
f 1430 1399 1431
f 1417 1386 1418
f 1431 1400 1432
f 1418 1387 1419
f 1432 1401 1433
f 1419 1388 1420
f 1434 1401 1402
f 1420 1389 1421
f 1435 1402 1403
f 1421 1390 1422
f 1436 1403 1404
f 1422 1391 1423
f 1410 1377 1378
f 1437 1404 1405
f 1423 1392 1424
f 1411 1378 1379
f 1438 1405 1406
f 1424 1393 1425
f 1412 1379 1380
f 1439 1406 1407
f 1425 1394 1426
f 1413 1380 1381
f 1440 1407 1408
f 1426 1395 1427
f 1414 1381 1382
f 1409 1408 1377
f 1427 1396 1428
f 1415 1382 1383
f 1464 1431 1432
f 1451 1418 1419
f 1465 1432 1433
f 1452 1419 1420
f 1465 1434 1466
f 1453 1420 1421
f 1466 1435 1467
f 1454 1421 1422
f 1467 1436 1468
f 1455 1422 1423
f 1441 1410 1442
f 1468 1437 1469
f 1456 1423 1424
f 1442 1411 1443
f 1469 1438 1470
f 1457 1424 1425
f 1443 1412 1444
f 1470 1439 1471
f 1458 1425 1426
f 1444 1413 1445
f 1471 1440 1472
f 1459 1426 1427
f 1445 1414 1446
f 1472 1409 1441
f 1460 1427 1428
f 1446 1415 1447
f 1461 1428 1429
f 1447 1416 1448
f 1462 1429 1430
f 1448 1417 1449
f 1463 1430 1431
f 1450 1417 1418
f 1498 1467 1499
f 1486 1453 1454
f 1499 1468 1500
f 1487 1454 1455
f 1473 1442 1474
f 1500 1469 1501
f 1488 1455 1456
f 1474 1443 1475
f 1501 1470 1502
f 1489 1456 1457
f 1475 1444 1476
f 1502 1471 1503
f 1490 1457 1458
f 1476 1445 1477
f 1503 1472 1504
f 1491 1458 1459
f 1477 1446 1478
f 1504 1441 1473
f 1492 1459 1460
f 1478 1447 1479
f 1493 1460 1461
f 1479 1448 1480
f 1494 1461 1462
f 1480 1449 1481
f 1495 1462 1463
f 1482 1449 1450
f 1496 1463 1464
f 1483 1450 1451
f 1497 1464 1465
f 1484 1451 1452
f 1497 1466 1498
f 1485 1452 1453
f 1533 1502 1534
f 1521 1488 1489
f 1507 1476 1508
f 1534 1503 1535
f 1522 1489 1490
f 1508 1477 1509
f 1535 1504 1536
f 1523 1490 1491
f 1509 1478 1510
f 1536 1473 1505
f 1524 1491 1492
f 1510 1479 1511
f 1525 1492 1493
f 1511 1480 1512
f 1526 1493 1494
f 1512 1481 1513
f 1527 1494 1495
f 1514 1481 1482
f 1528 1495 1496
f 1515 1482 1483
f 1529 1496 1497
f 1516 1483 1484
f 1529 1498 1530
f 1517 1484 1485
f 1530 1499 1531
f 1518 1485 1486
f 1531 1500 1532
f 1519 1486 1487
f 1505 1474 1506
f 1532 1501 1533
f 1520 1487 1488
f 1506 1475 1507
f 1568 1505 1537
f 1556 1523 1524
f 1542 1511 1543
f 1557 1524 1525
f 1543 1512 1544
f 1558 1525 1526
f 1544 1513 1545
f 1559 1526 1527
f 1546 1513 1514
f 1560 1527 1528
f 1547 1514 1515
f 1561 1528 1529
f 1548 1515 1516
f 1561 1530 1562
f 1549 1516 1517
f 1562 1531 1563
f 1550 1517 1518
f 1563 1532 1564
f 1551 1518 1519
f 1537 1506 1538
f 1564 1533 1565
f 1552 1519 1520
f 1538 1507 1539
f 1565 1534 1566
f 1553 1520 1521
f 1539 1508 1540
f 1566 1535 1567
f 1554 1521 1522
f 1540 1509 1541
f 1567 1536 1568
f 1555 1522 1523
f 1541 1510 1542
f 1591 1558 1559
f 1578 1545 1546
f 1592 1559 1560
f 1579 1546 1547
f 1593 1560 1561
f 1580 1547 1548
f 1593 1562 1594
f 1581 1548 1549
f 1594 1563 1595
f 1582 1549 1550
f 1595 1564 1596
f 1583 1550 1551
f 1569 1538 1570
f 1596 1565 1597
f 1584 1551 1552
f 1570 1539 1571
f 1597 1566 1598
f 1585 1552 1553
f 1571 1540 1572
f 1598 1567 1599
f 1586 1553 1554
f 1572 1541 1573
f 1599 1568 1600
f 1587 1554 1555
f 1573 1542 1574
f 1600 1537 1569
f 1588 1555 1556
f 1574 1543 1575
f 1589 1556 1557
f 1575 1544 1576
f 1590 1557 1558
f 1576 1545 1577
f 1625 1594 1626
f 1613 1580 1581
f 1626 1595 1627
f 1614 1581 1582
f 1627 1596 1628
f 1615 1582 1583
f 1601 1570 1602
f 1628 1597 1629
f 1616 1583 1584
f 1602 1571 1603
f 1629 1598 1630
f 1617 1584 1585
f 1603 1572 1604
f 1630 1599 1631
f 1618 1585 1586
f 1604 1573 1605
f 1631 1600 1632
f 1619 1586 1587
f 1605 1574 1606
f 1632 1569 1601
f 1620 1587 1588
f 1606 1575 1607
f 1621 1588 1589
f 1607 1576 1608
f 1622 1589 1590
f 1608 1577 1609
f 1623 1590 1591
f 1610 1577 1578
f 1624 1591 1592
f 1611 1578 1579
f 1625 1592 1593
f 1612 1579 1580
f 1634 1601 1602
f 1661 1628 1629
f 1647 1616 1648
f 1635 1602 1603
f 1662 1629 1630
f 1648 1617 1649
f 1636 1603 1604
f 1663 1630 1631
f 1649 1618 1650
f 1637 1604 1605
f 1664 1631 1632
f 1650 1619 1651
f 1638 1605 1606
f 1633 1632 1601
f 1651 1620 1652
f 1639 1606 1607
f 1652 1621 1653
f 1640 1607 1608
f 1653 1622 1654
f 1641 1608 1609
f 1654 1623 1655
f 1641 1610 1642
f 1655 1624 1656
f 1642 1611 1643
f 1656 1625 1657
f 1643 1612 1644
f 1658 1625 1626
f 1644 1613 1645
f 1659 1626 1627
f 1645 1614 1646
f 1660 1627 1628
f 1646 1615 1647
f 1669 1636 1637
f 1696 1663 1664
f 1682 1651 1683
f 1670 1637 1638
f 1665 1664 1633
f 1683 1652 1684
f 1671 1638 1639
f 1684 1653 1685
f 1672 1639 1640
f 1685 1654 1686
f 1673 1640 1641
f 1686 1655 1687
f 1673 1642 1674
f 1687 1656 1688
f 1674 1643 1675
f 1688 1657 1689
f 1675 1644 1676
f 1690 1657 1658
f 1676 1645 1677
f 1691 1658 1659
f 1677 1646 1678
f 1692 1659 1660
f 1678 1647 1679
f 1666 1633 1634
f 1693 1660 1661
f 1679 1648 1680
f 1667 1634 1635
f 1694 1661 1662
f 1680 1649 1681
f 1668 1635 1636
f 1695 1662 1663
f 1681 1650 1682
f 1699 1666 1667
f 1726 1693 1694
f 1712 1681 1713
f 1700 1667 1668
f 1727 1694 1695
f 1713 1682 1714
f 1701 1668 1669
f 1728 1695 1696
f 1714 1683 1715
f 1702 1669 1670
f 1697 1696 1665
f 1715 1684 1716
f 1703 1670 1671
f 1716 1685 1717
f 1704 1671 1672
f 1717 1686 1718
f 1705 1672 1673
f 1718 1687 1719
f 1705 1674 1706
f 1719 1688 1720
f 1706 1675 1707
f 1720 1689 1721
f 1707 1676 1708
f 1722 1689 1690
f 1708 1677 1709
f 1723 1690 1691
f 1709 1678 1710
f 1724 1691 1692
f 1710 1679 1711
f 1698 1665 1666
f 1725 1692 1693
f 1711 1680 1712
f 1734 1701 1702
f 1729 1728 1697
f 1747 1716 1748
f 1735 1702 1703
f 1748 1717 1749
f 1736 1703 1704
f 1749 1718 1750
f 1737 1704 1705
f 1750 1719 1751
f 1737 1706 1738
f 1751 1720 1752
f 1738 1707 1739
f 1752 1721 1753
f 1739 1708 1740
f 1754 1721 1722
f 1740 1709 1741
f 1755 1722 1723
f 1741 1710 1742
f 1756 1723 1724
f 1742 1711 1743
f 1730 1697 1698
f 1757 1724 1725
f 1743 1712 1744
f 1731 1698 1699
f 1758 1725 1726
f 1744 1713 1745
f 1732 1699 1700
f 1759 1726 1727
f 1745 1714 1746
f 1733 1700 1701
f 1760 1727 1728
f 1746 1715 1747
f 1769 1736 1737
f 1782 1751 1783
f 1769 1738 1770
f 1783 1752 1784
f 1770 1739 1771
f 1784 1753 1785
f 1771 1740 1772
f 1786 1753 1754
f 1772 1741 1773
f 1787 1754 1755
f 1773 1742 1774
f 1788 1755 1756
f 1774 1743 1775
f 1762 1729 1730
f 1789 1756 1757
f 1775 1744 1776
f 1763 1730 1731
f 1790 1757 1758
f 1776 1745 1777
f 1764 1731 1732
f 1791 1758 1759
f 1777 1746 1778
f 1765 1732 1733
f 1792 1759 1760
f 1778 1747 1779
f 1766 1733 1734
f 1761 1760 1729
f 1779 1748 1780
f 1767 1734 1735
f 1780 1749 1781
f 1768 1735 1736
f 1781 1750 1782
f 1803 1772 1804
f 1818 1785 1786
f 1804 1773 1805
f 1819 1786 1787
f 1805 1774 1806
f 1820 1787 1788
f 1806 1775 1807
f 1794 1761 1762
f 1821 1788 1789
f 1807 1776 1808
f 1795 1762 1763
f 1822 1789 1790
f 1808 1777 1809
f 1796 1763 1764
f 1823 1790 1791
f 1809 1778 1810
f 1797 1764 1765
f 1824 1791 1792
f 1810 1779 1811
f 1798 1765 1766
f 1793 1792 1761
f 1811 1780 1812
f 1799 1766 1767
f 1812 1781 1813
f 1800 1767 1768
f 1813 1782 1814
f 1801 1768 1769
f 1814 1783 1815
f 1801 1770 1802
f 1815 1784 1816
f 1802 1771 1803
f 1816 1785 1817
f 1838 1807 1839
f 1826 1793 1794
f 1853 1820 1821
f 1839 1808 1840
f 1827 1794 1795
f 1854 1821 1822
f 1840 1809 1841
f 1828 1795 1796
f 1855 1822 1823
f 1841 1810 1842
f 1829 1796 1797
f 1856 1823 1824
f 1842 1811 1843
f 1830 1797 1798
f 1825 1824 1793
f 1843 1812 1844
f 1831 1798 1799
f 1844 1813 1845
f 1832 1799 1800
f 1845 1814 1846
f 1833 1800 1801
f 1846 1815 1847
f 1833 1802 1834
f 1847 1816 1848
f 1834 1803 1835
f 1848 1817 1849
f 1835 1804 1836
f 1850 1817 1818
f 1836 1805 1837
f 1851 1818 1819
f 1837 1806 1838
f 1852 1819 1820
f 1873 1842 1874
f 1861 1828 1829
f 1888 1855 1856
f 1874 1843 1875
f 1862 1829 1830
f 1857 1856 1825
f 1875 1844 1876
f 1863 1830 1831
f 1876 1845 1877
f 1864 1831 1832
f 1877 1846 1878
f 1865 1832 1833
f 1878 1847 1879
f 1865 1834 1866
f 1879 1848 1880
f 1866 1835 1867
f 1880 1849 1881
f 1867 1836 1868
f 1882 1849 1850
f 1868 1837 1869
f 1883 1850 1851
f 1869 1838 1870
f 1884 1851 1852
f 1870 1839 1871
f 1858 1825 1826
f 1885 1852 1853
f 1871 1840 1872
f 1859 1826 1827
f 1886 1853 1854
f 1872 1841 1873
f 1860 1827 1828
f 1887 1854 1855
f 1908 1877 1909
f 1896 1863 1864
f 1909 1878 1910
f 1897 1864 1865
f 1910 1879 1911
f 1897 1866 1898
f 1911 1880 1912
f 1898 1867 1899
f 1912 1881 1913
f 1899 1868 1900
f 1914 1881 1882
f 1900 1869 1901
f 1915 1882 1883
f 1901 1870 1902
f 1916 1883 1884
f 1902 1871 1903
f 1890 1857 1858
f 1917 1884 1885
f 1903 1872 1904
f 1891 1858 1859
f 1918 1885 1886
f 1904 1873 1905
f 1892 1859 1860
f 1919 1886 1887
f 1905 1874 1906
f 1893 1860 1861
f 1920 1887 1888
f 1906 1875 1907
f 1894 1861 1862
f 1889 1888 1857
f 1907 1876 1908
f 1895 1862 1863
f 1943 1912 1944
f 1930 1899 1931
f 1944 1913 1945
f 1931 1900 1932
f 1946 1913 1914
f 1932 1901 1933
f 1947 1914 1915
f 1933 1902 1934
f 1948 1915 1916
f 1934 1903 1935
f 1922 1889 1890
f 1949 1916 1917
f 1935 1904 1936
f 1923 1890 1891
f 1950 1917 1918
f 1936 1905 1937
f 1924 1891 1892
f 1951 1918 1919
f 1937 1906 1938
f 1925 1892 1893
f 1952 1919 1920
f 1938 1907 1939
f 1926 1893 1894
f 1921 1920 1889
f 1939 1908 1940
f 1927 1894 1895
f 1940 1909 1941
f 1928 1895 1896
f 1941 1910 1942
f 1929 1896 1897
f 1942 1911 1943
f 1929 1898 1930
f 1979 1946 1947
f 1965 1934 1966
f 1980 1947 1948
f 1966 1935 1967
f 1954 1921 1922
f 1981 1948 1949
f 1967 1936 1968
f 1955 1922 1923
f 1982 1949 1950
f 1968 1937 1969
f 1956 1923 1924
f 1983 1950 1951
f 1969 1938 1970
f 1957 1924 1925
f 1984 1951 1952
f 1970 1939 1971
f 1958 1925 1926
f 1953 1952 1921
f 1971 1940 1972
f 1959 1926 1927
f 1972 1941 1973
f 1960 1927 1928
f 1973 1942 1974
f 1961 1928 1929
f 1974 1943 1975
f 1961 1930 1962
f 1975 1944 1976
f 1962 1931 1963
f 1976 1945 1977
f 1963 1932 1964
f 1978 1945 1946
f 1964 1933 1965
f 2013 1982 2014
f 2001 1968 1969
f 1987 1956 1988
f 2014 1983 2015
f 2002 1969 1970
f 1988 1957 1989
f 2015 1984 2016
f 2003 1970 1971
f 1989 1958 1990
f 2016 1953 1985
f 2004 1971 1972
f 1990 1959 1991
f 2005 1972 1973
f 1991 1960 1992
f 2006 1973 1974
f 1992 1961 1993
f 2007 1974 1975
f 1994 1961 1962
f 2008 1975 1976
f 1995 1962 1963
f 2009 1976 1977
f 1996 1963 1964
f 2009 1978 2010
f 1997 1964 1965
f 2010 1979 2011
f 1998 1965 1966
f 2011 1980 2012
f 1999 1966 1967
f 1985 1954 1986
f 2012 1981 2013
f 2000 1967 1968
f 1986 1955 1987
f 2048 1985 2017
f 2036 2003 2004
f 2022 1991 2023
f 2037 2004 2005
f 2023 1992 2024
f 2038 2005 2006
f 2024 1993 2025
f 2039 2006 2007
f 2026 1993 1994
f 2040 2007 2008
f 2027 1994 1995
f 2041 2008 2009
f 2028 1995 1996
f 2041 2010 2042
f 2029 1996 1997
f 2042 2011 2043
f 2030 1997 1998
f 2043 2012 2044
f 2031 1998 1999
f 2017 1986 2018
f 2044 2013 2045
f 2032 1999 2000
f 2018 1987 2019
f 2045 2014 2046
f 2033 2000 2001
f 2019 1988 2020
f 2046 2015 2047
f 2034 2001 2002
f 2020 1989 2021
f 2047 2016 2048
f 2035 2002 2003
f 2021 1990 2022
f 2070 2039 2071
f 2057 2026 2058
f 2071 2040 2072
f 2058 2027 2059
f 2072 2041 2073
f 2059 2028 2060
f 2074 2041 2042
f 2060 2029 2061
f 2075 2042 2043
f 2061 2030 2062
f 2076 2043 2044
f 2062 2031 2063
f 2050 2017 2018
f 2077 2044 2045
f 2063 2032 2064
f 2051 2018 2019
f 2078 2045 2046
f 2064 2033 2065
f 2052 2019 2020
f 2079 2046 2047
f 2065 2034 2066
f 2053 2020 2021
f 2080 2047 2048
f 2066 2035 2067
f 2054 2021 2022
f 2049 2048 2017
f 2067 2036 2068
f 2055 2022 2023
f 2068 2037 2069
f 2056 2023 2024
f 2069 2038 2070
f 2057 2024 2025
f 2105 2074 2106
f 2093 2060 2061
f 2106 2075 2107
f 2094 2061 2062
f 2107 2076 2108
f 2095 2062 2063
f 2081 2050 2082
f 2108 2077 2109
f 2096 2063 2064
f 2082 2051 2083
f 2109 2078 2110
f 2097 2064 2065
f 2083 2052 2084
f 2110 2079 2111
f 2098 2065 2066
f 2084 2053 2085
f 2111 2080 2112
f 2099 2066 2067
f 2085 2054 2086
f 2112 2049 2081
f 2100 2067 2068
f 2086 2055 2087
f 2101 2068 2069
f 2087 2056 2088
f 2102 2069 2070
f 2088 2057 2089
f 2103 2070 2071
f 2090 2057 2058
f 2104 2071 2072
f 2091 2058 2059
f 2105 2072 2073
f 2092 2059 2060
f 2113 2082 2114
f 2140 2109 2141
f 2128 2095 2096
f 2114 2083 2115
f 2141 2110 2142
f 2129 2096 2097
f 2115 2084 2116
f 2142 2111 2143
f 2130 2097 2098
f 2116 2085 2117
f 2143 2112 2144
f 2131 2098 2099
f 2117 2086 2118
f 2144 2081 2113
f 2132 2099 2100
f 2118 2087 2119
f 2133 2100 2101
f 2119 2088 2120
f 2134 2101 2102
f 2120 2089 2121
f 2135 2102 2103
f 2122 2089 2090
f 2136 2103 2104
f 2123 2090 2091
f 2137 2104 2105
f 2124 2091 2092
f 2137 2106 2138
f 2125 2092 2093
f 2138 2107 2139
f 2126 2093 2094
f 2139 2108 2140
f 2127 2094 2095
f 2148 2117 2149
f 2175 2144 2176
f 2163 2130 2131
f 2149 2118 2150
f 2176 2113 2145
f 2164 2131 2132
f 2150 2119 2151
f 2165 2132 2133
f 2151 2120 2152
f 2166 2133 2134
f 2152 2121 2153
f 2167 2134 2135
f 2154 2121 2122
f 2168 2135 2136
f 2155 2122 2123
f 2169 2136 2137
f 2156 2123 2124
f 2169 2138 2170
f 2157 2124 2125
f 2170 2139 2171
f 2158 2125 2126
f 2171 2140 2172
f 2159 2126 2127
f 2145 2114 2146
f 2172 2141 2173
f 2160 2127 2128
f 2146 2115 2147
f 2173 2142 2174
f 2161 2128 2129
f 2147 2116 2148
f 2174 2143 2175
f 2162 2129 2130
f 2183 2152 2184
f 2198 2165 2166
f 2184 2153 2185
f 2199 2166 2167
f 2186 2153 2154
f 2200 2167 2168
f 2187 2154 2155
f 2201 2168 2169
f 2188 2155 2156
f 2201 2170 2202
f 2189 2156 2157
f 2202 2171 2203
f 2190 2157 2158
f 2203 2172 2204
f 2191 2158 2159
f 2177 2146 2178
f 2204 2173 2205
f 2192 2159 2160
f 2178 2147 2179
f 2205 2174 2206
f 2193 2160 2161
f 2179 2148 2180
f 2206 2175 2207
f 2194 2161 2162
f 2180 2149 2181
f 2207 2176 2208
f 2195 2162 2163
f 2181 2150 2182
f 2208 2145 2177
f 2196 2163 2164
f 2182 2151 2183
f 2197 2164 2165
f 2218 2187 2219
f 2232 2201 2233
f 2219 2188 2220
f 2234 2201 2202
f 2220 2189 2221
f 2235 2202 2203
f 2221 2190 2222
f 2236 2203 2204
f 2222 2191 2223
f 2210 2177 2178
f 2237 2204 2205
f 2223 2192 2224
f 2211 2178 2179
f 2238 2205 2206
f 2224 2193 2225
f 2212 2179 2180
f 2239 2206 2207
f 2225 2194 2226
f 2213 2180 2181
f 2240 2207 2208
f 2226 2195 2227
f 2214 2181 2182
f 2209 2208 2177
f 2227 2196 2228
f 2215 2182 2183
f 2228 2197 2229
f 2216 2183 2184
f 2229 2198 2230
f 2217 2184 2185
f 2230 2199 2231
f 2217 2186 2218
f 2231 2200 2232
f 21 2222 20
f 6 2235 2236
f 20 2223 19
f 32 2209 2210
f 5 2236 2237
f 19 2224 18
f 31 2210 2211
f 4 2237 2238
f 18 2225 17
f 30 2211 2212
f 3 2238 2239
f 17 2226 16
f 29 2212 2213
f 2 2239 2240
f 16 2227 15
f 29 2214 28
f 1 2240 2209
f 15 2228 14
f 28 2215 27
f 14 2229 13
f 27 2216 26
f 12 2229 2230
f 26 2217 25
f 11 2230 2231
f 25 2218 24
f 10 2231 2232
f 24 2219 23
f 9 2232 2233
f 23 2220 22
f 8 2233 2234
f 22 2221 21
f 7 2234 2235
f 7 8 39
f 53 21 54
f 8 9 40
f 54 22 55
f 9 10 41
f 55 23 56
f 10 11 42
f 56 24 57
f 11 12 43
f 57 25 58
f 12 13 44
f 58 26 59
f 45 13 46
f 59 27 60
f 46 14 47
f 1 2 33
f 60 28 61
f 47 15 48
f 2 3 34
f 29 30 61
f 48 16 49
f 3 4 35
f 30 31 62
f 49 17 50
f 4 5 36
f 31 32 63
f 50 18 51
f 5 6 37
f 32 1 64
f 51 19 52
f 6 7 38
f 52 20 53
f 66 34 67
f 61 62 93
f 80 48 81
f 67 35 68
f 62 63 94
f 49 50 81
f 68 36 69
f 63 64 95
f 50 51 82
f 69 37 70
f 64 33 96
f 51 52 83
f 70 38 71
f 52 53 84
f 71 39 72
f 53 54 85
f 72 40 73
f 54 55 86
f 73 41 74
f 55 56 87
f 74 42 75
f 56 57 88
f 75 43 76
f 57 58 89
f 76 44 77
f 58 59 90
f 77 45 78
f 59 60 91
f 78 46 79
f 65 33 66
f 60 61 92
f 79 47 80
f 101 69 102
f 128 96 97
f 115 83 116
f 70 71 102
f 116 84 117
f 103 71 104
f 117 85 118
f 104 72 105
f 118 86 119
f 73 74 105
f 87 88 119
f 106 74 107
f 88 89 120
f 75 76 107
f 89 90 121
f 108 76 109
f 122 90 123
f 109 77 110
f 91 92 123
f 110 78 111
f 97 65 98
f 124 92 125
f 79 80 111
f 66 67 98
f 93 94 125
f 112 80 113
f 67 68 99
f 126 94 127
f 81 82 113
f 68 69 100
f 127 95 128
f 82 83 114
f 136 104 137
f 118 119 150
f 105 106 137
f 151 119 152
f 138 106 139
f 152 120 153
f 107 108 139
f 153 121 154
f 140 108 141
f 154 122 155
f 141 109 142
f 123 124 155
f 110 111 142
f 129 97 130
f 156 124 157
f 111 112 143
f 98 99 130
f 125 126 157
f 144 112 145
f 131 99 132
f 158 126 159
f 145 113 146
f 100 101 132
f 127 128 159
f 146 114 147
f 133 101 134
f 160 128 129
f 115 116 147
f 134 102 135
f 116 117 148
f 103 104 135
f 149 117 150
f 139 140 171
f 185 153 186
f 140 141 172
f 154 155 186
f 141 142 173
f 155 156 187
f 142 143 174
f 161 129 162
f 188 156 189
f 143 144 175
f 130 131 162
f 157 158 189
f 176 144 177
f 163 131 164
f 158 159 190
f 177 145 178
f 132 133 164
f 191 159 192
f 178 146 179
f 165 133 166
f 192 160 161
f 179 147 180
f 134 135 166
f 180 148 181
f 135 136 167
f 181 149 182
f 168 136 169
f 150 151 182
f 137 138 169
f 151 152 183
f 138 139 170
f 152 153 184
f 174 175 206
f 193 161 194
f 220 188 221
f 175 176 207
f 162 163 194
f 221 189 222
f 208 176 209
f 195 163 196
f 222 190 223
f 209 177 210
f 164 165 196
f 223 191 224
f 178 179 210
f 197 165 198
f 224 192 193
f 211 179 212
f 166 167 198
f 212 180 213
f 167 168 199
f 213 181 214
f 200 168 201
f 214 182 215
f 169 170 201
f 183 184 215
f 202 170 203
f 216 184 217
f 203 171 204
f 217 185 218
f 204 172 205
f 218 186 219
f 173 174 205
f 219 187 220
f 241 209 242
f 228 196 229
f 223 224 255
f 242 210 243
f 197 198 229
f 256 224 225
f 211 212 243
f 198 199 230
f 244 212 245
f 231 199 232
f 213 214 245
f 200 201 232
f 246 214 247
f 233 201 234
f 215 216 247
f 234 202 235
f 248 216 249
f 203 204 235
f 249 217 250
f 236 204 237
f 250 218 251
f 205 206 237
f 251 219 252
f 238 206 239
f 225 193 226
f 252 220 253
f 207 208 239
f 194 195 226
f 221 222 253
f 240 208 241
f 227 195 228
f 222 223 254
f 276 244 277
f 231 232 263
f 277 245 278
f 264 232 265
f 278 246 279
f 265 233 266
f 279 247 280
f 234 235 266
f 280 248 281
f 267 235 268
f 281 249 282
f 268 236 269
f 282 250 283
f 269 237 270
f 283 251 284
f 270 238 271
f 257 225 258
f 284 252 285
f 239 240 271
f 258 226 259
f 285 253 286
f 240 241 272
f 227 228 259
f 286 254 287
f 273 241 274
f 260 228 261
f 287 255 288
f 274 242 275
f 261 229 262
f 288 256 257
f 275 243 276
f 230 231 262
f 311 279 312
f 298 266 299
f 312 280 313
f 299 267 300
f 313 281 314
f 300 268 301
f 314 282 315
f 301 269 302
f 315 283 316
f 302 270 303
f 289 257 290
f 316 284 317
f 303 271 304
f 290 258 291
f 317 285 318
f 304 272 305
f 291 259 292
f 318 286 319
f 305 273 306
f 292 260 293
f 319 287 320
f 306 274 307
f 293 261 294
f 320 288 289
f 307 275 308
f 294 262 295
f 308 276 309
f 295 263 296
f 309 277 310
f 296 264 297
f 310 278 311
f 297 265 298
f 314 315 346
f 333 301 334
f 347 315 348
f 302 303 334
f 321 289 322
f 316 317 348
f 335 303 336
f 322 290 323
f 349 317 350
f 336 304 337
f 323 291 324
f 350 318 351
f 305 306 337
f 324 292 325
f 319 320 351
f 338 306 339
f 325 293 326
f 320 289 352
f 307 308 339
f 326 294 327
f 308 309 340
f 327 295 328
f 341 309 342
f 296 297 328
f 310 311 342
f 329 297 330
f 343 311 344
f 298 299 330
f 344 312 345
f 331 299 332
f 345 313 346
f 332 300 333
f 354 322 355
f 381 349 382
f 368 336 369
f 355 323 356
f 382 350 383
f 337 338 369
f 356 324 357
f 383 351 384
f 370 338 371
f 325 326 357
f 352 321 384
f 371 339 372
f 358 326 359
f 340 341 372
f 359 327 360
f 341 342 373
f 360 328 361
f 342 343 374
f 361 329 362
f 375 343 376
f 362 330 363
f 344 345 376
f 363 331 364
f 345 346 377
f 332 333 364
f 346 347 378
f 333 334 365
f 379 347 380
f 334 335 366
f 353 321 354
f 348 349 380
f 367 335 368
f 357 358 389
f 384 353 416
f 371 372 403
f 390 358 391
f 404 372 405
f 359 360 391
f 373 374 405
f 360 361 392
f 374 375 406
f 393 361 394
f 407 375 408
f 362 363 394
f 408 376 409
f 395 363 396
f 409 377 410
f 396 364 397
f 378 379 410
f 397 365 398
f 411 379 412
f 398 366 399
f 385 353 386
f 380 381 412
f 399 367 400
f 354 355 386
f 413 381 414
f 400 368 401
f 387 355 388
f 414 382 415
f 401 369 402
f 356 357 388
f 383 384 415
f 370 371 402
f 392 393 424
f 438 406 439
f 425 393 426
f 439 407 440
f 426 394 427
f 408 409 440
f 427 395 428
f 441 409 442
f 396 397 428
f 410 411 442
f 397 398 429
f 443 411 444
f 430 398 431
f 417 385 418
f 444 412 445
f 431 399 432
f 386 387 418
f 445 413 446
f 400 401 432
f 419 387 420
f 414 415 446
f 433 401 434
f 388 389 420
f 447 415 448
f 402 403 434
f 389 390 421
f 416 385 448
f 435 403 436
f 422 390 423
f 436 404 437
f 423 391 424
f 437 405 438
f 459 427 460
f 473 441 474
f 428 429 460
f 442 443 474
f 461 429 462
f 475 443 476
f 462 430 463
f 449 417 450
f 476 444 477
f 431 432 463
f 418 419 450
f 477 445 478
f 432 433 464
f 451 419 452
f 446 447 478
f 433 434 465
f 452 420 453
f 447 448 479
f 466 434 467
f 421 422 453
f 448 417 480
f 467 435 468
f 454 422 455
f 468 436 469
f 455 423 456
f 437 438 469
f 424 425 456
f 438 439 470
f 457 425 458
f 471 439 472
f 458 426 459
f 440 441 472
f 494 462 495
f 481 449 482
f 476 477 508
f 463 464 495
f 450 451 482
f 509 477 510
f 464 465 496
f 483 451 484
f 478 479 510
f 465 466 497
f 484 452 485
f 511 479 512
f 466 467 498
f 453 454 485
f 480 449 512
f 499 467 500
f 486 454 487
f 468 469 500
f 487 455 488
f 469 470 501
f 488 456 489
f 502 470 503
f 489 457 490
f 503 471 504
f 458 459 490
f 472 473 504
f 491 459 492
f 473 474 505
f 492 460 493
f 474 475 506
f 461 462 493
f 475 476 507
f 497 498 529
f 516 484 517
f 543 511 544
f 498 499 530
f 485 486 517
f 512 481 544
f 531 499 532
f 518 486 519
f 500 501 532
f 519 487 520
f 533 501 534
f 488 489 520
f 502 503 534
f 521 489 522
f 535 503 536
f 522 490 523
f 504 505 536
f 523 491 524
f 537 505 538
f 492 493 524
f 506 507 538
f 525 493 526
f 539 507 540
f 494 495 526
f 513 481 514
f 508 509 540
f 527 495 528
f 482 483 514
f 541 509 542
f 528 496 529
f 515 483 516
f 510 511 542
f 532 533 564
f 551 519 552
f 565 533 566
f 552 520 553
f 534 535 566
f 553 521 554
f 567 535 568
f 522 523 554
f 536 537 568
f 555 523 556
f 569 537 570
f 556 524 557
f 538 539 570
f 557 525 558
f 571 539 572
f 558 526 559
f 545 513 546
f 540 541 572
f 559 527 560
f 514 515 546
f 573 541 574
f 560 528 561
f 547 515 548
f 574 542 575
f 529 530 561
f 548 516 549
f 543 544 575
f 562 530 563
f 517 518 549
f 544 513 576
f 531 532 563
f 550 518 551
f 599 567 600
f 554 555 586
f 568 569 600
f 555 556 587
f 569 570 601
f 588 556 589
f 570 571 602
f 589 557 590
f 603 571 604
f 590 558 591
f 577 545 578
f 572 573 604
f 591 559 592
f 546 547 578
f 605 573 606
f 592 560 593
f 579 547 580
f 574 575 606
f 561 562 593
f 548 549 580
f 575 576 607
f 594 562 595
f 549 550 581
f 608 576 577
f 563 564 595
f 582 550 583
f 596 564 597
f 583 551 584
f 597 565 598
f 584 552 585
f 566 567 598
f 585 553 586
f 602 603 634
f 621 589 622
f 635 603 636
f 622 590 623
f 577 578 609
f 604 605 636
f 623 591 624
f 578 579 610
f 637 605 638
f 624 592 625
f 611 579 612
f 638 606 639
f 625 593 626
f 580 581 612
f 607 608 639
f 626 594 627
f 581 582 613
f 640 608 609
f 627 595 628
f 582 583 614
f 596 597 628
f 615 583 616
f 597 598 629
f 584 585 616
f 598 599 630
f 617 585 618
f 599 600 631
f 618 586 619
f 632 600 633
f 619 587 620
f 633 601 634
f 620 588 621
f 669 637 670
f 624 625 656
f 611 612 643
f 670 638 671
f 657 625 658
f 612 613 644
f 639 640 671
f 658 626 659
f 613 614 645
f 672 640 641
f 659 627 660
f 646 614 647
f 660 628 661
f 647 615 648
f 661 629 662
f 616 617 648
f 630 631 662
f 649 617 650
f 663 631 664
f 618 619 650
f 664 632 665
f 651 619 652
f 665 633 666
f 620 621 652
f 634 635 666
f 653 621 654
f 667 635 668
f 654 622 655
f 609 610 641
f 636 637 668
f 623 624 655
f 610 611 642
f 672 641 704
f 691 659 692
f 678 646 679
f 660 661 692
f 679 647 680
f 693 661 694
f 680 648 681
f 662 663 694
f 681 649 682
f 695 663 696
f 682 650 683
f 664 665 696
f 651 652 683
f 697 665 698
f 684 652 685
f 666 667 698
f 685 653 686
f 699 667 700
f 686 654 687
f 641 642 673
f 668 669 700
f 655 656 687
f 642 643 674
f 701 669 702
f 656 657 688
f 675 643 676
f 670 671 702
f 689 657 690
f 676 644 677
f 671 672 703
f 690 658 691
f 677 645 678
f 726 694 727
f 681 682 713
f 695 696 727
f 714 682 715
f 728 696 729
f 715 683 716
f 729 697 730
f 684 685 716
f 730 698 731
f 717 685 718
f 731 699 732
f 718 686 719
f 705 673 706
f 700 701 732
f 687 688 719
f 674 675 706
f 733 701 734
f 688 689 720
f 707 675 708
f 734 702 735
f 721 689 722
f 708 676 709
f 703 704 735
f 722 690 723
f 677 678 709
f 704 673 736
f 723 691 724
f 710 678 711
f 692 693 724
f 711 679 712
f 725 693 726
f 712 680 713
f 761 729 762
f 748 716 749
f 730 731 762
f 749 717 750
f 763 731 764
f 750 718 751
f 737 705 738
f 732 733 764
f 719 720 751
f 738 706 739
f 765 733 766
f 720 721 752
f 739 707 740
f 766 734 767
f 753 721 754
f 740 708 741
f 735 736 767
f 754 722 755
f 741 709 742
f 736 705 768
f 755 723 756
f 742 710 743
f 724 725 756
f 743 711 744
f 725 726 757
f 744 712 745
f 758 726 759
f 745 713 746
f 759 727 760
f 746 714 747
f 760 728 761
f 715 716 747
f 769 737 770
f 796 764 797
f 751 752 783
f 770 738 771
f 797 765 798
f 752 753 784
f 771 739 772
f 798 766 799
f 753 754 785
f 772 740 773
f 799 767 800
f 754 755 786
f 773 741 774
f 800 768 769
f 755 756 787
f 774 742 775
f 756 757 788
f 775 743 776
f 757 758 789
f 776 744 777
f 758 759 790
f 745 746 777
f 759 760 791
f 746 747 778
f 760 761 792
f 747 748 779
f 793 761 794
f 748 749 780
f 794 762 795
f 749 750 781
f 795 763 796
f 750 751 782
f 804 772 805
f 831 799 832
f 786 787 818
f 805 773 806
f 832 800 801
f 787 788 819
f 806 774 807
f 788 789 820
f 807 775 808
f 789 790 821
f 808 776 809
f 790 791 822
f 777 778 809
f 791 792 823
f 778 779 810
f 792 793 824
f 779 780 811
f 825 793 826
f 780 781 812
f 826 794 827
f 781 782 813
f 827 795 828
f 782 783 814
f 801 769 802
f 828 796 829
f 783 784 815
f 802 770 803
f 829 797 830
f 784 785 816
f 803 771 804
f 830 798 831
f 785 786 817
f 839 807 840
f 821 822 853
f 840 808 841
f 822 823 854
f 809 810 841
f 823 824 855
f 810 811 842
f 824 825 856
f 811 812 843
f 857 825 858
f 812 813 844
f 858 826 859
f 813 814 845
f 859 827 860
f 814 815 846
f 833 801 834
f 860 828 861
f 815 816 847
f 834 802 835
f 861 829 862
f 816 817 848
f 835 803 836
f 862 830 863
f 817 818 849
f 836 804 837
f 863 831 864
f 818 819 850
f 837 805 838
f 864 832 833
f 819 820 851
f 838 806 839
f 820 821 852
f 855 856 887
f 842 843 874
f 856 857 888
f 843 844 875
f 889 857 890
f 844 845 876
f 890 858 891
f 845 846 877
f 891 859 892
f 865 833 866
f 846 847 878
f 892 860 893
f 866 834 867
f 847 848 879
f 893 861 894
f 867 835 868
f 848 849 880
f 894 862 895
f 868 836 869
f 849 850 881
f 895 863 896
f 869 837 870
f 850 851 882
f 896 864 865
f 870 838 871
f 851 852 883
f 852 853 884
f 871 839 872
f 853 854 885
f 872 840 873
f 854 855 886
f 841 842 873
f 922 890 923
f 877 878 909
f 923 891 924
f 878 879 910
f 897 865 898
f 924 892 925
f 879 880 911
f 898 866 899
f 925 893 926
f 880 881 912
f 899 867 900
f 926 894 927
f 881 882 913
f 900 868 901
f 927 895 928
f 882 883 914
f 901 869 902
f 928 896 897
f 883 884 915
f 902 870 903
f 884 885 916
f 903 871 904
f 885 886 917
f 904 872 905
f 886 887 918
f 873 874 905
f 887 888 919
f 874 875 906
f 888 889 920
f 875 876 907
f 921 889 922
f 876 877 908
f 898 899 930
f 925 926 957
f 944 912 945
f 899 900 931
f 926 927 958
f 945 913 946
f 900 901 932
f 927 928 959
f 946 914 947
f 901 902 933
f 928 897 960
f 947 915 948
f 902 903 934
f 948 916 949
f 903 904 935
f 949 917 950
f 904 905 936
f 950 918 951
f 937 905 938
f 951 919 952
f 938 906 939
f 952 920 953
f 939 907 940
f 921 922 953
f 940 908 941
f 922 923 954
f 941 909 942
f 923 924 955
f 942 910 943
f 897 898 929
f 924 925 956
f 943 911 944
f 965 933 966
f 992 960 961
f 947 948 979
f 966 934 967
f 948 949 980
f 967 935 968
f 949 950 981
f 968 936 969
f 950 951 982
f 937 938 969
f 951 952 983
f 938 939 970
f 952 953 984
f 939 940 971
f 985 953 986
f 940 941 972
f 986 954 987
f 941 942 973
f 987 955 988
f 942 943 974
f 961 929 962
f 988 956 989
f 943 944 975
f 962 930 963
f 989 957 990
f 944 945 976
f 963 931 964
f 990 958 991
f 945 946 977
f 964 932 965
f 991 959 992
f 946 947 978
f 1000 968 1001
f 982 983 1014
f 969 970 1001
f 983 984 1015
f 970 971 1002
f 984 985 1016
f 971 972 1003
f 1017 985 1018
f 972 973 1004
f 1018 986 1019
f 973 974 1005
f 1019 987 1020
f 974 975 1006
f 993 961 994
f 1020 988 1021
f 975 976 1007
f 994 962 995
f 1021 989 1022
f 976 977 1008
f 995 963 996
f 1022 990 1023
f 977 978 1009
f 996 964 997
f 1023 991 1024
f 978 979 1010
f 997 965 998
f 1024 992 993
f 979 980 1011
f 998 966 999
f 980 981 1012
f 999 967 1000
f 981 982 1013
f 1035 1003 1036
f 1017 1018 1049
f 1036 1004 1037
f 1018 1019 1050
f 1037 1005 1038
f 1019 1020 1051
f 1038 1006 1039
f 993 994 1025
f 1020 1021 1052
f 1039 1007 1040
f 994 995 1026
f 1021 1022 1053
f 1040 1008 1041
f 995 996 1027
f 1022 1023 1054
f 1041 1009 1042
f 996 997 1028
f 1023 1024 1055
f 1042 1010 1043
f 997 998 1029
f 1024 993 1056
f 1043 1011 1044
f 998 999 1030
f 1044 1012 1045
f 999 1000 1031
f 1045 1013 1046
f 1000 1001 1032
f 1046 1014 1047
f 1033 1001 1034
f 1047 1015 1048
f 1034 1002 1035
f 1048 1016 1049
f 1070 1038 1071
f 1025 1026 1057
f 1052 1053 1084
f 1071 1039 1072
f 1026 1027 1058
f 1053 1054 1085
f 1072 1040 1073
f 1027 1028 1059
f 1054 1055 1086
f 1073 1041 1074
f 1028 1029 1060
f 1055 1056 1087
f 1074 1042 1075
f 1029 1030 1061
f 1056 1025 1088
f 1075 1043 1076
f 1030 1031 1062
f 1076 1044 1077
f 1031 1032 1063
f 1077 1045 1078
f 1032 1033 1064
f 1078 1046 1079
f 1065 1033 1066
f 1079 1047 1080
f 1066 1034 1067
f 1080 1048 1081
f 1067 1035 1068
f 1049 1050 1081
f 1068 1036 1069
f 1050 1051 1082
f 1069 1037 1070
f 1051 1052 1083
f 1105 1073 1106
f 1060 1061 1092
f 1087 1088 1119
f 1106 1074 1107
f 1061 1062 1093
f 1088 1057 1120
f 1107 1075 1108
f 1062 1063 1094
f 1108 1076 1109
f 1063 1064 1095
f 1109 1077 1110
f 1064 1065 1096
f 1110 1078 1111
f 1097 1065 1098
f 1111 1079 1112
f 1098 1066 1099
f 1112 1080 1113
f 1099 1067 1100
f 1081 1082 1113
f 1100 1068 1101
f 1082 1083 1114
f 1101 1069 1102
f 1083 1084 1115
f 1102 1070 1103
f 1057 1058 1089
f 1084 1085 1116
f 1103 1071 1104
f 1058 1059 1090
f 1085 1086 1117
f 1104 1072 1105
f 1059 1060 1091
f 1086 1087 1118
f 1140 1108 1141
f 1095 1096 1127
f 1141 1109 1142
f 1096 1097 1128
f 1142 1110 1143
f 1129 1097 1130
f 1143 1111 1144
f 1130 1098 1131
f 1144 1112 1145
f 1131 1099 1132
f 1113 1114 1145
f 1132 1100 1133
f 1114 1115 1146
f 1133 1101 1134
f 1115 1116 1147
f 1134 1102 1135
f 1089 1090 1121
f 1116 1117 1148
f 1135 1103 1136
f 1090 1091 1122
f 1117 1118 1149
f 1136 1104 1137
f 1091 1092 1123
f 1118 1119 1150
f 1137 1105 1138
f 1092 1093 1124
f 1119 1120 1151
f 1138 1106 1139
f 1093 1094 1125
f 1120 1089 1152
f 1139 1107 1140
f 1094 1095 1126
f 1143 1144 1175
f 1130 1131 1162
f 1144 1145 1176
f 1131 1132 1163
f 1177 1145 1178
f 1132 1133 1164
f 1178 1146 1179
f 1133 1134 1165
f 1179 1147 1180
f 1134 1135 1166
f 1153 1121 1154
f 1180 1148 1181
f 1135 1136 1167
f 1154 1122 1155
f 1181 1149 1182
f 1136 1137 1168
f 1155 1123 1156
f 1182 1150 1183
f 1137 1138 1169
f 1156 1124 1157
f 1183 1151 1184
f 1138 1139 1170
f 1157 1125 1158
f 1184 1152 1153
f 1139 1140 1171
f 1158 1126 1159
f 1140 1141 1172
f 1159 1127 1160
f 1141 1142 1173
f 1160 1128 1161
f 1142 1143 1174
f 1129 1130 1161
f 1178 1179 1210
f 1197 1165 1198
f 1179 1180 1211
f 1198 1166 1199
f 1153 1154 1185
f 1180 1181 1212
f 1199 1167 1200
f 1154 1155 1186
f 1181 1182 1213
f 1200 1168 1201
f 1155 1156 1187
f 1182 1183 1214
f 1201 1169 1202
f 1156 1157 1188
f 1183 1184 1215
f 1202 1170 1203
f 1157 1158 1189
f 1184 1153 1216
f 1203 1171 1204
f 1158 1159 1190
f 1204 1172 1205
f 1159 1160 1191
f 1205 1173 1206
f 1160 1161 1192
f 1206 1174 1207
f 1193 1161 1194
f 1207 1175 1208
f 1194 1162 1195
f 1208 1176 1209
f 1195 1163 1196
f 1177 1178 1209
f 1196 1164 1197
f 1186 1187 1218
f 1213 1214 1245
f 1232 1200 1233
f 1187 1188 1219
f 1214 1215 1246
f 1233 1201 1234
f 1188 1189 1220
f 1215 1216 1247
f 1234 1202 1235
f 1189 1190 1221
f 1216 1185 1248
f 1235 1203 1236
f 1190 1191 1222
f 1236 1204 1237
f 1191 1192 1223
f 1237 1205 1238
f 1192 1193 1224
f 1238 1206 1239
f 1225 1193 1226
f 1239 1207 1240
f 1226 1194 1227
f 1240 1208 1241
f 1227 1195 1228
f 1209 1210 1241
f 1228 1196 1229
f 1210 1211 1242
f 1229 1197 1230
f 1211 1212 1243
f 1230 1198 1231
f 1185 1186 1217
f 1212 1213 1244
f 1231 1199 1232
f 1221 1222 1253
f 1248 1217 1280
f 1267 1235 1268
f 1222 1223 1254
f 1268 1236 1269
f 1223 1224 1255
f 1269 1237 1270
f 1224 1225 1256
f 1270 1238 1271
f 1257 1225 1258
f 1271 1239 1272
f 1258 1226 1259
f 1272 1240 1273
f 1259 1227 1260
f 1241 1242 1273
f 1260 1228 1261
f 1242 1243 1274
f 1261 1229 1262
f 1243 1244 1275
f 1262 1230 1263
f 1217 1218 1249
f 1244 1245 1276
f 1263 1231 1264
f 1218 1219 1250
f 1245 1246 1277
f 1264 1232 1265
f 1219 1220 1251
f 1246 1247 1278
f 1265 1233 1266
f 1220 1221 1252
f 1247 1248 1279
f 1266 1234 1267
f 1256 1257 1288
f 1302 1270 1303
f 1289 1257 1290
f 1303 1271 1304
f 1290 1258 1291
f 1304 1272 1305
f 1291 1259 1292
f 1273 1274 1305
f 1292 1260 1293
f 1274 1275 1306
f 1293 1261 1294
f 1275 1276 1307
f 1294 1262 1295
f 1249 1250 1281
f 1276 1277 1308
f 1295 1263 1296
f 1250 1251 1282
f 1277 1278 1309
f 1296 1264 1297
f 1251 1252 1283
f 1278 1279 1310
f 1297 1265 1298
f 1252 1253 1284
f 1279 1280 1311
f 1298 1266 1299
f 1253 1254 1285
f 1280 1249 1312
f 1299 1267 1300
f 1254 1255 1286
f 1300 1268 1301
f 1255 1256 1287
f 1301 1269 1302
f 1291 1292 1323
f 1337 1305 1338
f 1292 1293 1324
f 1338 1306 1339
f 1293 1294 1325
f 1339 1307 1340
f 1294 1295 1326
f 1313 1281 1314
f 1340 1308 1341
f 1295 1296 1327
f 1314 1282 1315
f 1341 1309 1342
f 1296 1297 1328
f 1315 1283 1316
f 1342 1310 1343
f 1297 1298 1329
f 1316 1284 1317
f 1343 1311 1344
f 1298 1299 1330
f 1317 1285 1318
f 1344 1312 1313
f 1299 1300 1331
f 1318 1286 1319
f 1300 1301 1332
f 1319 1287 1320
f 1301 1302 1333
f 1320 1288 1321
f 1302 1303 1334
f 1289 1290 1321
f 1303 1304 1335
f 1290 1291 1322
f 1304 1305 1336
f 1326 1327 1358
f 1345 1313 1346
f 1372 1340 1373
f 1327 1328 1359
f 1346 1314 1347
f 1373 1341 1374
f 1328 1329 1360
f 1347 1315 1348
f 1374 1342 1375
f 1329 1330 1361
f 1348 1316 1349
f 1375 1343 1376
f 1330 1331 1362
f 1349 1317 1350
f 1376 1344 1345
f 1331 1332 1363
f 1350 1318 1351
f 1332 1333 1364
f 1351 1319 1352
f 1333 1334 1365
f 1352 1320 1353
f 1334 1335 1366
f 1321 1322 1353
f 1335 1336 1367
f 1322 1323 1354
f 1336 1337 1368
f 1323 1324 1355
f 1369 1337 1370
f 1324 1325 1356
f 1370 1338 1371
f 1325 1326 1357
f 1371 1339 1372
f 1361 1362 1393
f 1380 1348 1381
f 1407 1375 1408
f 1362 1363 1394
f 1381 1349 1382
f 1408 1376 1377
f 1363 1364 1395
f 1382 1350 1383
f 1364 1365 1396
f 1383 1351 1384
f 1365 1366 1397
f 1384 1352 1385
f 1366 1367 1398
f 1353 1354 1385
f 1367 1368 1399
f 1354 1355 1386
f 1368 1369 1400
f 1355 1356 1387
f 1401 1369 1402
f 1356 1357 1388
f 1402 1370 1403
f 1357 1358 1389
f 1403 1371 1404
f 1358 1359 1390
f 1377 1345 1378
f 1404 1372 1405
f 1359 1360 1391
f 1378 1346 1379
f 1405 1373 1406
f 1360 1361 1392
f 1379 1347 1380
f 1406 1374 1407
f 1396 1397 1428
f 1415 1383 1416
f 1397 1398 1429
f 1416 1384 1417
f 1398 1399 1430
f 1385 1386 1417
f 1399 1400 1431
f 1386 1387 1418
f 1400 1401 1432
f 1387 1388 1419
f 1433 1401 1434
f 1388 1389 1420
f 1434 1402 1435
f 1389 1390 1421
f 1435 1403 1436
f 1390 1391 1422
f 1409 1377 1410
f 1436 1404 1437
f 1391 1392 1423
f 1410 1378 1411
f 1437 1405 1438
f 1392 1393 1424
f 1411 1379 1412
f 1438 1406 1439
f 1393 1394 1425
f 1412 1380 1413
f 1439 1407 1440
f 1394 1395 1426
f 1413 1381 1414
f 1440 1408 1409
f 1395 1396 1427
f 1414 1382 1415
f 1463 1431 1464
f 1450 1418 1451
f 1464 1432 1465
f 1451 1419 1452
f 1433 1434 1465
f 1452 1420 1453
f 1434 1435 1466
f 1453 1421 1454
f 1435 1436 1467
f 1454 1422 1455
f 1409 1410 1441
f 1436 1437 1468
f 1455 1423 1456
f 1410 1411 1442
f 1437 1438 1469
f 1456 1424 1457
f 1411 1412 1443
f 1438 1439 1470
f 1457 1425 1458
f 1412 1413 1444
f 1439 1440 1471
f 1458 1426 1459
f 1413 1414 1445
f 1440 1409 1472
f 1459 1427 1460
f 1414 1415 1446
f 1460 1428 1461
f 1415 1416 1447
f 1461 1429 1462
f 1416 1417 1448
f 1462 1430 1463
f 1449 1417 1450
f 1466 1467 1498
f 1485 1453 1486
f 1467 1468 1499
f 1486 1454 1487
f 1441 1442 1473
f 1468 1469 1500
f 1487 1455 1488
f 1442 1443 1474
f 1469 1470 1501
f 1488 1456 1489
f 1443 1444 1475
f 1470 1471 1502
f 1489 1457 1490
f 1444 1445 1476
f 1471 1472 1503
f 1490 1458 1491
f 1445 1446 1477
f 1472 1441 1504
f 1491 1459 1492
f 1446 1447 1478
f 1492 1460 1493
f 1447 1448 1479
f 1493 1461 1494
f 1448 1449 1480
f 1494 1462 1495
f 1481 1449 1482
f 1495 1463 1496
f 1482 1450 1483
f 1496 1464 1497
f 1483 1451 1484
f 1465 1466 1497
f 1484 1452 1485
f 1501 1502 1533
f 1520 1488 1521
f 1475 1476 1507
f 1502 1503 1534
f 1521 1489 1522
f 1476 1477 1508
f 1503 1504 1535
f 1522 1490 1523
f 1477 1478 1509
f 1504 1473 1536
f 1523 1491 1524
f 1478 1479 1510
f 1524 1492 1525
f 1479 1480 1511
f 1525 1493 1526
f 1480 1481 1512
f 1526 1494 1527
f 1513 1481 1514
f 1527 1495 1528
f 1514 1482 1515
f 1528 1496 1529
f 1515 1483 1516
f 1497 1498 1529
f 1516 1484 1517
f 1498 1499 1530
f 1517 1485 1518
f 1499 1500 1531
f 1518 1486 1519
f 1473 1474 1505
f 1500 1501 1532
f 1519 1487 1520
f 1474 1475 1506
f 1536 1505 1568
f 1555 1523 1556
f 1510 1511 1542
f 1556 1524 1557
f 1511 1512 1543
f 1557 1525 1558
f 1512 1513 1544
f 1558 1526 1559
f 1545 1513 1546
f 1559 1527 1560
f 1546 1514 1547
f 1560 1528 1561
f 1547 1515 1548
f 1529 1530 1561
f 1548 1516 1549
f 1530 1531 1562
f 1549 1517 1550
f 1531 1532 1563
f 1550 1518 1551
f 1505 1506 1537
f 1532 1533 1564
f 1551 1519 1552
f 1506 1507 1538
f 1533 1534 1565
f 1552 1520 1553
f 1507 1508 1539
f 1534 1535 1566
f 1553 1521 1554
f 1508 1509 1540
f 1535 1536 1567
f 1554 1522 1555
f 1509 1510 1541
f 1590 1558 1591
f 1577 1545 1578
f 1591 1559 1592
f 1578 1546 1579
f 1592 1560 1593
f 1579 1547 1580
f 1561 1562 1593
f 1580 1548 1581
f 1562 1563 1594
f 1581 1549 1582
f 1563 1564 1595
f 1582 1550 1583
f 1537 1538 1569
f 1564 1565 1596
f 1583 1551 1584
f 1538 1539 1570
f 1565 1566 1597
f 1584 1552 1585
f 1539 1540 1571
f 1566 1567 1598
f 1585 1553 1586
f 1540 1541 1572
f 1567 1568 1599
f 1586 1554 1587
f 1541 1542 1573
f 1568 1537 1600
f 1587 1555 1588
f 1542 1543 1574
f 1588 1556 1589
f 1543 1544 1575
f 1589 1557 1590
f 1544 1545 1576
f 1593 1594 1625
f 1612 1580 1613
f 1594 1595 1626
f 1613 1581 1614
f 1595 1596 1627
f 1614 1582 1615
f 1569 1570 1601
f 1596 1597 1628
f 1615 1583 1616
f 1570 1571 1602
f 1597 1598 1629
f 1616 1584 1617
f 1571 1572 1603
f 1598 1599 1630
f 1617 1585 1618
f 1572 1573 1604
f 1599 1600 1631
f 1618 1586 1619
f 1573 1574 1605
f 1600 1569 1632
f 1619 1587 1620
f 1574 1575 1606
f 1620 1588 1621
f 1575 1576 1607
f 1621 1589 1622
f 1576 1577 1608
f 1622 1590 1623
f 1609 1577 1610
f 1623 1591 1624
f 1610 1578 1611
f 1624 1592 1625
f 1611 1579 1612
f 1633 1601 1634
f 1660 1628 1661
f 1615 1616 1647
f 1634 1602 1635
f 1661 1629 1662
f 1616 1617 1648
f 1635 1603 1636
f 1662 1630 1663
f 1617 1618 1649
f 1636 1604 1637
f 1663 1631 1664
f 1618 1619 1650
f 1637 1605 1638
f 1664 1632 1633
f 1619 1620 1651
f 1638 1606 1639
f 1620 1621 1652
f 1639 1607 1640
f 1621 1622 1653
f 1640 1608 1641
f 1622 1623 1654
f 1609 1610 1641
f 1623 1624 1655
f 1610 1611 1642
f 1624 1625 1656
f 1611 1612 1643
f 1657 1625 1658
f 1612 1613 1644
f 1658 1626 1659
f 1613 1614 1645
f 1659 1627 1660
f 1614 1615 1646
f 1668 1636 1669
f 1695 1663 1696
f 1650 1651 1682
f 1669 1637 1670
f 1696 1664 1665
f 1651 1652 1683
f 1670 1638 1671
f 1652 1653 1684
f 1671 1639 1672
f 1653 1654 1685
f 1672 1640 1673
f 1654 1655 1686
f 1641 1642 1673
f 1655 1656 1687
f 1642 1643 1674
f 1656 1657 1688
f 1643 1644 1675
f 1689 1657 1690
f 1644 1645 1676
f 1690 1658 1691
f 1645 1646 1677
f 1691 1659 1692
f 1646 1647 1678
f 1665 1633 1666
f 1692 1660 1693
f 1647 1648 1679
f 1666 1634 1667
f 1693 1661 1694
f 1648 1649 1680
f 1667 1635 1668
f 1694 1662 1695
f 1649 1650 1681
f 1698 1666 1699
f 1725 1693 1726
f 1680 1681 1712
f 1699 1667 1700
f 1726 1694 1727
f 1681 1682 1713
f 1700 1668 1701
f 1727 1695 1728
f 1682 1683 1714
f 1701 1669 1702
f 1728 1696 1697
f 1683 1684 1715
f 1702 1670 1703
f 1684 1685 1716
f 1703 1671 1704
f 1685 1686 1717
f 1704 1672 1705
f 1686 1687 1718
f 1673 1674 1705
f 1687 1688 1719
f 1674 1675 1706
f 1688 1689 1720
f 1675 1676 1707
f 1721 1689 1722
f 1676 1677 1708
f 1722 1690 1723
f 1677 1678 1709
f 1723 1691 1724
f 1678 1679 1710
f 1697 1665 1698
f 1724 1692 1725
f 1679 1680 1711
f 1733 1701 1734
f 1760 1728 1729
f 1715 1716 1747
f 1734 1702 1735
f 1716 1717 1748
f 1735 1703 1736
f 1717 1718 1749
f 1736 1704 1737
f 1718 1719 1750
f 1705 1706 1737
f 1719 1720 1751
f 1706 1707 1738
f 1720 1721 1752
f 1707 1708 1739
f 1753 1721 1754
f 1708 1709 1740
f 1754 1722 1755
f 1709 1710 1741
f 1755 1723 1756
f 1710 1711 1742
f 1729 1697 1730
f 1756 1724 1757
f 1711 1712 1743
f 1730 1698 1731
f 1757 1725 1758
f 1712 1713 1744
f 1731 1699 1732
f 1758 1726 1759
f 1713 1714 1745
f 1732 1700 1733
f 1759 1727 1760
f 1714 1715 1746
f 1768 1736 1769
f 1750 1751 1782
f 1737 1738 1769
f 1751 1752 1783
f 1738 1739 1770
f 1752 1753 1784
f 1739 1740 1771
f 1785 1753 1786
f 1740 1741 1772
f 1786 1754 1787
f 1741 1742 1773
f 1787 1755 1788
f 1742 1743 1774
f 1761 1729 1762
f 1788 1756 1789
f 1743 1744 1775
f 1762 1730 1763
f 1789 1757 1790
f 1744 1745 1776
f 1763 1731 1764
f 1790 1758 1791
f 1745 1746 1777
f 1764 1732 1765
f 1791 1759 1792
f 1746 1747 1778
f 1765 1733 1766
f 1792 1760 1761
f 1747 1748 1779
f 1766 1734 1767
f 1748 1749 1780
f 1767 1735 1768
f 1749 1750 1781
f 1771 1772 1803
f 1817 1785 1818
f 1772 1773 1804
f 1818 1786 1819
f 1773 1774 1805
f 1819 1787 1820
f 1774 1775 1806
f 1793 1761 1794
f 1820 1788 1821
f 1775 1776 1807
f 1794 1762 1795
f 1821 1789 1822
f 1776 1777 1808
f 1795 1763 1796
f 1822 1790 1823
f 1777 1778 1809
f 1796 1764 1797
f 1823 1791 1824
f 1778 1779 1810
f 1797 1765 1798
f 1824 1792 1793
f 1779 1780 1811
f 1798 1766 1799
f 1780 1781 1812
f 1799 1767 1800
f 1781 1782 1813
f 1800 1768 1801
f 1782 1783 1814
f 1769 1770 1801
f 1783 1784 1815
f 1770 1771 1802
f 1784 1785 1816
f 1806 1807 1838
f 1825 1793 1826
f 1852 1820 1853
f 1807 1808 1839
f 1826 1794 1827
f 1853 1821 1854
f 1808 1809 1840
f 1827 1795 1828
f 1854 1822 1855
f 1809 1810 1841
f 1828 1796 1829
f 1855 1823 1856
f 1810 1811 1842
f 1829 1797 1830
f 1856 1824 1825
f 1811 1812 1843
f 1830 1798 1831
f 1812 1813 1844
f 1831 1799 1832
f 1813 1814 1845
f 1832 1800 1833
f 1814 1815 1846
f 1801 1802 1833
f 1815 1816 1847
f 1802 1803 1834
f 1816 1817 1848
f 1803 1804 1835
f 1849 1817 1850
f 1804 1805 1836
f 1850 1818 1851
f 1805 1806 1837
f 1851 1819 1852
f 1841 1842 1873
f 1860 1828 1861
f 1887 1855 1888
f 1842 1843 1874
f 1861 1829 1862
f 1888 1856 1857
f 1843 1844 1875
f 1862 1830 1863
f 1844 1845 1876
f 1863 1831 1864
f 1845 1846 1877
f 1864 1832 1865
f 1846 1847 1878
f 1833 1834 1865
f 1847 1848 1879
f 1834 1835 1866
f 1848 1849 1880
f 1835 1836 1867
f 1881 1849 1882
f 1836 1837 1868
f 1882 1850 1883
f 1837 1838 1869
f 1883 1851 1884
f 1838 1839 1870
f 1857 1825 1858
f 1884 1852 1885
f 1839 1840 1871
f 1858 1826 1859
f 1885 1853 1886
f 1840 1841 1872
f 1859 1827 1860
f 1886 1854 1887
f 1876 1877 1908
f 1895 1863 1896
f 1877 1878 1909
f 1896 1864 1897
f 1878 1879 1910
f 1865 1866 1897
f 1879 1880 1911
f 1866 1867 1898
f 1880 1881 1912
f 1867 1868 1899
f 1913 1881 1914
f 1868 1869 1900
f 1914 1882 1915
f 1869 1870 1901
f 1915 1883 1916
f 1870 1871 1902
f 1889 1857 1890
f 1916 1884 1917
f 1871 1872 1903
f 1890 1858 1891
f 1917 1885 1918
f 1872 1873 1904
f 1891 1859 1892
f 1918 1886 1919
f 1873 1874 1905
f 1892 1860 1893
f 1919 1887 1920
f 1874 1875 1906
f 1893 1861 1894
f 1920 1888 1889
f 1875 1876 1907
f 1894 1862 1895
f 1911 1912 1943
f 1898 1899 1930
f 1912 1913 1944
f 1899 1900 1931
f 1945 1913 1946
f 1900 1901 1932
f 1946 1914 1947
f 1901 1902 1933
f 1947 1915 1948
f 1902 1903 1934
f 1921 1889 1922
f 1948 1916 1949
f 1903 1904 1935
f 1922 1890 1923
f 1949 1917 1950
f 1904 1905 1936
f 1923 1891 1924
f 1950 1918 1951
f 1905 1906 1937
f 1924 1892 1925
f 1951 1919 1952
f 1906 1907 1938
f 1925 1893 1926
f 1952 1920 1921
f 1907 1908 1939
f 1926 1894 1927
f 1908 1909 1940
f 1927 1895 1928
f 1909 1910 1941
f 1928 1896 1929
f 1910 1911 1942
f 1897 1898 1929
f 1978 1946 1979
f 1933 1934 1965
f 1979 1947 1980
f 1934 1935 1966
f 1953 1921 1954
f 1980 1948 1981
f 1935 1936 1967
f 1954 1922 1955
f 1981 1949 1982
f 1936 1937 1968
f 1955 1923 1956
f 1982 1950 1983
f 1937 1938 1969
f 1956 1924 1957
f 1983 1951 1984
f 1938 1939 1970
f 1957 1925 1958
f 1984 1952 1953
f 1939 1940 1971
f 1958 1926 1959
f 1940 1941 1972
f 1959 1927 1960
f 1941 1942 1973
f 1960 1928 1961
f 1942 1943 1974
f 1929 1930 1961
f 1943 1944 1975
f 1930 1931 1962
f 1944 1945 1976
f 1931 1932 1963
f 1977 1945 1978
f 1932 1933 1964
f 1981 1982 2013
f 2000 1968 2001
f 1955 1956 1987
f 1982 1983 2014
f 2001 1969 2002
f 1956 1957 1988
f 1983 1984 2015
f 2002 1970 2003
f 1957 1958 1989
f 1984 1953 2016
f 2003 1971 2004
f 1958 1959 1990
f 2004 1972 2005
f 1959 1960 1991
f 2005 1973 2006
f 1960 1961 1992
f 2006 1974 2007
f 1993 1961 1994
f 2007 1975 2008
f 1994 1962 1995
f 2008 1976 2009
f 1995 1963 1996
f 1977 1978 2009
f 1996 1964 1997
f 1978 1979 2010
f 1997 1965 1998
f 1979 1980 2011
f 1998 1966 1999
f 1953 1954 1985
f 1980 1981 2012
f 1999 1967 2000
f 1954 1955 1986
f 2016 1985 2048
f 2035 2003 2036
f 1990 1991 2022
f 2036 2004 2037
f 1991 1992 2023
f 2037 2005 2038
f 1992 1993 2024
f 2038 2006 2039
f 2025 1993 2026
f 2039 2007 2040
f 2026 1994 2027
f 2040 2008 2041
f 2027 1995 2028
f 2009 2010 2041
f 2028 1996 2029
f 2010 2011 2042
f 2029 1997 2030
f 2011 2012 2043
f 2030 1998 2031
f 1985 1986 2017
f 2012 2013 2044
f 2031 1999 2032
f 1986 1987 2018
f 2013 2014 2045
f 2032 2000 2033
f 1987 1988 2019
f 2014 2015 2046
f 2033 2001 2034
f 1988 1989 2020
f 2015 2016 2047
f 2034 2002 2035
f 1989 1990 2021
f 2038 2039 2070
f 2025 2026 2057
f 2039 2040 2071
f 2026 2027 2058
f 2040 2041 2072
f 2027 2028 2059
f 2073 2041 2074
f 2028 2029 2060
f 2074 2042 2075
f 2029 2030 2061
f 2075 2043 2076
f 2030 2031 2062
f 2049 2017 2050
f 2076 2044 2077
f 2031 2032 2063
f 2050 2018 2051
f 2077 2045 2078
f 2032 2033 2064
f 2051 2019 2052
f 2078 2046 2079
f 2033 2034 2065
f 2052 2020 2053
f 2079 2047 2080
f 2034 2035 2066
f 2053 2021 2054
f 2080 2048 2049
f 2035 2036 2067
f 2054 2022 2055
f 2036 2037 2068
f 2055 2023 2056
f 2037 2038 2069
f 2056 2024 2057
f 2073 2074 2105
f 2092 2060 2093
f 2074 2075 2106
f 2093 2061 2094
f 2075 2076 2107
f 2094 2062 2095
f 2049 2050 2081
f 2076 2077 2108
f 2095 2063 2096
f 2050 2051 2082
f 2077 2078 2109
f 2096 2064 2097
f 2051 2052 2083
f 2078 2079 2110
f 2097 2065 2098
f 2052 2053 2084
f 2079 2080 2111
f 2098 2066 2099
f 2053 2054 2085
f 2080 2049 2112
f 2099 2067 2100
f 2054 2055 2086
f 2100 2068 2101
f 2055 2056 2087
f 2101 2069 2102
f 2056 2057 2088
f 2102 2070 2103
f 2089 2057 2090
f 2103 2071 2104
f 2090 2058 2091
f 2104 2072 2105
f 2091 2059 2092
f 2081 2082 2113
f 2108 2109 2140
f 2127 2095 2128
f 2082 2083 2114
f 2109 2110 2141
f 2128 2096 2129
f 2083 2084 2115
f 2110 2111 2142
f 2129 2097 2130
f 2084 2085 2116
f 2111 2112 2143
f 2130 2098 2131
f 2085 2086 2117
f 2112 2081 2144
f 2131 2099 2132
f 2086 2087 2118
f 2132 2100 2133
f 2087 2088 2119
f 2133 2101 2134
f 2088 2089 2120
f 2134 2102 2135
f 2121 2089 2122
f 2135 2103 2136
f 2122 2090 2123
f 2136 2104 2137
f 2123 2091 2124
f 2105 2106 2137
f 2124 2092 2125
f 2106 2107 2138
f 2125 2093 2126
f 2107 2108 2139
f 2126 2094 2127
f 2116 2117 2148
f 2143 2144 2175
f 2162 2130 2163
f 2117 2118 2149
f 2144 2113 2176
f 2163 2131 2164
f 2118 2119 2150
f 2164 2132 2165
f 2119 2120 2151
f 2165 2133 2166
f 2120 2121 2152
f 2166 2134 2167
f 2153 2121 2154
f 2167 2135 2168
f 2154 2122 2155
f 2168 2136 2169
f 2155 2123 2156
f 2137 2138 2169
f 2156 2124 2157
f 2138 2139 2170
f 2157 2125 2158
f 2139 2140 2171
f 2158 2126 2159
f 2113 2114 2145
f 2140 2141 2172
f 2159 2127 2160
f 2114 2115 2146
f 2141 2142 2173
f 2160 2128 2161
f 2115 2116 2147
f 2142 2143 2174
f 2161 2129 2162
f 2151 2152 2183
f 2197 2165 2198
f 2152 2153 2184
f 2198 2166 2199
f 2185 2153 2186
f 2199 2167 2200
f 2186 2154 2187
f 2200 2168 2201
f 2187 2155 2188
f 2169 2170 2201
f 2188 2156 2189
f 2170 2171 2202
f 2189 2157 2190
f 2171 2172 2203
f 2190 2158 2191
f 2145 2146 2177
f 2172 2173 2204
f 2191 2159 2192
f 2146 2147 2178
f 2173 2174 2205
f 2192 2160 2193
f 2147 2148 2179
f 2174 2175 2206
f 2193 2161 2194
f 2148 2149 2180
f 2175 2176 2207
f 2194 2162 2195
f 2149 2150 2181
f 2176 2145 2208
f 2195 2163 2196
f 2150 2151 2182
f 2196 2164 2197
f 2186 2187 2218
f 2200 2201 2232
f 2187 2188 2219
f 2233 2201 2234
f 2188 2189 2220
f 2234 2202 2235
f 2189 2190 2221
f 2235 2203 2236
f 2190 2191 2222
f 2209 2177 2210
f 2236 2204 2237
f 2191 2192 2223
f 2210 2178 2211
f 2237 2205 2238
f 2192 2193 2224
f 2211 2179 2212
f 2238 2206 2239
f 2193 2194 2225
f 2212 2180 2213
f 2239 2207 2240
f 2194 2195 2226
f 2213 2181 2214
f 2240 2208 2209
f 2195 2196 2227
f 2214 2182 2215
f 2196 2197 2228
f 2215 2183 2216
f 2197 2198 2229
f 2216 2184 2217
f 2198 2199 2230
f 2185 2186 2217
f 2199 2200 2231
f 2221 2222 21
f 7 2235 6
f 2222 2223 20
f 1 2209 32
f 6 2236 5
f 2223 2224 19
f 32 2210 31
f 5 2237 4
f 2224 2225 18
f 31 2211 30
f 4 2238 3
f 2225 2226 17
f 30 2212 29
f 3 2239 2
f 2226 2227 16
f 2213 2214 29
f 2 2240 1
f 2227 2228 15
f 2214 2215 28
f 2228 2229 14
f 2215 2216 27
f 13 2229 12
f 2216 2217 26
f 12 2230 11
f 2217 2218 25
f 11 2231 10
f 2218 2219 24
f 10 2232 9
f 2219 2220 23
f 9 2233 8
f 2220 2221 22
f 8 2234 7
