v -0.191755214567259 0.286658776965898 -0.378420200111739
v -0.21466706111588 0.251002356679699 -0.353072496003787
v -0.0960234194429486 0.0544590027360663 0.266174418328856
v -0.231933303830063 0.205386640913777 -0.365915842336729
v 0.0671149769337219 -0.107915415733317 -0.0793124649062048
v -0.0814618792201419 0.22621761218307 -0.346466293160808
v -0.117075416495322 0.142246949558605 -0.381802990966995
v -0.191557925269113 0.308337979485101 -0.46336829907088
v 0.100874423671613 -0.268469693939329 0.494361800428616
v 0.307049144833826 -0.35208572871015 0.356403789755434
v -0.15505091215878 0.181848279414939 -0.285840410538518
v -0.161440542519843 -0.311682367405716 -0.172257917929727
v -0.212978112819207 0.242020417074494 -0.484721783762319
v -0.0530492538928634 0.207593283638276 -0.295049538120078
v -0.253335381475438 0.267206776713309 -0.366769444410213
v -0.0152612013487393 -0.152705706995846 0.00526965274325352
v 0.127476497017744 0.0997603723252801 0.243573805216371
v -0.0978372313388486 0.215599527125328 -0.228757843424243
v -0.181256922102776 0.180387889529965 -0.317805755850413
v -0.107867040706641 0.183921432783809 -0.377032937505319
v -0.210132443107963 0.238760648340014 -0.345592036261223
v -0.0130271771763522 0.119167102242153 -0.287999495801137
v -0.142466567308895 -0.0846561091794693 -0.116798011592218
v -0.0413711606136801 0.0832942408344819 -0.313250905557373
v -0.00659003079025643 -0.0709998788645866 0.188473140719246
v -0.0492132489236465 -0.0655797381684667 0.193081052059574
v -0.205494123597481 0.249234080556591 -0.34181810079005
v -0.196104468807491 0.316132498248308 -0.4600739332922
v -0.192785329033381 0.301193261503055 -0.434806948102565
v -0.216958898699971 0.204978715450528 -0.485173790228509
v 0.322571339501388 -0.32485680519093 0.368371664989908
v -0.0243573852543387 -0.0669472185888697 0.396159844340664
v -0.124452179248313 0.219684068658027 -0.255592648058359
v -0.0697898000930861 0.1851409015264 -0.197376544750074
v -0.197158106632955 0.318362280191776 -0.459097876812157
v -0.186416415506721 0.289520987482725 -0.464215045225122
v 0.0981524734715984 -0.0760196443612546 -0.177857681532497
v -0.257550305860991 0.236739842311168 -0.403850875292096
v -0.205338492079331 0.207912622489654 -0.344651184631151
v -0.0228133485610085 0.0151605419280748 -0.286928686657941
v -0.12350140697831 0.0843794280746391 -0.268209786307066
v -0.232916577686576 0.13734983914988 -0.47413980001952
v -0.0841133224926978 0.128691484300834 -0.353650405855497
v 0.0459501888827156 0.158251840731136 0.308324968285087
v -0.110005200960704 0.265520742993712 -0.308644207477951
v 0.238110808692069 -0.368402979376966 -0.00181120050591294
v -0.14432831825646 0.250742856997124 -0.282205558348149
v -0.108959483507868 0.0306755930770053 0.0723275901197108
v 0.0934204697352406 -0.0827352776837509 0.249462120104376
v 0.203524656500653 -0.216996696829836 0.344239567666633
v -0.0654196902026789 0.220609083041555 -0.289945719629103
v 0.0758113824839199 -0.0640251232761006 0.0309185441585688
v 0.147482719225989 -0.0368077878715278 0.210083294161107
v 0.0410435267346562 0.0746947521329766 -0.23390836721016
v -0.0764066121073419 0.0692547236002791 -0.146608526077125
v -0.0431180136993678 -0.0971088818617441 0.338441708184719
v -0.141468656167348 0.286601900110562 -0.333410487987541
v -0.187289462776016 0.27400425120262 -0.349633546772397
v -0.159862350819854 0.205152588909117 -0.431444509673783
v -0.096517659917482 0.182712594198793 -0.225921246036693
v -0.144349214794984 0.27361610373217 -0.30573334612116
v 0.0632461134737763 -0.0570762127183186 -0.214654749123534
v -0.12855800791215 0.0215058865235107 0.241014865608936
v 0.0717681987957516 -0.0691150631799143 0.0792672745710819
v -0.0467200257921625 0.203024467434604 -0.243547478287877
v -0.221887261385786 0.18348811362515 -0.356564463201143
v 0.110308450649967 0.117630659190784 0.242508418550108
v -0.0534799198285046 0.206180414937714 -0.307101283890006
v -0.190474935634775 0.247440983600718 -0.463681921971269
v -0.0347300124460971 -0.0751472029655301 0.345086503291542
v -0.244353235443225 0.291228290921942 -0.387843843973479
v 0.0348442655296393 0.105403884413399 -0.228809742964429
v -0.0553727257424117 0.00305738938984447 -0.293088276057396
v 0.0181064569253282 -0.150951705869998 0.428280208658698
v -0.069282238255398 0.0957341882053662 -0.337743656233933
v -0.257984827284055 0.283852463571626 -0.369189110945303
v 0.0989202167569762 -0.128546166143333 -0.114267613118428
v -0.066934020602525 -0.109943362125637 0.369744386704352
v -0.257496188673177 0.28906226555049 -0.372059365457184
v 0.201697683352759 -0.304795332876359 0.0437960267094695
v -0.00854673316644866 -0.0673543905695957 -0.232870751831158
v -0.163344290764959 -0.371773680567668 -0.222524766330561
v 0.143270096942426 -0.044438439302217 0.21814738741223
v -0.136796210301082 0.253969049358012 -0.40502503486692
v 0.132430108149248 0.0658718969355677 0.17057135387354
v -0.0499777184918621 0.0906525109182184 0.091552111028125
v -0.0464559745978697 0.103531691778496 0.348400905277151
v -0.154695998162787 0.239488857496964 -0.288541502686411
v -0.0257509719644319 -0.0845162363235569 0.354884845701363
v 0.0232503023786511 0.173366743595933 0.234240339064879
v -0.169891282934012 0.196181471166705 -0.301261276790578
v 0.0188674483762363 -0.121653132242949 0.037715914932315
v -0.104349158273294 0.209333409673584 -0.37619221711938
v 0.0188715991699736 0.108618882447404 -0.0212362669102743
v -0.105286925240897 0.0416524843128383 -0.155743101764756
v -0.255286479899487 0.283748189584487 -0.373728415678726
v -0.0293826320336955 -0.0893720775982938 0.391213700495697
v 0.266535352448998 -0.286147316921743 0.419023866071092
v 0.158552367472104 -0.123783458563962 0.252641338458289
v -0.0855966216969914 0.0528448207908821 -0.0616580787028425
v -0.200735833141893 0.313482895575162 -0.44413490240871
v -0.0226306472981857 -0.150638361712791 -0.154864316955365
v 0.24943291793686 -0.223234561664733 0.35824835276211
v -0.227454067699665 -0.419105957613267 -0.27764808856051
v -0.13376774798083 0.207025072304423 -0.402491068532236
v -0.101495000634547 0.233465442570996 -0.242880842385165
v 0.13408668986267 -0.126436943526459 0.32773307498232
v 0.163058667920282 -0.181034236332819 0.30574406338353
v 0.0975354441404759 -0.327445686134658 0.491438957151908
v -0.165537702040158 0.263214211377714 -0.310149789659008
v 0.0885099955011174 -0.256309749968169 0.478027623205309
v -0.137503761466353 -0.0271638938658744 0.17133648495003
v -0.148772198005876 0.282561144031123 -0.323902520925208
v -0.0458534934956857 0.201424258217725 -0.270595921378893
v 0.0881488816198306 -0.0549641522626253 0.315709215337815
v 0.211305466483835 -0.206988894098546 0.371301053155948
v -0.0909369379422788 0.0513342993869499 0.348037109619982
v -0.0393146719218146 -0.162718314638927 -0.0627231139417339
v -0.111511307084945 0.100968972343983 -0.352848278780928
v 0.00303421019019719 -0.0493530691952525 0.209189517135197
v -0.129797833568647 0.280530149727534 -0.342123329533902
v -0.113000627729446 0.237337907112531 -0.384482913806551
v -0.0838830254713027 -0.118550534146744 0.334151525689205
v 0.256151367153102 -0.247378477184584 0.404947258363978
v -0.0243674012711462 -0.0586932539826759 0.256378045017836
v -0.235193414404999 0.285645211253374 -0.394628629866058
v 0.126710055618171 0.100580957691053 0.328498116719037
v -0.194509003646848 0.303588887740114 -0.450786577662045
v -0.221238371850923 0.236620046027573 -0.355396344324519
v -0.138406975557275 0.164386520744057 -0.270365372132806
v -0.103268092181713 0.248659417200195 -0.259229840729443
v -0.158598147474088 0.281241905168641 -0.33051257569903
v 0.0905468110856849 -0.0510714663059179 -0.185804854993477
v 0.289792120440755 -0.357073313158795 0.375877761694747
v -0.138084430194291 -0.140994629120422 -0.13500711946156
v 0.138782223243919 0.0249222531294474 0.149623928298025
v -0.0981813849830378 0.21894572914645 -0.3699562777512
v -0.0776338536670555 0.223746246149437 -0.227876309684152
v -0.00587487290622393 -0.216248689460595 0.414483930246819
v -0.0737227500310453 0.0722387780823566 -0.127390617883796
v -0.205616728168621 0.268793195792043 -0.460541974932163
v -0.0504887604879938 0.0616935033713937 -0.317480333346063
v 0.00872458404738506 -0.125371717268609 0.123520584819807
v -0.256551249169218 0.203840435924789 -0.381899080801531
v 0.10586268021171 0.0377438865809939 -0.158170400822691
v 0.104574234489363 -0.0359870825962353 0.134588568594582
v -0.212913947623685 0.302461659670039 -0.437287066574985
v 0.112398118954699 -0.0290072588158195 0.0988655442142928
v -0.0770760569189204 0.233327480646181 -0.247487638491877
v 0.28158639453175 -0.313944491313195 0.38423450058286
v -0.124395000746141 0.274720966731178 -0.304433165005991
v 0.0350506449773608 0.0321532161747299 0.386180446046062
v 0.0371770909189407 -0.141186868949524 -0.0712013321401897
v -0.0483135440990686 0.0926941052039819 -0.05491460014041
v -0.257997412427273 0.285706968082662 -0.370939353702746
v -0.255817293596333 0.294970962047465 -0.37966349540917
v 0.124340936285257 -0.199426171278596 -0.0576312568788891
v -0.164158508548989 0.277944400881989 -0.416197968584338
v -0.0562323404458197 0.0923037083409046 -0.159387879014622
v 0.159734617346262 -0.146981423512627 0.350746331218764
v -0.0532158383179769 -0.0918836742395958 -0.209475598918481
v -0.159810958906319 0.196935754800234 -0.290908345248629
v -0.0571106309920532 0.194729179995991 -0.195581942589817
v -0.211540670026179 0.259305982525304 -0.468272802856492
v -0.0746003840689402 0.0754282168541948 0.24017357266371
v -0.22172636033325 0.140352196167719 -0.470302380971506
v -0.108552154757513 0.177255512794948 -0.238067654779686
v 0.060032179737259 -0.111489616159583 -0.0711451260215029
v 0.0903548006366141 -0.0506048194193682 0.119439798528235
v -0.211023714724722 0.265900752307763 -0.361547635420761
v 0.122782675265536 -0.0358140816212856 0.330899652949423
v -0.0198140073145254 0.174316595102388 -0.256591616391179
v -0.200595048834582 0.192487790044564 -0.473045550637875
v -0.139934953427448 -0.0290450170750421 -0.0256864611081645
v 0.0794294006803076 -0.220150742693286 -0.0763341070443013
v -0.192994811191909 0.310978565746387 -0.463838553455052
v -0.337809945861624 0.125856971086225 -0.472634994175338
v 0.23354231603729 -0.373227071011864 0.0255164406620004
v -0.107843280945334 -0.00721456409343207 -0.258687971534379
v 0.135886045999654 0.0828317636595915 0.33360804863368
v -0.113170013188189 -0.0829937554918517 0.295893417713032
v -0.131165181554047 -0.0191674302370962 0.186510254096713
v -0.0899948390983022 0.00815744682891626 -0.279262928672487
v -0.0181226347692894 0.173404857156137 -0.240021078415299
v -0.0828012010943339 -0.0911595364416316 0.357401242165755
v -0.193857556383641 -0.406641656952946 -0.28732047965944
v -0.12021144799979 0.0744123486645216 -0.270073830504257
v -0.151617243090108 0.139787829124057 -0.397965636165189
v -0.219245298806018 0.248887060680873 -0.479661344940058
v -0.0163097942581048 -0.0204843472269965 -0.269218333245036
v -0.26075289521327 0.230254430358641 -0.439983702923271
v -0.16273245192984 0.25289943182056 -0.300688754479944
v 0.059954465517107 -0.0781881327589812 -0.0173194332002639
v -0.0239763737924047 -0.163439412980164 -0.0717352994079602
v 0.236803027132065 -0.348485430636284 -0.0112175297983469
v -0.264151357873014 0.22627579966213 -0.428632902834974
v -0.345418967155397 0.131970587769867 -0.492956489403874
v -0.280098731984133 0.210279287415963 -0.436208355995434
v -0.126476276759011 0.0950464984938734 -0.33496580831734
v 0.189518036117375 -0.275081107337269 0.0248404971115173
v 0.010526763549168 0.131354860658276 -0.0881614411904871
v -0.197544919854508 0.318686847121593 -0.459612142160407
v 0.0738940011402471 -0.0664986368078698 0.059887737364709
v -0.0343778254707257 -0.0505038763765951 -0.247963672090546
v -0.216311812033039 -0.419174779435547 -0.283623852005847
v -0.062608735609437 0.0856129759635472 0.171578354745972
v -0.000752685275998715 0.14417132398401 -0.117817499047328
v -0.142364640910908 -0.0192437312837922 0.23235920804979
v -0.105134898096703 0.259863275291717 -0.316654706586622
v 0.0987897934556355 0.129339546947628 0.226665592860741
v -0.121510418825927 0.0180549031635606 0.0591692122038746
v -0.277305021064602 0.213158217959943 -0.45952424876608
v 0.0727301733142005 -0.239363509652853 0.454538005829712
v -0.0448264720407048 0.201626116572341 -0.230771111026296
v -0.00670714552703649 0.139958787577068 0.145611786776854
v -0.0793414155487096 -0.110848358449964 -0.0442850107237008
v -0.27105133040291 0.219662101627594 -0.443035663904069
v -0.139927004921686 0.00439182283135055 -0.132168365389956
v -0.0865737801083175 0.241528470105142 -0.299861213109801
v -0.180706989236339 0.291423037170319 -0.377881294212911
v -0.25499688338141 0.23964695024305 -0.417654578106231
v -0.240804091505312 0.2536605877881 -0.432918133879
v -0.163721166794688 0.284511925830358 -0.403577924647502
v -0.127888259518372 0.0131627077437493 0.16144856578182
v -0.201331485921252 0.315783671724822 -0.448254961524097
v 0.157567829066133 0.0665947568602799 0.308463196510467
v -0.222169475363379 0.209892770485079 -0.359056587310918
v -0.179961577130929 0.130947540250731 -0.349589371703064
v -0.0888845095962772 0.134220174768096 -0.217494451265544
v -0.0705038441750474 0.0817737413749944 0.34487859598679
v -0.184971922534833 0.126687008458246 -0.437393787090782
v 0.0872815490892459 -0.0699693837652031 0.296909825237822
v -0.025006176092149 0.126867089672995 0.303239198149882
v -0.190583088580571 0.185160520644016 -0.329578270317221
v -0.274796438003153 0.196682817938547 -0.487264184065627
v -0.0879163916156796 -0.103482098826766 0.0898483453312844
v 0.12790057537116 0.0493047416121977 0.158732947155897
v -0.188714343252966 0.202614239932771 -0.461476874305915
v -0.229678492976844 0.230830057656807 -0.495078107183629
v -0.0839864017680086 0.148958476282937 -0.212012264520561
v -0.25370952928436 0.23810554933817 -0.436173141409762
v 0.204912883214096 -0.307544069001751 0.00891955042415349
v -0.0677214567000467 0.118025024951228 -0.194976049796339
v -0.0779548928595074 0.167385453322752 -0.349423191898525
v 0.0184492653410335 0.167313996476232 0.266880491505448
v -0.281131712992676 0.207361083599565 -0.468291274155975
v -0.244287561186712 0.25312174423626 -0.401110282878125
v -0.0170562643919921 -0.0853007793149367 0.361719442865741
v -0.151575619043778 -0.0844337673350814 -0.182216313517753
v -0.106723733285513 0.210250586411444 -0.235493102907649
v -0.116069550339143 0.142514160812839 -0.248186032810974
v 0.0119915714088446 -0.145409571628536 0.419078740996441
v 0.0128268066831007 -0.14698521611138 0.397275876230657
v 0.318242166700596 -0.342413858505249 0.357430371176446
v -0.28967381189164 0.09493832401816 -0.494569946680828
v -0.205670089949536 0.305014516440336 -0.438000487206015
v -0.155139736938649 0.291727599771077 -0.36060508193388
v -0.085843125582891 -0.105968354674755 0.0177292064644283
v 0.0101635869212762 0.143933378688464 -0.172736121802514
v 0.135729249997859 -0.321621333619331 0.518855913137199
v -0.00168337103241348 0.15583139786432 -0.169787460704806
v -0.215541109787383 0.13498321805228 -0.356844678191168
v -0.246486336699497 0.248002895166923 -0.424997140793867
v -0.0665218117594064 0.221469423554063 -0.303429443899933
v -0.00976145371408622 0.162954694506525 -0.164874033372385
v -0.108814564505852 0.241387504894564 -0.25283091848937
v -0.240984918142558 0.223517891244612 -0.49539422566547
v -0.0655841821124403 0.131639610349014 -0.192288360232069
v -0.136104684386591 -0.291633514332095 -0.138578103483232
v -0.243324528166949 0.222749874890126 -0.376776305566402
v -0.178560010853029 0.201647691038163 -0.451434896620001
v -0.0523282207186523 0.208468922015936 -0.21864953713882
v -0.300124711674122 0.151018456904279 -0.506356095935126
v -0.0545509434511197 0.0345560707485591 0.389811260646057
v -0.206347117197606 0.148638847251083 -0.347790035494995
v -0.328645533855138 0.10784380182593 -0.5242403182624
v -0.0352737825993124 0.191841852633203 -0.217576941036089
v -0.152167140386533 0.22645103026194 -0.284923789010832
v -0.238926021320061 0.206426641152573 -0.494359234706822
v 0.0136573328031065 0.139653802978479 -0.207356346496287
v -0.0141798904953216 -0.121471542640354 0.137551080052873
v -0.101150945625821 -0.200769544765748 -0.163295396741263
v -0.130568532784699 0.129322504410298 -0.26884390125961
v 0.14385352372321 -0.400354626320072 0.524903716558066
v -0.101857981970113 0.112998959277442 -0.359943075493165
v 0.123683580298159 0.0498832195629978 0.0131671305383095
v -0.214076367420096 0.29974342919905 -0.437201131337994
v -0.272676682663307 0.217378979587694 -0.427514917027342
v -0.250098055866506 0.211009469733437 -0.493808144303934
v -0.0964635938566663 0.0440248935786896 0.110899838402222
v 0.0657151635643801 0.0864325921405599 -0.147769773130741
v 0.0831155334046608 0.0855004562290997 0.00938338703449052
v -0.126360287581167 0.26197745897418 -0.28157809300818
v -0.165587661636689 0.179029610565982 -0.298451416544716
v 0.175166489858923 0.0221935761310705 0.299723155541147
v 0.133586938863716 -0.00914667314128553 0.107167466105124
v 0.00420215552400167 0.138864732184551 0.0915373061590785
v -0.142535658991645 0.111538087834408 -0.324723936742823
v -0.0267981676454703 0.0681829638920421 -0.299768301062354
v -0.151668616617834 0.263864137277517 -0.298789481212922
v -0.289982964725786 0.176943956078427 -0.427543999208064
v -0.156446895403051 0.27541361102956 -0.317029363927285
v -0.104795213203979 -0.0839877932817582 0.277576093884998
v -0.0951946621398623 0.143526841950506 -0.224100737680004
v -0.221172698475733 0.154806404013317 -0.356459687040511
v 0.0386483818929996 -0.208136457729989 0.45207738003707
v -0.146472855288599 -0.0309041660849297 -0.000646131170549366
v -0.0757733910177359 0.199015062479566 -0.347869348228753
v -0.232647027623939 0.272355444393664 -0.396801232919246
v -0.0925476480724296 0.0604419530815149 -0.325619427399148
v -0.00234496733387688 0.0981160079783074 -0.27774233613274
v -0.213224933018204 0.302396278227546 -0.437645124443839
v 0.247532664992121 -0.359780299958928 -0.00157483827445915
v -0.0783763939531407 0.210848047292186 -0.3493959929457
v -0.175906518662535 0.188931804537399 -0.308031296802399
v -0.323733132167388 0.156716626757716 -0.48865312665704
v 0.160943301918261 -0.0418308198309583 0.284358952342344
v -0.256835400913392 0.117769747523746 -0.470258290539687
v -0.0881391433602495 0.177534769615542 -0.216537953299093
v -0.0601571390299794 0.0944075972922481 -0.183957070590515
v 0.0863213430025769 -0.159236307744418 -0.138064151803591
v -0.226267607539367 0.213434095137152 -0.493588873058892
v -0.200381404468457 0.179654859391344 -0.473706635738149
v 0.244006960695936 -0.345012342185645 -0.0071714169369545
v -0.184953012932652 0.19244955280016 -0.318041159454768
v -0.0273875984917515 0.18282789849922 -0.244881363603433
v 0.130508283179419 -0.261262753166457 -0.00211691712769547
v -0.181724428895184 0.172253411240328 -0.326538528290257
v 0.0610082017979115 0.116546390839359 0.0663912362788931
v 0.28965827800604 -0.311514321812475 0.408873141243242
v 0.117145029235344 0.0279449569996675 -0.14277168122062
v -0.157536486092247 0.17052863062569 -0.290832688925632
v 0.227530824927099 -0.230036151200439 0.345029558489487
v -0.0649364637312148 0.00325632285590501 0.379026409511597
v -0.181155380261023 0.29793375181929 -0.438010341612867
v 0.0654174454890249 -0.284901102513948 0.462272639013121
v -0.28237839154907 0.137060350644554 -0.507846352269655
v -0.225555213306494 0.13964701486555 -0.362935746450156
v -0.152191311307953 0.136995953691431 -0.295335006932877
v 0.136083313908928 0.088903333986205 0.207944057234677
v -0.118268017930857 0.175874969915473 -0.385920928301317
v -0.103940543892117 -0.0868355580315779 0.00807458852391444
v -0.0695933409181546 -0.118536876498694 -0.186609716155057
v 0.240549326023137 -0.365969835647978 0.0106037432100871
v 0.0465988863768385 -0.0891482819336238 0.161659533463671
v -0.0315105462413151 0.0819801262167958 -0.304606361625699
v 0.00495867356615278 0.148713923005723 -0.183980391499746
v -0.282046994512212 0.208460813196733 -0.447823416524246
v -0.0346235755122815 -0.0880769798331379 0.309201600955072
v -0.171957072584852 0.232645162915869 -0.304837543908907
v 0.214117492469068 -0.307341117749635 0.0311318514207628
v 0.00595649492281261 -0.033855889112096 0.334012540244525
v -0.0712630588339642 0.173540920889218 -0.34297675987131
v 0.186767302210024 -0.327645170522742 0.0334881387535708
v -0.168633984273847 0.202212791651917 -0.441019962391081
v -0.0128932021078293 -0.00979018709878642 -0.273130205933104
v -0.208710305299774 0.19631879759622 -0.480596457427333
v -0.247933230510184 0.230344015289544 -0.383475975974873
v -0.000135494137832387 0.152546222366676 -0.243405647001885
v -0.267621940718968 0.140953139070399 -0.401391996042896
v -0.192164709606283 0.189173434025357 -0.465178976434869
v -0.132115519886456 0.00663502015068233 0.018877447153508
v -0.0217047438656225 0.129095114165154 0.265728432192091
v -0.00156624441619857 0.146993146280862 0.179693811088762
v 0.0215974394564338 0.167896181584943 0.170901510819812
v -0.0966194702662667 0.230759542859502 -0.366701015302115
v 0.147051695646167 -0.0649554079662919 0.244476593630023
v -0.0164239490920625 -0.0575503110883119 0.201571858633942
v 0.0985076691278097 0.0544215460527842 -0.05575682570604
v 0.0695699688514149 0.0267016360038579 0.382205736489393
v -0.0442962525079467 0.200432933273173 -0.213549143531812
v -0.0313495140641809 0.0599300433185439 0.402602853128745
v 0.101779428453057 0.045231256515556 0.379139923915946
v -0.0513024399209841 0.152385482815205 -0.325254910181659
v -0.197698541985963 0.204147365975576 -0.469947565627039
v 0.0195210600826692 -0.191071823678939 0.384558955886243
v 0.238296742054038 -0.224940262157645 0.344524007443164
v 0.142555688531802 -0.117330788532299 0.333397063925563
v 0.30175504985047 -0.273894491220526 0.39004020726886
v 0.0280385701609855 -0.0050055020776279 0.355350678188619
v 0.0548639312504983 -0.235076905257755 0.422017292008186
v -0.222275179767874 0.197867119504858 -0.358621184441736
v -0.28132521537694 0.16661228044633 -0.499110315846681
v -0.228069877097063 0.105567372906044 -0.424771970753318
v -0.226466990686881 0.104064578709331 -0.398091957010627
v -0.0893197919201301 0.200266562365227 -0.3614590116721
v -0.107819754386261 0.0407062079447156 0.203673797193829
v -0.079616292911548 0.230545526991124 -0.33589137964049
v 0.183092514408707 -0.130839067229925 0.304060255307401
v -0.0368612269891605 0.192266784678666 -0.264622935894834
v 0.178001353214336 0.0423855119037206 0.277255772080116
v 0.0400985692583054 0.084542916023831 0.382081910369799
v -0.209822975616313 0.121822955671566 -0.3611047425171
v 0.0236327586704198 0.16589513390295 0.157714226293074
v 0.184158255964767 0.00259091633174216 0.278678287957004
v -0.018644749935674 0.173386150653374 -0.182879313471598
v -0.200342930988674 -0.399964290464479 -0.295498909952439
v -0.152487785490132 -0.0318702855072516 0.0392993364312436
v 0.0908980647354287 0.08173546899287 0.018886938785145
v -0.00165686783757709 -0.178366765387992 0.430004535602928
v -0.0356728021434594 0.19127393168624 -0.250739373981983
v -0.0324348874707752 0.112191717559831 -0.0716691050438269
v 0.0175490929423156 0.115083010505997 -0.252235488762866
v -0.107018126991494 0.137513303540132 -0.238033650086067
v -0.0196323754962739 0.175210271960937 -0.214648059178736
v -0.0135264577656608 0.119310631510024 -0.0600430333425949
v -0.193564993542736 0.259503740306941 -0.463827703394964
v 0.122683881091493 -0.024844111686156 0.338750012326835
v -0.207008913734157 -0.423459240465782 -0.279833444947999
v 0.151031139952346 -0.0447796119528138 0.244781934497883
v -0.0951490149505466 0.180515348641234 -0.36568714476181
v -0.202834784623915 0.131170664197003 -0.353684272611319
v -0.225180097431355 0.159502265088302 -0.486030589586446
v -0.291253320881891 0.156732355315551 -0.428550126760426
v -0.111583333961042 0.0366907542570692 -0.206168762484995
v -0.00551345931404501 0.131345809344376 -0.0807396561828102
v -0.0704175089075636 -0.0982790926857214 0.158281085575499
v -0.233020126020024 0.14721607190805 -0.368297778995497
v 0.131691810631697 -0.0570122672150654 0.214559014842589
v -0.212756563266074 0.170360745738232 -0.348837939323766
v 0.0856539764664824 0.0652768723978149 -0.166736480733923
v -0.0614177241719507 0.141343618595301 -0.334231677889722
v -0.148630946838175 0.186181511750253 -0.419578727653694
v -0.24139495657885 0.15282507109443 -0.37626001664396
v -0.185024678079191 0.172153126288389 -0.33450916963858
v -0.0273488160194508 0.0518443190186955 -0.298717987609247
v -0.131045925770316 0.195151494426586 -0.399777871523446
v -0.271715590221632 0.103316128884022 -0.449162068423804
v 0.0542827821839944 -0.0864739597924688 0.0796591975079641
v -0.0468419780096599 0.0989442356611925 -0.0884326178820153
v -0.0155750960267551 -0.152341443222583 0.074271436580726
v -0.0912549954518917 0.149861466784978 -0.360325306865728
v -0.16644062407584 0.123294223041309 -0.34975837160094
v -0.10498938279081 0.188103719011787 -0.235101471093953
v 0.0979074535382471 0.129710339652055 0.195782174608076
v 0.00205736184250897 0.151858407284316 0.21680487487243
v -0.223177884211861 0.270705483121823 -0.364319833829441
v -0.172600197456518 0.212552921861726 -0.304413449813566
v -0.055924568795326 0.182123201845178 -0.327132903942178
v 0.0159475160116982 0.0461219304150893 -0.258890144133906
v -0.0138230923965414 0.168816575381348 -0.191900461614493
v 0.0325028068624015 0.0689961031095756 -0.242157275543253
v -0.100213000709088 0.125074773853132 -0.364645425576778
v 0.0365376560064351 0.0485684723487501 -0.2391761816577
v -0.0676687954636668 -0.0984578872641032 0.372586903638166
v 0.0498263097115373 -0.199875353422718 0.429691620569243
v -0.287411970596635 0.116697513092906 -0.42687699216877
v -0.217437892876622 0.272286185106927 -0.450957536651249
v -0.110938584995601 0.227852785373948 -0.24397610283436
v 0.0965746681503891 -0.290494022360838 0.515634618128928
v 0.281624978827672 -0.294297300178739 0.378369685873977
v 0.0358331856658409 -0.178932406160736 0.436552741548102
v 0.131787877658165 0.0391462021139812 0.00758989127003879
v -0.113891777579735 0.0375341244496775 0.261703409441883
v -0.145183257284133 0.111916944724191 -0.35847371338873
v 0.00936409719955082 0.139490936526075 -0.116236920095373
v 0.0407674102203579 0.176387985243725 0.189553711508472
v -0.141282896040736 0.189710432225941 -0.410894237420886
v -0.194485176863385 0.166256493261402 -0.468436507395315
v -0.187905883100483 0.177467032660561 -0.461113565899611
v -0.160764491938935 0.135572293511364 -0.330459099591264
v -0.0765889538153744 0.209616957838013 -0.213553432706229
v -0.0374130441298816 -0.107191630261043 0.319925553068247
v -0.0278990022488875 0.183607114060879 -0.230733772658929
v 0.0341958205343305 0.170297076875426 0.287734086448271
v 0.312436578524966 -0.361457590246174 0.380401420166003
v -0.175011244523847 0.2934138949768 -0.391967864805274
v 0.0911705256805485 -0.203381921185424 -0.0308707663883114
v -0.127090113748771 0.172879558314121 -0.395996089872652
v 0.1623450682858 -0.0215946658624966 0.305815102851336
v -0.173546581214695 0.192140813711576 -0.446383551210092
v 0.0465286333268803 -0.0942836906698108 0.143332943650737
v 0.143051861611435 0.0828632258836798 0.232407649473459
v 0.0799971524896241 -0.0618331289432113 0.254237806747615
v -0.0865193951379687 0.0510077246976756 -0.0365601087598245
v -0.173218732198692 0.251855395550323 -0.310707455505935
v -0.160355961037418 0.219766727628493 -0.431482844448156
v -0.0264810109030075 0.180984040068413 -0.26417635430422
v -0.0994143420536541 0.0381859248148553 -0.0748724907229137
v -0.0892331190909383 0.0608570853737175 0.223783873179065
v -0.0507981336965077 -0.122321501584157 0.133096024590442
v 0.0481795114142389 -0.0927747577378106 -0.0539373794752825
v -0.185929475532422 0.141400718232474 -0.345419013059489
v -0.111266108348964 0.195469802902982 -0.381546360818685
v -0.15255369209087 0.148609489447435 -0.406882898374568
v 0.0931182634187516 -0.262050623600667 0.489705826911525
v -0.0764945126583785 0.0756779470042728 0.335628110579389
v -0.155835522753061 0.152301591933095 -0.41906440285393
v -0.24388358862458 0.249109454464555 -0.446184495509927
v -0.223351134562444 0.107563122667939 -0.380286363187165
v -0.107739825698047 -0.13693255429206 -0.10224011702486
v -0.123277573715555 0.115290958090294 -0.26285420184633
v -0.00757247355338228 0.141833638206436 0.208786908930006
v -0.00497000081758029 0.159344816960524 -0.197153110551156
v -0.163791917078239 0.232201579359044 -0.297031684637224
v -0.0253146402860001 -0.194841916190989 0.372314521258037
v -0.0976261411565296 0.130405736090941 -0.227939083498022
v -0.0620249818084561 0.208898725791065 -0.212152115061631
v -0.312707174793131 0.170238404828729 -0.479575287730184
v -0.0457036686708927 0.201568262353525 -0.254137298286146
v -0.345894913562729 0.115239272418952 -0.488272687719108
v -0.0149304492411895 0.168361176407975 -0.172720165882909
v -0.0170208820558373 0.172330235014919 -0.227689707641883
v -0.0244527573353716 0.170270236977414 -0.283971614798773
v 0.0819659203728753 -0.0703072307918283 0.26456093995469
v -0.0211333756251394 0.128002841859376 0.199489836926539
v -0.0348923850810095 -0.0487020088099557 0.21151718905098
v 0.142036652297093 -0.390356262161507 0.541894859558265
v 0.00460233138456875 0.149428560713023 -0.209582214312702
v -0.0274816742652964 0.183421444126219 -0.216125085589906
v -0.182840779025805 0.191938448850654 -0.455765966776282
v -0.0696904321587665 0.161173344847363 -0.34212798740258
v -0.248807370983419 0.113564883943847 -0.393253099022895
v -0.0483879269689111 0.167479026322159 -0.32103828767923
v -0.0323510238627888 0.160154828353319 -0.304600003884943
v -0.138584060049854 0.133648007559032 -0.385988491071458
v 0.12601494943156 0.0573301341079108 0.35581455321844
v -0.325173985563916 0.148443566726663 -0.50351164869061
v 0.114674149603477 0.0748194634169123 0.365554111318414
v 0.0761054135106567 0.151168516095856 0.173456605243658
v -0.0354925339852462 0.115710925136951 0.281622108525786
v -0.0715725396567179 0.0306400051829087 0.37332116811847
v 0.178017518252961 0.0399539164298741 0.229779334736653
v -0.302453155856144 0.129919727393724 -0.521574367556422
v -0.289284861499019 0.107227629328925 -0.514968977375305
v 0.0731149669293462 -0.0773521979673541 -0.0853532581592694
v 0.0183762858400246 0.168364478200402 0.201352369594557
v -0.235888499603767 0.13642639593175 -0.37165950131175
v -0.237191980569922 0.252614065195635 -0.46483562407507
v -0.167909773521532 0.214143028894434 -0.439948765815129
v -0.330061254290756 0.114226217390377 -0.467561834491539
v 0.0886835239022446 -0.228302603850361 -0.0761578378859552
v -0.0200082542305219 0.128096869310866 0.17736254019316
v -0.128492973680844 0.102374020829329 -0.270121297873667
v -0.285865030203578 0.102219658813161 -0.451960866858603
v -0.116832316257526 -0.00569590367706846 -0.250861665941269
v -0.190080310721735 0.151461844120999 -0.464294054704324
v -0.177262601431114 0.200721104090593 -0.309112371986426
v -0.0367150255387751 0.192810629000088 -0.233029562819202
v -0.0422791941947231 0.0956742310713107 0.0520983945138148
v 0.0331008979617493 -0.172023974713218 -0.120304285823836
v -0.277014527501109 0.205792787193247 -0.479010330416366
v -0.0617355042588123 0.0907588274852446 0.343497649920016
v -0.0100970555217399 0.164989685373951 -0.205055695615581
v -0.161191919652066 0.140491150585945 -0.410068042462073
v 0.208895190944612 -0.176402425828786 0.313384006352349
v -0.154880724572422 0.131271052280432 -0.309718018350396
v 0.229761999164909 -0.360772554610896 -0.0144522026460752
v -0.192734504186261 0.10583525527368 -0.385894466929721
v -0.236556058629524 0.112268174703995 -0.382075249385104
v -0.351506671791239 0.0987638171444429 -0.512191636944021
v -0.0615243642364529 -0.130308339700375 0.0632492558048066
v -0.309452551514953 0.117926348535015 -0.522859667114368
v -0.139105258407224 0.149992846454406 -0.274536233666013
v -0.10226643826259 -0.0598372088389823 0.245638475299493
v 0.0250415360094724 0.091961745888746 -0.248833528318538
v -0.215070622311284 0.282821611438965 -0.419058420246843
v -0.14661705868214 0.25983143941601 -0.412224496491826
v -0.213424327749874 0.104718889644953 -0.385515423496835
v -0.15075166801468 -0.0244596826559131 -0.214358755225031
v -0.107819089517835 -0.0271581862777056 -0.256794679222275
v -0.152766082926225 0.119019443666875 -0.383360549356314
v -0.245057451817494 0.106282829269218 -0.410227903793065
v 0.0862669191765001 0.0813385704449031 0.379770390009917
v -0.145070956982424 -0.0724708282898205 -0.118757601310145
v -0.208402083748007 0.284446953965759 -0.399098896517853
v -0.0101694761746082 0.165308643095731 -0.234102458475488
v -0.185181989069098 0.163755401754941 -0.459374466615523
v 0.128306671058477 -0.00951117974224257 0.168434546290732
v 0.0802645424092314 0.0667847317559097 -0.183787602073243
v 0.0193756785200378 -0.0901176198988226 -0.211544896779009
v -0.07278233537294 -0.0949977254522048 -0.20788459588395
v 0.00868104076695714 0.158630226305077 0.268748943676582
v -0.0841615356758099 0.0634045521091576 -0.164800874522777
v -0.303183213181663 0.115899584790529 -0.441732860342906
v -0.180356636880782 0.289045359736172 -0.427263105899394
v -0.12815799130935 0.144664296840341 -0.262834507762458
v -0.0184970710539006 0.132670306564104 0.280043972942201
v -0.108369573778756 0.0305511836877959 0.0444409653590383
v -0.077378616998852 -0.109798902738219 0.131868216441915
v -0.138013824701602 0.175832637458711 -0.268537797378824
v -0.152125112144417 0.125140203732307 -0.325548353460672
v -0.139410713525349 0.124143405145544 -0.280424070478571
v 0.0163201597407065 0.15925926044776 0.146316912032372
v 0.0332857712874167 0.119737641433738 -0.173837740492383
v -0.0608908244475817 0.173502818577518 -0.332996300976647
v -0.0118945964910082 0.141799514472812 -0.119653713723503
v -0.140432988132625 0.122697428343819 -0.378972304154741
v -0.209555055386902 0.162037708971496 -0.47937790751599
v 0.10431927309018 -0.242991366671105 -0.0624472517597531
v -0.059481810378027 -0.0586280829615387 0.200128326508721
v 0.229621333591661 -0.235128757785538 0.380697590213866
v 0.0636716638637511 -0.0763268299731658 0.0392684992158295
v 0.167834393198439 -0.261045377221845 0.0178660031369248
v 0.126170279867652 0.101357257046033 0.256349134842271
v -0.0416972291265663 0.131798790156585 -0.162420295947143
v -0.132226676881267 0.0102525375906137 0.207228604732343
v -0.05471607056129 0.128028125702349 -0.327790261214869
v -0.0228075268485155 0.114039317687928 -0.297680992430382
v -0.295335218070949 0.164975807633825 -0.497999388589803
v -0.011593292303877 0.13820287560117 0.229823915020983
v 0.326222758067805 -0.353775754051422 0.384741549195935
v -0.260135235498018 0.182417759117789 -0.392927858470852
v -0.147890813498608 0.153024334992319 -0.284715090897323
v -0.177660486976025 0.172097356060231 -0.451437866900798
v -0.0915185057714955 0.0582292217010827 -0.184982062734049
v -0.286593630388822 0.2038173712659 -0.457395399048489
v -0.133692309623282 0.00749524549536052 0.103432412071888
v 0.0122977523102763 -0.164846495103523 -0.137142500559294
v -0.175979244708827 0.155780169732683 -0.333877147260208
v 0.0158645052366505 -0.0628122181867732 0.196263399731549
v -0.110254070596859 0.126710963503418 -0.370886428425886
v -0.128844746522275 -0.0311020931370914 -0.0925243505026467
v -0.0040921049908795 0.158385270656664 -0.185849360239109
v -0.106822982351073 0.125276501901044 -0.240516385914485
v -0.0824198977509096 0.124869256971708 -0.210967971446792
v 0.068926874159948 0.0808223842102328 -0.0903270417309911
v -0.127168751728609 -0.0640198332765894 0.106574488814697
v -0.0795081578689433 0.084148021692974 -0.218427407173388
v -0.0927664476260569 0.0478037504848095 -0.0832815821281588
v 0.0335816459465522 -0.104635905884092 0.142431857986906
v -0.1193180264475 0.241124762017143 -0.257769187619163
v 0.170335376579087 -0.280029780524059 -0.0138755953332291
v -0.12549378366988 0.0120597275655767 -0.00873586538665349
v -0.207598704251112 0.11159595314272 -0.368854124522926
v 0.000279898772739266 0.139357438689835 -0.104517572074615
v -0.342098764109646 0.0917558727387614 -0.517468696214663
v -0.236194596729322 0.113433449146528 -0.44407239341516
v 0.111733685621503 0.117695078716483 0.303266120177062
v 0.0150343984948792 -0.189743384868484 0.444034429967229
v -0.116088410350292 0.126488847077938 -0.251805782764
v 0.148639090130957 -0.24845830762295 -0.0371534764714703
v -0.0735406990083878 -0.236351328623588 -0.126714225493075
v 0.0801219280464873 0.148038468059425 0.244114768987365
v -0.278965615042484 0.12166200939967 -0.417533043469123
v 0.0266693785095004 0.141538067811873 0.0788476562843521
v -0.0585653366001876 0.0787755239032343 -0.0384221691314465
v 0.0095987797118421 -0.129750135748501 -0.0216229473452787
v -0.0931720619526075 0.246324617260921 -0.339872329308896
v 0.0454944239242058 -0.264203087545917 0.453885859534415
v -0.276370493380267 0.10684063221365 -0.478400346944011
v -0.024363378283087 0.10595128391829 -0.0384747259254306
v -0.0568735718760227 0.114070490360517 -0.182357155706572
v -0.0380289023219202 0.109579827510713 -0.115626602788589
v -0.188321606717262 -0.405064591014907 -0.274413997268744
v -0.114053027200013 0.098994520790397 -0.254275332212501
v -0.136281016526737 0.106902231222321 -0.350994028958571
v 0.0107833341300232 0.0969791296805891 -0.264159959575715
v -0.0933606499287332 0.0570628052592602 0.255926473982891
v -0.0198279076340279 -0.0304890068880473 -0.264031083319984
v -0.220766511791202 0.124536022849349 -0.364033743254537
v -0.18980558069203 -0.369637151391048 -0.20089059918947
v 0.144568429167111 0.0827250668881156 0.259380403767979
v -0.0353739731272423 0.116918203892965 0.310985144993254
v 0.0522450257406537 0.174367391528672 0.212620360793553
v 0.0232592312691079 0.129245074505101 -0.194591200056961
v -0.0601059111932352 -0.131365499409678 0.0759391519662532
v 0.0878012268402149 -0.0554259722486517 0.217309482550517
v -0.197862716199577 0.111893698810045 -0.421376903995263
v -0.266996264564432 0.114136509584808 -0.475808109680447
v -0.283706826826761 0.103261207704071 -0.501355632252262
v 0.0111749607374095 0.160512876165818 0.188186214867705
v 0.059024811111736 -0.185502531404869 -0.0633655742980727
v -0.0710446286641277 0.164543992112043 -0.19721157310472
v -0.0661548565764247 0.0836249927005042 0.229038087157867
v 0.119272485746988 -0.20459918621149 -0.0876323579694074
v 0.0573873520871533 0.0871640922199698 -0.209768991474621
v 0.0121419687371094 -0.231683556799289 0.437298314220129
v -0.0714394178590039 -0.145499204786647 0.358550337576509
v -0.0568983527512736 0.0884895155300988 -0.118079659230782
v -0.0542163703064397 -0.189966492102567 -0.114506849916876
v 0.0873473062087321 -0.176212159321228 -0.0510596823306709
v 0.104102073726882 0.0865910308659863 0.145414079832067
v -0.0439841893215095 0.108828071929516 -0.154956970101129
v -0.221739906727475 0.103166650767224 -0.410219911100574
v 0.0441570908255973 -0.106845684576475 -0.191461327207244
v -0.136896862804611 0.281671191806437 -0.317312962650258
v 0.331968103575555 -0.321134753507218 0.392723627917991
v 0.105511592462576 -0.0355650306514359 0.110545753432942
v 0.000828653508563469 0.153616924203695 -0.227240519388955
v -0.110333426923443 -0.0803516418775046 0.0174162406509212
v 0.0336987981412285 0.116574169219082 -0.144375283766596
v -0.120232938923307 0.107201887939172 -0.358494690875249
v 0.0144051654707726 0.132465064611816 -0.099255798737485
v -0.0196400243897757 0.129911138940752 0.21958109199661
v 0.0797738599950324 -0.0618898974338236 0.139160697282966
v 0.0849040436374846 -0.0600798552818722 0.175060348429251
v 0.0787187967636114 -0.0615417558316119 0.165198846927217
v -0.151081753966019 -0.0337976052076438 0.027694785514748
v 0.0100104830329237 0.130295293745533 -0.25226749247822
v 0.0649985812267345 0.086266299293994 -0.174453421485918
v -0.0185374894543502 0.150194409623611 -0.289912788495914
v -0.0463860885832579 0.138777582839117 -0.320447968871416
v 0.0165652660562165 0.1374175829592 -0.161038897791601
v 0.0465000001089341 0.0980059373012102 -0.0476750435670692
v -0.14946665613546 0.221995076381927 -0.419340336584781
v -0.173379794081497 0.127494263692552 -0.413698027587925
v -0.293221473316424 0.131458615450707 -0.515661187240303
v 0.0198851694371521 0.122556578897391 -0.0754647142172547
v -0.0293626284241632 0.182158583517911 -0.276367387557836
v 0.252014996300357 -0.273445614456024 0.395658591298582
v -0.0793470333778227 0.0682157445695068 0.169404775950718
v -0.0214416242143126 0.123454564069886 -0.0870101160218115
v -0.212726531663046 0.111373168656355 -0.429747125290748
v -0.080613527481686 0.236954235942615 -0.285356683345493
v 0.0440351727390384 0.177148700268741 0.203677251710922
v -0.00278461209178394 0.126304761315554 -0.276699502907653
v -0.0687622962645706 -0.122917599158756 0.053382369517554
v 0.00205756428574042 0.142662434721539 -0.255269205957654
v -0.247801352255606 0.175674075859529 -0.383797372728279
v 0.17117180428373 -0.187935031564858 0.330727424487233
v 0.0554820941664838 0.161560161790171 0.299942424344686
v -0.0241402013765486 0.124662508357212 -0.105970134894689
v -0.255449086198134 0.111300182455315 -0.406130639248627
v -0.0177251188110795 -0.101391696214255 0.157747972722436
v -0.347289904693671 0.104246900021341 -0.491769463443958
v -0.118887299135704 0.181282301139703 -0.248987470917946
v -0.126363290931038 0.113731019705905 -0.365776753618532
v -0.0437090390604886 0.107880431152545 0.289320035484546
v -0.0407916885230554 -0.136394800072847 0.116066834410239
v -0.0192634814401406 0.132385716491109 0.295273761719249
v -0.0334423135405011 0.117279461025262 -0.132790586154333
v -0.135391392636099 0.231500040312749 -0.266927028153875
v -0.00334084218551573 0.144223581861142 0.159065949636435
v -0.00759501902794552 0.16243362593631 -0.216568545270271
v -0.29274893738306 0.140555054719217 -0.43170834854036
v 0.0522676717143139 0.159685200885267 0.147533556039502
v -0.0242042027618432 0.114964074353663 -0.0627289063469096
v -0.00215389074613113 0.126656783928421 -0.0678915773764737
v 0.0655148966962468 0.163066605757073 0.251510462390136
v -0.182224791924743 0.218979001556322 -0.454693354988884
v 0.0674342086832973 -0.0683542788728189 -0.0670025609307405
v 0.0120971580259551 0.160483607745842 0.173534696128779
v -0.100948920115022 0.112921204753454 -0.236780959305738
v -0.301198424989789 0.186327808491797 -0.469230055316039
v -0.115601431169306 -0.305833424453858 -0.154479332762696
v -0.326625166536152 0.135725276285855 -0.463737360870242
v 0.157855595529643 -0.169760884343129 0.3338376657083
v 0.0367729462892654 0.178779585238668 0.21363721844824
v -0.0952418483214285 0.0324088330182002 -0.2784596802222
v -0.141670193715304 0.204332462792386 -0.411350180725102
v -0.113841471294085 0.0750291568490329 -0.254711312785605
v 0.127740087981208 -0.124434736361627 0.317974252586935
v 0.0239895179531858 0.126895962318753 -0.108101844645794
v -0.0271698551850528 0.144677527632227 -0.1437469158367
v -0.019442497795104 -0.0520145616680385 0.397997660612393
v 0.044997373046047 0.177906741665007 0.227438745750131
v -0.28333914433175 0.10162617700712 -0.487672894548772
v -0.17532979985816 0.132581030041487 -0.434227931404448
v -0.110758871779453 -0.298089227402129 -0.142886985167746
v 0.0259360103791554 0.123366320610991 -0.0972427993274531
v -0.0124481735849947 0.105562287234341 -0.00372077837372306
v -0.206507565977223 0.249067404136779 -0.474799386599186
v 0.0665008392304814 0.00741141935016002 -0.210639611914338
v -0.0795217617307 -0.0421702870896756 -0.257763544393067
v -0.100106924595074 0.0491941156518255 -0.232395692873958
v -0.0534826503245287 -0.0847602187721893 0.279697035457292
v -0.178373514235932 0.290885535470972 -0.406549794654533
v 0.0283952969166298 -0.186712005807929 0.392391282325529
v -0.315721533693794 0.0909876160622001 -0.52488665077212
v 0.00969432534695766 0.157590011461062 0.288139815381281
v 0.0633805964566411 0.16405061172552 0.27584696840423
v -0.128438418874111 0.0948967178419171 -0.322950576131115
v -0.119214416330729 0.0205931841046709 0.0712396186802237
v -0.0266764596841004 0.123353449808425 0.233581539575448
v 0.0700394253839055 0.0576230369399463 -0.205337480295632
v 0.0175314203288608 0.135596757584464 -0.146909292285817
v -0.199213369417571 0.290692718929951 -0.442850217090984
v -0.201494180289914 0.107110777650718 -0.378576619904823
v 0.0977200905839318 0.0523006917616268 -0.0811350211378003
v 0.1127791907781 -0.0857892305224329 -0.117342294176023
v 0.077072031321187 -0.148509660829823 -0.0781325007964273
v 0.141579645967104 0.0318307925269829 0.141156037701837
v 0.0849099484578185 0.139250690803777 0.316963071102996
v -0.115742555902145 0.254353745366066 -0.268466209734037
v -0.0194771110519415 0.101073730176113 0.367545560767292
v -0.0410510087179086 0.107158497570175 -0.103347120622417
v 0.068419537466934 0.149591943108136 0.149231127395089
v -0.0504307995044366 0.0953828670384212 -0.10813616741546
v -0.00606321339409057 0.144254705394141 0.248666906470281
v -0.0671327083558691 0.10715947105473 -0.338150408213719
v -0.338532896327156 0.137034421677712 -0.504716773016833
v 0.0111044360812967 0.16106386196964 0.210489510684646
v 0.0198423026906445 -0.158796021729702 -0.0905319266635311
v 0.290912966997955 -0.335671874205653 0.370145331000822
v -0.0984422320816102 0.201179665797889 -0.370113938761917
v 0.135056175229117 -0.229591396020535 -0.00899801078799166
v 0.054620588144134 0.172633929347908 0.224597121980155
v 0.0259045392152142 0.173149357801997 0.186970445049554
v 0.126543873239002 0.100053311278308 0.192399961398367
v -0.0939788553305742 0.0527269031442425 -0.170252657378644
v -0.0631121895427392 0.0823915438407133 -0.108709132939963
v 0.127062512917959 -0.0414350102398167 -0.12581403900114
v -0.178799713847726 0.288211172328868 -0.456639745691463
v 0.0416965033628308 0.165891338781238 0.297904065028915
v -0.342286901473746 0.109070290560564 -0.482088188672573
v -0.261803844904203 0.112030368674093 -0.461554109622728
v 0.0301869892603728 0.056696258375756 -0.244850677461188
v -0.0392166928768167 0.104504400986898 0.127554617813424
v -0.0433132749121328 0.096682522449027 -0.0455853667351339
v -0.0364792203753169 0.110908437437365 -0.086179977227075
v 0.0901555750164342 -0.118541723655104 -0.104794377032591
v -0.0631818789219119 0.123363967216221 -0.335271240251299
v 0.0222738095647976 0.124177125830297 -0.229636634345635
v 0.0886726748552532 -0.116218687171208 -0.173406338059893
v -0.077288554230561 -0.161517464842735 -0.156709183175577
v -0.234171868093153 -0.392245742380401 -0.255002746645706
v -0.147586717636489 0.161585590892112 -0.412468733311373
v 0.113961732785029 0.100148887070624 0.354824095205886
v -0.0596736230047311 -0.103770590189342 0.378584945506648
v -0.0762160717072318 0.0733492632945474 -0.17042993433143
v -0.0893410080556701 0.0515341266572595 0.120320809962059
v -0.184037451084792 -0.386053437970552 -0.218655215735404
v -0.00969942825586679 0.14157934268691 0.286646900357036
v 0.0529167712081425 0.167242801572346 0.288775368536949
v -0.0662212782025422 0.0822101775718214 -0.159090877860341
v -0.0127132456218534 0.130526934216978 -0.0903024965153104
v 0.0245654026867243 -0.204812968579909 0.391927234900872
v -0.00168115317999027 0.135140936981585 -0.091785665612574
v -0.00435428369006376 0.145158926177554 0.297894344455768
v -0.11132962558894 0.109445803096512 -0.250472967891526
v -0.0272642891179708 0.122443904171284 0.213755568373809
v 0.00197782619770203 0.15135398690407 0.201240045795604
v -0.0283973056753345 0.11923125823072 0.169708027449858
v -0.0852254841209581 0.00760248722724756 0.359932105028704
v -0.0254552476610668 0.125248611738098 0.324464178430433
v 0.0202821980044882 0.132691443957451 -0.180908832911854
v 0.145305583658827 -0.38534840954375 0.546637231271126
v 0.034685440252945 0.134464673231455 0.0622436716244581
v -0.00271894366019645 0.148172857155406 0.268126432538297
v -0.121653595162195 -0.064874794057611 -0.232331933674992
v 0.0368047469653816 -0.241960650440102 0.462013238914308
v -0.0109720451637841 0.136157191099149 0.318021248191691
v 0.048743635130055 0.16633775129583 0.159554090883517
v 0.0983301639963996 0.0774296881562187 0.0333999536834214
v 0.0171457001085524 0.120601222348794 0.347532620009642
v -0.0292830250802046 0.119277154998521 0.191945533756561
v 0.113531047872874 0.0671611005768308 0.115150028654352
v -0.0854426890779868 0.0885408167162789 -0.342602612393086
v 0.0166156614545821 0.134034900496638 -0.22895260598671
v 0.0834763722005724 0.144075418992474 0.179736512616909
v -0.0400871467389389 -0.1404668421036 0.394177055355024
v -0.131946672775041 0.155087057268103 -0.264809732109437
v 0.00932328399435787 0.143042127044878 -0.233668431760523
v 0.0820724501448028 0.146157921195815 0.27234002129957
v 0.0376506735594478 -0.0392642991432182 0.240053913590449
v -0.0456470665721395 0.0903518066478322 0.0263287297533311
v -0.185092177537829 0.274328749566096 -0.457626331885411
v 0.016078406071299 0.117476163745742 0.00517622643098587
v 0.0408043535709436 0.11165281555859 -0.177626061897773
v 0.00844780439843013 0.158774234692033 0.255789330225411
v -0.0437295138296485 0.101297778689264 0.138031863005382
v 0.100967731528341 0.126860724154843 0.206718045463303
v -0.0289174928631884 -0.195026102246865 0.387134652462492
v 0.118541485668966 0.0073868792492648 -0.0815552411887991
v -0.0132573034538136 0.135364515006103 -0.105666902339646
v 0.120467074292393 -0.373077237353417 0.51137060718619
v 0.0600879706282319 0.153056339460657 0.311866639251651
v -0.0131278486230825 0.1362691503384 0.195873564434756
v -0.0211191641843695 -0.155078282681478 0.0572242235568652
v -0.0317454700962967 0.118017723826196 0.222804715573201
v -0.177407886667582 0.109112888809902 -0.380841248394183
v 0.028566699588144 0.12442804201064 -0.18483382872896
v 0.106264294041038 0.0732560183405244 0.0899062308895141
v -0.0350592968031771 0.0450075122333532 0.40536792540521
v 0.140450730149396 -0.0253516840373336 0.184593447422659
v -0.149434283694374 0.235807690689052 -0.419145583756466
v 0.0912544169233361 -0.0739223691747455 0.241425406729754
v 0.141282095303705 -0.401313007204152 0.526104910246025
v 0.027216187125567 0.125857097781387 -0.16285949396568
v -0.120076736427389 0.0837055464136865 -0.320219401020829
v -0.188166373899092 -0.395123340842015 -0.265981566853231
v 0.114180846524675 -0.0270561093948246 0.112060985281508
v 0.0350551783265925 0.156355318562766 0.311131460468491
v 0.00907418881366036 0.156694551653645 0.160078751315032
v -0.0811969682117357 0.100781988034456 -0.346080282515014
v -0.0300885624741302 0.174340860813578 -0.172028158001711
v -0.0862425405350381 -0.262047094705354 -0.13019228813803
v -0.153443757111462 0.251823930544852 -0.291549814732886
v -0.0942614931659705 0.100610126924326 -0.350837013746474
v -0.0330095369362944 0.117858208495805 0.268705018140087
v -0.0850386452068532 0.0540132716266388 0.0568601521393405
v -0.190734264260425 0.293850927139124 -0.456816802348259
v -0.129100765908846 0.240854023187047 -0.264019687374522
v 0.136483533190467 -0.314661593877888 0.506309599603949
v -0.0247320902545458 -0.0632968984572126 0.316599393420582
v -0.160796691840575 0.122547929391673 -0.39235461801777
v -0.074023831807714 0.217754860835822 -0.340440635021272
v -0.274398185803564 0.16285105315718 -0.411319769506503
v -0.0124150964264085 0.123144253042839 0.0672263959842894
v -0.0283794788369409 -0.173533103061421 0.396941354900325
v 0.000301881190533597 0.150478645964744 0.255416203803112
v -0.0210619566760301 0.142936118609807 -0.134457060927959
v -0.0349966292883585 0.0973020627726275 0.369734861946846
v 0.138324795758109 0.0274083666456805 0.00346721158355176
v 0.0713686235234683 -0.161782635817249 -0.0599988836940243
v -0.0598073283593 0.0864562165976454 0.150034200776695
v -0.00855635484950532 -0.0908704848355585 -0.2110044312846
v -0.313768049710095 0.135619844159729 -0.451004094397775
v -0.262195478238609 0.12721509221907 -0.489907936877902
v -0.0442395936135953 0.0968999471442977 0.101596634645121
v -0.182187485312874 0.136188664532122 -0.450697064515882
v -0.351759356489032 0.0935701887393512 -0.502032847678819
v 0.0691833006793307 0.155234463221668 0.298928496690095
v -0.0634871103199869 0.0861757130380394 0.205742043884369
v -0.216035161229503 0.180070070276213 -0.487397120265575
v -0.0641087184045208 0.0755991273909644 -0.0579364683104871
v 0.0966264489985041 -0.0789063548889311 0.234300650106453
v -0.0581011322155391 0.0957749570330695 -0.329536583912874
v -0.198841785919509 0.227663986643951 -0.331677452722367
v 0.127980898929918 -0.357316624036055 0.542709587132581
v -0.240305501910096 0.254576866222585 -0.392128176187257
v 0.0134661704741068 0.139239150777978 -0.191345707646213
v -0.075143424644333 0.121990998046529 -0.345760859644913
v -0.0135841143917222 0.129379479358446 0.111642506643458
v -0.0105743326499939 -0.0798712109346616 0.179573354136716
v -0.0195013524785304 0.126505439841463 0.137678871691384
v 0.00536752392030599 0.107526108813867 0.36075810728219
v -0.0376657010058832 0.111708190616553 0.192019500797149
v 0.27005929577782 -0.243452726668132 0.3716136657766
v -0.0724023397565769 -0.119060838800513 -0.0253813569335905
v -0.104240788398035 -0.0911070960511584 0.302871955769635
v -0.0520355230334266 0.0988632341264587 0.263051677915338
v -0.123497486003044 -0.177633903478506 -0.142902259527181
v -0.122830443591583 0.079194941580577 -0.281276639938579
v -0.286982241760541 0.182926806547412 -0.489621195533586
v -0.152374196902458 0.287068285129444 -0.338492637055626
v -0.0981218417606712 0.0501675464682382 -0.209022887198132
v -0.31789214868547 0.141627152560205 -0.515660894391968
v 0.0522920691434366 0.094902757151172 -0.0614389403867236
v -0.0789388103016015 0.0731138127900829 0.324488006501324
v -0.0124651208823892 0.167044618073296 -0.247488209359076
v -0.168142319910156 -0.318425005055309 -0.201113481097709
v -0.0581610289204005 -0.0509664589589096 0.208745993658271
v 0.0307889385870515 0.120293628016674 -0.133273099846614
v 0.0697843638717238 -0.13943771509938 -0.0765432408975514
v -0.146923860366014 -0.00953701851216394 0.140590358854767
v 0.221471595724435 -0.220661871982754 0.336381710813611
v -0.0207603759157898 0.130298412660228 0.3132378574574
v -0.0799757887573052 0.0682525704701057 -0.197080294007673
v -0.0483450463276473 0.0983425483362429 -0.127470697726187
v -0.110393876300495 0.17213317465135 -0.378185757165907
v 0.00462875591802928 -0.171283691347355 0.440659935875217
v 0.114729400670238 0.113477638903373 0.224544259507855
v -0.0620164073408326 0.141770023548539 -0.187917038527354
v 0.135810062006402 0.0913712074449261 0.238281731535455
v 0.119009846438543 0.0616152730303774 0.135816949966867
v -0.261508705201998 0.128162472545629 -0.396300363837063
v -0.0694169281499119 0.082872898415707 0.322769484783066
v -0.130403510231465 -0.0576467191021173 -0.00676782262222317
v 0.03587046814368 0.112686110049631 -0.0854447966071158
v -0.111426496357466 0.0271946471914223 0.0335796886342193
v -0.0421971067764641 0.158544801018416 -0.315655934610379
v 0.0834664584372606 0.142721345633931 0.168225078436616
v 0.0500034904029047 0.102245523270913 -0.132182487966539
v 0.131799346013564 -0.143637251420167 0.292262028424843
v -0.26960965374894 0.123671443688931 -0.407262947112158
v -0.209866299772359 0.121802045744543 -0.44478734185349
v 0.0583288752706589 0.0255700383426378 0.381026685382914
v 0.331061863173711 -0.331685447413671 0.370960599369805
v 0.0742358778622537 0.0770872516407768 -0.171346244962851
v -0.178462021559505 -0.377517564122247 -0.246186987202149
v 0.0242326414763199 0.127471851307846 -0.143703042818244
v 0.0371693667506253 0.105516737356387 0.363311940164087
v 0.00611886101377013 -0.227615683472404 0.41441441676118
v -0.0411350541110261 0.10991089778944 0.266129278132441
v 0.0438743114190254 0.0905985408459634 -0.227252895970761
v -0.0878561664023621 0.237957561812256 -0.345104122548337
v -0.00364371863014913 0.120885316272812 0.0327688472905972
v 0.0100352294767743 0.14277098754949 0.322636330150742
v -0.159800922043894 0.148350043941998 -0.30217581965481
v -0.166861287054674 0.292786704585638 -0.382897100480466
v -0.126691937313813 0.145314158133544 -0.387872208607773
v -0.0544826368628062 0.0947403528903798 0.209619065919856
v 0.186682540199348 -0.191401481632254 0.355692780220766
v -0.0240550005432377 -0.114184249757438 0.39274192160444
v -0.0200307031791845 0.121117847394241 -0.0723607679813127
v -0.0839245904075618 0.0660198897832109 -0.180284973592321
v 0.040847510075021 0.177972629421313 0.252815005268785
v -0.0815966865118436 0.236255120904502 -0.322545804802501
v 0.0211755438060471 0.125004288561576 -0.0866053472525823
v -0.0509982279460915 0.100663430967862 0.298495126508506
v -0.12648197817683 -0.315997600704182 -0.16142254311255
v -0.110399343311162 0.0365182911936629 -0.165428788925593
v -0.127665771500825 -0.161761116668474 -0.129520388400865
v 0.118143746170781 0.109029996987082 0.32981614806832
v -0.0647478629699906 -0.127407812024863 -0.0337599439437732
v -0.11047226756464 -0.133886289571422 -0.174074852247215
v 0.126345767353165 -0.0111487907021494 0.147864770323875
v 0.219894460843897 -0.3444177909486 -0.00494474404703797
v 0.0927736456157478 0.135329488677345 0.266072733563219
v -0.0730124095890352 0.0764679164435189 0.203468581666829
v -0.0357580394812532 0.0713006311001402 -0.307496638340404
v -0.158563916802657 0.245106365499926 -0.430396197346521
v -0.0993895631353094 0.256715936330902 -0.288239069465031
v -0.305675315740643 0.0883572243919096 -0.517739727746156
v 0.071251173987744 0.041968951234364 -0.205093647348188
v -0.0747524342791123 0.0731963612689836 -0.15801568865135
v -0.0666522677109917 0.0823107682583192 0.182365396842124
v 0.0994177901591719 0.078812823733726 0.0632392908125562
v -0.0316856110800445 0.110094937163588 0.353336088211119
v 0.0395195653556249 -0.0695726342850367 -0.222844410677002
v -0.028130959610948 0.116813107333349 0.133050988367926
v -0.0613597146286594 0.0538583516947738 -0.32024909887232
v -0.318109046613663 0.156496778645642 -0.497559314177488
v -0.0149397203847124 0.129767908197932 0.124422123814883
v 0.118023147065673 0.0187492279566132 -0.0843397075645337
v 0.0676801663938932 0.157090640934526 0.167342077078492
v 0.0930573606228329 0.135475327052413 0.254400230318342
v -0.0253621005338538 -0.0789142893964431 0.392969849524762
v -0.089061539582047 0.0781569289068488 -0.229442944171739
v 0.0896968370984948 -0.0799820531009436 0.273610897922877
v 0.113582267035071 0.0665050587555853 0.102690735344268
v -0.252134828624544 0.190825789486647 -0.384602163576071
v -0.0990781630711351 -0.284414005269437 -0.17787927521134
v 0.14750739429993 -0.117707955080666 0.244368261930883
v -0.088060962892926 -0.051116324758586 0.210267393421574
v -0.01281152478902 0.0764652297054303 -0.287598211477409
v -0.0440079890679062 0.0956668805936688 0.0764875615986981
v 0.0776024075146257 0.144114249394337 0.154852424678569
v 0.0412025265186462 0.111242887855542 -0.128598051678095
v 0.0928415794815527 -0.0943747127050408 -0.104086167880463
v 0.078298898148336 0.0721253501287173 -0.114347123556706
v 0.0105289724674425 0.129507170709903 0.0400108323441693
v 0.0156295626689103 0.1272780841347 -0.242791862130309
v -0.0378670788670962 0.104267872149018 0.112055672519815
v -0.0422115419251631 0.0533165995016889 0.398713671457804
v -0.0681004016908407 0.0722608449141601 0.0985284102315397
v -0.0308985372486685 0.114801228821583 0.143773769773977
v -0.0571322728903166 0.0775721813463529 -0.325432302150946
v -0.150655892135257 0.196962738516414 -0.421777988074237
v -0.203731218717287 0.231056519070092 -0.476708059527698
v -0.0434741267870861 -0.153422910112056 -0.152169801727311
v -0.10266282392089 0.256653739041741 -0.338912297610442
v 0.0702841088339904 -0.048482270398761 -0.207020740796208
v -0.1267505676187 0.123141069872004 -0.373534098399417
v 0.0113468382125656 0.150684998849802 0.125896199087466
v 0.0281442131576476 0.114335199767696 -0.230456396838075
v -0.158007187400807 0.193932032789734 -0.429690651259993
v 0.073900792334005 0.117255033740776 0.118170454889967
v -0.00151971128796227 0.116205817457842 0.0145225051325798
v -0.0701764595882417 0.0656322344624197 0.370019138044568
v 0.0372113175037157 0.114445342113356 -0.162593499442224
v -0.104180346616519 0.0444452307388471 -0.200694402089286
v 0.0546527742976795 0.0940510689888422 -0.0730771713771932
v -0.00632930051392322 -0.168844197146196 -0.135106180349078
v -0.304801084324479 0.170434016618984 -0.490326706346312
v -0.0458184061120707 0.120922043027667 -0.168296907147795
v -0.00968713111921287 0.135946019973128 0.134165479396001
v -0.0132992803597695 0.0820152703708229 0.386044339704902
v -0.0749229899817424 -0.092408526830707 0.366512357851652
v -0.102332981869489 -0.0888377102851749 0.106855503741048
v -0.00234881428151468 -0.0517390190350618 0.256539149959639
v -0.032668149114941 -0.146410790600194 -0.158165789735625
v -0.0590286635227374 0.0918640272453896 0.270999378106585
v 0.00577778586595401 0.109024429220866 -0.0240755635799
v 0.0545034294682315 -0.0659071443451288 0.19443290188686
v -0.0599464421716213 -0.112145069534673 -0.191539692473275
v -0.107466136750022 0.0335270308728789 0.174527131808075
v -0.109564090809395 0.0278351985490852 -0.0240118439427889
v 0.110626203895058 0.11710424638553 0.200232713008928
v 0.119530710655966 0.059617339356205 0.0676922317438462
v -0.313637822076034 0.0738579311998741 -0.492497073723166
v 0.0110383610820991 0.113196646172659 -0.262948135580037
v 0.30400005470609 -0.288017524496475 0.386147181454167
v 0.021752002617128 0.131124838666096 0.337739853433195
v -0.0575276753141457 0.168484313871916 -0.182551083380749
v 0.0312931308267141 0.0111567402102477 -0.245510703760959
v -0.355241403969831 0.113360777784774 -0.503332539450861
v 0.079944784676394 0.13037445507864 0.337321697967511
v -0.0381117060398776 0.0961998271692185 -0.0312573556980764
v -0.0719284890914617 0.0843999936542128 -0.336234281976044
v 0.0314348014563762 0.143836371396634 0.0918853726482748
v -0.0495867624559266 0.086661765762279 -0.321079627990754
v -0.00648579642556139 0.158452974771858 -0.251997056507581
v 0.107468097746108 -0.110130789013956 -0.126660438922798
v 0.0910780667005174 0.137089090631704 0.289152537347888
v 0.00232950337666922 -0.122536595633751 0.135059892560861
v -0.0851335714839909 0.0607043729724604 -0.15002545576164
v -0.0566094472870433 0.0937174727248422 0.25290463096163
v -0.00898066597914349 0.108521890284591 0.359453346907219
v 0.00483832195234545 0.0224006857705572 0.406450666542903
v -0.0752768691189555 0.0737458222771371 0.182108458202393
v -0.031946821687932 -0.0588349193008308 0.342548195201556
v 0.0253992853523648 0.149185103824072 0.105246127941065
v 0.0703315071960754 0.0794369961086965 -0.0481055404621229
v 0.0854087952903718 -0.0497180248291561 -0.0639868755394548
v -0.0723233239595608 -0.0557922204270945 0.20318243279699
v -0.0587172273893688 0.0831839846260252 0.121941429978531
v -0.031473816413925 0.166132283621719 -0.162779173525746
v -0.135592851927364 0.151728897084927 -0.39640470597635
v 0.0587108016333215 -0.153439666439985 -0.1486392804254
v -0.109724070134151 -0.108579122114125 -0.195053617564903
v 0.0816883543128367 0.0914298785254708 0.0274427104157152
v -0.099541877878438 0.0264959981770925 0.345236461699332
v -0.0765346772323915 0.0689844255651844 -0.104466759937176
v 0.00901879480569009 0.075273366887886 -0.265783891377302
v 0.0875643634525163 -0.0523069037851748 0.00871482000164074
v -0.0632538214985798 -0.218584719774058 -0.127722343067734
v 0.0488523393239624 0.081191008285293 -0.225567231293944
v -0.081644424843634 0.00346620664247257 -0.289340756819077
v 0.141457336595947 -0.0522111641833125 0.226630586197936
v -0.114659828839617 0.0266287229935764 0.1496599067876
v -0.119192495567482 0.0207981846766775 -0.095871077624756
v 0.094621146504961 0.0473049548556694 -0.173724233319141
v 0.0921474944809449 0.0775379890286989 0.00713345538290569
v -0.0496221885214912 0.0927316700629368 0.120407735963171
v 0.00182423974321256 0.142550517087887 0.113779473434887
v -0.0505476995101663 0.10131083139252 -0.323141591657672
v 0.0194767486234288 0.133787863852442 0.0482811246080807
v -0.0966164908935812 0.0429299597047162 0.079313569133144
v 0.0990888447369586 -0.00463290804437254 -0.176936464121525
v -0.0142584073635796 0.115492906484408 0.351215269413406
v 0.0706987809749545 0.157525054876842 0.267530520409996
v 0.0187891776667699 0.113509334715646 -0.00460573638110954
v 0.0306215838532413 0.115514920225264 -0.0753629561472568
v 0.154230553111546 0.0727698567010532 0.270262106529055
v 0.0527770813399396 0.036932433962094 -0.223667585883531
v -0.013253520592346 0.125019070155273 0.0821591402065055
v 0.00349980789260873 -0.135108548558261 -0.0123236850556176
v 0.0610116934800045 0.13155327641558 0.337123801879608
v -0.0990729415105287 0.0496245620337695 -0.188787874877494
v -0.0204957621885048 -0.18005467625152 0.402719349622007
v -0.105432413388319 0.0394736644757031 -0.133802692074083
v 0.0879808026251819 -0.185056516156415 -0.0426659419242824
v -0.00502314148043148 0.0558057027881954 -0.279736824852676
v -0.0117860293759218 0.106883342437711 -0.0303074627441693
v -0.119174931419037 0.0205412970296942 0.179007161562363
v 0.109342644230834 0.0222928819687888 0.36993560079016
v -0.056885696986857 0.0894592329996595 -0.132643509062238
v -0.0736093162395667 0.227239512801735 -0.322716696386343
v 0.0372165676238885 0.0849248638303229 -0.236138545973455
v -0.118935523304084 0.0211464226585084 0.0833857169836161
v -0.0731175496443921 0.0639921144280047 0.00424666910670809
v -0.0503517994597551 0.0449031531403026 -0.311898295687881
v 0.0396605146105971 0.114962571240066 0.352950371636437
v -0.0271908347064317 0.11498954840449 0.103836821876607
v -0.037780197534676 -0.146239513308128 0.327940473991908
v 0.061790015708129 0.117355841164111 0.0777604080349041
v 0.135946067662417 -0.0485686257778649 0.320429955792951
v 0.10317361804374 0.124685997150276 0.186482658776394
v -0.175138577467039 0.12169075027849 -0.357554865328522
v -0.0509451386209491 0.0541183500708005 0.391535853074601
v 0.040626662241939 0.0360685031015104 -0.235707007442559
v 0.0518678498399462 0.124826232136553 0.0681027059642901
v -0.170127268133409 -0.330806086687736 -0.18245802948934
v 0.114013564491066 -0.301541934811735 0.532746672421525
v 0.0415906717206329 -0.0423493419945492 0.217128378180117
v 0.00274377705479922 0.117798310440057 0.349707962687427
v -0.0889034913985433 0.0712774857193827 -0.333237161400641
v -0.121458307840854 0.0123951820303802 -0.045920584140016
v -0.270489129003398 0.18671155365282 -0.397700552792771
v 0.034249076446052 -0.176014253035234 -0.108470029347217
v 0.162064661876783 -0.378606618816295 0.5074502489247
v -0.02306733496015 0.116649098088305 0.0805644174064262
v -0.135606735424661 -0.000263595343693971 0.17484424851774
v 0.028442517914736 0.114001793664917 0.355259720061831
v -0.12527873055917 0.0169557384231162 0.194881345811429
v -0.00324994135115474 0.107202599894107 -0.0137625167071078
v -0.0803717391189261 0.0649531149101661 -0.135950925462681
v -0.273001621431323 0.109046975243422 -0.427858657118921
v 0.011132892699323 0.135152074492532 0.0592379421807253
v 0.00816165652597787 0.144279378442237 0.104605127491451
v 0.05268815326547 -0.0525243914044395 0.261950804133607
v -0.0484853641930144 0.133101847932842 -0.172222323057781
v 0.12386182859277 -0.0526819181720277 0.320773001227477
v -0.164186467709083 -0.0831777703410464 -0.145500777377361
v -0.12342235191501 0.0263853559884266 0.223414446618607
v 0.00661865950497655 0.121865674315946 0.0223045505308754
v -0.120569747392333 0.272749922152378 -0.341338494736568
v -0.0811268194263224 0.0690285936241523 0.233139805299002
v -0.333713907550851 0.146023106227706 -0.487087265170443
v 0.0440237603668523 0.107182387431556 -0.142884241524103
v 0.10644682082998 0.122754102648904 0.295018168305141
v -0.0707026477130336 0.0754283574968671 -0.112455686536781
v -0.0400494875956863 0.103562665110076 0.358032059081647
v -0.153431438197719 -0.037968703704942 -0.125499629006701
v -0.146178599155941 -0.0210505813491839 0.284298998023189
v 0.145441528995311 0.0257920255668283 0.026231021739149
v -0.175712718927926 0.164535850155979 -0.321225084132542
v -0.214994240494806 -0.389299103961295 -0.296426904849025
v -0.132983710315473 0.0137966818034842 0.279485329575679
v -0.0618485924153359 0.0431800420804126 -0.315011473282258
v 0.00624689187963672 0.129447123155759 -0.0771967520478618
v 0.0604416388087149 0.0897888055775441 -0.0967883906926547
v 0.0737254725860598 0.153803043851375 0.288228539735724
v 0.0558279041389767 0.140955273074427 0.119638415786018
v -0.290478889600067 0.192338444873091 -0.431752548140297
v -0.0816980985766251 0.0642903168953017 -0.123895083076621
v -0.156949442403634 -0.0152696560921714 -0.189149774350697
v 0.00581409829062119 0.0467857933926453 -0.268679168966328
v 0.0805353146942884 -0.252963615336131 0.483355973952679
v -0.00131757867587392 0.111564148923792 0.00179676436657519
v 0.0553198391775239 0.0963341222290939 -0.0184624310624086
v 0.113128136956019 0.114982328170614 0.260190540894944
v -0.0682930354435736 -0.123755300903497 -0.013675798114606
v -0.0885827008173845 0.243453317432411 -0.256627774239561
v 0.0921353961740267 -0.297721029654444 0.469036767127256
v 0.199156492503356 -0.17238386387384 0.36162921499162
v -0.214346438884976 0.103078461871784 -0.397882869594304
v -0.0518732694009659 0.0931000606677393 0.13936885757
v -0.0685762288390428 0.0721432781301447 0.120200347412112
v -0.0408273974556681 0.0245056037937254 0.404498104984023
v -0.104265264046523 -0.0390295552172221 -0.254955464705313
v -0.268003147156244 0.203636167527007 -0.388393818464148
v 0.178651688368684 -0.191472257972846 0.340688309850091
v 0.0525179417724434 0.111144304984443 0.019379445097101
v -0.102221244788823 0.069104618621861 -0.327643522792654
v -0.315388716171149 0.164253306934403 -0.489268751848604
v -0.0805144674944627 0.104552742920821 -0.213001455918449
v -0.0999390968643482 -0.174409779123141 -0.164811566286628
v 0.0695178272358958 0.106906918988955 0.0547046144839973
v -0.0128335082895753 0.0997181029976619 -0.287907087450764
v 0.175248105506454 0.0356582942151049 0.218146835188739
v 0.118767481173797 0.10992106323871 0.291556570946791
v -0.000257858544833739 -0.150450716430032 0.426516679224802
v -0.100000882116048 -0.0913176016245573 0.0429437991051842
v 0.101849173649452 0.126346942409052 0.239399815488092
v -0.0406842870912914 0.0996171752645669 0.087543145197943
v 0.046886215108412 0.141441014251908 0.327223287009626
v -0.00979714528979031 -0.194588011443561 0.373742574257029
v -0.13597632109299 0.27014919197467 -0.296869529676243
v -0.00429090046647217 0.124092615519393 0.0472405889243004
v -0.133099697823267 0.0979145154442243 -0.294673351518262
v 0.0795709145755622 -0.175360334986751 -0.13056593025691
v -0.0499864584453021 0.098046302410473 0.358063140888648
v -0.0997753148975526 -0.0466989961251997 0.210985657395741
v 0.177927002178112 0.032377659588813 0.292853625040577
v -0.237384036809755 0.260859285624356 -0.401451122613989
v -0.0249937383261725 0.180555529360233 -0.194807920839239
v -0.0401721212339652 0.107891445047018 -0.127982198803943
v -0.0564711881522914 0.0824987387552694 -0.0506082076609035
v -0.19833791364428 -0.351766023623023 -0.236305826140995
v 0.0582266949770333 0.162885016329148 0.164236226380672
v 0.0413818050563875 0.111286835696925 -0.1892213211682
v -0.105599249628707 0.0348855689714407 0.158352392701473
v -0.232564266868819 -0.386942500638937 -0.287251990615093
v 0.0386591786817722 0.106847493669939 -0.0651375863119973
v 0.0509873628274675 0.0983441040292409 -0.0854260904985116
v -0.0260542766107179 0.102404869197602 0.0103138931099192
v -0.0989480427455615 0.156825100994439 -0.366878000550132
v 0.0880587687199412 -0.0536283022900062 0.166620061015356
v -0.256603861927655 0.12386195469942 -0.480413925978811
v -0.204569513386609 0.283102150271008 -0.388225886571276
v -0.0556008668467503 0.0844133051290453 0.0813912116232115
v -0.111662379834914 0.066218498659942 -0.2851284703442
v 0.0743460350205947 0.0997594295931353 0.036569269655375
v 0.119996236180365 0.107793471515876 0.216371849180129
v -0.0809283615845022 0.0689202382564084 0.202286637715093
v -0.238272698273339 -0.409708526690515 -0.258722011886229
v -0.0494082396462857 -0.140554357878039 0.386958192496476
v -0.0075250984622424 0.0878845048558409 -0.282919330822159
v -0.0851840221960588 0.0524052691722353 0.00805248210115223
v -0.0995716256296854 0.16946519517628 -0.368446952847925
v -0.224858581731005 0.165846957725459 -0.359028348975201
v -0.277559774978342 0.139092308414429 -0.413589539809415
v 0.130151250077034 -0.0105776760392969 -0.130288260505508
v -0.115732475892448 -0.074639626239037 0.00745175067868272
v -0.0351767219954712 0.103275569780284 0.057958641164849
v 0.0712249906487447 0.142511385206172 0.323477585698198
v 0.0417818782798051 0.119664709837825 0.0255107646410091
v 0.0903606682895043 0.122798881837831 0.344156389193318
v -0.255377004666764 0.107497689022706 -0.417176590565896
v 0.00261219290418788 0.112478518066752 -0.0389282144651817
v -0.14099845333743 0.261736256931495 -0.288996482742333
v 0.225453505129503 -0.228938316561111 0.377896173665831
v -0.104373712115723 0.229198646260013 -0.375878932725602
v 0.0601447905459525 0.0909788321107097 -0.165563483884603
v -0.0804888327356265 0.0702705428702782 0.281401652470114
v -0.261639663540557 0.174194448229154 -0.497769043114556
v -0.0509803205633242 0.193101996872141 -0.317510727497329
v 0.0539739131485553 0.114432905555964 0.0324732211262253
v -0.112244962868914 0.264024539262015 -0.285693700075645
v -0.122609513829516 -0.26170985215245 -0.126813662890892
v -0.0700805719642803 0.0671565189799504 0.0232429515275162
v 0.103137270225175 0.123133072008332 0.174595770144109
v -0.0503778186743118 0.087177204446601 -0.0387319655624341
v -0.0988236732017967 0.0509188090187356 -0.301221506158993
v -0.135340686138421 -0.0547447028328467 0.0172321531085194
v 0.0337908293707529 -0.104629041747389 -0.0219324113809122
v -0.0631753296588585 0.0102517073261118 -0.2981468408076
v 0.0278336346791137 0.106388750124157 -0.0285893473688589
v 0.00506945809339047 0.0548817208304017 0.405987824069506
v -0.128802929202447 0.0190893305216849 0.212780304413806
v -0.0949651270653765 0.0412263707657004 0.347845721308704
v -0.0884068188493132 0.243588561404034 -0.311452265757905
v -0.234014370819287 0.190091744944627 -0.492652235358048
v 0.171846713107693 0.0509523629456865 0.230735109267269
v -0.108489475785907 0.0294636470400656 0.00175046017673787
v -0.276233518949472 0.193743009686887 -0.40436647272423
v -0.00583659577987851 0.133537182347445 0.0977376224282375
v -0.148008387520153 -0.0329124408838313 0.275417355342814
v -0.0636178007577171 0.0761328231443566 0.076147801630225
v -0.0895364692809365 0.0347297350153959 0.356040914403913
v -0.055343141270926 0.0815025792157587 0.0318247770854275
v -0.141678373942875 0.240563657326234 -0.275195729636041
v 0.0834224501955408 0.106300282907086 0.125087763437137
v 0.0386398768065209 0.102678822196468 -0.028558842796426
v 0.0506042413559619 0.0954090024480813 -0.213549994418849
v -0.0849750580141383 0.0636035640563273 0.179343040435466
v 0.133383914193352 -0.0161759143133921 0.339661776634066
v 0.171570095131743 -0.111442810829453 0.297250420306833
v -0.0653490818389276 0.0850456359590615 0.245912410465436
v -0.137660383409583 -0.147773099212532 -0.143814158698287
v 0.126295171976617 0.0467015332460472 0.356365803455582
v -0.0942918871302612 0.0536787465047882 -0.222206919398388
v -0.106772771565569 0.0439393796248949 0.287903700503902
v 0.0458144177031607 0.102515209202461 -0.074949288040457
v 0.116757767243244 -0.343407767142174 0.497965803352282
v -0.0404649220587895 0.0922136959578277 -0.0165653771732985
v 0.104489796183103 0.119139740448312 0.336946652675166
v -0.166719624314472 0.24586210805624 -0.438432042963806
v -0.0688183040828221 0.0765961901821151 0.151432898965537
v 0.0570897138726864 -0.0801097634873974 -0.0412384050446907
v -0.195357657241531 0.114979640686768 -0.366575569857299
v -0.0567140278612773 0.0788269730254385 0.000852625611193585
v 0.0877296049325637 -0.0500475562311687 -0.03843382949395
v 0.197831184085977 -0.331605718708821 0.0110797095613518
v -0.121717734655039 -0.0413521857457224 -0.243187004381603
v -0.0623494445446139 0.0757834099397543 0.0488086583846446
v -0.0859219224390522 0.0663456188301114 -0.220976645727215
v 0.12163219365161 0.10632539291816 0.269815054595196
v 0.194132076659278 -0.152253200964272 0.339492754486961
v 0.0456711944501709 0.111929847033169 0.00954901166789301
v 0.0312153017927904 0.0916908755301125 0.375472053458373
v -0.0135262751448815 0.0376258500299025 0.413676496315391
v 0.159138432382594 -0.126625969430776 0.341883727573763
v 0.0422287109587931 0.108921901819844 -0.00250006089265363
v -0.087288143082317 0.171799150062531 -0.357835320698156
v -0.0660389067811673 0.0762760061904463 0.134249984674043
v -0.0217397343141886 0.0808075285161472 -0.296043846998091
v -0.0467186586462989 0.103412619339903 0.244733847161771
v -0.0450388422297649 0.18562728760059 -0.311490626487967
v -0.133571807719869 -0.0881397476229368 -0.107986014073409
v -0.0804169723981903 0.0601449448298376 0.122765252019768
v 0.045842192135026 0.103208791288509 -0.0131977393831146
v 0.0940124348701858 0.104748145966044 0.140583904570657
v -0.110797440887893 0.219604447025209 -0.383047326679026
v -0.13428316356641 0.00881504781996024 -0.116627822159328
v 0.0851030557039766 0.0444845410610087 -0.189238473959814
v 0.088042870867212 0.0587967783673722 -0.175952378656618
v -0.111577676661705 -0.0800198478858977 0.320222189818819
v -0.297941349345295 0.104493085667594 -0.521898263401804
v -0.105300907722208 0.0360568898947065 0.137666397007788
v 0.165383582383535 -0.0358256435887532 0.275754454783006
v 0.0342062011028506 0.179001690472659 0.230335198204457
v 0.116465595604683 0.0548676634234746 0.00294047336922573
v 0.169742101011112 -0.0257570339772525 0.263390263988243
v 0.0921930802914957 0.134972550406943 0.17880682546941
v 0.132171562317727 0.0970075985094645 0.314027135712913
v 0.0138420949504358 -0.125962756272632 0.0168974703186089
v 0.108036455250631 0.0691436341262947 0.0413279738108909
v 0.0641872299604606 0.162121584845946 0.178226977997065
v -0.110968546758768 0.0316596374933035 -0.0984496265159339
v 0.0667036415290077 0.117567582115112 0.101388548573758
v 0.150171572505906 -0.343128468409323 0.522995722793269
v -0.332990674974463 0.0923397645907087 -0.523634949670408
v -0.144502693143675 0.00034838867678442 0.243510022872354
v 0.0873240666188759 0.11357805899458 0.136832705414102
v 0.0355801799093821 -0.13200968109922 -0.0580985510634851
v 0.207580083489613 -0.190958977972861 0.315052927587282
v -0.0102855870294278 0.0371292974479251 -0.283824648858781
v 0.0546661211820443 -0.195035809049157 -0.0889418911095251
v -0.0994881649910285 -0.185910701673284 -0.164529168487472
v 0.0980615107723978 0.122489280990749 0.159052861389414
v -0.0878333178723951 0.232523544710499 -0.237844595384062
v -0.0360770849357859 0.0954016033976063 0.00181001849891366
v 0.0999760454738868 0.128730166837161 0.282245480090182
v -0.253363753950788 0.124697982443326 -0.38923666952797
v 0.118656524246226 0.0338525920239445 -0.0501765490129667
v -0.0794752729271897 0.0587292969711947 0.0340065354605021
v 0.170570802357967 -0.314551070057079 0.0202435369414144
v 0.0610858940596452 -0.0785641133402384 0.0222578100265065
v 0.0935610847967358 0.0558898157639487 -0.162610100250539
v -0.288624181806324 0.110058950780205 -0.436350235495791
v -0.133342397090693 0.0128247740350655 -0.15656195100087
v -0.0130964813042751 0.10416245627825 -0.0188494700444893
v 0.000185655477321475 0.0809856999255433 -0.274943658771013
v -0.069553058395098 0.0813264307477239 0.278143452409862
v -0.0566204729567976 0.0948264772619802 0.291548394106746
v 0.118328631978767 -0.240863336491428 -0.066849305337763
v 0.110973422996308 0.0677017418362834 0.063880456460908
v -0.330782038145402 0.121778431684724 -0.523862036902293
v 0.0696095207084782 0.0923392084581214 -0.00158072955482564
v -0.0500419236789848 0.0878140724763074 0.0484431604716659
v 0.120345321283435 0.107393821644876 0.239115512120768
v 0.0754825310691276 0.103609426394238 0.077890948071415
v -0.0622434293151898 0.0781008834894859 0.0885986371239841
v 0.0432690255975344 -0.0568501099946036 0.298878624404702
v -0.112376780604315 0.0280700134269899 0.0971810382126999
v 0.183392838551708 -0.274780427441596 0.00433718138468381
v -0.129410069071102 0.192712430354361 -0.260266214350846
v 0.011377280897941 0.151268709292125 0.309509034626674
v 0.0427585352157553 -0.115670555192541 -0.0507410609614501
v -0.0315587041237613 0.090380195048339 0.378362698662152
v 0.124530267288058 0.103335940327357 0.281489329695641
v -0.207432082434434 0.28038803959731 -0.444114852720156
v 0.185053686338272 -0.18428393161657 0.303375421277721
v -0.14331930492748 -0.0144870481432087 -0.112754777148505
v -0.188031977076143 0.153535023982278 -0.341962800114255
v -0.136410070704509 -0.00104694248276327 -0.106497455171403
v -0.166500120137024 -0.0423821970462442 -0.182248682851739
v -0.0783859366466785 0.0663541370009622 0.154922188373002
v 0.036461195650758 0.0240977364912155 -0.24011212351067
v -0.0428501963308942 0.0950852623913956 -0.315846069526072
v -0.0948633682952981 0.0518373092896988 -0.156124802239625
v 0.0157134672724317 0.126274090169395 0.0282620498734954
v -0.157267626962378 -0.0736172758632059 -0.182253581930262
v -0.0943866123383637 0.0443382250435644 0.0516731142995097
v 0.00145384100780125 -0.0230774678970093 0.392607186910152
v -0.103553673447047 -0.293953184562315 -0.168459241055239
v 0.0654042113876224 0.0839704641917892 -0.0778791982060987
v -0.116809917643402 0.0084924940843861 -0.248529068585537
v -0.0719803339113531 0.0683782978156453 -0.0657143620910629
v 0.125407461667364 0.10197099895214 0.229622523730436
v 0.0579401349809159 0.06492156331998 0.393165513297727
v -0.0847592334596847 0.140751077593137 -0.354742969887644
v -0.0200307591377196 -0.135828262365912 0.406152388934967
v -0.087168258424855 0.241369865009426 -0.331280003438213
v -0.190555091042029 0.129113615432942 -0.447477113296967
v 0.064224360324517 0.108737226770729 0.360028606661903
v 0.0957972368572883 -0.00855364367086527 0.351151724545183
v -0.0918584132524777 0.014079486641627 0.353112380434741
v -0.122155799237245 0.202638250616599 -0.253046766341767
v -0.111154662963724 0.0399891544148243 0.277963662299458
v -0.102064306300498 -0.278223352704173 -0.127224899071734
v -0.0924888522522254 0.058786381339894 0.296380160997296
v 0.297195101718366 -0.297186014829476 0.378070754389759
v -0.0731459158884706 0.0696694102913284 0.142955920472208
v -0.101985379928171 0.0366007904154672 0.338584049741289
v -0.0787134262777614 0.05939155626728 -0.0529913228426385
v -0.129083912547982 0.0167217517438376 -0.217676541346518
v -0.0587986561807375 0.0776040793621448 0.0168451083394888
v -0.0883132492244625 0.0522768681777268 0.105732356888973
v 0.107035899471513 0.0187845366563612 -0.16605971057926
v -0.126089288478359 0.0154052146997342 0.149032967695076
v -0.0777320129494473 0.235542650017198 -0.2652968400461
v 0.0133988217836014 0.031229695817567 -0.260838081785284
v -0.123645193926894 -0.0143039146335729 0.318749006994397
v -0.142270165811944 -0.00447452604993845 0.0205135462617179
v 0.0287078094430935 0.162154904880689 0.302032344066197
v -0.0786130967833436 0.0731645555567781 0.305514479475787
v -0.0469430879408525 0.199108412893307 -0.301428788612755
v -0.072710576678203 0.0673896668546832 0.0870741374848165
v 0.122476148076252 0.0651409979258189 0.16056852010769
v 0.0217031514064644 0.0701721596406233 -0.252750740814888
v -0.0839574290434108 0.185218374674376 -0.355884529985009
v 0.0618062545770411 0.101194542136411 0.00800602039765243
v 0.0728566354270699 -0.0600842849667374 0.301929971388882
v 0.0866527624963466 0.0920374856090125 0.0713642392245549
v 0.0109687100429266 0.130812078759936 0.337301243961121
v -0.132273811827702 -0.0596833431799708 0.292248462523062
v -0.308131403509508 0.123885625386785 -0.447924891832146
v 0.117656175903815 0.110786571676658 0.191770673432223
v 0.0722419607323875 0.0794095750163985 -0.141570970831523
v -0.124055412202178 0.000418184649207522 -0.242554134667527
v -0.0114054844639749 0.139133514377903 0.264178995829347
v 0.105402430156009 0.0737938132956131 0.0759762906489486
v -0.0527222981882941 0.0820732538498299 0.377965149615639
v -0.179458532886536 0.274279712448181 -0.340009956078987
v -0.260962355734739 0.196914903761966 -0.49301359358677
v 0.078957490256298 0.0991828537992907 0.0643061553878031
v -0.102610283313142 0.0435943858639919 -0.169804380916276
v 0.0979421516934746 -0.307908521421668 0.474395798458098
v -0.252738852372299 0.147665848320924 -0.494560081938468
v -0.0975165158914449 0.0533307216755532 0.226722349367543
v 0.0729552989351233 0.0790222620637407 -0.158971714430986
v -0.259208634277186 0.157459195846593 -0.497790694610947
v 0.0284322257582569 -0.245489130970787 0.449861535033181
v -0.166992093399378 0.279366222504919 -0.431035218638801
v -0.10523285255685 0.0338528697320358 0.0552744588520807
v -0.101101384683661 0.0391720921568553 0.100370773757631
v 0.0269665996270387 0.0413269039994323 0.394132784182802
v -0.102625410889753 0.0430159962932098 -0.274152974599179
v -0.0795043975857417 0.0610113680673543 0.107683052739837
v 0.0769626351363926 0.148355958262595 0.305765648269856
v -0.141660437231078 0.00392271056849379 -0.201322808067936
v -0.0992972119419829 0.048900756622246 0.194411563392819
v -0.0937830097959802 0.04960900542893 -0.0959608966263532
v -0.0791417228160454 0.0604277590635823 -0.0696118195697984
v -0.00338879006100245 0.0695013807110889 -0.278111525753756
v -0.33975634092922 0.13868343476009 -0.493722460358829
v 0.0850533567604503 -0.215868031049068 -0.035265269120568
v -0.107755109713923 0.244109000774862 -0.375756877069208
v 0.150889330117921 0.0649276209235469 0.192627457611132
v 0.0876076840289317 0.0715541044100972 -0.0257198382969398
v -0.0960984736251925 0.0545488320052927 0.239832439258217
v -0.164074380902817 -0.0397123291600841 -0.146552475778286
v 0.0150500166481847 0.0635502116554484 0.398043117535795
v -0.295083013876489 0.182524279979592 -0.436434399536687
v -0.0967137405989506 0.0445341133906031 0.166044194520978
v -0.133106861152851 0.0138465317097132 -0.204683306406536
v -0.0617718091203315 0.0787463468422577 0.106739755773984
v 0.118613096441284 -0.0082681450536642 -0.157022927850267
v 0.230519953729039 -0.376427431539048 0.00342054552960196
v 0.0726984799521256 0.0946898143337752 0.0129058792623289
v 0.0162863909041464 0.166431532316437 0.224100311359678
v -0.0408320014992398 -0.149809421521774 0.0637219105052386
v 0.0448097672203759 0.0647439345741791 -0.231467792383148
v -0.0560033448654273 0.162866422103126 -0.329239231136109
v 0.164319353494166 -0.085493866036685 0.279012359617512
v -0.0988581151034248 0.0395424220160689 0.0382769169552957
v -0.0800164096043385 0.0527920871974001 0.363126071104645
v -0.0387896060635968 0.0362996116516816 -0.303283929091619
v -0.32984306868252 0.10037164880537 -0.468064513204622
v -0.0011363669301241 0.0127985680668667 0.407957262933614
v 0.0623464074600182 0.0983880564994569 0.369891581825136
v -0.082730490816452 0.0569625480284973 0.078963772135279
v 0.103191530952668 0.032047182252534 -0.167933048753099
v 0.149538984223882 0.0342051353469503 0.185653560726855
v 0.0633074814495665 0.0878069974194371 -0.186312740411946
v -0.0938777542828029 0.0544951109466227 0.336900519200581
v 0.211421771917767 -0.191257488804225 0.369927384206522
v -0.0774445765953491 0.232576598992748 -0.307510410625697
v -0.0521574363349503 0.104806583260217 -0.172841264325465
v -0.101270841663845 0.0409779458646988 -0.09375359811985
v 0.096792649409992 0.0853492842635062 0.373335050050409
v -0.0809733529321313 0.056773620971952 0.0211264368407697
v -0.107100083484636 0.0387651558244423 -0.145159904990511
v 0.0688125903353451 0.0874054018535816 -0.0179728359107404
v -0.107963183528865 0.0424697083958621 0.231820821239423
v -0.0906921319277511 0.047608690022592 0.03436886322043
v 0.061329922793517 0.0322933256162221 -0.215545185845216
v -0.122823768298978 0.025525510984084 -0.206643502657197
v -0.11635490752123 0.0243939794824745 0.321392285417037
v -0.130775999281728 0.00569360294707885 -0.230829427798889
v -0.0723971539462125 0.0658231508422441 0.0420213615317813
v -0.082514102567643 0.0583051244123339 0.14566093720793
v -0.0754787164523257 0.0677723819978229 -0.0839264095387876
v 0.114018221576702 0.0627372855065896 0.367909058033356
v 0.0946427919368434 0.126922299337799 0.333137337181486
v 0.0873907587394916 0.0936324716132259 0.371426428510876
v 0.0528067931830011 -0.240027702292651 0.470647344009875
v -0.0449701918507443 0.0916864304307282 0.372730835667988
v 0.155531171793849 -0.117572515299949 0.322054555474296
v -0.0244396937712766 -0.132439615236906 -0.172432654431025
v -0.136781589658088 0.00577203912057187 -0.218532693539911
v -0.0972119360886173 0.00455894581996824 0.347671358157008
v 0.125709193502643 0.0923266537326497 0.343046362292837
v 0.102715438016117 0.0993160807425796 0.148600587972974
v -0.105706696573825 0.0343297554600449 0.0825202272913717
v 0.111490783628702 -0.280052778347131 0.487401755771025
v -0.11740841972826 0.0318322558156227 0.212976856302969
v 0.156580377140669 0.068309992242232 0.238240716479316
v -0.126997633924124 0.0131075453884212 0.0754178001061671
v 0.0558860842035921 0.0689275419210437 -0.220331164532408
v 0.0868708352660378 0.128856738172961 0.148572497367669
v 0.173376405407481 -0.266359402982959 0.0251037142642858
v -0.170267791443925 -0.378838748944104 -0.233057514972232
v -0.106912531222766 0.0300756794539709 -0.059948651761669
v 0.0314217214527298 0.0546260013033459 0.395791651014739
v -0.101667781047423 0.0204504057885247 -0.266404958946911
v -0.0108279451374812 0.13051999692 -0.285238581577193
v -0.0390076080111118 0.0113423051994731 -0.293318927221591
v 0.115974026861515 -0.376701171045461 0.526723642173191
v -0.0925900677858875 0.0476668846625316 0.0941375443011032
v 0.305871354765894 -0.307064952033108 0.377724753773407
v 0.0973790506536578 0.089810105228495 0.135822523036307
v -0.131477275435198 -0.0154586647310855 -0.0473183218982195
v -0.0953703887297755 0.0457726752354408 0.130360379557947
v -0.191833524106799 0.215543394870078 -0.464492645644851
v 0.006472386738925 -0.146767116491077 0.374130038286463
v -0.00605480911532543 -0.0270227621861056 0.398429785979668
v 0.109269206245463 0.0374251830413187 0.372407546879887
v -0.091967297208138 0.0483071467667672 0.147123547408578
v 0.00291692568392816 0.0828753767361067 0.384255479632311
v 0.12223080247801 0.0967230832216153 0.171369877616806
v 0.0848605961515277 0.0922438297513553 0.0534665449246302
v -0.0361448233239772 0.113691487980337 0.212277782137821
v -0.0764322364297396 0.131485984153104 -0.203958290425998
v -0.0775318063079375 0.0598158838886012 -0.0347965586906564
v -0.0303608779765406 -0.171838536482034 -0.132807581184554
v -0.06658356029932 0.222698260682692 -0.272111990912297
v 0.013506281085032 0.109915868649842 -0.0340992405864531
v 0.131694323044788 0.0473617773793784 0.0663722401101409
v -0.149979083625719 -0.040614160906894 -0.215388043148082
v 0.131773038124097 0.0951686432062137 0.21797822806331
v -0.101653661324081 0.0495680664231119 0.30964255898235
v 0.144010646474545 0.0754619130466682 0.326819529308329
v -0.111498791888101 0.166156769058512 -0.24124430117704
v -0.0725219672078646 0.0293583569752932 -0.30857312627444
v -0.00494148799978364 0.144829586029299 0.236774944277941
v 0.03462450553591 0.174482703404389 0.272383025664151
v 0.0926468589500174 0.115795521766782 0.352754223876216
v -0.0903023281766373 0.0468355184582857 -0.0074998196037456
v -0.0319364625408355 0.107991505780504 -0.0554296728938893
v -0.0789760125044493 0.0580348296021201 -0.00472444671985183
v -0.245107093345719 0.246562294839715 -0.457395245262845
v -0.0232896814408031 0.0780561334245256 0.390297109536638
v -0.0215487866323153 0.0425650302491195 -0.293117784220855
v -0.0046074466682044 0.0668581408058465 0.400331902465162
v -0.0843550234609866 0.0408415045308331 -0.313472083711346
v -0.258147212199538 0.22395930709771 -0.483714659180107
v 0.129375611725494 0.0738910148887861 0.346395040966601
v -0.150066196260001 -0.033061284983219 0.130905291246447
v -0.0155927177802546 0.0531931655970091 -0.289429804452018
v -0.0843959727846963 0.0617105019356051 0.3505754646912
v -0.246963895749977 0.135378449083199 -0.483657046926827
v -0.0879375792473688 0.0486322940330752 -0.0192396928222114
v -0.0951519708835327 0.0425993943518961 0.00353396724635857
v 0.0210443012232073 0.057103583989787 -0.253374444329761
v 0.0495200067063025 0.123452344082491 0.344738388262239
v 0.0517877061906869 0.127849874695955 0.0816138379060219
v -0.0200490191803071 0.0651213003215896 0.401530917977761
v 0.169621882372779 0.0557573141322256 0.280598690219874
v -0.0422292020603201 0.10985682492992 0.3067093540682
v 0.0361139857532986 0.116054490103544 -0.113628856296554
v -0.126319649887136 0.0193087668806047 -0.14671825834917
v 0.045325964855518 0.0448494253619914 -0.231319096167408
v -0.230514732108477 -0.415535874749169 -0.253928701252026
v -0.134598703480049 0.248900859132051 -0.273555586974381
v -0.126517695949028 0.0207793067186441 -0.19436778272714
v -0.130107220146837 0.00330032856930503 -0.0334617636969592
v -0.175932034818124 0.286303824718428 -0.416282940649124
v 0.0802122375947235 0.0548434778022799 -0.192932881208202
v 0.0849584011051861 -0.201197066202475 -0.110246473792093
v 0.00693261549811734 -0.0632090409032696 0.297908380648879
v 0.183948795589925 0.023760825519297 0.25867641299765
v 0.0914868924521699 0.13663972149044 0.277252073375098
v -0.0978407413446741 0.0413856517252896 0.0643837291146184
v -0.0509729561569487 -0.145339499270887 -0.0507769876066016
v -0.13634708001618 -0.0175670605934458 -0.100753178624362
v 0.0273075323552976 0.0814876977934835 0.384264270133429
v -0.0830989880040354 0.240988262587347 -0.274743483539339
v -0.164010558564624 -0.0288783979855934 -0.157365296621822
v -0.0306065360620042 0.120980552287195 0.290267881503422
v -0.12260687556483 0.0234718147082113 -0.224009758226613
v 0.183046233015649 0.0333248513000614 0.247364630433738
v 0.120002107495619 0.08671623662579 0.356713468755504
v 0.00895290482297142 0.0722469106803633 0.393421258645083
v 0.124865352914674 -0.0545174965316607 -0.148269778626739
v -0.0907175927751994 0.047451369373515 -0.0485208244905179
v -0.121086416873857 0.0132787034849077 -0.0866424067556783
v 0.076118555581267 -0.0632868065746181 0.29094373290184
v 0.00227814967559199 0.148834792752829 0.14820039190267
v 0.0565513118443304 0.0905660368087626 -0.0511332611683839
v 0.0604982668507704 -0.0449846605845394 0.235418811751882
v -0.107165440810084 0.0396010616127258 0.325611852566165
v 0.14527389601137 0.0771815068853019 0.196537610536339
v -0.12425248691254 0.202862479229707 -0.393768338463614
v -0.220091855843883 0.285042349185055 -0.382552152256999
v -0.119270372815835 0.0189318007558862 0.00869199681862436
v -0.106330742362282 0.0433166655891981 0.21894824433638
v -0.143856493948403 -0.00360551483245172 -0.123661036804025
v 0.177985698009776 -0.119169104522984 0.28390087983061
v -0.00662973098544997 -0.0987257201476082 0.161246747706737
v -0.0847104111954566 0.0663546170664075 0.296370958647049
v 0.0810281453721032 -0.0581347033324116 -0.00205630003258547
v -0.0618560369990302 0.214982131413551 -0.312840541576305
v -0.156296243870631 -0.339779286326694 -0.175255217982221
v -0.0930099469360043 0.135583602138622 -0.361308244980281
v -0.0911119759900976 0.0201815453657933 -0.280842684580034
v -0.123495967072058 0.0193592550328189 -0.107212546465325
v -0.0953380687642483 0.0426151520675173 0.0185779306018024
v 0.150126810348649 0.0770622663465823 0.28203730568735
v -0.00512196096201441 0.0264518931666218 -0.27826698050984
v -0.10361040770835 0.143430206462643 -0.37202601430172
v 0.0536696915133347 0.173113171659492 0.251941922277568
v -0.0957336900271703 -0.0949123992923597 -0.00867229458016154
v 0.0169769456682616 0.139806562750381 0.0729259340236618
v -0.168391610852849 0.165634817920356 -0.307770016939296
v -0.144440921722736 -0.015843365564562 -0.221123340745363
v 0.152254088622421 0.022284788601355 0.0920251185325585
v -0.0647892766301993 0.0578968672055818 0.378075993263415
v -0.112227007132874 0.0180228027955494 -0.25277344413772
v -0.119923455739768 0.0174038874396757 -0.0190097511596463
v -0.139811151286105 0.110246265731581 -0.288336553872959
v -0.161220578467989 0.166506837848382 -0.43590833428315
v 0.10041350754388 0.0479207737492143 -0.157720328187679
v 0.102070033040896 0.0724357320081277 0.0213640545103249
v -0.147032513906893 -0.0068306914669524 0.11931855392582
v -0.243461609628365 0.126902265295702 -0.379431466155454
v 0.0667474221139701 0.0754128391425403 0.388279788586154
v -0.0152665760183526 0.162682620159982 -0.156063469240998
v -0.0465906375096738 0.172410904751898 -0.17611588035338
v 0.0719132434118067 0.0787505695168346 -0.121276144624113
v -0.108026079011338 0.00675209808432854 -0.258813487173365
v -0.0358585000399402 0.114728461383657 0.254602826618467
v 0.113752063747674 0.0657423462683268 0.085126056634272
v -0.0968211339007538 0.00835154970475849 -0.269597692328445
v -0.101069417528097 0.0148942536046539 0.343529681248666
v 0.0625767375937232 0.0942630636370233 -0.00989444904492866
v 0.080551280353497 0.0295151577687046 -0.194955820314076
v 0.0603092250225078 0.0916794796701573 -0.136295675493874
v -0.143686613332572 0.282480091230142 -0.378416881536561
v -0.0723012474526878 -0.00288174242756685 -0.290505767330711
v 0.109642954367185 0.0108711372666539 0.364804303945443
v -0.0315450021494882 -0.153205943870605 0.398056572579673
v -0.194933013619564 0.273972351259283 -0.358002110930679
v 0.115640819725631 0.00220362687863158 0.358189465950081
v -0.0809394905916762 -0.0343508429395624 0.363573476628726
v -0.0604025557458357 -0.133996751694575 -0.0655634553694607
v -0.0856339697901588 -0.106023223069486 0.0566460780589512
v 0.0731339958952225 0.0156847596021003 -0.203103921566673
v 0.181117596686232 0.036037443340653 0.264216944298048
v 0.122622094399675 0.0583295387271963 0.116166800980103
v -0.0531269587219254 0.0965295651640799 0.22077544660518
v -0.0375895356224096 0.0521337923334611 -0.30652736937857
v -0.0524292487064336 0.15965616323975 -0.176217592577661
v 0.149397783556016 -0.262863045217573 0.0200508790568014
v -0.140597883966061 0.00630121928431168 -0.171249181185813
v 0.152155670216606 0.0174311861379457 0.0780074207798542
v 0.0949582980657934 0.0362705042604746 0.382397771037905
v 0.0734954909462808 0.00457464886039632 0.362460782867341
v 0.159469896944844 -0.0106089694435367 0.198563977383143
v -0.121195343266647 0.0237497054561613 -0.119248555337615
v -0.114114383442786 0.0219806528281493 -0.0823043004830774
v 0.167683459892176 -0.0885220215864804 0.266675010022761
v -0.149130089613964 -0.0149608274590668 0.266903824356245
v -0.129298205181733 0.0108311907192474 0.172430884788924
v -0.124496775779874 0.026204351598073 0.286468096056874
v 0.0777999916059576 0.0578217737874575 0.391957613603073
v 0.144415342691933 0.0597583081504146 0.331345753370775
v -0.0932702066698979 0.0579011777505478 0.309964821265855
v -0.0429387775621962 0.10575076994934 0.183082423992945
v 0.00526578440640573 0.0204682325596616 -0.268874835131923
v -0.154830741878917 -0.0206675134725778 0.0851392010199354
v 0.288394589498486 -0.323469285751265 0.401632211524347
v 0.102466850581892 -0.0956312799394285 0.271236341754777
v 0.101581179612204 -0.0260290620838558 -0.0813619121740003
v -0.148514167321366 -0.0104122224084999 0.0539839932031875
v -0.122041615448193 0.025030497958763 -0.169545304299552
v 0.0546460939156843 0.00513409322532824 0.362898649821233
v -0.0974007117729836 -0.0808143724903708 -0.0688497021397146
v 0.0847777337402796 0.0801047907784006 -0.00374086802350699
v -0.143063077189108 -0.0399606843217602 0.253251308783701
v -0.154842201252139 -0.0261861475819821 -0.130390856771839
v 0.0109969645908349 0.142928078435049 -0.15154247021717
v 0.113113932832952 0.0715620724796871 0.148971853153045
v 0.0943451769664751 0.0335087591449465 -0.180150057050946
v -0.117805425717079 0.0294380718551876 0.201389686456506
v 0.140430272671945 0.0404502802535327 0.110848610142323
v -0.117002598475941 0.0207096836762598 -0.00640942815588627
v 0.0853592027317268 0.0672174745692812 -0.0509518471439741
v -0.0933172227223794 -0.0662517169702491 0.352857947491635
v -0.108456194775468 0.0424219132889813 0.300580739144283
v -0.304665869598363 0.168827977757714 -0.446792021662016
v -0.0317943413354263 0.0269854216978935 -0.296217879084357
v 0.06473379388958 0.0855814433712138 -0.110072062007514
v -0.14014612296097 0.00544995966692067 -0.154502256781571
v 0.142899907419401 0.0641598926106202 0.180511674826594
v -0.0665816453385775 0.201989778332386 -0.204266971450134
v 0.153220958381381 0.0519277271783843 0.190898822365102
v 0.117360892104356 0.0603600785711354 0.0500647917726092
v -0.00122848047553418 0.0454191257234976 0.410695985352868
v -0.156097821245484 -0.0313907346247617 -0.206325157828989
v -0.127458916834077 0.000143550446623987 -0.0860608556289846
v 0.0363703918224645 0.115593374773328 -0.203092103829936
v 0.300677663391808 -0.292194070678867 0.411660961623915
v -0.0646528673540684 0.10605587848842 -0.19193460013706
v 0.0715063928383224 0.0309908236384992 -0.204794360086758
v 0.094571420948097 0.0557640809569487 -0.108599017968453
v -0.130906710976933 -0.0389770913283224 -0.236193380697487
v -0.0569089623666295 0.0820139158800989 0.063413604804839
v -0.0600746366060198 -0.0220913528217292 -0.27408379373085
v 0.0692202383760947 -0.236974389772052 0.444668551158476
v 0.0842000075804414 -0.0154586492793875 0.344422874267714
v -0.14586284863106 -0.0454849371953449 0.0835727565303241
v -0.132672610943232 -0.00691873765855818 0.30454882917548
v 0.0743776387425185 0.153767470173427 0.200556552562919
v -0.0546047909876114 -0.119104018256769 0.304101769981913
v 0.165652498198844 0.0226936698297768 0.310513848721583
v -0.0188559028127913 -0.0627839240550671 -0.236697072773262
v 0.105545688134461 0.122044619310542 0.21701645928067
v 0.156827459766203 -0.285207271465574 0.0257575857509505
v -0.068424700302733 0.0759741742255107 -0.0886390154595764
v -0.11054901633404 0.0344055732332353 -0.123369161373651
v -0.148684384868027 -0.0300515236768674 0.261491079363763
v 0.151535945840811 0.0172296701214616 0.0611865927455816
v -0.22611198329917 -0.388339251471701 -0.297911074266594
v 0.0612474599692352 0.112769645531942 0.0466821145543565
v -0.155263093759748 0.285521805144326 -0.389811688463609
v -0.147201817237228 -0.0439097448549134 0.0985641829945282
v -0.294683920521583 0.107056672837238 -0.445397669514982
v -0.171953538807698 0.112844197922024 -0.370417232706165
v -0.181863770790721 0.237345267448363 -0.31535658129153
v 0.0962248540334374 -0.237587471879225 -0.0389944461137626
v -0.0571346882414104 0.0919875277803537 0.182245532179994
v -0.0774079205894499 -0.114868901771943 0.0275078478136273
v 0.163813107316896 -0.363908039136045 0.541674531871238
v -0.119236301025613 0.021307380306004 0.167350231027852
v -0.120672036744334 0.0202687391700804 0.11317588740514
v 0.00424988099766288 0.120794058742974 -0.26921030222622
v -0.146925431409717 -0.0441477531893799 0.0609408951627812
v -0.128166006515239 -0.00786568075032673 -0.0784191306663706
v -0.0666479851967939 0.203642559542545 -0.336137170523151
v -0.143507489951357 -0.0188492772726734 -0.0149788307032698
v 0.0994791146420607 -0.0940651477961726 0.257491977479517
v 0.0166264863166075 0.0271725062639096 0.397468716817979
v 0.166056642991243 -0.0112193535778194 0.213435511830686
v 0.132799808032446 0.00751012672764825 0.346380925267421
v 0.13875575502013 0.0338235387651348 0.0179452482742669
v 0.0655991033343555 0.018903556740354 -0.210792865787608
v -0.114837194145459 0.0313736199740611 -0.155269689150276
v -0.12926854392049 0.209685025596312 -0.26039692221114
v 0.228440743889239 -0.326874904101521 0.0356489882700737
v 0.11789564308433 0.0582087143757494 0.0288374894592174
v 0.0866219341386605 0.0163034288286878 -0.189336622595283
v -0.0743269421108424 -0.0134638861596542 -0.281292543075527
v 0.0407794301796472 0.0089465344547447 -0.236163812334916
v 0.159146150154534 0.061691886952365 0.211427115561192
v -0.0323049984598874 0.114345682466143 0.155904030193945
v 0.140279928961285 0.0157073987331475 -0.00519279583121785
v 0.153156291389157 -0.381453107437867 0.545423977665568
v -0.0202659136261389 0.0225358648398393 0.414680514849321
v 0.105392942679446 0.00379450384495826 -0.169371591151652
v -0.187237855007353 0.266343427289886 -0.334308610006073
v -0.112024978858289 0.0261229813584529 0.015325028667349
v -0.0526905045852544 -0.13359440377734 0.313645888230254
v 0.0229967580893411 0.0175583429133008 -0.25256692329588
v 0.097086390612666 0.0826067562430273 0.0940093305825045
v 0.098910819234417 0.0166627101856149 -0.176524615204369
v 0.171875898358874 -0.0107410109733183 0.231409977199009
v 0.0182894875851893 0.119645387647811 -0.0645000650066556
v 0.125925392991398 0.01894754820671 0.356314541504499
v 0.148473311288792 0.0301877820299088 0.0851319140313004
v -0.13313065561674 -0.0209212998897905 -0.23535093559175
v -0.0443877199665133 0.111689148075737 -0.317856114858831
v -0.016032417341449 -0.0397051800446929 -0.257365483586789
v -0.0190810694106029 0.174579621058164 -0.202977232545914
v -0.023018636088837 -0.117353638817617 0.35292634960014
v 0.129556671808025 0.0321420289951783 0.352224396218329
v -0.114633499201998 0.0319216497300395 -0.22242617416191
v 0.115369102693795 0.0270723536711931 -0.075982702450485
v -0.206458645180209 0.290523963971769 -0.427949287657294
v 0.125217930941368 0.0553265608044837 0.10363581166707
v 0.130788300986789 0.0460056325496921 0.148844199946074
v -0.103799549172809 0.0576588480209919 -0.291277574512397
v 0.167347260629707 -0.0268971813863325 0.295188631224508
v -0.0121586848886728 0.134862080172903 0.153818409407752
v 0.0368904130554226 -0.255759937197224 0.449434769242563
v -0.0945411547601389 0.0505601742365549 -0.131883322357574
v -0.0414656825058922 -0.12397020024809 -0.179462875840708
v -0.107049016754526 0.0230364305202718 0.336677132127314
v 0.112593742762906 0.0554825070781588 -0.00968543479066366
v 0.0833726114402364 0.0277383729195157 0.381793390071636
v -0.0328167803997525 0.117097514463594 0.335194319454115
v -0.0426066064431448 -0.164153841862098 -0.142242077343308
v 0.111403197148187 0.03926474810041 -0.114289363037752
v 0.0146904476929981 0.0463218527992577 0.403125203574103
v -0.156913012418349 0.217716605427342 -0.289293459128025
v -0.123231636472993 0.0151819367857038 0.0190473407293954
v 0.0907846200070265 0.00130795470944186 -0.185796499536673
v -0.0572009864313563 0.0780703877003534 -0.0221762781371605
v -0.2265491157787 0.123488183228448 -0.454500832339451
v -0.28312184206527 0.171385999753508 -0.41930487962428
v -0.117842025990552 0.0211683028528514 0.0451776805180442
v 0.0627665011442049 0.0514872150825194 0.393577417942038
v 0.0426989596832334 0.0515820334396651 0.394783582822051
v -0.067158666081235 0.225749048339828 -0.251634177788941
v 0.013527208352031 -0.102653555529988 0.155286604655179
v -0.0184266132239615 0.0649091408894082 -0.292186566408585
v -0.116747651321356 0.250678879363099 -0.384480536380228
v -0.0862847879613197 0.112976169309079 -0.217649632378723
v 0.0807445526095258 0.0414788009274334 0.389159473728983
v 0.0355141950814025 -0.118649247956017 -0.0435943418307495
v 0.0980228539951885 0.0262908828070066 0.3769928615261
v -0.098910307474004 -0.00865761279766219 -0.266653394543575
v -0.25088109695789 0.108388195438075 -0.444010017335362
v 0.135289242865528 -0.00567415870603312 0.128261960162739
v -0.0342586615190292 0.188812344606879 -0.194345302785743
v 0.0835985068643297 0.0155353009612533 0.372264740770081
v 0.00371233098504371 -0.163596066819759 -0.0914556974656357
v -0.0737163269757022 -0.244377262547312 -0.136105181301852
v 0.156764103166824 0.0368975759736876 0.320044292801827
v -0.0480272997448937 -0.143826845282616 0.0567468495734199
v -0.137736599861715 0.00350053828955985 0.114385550027853
v -0.150944242278831 -0.0118957058271282 0.109492051416081
v 0.207851396582807 -0.36133806397011 0.00651520857161061
v -0.11171149892071 0.0393066835612839 0.249081291479035
v -0.00505863876418283 -0.0462130626449268 0.376710392709289
v -0.114570348470794 0.0161075156447164 0.327844926967028
v -0.147267475508048 -0.000460378960999445 -0.178514252552483
v 0.119700311239874 0.0160573823498836 -0.0726404105368569
v -0.167450850943373 -0.0495004405255426 -0.156709198924752
v -0.159541889363502 -0.0166678276881914 -0.1620459288925
v 0.0677376631622642 -0.0398239188031683 0.322571975731721
v 0.156267035168016 -0.159674466654801 0.278379998340693
v -0.148992274492972 -0.00529354606547107 -0.193469364098217
v 0.155569094799949 -0.356080298282547 0.509679084269368
v -0.0093443690756154 0.141252347704416 -0.280366637863445
v -0.13678780632334 0.0116923533960701 0.264803338442477
v 0.0665327709065718 0.142632972370631 0.135760611167289
v -0.162827879344374 -0.0628260892800613 -0.180549768952885
v -0.319296672409846 0.148010922108609 -0.457566302236714
v -0.138026364440462 0.269461182900137 -0.394612963085554
v -0.0254152646693724 0.00340232318855725 0.413510935533601
v -0.130212337416038 0.00857145979186324 -0.103026600557067
v -0.0882539338336709 0.0616626124991538 0.235337098260355
v 0.117621795370143 0.0498457172205346 0.364396952631555
v -0.00222657985861282 -0.14890411025547 -0.0618426605737123
v -0.149137874646252 -0.00508238373881114 -0.151207079259028
v -0.065432642752929 -0.128382928400731 -0.0752409564498162
v -0.130780778291042 0.00458254681499724 0.196759410311362
v 0.151484562984331 0.0185347537430781 0.109111515267961
v 0.0989139763985075 0.0136125741502187 0.369309982606453
v 0.230932630998825 -0.375699137835339 0.0186963561660527
v 0.0138224195594129 -0.203920133395589 0.387546500881051
v 0.163968502661041 0.0602214656382237 0.227000467815283
v 0.131502647681302 0.0465346957296414 0.0455844258233857
v 0.0492708643356635 0.171804749576762 0.178016171128965
v -0.108572617928805 -0.0659722390457761 -0.234541740856458
v 0.127778632823807 0.0519883437628839 0.138874142159249
v 0.144845600995395 0.00336709485285048 0.326057008214631
v 0.108582091128143 -0.225669747936679 -0.0149051348623404
v 0.169943706721138 0.0549409538964813 0.241562950255027
v -0.0119846194842531 -0.00459202143980003 0.409549482109867
v -0.281187377552434 0.115057358980845 -0.510180860581012
v -0.101663014684215 0.0492031146295329 0.257941624999366
v -0.0111932031137741 -0.150611302306867 0.0162782185270363
v -0.0236279342786411 0.120471096144659 0.118741985804259
v -0.0117312720960751 0.136631374933478 0.176621793932422
v 0.197059725052797 -0.295311760988457 0.0472460466319792
v -0.13330157059802 0.00809899346116823 0.125468083060056
v 0.124201099994826 0.0532563072780686 0.0388621004257148
v -0.134723591201449 -0.00422849367550933 -0.230748482379183
v 0.137790337288993 0.0420140681234053 0.131313524784995
v -0.0935140871919714 0.118480062815162 -0.22549471294338
v -0.0625062007624677 0.177283551642704 -0.188754416674755
v -0.140236994734927 -0.0341476699259261 0.29875808892602
v -0.13890915724622 0.107396514412504 -0.302801544590924
v -0.0465716857030348 -0.0291195455253194 -0.267167661889176
v 0.0217961028385134 -0.00955559746821612 -0.253713014920247
v 0.0749808844247406 -0.0084152373046654 -0.202014885913311
v 0.0541096043315397 0.0245320154107566 -0.223225608296395
v 0.131215439901493 0.0595287821023737 0.34676423615736
v 0.125423761587674 0.00573994118217318 -0.108634613301078
v -0.0394967421484227 0.0970835253634981 0.0398164399505529
v 0.156287679898484 0.0591360633749319 0.317119361703742
v -0.0244724207928738 0.00386433360024101 -0.283490224966567
v -0.143753635887923 -0.00328750904100438 -0.214083906307253
v -0.163093372510383 -0.0263575507728283 -0.18438345339327
v 0.0344516249238703 -0.0418869484175695 0.318109160096923
v 0.148344732889741 0.0274839976720699 0.120175065600282
v -0.126624161156019 -0.0227956145079849 -0.0617976862698901
v 0.166569300814435 0.0114169331141486 0.200637556268365
v -0.109416191936802 -0.0751505103592507 0.330888783474137
v 0.0786021554024814 0.0713186697459686 -0.0943245697881931
v -0.119770341321321 0.0823285189104099 -0.303482879368225
v -0.117263801721538 0.0334008193172021 0.293499769053449
v 0.170053149488418 0.0321205620483534 0.20737696684643
v 0.20498235242466 -0.291527994823506 0.0236351055667539
v -0.297697414411597 0.130430003272552 -0.434171609935363
v 0.127504126251048 0.0521553550332029 0.0773717613446878
v -0.100278003787453 0.0476146971284495 0.330289311988518
v -0.161262040989483 0.160950577700014 -0.299475600125234
v -0.170764547719142 0.260815421221894 -0.44416594463918
v 0.101947668293333 0.047775015488518 -0.0919038768818859
v -0.16094337339343 0.255473613471965 -0.434187386551751
v 0.12811078370215 -0.00103080068813414 -0.139250596027975
v -0.140414176273556 -0.0559777609204504 -0.222964194258872
v 0.0956097444485767 -0.0458331209144488 0.0815038984223345
v -0.120857062262961 0.262804603174615 -0.379178434796759
v 0.112602931820255 0.0961070556399544 0.158271582009588
v -0.23970812748665 0.279113462868254 -0.386903312169358
v -0.0703515062464938 -0.120805062158971 0.304492545058753
v -0.142665974759625 -0.0266482812788377 -0.225312790488097
v 0.0891340825376677 0.138734439772471 0.30301524165803
v -0.00762890221646493 0.00948185996242463 -0.276910626036302
v 0.141171437391262 0.0382551917234637 0.0602172683523424
v -0.0719082557765811 -0.0242327974684637 -0.272897564685329
v -0.336146819048374 0.0887499695792445 -0.47714175638365
v 0.0934807813077074 -0.155165968097254 -0.112355945896274
v 0.150175297465754 0.0485181881013486 0.326227492926759
v 0.0868205192968733 -0.00889067638033789 -0.189774956040526
v -0.255814347570364 0.135712070871706 -0.390112642967081
v -0.00384335058677981 -0.144258985325527 0.0246703796981285
v -0.162428916162168 -0.073840048903938 -0.139333012232622
v -0.140915311273147 -0.00155712866724325 0.0436887820438314
v 0.173388180036408 0.0498391126829014 0.256987078843087
v 0.140828201573335 0.0388018334923457 0.0736279768784954
v 0.0759564196752753 0.152369285201658 0.256071172415846
v 0.144311806959613 0.0362932222469617 0.0947941155164647
v -0.125834105374981 0.00105856146136563 -0.0565506349619326
v -0.32405280188598 0.122570017921596 -0.462600142549534
v 0.0501253188154108 0.0157086228086273 0.372425495882139
v -0.207087349465175 0.105853762938782 -0.413611219419241
v 0.131009140927123 0.0491865667653051 0.0963338396186741
v -0.0481298915854013 0.0142165170406974 0.398105958633583
v 0.121589658502993 0.035606462132675 -0.0378786428937903
v -0.146283609021854 -0.0320218592624624 -0.116080808603684
v 0.0412752353255802 0.15989736337494 0.13954891977333
v -0.252959203959363 0.233712771348567 -0.478027166582743
v -0.0896136820128546 -0.0666286937732489 -0.235597611896925
v 0.118116540234138 0.0465217984111476 -0.0209910760168171
v 0.13382855735586 0.0470905679258702 0.117848667257892
v 0.0887872394935784 -0.0895683359070813 -0.183685863402326
v 0.0547779200600987 0.0958626524193675 -0.105781485014505
v 0.128565321713885 0.00424816752823003 -0.0403145869487222
v -0.108738182836696 0.260324732468554 -0.355377834257024
v 0.122341985961339 -0.0184890001007843 0.0318467132046634
v -0.0765175183859901 0.0746897613962804 0.291402869888029
v 0.302887134229088 -0.31825829381589 0.370543594038586
v -0.00109903017358783 0.0334057556204103 0.411249499272478
v -0.129211943362139 -0.00026499738883023 -0.0447487441706823
v 0.134833805498118 0.0440402058318606 0.342040316646282
v -0.105852106628898 0.152338121459559 -0.235404399972399
v 0.0714762241088177 0.0787814547097397 -0.104299579599267
v -0.0653302762124408 0.085996727924914 0.287316017832914
v -0.0602600271574518 -0.0572165797619252 -0.241834348170954
v 0.115768763461 0.111844960885551 0.249732501022269
v -0.133010524318734 -0.0294625443864006 0.226185527394679
v -0.223106419905694 0.27902921037608 -0.402212725977357
v -0.13454441972207 -0.0164257935721332 0.218608495512718
v 0.119623252363803 0.0288485740706792 -0.122517587872157
v -0.297218139419952 0.180669605318795 -0.485609141329589
v -0.149192469442904 -0.0217551442422073 0.141747106522221
v 0.0683074377721986 -0.0148693947388771 -0.209354758256249
v 0.141110476811595 0.0365332473196702 0.0422058266005673
v -0.131893079526382 -0.00716693234045014 0.205317515213958
v -0.112424048816998 0.0342537678614702 -0.176437078272506
v 0.0308645224261694 -0.00292111819848559 -0.245832209945173
v -0.149109122554205 -0.0199450009876915 0.251006775616585
v -0.135297873610211 0.00475889283936131 0.0741842663367245
v 0.170125885047907 0.0470250839027521 0.216958725980433
v -0.00723969109303843 -0.0269240595118509 -0.263579531060666
v 0.113664298907263 0.0113965510004266 -0.16001762355656
v 0.194698952656921 -0.20811480653965 0.345410295481061
v -0.0917114746601847 -0.0575424601920421 -0.243926258255439
v -0.295509380140834 0.0901613435216597 -0.505252984282453
v -0.0369073262500033 0.00834321704948754 0.408648221413336
v 0.134552215662096 0.0197850737660283 -0.0228491190791282
v 0.0769616266288723 0.00268256779029849 -0.199399589025206
v 0.182489493791444 0.00981988204285498 0.237169026549713
v 0.124887135201052 0.0155169114532369 -0.131733352035598
v 0.306184852843386 -0.28419912914639 0.397356981592472
v 0.13622358629933 0.0369599139807866 0.149358826072399
v -0.202414266303909 0.175156526278899 -0.344547931093343
v 0.0622787218130666 -0.00542873832270971 -0.214928234930729
v -0.132838721682148 -0.00335926479122787 0.188426689920704
v -0.149546090486147 -0.019644606221543 -0.122287175167513
v 0.0608864806258811 -0.0199103792028587 -0.216744159675712
v -0.116810555546921 0.0327740302399743 0.237112053997096
v -0.143255770734769 -0.0591682205866114 -0.115765958008657
v -0.298987066212427 0.100259917721792 -0.455835650950507
v -0.142984028323824 -0.0311603031839753 0.241900593161722
v 0.149023941992274 0.0282133916982163 0.0666267378885085
v -0.044411680118642 0.198860960395929 -0.287672840499623
v -0.141337255500996 -0.000547265322922882 0.09309932889491
v 0.143384212720507 0.0160038162817447 0.139664778920361
v -0.166436758019278 0.128786816753902 -0.404627313539195
v -0.313651458174061 0.163605833967067 -0.458812048499633
v 0.054108713801505 -0.0243257829267201 -0.223757853325939
v 0.107022548838462 -0.0619223142729404 -0.104149383238309
v -0.0806901225518569 0.063410504699035 -0.0940558872981118
v 0.0172219870904358 -0.00510304499129465 0.370156046699418
v 0.128842263685456 0.0264245136246344 -0.0330913464329118
v -0.134463164923736 -0.0220031874289337 0.305476374491295
v 0.0415015177085018 0.00870918526919305 0.366387625813768
v 0.0970437616710703 -0.0438587514134523 0.0528457981570432
v 0.233734567159231 -0.337593638341868 0.0410857249360919
v -0.133649048100915 -0.270121489387231 -0.181961361850884
v 0.0262622038370156 0.00369556404514047 0.365998703056085
v 0.0784338777754583 -0.0200893805949947 -0.198900850296474
v -0.14482163967986 -0.039485362120481 0.143726707783086
v -0.167279202503182 -0.0534705567184286 -0.172616723324001
v -0.0674322313944725 0.0833312229234401 0.263218469753454
v -0.0542880845997618 -0.0355622371040862 0.387387886965279
v -0.177821158105136 0.149600779964163 -0.453799769434277
v 0.0469146371489115 0.153873241665283 0.131293204792049
v -0.125978121095139 -0.0533828605190894 -0.236385456470131
v 0.123580172530357 0.00943621703762023 -0.0606509264151691
v -0.136810945883514 -0.075823575444098 -0.110824929772699
v -0.114594031348077 -0.019035566872256 0.329289088878043
v -0.149873026243898 -0.0397234560320347 0.0477142761250898
v -0.053049552583056 -0.0932528423877193 0.330623905876134
v -0.115973513315376 -0.0433776404064037 0.192512614832879
v -0.209217442326179 -0.418862433967466 -0.287287419337641
v -0.167314686139541 0.24259035798239 -0.301886297786984
v -0.130655171266866 -0.0654767584966482 -0.227042164380511
v 0.123526295997313 0.0230578921563709 -0.053239487982097
v -0.0630713293219732 0.0805692158525312 0.367943565411994
v -0.107970803326596 -0.0103130399666579 0.336068657059653
v -0.131826600959008 0.0990961095416033 -0.311617689768832
v -0.101802265297516 0.0436606799536569 -0.121744772223652
v 0.00728204679168544 -0.0366795084934698 -0.254389411518152
v 0.121134580598166 0.0162063978215363 -0.144887644091226
v -0.114998715716481 -9.42690217575685e-05 0.328675290032613
v -0.194954857151031 0.254278488025101 -0.33264734884691
v 0.126144379806692 -0.0212528471179779 -0.120190312298445
v -0.240598435275961 0.167929777326199 -0.375264747572835
v 0.149027043756406 0.0267161470336294 0.0495969070917206
v 0.037647623497938 -0.0106558457481223 -0.239635849884477
v 0.175915909970316 0.0133989876090478 0.21520889341088
v 0.0789667805290782 0.11927786513025 0.129822398689146
v 0.0523265163654509 -0.0542892295759705 -0.224494840585043
v -0.252764832357546 0.218118060559309 -0.38186199046658
v -0.0808614536164196 0.0684467105865431 -0.210569064883747
v -0.11821193324773 -0.0435300938415393 0.326186879604347
v 0.148257811042676 0.0149174590115025 0.125536551255471
v 0.0145664043037269 -0.0195000451403065 -0.257161258736563
v -0.0201609725217144 -0.147450662832201 0.100915746178807
v 0.162130150870832 -0.0225201369411449 0.22453543589914
v 0.104402323793933 -0.0319654660632092 -0.0461951276624323
v -0.0554354899835653 -0.0488259061771494 0.389284875016346
v -0.0638974558069258 0.0225018248926172 0.379847304442708
v -0.137457942037903 -0.0413066166085121 0.242059575831018
v 0.128053863805929 0.00176996936351853 -0.128059373929982
v -0.0866405278303295 0.0648904712571445 0.327510573307593
v 0.088024508064209 -0.052084463732706 0.029906781971016
v -0.0968103739942324 -0.0927560647597141 -0.0293233483133361
v 0.149093737561625 0.0294524578119413 0.103532771611929
v 0.252601310861053 -0.2250881149195 0.373475011438467
v 0.0295222864868941 0.0147019625768765 0.37467645774212
v -0.0912839374810675 0.249449843899023 -0.277325510415552
v -0.149235491611154 -0.0186268817489225 0.0159221233090916
v -0.145910814250389 -0.0436182629229053 0.0249478143394861
v -0.121664442612207 -0.0255020846202983 0.321413493518967
v -0.172783700731328 0.177729821898152 -0.307097885318479
v 0.0900400124181727 0.0540904732168089 0.387612830621842
v -0.0477449797504669 -0.0197930394252346 0.398328783620913
v 0.308343618080184 -0.343381583837826 0.413997579616272
v 0.14895019023711 0.0451726237947884 0.184960198801478
v -0.162070250812123 -0.0348016705855678 -0.194035838515119
v -0.0801517649480343 -0.0544194875933016 -0.246183576744468
v 0.184535687439207 0.0199005028379451 0.243864606523457
v 0.0965003740189838 -0.0769412840623142 0.304427465069006
v 0.0744445276607149 -0.0066061214508141 0.352108588612765
v -0.104419573059608 0.046492551416129 0.270806405295004
v 0.0316648516649846 0.107493842167987 -0.0177036357013049
v 0.136802719790989 0.00641987143361044 -0.0157912230499632
v 0.011891430940344 0.00948461737542672 0.395804599231488
v 0.180432497591738 0.0270065588849486 0.226181626212072
v -0.26956648774598 0.180880489794483 -0.495005471963284
v -0.0520139524429523 0.0730772890699618 0.385151976709242
v -0.0504952076988766 -0.0623217737623498 -0.236579251718225
v -0.134237731288383 0.00202878222353781 -0.0116978307041585
v 0.000357747481600159 0.145178099890397 0.135972150191338
v -0.107879380560229 0.0796983892581884 -0.334436366311359
v 0.00284236333764115 -0.0148245196314435 0.395478335121387
v -0.0992959195862712 -0.138725432417372 -0.17492290210671
v 0.0722751700962646 0.108007405964917 0.0906400349282787
v -0.14486443211377 -0.0102980900759605 0.152232266194394
v -0.206403781289874 -0.368120863534551 -0.218523240453102
v 0.131763526198486 0.0391837348380018 0.163190571454725
v 0.00395669329623318 0.149959980349848 -0.156068691771821
v -0.128316540600929 0.0111884755902883 0.0494601208637717
v 0.0619624771690923 -0.00397426732457171 0.354644380416596
v 0.0214663836925404 0.147098178069152 0.319972740795052
v 0.0661043291459302 0.0143670162612934 0.371355312144137
v 0.0550314011434763 -0.210091634722498 0.431081862892559
v 0.165440535731465 -0.101894146435583 0.297042670722017
v -0.153612977241827 -0.0170619273868982 0.0968990574825029
v 0.0570770303539847 -0.0839430604300124 -0.0650780368535781
v -0.134180471197562 -0.0494743703196308 0.302409135117788
v 0.117950376372528 -0.00491159823162846 -0.0944477427562522
v 0.0188473730898254 0.00893563323988387 0.384649178729152
v -0.184181706864386 0.257447157818221 -0.456918990581608
v -0.108723688118313 -0.0382429773523337 0.210690862372742
v 0.078676091663686 0.0712340284497191 -0.081220709124857
v -0.117168271141604 -0.0310768000392524 0.202051284422801
v -0.0487066589446063 -0.0167423238346523 -0.277444095700133
v -0.12171547645499 -0.0427726926197917 -0.0868712611004589
v -0.20869206449003 0.130279982669136 -0.455464184847923
v 0.125723176833752 0.015935372478626 -0.117979102382416
v -0.133740068585329 -0.0419716317038675 0.168940357899949
v -0.037918651477722 -0.0501064223664884 0.239546756767776
v -0.0883024762876482 0.0622568030643609 0.211792897884881
v -0.169065381516993 0.172351719945783 -0.442921225557163
v 0.064722991942431 0.105302501603245 0.0284744480318973
v 0.142342947854819 0.00623383111031636 0.0111093343674667
v 0.139541402221266 -0.00437856378121778 0.334487131985775
v 0.0710262830577262 -0.248409604705301 0.441746066012226
v -0.139413053695502 -0.0417808097085196 -0.227712689753825
v -0.0429449959712471 -0.0355964938429783 0.40262015240596
v -0.0342084718528712 -0.0364347653073253 -0.260624313591047
v 0.14756572560349 0.0262941700528219 0.0378845618329758
v -0.010012681700828 -0.0172208361947291 0.405004850812245
v -0.00388349595913888 -0.136959520774351 0.113404991967638
v -0.139651637466594 -0.0109230562430738 -0.0229670919748308
v -0.0214394839877144 -0.0516328968691041 -0.246963138100258
v 0.0610089003939498 0.120308185056467 0.0892112598694812
v -0.167794416221757 -0.0418634126887516 -0.169047603259347
v -0.0741275055939605 -0.218561914201034 -0.110514142861671
v -0.146797405091008 -0.0482028398976337 -0.118098207146338
v 0.0945934359584365 -0.327074716382027 0.504953364411604
v -0.0823769761107926 -0.0801996282346608 0.360548150797576
v 0.163627841863793 0.0472449875685562 0.204764490486777
v 0.0460537831439777 0.0394382852623715 0.390276186257691
v -0.124194277585502 -0.0254666053647284 0.195060879485302
v -0.158555846694355 -0.0485385266968146 -0.199248612095889
v -0.14448635747948 -0.0400601038564928 0.0057977943555024
v -0.0331211253474187 -0.0305471692105374 0.407802866118232
v -0.105398531675772 -0.0473045719076374 0.200838860054534
v -0.12159591297464 -0.0348368412892518 -0.07269734857342
v 0.175488453736357 0.00150033229557954 0.221829324148271
v -0.0921677562480862 0.0374256815411959 -0.295850186035461
v -0.121231341145122 0.230886422160237 -0.253664598001339
v -0.1924378747057 -0.385575756451055 -0.217853232566022
v 0.0824488462446516 -0.0319630301243876 -0.193998079752912
v -0.344955594658196 0.114821801902777 -0.519324446567578
v -0.115971431184594 -0.0692803052358196 0.323165979563756
v -0.0935706519660143 0.0524348927697349 -0.142835918812752
v 0.145988463069114 0.0264194006050595 0.132445995884519
v -0.151833872877787 -0.0331905437728873 0.117022335831906
v 0.203558731815535 -0.15548432911192 0.32240871729649
v 0.154577441692558 0.0137297068621512 0.188937279036985
v -0.114969512803024 0.115957717838036 -0.365706593015288
v -0.000393271207604558 -0.0303234306876801 0.343215130958458
v -0.104480575391676 -0.0551755929371718 -0.244065898395112
v 0.115254843854098 -0.00400864495482361 -0.0811469524810502
v -0.125257071204917 -0.0607561770438009 -0.0969243482892208
v 0.0642737810079268 0.0868654676003149 -0.124232410073114
v -0.109155468436475 -0.0344504732342317 0.335312283780904
v 0.116176070819046 -0.0228452574793257 -0.0104552160584446
v 0.126802040721173 0.0126637483432845 -0.0502575071428392
v 0.1585112000619 0.00950791198566877 0.315096464056271
v 0.116477915870914 0.0580449326708684 0.0174551731663546
v 0.0553997991109125 0.130445662611199 0.0996797394612422
v 0.254963196599844 -0.344597095349506 0.0287860059630152
v 0.119754052409322 0.00450281330682415 -0.070955074548926
v -0.0785134981241935 -0.0192294875002741 0.366974075171841
v 0.147345496346691 0.0169857076411992 0.325608354573295
v 0.0882030731793467 0.00202975929165488 0.360251849129096
v 0.00355086849020476 -0.160292878722692 0.368929871051018
v -0.106945407525382 0.041937626911186 -0.238462418439482
v -0.0812726003607507 -0.050618151176539 0.231435316765971
v -0.0829214658174056 0.199590684444156 -0.212440512287814
v -0.139195907073305 0.00699685731620417 0.227826787572361
v 0.0361235090612701 0.126886430212014 0.0385252129586051
v 0.041795161748081 -0.0563122233836014 -0.230336654816483
v 0.0734511536221902 -0.0206761360669085 0.339323325343639
v -0.0169162368344292 -0.0567993096790167 0.365338741360525
v -0.246779295417009 0.242398161565825 -0.47002990568314
v -0.237196454193102 0.246225512620664 -0.479015901823988
v -0.121084018353243 -0.0684285823739924 0.26172075534944
v -0.133653729158221 -0.0575218897549517 0.0600907563960225
v -0.0582559840293321 0.0935060817943616 0.303806361682477
v -0.135070172481704 -0.0283245293867875 -0.0368898410131497
v 0.0210535318228787 0.152076592330369 0.115691029376014
v -0.151952422692387 -0.0374260408299306 0.0737038290149147
v 0.023208260407394 0.129734513182351 0.0373114126605324
v -0.00308574053962629 0.149155080107203 -0.131367198067181
v 0.155392563679219 -0.0177780462762013 0.313799627409126
v 0.182299564990783 0.0290960869844954 0.281860995675421
v -0.00911578429070286 0.0963352751971854 0.37177608724774
v -0.192215985198361 0.109070969318794 -0.408932902697567
v 0.0731465267878103 0.0766597106275248 -0.183958902795796
v 0.167557105499919 0.00984704026968767 0.307219757933433
v -0.0784444971043825 0.0712929671409211 0.221408507396114
v -0.0251178554585551 0.125141768911806 -0.299506161944015
v -0.30855604393074 0.0934318715973162 -0.464745561875159
v -0.124359448562966 0.0229296368098023 -0.182854212533458
v 0.0430475583507681 -0.0437945314857393 -0.233604139556333
v 0.14652517362031 0.00494882500507048 0.0676584147870719
v -0.0404700351085706 0.182496940896032 -0.182357180031786
v -0.130490359662561 -0.0404886523598933 0.31055289518704
v 0.123926981254063 -0.00420823809626159 -0.0478233562083804
v 0.154607569210067 0.00199314041058643 0.188921009119677
v -0.0656079561983473 0.0872753150940474 -0.192265384201465
v -0.150256049880727 -0.0166726204161151 0.0327734626271314
v 0.0468214085944181 0.134634412994533 0.09032060481083
v 0.156848694055853 0.0241063534122233 0.319229523570417
v 0.0753348206990261 -0.0558862812689914 -0.201088147430954
v 0.140803569693217 -0.00063306621024327 0.0427198730666602
v 0.132653292416998 -0.0100391735315293 0.0944761047118728
v -0.13931122425421 -0.0425620441526901 0.155993386236933
v -0.0271909547987468 -0.0787137448236556 -0.221963094144805
v -0.0422980089806397 -0.167234128791504 0.33986176091576
v 0.10790966711242 -0.0170667195307539 -0.168276349987448
v -0.141236437829035 -0.0499897847543238 0.0507428125358791
v 0.149691831641898 0.0100976347699124 0.100988819604105
v 0.143383892991161 0.016432913822126 0.00652697875747483
v 0.101222749431167 -0.0622676635932323 0.201518100261362
v 0.031013660789407 -0.0344777153411958 -0.244035199450142
v -0.141092514973888 -0.0330183509585188 0.161611239343409
v 0.104892604881471 -0.0363792796289385 -0.0981036481233395
v -0.113444420394597 0.0342660749821677 0.313930091895303
v 0.122815680479048 0.0572209566586548 0.0906792856520667
v -0.129358911113979 0.0199699371731527 0.268846836653361
v -0.183474714406869 0.240154955183398 -0.455297795413688
v -0.140838529767611 -0.00665295470925066 -0.00723683400189371
v 0.100809054593839 -0.000964805768364426 0.357942278820643
v 0.0903000701252364 -0.136316802388497 -0.107349051942679
v -0.0916931788772693 0.0588799072662195 0.281173087440613
v -0.134239688499125 -0.05972646125039 0.266962006314134
v 0.141358132381699 -0.00121309474064131 0.101588681407701
v 0.149205189364097 0.00881255386865938 0.0837788342336755
v -0.01589115456436 -0.0419264717420866 0.339431921964842
v -0.324897227554999 0.0901586182674959 -0.471550937926407
v 0.144165142052232 0.00401975377796634 0.12425550036576
v -0.0466526310050963 -0.0728550475849533 -0.227276035171174
v -0.14726837991901 -0.0431518153025138 0.0366816219949259
v 0.167919895553921 0.0010186910665492 0.205245987752795
v 0.0817329221371094 -0.0280892620056606 0.332874343578436
v 0.0874612817011642 0.0680453821493248 -0.0383689515657516
v -0.0942023788258465 0.241340287849771 -0.355784273775027
v 0.11790006014534 -0.0180802758099656 -0.0340433057941783
v -0.144686459955098 -0.046383543864264 0.108565292759228
v 0.179055913038386 -0.000996618866500387 0.242145456801755
v 0.0167362012813865 -0.00883434858934041 0.359200019878047
v -0.0327085198177118 -0.0425763638800134 0.405564675092793
v 0.125442288883342 0.0375328673461786 -0.0212620439966262
v -0.186118390298575 0.205999486256614 -0.318626212818151
v -0.252425160671928 0.190208193067224 -0.495148758986798
v -0.120328266535089 0.0309096504568106 0.268698536118905
v -0.226096549543925 0.131724835260697 -0.463981838768494
v 0.0546817342778376 -0.215204038021319 0.447997808859497
v 0.0793531301226049 -0.219496090652384 -0.0582510133488446
v 0.137084780660893 -0.00494357455392458 0.0582938522705178
v -0.120424932434165 -0.0708733144846892 0.0996024691311791
v 0.145517992292498 0.0224465428618161 0.182194340344084
v -0.10607107162115 -0.0675720928732657 -0.0761980986102645
v 0.173300023563417 -0.000688636887752753 0.298794942052829
v 0.200170694380901 -0.191923332785279 0.366217762810293
v 0.219425059623848 -0.352063184876195 0.0410603347066411
v 0.136196991245388 -0.069052307195248 0.227417839393685
v 0.137485423514002 -0.00508668034318953 0.0733032285872985
v -0.151996446968449 -0.0678817403247791 -0.198081217314914
v -0.108614325518197 -0.0457686666287389 0.225104106816802
v -0.0489685821944618 0.1844612619112 -0.185591380219476
v -0.105058791154262 0.0400801867235163 -0.110144462156337
v -0.117212432061276 -0.0773644030178381 0.281466687624676
v 0.0147572259079688 -0.00316936741640895 0.384372107100528
v -0.0308381244084295 0.177284915395513 -0.291804720386176
v -0.0100324616492094 -0.0757364816942212 0.377332716296949
v 0.110145694726082 -0.0158662813402066 -0.0727484051646571
v 0.115953768357098 -0.254467219202652 -0.0431067319267715
v -0.069641998735974 -0.0530636040346686 0.237027896012078
v -0.10101347475533 0.0502114791911027 0.297385745551333
v 0.0910017038855951 0.0595749207984263 -0.14308356007492
v 0.118835306129521 -0.00501387888468097 -0.0632175815756003
v -0.132091620476654 -0.0586855428698715 0.11581087494925
v -0.097676737097968 0.0792358976160853 -0.237935858687351
v -0.132888802462681 -0.0493440779497915 -0.020557790812886
v 0.0374971682572835 -0.0297051205468995 0.330533318793211
v 0.0691979811655012 0.0371978924131705 0.388498216034882
v 0.178074564806984 -0.1232701550085 0.29716664567713
v 0.112821438905777 -0.0175150468486387 -0.0596855735081723
v 0.183312225632584 1.21135274479843e-05 0.26349030603703
v 0.103706511246052 -0.0298908678417913 -0.0591779118825827
v -0.168394704100143 0.227981599437507 -0.439721208133508
v 0.0738039994581707 -0.0779828771206491 -0.198573139256836
v 0.0795301407300467 -0.0447457684896381 -0.196275115317276
v -0.036422847878147 0.19300268222589 -0.205744279030708
v 0.151542444303676 -0.00873239216960393 0.187984290830213
v 0.28570561859878 -0.253405746605077 0.401461495217383
v -0.152075944550255 -0.0187568257628968 0.0442881560161293
v 0.120045780551327 -0.0179223754688159 -0.0211735088303265
v -0.124553833855993 0.218613402955392 -0.396211669894452
v -0.125546556188087 -0.0646210035474842 0.00776243606703999
v -0.0883086779119026 -0.0535055899251726 0.35707831631796
v -0.115041718317291 -0.0520928035963055 -0.0807367447184095
v -0.153033744127774 -0.0629301890515767 -0.126068871715256
v -0.16306589253481 0.267562720950185 -0.435780099684038
v -0.0478406286226794 0.0873906581051635 -0.0266239227912342
v -0.10579962109739 0.0627649000192815 -0.244319710921654
v -0.18608106967315 -0.355576793590303 -0.200480195955083
v 0.0684029585330876 -0.0349732729571712 -0.20886624863515
v -0.125083192152192 -0.0645139353652957 0.305853860812069
v 0.106430961203877 -0.0348267947749391 0.0717262142933887
v 0.128488683351359 -0.00391401583652573 0.158883181560608
v -0.0717315813670124 -0.0367408116292585 0.370569450938872
v -0.145513446625934 -0.286321089013538 -0.186661255493928
v -0.228133364143795 0.261838649962223 -0.458942898648622
v -0.218245847332822 0.276202162940605 -0.440465822066133
v 0.0549973699542907 0.0964359961867283 -0.194584337983779
v 0.134815266246634 -0.00410006446606465 0.00826376692472608
v 0.158385717875102 -0.00541584421652249 0.312461028194142
v -0.103615105995086 -0.22238846801106 -0.110330265962945
v 0.0614921281338511 -0.0453741917648363 -0.216375137902631
v -0.127668568479297 -0.0425616135702047 0.232394960554555
v -0.181894427664319 0.118779576251611 -0.415314110470039
v -0.00569842893934367 -0.0283580411702602 0.353026606606072
v 0.0946230426711649 -0.038333054020762 -0.181966979181476
v 0.0262007675086489 -0.0133745300243001 0.347221100308577
v 0.0806335344889105 -0.0662898095142917 -0.194115665395381
v 0.0102148155061216 -0.146406366163142 -0.0692667723105737
v 0.130368384216274 -0.364548564340383 0.548732285857176
v 0.0391898324372519 -0.15902476967602 -0.081131521319871
v 0.0143739229723091 -0.0220691303181619 0.343365277160146
v -0.0171862096728309 -0.0407846267966203 0.401022778768599
v 0.0948516536445762 -0.0284861260070875 0.333654070639338
v -0.117233456414498 -0.0730964886812882 -0.00444849702756017
v 0.126784586492142 -0.0116439925665507 -0.0118763201893755
v -0.0731067758996562 -0.074520399490851 -0.226568246285887
v -0.0779101360370143 0.0653008843993643 0.359153236287021
v -0.284865716323875 0.196275948813792 -0.480701175110835
v 0.135441869268707 -0.00241836545471583 0.139325328836876
v 0.213139333972101 -0.223155503772781 0.361647981130646
v 0.129188823581476 -0.0629000998730896 0.313502402301255
v 0.0811024538336995 0.146833833525593 0.1937471965154
v -0.0379029072526754 -0.0108927515831273 0.407781725608729
v -0.159699438536719 0.116468824494805 -0.357476686781812
v -0.180589085284552 -0.380453096363884 -0.206547942178436
v -0.158982539137296 -0.353747699124016 -0.191248381106898
v 0.098256617884894 -0.0333184507404707 -0.0703227305563432
v -0.137029463419803 -0.0732346462641165 -0.215540473277005
v -0.0463713261858147 0.0370944814266816 0.397684353787299
v 0.0341875516699193 0.104469266709226 -0.0411180916042862
v -0.141633367958817 -0.0781886388437819 -0.205024379550911
v 0.140219626252731 -0.00225953094355119 0.0885302655491695
v -0.00729012065847238 0.141586627926258 0.18778809642259
v 0.0344660745531094 -0.0667937995148341 0.192559930368214
v -0.163285191317625 -0.0724871387648968 -0.16859041004871
v -0.183166537621873 0.304776513006807 -0.450841624399643
v -0.207857119761161 0.207221350996644 -0.477975829908677
v -0.0312305143937027 0.104773527316648 0.0433373854303997
v -0.11674625767107 -0.0560899810722219 0.18335701314789
v -0.00427521401877541 0.145478133811982 0.224744105113141
v 0.149326080708612 -0.0237072251616484 0.193543885018916
v 0.0187203414968081 0.100048279659129 -0.255285421362247
v 0.0118903501044339 0.0129999245326298 -0.262270619823644
v -0.12568585113908 -0.065479169546912 0.0586911553897533
v -0.00456829200279346 0.0762001542391765 0.391343052521093
v 0.105523056756085 -0.0437366775302699 -0.171572807269164
v 0.00270875135163706 0.152753582463446 0.242447811223924
v -0.0556482926209731 0.114003368889878 -0.328066039550958
v -0.110667412166118 -0.0727940549730923 -0.0403828085794097
v 0.0965301445837983 0.0692074315547889 -0.0104361406276625
v -0.0901780830060211 0.0561084655520848 -0.120627620895124
v 0.0511627608138717 0.120508530058466 0.0473566279446414
v 0.0907592266257754 0.059711949050668 -0.093273116065477
v -0.0921282825187566 -0.196429824156656 -0.0998757199873171
v -0.144483772879079 -0.000363858471242789 -0.141601715050553
v -0.141651782749915 -0.0466623586961814 0.287260780803818
v -0.102070682984684 -0.0189799591019105 0.342505265596545
v 0.174716831715182 -0.0126729933458962 0.24677305036954
v 0.126905338109566 -0.295146737219933 0.496176997531148
v 0.00132574979106419 -0.0734971073105601 -0.227226152343715
v -0.134522022277115 -0.0529204549773292 0.251587543750968
v -0.117360621936937 0.0260238383363798 0.189781432409896
v -0.141410162966046 -0.048028332451653 0.262741317821523
v -0.278249730193146 0.206137924832006 -0.399757318243204
v 0.119320108405144 -0.0453251699933286 -0.157722789893148
v 0.14184543533088 0.00190210842853666 0.0253042018870173
v -0.140934700817489 -0.0927799668923973 -0.188121964591883
v 0.0509794637027811 0.0823251440364249 0.384453505845827
v 0.130059873529167 0.090587823879835 0.180761655769795
v -0.122851562320988 -0.0753542630510302 -0.0960370424987969
v -0.0277260332245702 0.113441507199971 0.0919882713916366
v -0.0948706142880226 -0.0362826100324838 0.349938605683074
v -0.0587424559957357 -0.0702337086229243 -0.229799927832093
v -0.0361584074221485 0.150071335621378 -0.310499253107528
v -0.13236207665884 -0.058713841580282 0.0451792132669599
v 0.136221363645267 -0.14661474317921 0.269716576746715
v -0.105167960669138 -0.0794972087840084 -0.223481021953707
v 0.0499892274246036 -0.0405817417967338 0.231655577135873
v -0.0245709840943016 -0.0549587076263936 0.356892803139636
v -0.147591733904565 -0.0809079742070612 -0.192469829584882
v -0.0354132992340319 -0.0715021927071201 -0.228600238144703
v 0.0507336545536586 -0.0669605143490085 -0.220172941334597
v 0.117065317925606 -0.0218161730996994 0.149546248400441
v -0.089258548481901 -0.0660493800974405 0.252389536068718
v -0.0120821689543333 -0.0473372562419758 0.370379176974233
v 0.0297972559247198 -0.111235901698733 0.105193036131487
v -0.0934107852547773 -0.0490026839279439 0.221650490798662
v -0.0334178157366329 -0.154580553869092 0.0375421185879239
v -0.14757102264121 -0.0966757597878148 -0.178389024999285
v -0.133870683811117 -0.0608566736976769 -0.106144223842526
v -0.125799291883947 -0.0563259888167307 0.169562939014457
v -0.133032216162243 -0.0522470044248626 0.157573099529538
v 0.12255238188699 -0.0186415974472711 0.123718456096521
v 0.120988073669909 -0.0207686604925129 0.102236827636258
v 0.0295287268180479 -0.0825384212347938 -0.212998736997454
v 0.149468120809972 -0.010512109116069 0.320357050247982
v -0.0089776997696981 0.13888736407436 0.166995858336486
v 0.0624871464096417 -0.0778688873856836 0.0526296713607686
v -0.135341433346743 -0.0560058670920229 0.0720529235535809
v 0.132262855743245 -0.0395809632813108 0.326857667697263
v -0.125021767466036 -0.0854766556149096 -0.213477439650318
v -0.0666030967436899 -0.0474731272418972 0.221262738473069
v -0.150090053320217 0.11472513075866 -0.344137953074414
v -0.231892842048079 0.263851196314108 -0.433847307336095
v 0.00194156731636357 0.0951952498822558 0.372406098433854
v -0.142638160461004 -0.0478044696415949 0.121769110856789
v 0.11068621012518 0.116874180453718 0.18293894085745
v 0.0567231932238567 0.0947770204872244 -0.121880829800215
v -0.0987239776498915 -0.0866247655163592 0.342580846504204
v 0.318291482313136 -0.339918241334266 0.413099818340442
v -0.105200378872599 -0.0568785517637568 0.194037131338753
v 0.151801114771642 0.0731878854373935 0.227323836661553
v -0.14477225138527 0.134463809353727 -0.285297866542221
v 0.110006816362903 -0.0278321840696083 -0.0283036470391846
v 0.131228484884455 -0.0107786873417371 0.119302835763311
v -0.234686914009602 0.261632702683199 -0.418773501414108
v -0.13481651125785 -0.0594836089905259 0.28081852721423
v -0.126311678316812 -0.0641017231724016 0.142575224050628
v -0.0451114972125964 -0.0493749875213645 0.400051524517913
v -0.211211150967512 0.139374776739199 -0.465944214339361
v 0.00624889377284682 -0.0438277034571337 0.248244862059224
v -0.0983676642302804 -0.0568946704375601 0.346623694635769
v -0.095852961018677 -0.0662939977635864 0.189125615912113
v 0.0989795289389939 0.0516152078809699 -0.0675537586676859
v -0.0456897392494764 -0.0370856721550596 -0.259792596379442
v -0.125177660150316 -0.0655076738041898 0.127696071797906
v 0.00877704966126214 0.11035504103768 -0.0115451775271437
v -0.0558848791692874 0.0886044484751539 -0.0929728154120214
v 0.157880289352891 -0.0224890398727373 0.209858775570454
v 0.134331526682022 -0.116941930274364 0.239980045734352
v 0.0393558859075224 -0.053134855200143 0.268551337554652
v -0.15330559594716 -0.0753201573405664 -0.127387829775999
v -0.0202867295268245 0.172140886145901 -0.26814147082769
v 0.115573280818873 -0.0122091289345555 0.348858523058351
v 0.0996175415570769 -0.0545402527624195 -0.177626667098686
v 0.0289256037330069 0.113093285175014 -0.0629031230158799
v -0.197468274253773 0.122543428868087 -0.440948564691823
v -0.123491863901189 -0.0868688152321463 -0.0973528424235293
v -0.136928160433598 -0.0541324907536753 0.0339318106483519
v -0.0910040251662799 0.18914566791707 -0.218271957564545
v -0.0805104502519404 -0.0593974522679185 0.245221127063948
v -0.27982093118687 0.155507554564646 -0.417332019215611
v 0.105365300962921 0.0666915914015237 0.00838817875688595
v -0.107258658273412 -0.0882172878820016 -0.215813071450989
v -0.116746454669795 -0.0647396598937073 -0.0881964735360261
v 0.024985679929607 -0.0377600872016184 0.323251828855162
v 0.0475845264204893 0.103762628024172 -0.202659171867728
v -0.140227964422306 0.20509424403012 -0.271808574207002
v -0.043782057872033 -0.0769088211783997 0.273479417067665
v -0.257034548278557 0.227944260769527 -0.39453595567457
v -0.047044750083302 -0.0849141835802889 -0.215818187874333
v -0.202627478342921 -0.42101533782887 -0.26225960546206
v 0.0771696081940186 0.135415335014091 0.141336206751303
v 0.105684728981852 0.0760224875695183 0.372313843916176
v -0.0241894827845062 -0.0701481166557182 -0.229875015467216
v -0.217405606143851 0.26587079308534 -0.461179178629386
v 0.177935325537434 -0.0123229104585214 0.278165096957753
v 0.166554405628447 -0.264645541536703 -0.016029830746418
v 0.0545178718431606 -0.0481725038702709 0.251387496156754
v 0.121455437516923 -0.0158698484496642 0.161925440618807
v -0.200953350338223 0.262435717448117 -0.346751194798842
v -0.102834660866606 -0.0760500484055353 -0.0570034874694835
v -0.11819124689137 0.0152866069567653 -0.0654665017273995
v 0.0180110384559492 0.00199368491841552 -0.256848119000111
v -0.0962772897210448 -0.0540305238754052 0.236287087970994
v 0.0907595394939013 -0.0640218489908324 -0.18561868814989
v 0.062259846919282 0.165959922341256 0.263632153705099
v -0.071495098750531 -0.0642684955609637 0.370818445367057
v 0.114980971725753 -0.0595343573372638 -0.111987409818497
v -0.0126385022921093 -0.040905119392572 0.224108073919302
v 0.00758717798815553 -0.0607489368879833 -0.237511495433821
v 0.127782137916601 -0.0147261517141003 0.0807979608476303
v -0.0839422595782812 0.165317849660902 -0.212583881787726
v 0.0161364445349655 -0.0670358244809195 -0.230441340321794
v -0.000587757810243012 -0.0405046403405664 0.239125656073528
v -0.0602076255149099 -0.0613161569465149 0.247914992684388
v -0.136867243177355 -0.26160459510733 -0.159083993536188
v -0.0819880822428394 -0.0691924360742828 0.362444297040894
v 0.0227200842969158 -0.244581367952255 0.434481749026807
v -0.0513402600889839 -0.0656258779136245 0.393862552694568
v -0.224305703878013 0.280221473108408 -0.369686296198078
v -0.00727835802145595 -0.0617864431413071 0.269339062796594
v 0.0934996042940041 -0.045629703389009 0.32121871598162
v 0.0682235528356829 -0.0613587298916669 0.279327927880522
v -0.112477939675363 -0.0767507177998402 -0.0207400602982517
v -0.224964468709341 0.254524762926621 -0.471547287144122
v -0.120752099343454 -0.0635772709463141 -0.0290090901804995
v -0.104796657615278 0.0463078341110731 0.242423270782694
v -0.107489640555363 -0.0665579586708503 0.253644705332305
v -0.113045533693479 -0.0730112993515978 0.165826130348083
v 0.113758980522265 -0.0266805114383834 -0.105182445197625
v 0.135965275766721 0.088377806135803 0.196640506288506
v -0.0192164759270964 -0.0436549917192126 0.234839417946934
v 0.0802494913423189 -0.142766687743363 -0.0922511746549082
v 0.0943826310805479 -0.038915405379321 -0.0863677419577963
v -0.154378602530086 -0.0864628668549875 -0.129187879385963
v -0.018142062947659 -0.0792510710783712 0.292799713040547
v -0.107667422492259 0.0287038485704384 -0.0717793671239678
v 0.0529347814356151 -0.0438908642316276 0.316705873874706
v 0.0803859778836509 0.0732252626835103 0.386765286892629
v -0.0735398989507166 -0.106471484033634 -0.197841554306914
v -0.0634898876166683 -0.0587714193128643 0.38036102522763
v -0.181206230087819 0.124750315171134 -0.425321182113848
v 0.0130735114164218 -0.0506252119058749 0.261560214240753
v -0.0462831050512949 -0.0477218115684517 0.213626292056202
v -0.0261414078748526 -0.0520965221130445 0.247020035380318
v -0.135540531837756 -0.0559962339001673 0.0999676994531215
v 0.106357421435957 -0.03466854857786 0.160087918858313
v 0.157236313095533 -0.0454384529004184 0.273124274410129
v -0.0693559998662392 0.0668436134273736 -0.00784822213666037
v -0.143729656639516 -0.109340999963801 -0.17473442854462
v -0.083255054986573 0.0582739517921937 -0.0811288669182223
v 0.0202264581155746 -0.0599703060424173 0.287530452386372
v -0.15931400507196 -0.0267056638720197 -0.141529748420108
v 0.115583548602997 -0.0252496666018153 0.0389192874174745
v 0.161938393013245 -0.0284117526303539 0.239867364302232
v -0.0884173131450575 -0.0587289294528377 0.199426097985691
v -0.127504235107335 -0.0187158628332399 -0.0743272458628618
v -0.0834130644652056 -0.145210977007451 -0.0904003949413664
v -0.128898086573818 0.271357313780826 -0.378224311267919
v -0.196009548418447 0.214449548760405 -0.32856490664575
v 0.0281366175511817 -0.0708953865057963 -0.224275584227826
v 0.108634944830738 0.0543045691538457 0.372848624025783
v 0.129038057374457 -0.012027175359654 0.0408370343947525
v -0.0317400898149834 -0.104100940173708 0.390840046352144
v -0.0300772710245783 -0.0560600517165294 0.401499792361976
v -0.250769596064535 0.144755467582668 -0.385123302220511
v -0.129061288597395 -0.0143588363262227 0.195778825745704
v -0.0589278878949387 -0.0801921793005566 -0.220240533643364
v 0.105627771246712 0.0447461320974075 -0.123878913745988
v -0.09335084499671 -0.00561084258790026 0.351778942846171
v 0.123789215126426 -0.320937013693816 0.487942342631036
v -0.171637031894045 0.15879636657383 -0.447172639552422
v 0.110846072347943 -0.0805394715266578 -0.16012449055871
v 0.114469098681442 -0.0250127379022361 0.000509187091243651
v 0.130415119835628 0.0982001917692129 0.299410356125268
v -0.114928290717743 -0.0797421350743334 0.308683611618674
v -0.16302652038612 -0.0877507329108619 -0.159647805004443
v -0.123628346676436 -0.0672595498149819 0.0379489738572232
v 0.138711933184719 0.00824005990334167 0.336135998378812
v 0.112863745006286 -0.0391161325442607 -0.106125496047839
v -0.161394851528758 -0.364925286002177 -0.213940532403003
v -0.129206911037229 -0.0619398911771638 0.0844421993639285
v -0.0670992409911275 0.0683838405914571 -0.0208665582553041
v -0.013968765901835 -0.0494471562032661 0.24854769759869
v -0.0177156981589435 -0.0851152892286697 -0.216030584989588
v 0.00249907402280204 -0.138576336708728 0.0757638856070129
v -0.085970211905706 0.0642447199822193 0.191878697840099
v -0.132719787783783 -0.0937920985055119 -0.197109483279202
v -0.102563778301279 -0.0711123230017802 0.342237674893279
v -0.00695117074606572 -0.0586221447751871 -0.240858240584127
v 0.048976715654101 0.133039960443767 0.335198762256665
v 0.133149534608664 0.0113571798551545 0.158473732393575
v 0.169360999588401 -0.295531190122069 -0.00758118699379219
v 0.0454811639645756 0.175271013868823 0.268908503979914
v -0.0516992116508733 -0.077451039879841 0.325771587300551
v -0.127377343607512 -0.09608719405135 -0.102206002097171
v 0.110544110937757 -0.0297618111966385 0.0152936548529849
v -0.115124147529905 -0.0758509127241947 0.0326641694385608
v 0.000430636680217424 0.129633458317499 0.058482962125488
v -0.237714902203975 0.106651870539579 -0.399211633353668
v 0.0454480331865034 0.104785121569836 -0.0971255013417785
v 0.124908690653627 0.0539414852928813 0.0594809926176765
v 0.105608736274214 -0.0753915247176947 -0.169265438746924
v -0.0915447003107265 -0.082551022203528 -0.221139803269743
v 0.0230643864805383 -0.0379118172705188 0.239729776158764
v -0.284033864476259 0.0985680284733252 -0.464238331432801
v 0.0868276927088861 -0.0369418638835907 0.32584076461366
v -0.109951663941179 0.0676477371665503 -0.302808230176212
v 0.128501641265493 -0.035011305151879 0.180462527330903
v -0.0901284800510567 -0.0747607221594476 0.261820811072374
v -0.103527682000089 -0.0869286636757776 0.139626299541085
v -0.111712273227714 -0.0657205193748613 0.179283808643674
v 0.0779222110799268 -0.0499262248243447 0.316069483070926
v -0.0339701248655475 -0.0438604779375667 0.225497647694697
v 0.111085855494616 0.0909828296806102 0.363285033037252
v -0.0227503673566498 0.135904649756095 -0.297785646592799
v 0.116266070264946 -0.0456690094281914 0.32450852447424
v -0.0375673108490386 0.10189680353759 0.0691592773895719
v -0.0836797642073791 -0.0820164970786957 0.271324817935664
v -0.0406975559544174 -0.0575129388731892 0.248710727739299
v -0.104104293537586 -0.0909827852259954 0.316106270479067
v -0.0875960559268774 -0.101965831916568 -0.203417233495912
v 0.0208251505537635 -0.0514927751176128 0.309445144362295
v -0.0574866172988504 -0.0733220747038012 0.264012204068056
v 0.181727706832655 -0.165949484851697 0.358572968691319
v 0.107120254592545 -0.0319990528976634 -0.00879260780110851
v 0.112125141617695 -0.0160846520246965 -0.0961895878285873
v -0.0372273351153819 -0.0956194072493831 -0.206084392554532
v 0.180198219305609 0.0151408419357682 0.292307462145499
v -0.0753710927213098 0.0468119919636601 -0.318828472710373
v 0.0359010094633736 0.11428335641205 -0.0991208885997046
v -0.109376092698845 0.26333663787282 -0.326391887919859
v -0.105271376953127 -0.0833084523938137 0.152634932474193
v 0.0233998735073606 0.128042929533599 -0.215517766417212
v -0.0890984570612447 -0.10067760334495 -0.037565582966872
v -0.0135776354664319 -0.0577687724469467 0.391068731570211
v -0.117692420566601 -0.0731640979073757 0.115720113144717
v 0.0095134404327145 -0.0633759311640795 0.286837657072169
v 0.119257495984385 -0.0104971398078387 -0.10490041925429
v -0.0771463001075725 0.0730094152832243 0.251953611856481
v 0.029101948367938 -0.0575082300688529 0.296066642899334
v -0.0101239532339669 0.0180598799828843 0.413450882535639
v 0.130039483160199 -0.00343821485346794 -0.0233887287871214
v -0.290186222676606 0.199758089659086 -0.446807830722205
v 0.104418113969651 -0.0651333013231069 -0.172836986928514
v -0.0438423408722883 -0.0571508348060829 0.201696830666603
v 0.0423174732561556 -0.0479918045989145 0.258020794821804
v -0.0685837115397573 -0.10570049674561 0.149232145499116
v 0.0656246252060867 -0.0538296632483099 0.253875959842633
v 0.138515091972337 -0.376500047761118 0.500782726955716
v -0.101564515528675 -0.0734431962000672 0.177390342634604
v -0.266703215491139 0.226560309759759 -0.414730450529656
v 0.0482825952488926 -0.0928342986248471 0.0946256533065266
v 0.0523761986914082 -0.0588709918289658 0.29408049635732
v 0.0326836792168359 0.173404446321477 0.174221323483448
v 0.0875596950627679 -0.0759821859657911 -0.187189741314729
v -0.0479872942309825 -0.0470059833487719 0.229014387367569
v 0.0479648676794973 -0.0344452562986957 -0.230189496464055
v 0.120485699141005 -0.0217452841015255 0.0899103893978624
v -0.0823889380186352 0.156472474883486 -0.353250523412184
v 0.161020933503162 0.0484674414597386 0.314482473337846
v -0.234020870855283 0.122951398171252 -0.372767177056964
v 0.0882819599201564 -0.0552230615232332 -0.0893981508439588
v -0.0205174530366164 0.102609603869109 -0.295662978188343
v 0.103901591969441 -0.0371473359089957 0.0473250652181143
v -0.026927016332275 0.127676826618474 -0.131498721471628
v -0.10042325966431 -0.096644425369903 -0.208366333945502
v -0.0639076918801871 -0.0923763740166203 0.165827836028282
v 0.0580722122325348 -0.0595632172325418 0.278926621320911
v -0.0407450563744872 0.0656136822680135 0.395640176921829
v -0.00579758957324107 -0.036282674906622 0.373212252558467
v -0.123565229122633 -0.0675121868569731 0.0724561818758079
v 0.0938774400016415 0.0719150650694217 0.380702969429647
v 0.127853884641853 -0.0120327511416821 0.0120758006546564
v -0.0934162083781826 -0.0873173110388393 0.278375460949886
v 0.121457927974445 0.00926406231513751 -0.0940082120509854
v 0.0338958450082955 -0.0433042322213944 0.251323345859181
v 0.000327871834233883 0.134472995994705 0.0796987869439607
v 0.104345711159663 -0.0382485111004922 0.327583062498079
v 0.0979268381875524 -0.0427781939453383 0.143208732516097
v -0.0234345479814863 -0.0743486829128412 0.279718158375051
v -0.0137936315540317 -0.0707003250098605 0.385930037841354
v 0.0729970970402406 -0.0516531354546149 0.211710724746003
v -0.00460670603336582 -0.118144318677175 0.377604230395113
v -0.0934042343264627 -0.100535172878898 0.330839180710835
v 0.0958555927332927 -0.0542571778361257 0.175307840318045
v -0.0840094849084782 -0.0756434748641463 0.181738717368393
v 0.0959895476256299 -0.0434366557403721 -0.00735730669290015
v 0.040708486516333 -0.0584385053711 0.283992179180233
v -0.0297650271821602 -0.0623749247437377 0.349681349353585
v -0.0633592020772611 0.189040582054614 -0.334952139289598
v -0.202650198038613 0.237947645285358 -0.336783461954187
v -0.0599633230587687 0.0432080786784708 0.383899532953625
v -0.095481532152319 -0.0999248994973769 0.314934428705216
v 0.0920937541056167 -0.286293890240144 0.464982025242917
v 0.13187458614442 0.095472135538212 0.27347488610104
v -0.0417857968156128 -0.0795905934378599 0.336541526001516
v -0.0376581537809444 0.11941780601405 -0.149610290823784
v -0.319420054744435 0.0781502736391406 -0.480113077079402
v -0.103474323015776 -0.197309952922014 -0.114372560400011
v 0.0378612710947278 -0.0511397418849677 0.206625364570651
v -0.242735463328846 0.241124953839552 -0.377991266495966
v -0.0991459823171096 0.0883641512429668 -0.343755238119863
v -0.131780945348141 0.114038587377525 -0.272443208467357
v 0.104037756944634 -0.0370620142059328 0.0594803625928606
v 0.147320744772718 -0.0408076651692874 0.318576914899482
v -0.212754575475451 0.278155856153369 -0.37400948519642
v 0.0971107092798166 -0.0438412405490454 0.113670429550822
v -0.00892978151212652 -0.0466307361094254 0.212769321846172
v 0.103552106322771 -0.0589592854409208 0.186368611031753
v 0.102762155874756 -0.0375028511140709 0.0256975281240269
v -0.120632413769817 -0.0739767926178671 0.296218335502975
v 0.151483161779934 -0.0354982519354115 0.220767876558892
v -0.108120939207324 -0.156942768645939 -0.166942170825228
v 0.125534404196703 -0.00692946506549914 -0.117162118840173
v -0.0753223551371432 -0.0655044360138104 0.192744504432044
v -0.0472719579446887 0.0916106340340265 0.0653921832002728
v 0.0885153258762287 -0.0665445948140605 0.307936714237219
v -0.0414238450622554 0.166561335177802 -0.168898798969886
v 0.132912636054423 0.000790184206628051 0.150541343362127
v 0.123726795094464 -0.070742440859987 -0.142283310224379
v -0.14487348886428 0.172855506449489 -0.413663801499599
v 0.0900804478054161 -0.166933860201824 -0.0804771415596906
v 0.10073160921317 -0.0644934176123893 0.314666682404313
v 0.0640807902240781 0.0821770998549245 -0.200958649296887
v -0.110093385038511 -0.0810498044207191 0.0452590972545101
v 0.0599784949705103 0.0585244299700309 -0.216694146335794
v -0.0380100174316941 0.183626225378149 -0.300323716256173
v -0.0717371719426305 0.0791236199534244 -0.19926557060128
v 0.134690701752592 0.0915607862592282 0.326303555011313
v -0.0983334490060757 -0.0884190923772856 -0.0430637700707621
v 0.0140983221541736 -0.137707441904938 -0.0566894939022839
v 0.112127978471799 -0.0600161680642582 0.197488894842999
v 0.119195457247034 -0.0207947328493856 0.0103180338457437
v 0.105690563595617 -0.0467286794531493 0.173336464452263
v 0.122005484770236 -0.0700777078599641 -0.126053147202372
v 0.156326451215173 -0.0342953470586703 0.309770537583426
v 0.0446750752210696 -0.0719062364904436 0.189380789194532
v -0.156076052571831 -0.0886334376499307 -0.172413628097372
v -0.16247178851244 -0.0936195321011844 -0.149192270950514
v 0.144600076943988 -0.0351340426200485 0.199503811284613
v 0.0832752550435845 0.0678836269776386 -0.144581266203584
v 0.0901514496659525 -0.0507505247589043 0.0583412656931038
v -0.116888479168204 -0.0742843782812092 0.0842019019281364
v 0.0131206871807985 0.163311517291275 0.2416692643447
v 0.112208277778754 0.0435617531501835 -0.046708691818071
v -0.119759861622812 -0.0693608176180919 0.155733676056629
v -0.0393499984102757 -0.0696326180796878 0.265388739115897
v 0.0158367384197148 -0.0530534711048347 0.205374071198494
v -0.11179554956113 -0.0795872363542295 0.0692329854456906
v -0.0564815124330141 -0.0820445196942654 0.386931402939045
v -0.163751297632934 0.185128732202809 -0.436503358885499
v -0.101868866170672 -0.0901916969030179 0.289287186142822
v -0.154004803791079 -0.106644843525403 -0.1331214660198
v -0.107469973691928 0.159763322554428 -0.375356577512719
v 0.0424041621903175 0.0638268142415852 0.393879916197651
v 0.0533555565301114 0.0912351994750079 0.376901801013362
v -0.117170817840994 -0.0740177382387475 0.0572144481644895
v -0.261455237584325 0.219572614071135 -0.389217972715132
v -0.0313637950613756 -0.10539105535178 -0.197267877338319
v 0.0600815168069301 -0.0873140445135878 -0.198227124408896
v 0.177729558040188 -0.012919614818113 0.264520283701056
v 0.105924457233071 0.0424332214838123 -0.147333010229007
v -0.0563480936432324 -0.11251330179837 0.144627072717861
v -0.0936653530042526 -0.097024844767693 0.117232617997847
v 0.089278861586044 -0.275169309648213 0.461744253644816
v -0.0623700772003458 -0.0976482435290499 -0.20472575504574
v -0.126689030607025 -0.104456833724721 -0.190167862811527
v 0.151987910541496 -0.0385976395342665 0.233579869888088
v -0.309950992001418 0.146481646138267 -0.510517783616338
v 0.00427197248115191 -0.0609762796545142 0.274394908958296
v -0.0927134838041904 -0.0977230062159838 -0.0178541572094652
v -0.0301525741766215 -0.0872429225720759 -0.213971871967151
v 0.106249485414366 -0.0354406342464691 0.0856490240303435
v 0.108957915941334 -0.0319420826817726 0.121003743841314
v 0.092289644035494 0.0930559711288741 0.125760794374962
v -0.104106476665901 -0.0855118947779099 -0.0244094296596632
v -0.265949787523934 0.111715548906332 -0.416173263476798
v -0.124255786516033 0.0988853796918484 -0.346842973655835
v -0.109897732821278 -0.0803966726815955 -0.0850187802948308
v -0.0977558239448122 -0.110950065117432 -0.195222512720051
v -0.0463719404888242 -0.0472655278907942 -0.250779039425075
v 0.0180094240205861 0.0841835015341177 -0.256690709551962
v 0.013215976011732 0.0892009445512689 0.377779071065624
v 0.0877329426539421 -0.0534263535935645 0.137105258033377
v 0.107277250902398 0.0443571014633823 -0.0597006221138993
v 0.0775301248774661 -0.0668879581179941 -0.0874289278511172
v -0.081153093135987 -0.0931257266854398 0.282317230365657
v -0.147548234059935 -0.120372312001631 -0.128761924190494
v 0.0952384922820584 -0.0421183408448805 -0.044739864943899
v 0.120320257740817 -0.047922982407228 0.185555233260851
v -0.136091878914443 -0.10255833178937 -0.111515228191509
v -0.074823628151478 -0.0861699927017869 0.171535090163927
v -0.126544380969064 -0.0334915896035581 0.185060948212093
v 0.104713904078542 -0.0348447776279842 0.00528577014763759
v -0.323019867684817 0.128880348215917 -0.522801900034831
v -0.0871732896986584 -0.0979314871597632 -0.0678334304276447
v 0.133183040743198 -0.210109391782953 -0.0635105540631421
v -0.0606964284574465 -0.0855499303530233 0.324565819938421
v 0.0977602437896756 -0.0435787620313493 0.0680105692040408
v -0.132793259974622 -0.00727873989541684 -0.0960552685031515
v -0.102024416257557 -0.0888809847236708 0.128152604812795
v -0.0714395825152095 0.0680388359414779 0.0708832943623607
v -0.0203922624148329 -0.0494240767400206 0.209661250853033
v -0.0673162395796727 0.081725811234507 0.193552477834829
v -0.0587513061984192 0.0899180998669186 0.361470530712003
v 0.0514472003402913 0.0133257211171216 -0.225245555058823
v 0.0833850232274878 -0.0704944261147847 0.281778129874524
v -0.0489366801931357 -0.108299259819248 0.331722334714567
v -0.0227243495598386 -0.0846365282521259 0.3041224549603
v 0.172780244272533 0.0447532702978873 0.295958254346637
v -0.140151528977315 -5.16571712160509e-05 0.150745529576433
v -0.071132872414584 -0.0722026627423896 0.259831802952627
v 0.114467967644709 -0.0248045681200877 0.159342467796433
v 0.0730189742538038 0.155512910901481 0.213318300284955
v -0.123676712097416 -0.065152931596286 -0.0120785279006191
v -0.113392543191927 0.0748622159105776 -0.318766795471925
v -0.101442287476802 -0.0805041552711145 0.167142054691112
v 0.15531920005978 -0.0428332228223697 0.256511179820871
v 0.0642174849767309 -0.0724653354298079 -0.0466851140881824
v -0.155125611097068 -0.0258706242193154 0.0706296260871811
v -0.0956952729286551 -0.0869425467024087 -0.0569647356699523
v 0.0956089840420747 -0.0453484834541504 0.129360955480401
v -0.190630625468773 0.308435247073959 -0.44280690566906
v 0.144753351010131 0.00930032597505697 0.181063858679813
v 0.105665011839189 0.123348565266606 0.273448637229194
v 0.0258334175227209 -0.0468076166002625 0.258959159219029
v -0.110873084693772 0.0355396267298118 -0.250699618154579
v 0.0820023761846383 -0.0565980467969938 -0.0222242580339787
v -0.09015273312119 -0.0843777438708278 0.352764172876157
v 0.11768594883297 -0.0929309169497335 0.316993722707442
v -0.143975592269142 -0.0988397912527016 -0.119197546232251
v 0.183717498468212 0.0109241488221174 0.256726003494201
v 0.086395321226978 0.0927978566130653 0.0851909681295091
v -0.00194430497533933 -0.0593132978712241 0.309071217437928
v 0.0461007138857215 0.104753595734594 -0.164022336100827
v -0.205077589948841 -0.371229275750138 -0.261289614684211
v 0.132630069135564 0.0211101804366697 0.164901537451923
v 0.00823831038574598 -0.0510502807199202 -0.245092611418986
v -0.139166946549303 -0.0458084976855701 -0.109784180590706
v 0.00200633234878705 0.145197430164625 0.312313095674083
v -0.125663487752644 -0.108528086731341 -0.101779678544121
v -0.018502316522912 -0.0958799352756483 -0.206184072017771
v -0.031382619574287 0.112030879335239 0.121112442525241
v 0.115988665201103 -0.11835761813052 0.2601000857874
v -0.120351849543417 0.0161112600971088 -0.0323216231045112
v -0.115870065937853 0.204830406318706 -0.386641157135061
v 0.116969732612856 -0.0616250131012213 0.316917217073792
v -0.0878961506459908 0.229313465644373 -0.355091262096518
v -0.0791484783838485 0.0710748203561575 0.265161493052833
v -0.164836904164381 -0.0553332226707537 -0.142899284770499
v 0.207961103841325 -0.213345440332011 0.3308175146071
v 0.0353337101043733 0.164794092380103 0.148365169378308
v 0.102824304471686 -0.0953119203423414 -0.163344246643833
v -0.158216902177935 0.269150350586665 -0.420889822876692
v -0.0372799573214466 -0.0622358734813138 -0.237048135056757
v -0.155752484304438 -0.104915234047978 -0.16213742863661
v 0.0792825258096127 -0.0653617282593063 0.192938121216926
v 0.0911416699381088 -0.0501255123426447 0.0911711899647249
v -0.128444583166471 0.0900104455244906 -0.277824190958107
v 0.0543948464566607 -0.0505570251154845 0.208644284211764
v -0.242529883074051 0.280516428953712 -0.367993566455022
v -0.0733041692174518 0.0440423126759837 0.371100320504825
v 0.0830953196027974 -0.0535543527049269 -0.0525417074096925
v -0.028166712127862 0.180407179802817 -0.183005799456088
v -0.110699206632107 -0.111362980939794 -0.0910883874164961
v 0.0741226593479786 -0.0627401472574938 -0.0536666487202284
v -0.0976053638849852 -0.0731508693702245 -0.229495874644716
v 0.0194498585065965 -0.0497174989227985 -0.242668325455144
v -0.116867055656219 0.028036837853428 -0.137308503088454
v 0.101383316379775 -0.037186969530219 -0.0218407375195646
v -0.029024290722632 0.121288031168496 0.248646638794125
v 0.0711810998470457 0.157276339866113 0.237718790337729
v -0.0881977131286298 -0.113478896115669 -0.0825397812428471
v 0.126005920061424 -0.0512620594803246 0.197557583156259
v -0.12807277305435 -0.00966366103828756 -0.0607228756096194
v -0.102233714223227 -0.0910171449911848 0.327764246814986
v -0.0316590448192483 -0.101706545478682 0.348066868488043
v 0.144991310647423 0.0832048877842479 0.301277232878769
v 0.0756715547303921 0.0937689772538795 0.373426495782946
v -0.133922182969547 -0.0565687687046008 0.129325425342035
v 0.231137536003559 -0.375077060644613 -0.0133328855379417
v -0.0745318933857437 0.149216664053514 -0.346247580156928
v 0.0667660888946005 -0.0587724433329061 0.266833485590565
v -0.242013279038589 0.207416726890471 -0.374669816740338
v 0.153242445699846 -0.0540549767453861 0.289615585697207
v -0.0745450878504494 -0.103853823846354 0.362188842347057
v 0.050688058144812 -0.0908558589524707 0.133711827045035
v 0.0967657793273039 -0.0924357423354624 -0.173474398021467
v -0.107213987792353 -0.206735839820232 -0.156705438561409
v 0.21524646388542 -0.312201994506027 0.0162495673913611
v -0.165361564980939 0.140362835909471 -0.426006576758012
v 0.109870249876786 0.039178950466119 -0.136592285023219
v -0.129606482022743 -0.138112192443175 -0.116537947684402
v -0.23725861746258 0.147550630221059 -0.486842708690585
v 0.0993062553680446 -0.0385407855900482 -0.0341823301082919
v 0.132344233963178 -0.0401529247840464 0.189197319547632
v 0.123044467091115 -0.0189058369121661 0.0706850411168218
v 0.113617599187382 0.110212528407973 0.173590793889093
v -0.0930213348525409 -0.0986529912352408 0.0219454486482237
v -0.0882196162781947 -0.0861054031405527 0.16804776306508
v 0.161316612469241 -0.0369447085292377 0.295992844440173
v 0.0702055059513131 -0.0618340601638702 0.19856971370509
v 0.0626368559243817 0.1652395414456 0.223820278909163
v -0.0122216693680281 -0.032683216386555 0.352867089062212
v 0.102028891124386 -0.0390797408872884 0.100106391912488
v -0.172330406090906 0.280875987881552 -0.346724867712072
v -0.120173044492809 0.270255957163523 -0.295338982933148
v -0.120193284325369 -0.0702306895551872 0.0168181733381088
v 0.0276618513094809 0.15665480512353 0.127946319722012
v -0.230930021849394 0.220287861465831 -0.368095812128288
v -0.260896061048359 0.152829157834718 -0.395507191859989
v 0.0901162345888337 -0.0487669617157942 -0.0176218658485477
v -0.0231988040680453 -0.100273320832867 0.355709879097215
v -0.0169165954463981 -0.0721025362666052 0.304839156576941
v -0.0775045240454566 -0.111189902702841 -0.0667611240576613
v 0.0888084675543526 -0.065285766630704 0.239096140435524
v 0.0283581972297178 -0.0593752992807954 0.199151493764785
v 0.00068804876825727 0.136794045879982 0.327086815840804
v 0.0972455173121438 -0.0643350860558769 -0.0976304334778896
v 0.0138068162986052 -0.111592385487028 -0.193081928445872
v 0.0433085277072007 -0.0594599354809665 0.199241321008657
v -0.0734516722464056 -0.103618898434432 0.290617068922072
v -0.0915045841574223 -0.0996226430225002 0.00567062663502666
v 0.0695154811903798 -0.0682689645164527 -0.0265502042434847
v -0.089034282342825 -0.0947448764177346 0.348458127833715
v -0.0934897205646329 -0.0921086452488487 0.151958673263962
v 0.104967960073168 -0.0880258531736531 -0.109503353440416
v 0.130768479843776 0.0447682116997294 0.0235181753334855
v -0.284181622212684 0.144609620414932 -0.421787213289818
v -0.036988762834089 0.143117349708697 -0.156485793409196
v 0.0934365614830549 -0.0468984609183594 0.0392249359238235
v 0.205327175913242 -0.163789755084844 0.307950216459577
v 0.151903346907159 -0.0528139479473356 0.264540540632556
v -0.141495866393035 -0.0122585525747721 0.165073823923827
v -0.28894191556436 0.130886260324284 -0.425079387625591
v 0.145801283305416 -0.0548273652696648 0.241873376926771
v -0.0092158999295106 -0.105979157749347 -0.197314877018672
v 0.130094254345064 -0.0297332211303839 -0.130773056085606
v 0.118805799047655 -0.082929174310484 -0.12680372909462
v -0.0670215684771751 0.0800506897337729 0.162762159063501
v 0.0716734439094088 -0.0702406780967843 0.135513198138842
v -0.112277980733777 0.0269798855513204 0.0621252558513034
v -0.0520064107790841 -0.0738989077355701 0.184804943799202
v -0.143448989842912 -0.119557125690179 -0.167558589580949
v -0.121759430293076 0.229864531283129 -0.393929139123485
v -0.0199119912526793 0.134576065971062 -0.122861872724612
v -0.142900308397235 -0.00497121794390923 0.230065710183584
v -0.0160423949006667 -0.0741906773662812 0.364006263907256
v -0.138827575571215 -0.132212469257028 -0.163780161822232
v 0.155718952367577 -0.110684473849492 0.2460270597567
v -0.0767468589625473 -0.0493634037899225 0.215046023952528
v 0.152012057348488 -0.0602575209696704 0.279298469485629
v 0.109511598680389 0.0504681442893952 -0.034774372653748
v 0.0694708256092895 -0.0708293716047525 0.162617875282611
v -0.0620651538552967 -0.0996662173626289 0.321426217407889
v 0.0951965420368973 -0.0447613982401644 0.0197977668700429
v 0.149474481691802 -0.0573965829547232 0.300162268778307
v -0.00419448142801955 -0.0464454099402774 0.325068471140556
v -0.0921102538310009 0.0581934116036625 0.20115208115666
v 0.0765510164477179 -0.0647619606509336 0.154111304464169
v 0.153103497976047 -0.0662258094861445 0.262696910996408
v -0.10224796320993 -0.096980182584829 -0.0835423791216245
v -0.149728375380563 -0.123333744963282 -0.144676706341659
v 0.0296272843255313 -0.105241054849778 -0.199942438934664
v -0.0320930120236106 0.102331509752706 0.0297276224644361
v -0.182002265150123 0.254567995804719 -0.32039168751711
v -0.142968587164573 -0.113824471583077 -0.119474455191188
v 0.101828237623953 -0.0519421520710857 -0.0977849964792473
v -0.0441517078234094 -0.0868066824071696 0.285806023943533
v 0.0489102142571938 0.100716131024031 0.367818784035714
v 0.0529551969917277 0.098827574879381 -0.179521992103665
v -0.048464032135898 -0.131999298232554 -0.173129439581028
v 0.138521513360486 0.0892996782332079 0.286853744260819
v 0.0496779665437672 0.00212524856070247 -0.227436039056481
v 0.0598667065365157 -0.0816273011421175 0.119545040743889
v 0.0864860735096077 -0.129945859929105 -0.164689082026906
v 0.0267645794291442 -0.0971404822245192 0.160026978588673
v -0.199954957392145 0.14832875377849 -0.469573936150167
v 0.000170642685566752 -0.101838791299708 -0.20133198308303
v 0.00341148480972937 -0.0662825591042307 0.193067654917902
v 0.0743677516343527 -0.0670113231120533 0.109030041429697
v -0.125167220424809 0.00189345964704704 -0.0705493814893283
v -0.135436335669857 0.218295468009489 -0.26681914677719
v 0.0564941892954074 -0.0820588420136176 0.162679788984294
v -0.0281822647944579 -0.157198152791018 -0.0142062097484469
v -0.0983714725970687 -0.114427068031071 -0.0873698010443143
v -0.09513943777718 0.0624439878569092 -0.232021516233529
v 0.0629808648217344 -0.0789114601314329 0.13647378703348
v -0.0887871792159382 -0.0998732920252874 0.136892657858073
v -0.0890372375838026 0.0949348949373777 -0.227368755106626
v -0.0231039560600631 0.101549209179563 -0.0241627287860495
v -0.103202924316596 -0.0880057052477125 0.0896329242666961
v 0.0967308644494787 -0.0821183637351772 -0.102675377637865
v 0.0983113546533464 0.114073133894029 0.150882543923088
v 0.0151675404734866 -0.0791674247737664 0.180289501357662
v -0.0220584234398697 0.115487649333319 0.066095306887332
v 0.033060457496535 -0.126909412860748 -0.179916156891535
v -0.0108672801872017 -0.115578307917903 -0.188083104085471
v 0.0362272596486213 0.105714276275368 -0.0530190876716976
v 0.00053063827576146 -0.0246440141105142 0.37114125653472
v -0.0113150645541031 0.158346778055883 -0.266693736224082
v 0.143517182575375 -0.281296877689897 -0.00261060656097637
v 0.091907058696113 0.107083467807189 0.361099305054091
v 0.0729128823780438 -0.052722864813593 0.242410947001864
v -0.198831893883537 0.277871650363131 -0.452932799700138
v -0.0173529302451814 0.0261791559632688 -0.286949823177981
v -0.0332920012237506 -0.0223732878777498 -0.271076930283468
v -0.0790216967401716 -0.103267036568391 0.146005193036049
v -0.0370911142824199 0.110060326956056 0.164823319977777
v 0.107655674381817 0.0559746460116508 -0.0239601935522906
v 0.0779745603441674 -0.0608400476931435 -0.0125662690746135
v -0.0773256784330121 -0.127412438485282 -0.18114385243266
v -0.0229066718549207 -0.00668082085034256 -0.277900168781626
v -0.0233049041735564 -0.111407532964949 -0.191929545978453
v -0.0106655052799388 -0.126338145252802 -0.177913545555177
v 0.0844423012322974 -0.056892783227043 0.127260628165863
v 0.0715060169788933 0.156506779754024 0.18777064368387
v -0.0268191999274497 0.165071270048944 -0.294043481744048
v -0.106439607863797 -0.0610075328935699 0.338452277572239
v 0.0790352801170236 -0.0603570246513588 0.00960042432893164
v 0.0759473037874313 -0.0617678835019739 -0.0353880334698154
v -0.140121495141578 -0.13295751097508 -0.127986376287925
v 0.115776291626131 -0.0912292296751501 -0.136290549273804
v -0.133517268503799 -0.119760066591437 -0.176299494301844
v 0.0759355940922754 0.0852651951211805 -0.00877815764695981
v 0.0186592160693206 0.165561048635951 0.279769500465363
v -0.104094091738371 -0.0869305962941322 0.0335419470320788
v -0.0734504077473155 -0.117162907371292 0.100561745016259
v 0.0121097290170315 -0.0372565272661675 0.232682250364078
v 0.118287783903759 -0.0898270186863781 0.226783208718445
v -0.0787193727840431 -0.112151387967048 0.0897344604809564
v 0.0432734994806072 -0.0945404778854402 -0.0244300835568206
v 0.0847853588193008 -0.103774567960037 -0.09761192941319
v -0.0909557717702374 -0.100653780601337 0.296513792043734
v -0.275795950129139 0.125307755723896 -0.506090440595237
v -0.267633402583918 0.2181123251707 -0.477484228594017
v -0.0829238491394687 0.0686084240009171 0.314825865893208
v -0.214213458078469 0.228408213819492 -0.350515005405341
v 0.0742377420039221 -0.0663024226888145 0.174984173017943
v -0.0798168669705308 -0.11889496177389 0.352280597653785
v 0.134613600105337 0.0517037967681181 0.171772595122838
v -0.0869405041156873 -0.11048819713796 0.306636079755112
v 0.137612775047579 -0.0667491756162184 0.306505655071836
v 0.089686022904538 -0.0761044606243085 0.288867089607024
v 0.105017814500585 -0.102674907007001 -0.154789575464529
v -0.100693845794471 -0.116922174441792 -0.187516989517686
v 0.125740490328491 -0.0764528849746245 0.313016830181721
v -0.0550303346998219 0.211999632815865 -0.251573535316467
v -0.121458392497764 0.271274968486863 -0.35814799973353
v -0.142085088998713 -0.00582086017360703 0.00618959754068019
v -0.0819449559718791 -0.0951558048797731 0.157473062155322
v -0.0485370372041704 -0.109471982193286 0.322517976392243
v 0.148682200792175 -0.067926573013558 0.292267993683453
v -0.3331782616401 0.0780469674347082 -0.493664509816149
v 0.0533172222729058 0.0479499888139833 -0.223781659478398
v -0.04256247673989 -0.123576864966233 0.312249757006138
v -0.0124991307251952 -0.154122128151542 -0.150898671268572
v -0.050983345458654 -0.100836723161988 0.294133943032286
v 0.0247737983314781 -0.0378287299191886 0.221558528861696
v 0.0607482457786692 -0.0747370439129245 0.178768664169778
v -0.066009353095754 -0.113434887450842 0.138903367417519
v 0.113456313089875 -0.0877163451486676 -0.150264253747922
v 0.0548155770000592 -0.0828036761407888 -0.052477939351723
v -0.0603303672762551 -0.042723324311691 -0.255197654007585
v 0.0862462237970347 -0.0548849362079751 0.107792632655769
v -0.115953300658952 -0.120731075947935 -0.0979837560001947
v 0.0134710236304994 -0.0132838526970036 0.37748151606889
v 0.0812795509847498 -0.0596493347491747 0.0903767420630723
v -0.0962474077237817 0.171269588216298 -0.225482860604751
v -0.127655583911281 0.00872211110729142 -0.0237224330488982
v -0.0975803052056877 0.0466692905054098 0.177472003594292
v -0.0450155463777022 -0.110266218250417 0.388242115359436
v -0.127928592485924 -0.0508283068133532 0.24049581838588
v -0.104529450144718 -0.127357959197139 -0.0962364912010223
v -0.30318503101488 0.180931303008074 -0.451570010317428
v -0.0837341303022944 -0.107492459015343 0.0804743128571176
v 0.111240660126125 -0.0970637095362069 -0.124709232694737
v 0.121043533279619 0.10272508062605 0.338291037937673
v 0.00895037974644675 -0.13148087087071 -0.172520108059347
v -0.223339716040399 0.258577964296568 -0.358613847219452
v 0.073252218096309 -0.0685392950983794 0.119056283740756
v -0.0637059796260633 0.0817121215930707 -0.127919930701069
v -0.0939383490659296 -0.128361040192682 -0.182664082690747
v -0.182262263264233 0.221927583273521 -0.314504399968572
v -0.103368056198916 -0.0879760550204945 0.0569073901420024
v 0.0170254683678814 -0.0579699488294915 0.276563907962757
v 0.0292252161305324 -0.214131949564203 0.398826800117773
v -0.213015691745013 0.188206439546196 -0.351142511325609
v -0.138343765992043 0.000855889221769775 0.032186048660394
v -0.0624832382513488 -0.129683958901558 -0.0442282376122763
v -0.100122017938498 0.255296385621685 -0.274393615579758
v -0.0538735739670191 -0.140261469287713 -0.00107534350655467
v 0.0823623187193083 -0.0574297774016125 0.020640428019446
v 0.113269278218438 0.0674877208753808 0.127480186373487
v -0.224015101590071 0.170122743964631 -0.489564107506696
v 0.0499029436128625 -0.0792055885799202 0.176339966210063
v -0.130989139242313 -0.11745564337212 -0.107800831779881
v -0.0366266090520961 -0.0888818085017145 0.34443766183033
v 0.0651556998041462 -0.0798707543833253 -0.0762748673886352
v -0.143684344142266 -0.132688687176748 -0.143014082306682
v -0.000927753499474735 -0.0125045865676043 -0.267183952933426
v -0.176624734579014 0.232035722023398 -0.448497806664857
v -0.0592827659254588 -0.11558107933764 0.377036486226041
v -0.136982821025256 -0.127080662176157 -0.116661241495565
v -0.149603673793289 0.130376429970663 -0.389968757543793
v -0.053429364498561 0.0876205660343347 0.10235162245179
v 0.0439213656087326 0.0218088749761489 -0.232666084957555
v -0.0296965518241736 -0.0872709007940476 0.171866719708855
v -0.0281525605572495 -0.0990965736122819 0.310300102982285
v 0.0852425308382509 0.134696164118775 0.327971576380059
v -0.245545376539936 0.27124279335659 -0.377410091570197
v -0.0470343798526569 -0.0909746934314824 0.167687900802154
v -0.0844741289830756 -0.105680133617531 0.121621580202278
v -0.123020123789045 0.186737471373976 -0.390999442560921
v -0.268022043732263 0.17350334954939 -0.403665766191484
v -0.263149532304068 0.194096551564379 -0.388396734684351
v 0.0695466407138733 -0.0690460195627185 -0.0130871790247827
v 0.0858231209083087 -0.0551525040525914 0.0748893885233837
v -0.0928220925538952 -0.0987113454019919 0.032986721519046
v 0.118608940554487 -0.0578236671513915 -0.158040774938796
v -0.125547074777421 0.0100886400421339 0.312730034763026
v 0.103788770070764 -0.100489956620065 -0.113993958449982
v 0.109589264773201 -0.0149533564380317 -0.0847076138146123
v 0.0236839867561768 -0.0895490125175376 0.168346543803255
v 0.0829922668723625 -0.0579945673514756 0.0623337298600169
v -0.11964967027942 -0.134645031842813 -0.106207776137276
v 0.090142192918359 -0.1612239955849 -0.10126317522517
v 0.130573773338495 -0.0883383399170116 0.313279734416028
v -0.0155080544453885 0.134532739050023 0.240610095324271
v -0.0185872080818346 0.115728618972939 0.0526962896160758
v -0.0551606410796094 -0.110502303884701 0.324277656696019
v -0.0252359532419273 -0.079688575987222 0.179486756289086
v 0.151240347482618 0.0752753270201998 0.253902714566845
v 0.118700397430773 0.0366808398328336 0.363696969188663
v -0.128767276707891 0.258626855295116 -0.394305622810425
v 0.0524378782446553 -0.0882266571074535 0.151710594060978
v -0.100647038719882 0.24717871092346 -0.362045249238618
v -0.0822859622758262 -0.108271340157951 0.107844827295596
v 0.0535437685704787 -0.0841322240860515 -0.0307290938192876
v 0.0288980364763095 -0.020727715816253 -0.247215911657941
v -0.0580569095915958 -0.122768709816057 -0.181996113743141
v -0.278293375820065 0.184655139855197 -0.412390282330305
v 0.16959242827633 -0.30932239150111 0.0344503288821567
v 0.127011966638878 -0.057684658610511 -0.13536070491343
v -0.0841555767339067 0.0543625561581903 0.0440058578987597
v -0.0754401536760317 -0.116204953399208 -0.00949252810682623
v 0.109383902188413 -0.103267478589289 -0.139007641686345
v -0.0641130282291077 -0.0720566768093444 0.38210967738134
v -0.120280088595527 0.274362035128876 -0.321733312143841
v -0.268683343926939 0.13587881927425 -0.500043129213885
v -0.269752519584472 0.221592359974491 -0.396844835808083
v 0.0998442479132164 0.126458196018878 0.320992992486203
v -0.0583614940650622 -0.134722267828428 -0.0219318388791411
v -0.0139854535422856 -0.103192245459696 0.381533639030047
v -0.0320929993107963 0.130018470651462 -0.14614178235816
v -0.0482662191087085 0.0743128640861712 -0.318296196084888
v 0.14604434539105 -0.0761083854753083 0.297651936180978
v 0.0113807769574695 -0.160292648742123 0.37827086148534
v 0.171802127332318 0.0353572900486615 0.302630828472125
v 0.0227026547279724 -0.0716701755030702 0.187556833376943
v -0.0958907567216274 -0.0957924049832194 0.052296957733255
v 0.0119169166258146 -0.087356481322104 0.171532413315786
v -0.114755195939477 0.0348182573300346 0.223032263648093
v 0.0634669643136776 0.0452709125239679 -0.213089923749875
v 0.0226072421878331 -0.110172656734707 0.141821714820638
v -0.0587252896855309 -0.100317390447128 0.158163312993845
v 0.0765260416200244 -0.0583427522669328 -0.0726431077249046
v -0.0809843520830074 0.0135830344564574 -0.294856769891669
v -0.0676816702253136 -0.140507681377781 -0.0801465965929702
v -0.076360627647868 0.0628720575944361 0.0616707080382967
v 0.0685323291368058 0.0804874443418443 -0.0606125205126038
v -0.0044624497369642 -0.137413209233002 -0.166913574250103
v -0.125615694389335 0.242759948386146 -0.397003716515268
v -0.0807072956882854 -0.00204724061452498 0.364852885267476
v -0.0714767803189807 -0.155579939789428 -0.0813611348184038
v -0.125777293954387 0.170964356815581 -0.256099513024917
v 0.0627467606146236 0.0749509470269914 -0.20989494628274
v 0.16628055974424 -0.0263609115715624 0.250253442121986
v -0.0871475356030417 -0.10602935730115 0.340806751917606
v -0.0589841939232229 -0.181992595377101 -0.138306200467525
v 0.113523694808905 -0.0780110468422081 0.314406070543799
v -0.0620400880848503 -0.102823015543312 0.291660893095277
v -0.0335713816795242 -0.0864846022291724 0.290624223350165
v -0.0119002939759839 -0.113843277229922 0.145587204071774
v 0.116986222868837 0.0283961844359203 -0.0955341401614303
v -0.00178191180856925 -0.0870515019059765 0.172804833657496
v 0.113198627381574 0.110065185288032 0.341974332614736
v -0.16235451539924 0.292827118360523 -0.369124654719415
v -0.156047493000288 0.182751333478855 -0.428319738294175
v -0.0396563128067629 -0.151913138062244 0.0284848755156432
v -0.0632551029299921 0.0785463631837556 -0.0701389439356448
v 0.0493669312507178 -0.0118061411698049 0.34720917371078
v 0.0303262795098944 -0.109537251369469 0.132546358941605
v 0.0796125926016716 0.0790869958402255 -0.0200611802586984
v 0.0339188015774962 -0.0192233005983191 0.34025666342869
v -0.174962492442735 0.267834968768356 -0.322857604434402
v -0.111485957401357 0.200161429374958 -0.241660135676374
v 0.0232414738159543 0.137309171391525 0.0622218879602566
v 0.161501080076594 -0.0785838549718677 0.266425942327663
v 0.102209773540543 -0.0274760469738917 -0.174561489502119
v -0.0125957712405191 -0.113373110268967 0.38620203230387
v -0.0635906426262828 -0.128531728090491 0.30931570856995
v -0.0650261743190316 -0.112506785920247 0.297350488404844
v -0.192848163984549 0.240824417878281 -0.32659427357556
v 0.0449280741616795 -0.115839261061431 -0.187170526774224
v 0.0543079391408769 0.103323433220827 0.000230177469665386
v 0.111058829789833 0.0353326188228117 -0.0860088674666912
v -0.0415307355800885 -0.11740542000835 0.140902613725772
v 0.086953200595076 -0.076324671259855 0.256801669827798
v 0.15812209578748 -0.0749977741400895 0.276738848737646
v 0.0565342140474998 -0.0955330719518053 -0.0676777727497697
v 0.0935444088242341 -0.106922108563473 -0.106537358977338
v -0.229844056280411 0.264499820052142 -0.445560407552255
v -0.0876498746743274 -0.103942125611941 0.0456214284794954
v 0.0868456931253123 0.140727633203937 0.204311230165068
v 0.0339818058723668 -0.0899744902444032 -0.20544129934391
v -0.0742786735020238 0.0897023358558431 -0.209748607271534
v -0.112460873047465 -0.0538431295279293 -0.0679694094720195
v 0.00359008134587695 -0.115745219906766 -0.188114073695427
v -0.149418809878654 -0.0296415826654275 0.0111748434166267
v -0.145656873265366 -0.0057989405251173 0.272843101735717
v -0.0971202171489736 0.252291024560082 -0.314445394159513
v -0.0656649406190224 -0.126422517204706 0.0400127118463864
v 0.0171545796376452 -0.0313829019455104 -0.252627456792737
v -0.00104205240361586 0.118772170879416 -0.0530048037023275
v -0.146360820152592 -0.00364204107665502 0.25496770719953
v -0.0286740587772131 -0.117491919518511 0.320461251058975
v 0.151782621720991 0.07109106263055 0.204808757482943
v -0.0211439965732403 -0.166878153914326 0.349498468166887
v 0.0995054455714927 -0.120901601859556 -0.155765931908408
v -0.0720228682307171 -0.11900489595465 -0.0386954268713839
v 0.158157892295552 -0.0361916211673844 0.247321149012246
v 0.10782890777488 -0.0950942584723016 0.302045420771479
v 0.0150217015200008 -0.14678274207127 -0.157437849138324
v -0.0399031824485082 -0.110428561049124 0.30539341725394
v -0.0604647033145674 -0.132274766090803 -0.0547219552798504
v -0.08604500684213 -0.102069731096681 -0.049850308348098
v -0.0892189857485677 0.245697081763683 -0.289779991528985
v 0.0062815719805569 -0.14071199889338 -0.163605348814738
v 0.0565872839135535 -0.125145295252032 -0.175718645237287
v -0.115936800152191 -0.0742900844088484 -0.226731520257441
v -0.241890385327577 0.12560566481802 -0.469651020427512
v 0.0394181244135426 0.129202522110293 0.0520753182489937
v -0.0152335178064922 -0.140214035833398 0.114142195940316
v -0.0934886598891122 -0.0443328305939308 -0.254960846940023
v 0.0259854659643509 -0.136258119158214 -0.167402943636581
v -0.159393502995799 0.126622822594847 -0.3374242970959
v 0.282537481509775 -0.255771855604174 0.377129050806131
v 0.0299613153034426 -0.111169158175541 0.0939969112133256
v -0.0832596346580314 -0.132042007598669 -0.0875547422528355
v -0.0778188152234642 -0.113487524048642 0.0667611324687565
v -0.310946758334579 0.17404331937461 -0.46690593138924
v 0.104710205805975 0.123686266635436 0.259894943636947
v -0.120483182056931 0.019312031899805 -0.237061372773111
v 0.0687694791334832 -0.0709499722945617 0.0257221440350154
v 0.0517791994270063 -0.0901475862081653 0.120982842290941
v -0.142764748600879 -0.0328142303881737 -0.0148619024431415
v -0.273021385788242 0.116285024181017 -0.500149140419376
v 0.0834102873562823 -0.0578413411247111 0.20560743063196
v 0.0222573837781494 -0.127365971808273 -0.176826458325605
v 0.0102871262885672 0.0608533646511527 -0.26417402109257
v -0.0673502332906068 -0.132258336077333 -0.17470563129299
v -0.175860092439119 0.275440502501669 -0.451967294940693
v -0.0735528041937592 0.228814269153265 -0.294142685538191
v -0.233495714616834 0.244653724778404 -0.362058867741488
v -0.0385322632850235 -0.130419358242687 0.125897593589906
v 0.13492079433099 0.0257146019155757 0.342319661600395
v 0.0439525555306185 -0.0974977638570756 -0.195993122620036
v 0.103017312750887 0.1103223857822 0.353529127052534
v -0.0739317693252278 -0.11724958729866 0.0783455159863165
v 0.118025092129777 -0.0766059621370395 -0.151433655266576
v -0.107207536412113 -0.260309792682333 -0.183141925131448
v 0.0889621114557843 0.139560863924693 0.237513121829067
v -0.0459784306263747 -0.0983205727316246 0.31574541573442
v 0.0439046204999201 -0.0934318180907525 -0.0382540502922827
v -0.084698311690925 -0.142741017388652 -0.171014670628766
v -0.0738289626384995 -0.115370592629184 0.118192960868198
v 0.0562611133110593 -0.084810453393044 0.0956606834383352
v -0.0475304828619749 0.0874798824901725 0.0125474771746394
v 0.121128974448322 -0.0323688490830407 -0.114278282437366
v -0.0507793716872296 -0.141784336318092 -0.163774821405361
v 0.031733567146024 0.177823673620662 0.244745100612901
v 0.0763233924870792 -0.0901609973760449 -0.192381125208365
v -0.0266732515716883 0.0998130202062354 -0.00501029759587575
v 0.133447089150928 -0.0916704119302051 0.229738750921214
v 0.0513840863653655 -0.0900439834499217 0.104740175715949
v 0.0600848557499063 -0.0786252950736888 -0.0041220378426904
v 0.0943356385937792 -0.0469113518879593 0.158887003844389
v -0.00365076336922644 0.154572525928452 -0.146828957149772
v -0.0944567494617966 0.0510144449779592 -0.107536374044513
v 0.13663325896723 -0.0472591020635694 0.207396100933026
v 0.0741891845513147 -0.113389138423395 -0.0869480817544321
v -0.0476879338209883 -0.125915822963186 0.387341169251109
v 0.0437205266428413 -0.131140567857858 -0.17604777256958
v -0.0454673012842724 -0.117638602447105 0.330662117638947
v 0.108758414335389 -0.103034776304894 0.240367741006967
v -0.206136816353516 0.218656959362049 -0.341839576901664
v -0.0817423680658827 0.215358784447114 -0.219720731866095
v 0.101857830752766 -0.0858085696493839 0.298326337545549
v 0.152033675709693 -0.0879664029317719 0.241917853226387
v -0.0275004078319826 -0.125458191009078 0.398340014754173
v -0.0284313619083272 -0.119999454048596 -0.184080429253006
v 0.051214979844757 -0.0870514928359383 -0.018319826577635
v -0.136874225491713 0.138290490930246 -0.274777086998354
v 0.0928819094436157 0.0880655376483317 0.110402675617152
v -0.0296624630740079 -0.122439622226807 0.327265204041915
v -0.0588549402639583 -0.132844047917228 0.378713076459817
v -0.168089893394872 0.112368792340145 -0.38560851271421
v -0.0573542077601756 -0.135068595761095 0.0384388517230907
v -0.0373174201212134 -0.116367705689051 0.341913148318148
v -0.0664579410091389 -0.093556741383697 0.28420433058357
v -0.198291250609827 0.240319116245386 -0.470651667023662
v -0.146439706199672 -0.0186290667745402 -0.00289514034623893
v 0.0273143280479444 0.176227390280247 0.218660104944428
v 0.071249821321689 -0.0690034507410389 0.0449753049163628
v 0.0283172052268798 -0.112404048389534 0.0547004610132695
v 0.142802873998759 -0.0713298910438741 0.235571765857567
v -0.0529161041686371 -0.128326802416325 0.122092372385634
v -0.124259612096202 -0.139372022587149 -0.169803747158517
v 0.0437672685907222 -0.172638421895193 -0.080265070557774
v 0.170535924423515 -0.0980655228936853 0.28404690274488
v -0.0250489054784911 -0.120431865385529 0.138079901244124
v 0.0397676216983563 -0.101148313275952 0.133021087763156
v -0.103215814222743 0.0430353565908733 -0.220752097661623
v -0.00382457287466692 -0.124942066754503 0.390172737115635
v -0.262912448249552 0.208426851524134 -0.488712570697112
v -0.188655433047219 0.292499255079541 -0.395357072320175
v -0.0688179772874068 -0.140143554345005 0.326012063548965
v -0.083668529560643 0.1153676176374 -0.351723980268355
v -0.0566678378812226 -0.13680460478518 -0.0356022982935472
v 0.0477053111185298 -0.0928702960954469 0.0724325651030999
v -0.00150246557166996 -0.129434838935688 0.125882313226074
v -0.0600020311238569 -0.140795926942872 0.319673882632383
v 0.0769240166473468 -0.0638913500087114 0.0701015278348572
v -0.208415527723282 -0.380121578067623 -0.2259256650557
v -0.0951072888749602 -0.138306506764458 -0.0953836771142943
v -0.183469380358628 0.116007029597567 -0.365652003360222
v 0.0553333220041326 -0.0850589282933538 0.0674994562010076
v 0.0160141123301166 -0.118035733083215 0.132131226056559
v -0.0106357349874156 -0.12168165691776 0.364417074256142
v 0.0408303400202314 -0.0978940390110419 -0.0102007918966794
v 0.0161061974743908 -0.158266480848212 -0.145298609106882
v 0.0828521044204264 -0.116973982423249 -0.0957499056367803
v 0.00714690398626761 -0.0168930553266542 0.360523325053168
v -0.0742524167332121 -0.143804468860383 0.347721306837501
v -0.120780330719293 -0.0398518492790382 -0.0620840655015015
v 0.0387843688398666 -0.102315638130611 0.0836700360886258
v -0.0612013250675383 -0.120900704229198 0.129476505656833
v 0.018277847485654 -0.120116110840654 0.120833042543109
v -0.140987917761594 0.241605143916085 -0.411943356423587
v -0.0595028513895261 -0.128410635144949 0.110898525087353
v 0.0620415263894069 -0.0787006172420346 0.0809088133490856
v 0.1597428291433 0.0376228768298756 0.196596341005676
v -0.0381121974050628 -0.138433027020483 -0.16626026620203
v 0.114121558198166 -0.0276095895829263 0.0691786398756046
v 0.137297737387463 -0.0981050990382679 0.315371862963627
v -0.0778151240404739 -0.185616179901471 -0.0957718904220297
v -0.132378673741833 0.28026567714125 -0.354078500374116
v -0.119720989774601 -0.145203327292735 -0.114617731919858
v 0.135638581041661 -0.080138013098607 0.30574383185815
v -0.0372890254391363 -0.131825542012894 0.339857436688105
v 0.127072652669772 -0.116840188993989 0.302333970707511
v -0.0544250040346417 0.0888025083975206 -0.0797686433941755
v 0.0177910324238891 -0.0300114127989311 0.332848569415024
v -0.246052597466108 0.233659617068783 -0.487096070635538
v -0.149516261466724 0.209702732955308 -0.420369024432308
v -0.313517249618572 0.107132071622266 -0.525858614621383
v 0.0151725884464073 -0.125570864256046 0.0944887416826471
v 0.0490749034468685 -0.145699033528412 -0.156862414411719
v -0.0539632878342827 0.032404150319001 -0.308150291518819
v -0.204292250977124 0.116573294609454 -0.434801484641638
v -0.0209667001102336 -0.104845895451755 0.388129628223264
v -0.0623169931325121 -0.130617468702707 -0.00386754482706576
v -0.119355412965159 -0.286246110291865 -0.128351186184593
v 0.159347790034909 -0.0823211630990751 0.254058209618734
v -0.025978942129859 -0.133698876303004 0.336378085132351
v 0.06087485944958 -0.108318554788227 -0.183665654853548
v -0.0583830270077608 -0.134364760304332 0.0139214803316185
v -0.0507522284020222 -0.135837448473898 0.106123976038157
v 0.10577546163565 -0.117714274001527 -0.143659915769743
v 0.049070537989557 -0.089697451323979 0.00180674185400407
v 0.0787541494852692 0.149629736858504 0.224902642232597
v 0.0417949117061066 -0.138313471379913 -0.166234737213522
v 0.0785321966765893 0.0720963189715497 -0.129130817071277
v 0.11910515960615 -0.227759573435172 -0.0104910717441789
v 0.0824561911138083 0.145559382653459 0.291474085402403
v -0.00898291098347718 -0.143631935203229 0.101642047132839
v -0.0486268696242249 -0.146690288034609 -0.0278549063063458
v -0.144732475664563 0.28653991883156 -0.365357084197547
v 0.0297710027276553 -0.111318375721749 0.116539361077265
v -0.104322668922192 -0.0477475492146856 0.340455298874913
v -0.192481591655311 0.233902461678824 -0.463216248426073
v 0.0474374932234524 -0.0929066482976073 0.0467584610598642
v -0.154130554011942 -0.0328394808445708 0.0917733755633939
v -0.108368560060573 -0.14454689138777 -0.170556137330362
v 0.039705371274595 -0.049349313136271 0.309852429587729
v 0.00844724011132692 -0.114513735197342 0.142349447908345
v -0.126176725745001 -0.16061064527631 -0.158570577427109
v -0.025192087728223 -0.134310346525006 0.122935622438673
v 0.0230514064133869 -0.117991072325977 0.0848097477763498
v -0.011885524576882 -0.18780503799822 0.409384324331434
v -0.11713511048025 0.088334763947988 -0.336474237201233
v -0.0634176430847467 -0.144080211961185 -0.164091576544961
v -0.0560318575355852 -0.135735107827779 0.0518058023505403
v 0.0447767435240787 -0.09519057321441 0.0332403172915536
v 0.0453559209879397 -0.135415757654715 -0.0657228176646502
v -0.0116369368454991 -0.151204322236961 0.0631589835634362
v -0.235502837240295 -0.411782330198294 -0.285545537999629
v 0.0432607427281438 -0.0982244703969326 0.119882561102601
v -0.0154600254853058 -0.124943337288764 0.398481630505203
v -0.0671100257047777 -0.123847767972062 0.0886458650475006
v 0.00412243440068068 -0.0233531262094219 -0.26133763015751
v -0.0790741556288711 0.189194094579018 -0.206699174589421
v 0.068702405943623 -0.135524284292037 -0.164686035115884
v -0.135016158980091 -0.149575092848744 -0.154012515960636
v -0.161279754465126 0.140180007500027 -0.315774824918605
v -0.0807028980043672 -0.114844555504483 -0.191593247842254
v 0.085381850486605 -0.054964310953898 0.0490182226239646
v -0.167370844924923 -0.0606380843303786 -0.16251548541943
v 0.0382157788886335 -0.103249590672916 0.107598453479157
v -0.0508364000194704 -0.14319371004476 0.0100291130514868
v -0.00706052126255986 -0.135655197105368 0.409209458398312
v -0.0761577819681497 -0.126932442686995 0.31651030450911
v -0.0389321596969041 -0.153080657778843 0.00718629106123145
v -0.0953468063750107 -0.153787299238686 -0.0994435005680234
v -0.0164156755601875 -0.177742221263206 -0.11254817130463
v 0.0215536172447827 0.129604844580545 -0.119138256183567
v 0.0870106676884238 0.063643548873667 -0.1194241286178
v -0.1836523538319 -0.339238206699447 -0.205712744692747
v -0.0257016798295288 -0.133493288890558 0.347321008681327
v 0.142292891578141 -0.229801995361809 -0.0254814598377586
v -0.0463899900580287 -0.147551516536672 0.0194271797874021
v 0.0287800225126964 -0.11133097176697 0.00952869070666769
v 0.162528522939008 0.0625121637961013 0.257043923037879
v 0.0649581274600547 -0.0757308917916511 0.064460406438673
v 0.00637302389357262 -0.0403535107192527 0.220100630655643
v -0.0435401131366066 -0.154481319113848 -0.0532080654646068
v -0.301968572062652 0.0822170232438999 -0.497298303632702
v -0.0185427993187632 -0.170531789471741 -0.134435239701939
v 0.112812417463922 -0.028352685629058 0.0492234436819685
v -0.0609428958709035 -0.129406010408911 0.0974866151454367
v 0.103380058483195 -0.0373124524909376 0.0365026209511393
v -0.0597885629857811 -0.0919330499888803 0.382038199213544
v -0.182307276055687 0.108614260487937 -0.395191103622066
v -0.1298712054625 -0.166020546350219 -0.141789428464234
v -0.0679712658179913 0.0691524093101857 -0.0355119630132309
v -0.0677803880510671 -0.141014742569237 0.36831246878383
v 0.042859926316926 -0.0815694204302147 -0.209337973967775
v -0.0423681160342493 0.104328936694318 0.156141678130348
v -0.13267924093664 -0.150178522735724 -0.130617015924185
v -0.00283547832127132 -0.160959028625407 -0.143726814455225
v -0.191528271962088 0.124666320008017 -0.357420683672947
v 0.0391751193018778 0.137190067129069 0.0812152623601335
v -0.0520670674257454 -0.138622766939993 0.0852031609308989
v -0.0527395608731271 0.0996218709806639 0.335755038700181
v -0.0265769970787384 -0.0956654579027569 0.163452472919066
v -0.130800382204475 -0.0203919343502894 -0.0905635751691379
v 0.0245774558262691 0.105988154634568 -0.245575586479934
v -0.0554937775249749 -0.15712597124123 -0.151112515796305
v 0.08194109511169 -0.152997194863969 -0.0875813344633483
v 0.0361927460896585 -0.145549748206499 -0.157627668295439
v -0.00411833079653847 -0.0687850026172921 0.296191711263559
v 0.038281998841665 -0.103026898292535 0.0946931918450674
v 0.122836279890921 -0.101805453885678 0.320972838658578
v -0.0214106714583838 0.125568519318495 0.15892081767382
v 0.0260458295059649 -0.0540254065646713 0.271346470263716
v 0.110132390531758 -0.107470847459865 0.26541600505209
v 0.120280505285874 -0.116387340822722 0.309748472295046
v 0.115961372397467 -0.106431034840256 0.301625746186173
v 0.10570754072171 -0.12371018165081 -0.134408289235579
v 0.32345139511254 -0.352573982434147 0.397587910592842
v -0.0268384511099121 -0.176808429430214 -0.123458546251294
v 0.012953058164463 -0.127591841687189 0.0701065052108683
v -0.0108494959682426 -0.150462361967708 -0.047052983003334
v 0.265310113566418 -0.298459906602851 0.397418721250574
v -0.0890676208824593 0.0549874203357757 0.166132898743345
v -0.017250118629168 0.133345840603276 0.251744540968314
v -0.0101140729077846 -0.174712197134735 -0.125258266899297
v -0.0652246255754694 -0.12721286837566 0.0247654199820714
v -0.0528455400873545 0.201882475661953 -0.205074274293681
v 0.0193535776886725 -0.121201762864649 0.103908642645506
v 0.000445156198918338 -0.150018371142701 -0.154593567744431
v 0.0998139237016654 -0.129511508450934 -0.147212140512577
v 0.131353498491698 -0.133147426002154 0.298228934798655
v 0.0534638623743523 -0.0857660046800838 0.0160090401987632
v 0.0435957349495705 0.148735735896298 0.117675582498893
v 0.0375969346947933 -0.103393110333197 0.0724893073300533
v -0.130037527804799 0.0198116956673258 0.254579672219087
v -0.0161655178701696 -0.174145643203515 -0.0988805013014531
v -0.112901176978968 -0.166611439907263 -0.119874022181595
v -0.0105445335969811 -0.150349715841128 0.0320234647884105
v 0.156496075550263 0.0243366640264847 0.191683704168687
v -0.0533515240362403 -0.174358840715786 -0.0833556744754741
v -0.137056315998306 0.00233525887976317 0.162856208054145
v -0.10086671951686 0.0369588458609192 -0.0521754998400291
v 0.0725834443289766 -0.117877855861654 -0.176719755896179
v 0.0437103324193162 -0.153654542774008 -0.146809738565089
v 0.0100972798330699 -0.128104698230623 0.112570251431621
v 0.0348149438206744 -0.105295506475627 0.0273814066931714
v -0.115369575176858 -0.0988116792065257 -0.0911382629563638
v 0.327768718496736 -0.319434272417385 0.377292677519529
v -0.0571436159747339 0.21309839490549 -0.265097430119851
v -0.0896899968782568 -0.154364194655475 -0.164591052551631
v 0.0603293135401024 0.168017239769713 0.240682143163929
v 0.14801622756543 0.0152933222884263 0.0283087653619336
v -0.0438175690573937 -0.138214631458759 0.319861497157019
v 0.0030902252830198 -0.172698246086663 -0.112750908756638
v 0.158046665300909 -0.0833361975593115 0.290539884784507
v -0.0407801701846903 -0.153694880805848 -0.0155380865144535
v 0.058314659089673 -0.140325793459632 -0.163461964926968
v -0.0803023513848049 0.0181347610355469 0.365171792918314
v 0.150321771986727 -0.0274385418784201 0.31982682941569
v -0.0423943295118319 -0.113207628892342 -0.18958521821459
v -0.0221431350859617 -0.157145994712913 -0.0473821317483189
v 0.000894609490721435 0.038358809845587 -0.273738327434801
v 0.0402704397326899 -0.0990518278826562 0.00830748633856582
v -0.0361702591403028 -0.169748603320083 -0.0792256677206684
v -0.0999853343234495 -0.165817942747051 -0.104373630733873
v 0.0084436690741201 -0.131276551311726 0.00421488762820682
v 0.0294621199087761 -0.0464023398958799 -0.240557748872098
v -0.285856575347595 0.150840988007806 -0.505280068669704
v 0.0547457077095673 0.171883420976742 0.198006640762484
v -0.0327138293588817 -0.159553023752342 -0.0514646859192176
v 0.0323976239655941 -0.107124688940643 -0.00410429929262414
v 0.0282503275396075 -0.160083799992781 -0.141164013414505
v -0.0806243486571871 0.0312511837962009 0.364746327862772
v -0.135569401866363 -0.0104781162353722 -0.0351797673599086
v 0.0895554697908605 0.138073031063453 0.19338513495826
v -0.228321642369458 0.270079182898009 -0.413147642728082
v -0.00823621759013736 -0.0625426883588977 0.374101697705863
v 0.138468692437821 0.00379227111638718 -0.00487556888121443
v 0.130089878333846 -0.0195074697253395 -0.13930982787298
v -0.0100732501770755 -0.0758501799718234 -0.224749873513847
v 0.00211173613607953 -0.141072197813855 0.415172009534758
v -0.136691068622789 0.187702944353454 -0.267564118423512
v -0.101406679874993 -0.0776187298159545 0.266668825415384
v -0.069708941214537 -0.0067769091990982 0.374803072300841
v 0.0206731501157294 -0.1200559349448 0.062934473906078
v -0.0350086132067554 -0.134218406064466 0.323105399810435
v -0.0656767091052331 0.0706407201383609 -0.328499445760203
v 0.00829767148025695 -0.170030318691054 -0.128060935655635
v 0.0605977315654821 0.167417004447637 0.211611834482105
v -0.00518095247699059 0.145612546637328 -0.268654715366611
v -0.0807960736932584 -0.0888855593583084 -0.214390694133413
v 0.0111693039826902 -0.129521496307673 0.0815712733953117
v 0.304182655273752 -0.364132206676014 0.3906799429374
v 0.126859727809272 -0.110021524812013 0.236213700536861
v -0.0233995403022941 -0.155892845544747 -0.0291841382529141
v -0.226523358477723 -0.405142926602881 -0.300895503736176
v 0.10309236756836 0.076951411671046 0.106940542522661
v 0.0966021184435925 -0.0636593847064013 0.21517315172664
v 0.0245410721736558 -0.120317038779419 -0.185716937958324
v -0.194745224995317 0.136844617714483 -0.459354027680603
v -0.174880706673299 0.24626947452994 -0.446855602288764
v 0.136745379993141 0.0708187506854846 0.337309537734493
v -0.198133204705834 0.204197982452466 -0.33197150498621
v -0.0330385486829191 -0.154926920252271 0.0497998594228054
v 0.0211783730277771 -0.11797043996935 -0.0144190138786979
v -0.0590621050184426 -0.154246425966971 0.332475629157679
v 0.122423128816322 -0.0042224031590482 0.351666873974862
v 0.0632142513710586 -0.0780543806315928 0.100048947774964
v 0.143943828803735 -0.127100351877971 0.336631436971274
v -0.0889215345154153 -0.164914963492427 -0.0947616276118522
v 0.0395495673025457 -0.101213744114313 0.0587069868952639
v -0.260045701212789 0.170051188029096 -0.395917203138766
v -0.110610279043313 -0.0806593165933281 0.102526744178994
v -0.00914150794530502 -0.148262804732076 0.0838835101807319
v 0.0135091841661834 -0.126005858865414 -0.00861637310412803
v -0.114557535163192 0.0649367185276817 -0.258865773064152
v 0.0636954414789338 -0.263476643741455 0.479036771049689
v -0.0260988207119726 0.15073176574276 -0.299430075427728
v 0.0252041663441704 -0.136772623008033 -0.0622177254322311
v -0.0389269361283634 -0.0953323301134547 0.295822182515829
v -0.0285833691155191 -0.178896946085003 -0.108178008033108
v 0.0976895014713906 0.0636455366386852 -0.0265672720820205
v 0.0519137390650354 -0.179207406361375 -0.0711247939828273
v -0.00207111875435859 -0.141527831725507 0.0925528040299057
v 0.00103153995515455 -0.13791462610812 -0.0254608541901618
v 0.0917310765271918 0.136338227009878 0.216116700450192
v 0.104913868593469 -0.0489661182733008 0.321481235744321
v -0.0356784346978939 -0.147516681157005 0.0943849644858207
v -0.0680730825391226 -0.154478672478639 0.352371280245175
v -0.00336401934121621 -0.156211995111147 -0.0754889749656379
v -0.0493003417253771 -0.145704868920516 -0.0110451489857684
v -0.237728964361337 0.194045169420575 -0.373642929638526
v -0.0875241603285337 -0.112364562742854 0.323702274981475
v -0.0280191504839213 0.0324036201361176 0.411854885942463
v 0.132053676003889 0.0130257299819576 -0.0332364876983278
v -0.109154924473458 -0.19417571508413 -0.15777036613403
v -0.102597761031523 0.0939816462417387 -0.2431651415168
v 0.150777234883494 -0.262891813519068 -0.0316739794031734
v 0.107787432888985 0.042293689119811 -0.101285809162794
v -0.023906542880625 -0.15609219358698 0.0247437473603709
v -0.114382037317466 0.0302499932409179 -0.109436636435892
v -0.0200066811161545 -0.151999268889294 0.0852677426934895
v 0.154010592601743 -0.0468431557455175 0.305474617745954
v 0.0420875220023834 -0.0213810093173303 -0.23557324453984
v 0.00423930952479458 -0.137633883894538 -0.0415811037713463
v -0.285416410380774 0.185988223071678 -0.421118505543927
v 0.0302001207578179 -0.110280206785859 0.0398671804324475
v -0.199185005050689 0.194450111051555 -0.340552157152761
v -0.0679632086581366 0.0846732068272224 0.333920484783832
v -0.0334130020350703 -0.157934314169916 -0.0370543004440754
v 0.146395426246289 -0.105461565267358 0.238856036169839
v -0.0465008993451448 0.105552961562225 0.315813975830371
v 0.0695057652009747 0.108675359226848 0.0668759702883853
v -0.00971056661481326 -0.163515796757266 -0.0832788057135055
v -0.00565877845598638 -0.16822250601071 0.429446596589636
v 0.142374035260391 -0.0160722575018997 0.330790334459249
v -0.014955722023915 -0.157942675548771 -0.0662557947794095
v 0.134266103350041 0.0302907265610345 0.158329047370714
v 0.0129787960146577 -0.0385944062117842 0.325776237166544
v -0.0977665311725857 0.159642215299813 -0.22676970283813
v 0.140762272368374 0.0753181167536831 0.182862077071376
v -0.0169890933003818 -0.153943275140207 0.347946160798669
v 0.0666692452954083 -0.160969753730857 -0.143748391407228
v -0.124795182465633 -0.148183894535932 -0.165609413417894
v -0.00246916672489028 -0.170266710947217 -0.0991764175069172
v 0.0208712167823654 -0.119191282598227 0.024760513307671
v -0.0190356070387241 0.12220839359338 0.0956702035620587
v 0.0956764677237779 -0.0442706248871781 0.0052488746883132
v -0.00165715908565427 -0.142060885650181 0.0391136096775906
v -0.134393682085595 0.0120176630930639 -0.186575528246217
v -0.0839165763343637 -0.107070821595968 -0.0155208986095173
v -0.041925288736523 -0.151735564322526 0.391146262351498
v 0.0631493313604776 0.162149279349181 0.287853091342176
v -0.0443061828338542 -0.181965898374096 -0.103577495552745
v -0.0929809399384476 -0.165465750293924 -0.163807817249041
v 0.124497818868138 -0.263215414465483 -0.0250218659398941
v -0.145838934222693 -0.0606009040134321 -0.213935700433146
v 0.00615777822671048 -0.134089932532223 0.0965931485053773
v -0.118102743606436 -0.0515303006439198 -0.0532281600651633
v -0.0521939224086864 0.0947278463761553 0.155997505571416
v 0.156034133039039 -0.090934108009298 0.299054455325351
v 0.120620556843344 -0.119084135622459 0.281879987334
v -0.059805453986558 -0.160954829547489 0.341979671151369
v -0.0719500936017572 -0.0823643845288775 0.372417854208631
v -0.0350964654327132 -0.175888984692362 -0.0931694864415978
v -0.0254149702009868 -0.160513256001295 -0.0602389971333018
v 0.24880601089385 -0.35887540591222 0.0100531351014468
v 0.0931046361233925 -0.0703350409564662 0.226597822347734
v 0.0758452164124591 -0.154233913365239 -0.0683389940165105
v 0.00893040486182241 -0.130945704172918 0.0356005625129132
v -0.088272906261137 0.212713222084207 -0.360054696578649
v -0.0114456810408372 -0.151084242062237 0.0497841126833961
v -0.106938251210634 -0.0839356569138328 0.115916725554171
v 0.0129458854053679 0.140527713500416 -0.220304586406911
v 0.0354919625413244 0.126340394572613 0.341363664925585
v 0.0217855541019251 -0.119062522323915 0.0738938792466346
v -0.189097937991154 0.227044022206398 -0.321897252891747
v 0.051335641715566 -0.166060761199429 -0.137457616416844
v -0.00853890833603279 -0.146145346148571 0.418719769173884
v 0.0538493556057684 0.0981243756747302 -0.144102499041418
v 0.0959812358791831 -0.0178043910735487 0.343131907502875
v 0.0207542044330376 -0.118965491330589 0.00524734798918607
v -0.109464864452461 0.0569022111892849 -0.275259245289426
v 0.110651880164447 0.107547471467819 0.162338378481723
v -0.0284586885719541 -0.156685809520687 0.0146806041700776
v -0.110013212347374 -0.167183771696096 -0.164380332345404
v -0.0227660365807827 -0.0525389165964567 0.329492654853389
v -0.0682275874021519 0.0703119708804849 -0.0483032705600665
v 0.122165858378099 0.0761718194995099 0.162793630422262
v 0.0963637622724885 -0.174082991179905 -0.114794168777243
v 0.052637879509452 -0.0291506812535539 0.330698067050052
v -0.00682274343395782 -0.148503981148114 0.357274073028756
v -0.0699685855519921 -0.0822421633591679 0.272503051453738
v -0.122058831430843 -0.170971013084087 -0.155610083268771
v 0.157614540608328 -0.137465374033943 0.347437427003383
v -0.146962389961817 -0.123649997340062 -0.155161405649008
v -0.0721894310194167 -0.0528719467602064 0.369750996893551
v 0.00468624491828214 -0.135285138427852 0.0223573738431186
v -0.0118577837551667 -0.149342275097588 -0.0247480614100055
v 0.0353461381487233 -0.165696275185711 -0.0888921329954918
v -0.0972422698114376 0.199944786325861 -0.224993529589462
v 0.0422333996017744 -0.174046739308399 -0.126825312686831
v 0.0990927522958531 -0.139050864827224 -0.134497845467706
v 0.14988265699536 0.0755252952453614 0.313116732160926
v 0.112274993671362 -0.349327683328094 0.520814700642077
v 0.0972246219137846 -0.109068691225325 -0.167450524874532
v -0.0668260840298494 -0.050497350964795 -0.2485155124516
v -0.146556044174765 0.119342086062354 -0.307901579067639
v 0.0873106073435438 -0.0602945311412362 0.227861123833616
v 0.0169241482779244 -0.123723488437385 0.0497811255033868
v 0.0839706665383733 -0.131335709469134 -0.0989537478702035
v -0.0215212694086105 -0.155526353688453 0.0376703451691921
v -0.0648168464060831 -0.179460659135251 -0.0902996736253403
v 0.172106019971506 -0.0985467112996331 0.26904038985738
v 0.0047109363813999 -0.135606968161317 0.0555241865338703
v -0.233640294422519 0.162488116523734 -0.368333222158742
v -0.125784002140363 0.133533898549156 -0.380631115563996
v -0.12212307779904 -0.0613251720828026 0.249868056549494
v -0.0469631720708913 -0.175564532813694 -0.131155948229612
v -0.0119627499883678 -0.172059846147289 0.358821854849463
v -0.0967019567417277 0.0409333728187443 -0.0233766586726825
v -0.0277512484113146 -0.154959797624709 0.0674873595016009
v 0.0195774077904977 -0.167333375115556 -0.12801547006876
v 0.0400404175591175 0.0242779713276422 0.379750255225594
v -0.0939713841530166 -0.278384575205264 -0.14108810423091
v -0.134625850421342 0.278776650412682 -0.368706854478829
v -0.00138240119397966 -0.000276670424298652 -0.270712017004171
v 0.079446972246085 -0.150740225215795 -0.150066236419763
v -0.0415168437104869 0.104171411784091 -0.0739235158222465
v 0.0116086845073298 -0.130923186118232 -0.0325915776520466
v 0.0271877475046816 -0.167798699577754 0.437495573535927
v -0.00415303286895199 -0.143765003322613 0.00631072473771258
v 0.105896361705157 -0.101814306720717 0.251465409039329
v 0.160290225859888 -0.109570360249501 0.308230814379351
v -0.0639096065747125 0.0736679702110999 0.0369001250166828
v 0.0329582843980843 0.117611118459505 0.00978759249932834
v -0.017295605951487 -0.153154844551556 -0.00689497039839264
v 0.131456573891981 -0.135430914915887 0.310518013353643
v -0.0249311524595124 -0.0102242247028181 0.411743755910291
v 0.223394321947262 -0.192026224703975 0.360962204860644
v 0.0761103264981482 -0.129844390181837 -0.0878749319876336
v -0.112700435964641 -0.0488011743905127 -0.245534124871265
v 0.0619508950902208 -0.0190143997650403 0.340780124950101
v -0.294626558012693 0.195022688986665 -0.459973000504437
v -0.154066320692837 -0.298636452106918 -0.189478342413044
v -0.0733681430229468 -0.115824041403585 0.362895810490311
v -0.0802913116451067 0.0602709974703709 0.134272888206529
v 0.0165422510398304 -0.173651253887677 0.442867807954238
v -0.0154094106084245 0.156268128487029 -0.279654925873894
v -0.137856690862551 0.105295118409549 -0.339562843708627
v 0.0329880876065067 -0.0791328606990884 0.18025757513871
v -0.0512269473667469 -0.149086142470491 0.324781644492563
v 0.0691206171635311 -0.191117590507155 -0.119392262877324
v 7.71719242737177e-05 -0.131822981506621 0.399280271966727
v 0.163486714733027 -0.096368198974315 0.252527264848956
v -0.0169685639158343 -0.140618629522469 -0.164121641744797
v -0.046461705000368 -0.174527062316269 0.349670486421129
v -0.152183936833216 -0.0119521686617341 -0.140809254388142
v -0.0163922836678813 -0.132753563110306 0.355973626340224
v 0.0100197824663319 0.1531974712878 0.138333887914383
v -0.257357084100722 0.105032323010004 -0.436493291139593
v 0.148400602021029 0.00881908938137062 0.0524869827640473
v -0.00975966267028818 -0.184269255846748 0.366611475328176
v -0.00378436964837801 -0.130703813893117 0.368586941391758
v -0.0579361186582066 -0.202728344343316 -0.133535944590031
v 0.00979807940628537 -0.156542077661908 -0.084018830200729
v -0.0416525932096162 -0.180922341032892 -0.120706949046913
v 0.00411124125729348 0.133615851268232 -0.26143504218296
v 0.155775313949058 -0.156906446286032 0.342168008846263
v -0.0246681196031797 0.117859733775564 0.344489735054751
v -0.0659383047827179 0.213807226678467 -0.328337039217102
v 0.173275754282954 -0.142821901305884 0.273110511705759
v 0.043538926706954 -0.184491436834849 -0.111380721244508
v -0.068560166420052 -0.0872208878873861 -0.214457535337416
v 0.0722104219275737 0.067863792688736 -0.199391599160493
v -0.316946433738439 0.0758177827795126 -0.503687735679197
v -0.0369449740184113 -0.166918126663676 0.391692041483326
v -0.0386843847723178 -0.124258792630404 0.393519361041221
v 0.097815927537953 -0.14442277759325 -0.120923863065788
v -0.0630999615325338 -0.215589832233899 -0.140557370954618
v 0.170073186969299 -0.0285827134403628 0.283888041747709
v -0.0290728727312068 -0.15699506337601 -0.000701774893253604
v -0.0812000518164211 -0.161861967033636 -0.0875438739894341
v -0.11012718857097 0.0463648918904671 -0.248715722751213
v -0.0259235376145261 -0.184909563105558 0.359670662833378
v -0.107154471802802 -0.17663013804515 -0.116294259862678
v -0.0553219951768506 -0.152033402192631 0.380685477025487
v 0.0157563937341428 -0.161671905024116 0.439564737727141
v 0.167784302508274 0.0544816960183128 0.297177203266207
v -0.147290459705448 -0.00745041115361933 0.0801510718175444
v 0.0681786787508084 -0.0924713908471893 -0.0801506318700235
v -0.0760754608636916 -0.0339344730581739 -0.264802266986221
v -0.0472910843074213 -0.148500599618547 -0.0386362484634992
v -0.0476988235141397 0.100492841782154 0.17087032380734
v -0.0346731954966247 0.111797456154829 -0.309063140480397
v -0.0432107968190813 -0.157281267410786 0.331778922865524
v 0.0933679462226456 -0.150308594557592 -0.134134584626513
v -0.0727030320640557 -0.194471014117204 -0.100994876944021
v -0.121079842053048 0.157628750948021 -0.251936648567653
v -0.0312821476770086 0.116842306173128 0.180228514749174
v -0.0244534329825662 -0.162643435801173 0.400005587293805
v 0.0128742072177377 -0.151943426583619 0.387500547936943
v -0.0308967235985035 -0.165537160821007 0.342316092743801
v -0.0493956245044918 0.101624973367154 0.281375227289453
v -0.173879297520018 0.137250338997894 -0.342349456335938
v 0.0300297219242602 -0.0442196734699804 0.213430028076876
v 0.0337295842123257 0.143324708234944 0.324785713342983
v -0.0160265417769538 0.11381220296244 0.0331121724920011
v -0.0699754109489815 -0.119786478475973 -0.0561434381422468
v -0.125514355568317 -0.0202520029617666 0.206981835985799
v -0.0541964032273705 -0.192198684219324 -0.126574963188969
v -0.0187730456930524 -0.151532324930147 0.409376220431907
v -0.158065853728899 -0.0133129893827299 -0.174662192410867
v -0.0120063029196482 -0.162238403625872 0.417280811931027
v -0.13836421960292 0.0108135125556095 0.24740145747602
v -0.0379656796337077 -0.183680515639176 0.386564259832674
v 0.00713911078330488 -0.14104765408954 0.384809099392635
v -0.122735831626129 -0.171405107183577 -0.127417967613864
v -0.0816703745008623 -0.107476034674797 0.351915095041985
v -0.0576128732143331 0.215984321881631 -0.237338773227203
v 0.176052036423381 -0.125120262259271 0.273149857931439
v 0.0771930320642415 0.0990833325066057 0.0484650046148208
v -0.0285071190824691 -0.148655928900118 0.335729132466909
v -0.0470573660500629 0.102755536458595 0.213218974808856
v -0.081006564449629 -0.207799203699029 -0.102213316216414
v -0.0554968207134272 -0.0859219215176268 0.172895451218264
v -0.0772783603202276 -0.134130130070982 0.351993461788922
v 0.136323142482053 -0.137164879417602 0.322603846362323
v 0.0683604548605731 0.131880983468415 0.125859349178569
v 0.0883821288786336 -0.0450332979817043 -0.0747420652728882
v 0.105332774623242 0.07260639281784 0.0553528476232448
v 0.24532489168388 -0.259984696004374 0.39139747590909
v -0.0215128849894614 -0.163812067485198 -0.142137994059239
v -0.0455211800380891 -0.0867782905642951 0.312327237900604
v 0.0922925632861506 0.0856880470244827 0.0583511160712837
v -0.164823629016482 -0.0261694248962861 -0.171693217562165
v -0.296031844178389 0.166814970715375 -0.433595630595965
v 0.136163450894929 -0.00229557635513553 0.174515254448125
v 0.0115128775038022 -0.142625224636041 0.407748695226978
v -0.0323166185009574 -0.178237129953241 0.351867984140017
v -0.121535362286263 0.0281044863784486 0.249720856179452
v 0.14680310386737 -0.109137774098609 0.318806350525656
v -0.110353785336996 -0.12395831645723 -0.178239182979825
v 0.132516859340716 -0.113842861489455 0.327608445849572
v -0.249297019668855 0.241384131613415 -0.394414615184658
v -0.0785845079006133 -0.113379552357716 0.0136364486286122
v 0.00827799653521188 -0.00593437600983152 -0.263670243068764
v 0.0409308279659997 -0.179396476651226 -0.0954875711728177
v -0.245220583719623 0.115461623632907 -0.45381209911171
v -0.0650332508563343 0.071590175283994 0.00769793573241111
v -0.0836419104747612 -0.176511813970043 -0.160445377962979
v 0.12632062819979 -0.134198060108487 0.268109151546082
v 0.00952931902070434 -0.122565408686362 -0.181307880956337
v 0.088934737987009 0.0618304790780833 -0.0772363858728859
v 0.00115122633356935 -0.142882677312274 -0.0519960608344821
v -0.139562566242167 -0.0262415088735348 -0.106905486095816
v -0.0713948414934632 -0.211104697047844 -0.152098777660652
v -0.0806205208959436 -0.127618905651661 0.340595184454974
v -0.0906324423777434 -0.186108138334455 -0.0986286450409461
v 0.178130074972267 0.0435893984767589 0.242225449963337
v 0.174700556258894 -0.108752137198019 0.286311944840836
v 0.140735532964547 -0.140837028267723 0.260304969316399
v -0.132361182750617 -0.0414453038513913 -0.101187532942625
v 0.10005040680901 0.0585309788574215 0.379834247996666
v 0.137122811630292 0.0349622295420457 0.174404134675887
v 0.0929533496534076 -0.0631670286818696 0.186355502426304
v -0.0849815308817842 0.0650620367978211 0.253891044548947
v -0.0407078636840424 0.111404312166545 0.327200199869419
v -0.117783477587899 0.0904217551895759 -0.258435555052634
v 0.170207952835397 -0.12694710555936 0.315344443573497
v 0.137546161557318 -0.147038321297383 0.314530955439949
v -0.167235299868883 0.153659087366358 -0.312483475823526
v -0.0839248782624574 -0.195104143486327 -0.162931925119403
v 0.0219536096303845 -0.152950450876774 0.414526981986482
v 0.167245067090775 -0.164666940430156 0.282885624016959
v -0.0511382404273724 -0.174157510935441 0.371954878815647
v -0.114058506825048 0.0275664270838893 0.137581594008247
v 0.143354872416949 0.0258736342225554 0.330513462213398
v 0.0568869982386934 -0.142134125726803 -0.0716004562419043
v -0.047995013161853 -0.163150219569683 0.384776340049201
v 0.0649129436430842 -0.149625145392749 -0.067938479335112
v 0.173983554927527 -0.110631478709066 0.26761947314976
v 0.133908395392511 -0.145705182935497 0.30372173542739
v -0.0724775511851264 0.00785467658005887 0.372862134767797
v -0.0554516767011064 0.21061046236485 -0.282834595110443
v -0.00548414120616355 -0.161390433900784 0.360372866076342
v 0.101391813232573 -0.181859528018991 -0.103434598330034
v 0.188728000566163 -0.143284070709209 0.32457455505186
v 0.145574200543588 0.00398987707994925 0.112692779231129
v -0.159397462697766 0.288190218079385 -0.348382704208224
v -0.112917956702591 -0.197997722572484 -0.142391459041147
v 0.0853008780900385 0.0954122600776789 0.100259622981523
v -0.30128820450917 0.141541614862221 -0.439610156604272
v -0.0940188843182343 0.0485441915614666 -0.312963520464329
v -0.297386301854134 0.188614995438363 -0.445016891419781
v -0.064766609097094 -0.195092756672641 -0.144406006295066
v -0.0184979215910036 -0.201877280821469 0.384067902492475
v -0.0397509196525115 -0.186342266411979 0.373215040396165
v -0.0782781118055084 -0.217616251561676 -0.160099395869265
v -0.119441297475135 0.0190878936959286 0.0294029235903993
v -0.112254151784734 -0.183044655887628 -0.124518016136898
v -0.0588876499347986 0.0935759456365397 0.324507132799658
v -0.159878239272689 0.15620647054884 -0.436368069674159
v -0.114814828143749 -0.0165282738474682 -0.252721239994161
v -0.0907923898433801 -0.223422126860054 -0.104756947255378
v 0.145812901069128 -0.0917499696196372 0.305165058084608
v 0.0410363536961923 -0.180774302413215 0.425674287123578
v -0.0673141974767609 -0.17712549750433 -0.145530823968573
v 0.0841842548038014 -0.158898806853341 -0.0756431874873578
v -0.152901263187151 0.252805345006329 -0.422700182241812
v -0.0747010177069382 -0.228475715654276 -0.117139896233996
v -0.102551550390779 -0.186045927456766 -0.110128294981519
v 0.0916347001382498 -0.178419143011527 -0.122915799240129
v -0.0509591717738609 -0.17556639219828 0.360680082703327
v 0.00751199004706977 -0.152694154584891 0.431497944969854
v -0.0706583017398692 0.0811182688706003 0.311958090825075
v -0.0345354088873687 0.134464984383062 -0.309233324569337
v -0.0145761228700701 0.136125473460091 0.305371477766465
v 0.180417517718152 -0.155800288371597 0.282589177458485
v 0.120308401529901 -0.0622201906176327 0.209495489168885
v -0.107872581836202 -0.181940711447577 -0.162216791657307
v 0.179754085168926 -0.130164971782184 0.282937274562316
v -0.00375361337063796 -0.203612081166124 0.382720045115057
v -0.0863168936985328 -0.206454889901785 -0.164922762532993
v 0.0207726783960428 -0.158537488877324 0.401659393951499
v -0.0901276589013585 -0.233501745266354 -0.108440496432501
v -0.153665772045151 -0.0161031741774562 -0.202186922410895
v 0.0837385106037969 -0.168116346452331 -0.0581929654996933
v -0.117378834061809 -0.187859361178347 -0.146733336776795
v -0.0903951113276057 0.0584816922230439 -0.198155270514097
v 0.144541504244268 -0.153294880028739 0.324435853396423
v -0.215572830413976 0.224094015310352 -0.488015022625862
v 0.0948133300355053 -0.238600803539438 -0.052393070731609
v -0.105528973104646 -0.0850981666420297 -0.00297786997933859
v 0.295047448719668 -0.356014606382397 0.365124902751015
v 0.0727673763974327 -0.0682857316247208 0.0963199662730767
v -0.225575010973846 0.272533753351967 -0.426145438279991
v 0.147525094288264 -0.127094283060838 0.250249621444106
v -0.0681629466335557 -0.126027262595195 0.369224611033895
v 0.0928857591204158 -0.161384350052642 -0.125946805205387
v 0.0637774842197867 -0.0483904239300928 0.31499621274239
v -0.0753421405548767 -0.247575807522857 -0.150109383921544
v -0.156958661797485 0.229730509815111 -0.4269892744407
v 0.0533437264200529 -0.18733407530092 -0.118390844415348
v -0.00450516515529274 -0.177738831476181 0.421295274420354
v 0.147502686556353 -0.144118560003938 0.336763122026472
v -0.0595845518931483 -0.187681861786852 -0.103351583121268
v 0.0872904638087071 -0.150021835788906 -0.104118744612897
v 0.162594171381586 -0.124730500856276 0.326747932506942
v 0.122801601303249 -0.0184244125017278 -0.153035424403652
v 0.0968144299094134 0.0535863414028156 -0.133734052759046
v -0.121479267296426 -0.156673929251638 -0.12286606582812
v -0.0295585570671444 0.11879924371811 -0.114127350357883
v -0.0409080291926257 -0.0598781137029596 0.400213336513116
v -0.0767856571901001 -0.112815761865517 0.299095725417648
v 0.14476081648371 0.0816291972756292 0.244514307846214
v -0.272051473061017 0.158049662744064 -0.500414633946903
v 0.178021535494382 -0.134198218144049 0.31821823906938
v 0.0304650910628895 0.111760048256404 -0.0054554874888513
v 0.143692962658961 0.0811131329312615 0.217173255931692
v -0.124928509903318 -0.253607991157903 -0.137520982076401
v 0.114043159944708 -0.0204271032721988 -0.046397129998735
v -0.108876779692816 -0.216697276915789 -0.151607429532688
v -0.0738758407934773 0.148724747341087 -0.201477833520024
v 0.198322769896862 -0.156827775675787 0.298371457161218
v 0.094520999333458 -0.173121522166538 -0.0909224279551624
v 0.161602055547415 0.0649943080887103 0.290730953462299
v 0.152150803258228 -0.167633544870428 0.290241247036073
v 0.117509109637741 -0.0228493579989925 0.0231447825850888
v -0.105321132050435 0.0323426285561839 -0.01116886416612
v 0.165689384937338 -0.134316412800294 0.26325851765647
v 0.0336298448153792 -0.167108847879111 0.42234483390027
v -0.0778725517598447 -0.11392036364172 0.0505398583515183
v -0.028231555915688 -0.187490466520607 0.396495334967625
v -0.076939032531422 -0.146915043530988 -0.164565248703656
v 0.077103172382863 0.105726025360447 0.105546247853433
v -0.273093457927891 0.111802063445737 -0.48811973789692
v -0.0208995328693289 -0.194669484743114 0.402338724362929
v -0.0792556599576641 -0.204687101216882 -0.159716108893752
v 0.114040396644056 -0.0279642608763994 -0.162860418569792
v 0.132226100997642 -0.00846038095046025 0.0266317885915555
v -0.154606224505345 -0.0516591492328433 -0.127051760225448
v 0.100496679841969 0.127995011429759 0.305475241296436
v 0.0172547192120688 0.134951267759011 -0.131550626689618
v 0.061291752500783 -0.167412332560652 -0.0605942965945761
v -0.0316083668485318 0.108433926373678 0.0767594181154932
v -0.147226620354483 0.174406161252017 -0.278415735053582
v 0.0472295546950377 -0.184035735093303 -0.0843076167859719
v 0.266170310598104 -0.272512093869708 0.373437250770221
v 0.00494493077564898 0.105892025699739 -0.270621861074947
v -0.0124279830487818 -0.170113708001987 0.408791751905915
v 0.0986566862177419 -0.195167442920011 -0.110475178077528
v -0.198198885813242 0.157799030551366 -0.343205076959319
v -0.112622143593246 -0.256779312038375 -0.115244772816486
v 0.0899094459431426 -0.141861252835437 -0.150050285132985
v 0.0956831563822844 -0.17103599330244 -0.10253329965024
v 0.051969794558937 -0.16782382646551 -0.0680531558434727
v 0.150589067842655 -0.163551622144649 0.327567296697951
v -0.19155941686153 0.28970207410213 -0.413987021955724
v 0.0474860810498893 -0.188498704823263 -0.0992004128705304
v 0.0577221030855854 0.0937900687111584 -0.154342999263642
v 0.0234765825746809 -0.166565820232674 -0.102507712612053
v -0.197281529484261 0.104983678652551 -0.399487105523985
v -0.308239048903876 0.157294036769226 -0.446388499893777
v 0.0593059653598684 -0.0761380822570091 -0.208316957301727
v 0.0626375698794685 -0.202073777471285 -0.0964392822231853
v -0.071528567751565 -0.230267876987119 -0.151734525729356
v 0.0873970160561904 -0.0696457133593048 -0.0940247345513433
v 0.0314888213106227 0.0957286107145211 -0.239412900932615
v -0.109488691995219 -0.23097472846649 -0.133951979149304
v 0.0549018169484849 -0.191939658497336 -0.0779175266704496
v 0.0965496198142517 0.0806660485378621 0.0465071810565601
v -0.069779856388261 0.0976843141149242 -0.200559261864702
v -0.0951358711006463 0.240313378767952 -0.248158629462533
v 0.185780011632051 -0.144102417498677 0.341668991878736
v -0.321227922213251 0.0828846346690772 -0.515443796441347
v 0.0460619693055967 -0.021612630134596 0.337954027074041
v 0.155557377372545 -0.253183184880691 0.0128471565037655
v 0.0920697110568649 -0.193590513784395 -0.0359300405513852
v 0.0936153350147137 -0.187841711022696 -0.11768035880164
v 0.0741407741526076 0.0800614599866369 -0.029854365407527
v 0.18976963494249 -0.153811191260419 0.290104727989248
v 0.101840091395582 -0.180104560433649 -0.0604814845781001
v 0.079876706432321 -0.187657273271128 -0.122426336936627
v -0.0555266902326521 -0.00142487405329169 0.387671320129335
v 0.153426385414105 -0.138586955421412 0.259807511007342
v -0.334270381982661 0.0811690389262293 -0.507346467642346
v -0.0320205665914023 -0.158032146542424 -0.147514805557122
v 0.0352159862849415 -0.187014735995012 0.401862927735509
v 0.145437290242104 -0.155801594892727 0.276144126647047
v -0.26442011789657 0.224552493856466 -0.469026648802603
v 0.138042186333738 -0.156723673437989 0.293849636707234
v 0.0236874984935478 -0.173956086766578 0.390535591730108
v 0.118539558143419 0.0262921298535685 0.363748837573627
v -0.102496805161161 -0.249861511960676 -0.111377544075778
v 0.115595374310223 0.112617766807103 0.279135097103692
v -0.102400820717339 -0.0886833387354467 0.0191411394192992
v 0.191473513690545 -0.142347102691536 0.297422518856305
v -0.0470310397075655 -0.141105665478293 0.0965707517496823
v 0.0447198979983257 -0.104080212319229 -0.0539723288362956
v -0.103599236150119 -0.207889871614603 -0.120993437561744
v 0.175714816350971 -0.180879550918564 0.349986891042244
v -0.117473310906946 -0.244996099367635 -0.133439318343892
v 0.209750517665642 -0.172510555868115 0.346431132038864
v -0.136207536954842 0.00350775469893476 0.0612934126151086
v -0.129441818902055 0.015782766248345 -0.134825178249788
v -0.0440235628362802 0.0994612119640804 -0.0630986048630439
v 0.108865085417042 -0.0551280016912335 -0.16843941386311
v -0.110608207812241 -0.237097211422497 -0.119378488176597
v 0.195470045870868 -0.173135834168509 0.299743392756498
v -0.0729965982573743 0.0567972539572509 -0.32447304424749
v 0.0641350430255397 -0.125420226004984 -0.0746098655526444
v -0.041103248425341 -0.00202213076550011 -0.286563554327917
v -0.156554650890685 -0.110841689419472 -0.149926206996239
v 0.0295775347699687 -0.166249653846269 0.4122938677619
v -0.12547425384905 -0.0693051181210658 0.277825452606553
v 0.0647642875056052 -0.200596143881322 -0.065623839831247
v -0.29912700064022 0.154475392696747 -0.435668023508847
v -0.020648667022372 0.112335822387025 -0.0505286943485998
v -0.111820706322867 0.0542693612568862 -0.256256385103898
v -0.0372138853651268 0.112876710769421 0.23454464148309
v 0.00409856241989648 -0.189826658261978 0.375752062319273
v 0.120105712429581 0.00491133656344599 -0.152993420384129
v -0.106367814148075 -0.221625783078337 -0.122350785962858
v -0.105535349942331 0.0341526328376517 -0.265173676022309
v 0.10532095187376 -0.185027558092882 -0.0916789249313033
v 0.00539086428075444 -0.220352198912829 0.400687382207486
v -0.0217797355971047 -0.167433021912957 -0.0828527009569152
v -0.0573867260916017 0.0920397683061197 0.197190770821447
v 0.112480009543185 -0.203041275802357 -0.0957309345568921
v 0.0947163210610405 -0.206285409713998 -0.105031721046581
v 0.042605500201155 -0.191391162523162 0.437952557774772
v 0.0590816591723886 0.142304474169296 0.325514690850225
v 0.0973748970076433 -0.175203992082721 -0.0735058962129866
v -0.0363799037046817 -0.0685194847963657 0.190585112536249
v 0.164232981497433 -0.142033656463877 0.352042940525132
v -0.0934051267261171 0.054583915169111 0.1853273770076
v 0.030570517259856 -0.110139994226629 0.0792119238229038
v -0.107744692137926 -0.220091799257443 -0.138436655249622
v -0.0823740842139891 -0.247974601499194 -0.121957635179149
v 0.163167587401133 -0.174397300787022 0.29442705606664
v -0.039064288971338 -0.149767934909057 0.0767675269757778
v 0.0724505163787871 -0.21231184393225 -0.0831828942961203
v 0.0753138310843037 -0.210633446631678 -0.0520841312960379
v -0.0527452305538725 -0.138882990738923 0.0668713543988827
v 0.119283379575962 -0.115566393730193 0.243093213942476
v -0.0678615835877454 -0.232239808044801 -0.135533800893038
v -0.22941068767123 0.235055864540224 -0.36393005711594
v -0.136662832375063 0.229316654640122 -0.407914801110157
v 0.140937942395157 0.0861385031611005 0.271239590546459
v -0.113411303142745 -0.231690679201553 -0.148114801061066
v -0.159399168266806 -0.0941759197069605 -0.137666637894838
v 0.0309200683370314 -0.17555305409882 0.40345860467105
v -0.0816544462194584 -0.229086748510039 -0.163604082819982
v -0.0959546704242067 -0.257058780591861 -0.115576598141135
v 0.010114259700476 -0.219403765844377 0.439098257183503
v 0.168083485659332 -0.107499691443954 0.257248115116686
v -0.0785125149847747 -0.25639818885073 -0.144019077062733
v -0.0423155825525836 -0.0838212371168678 0.175119873539838
v 0.0625516405936937 -0.197725052374853 -0.108865948159263
v 0.124947113428007 -0.0334328471146715 -0.150414322565431
v 0.0987315714907573 -0.214752124763651 -0.0967634391377518
v 0.0832689236120645 -0.21472391598836 -0.0957350972386139
v 0.112231379898762 -0.218788672564939 -0.0898472868126709
v 0.10747660220009 -0.201824482612872 -0.0261343091799911
v -0.233881796590995 0.103569318621294 -0.415132885242965
v -0.00413280029096195 -0.202770985197744 0.420976930259966
v -0.0054609353969666 -0.143620560706521 -0.0108908253083783
v 0.180903059782277 -0.190122462429061 0.311406541517256
v 0.0617701891098792 -0.224917133343937 0.434189694156705
v 0.0597710911285374 -0.0791101634375811 0.00768423813541572
v 0.173699001771306 -0.182403955861771 0.302251843727269
v 0.0814145830146908 -0.20041290780391 -0.0392052027085497
v 0.110880738632393 -0.0728493658495968 -0.110151712505055
v 0.174495425324713 -0.155338160508044 0.357245520113663
v 0.00525678201460091 -0.191675473017176 0.431949499532128
v -0.0130092496945786 -0.208299964167944 0.399874771668989
v -0.238854901114025 0.105362017885544 -0.429310604649709
v -0.102306078453275 -0.240963222179474 -0.17297848422023
v -0.0129674704137657 -0.202560820619103 0.410542493408763
v -0.103646567552527 -0.213612681559564 -0.162110904666652
v 0.0342239516748132 -0.198803241371812 0.39707773337624
v -0.00816783528591004 -0.0701761545064799 0.284668042647042
v 0.0622346892150165 -0.201284892447369 -0.0794098122072961
v -0.0785793087134326 -0.244694712481255 -0.160540002382209
v 0.0163063017628249 -0.202445140919311 0.442953273650172
v 0.150167126127054 0.0672818716318871 0.322096616464786
v -0.144227869045999 0.288391369040581 -0.350015397421309
v -0.242442314283018 0.185083239619251 -0.378637338592213
v 0.0277364844322504 -0.203837967109475 0.450887698102172
v 0.111756257725055 -0.0657438533252859 -0.164302875203607
v 0.0402758243361893 -0.21130420176938 0.403050607797008
v -0.243386506062817 -0.399855487180202 -0.298079437907146
v -0.282477414307457 0.1977927228789 -0.41267385659736
v 0.0176816749112667 -0.169616371087616 -0.111377351756351
v -0.0064003115123592 -0.0363454172731883 0.394177044847648
v -0.0568343182058644 0.200787496087344 -0.323040570438502
v 0.110245836655112 -0.104042094986116 0.287940440571702
v -0.196628089455719 0.313164722472733 -0.453825781971683
v 0.101808451097568 -0.225011158378452 -0.0862949848239367
v 0.0715024720503491 -0.195752355861525 -0.049714812846843
v -0.120830956647908 -0.243886258179862 -0.144563995635026
v -0.202784166503113 0.276103102617983 -0.369791240165624
v 0.202836122279535 -0.15380128785618 0.30920813231482
v 0.0301591559990763 -0.114039448532508 -0.193733799611624
v 0.130006735588889 0.0806349957312721 0.172334103641505
v -0.00372574820258758 0.113092770140627 -0.278958538198928
v -0.0461691292643349 -0.0641762920432844 0.255469784544339
v 0.0763846478993785 -0.207159153295276 -0.102969187861089
v -0.12429590306544 -0.0568771584717423 0.315461971520755
v -0.109416170445098 -0.231760895141708 -0.161758910389587
v -0.14594056979978 0.119405404568622 -0.295176628928775
v 0.15402904870229 -0.100776678123132 0.306276160199443
v 0.168099992148233 -0.117671926944008 0.258604590751854
v 0.0712609987653453 -0.170196807330428 -0.136370866765319
v -0.0530569976241774 -0.179630995910307 -0.0939076048285537
v -0.097026519638698 -0.28727532392588 -0.159333127583709
v -0.0434181973404012 0.105769534730317 0.201385841668594
v 0.165805256157585 -0.173127636763218 0.343055734928307
v -0.152535801494718 -0.0152991106094253 0.0709579523071399
v 0.000908217420817083 -0.212108595567704 0.391766278909474
v -0.243891439101939 0.259289945679428 -0.378964925586886
v -0.0317364251133914 -0.0577392045904429 0.201421347744107
v -0.108135318871568 -0.150856087614417 -0.109269984229856
v 0.19940296305768 -0.162794941548678 0.351213502235147
v -0.314469512571124 0.114807478459381 -0.45549214157827
v 0.164814487891825 -0.185348790348515 0.316272449239453
v 0.183854231542285 -0.16854130617767 0.290564704105698
v 0.0497275900135349 -0.00848059594891156 -0.227567296023895
v -0.212476756652372 0.286482302213084 -0.436128023531884
v -0.118703697714868 -0.242749092034377 -0.161679530624602
v 0.0725921551393172 -0.179344288368106 -0.0510582615493819
v 0.018527998817233 -0.213364179136191 0.395541742357764
v 0.162674122187293 0.0636570738518059 0.271378262832049
v 0.026387500751803 -0.24062502701354 0.419913197985386
v 0.0494454244738654 0.0972576648243737 -0.0288511262445993
v 0.0592593019185979 -0.0563648838925397 0.304631725562101
v -0.103602509234788 0.0601130662614279 -0.312599182664818
v 0.0732345639044734 -0.213044210069001 -0.0664323319262012
v -0.0911854479002684 -0.228030887129015 -0.168027182928789
v 0.186908603828573 -0.175772375593639 0.360375533741654
v 0.0972587431145736 0.0815338116566782 0.0746573612180363
v 0.019373431473398 -0.219987239389436 0.448804112133194
v 0.178680167475085 -0.194226663441444 0.322806237908646
v -0.0967801998356564 -0.268124169974985 -0.122469944655057
v -0.0258547875904278 0.125353900914141 0.276847749455743
v 0.0172361623561754 -0.225582834742444 0.405815464331649
v -0.284345009166405 0.204210861906551 -0.426081968774316
v 0.0205846999488636 0.170768883158746 0.247029210200413
v -0.131332123114812 0.00672814259569767 0.0014377459183288
v -0.0642584622690418 0.156172128478033 -0.189648043334196
v -0.037368802096368 -0.15594178052822 -0.0268374561835274
v 0.0159573488595275 -0.236920618540373 0.421178312243441
v -0.115065174534713 -0.0575760327140706 0.242131047666597
v 0.0284439670171866 -0.194734728637487 0.447590816214951
v 0.105954222419871 -0.247638088740656 -0.0511527780093865
v 0.131432647937995 -0.209665255067612 -0.0453974147448832
v -0.0545536266092127 -0.150083178146405 -0.0685818980456217
v -0.0579119479820775 0.0113212946731913 0.385278781503662
v 0.118766426505764 -0.195816660464431 -0.0808832744311497
v 0.040970575481482 -0.232680407658922 0.413980345432764
v -0.0435192736656603 0.104476417593197 -0.139504464061467
v -0.0914744687667014 -0.259577277053971 -0.176135709935283
v 0.014198578616624 0.112335089524224 0.355878202028701
v -0.217204608584902 0.106210878964067 -0.420259677834212
v 0.032085805229324 -0.252615714307106 0.438299827517766
v -0.09861408096667 0.038621149010483 -0.0361933018628081
v 0.212365471019259 -0.174144270092153 0.326560510004984
v 0.0688365127078744 -0.0640850723743595 -0.207777176576967
v -0.0891843726580289 -0.24385104148597 -0.170292895836355
v 0.112891262012486 -0.02870945395628 0.080258913477169
v -0.126938489401276 -0.254991529434525 -0.170843121809905
v -0.127622821864056 -0.271564462941428 -0.129906100196071
v 0.0476405917229273 0.177306012605687 0.241686268609889
v 0.230677707050826 -0.335880400024086 -0.00344489008083964
v 0.289620450588814 -0.290559019777471 0.420230558718042
v 0.0349005544503816 0.113095154181897 -0.218113597849995
v -0.121282394115607 0.159581987545192 -0.38982169993789
v -0.10755895303956 0.0819820866825446 -0.24750682067635
v -0.120493297345601 0.0200450989514855 0.0975818129066373
v 0.185785589860885 0.0160514419136361 0.274455789221485
v 0.114781053303747 -0.1929824482265 -0.0586570359967106
v -0.000237785591315903 -0.10644645485783 0.153933090920955
v -0.11286434445264 -0.25063056687388 -0.178299133813074
v -0.257483748627125 0.23378589112505 -0.457291556418505
v 0.160959546317159 -0.148073362100203 0.269003300632525
v 0.0452819274373042 -0.19705753868848 0.414805949333394
v 0.0482431895939168 -0.20259979808874 0.441157663284806
v 0.196651094593136 -0.208560334925914 0.329573358671747
v 0.0558323938431909 -0.21798611912115 0.421545485849303
v -0.15277272434465 0.168425652671927 -0.426259418900058
v 0.00701792142903219 0.146706408006428 -0.198648589461938
v 0.0322905558463988 -0.224141596564722 0.458391362313637
v -0.155070682578691 -0.0263818515830579 0.0589091748267406
v 0.133158295556998 -0.218344547998816 -0.0691017491698732
v 0.0543799652618966 -0.0439771959157408 0.217799108311945
v -0.0026758412937714 -0.144343028960162 0.0674216298404043
v 0.0477214749009048 -0.241449127869669 0.422118935356746
v 0.111757646686157 -0.290646995268762 0.525776811904768
v -0.129810437672487 0.00753968313464003 0.18406494468544
v 0.0849254591137488 -0.227061984464063 -0.064116639898646
v 0.0995746115126019 -0.22142564644409 -0.0208091139056211
v -0.0153341186674402 0.108794199844754 0.0134486570299731
v -0.0992310186844851 -0.268779738002752 -0.182424462245718
v -0.0149143046953261 -0.130866705795824 0.127129076005946
v -0.129074006606355 -0.252162498623078 -0.150471522843862
v 0.17277913967881 -0.0113943962517852 0.29482465460098
v 0.0909401755101343 -0.221493078900946 -0.0892844863061334
v -0.0160907857461556 -0.0268181124778136 0.405458190179332
v 0.0276634458479157 0.175809044725164 0.203892113498937
v -0.136972065291479 -0.0500505121425761 -0.00128796800498845
v -0.0383516973232408 0.0799865959310949 0.386975452264552
v -0.0825620059689548 -0.261181829818487 -0.162546572804705
v 0.04290459140731 -0.249597955366388 0.427398991195591
v -0.0608479048700964 -0.0667073731535824 0.191853357472672
v -0.104687002685688 0.0359471709243317 0.115959616142445
v 0.103981063120613 -0.184996611737714 -0.0499551676157035
v 0.0659429639445053 -0.23435022746399 0.464265027429485
v -0.0279529420245936 -0.110111465455887 0.148721405419889
v -0.053495121300507 0.147411141993064 -0.17718377140871
v 0.0272181876939714 -0.215258319040896 0.454023911949092
v -0.0634319590598699 0.08537763022542 -0.171911245298593
v 0.125242205019153 -0.19996139725845 -0.0708568302174185
v 0.0321308202291106 -0.226162290747899 0.40814142976116
v 0.0200239756772736 -0.233374648449556 0.44779203817503
v 0.124091724549103 -0.208433647120042 -0.0322421938137818
v 0.171326506472068 0.0533503079668013 0.269359998023047
v -0.144209949164902 -0.274729152203256 -0.151990011975992
v -0.125679469766966 0.0130410894927064 0.0372482354505366
v 0.141942022744475 -0.0111168413157157 0.180268347453179
v 0.0173014867546921 -0.0801978170670618 -0.218979169000163
v 0.12445121036628 -0.245972433560247 -0.0583255492003753
v -0.122499456124229 0.000277391549379099 0.319926120243327
v 0.00491262993025516 -0.227449848076218 0.425587922785955
v -0.203474951496143 0.220475537399708 -0.473991104907758
v 0.0692254236919713 -0.0696647206908276 0.00471195569619806
v -0.104447680131873 0.0414209021008814 0.187761645443101
v -0.0674477601505959 0.0824948133925057 0.216530526204795
v 0.136518408102551 -0.218632251027666 -0.0396693552396639
v -0.223434078693856 0.195829105216755 -0.488533822906362
v -0.0663244367762987 -0.0255113096427682 0.375646802712886
v -0.0906170128178568 -0.274585922660202 -0.171242986065467
v -0.05299251623141 0.0888476550013774 -0.0672779353698272
v -0.129829933040196 -0.262982001645466 -0.136860588265458
v -0.122880187540103 0.0185927588068434 0.134605426429745
v 0.128881371338859 -0.0211345479804978 0.173113287056589
v 0.125556661075473 -0.211971984395821 -0.0804361383111821
v 0.111778293874897 -0.192836022532871 -0.0467108171495453
v 0.0451896957121566 -0.216174115071212 0.455577668865197
v 0.121865204877317 0.0236927640826254 -0.107488238788623
v -0.141990688021604 -0.274476130312432 -0.175122958555987
v -0.0668095367725268 0.0850310324095284 0.302091607078376
v 0.200979810743948 -0.185516694871744 0.309184469373243
v 0.0290984483402768 -0.236234221498168 0.456674554096632
v -0.340636241435888 0.0991942920830667 -0.52255373655954
v -0.0833061820949213 -0.107755589196715 -0.00440142122887622
v 0.0856732784006279 -0.0994057114384437 -0.18351735201598
v -0.0917096609053777 -0.0991269608528887 0.0993845720084709
v -0.0976920914354005 0.0527172738011007 0.210991328147964
v -0.0201025711170703 -0.0667305555028696 0.269809252860877
v 0.09301015436864 -0.0204541075355435 -0.183665091228664
v 0.0998398121907568 -0.233804719495036 -0.0752532264617942
v 0.0638597092211756 -0.0603558686064946 0.293451684862425
v -0.143649591523015 -0.0446769047967132 0.133366850750997
v -0.11374303396632 -0.277251138749512 -0.122628084343368
v -0.131588283460995 -0.0418122324854561 -0.0345593660712127
v 0.18371203052376 -0.139167245231058 0.286914646556805
v 0.0632694862222952 -0.0741602498602025 -0.0338744793895758
v -0.123399097843475 -0.263980134311404 -0.184166473467674
v 0.0431943976761903 -0.262214730598154 0.442638653404423
v 0.220515888298056 -0.193932769680679 0.326913384034442
v 0.113500148176855 -0.0273184083315287 0.131258274730903
v 0.120574948331995 -0.227946804270858 -0.079185470349846
v -0.139137703420501 -0.265904445820071 -0.148481155669768
v 0.0945162383781088 -0.0407063743088562 -0.0575881125167554
v -0.126406850347315 0.0140097399838142 0.0895056819933722
v 0.231622049182353 -0.212613060824968 0.337111685274826
v -0.0615278458014758 0.0212766822657333 -0.30393465630118
v 0.21878909263421 -0.182737032937457 0.338061775570464
v -0.131248874436829 0.0182059240762114 0.227698253851748
v 0.229427953789694 -0.197153513539355 0.350653588294399
v 0.226679718838419 -0.202498039341579 0.332686480328678
v -0.0864142485064503 -0.271328246643615 -0.15125901298793
v -0.0390439394281629 -0.0698701225376445 0.32273321714673
v -0.122698910903111 -0.297995802540461 -0.136638943550839
v 0.153420468334896 -0.380153559004939 0.502448086344775
v 0.0618452111555717 -0.223628730514234 0.449892978139249
v 0.134580683932914 0.027395847461701 -0.011490272818377
v 0.107357344241364 -0.247300357300592 -0.0315484657974145
v 0.0143128802538831 -0.18128395591479 0.379130969679739
v 0.0165890525165633 0.112433823577799 -0.0447069111857575
v 0.207591351471912 -0.204855556645821 0.322521979515506
v 0.0667769215262603 -0.0457949237015371 0.224231585393427
v 0.0438621191157151 -0.254479684486789 0.463354860490167
v 0.0932947002472973 -0.0859566373138674 0.26307976046388
v 0.179698396712912 -0.302662787304645 -0.00265791737841461
v 0.0582210015107351 0.00480542153221167 -0.218954605608373
v -0.132857061324069 -0.323141889052868 -0.169077988093204
v 0.204896828598685 -0.204404357153807 0.366813648671382
v -0.0492574099709538 0.0258695328662912 0.395742087985793
v -0.0589593889251347 0.0909606993576559 0.235210649938618
v -0.111204647791325 -0.301928890234317 -0.172023175344604
v 0.129179443982064 -0.135064241033689 0.281873162393368
v 0.186839467264844 -0.201648257504517 0.338068226286078
v 0.0919748920939371 0.132734251077426 0.165456592663953
v 0.126801582831072 -0.00522774959312959 -0.0333598707433124
v 0.250301825196846 -0.223288479584307 0.379363078982846
v -0.0708918066743726 0.078141136426734 -0.187842292544228
v -0.105746155645527 -0.296091883594936 -0.155032935790934
v 0.120368110496141 -0.200793821870466 -0.0423799777190702
v -0.0362325525953181 0.0973390357575219 0.017950432187871
v 0.053502058994174 -0.114143670140969 -0.0632355339305924
v 0.11077894308541 0.0273848064539378 -0.158404113667738
v -0.0624749152125235 -0.0145132613882974 0.379220991839761
v -0.218462121120153 0.283641763783926 -0.392519927163357
v 0.137651932593283 0.0128970765880301 0.149069341137571
v -0.108093699593553 -0.208087280953156 -0.138005658885416
v -0.0487824269027181 -0.144029968684252 0.0354527484471964
v 0.111182778996051 -0.234600322756872 -0.0752013743357112
v -0.0810226797925511 -0.110834957389874 0.0371755625869732
v -0.0714167539494126 0.133992575775209 -0.342926770394843
v 0.169661318798244 -0.118636776070541 0.307117138113869
v -0.0378981366247573 0.11391530644878 0.297293277940572
v -0.114712436238539 -0.283301489521677 -0.192064826426649
v 0.11573595638793 -0.214963111180496 -0.0168962368370204
v 0.123433008202819 -0.0182057400947954 0.112886176528929
v -0.0340501795545561 -0.0719532812225728 0.397536422456182
v 0.100614030704938 -0.0907013703573643 0.242778175535686
v -0.134622949745802 -0.28180173534806 -0.13752666251701
v -0.114169014573834 -0.271487990099744 -0.189487188435705
v -0.0135560007122966 -0.089353192861041 0.170106546440525
v 0.119115471051989 0.110249162616756 0.311208750434273
v 0.0607871621937149 -0.268468586633209 0.4436151248896
v 0.0796872019291019 -0.25019162170449 0.457298280229962
v 0.0493732304727065 -0.230167504806965 0.464767879069085
v 0.0630989639743933 0.164504648846023 0.189746377106061
v 0.0906796799560048 -0.227441977966887 -0.0346009324235179
v 0.135516255168922 -0.221390281741601 -0.0283644956394018
v 0.000985418989195947 -0.086326367412987 -0.215877268260278
v 0.195397948924556 -0.201739857434633 0.357803780368252
v -0.133661593487015 -0.317465453465937 -0.155380542407803
v -0.0643212397164297 0.152345421383162 -0.337355408350364
v 0.141944212880881 -0.229217996409593 -0.0458715291361853
v 0.0692946830127232 -0.260941903822216 0.442705531366092
v 0.0664401426014316 -0.276674874312992 0.451441387902456
v 0.109355146370702 -0.23725530229182 -0.0159784676854583
v 0.142401550100487 -0.238179272989077 -0.00238746443333321
v -0.0967853511236719 -0.0197417872244725 -0.266459560938083
v -0.269024151705044 0.157106472618568 -0.403116192202944
v 0.00743957060785544 0.157442210725591 0.229327305060956
v 0.0809599809553909 -0.260578624874289 0.452917932164789
v -0.106805504188735 0.0328497770587609 -0.0871304056166132
v 0.0262525484410152 0.0384644960782612 -0.248666277387767
v 0.0663422695274055 -0.0689856029021939 0.190840654688417
v 0.00304320039946543 -0.178935416712497 0.371534272576822
v -0.162128703385325 -0.308948689069327 -0.185752860292797
v 0.137183912851408 -0.251007346708574 -0.0474257551109868
v -0.166933731597097 -0.0717182325260786 -0.154408874168523
v 0.0700577838859423 -0.279717356969188 0.485128258396133
v 0.140055417344672 -0.266983646133431 -0.0318818882479382
v 0.203936539773602 -0.21560712973672 0.354709636129154
v -0.0527623078051892 -0.0154788621428812 0.390266381550162
v 0.144347329594924 -0.239778154969032 -0.0445663170634101
v 0.0254360706615918 0.0235584759181182 0.385288193601984
v -0.0447879478338877 -0.103643296611112 0.155219862775811
v 0.0318607450630557 0.0714484181536307 0.391152489542401
v -0.157170745736328 -0.30097795987521 -0.16681987299835
v 0.0770620250145244 -0.100642480370509 -0.0894921428637842
v -0.0979927805284681 -0.0315439953794969 -0.261673846361559
v -0.0394742559803565 0.170710068971802 -0.309602113042251
v 0.120616896946138 -0.0207822283950663 0.0531123151274169
v -0.148386491335932 0.270484838306432 -0.405946136002626
v 0.0366244516051056 -0.0992807550666973 0.152072275669364
v -0.0920871639639579 0.046234300833934 -0.0704086473626691
v 0.0456192587939387 0.149509052732161 0.318796411194233
v 0.0174131097495689 -0.165227118205288 0.386002872032678
v -0.107563451565019 0.0397124913285095 -0.187164720271519
v 0.0352282668124817 -0.104818630516133 -0.0380793647439341
v 0.0792789905116145 0.0708340033521 -0.0627611735817069
v 0.159375870358071 -0.249243206976988 -0.0153060407723567
v -0.242400857240278 0.179725621417279 -0.495633086086898
v 0.134914002350552 0.0110567711262938 0.173102562564994
v 0.0875040246092557 -0.262289492334308 0.46285072251563
v 0.14956544440022 -0.238835445825871 -0.0128729933169711
v 0.0561865099560995 -0.252415296853092 0.431650609674968
v -0.0722945715542639 0.187272540082092 -0.344512284897708
v 0.0196075963709402 -0.1299945873133 -0.0447743458075512
v -0.0645285196698085 -0.044394157188776 0.375236343460282
v 0.0757161686519168 -0.270276707058287 0.450226392567874
v -0.136814757364911 -0.0167617788534583 0.176737220655651
v -0.064256865966337 -0.0789038104336812 0.17981176901816
v 0.234000701804702 -0.204925802373329 0.362472066208546
v 0.216096391713251 -0.228674048331879 0.355509769826009
v -0.149077663343308 -0.302900103019188 -0.151636835015733
v -0.0898751521621518 -0.101697318858478 0.0656810536704744
v -0.00113395989671798 -0.0575324468647969 0.201444411445479
v -0.233645587744989 0.173577295259708 -0.367938558238745
v 0.235325418365523 -0.238239225394255 0.387300375098479
v -0.146665635402303 -0.286012707413213 -0.150208508208574
v -0.111533102901108 -0.297908577434414 -0.182335336781645
v -0.0827774774524369 0.0575987292517775 0.0923872231438692
v 0.133385259303646 -0.0277149876640885 0.333453476032824
v 0.0491729421733023 -0.0915736072873117 0.0587527471015026
v 0.053411035378044 -0.256276364253914 0.471734090597979
v 0.117094907281985 -0.0373338973283931 0.173407511696915
v 0.156859969332144 -0.178326245597101 0.322744799085233
v 0.241884789949864 -0.214330268427741 0.355368226694482
v 0.31691893283098 -0.356999909492538 0.390828400904712
v 0.0774986794585348 -0.248538216029449 0.476143762298984
v -0.274660734419704 0.105550236922565 -0.439178761302285
v 0.085011569754422 0.0910848769731055 0.0422056460351304
v 0.0769430039417094 0.109340005243249 0.359643309292981
v 0.159907328342266 -0.25972778946416 -0.0234498744839655
v 0.110070363369975 0.0654427251524361 0.0250280029636142
v 0.138799037132813 -0.275821660862973 -0.0171327339211004
v -0.123067859411223 -0.314399497624369 -0.178979499814506
v 0.218726788009562 -0.224214232145268 0.371142897168111
v -0.157817945258973 -0.31243595644822 -0.163761772263185
v 0.125323478165801 0.0684652683731882 0.355478114107928
v -0.149790613396411 -0.28285464602151 -0.162513771883223
v -0.142947625903475 -0.297641282244845 -0.145359301804748
v 0.0753077130570326 -0.242083527091028 0.465729013583201
v -0.0693056589773559 -0.123011419452571 0.00370243623313444
v 0.155714765841759 -0.2733975153098 -0.0239704923923725
v -0.0763954144554976 0.0599834426587205 -0.0202697078717019
v 0.120370305424597 -0.256905426824024 -0.0170597242046812
v 0.129436088045595 -0.219723248571103 -0.0195518456635473
v -0.141733153273171 -0.328799211544752 -0.167923768972744
v -0.271322823671577 0.107263755908935 -0.465543072000473
v 0.123749723367169 -0.0755699121072949 0.221029648086543
v 0.132914148045168 -0.260844918546349 -0.0384322830238849
v -0.143318473330473 -0.00369255283102182 0.0684031243318279
v -0.0738014907214182 0.229945471509821 -0.27979426222983
v 0.0649189811294265 -0.244556670344269 0.475921521585636
v 0.0772717986288061 -0.284052256703278 0.492529386560707
v -0.0445117825877776 -0.000389167016375595 0.402346606032392
v 0.245045824536037 -0.217560974541787 0.368114039306447
v -0.0448041374252667 0.152056560551437 -0.167417451358902
v -0.0319591661722857 0.116556124778639 -0.0990627635012042
v -0.106501925566307 -0.0671241235211673 -0.0627097298332182
v -0.15057454827356 -0.28741652031519 -0.176157059476699
v -0.292791581936839 0.141364942055769 -0.510540096409342
v -0.144612529226187 -0.337072179319273 -0.180274493231689
v -0.121003663958205 -0.295994470893458 -0.194938749620589
v -0.117603394695563 -0.309011729373486 -0.165475079729551
v 0.0755846609058914 -0.269231092713584 0.489839123287007
v 0.13082778619214 -0.268216676669888 -0.0128728139147592
v 0.0609650655886971 -0.0328685342916027 -0.216683977091339
v -0.133155350543273 0.00834225844576369 0.141625819844688
v -0.199945044337598 0.288526849310596 -0.40245060172256
v 0.147494103095959 -0.237883248675 -0.0311212671424028
v -0.135895558352158 -0.328914576210811 -0.184077232066616
v -0.0564268830654445 -0.0536598902659775 0.239208457207481
v 0.0135823357759129 -0.0980300295437955 -0.20652266488047
v -0.0835190647541244 -0.0235981150625504 -0.271460509019158
v 0.240929354383925 -0.256506623444626 0.380786615712878
v 0.170964025421508 -0.260518702988532 0.00508642342563799
v 0.0577611991282447 -0.271954514434701 0.471508104536938
v -0.145318735952736 0.278513356269227 -0.390400959658064
v 0.224404835268793 -0.236086758182211 0.368691485482954
v 0.0272197531118293 -0.0606480078071855 -0.233109927078017
v -0.129752177571694 -0.0608359814419263 0.0283562086258086
v 0.142208354933571 -0.251800943561987 0.0104677122290388
v -0.160443367140147 -0.311500953577437 -0.202927643673296
v 0.00824576240388248 0.144001684276844 -0.133323491979368
v -0.0141894892377313 -0.102890605574745 0.362942276057551
v -0.222172492173951 0.149632305685987 -0.478695100222556
v -0.346897025442573 0.127808284985543 -0.504946425610666
v 0.0382741830632735 -0.180043143465758 0.415451741626845
v 0.256522419657581 -0.230037885094317 0.385564207106629
v -0.136527504925084 -0.00524113407312959 0.216096253139431
v -0.180616385377198 -0.33699064381165 -0.225709880619573
v 0.239929134888562 -0.248208841277273 0.361590590507846
v 0.0514085461742294 -0.270317147830267 0.459195615862276
v -0.100971838069116 -0.204230750968909 -0.108046902121702
v 0.175043750120911 -0.269631487796668 -0.0053764160813779
v 0.096282391516697 -0.265383270385147 0.479573852758762
v -0.108033992835228 -0.0836762587068984 0.0798698090488274
v -0.162624750183986 -0.362597353176852 -0.200283051283482
v -0.175278707095026 0.284635056982888 -0.357313195567159
v -0.135353236313169 -0.302068625096023 -0.201738252757683
v 0.0425453376678828 -0.0970876729464484 0.0208316681583526
v 0.129349194123672 -0.0405795215595331 -0.137578732775216
v 0.138437682762401 -0.218443566577526 -0.0521342033705101
v -0.117351125799649 -0.0567379536289043 0.326059923985771
v 0.122987051885086 -0.25176663107298 -0.00669337402951669
v 0.137536415770446 -0.269252858820958 0.00324830863789964
v -0.136426378982348 0.163003036671763 -0.402382147219555
v 0.153619021837811 -0.244311651914057 -0.00359097779603647
v 0.0928574220469654 -0.0481907239008326 0.102286506674514
v 0.25562004426426 -0.270117457395829 0.405764421534579
v 0.0576388785049974 0.15099909092139 0.137612075111967
v 0.0221556570048028 0.154838915642967 0.310297581688018
v -0.19143092668088 0.280964165476785 -0.366891512563739
v 0.0824921532857348 -0.292052171225349 0.464107258436252
v -0.125646707496194 -0.0127126912986902 -0.242759771554077
v -0.12375295466331 -0.307725409753648 -0.192476628135701
v -0.145802758180561 -0.312650156418948 -0.207918219920094
v -0.157156944210558 -0.299640273510379 -0.177926523893234
v -0.157765392573674 -0.345808723868397 -0.181429480169416
v 0.102221704864476 -0.118001613320372 -0.116149997479262
v 0.145790571106432 -0.277349905400802 0.0117975931730783
v -0.111707336953982 -0.0992463185505914 -0.205529167080261
v 0.261997592316551 -0.236130832160425 0.394226497297649
v -0.178220062160331 -0.331539510078404 -0.216776784341194
v 0.142416591484277 -0.366210774730667 0.500610211852437
v 0.24738700630087 -0.267662504913132 0.383881137441588
v -0.142589798504193 0.0028741411598762 -0.189735314409222
v -0.0940687731593267 0.105447277045108 -0.230333033124082
v -0.149225999085615 -0.304348032320637 -0.202756317361923
v 0.234244225093762 -0.245386352132122 0.37987993850785
v 0.198803005581589 -0.283130054498803 0.0252539101771287
v 0.269051645405253 -0.240258506992308 0.389312270998871
v 0.0965735905367977 -0.27324621576717 0.470579676165921
v 0.0675373996836615 -0.0315364783393114 0.329379541549693
v 0.260750396952008 -0.23300544651462 0.37655465942645
v 0.0660823054919906 0.120888183586307 0.348303291772543
v 0.03929622065364 -0.101235333249689 0.0452781746118183
v 0.241004138778662 -0.246983705896656 0.391751665903508
v 0.061745326072241 -0.243692077353701 0.430477637156088
v 0.111652784400089 0.0849974394123067 0.154127097902834
v -0.161505116672703 -0.353246575561957 -0.226264467699683
v -0.177468614613594 -0.342935299910152 -0.191700744662154
v 0.104410811848775 -0.276596139766904 0.479691373151199
v 0.0839593294934217 -0.312653871500663 0.500165868440696
v -0.013823653937477 0.125833873432168 0.338068412000403
v -0.0495426080542941 0.0848275810012412 -0.00900012609959933
v -0.151949033075827 -0.0175209755677055 0.124921187188562
v -0.131423418620174 -0.319906237508854 -0.192067925965162
v 0.278628788471529 -0.275760553118666 0.372818822205036
v 0.103197992800568 -0.297473777203599 0.47274400617422
v -0.148790220316699 -0.34374513704195 -0.199243595560969
v -0.116955416639372 -0.0601138271235652 -0.0450826034250149
v -0.0580115909551133 0.127763801753097 -0.184446380934257
v 0.0501596654489111 -0.207998801764029 0.416207086048079
v 0.0747363879993641 -0.297705818650421 0.478626449068772
v 0.0785606805592984 -0.282785090311418 0.458091382922124
v 0.10928902526659 -0.275841557295642 0.500056374324533
v 0.155226247158471 -0.275626054350244 0.0278492752658948
v 0.107815334857283 0.0407384877405313 -0.0732441035117677
v 0.247182600614764 -0.255478257841212 0.366355705188909
v -0.0793727668255711 -0.12809759199375 0.328164562294911
v -0.123777154686024 -0.0428766146998157 0.183195966103509
v 0.268046450201654 -0.262920724241394 0.368533824060413
v 0.154881372678496 -0.290609251769592 0.0162564068323208
v 0.248899698921124 -0.255462748300427 0.400298293031232
v 0.083336318959401 -0.27516678300548 0.497184036272454
v 0.270380294042649 -0.244386632166588 0.400695018364487
v 0.257705567877179 -0.240400300508285 0.35984262033982
v -0.169095793475747 -0.321615038780526 -0.210028453027896
v 0.0514073813463403 -0.0881907354284637 0.0273029615649214
v 0.106559852606698 -0.337022628537294 0.497209700984253
v -0.0384254583728095 0.124325894988214 -0.312652289961771
v 0.098543787643352 0.0575287466498678 -0.0440269857529881
v 0.255615261845513 -0.279924284392411 0.38502464316252
v -0.162581046308301 -0.331876266159641 -0.221659549837471
v -0.103721026586317 0.0344496249289124 0.022000527446156
v 0.10623876766331 -0.314866195933031 0.478542521050965
v -0.0985986612085942 -0.0928134561668986 0.0800494505375133
v -0.0881768843081744 -0.0167547464713317 0.357322277551751
v -0.0295619559823984 0.157665882110125 -0.154973105939366
v -0.102332687359342 0.258839872039544 -0.298025663524628
v 0.276819898498292 -0.246665337220149 0.380983574195716
v -0.140201061410878 -0.325051418405343 -0.202797161743393
v 0.0664989850087326 -0.288030101280014 0.472545512990615
v 0.100948156801208 -0.272810530181289 0.504507620733411
v 0.0301771051187703 0.175764590738209 0.259775763660982
v 0.106155160349768 0.0768996246852587 0.134283426629053
v 0.1071940937253 -0.279336348171819 0.512889044069729
v 0.0946525767793891 -0.318286260063753 0.481080677681389
v 0.260106889502544 -0.257436767291283 0.410352057544737
v -0.170028156490756 -0.322158807455831 -0.189362932984178
v -0.319549527950314 0.0988323266963891 -0.463158101708133
v 0.194928798873929 -0.28362387435334 0.013377165853685
v -0.112004985732956 0.265256455448603 -0.341997990836513
v 0.278485093413968 -0.25124518114238 0.406475300815648
v 0.258529643612138 -0.288500784329184 0.393303305467369
v 0.129033654304513 -0.012603982578965 0.0553553233265635
v 0.256100327670832 -0.264821645266347 0.371362753619611
v -0.155840635766592 -0.342870649465791 -0.217392720657764
v 0.108849911279589 -0.329240021817485 0.48810653949544
v -0.042931197063905 0.108812761739876 0.338686548958868
v 0.164895962301312 -0.303069079378045 0.00209447991527046
v 0.299643470179456 -0.316469097184822 0.406764641399174
v 0.27658681237915 -0.284310009738798 0.424330610254924
v -0.111681451811088 -0.0789420703412718 0.136542588823292
v -0.216322190573245 -0.38292523708195 -0.238473286883159
v 0.120660190715396 -0.298587761311755 0.485224919549499
v -0.0167154432670567 -0.0661297045710237 0.192885638096826
v -0.175728070055636 -0.331837906411046 -0.195595313402924
v -0.268511043985235 0.222088447777501 -0.456620933362531
v 0.109151895896327 -0.0673705038502018 0.213650257809233
v 0.0862016267102601 -0.293613930109998 0.503990528053011
v -0.249530445026596 0.157514904257939 -0.384119673209491
v 0.271603716215117 -0.264026178112585 0.418590810240749
v 0.107368045033589 0.120452437837098 0.230902796470635
v -0.223296788971933 0.113272986226906 -0.437967918054409
v -0.164262858702108 -0.322801080498553 -0.173826975209273
v 0.100158045639158 -0.0903461312787546 0.281668596641464
v -0.185467864221531 -0.353662608561124 -0.244100338490128
v 0.235935404354688 -0.239766720262505 0.35378002502625
v 0.0902890127504484 -0.284091879419808 0.505920025110584
v -0.172217420206136 0.13997657620558 -0.444493746912813
v -0.0857615015413718 -0.00688707868526861 -0.279415681041974
v 0.046777482963809 0.104402982805505 -0.110769655489711
v 0.151461040902683 -0.289922790689916 0.00453648729174816
v -0.149550076297818 -0.330116621970886 -0.210537617526481
v 0.020307691991784 0.098937782152362 0.3692183457845
v 0.0827237701002387 -0.307210073473773 0.478722490858958
v 0.119149218258024 -0.284580103556266 0.510859899837814
v 0.119371824372674 -0.28648898075073 0.492374166616245
v 0.280502941816113 -0.24883804254232 0.392254653276363
v 0.262623826645585 -0.275835880612598 0.416366079264558
v 0.0829782028070717 -0.0824358866956857 -0.0953632793019745
v -0.0518204926721139 0.0961599084675726 -0.145628757326116
v -0.0600394386696231 -0.159119644579157 0.371802075687502
v 0.154860385374313 -0.287637973661519 -0.0118939030901908
v 0.10859175395296 -0.0315544832922968 0.147325330260905
v 0.29926606097886 -0.304546801061035 0.410588846374426
v 0.128020791301049 -0.313429518031544 0.528094431840698
v -0.132805133246024 -0.0558671622122934 0.147107490189689
v 0.182653409838969 -0.273901842173824 0.0339314778984177
v -0.0822380065595889 0.0686874871885168 0.341876720313338
v -0.122090522803437 0.13554170378323 -0.257366303434535
v 0.287746039108011 -0.259743565635688 0.411662451225094
v -0.174272764463676 0.291042614484408 -0.44470082908636
v 0.272987588903776 -0.295647091238749 0.418787490110937
v 0.00318352538381829 -0.0759262393675218 0.183914282540202
v 0.0774381646753044 -0.300438875099453 0.491215535573182
v 0.301483090318999 -0.271744676274459 0.402631583017616
v -0.195803841253739 -0.368043434845558 -0.206306755263787
v -0.15657569568949 -0.353446617042865 -0.210667168321309
v -0.0451807101366764 0.104664469135725 0.23008119797494
v 0.317344543364406 -0.314630613772946 0.375421523572951
v 0.19516973422595 -0.312169308682055 0.0042597196429238
v -0.2034735409817 -0.355719015999286 -0.221400004051021
v 0.0619933457161347 -0.0742911090721708 -0.0592397509942432
v 0.126445148417272 -0.0131871497433542 0.000488794487798174
v -0.182344650780697 -0.386374324333651 -0.231264563242032
v 0.12657096818835 0.0423342785633573 -0.00280060652515767
v -0.04897178209275 0.0180022652941423 -0.300229742359141
v -0.187258231303563 -0.389564006283203 -0.248451043482489
v -0.201710501076356 -0.360646977572938 -0.248093533020036
v 0.181787416746107 -0.269460109248005 0.0167453744768511
v 0.148497615258414 -0.342959964451316 0.511272530637829
v 0.0444775508430138 -0.00277524385960142 0.355687987988019
v 0.129104898245981 -0.292694391353361 0.508337623736786
v 0.00438126159141392 -0.20903950050497 0.430521514285877
v 0.292525399239305 -0.265342310960242 0.380677949437212
v -0.321367652406763 0.158544263621189 -0.470212730482389
v 0.0792472198296399 -0.0610380362418399 0.041355032656277
v -0.188670578242662 -0.341716677448094 -0.215951024168238
v -0.0625019271233475 -0.203423830970046 -0.114139414586748
v -0.327163674830045 0.150334195136162 -0.472491382850923
v 0.259056250574997 -0.285968885402157 0.407845528624558
v 0.206044885259097 -0.296438237521854 0.0351502017784704
v 0.117841787436302 -0.308348538244317 0.481595638307504
v 0.0166803834497583 0.143696410128601 0.0892647165059739
v -0.0417549620719851 -0.0882504692525017 0.391978051163651
v -0.106422555396408 0.00353526113234987 0.33795527062753
v -0.12444671066167 0.0224202579919611 -0.160510012188187
v -0.196026619395793 -0.352551015964343 -0.21415501467883
v 0.132578103966121 -0.306424039975239 0.499006011736084
v 0.0990167969034265 -0.308201267691202 0.523249847332777
v 0.301415658143702 -0.330376362510982 0.408496509092341
v 0.125383984224143 0.102543640657746 0.206683924913038
v 0.191099229558327 -0.295997171646264 0.000450629800043762
v 0.185046966626448 -0.285207805365767 -0.00148404946070477
v 0.163325642768992 -0.283623896158354 0.0364550072932083
v 0.117812064069765 -0.341096569317691 0.528891826555134
v 0.215987778928229 -0.321244846531014 0.00999978896063649
v 0.12789034723223 -0.330318615304692 0.493526174100514
v 0.269924835069995 -0.28534196648841 0.378945502155579
v 0.180629273357982 -0.299387904147352 0.0510065785326996
v 0.20292994943844 -0.161275436878786 0.336535620987253
v 0.173528946395003 -0.291206280760387 0.0469940076693019
v 0.291605120055452 -0.26653968396182 0.415804957665102
v -0.0866983296289905 0.0636593287565419 0.273532562935555
v -0.184169550724932 -0.345200784527462 -0.235637184918137
v 0.0857595749778891 -0.0551633898687072 0.154351981298322
v 0.179001635459618 -0.318128242280974 0.0404237970627211
v 0.177438170793045 -0.137022446424651 0.336248401097108
v 0.150122399258956 0.016824977976332 0.0429617749965905
v -0.0038451264845813 -0.0478185948594034 -0.249942649277073
v 0.142799355703284 -0.354466103008052 0.501585821251005
v -0.118582312106584 -0.0283362062368905 -0.248237292199028
v -0.168426859322479 -0.380146602016588 -0.22123244194601
v -0.01921281186966 0.0528571478741577 0.409475175206295
v 0.178594374196453 -0.323804184979387 0.0272059175348368
v -0.279718786362944 0.211597899091118 -0.414106951994727
v 0.0866254013292408 -0.316621318316037 0.490483822673648
v 0.0916822059236491 -0.312569643107842 0.51460910751918
v -0.0774637630912329 -0.0630109951308229 -0.237659908706838
v 0.196346478876592 -0.286276743491359 0.0433253199177623
v -0.224733607361789 -0.38860028481998 -0.248346000447172
v -0.247791595332232 0.248950968780566 -0.412290952568358
v 0.289003123320876 -0.283894640697666 0.375632468818537
v -0.239757382984557 0.167226289230092 -0.494058209262881
v 0.282131830673628 -0.302391149425733 0.415148236681469
v 0.200801744405068 -0.329723401107792 0.0383200857670621
v 0.121681227412868 -0.0187323247708747 0.136600090232458
v -0.0500297854881125 -0.105707334055193 -0.196700053901625
v 0.00773857534517545 0.139454313048693 -0.245388965057189
v 0.164367799570438 -0.305400492670676 0.0206491397957589
v -0.121239502099357 -0.0325273669621033 0.218902734096646
v 0.281754185175716 -0.315829489676651 0.401020061402386
v -0.173726747956819 -0.363526283632498 -0.243430874407285
v 0.208611680803309 -0.165700299937462 0.317837862199242
v 0.141471875180554 -0.330039148508904 0.510669273635309
v 0.166136514522042 -0.299118071240021 0.0348506166326568
v 0.0672754974471636 -0.0747712016325083 0.147161986445555
v -0.0594552849071968 -0.0105511112435427 -0.283440876344748
v 0.084350672080409 -0.223481224858316 -0.0457399951996182
v 0.100017321702352 -0.326087608769869 0.517049875094598
v 0.0763651219762962 -0.0891292645432169 -0.0889199601082184
v -0.112672682276401 0.0235636613018126 -0.0482504327514386
v -0.215830231392776 -0.376117902308726 -0.271417784236814
v -0.169181661049212 -0.353659304404592 -0.235896346530611
v 0.172775731723582 -0.311627854981046 0.00575254860243668
v 0.268545517100132 -0.29978736702232 0.408544047914123
v 0.21943763687465 -0.317693523340696 0.0349808615076195
v 0.204358102390284 -0.318996851983689 0.00715478118052069
v -0.111632708128312 0.0297822535079553 0.124935598853264
v -0.193291807893046 -0.388374342178792 -0.230905956245163
v 0.137946905348408 0.0382230498078976 0.0301400906559258
v 0.190865643245771 -0.310110103930349 0.0484078849235969
v 0.132558214123458 -0.301004902767191 0.517561626058275
v -0.0758710221264048 0.176410005973935 -0.202124117393282
v -0.195862877885498 -0.347263974536128 -0.224581195845122
v 0.111984136361052 -0.332030700229677 0.52445550004065
v -0.11413054809401 0.0280072751936543 -0.239303651903346
v 0.29721195963333 -0.278729428864619 0.380744534525269
v 0.109400741353328 -0.0268878635771052 0.337438058123019
v -0.174281587039544 -0.368022293789325 -0.197049820697155
v -0.033977152428001 0.0946122698993673 -0.308037994993524
v 0.0505099257527123 -0.152701071442509 -0.0710894551711492
v 0.138587909878689 -0.333096367883329 0.523975836094804
v -0.167603288905794 -0.37312093195895 -0.210058386333039
v 0.102903235803669 -0.336703743039487 0.509398429508679
v 0.114967715714944 -0.312454210169062 0.532497078627146
v 0.203906268182055 -0.346150512972831 0.0109670916551886
v -0.0699372496203754 0.215610744774095 -0.218591325721688
v 0.206414952661546 -0.298456071549236 0.0144037027550225
v -0.125808815849345 -0.286761335975182 -0.196194231449877
v -0.235857724367834 0.266103902251995 -0.362484069729924
v -0.0305210299879876 -0.140146985938536 0.401082184613597
v 0.0278380113124749 -0.112274383577551 -0.0287610432774828
v 0.201393904253106 -0.179952394914537 0.364759847839951
v -0.116828511830838 -0.186468747110545 -0.133806255751656
v 0.114860178190734 -0.363782642798004 0.523492604049006
v 0.0256162641941997 -0.14789613525406 -0.0776599509489547
v -0.100548837892324 -0.28902077843491 -0.145856698958873
v 0.130006790904316 -0.34580353118627 0.53663933330235
v 0.309877800677252 -0.299225135524441 0.387302191553139
v 0.146004185270658 0.00658222690221158 0.0354962075297754
v 0.133443627043176 -0.12474259405912 0.247297610306559
v -0.0653219201446405 0.0821557571013916 -0.145786404443158
v -0.214757955453556 -0.370762085801452 -0.253229819133967
v 0.230033480082579 -0.320091254973207 0.0230875439611564
v -0.225764877066431 -0.379626812446915 -0.261649371601292
v 0.205187229677215 -0.341308796897205 0.0346980614400106
v 0.324262685122064 -0.334959251533432 0.363585031582419
v 0.273906207737952 -0.305993321280256 0.391078842159186
v 0.108625956787323 -0.320255797043791 0.526088312522913
v -0.182291117799175 -0.368157857887236 -0.250424428555068
v 0.21682919104232 -0.184296360856616 0.357264901759905
v 0.29067006981899 -0.31619866436543 0.37666190507308
v 0.235339035226996 -0.327105232351028 0.00722158146669431
v 0.124217234944049 -0.326465156324258 0.527442458179596
v 0.137272531760078 -0.336071512592266 0.500051698105719
v 0.126931177788429 0.0538201708320316 0.127124257981494
v 0.110947729583059 -0.349142211501697 0.510019716541148
v 0.207996303564913 -0.334748365155339 0.00699470144990639
v 0.321771982005956 -0.310943180962385 0.389002039341811
v 0.311965862000994 -0.330059090389391 0.363116416481336
v 0.020442587722795 -0.122161690364003 -0.0284667136513561
v 0.285624930397582 -0.334476643199177 0.396840848109356
v -0.0442972301683856 0.106506813960154 0.255561801521446
v 0.294929599917367 -0.326984242590569 0.370967561191111
v 0.185729463662055 -0.152295751575908 0.356215398041341
v 0.0245224825040044 -0.183684524497262 0.444504675937236
v -0.132600252797659 0.00824815155600164 0.294987972528699
v 0.201980453467742 -0.351518244929291 0.0215564597714147
v -0.227699715955575 -0.380601099218744 -0.279490770817277
v 0.308474665995896 -0.302698443687884 0.403418210644934
v -0.0858305171638952 0.0593623343702626 -0.104165770034644
v 0.146357090437484 -0.36500032409907 0.552830798338652
v -0.129422831161457 -0.0272710923926671 -0.0496307102868248
v -0.200250682828525 -0.414679890018162 -0.25589033202138
v 0.122791648931837 -0.0526780290395177 -0.121287055276909
v 0.130528406987869 -0.36516248074479 0.502181056020256
v 0.0836794971986119 0.144541246529024 0.258487788684793
v 0.218459306962262 -0.368817806044741 -0.00388653045059297
v 0.195424729777132 -0.338514231892489 0.022707948119306
v 0.210718953098764 -0.35152523315983 0.00288696084345036
v 0.0044832145509742 -0.00198285355769099 0.398941923511717
v 0.0377510408423991 -0.0856350582187718 0.17138381302964
v 0.128952818048638 -0.351967182142354 0.499439668097079
v 0.0566065248275577 0.0351823524368714 0.387750356010336
v 0.148758451917337 -0.0568976964869266 0.253641635307625
v -0.0158119962352478 -0.0889253191235884 0.381260885014436
v -0.123951121561107 0.0204627917589446 0.307176802141862
v -0.0358078501905175 0.105537393044788 0.0970852253605419
v -0.0771495288501316 0.0675070094262445 -0.33013678379682
v -0.194686831469137 -0.367661306942259 -0.255607384964252
v 0.0116128300543163 -0.166994299969447 -0.100699335810893
v 0.242229316051313 -0.326902939223362 0.0143998683576094
v 0.283543381847371 -0.32992402369637 0.385109385221374
v 0.283772066764575 -0.344640685650565 0.380437533093594
v -0.140732544827916 5.65210461054453e-06 0.136785419162652
v 0.197673077182011 -0.318165544138691 0.0428400968462141
v -0.177057417069766 0.115825427404202 -0.403651172802239
v 0.314668217458887 -0.314889590620042 0.403407406508658
v -0.0734446108219522 -0.192793943523206 -0.152573005559996
v -0.237818528128497 -0.387129875658102 -0.269387393276227
v -0.125298944559573 0.0874119900918829 -0.293743268319571
v -0.0128288610085758 -0.0606169732396083 0.313228076195962
v -0.207397752584794 -0.391040799712272 -0.236810942759138
v 0.186992102906843 -0.324217591166967 0.0108820184521789
v 0.102000324242222 -0.296279986416269 0.52481510879657
v 0.0253567474394161 0.123247992837999 0.0201965161156529
v 0.118022110713289 -0.355464216641089 0.532410916189176
v -0.188238926886671 -0.382853032759015 -0.260675857722931
v -0.136369475021447 0.176093272213857 -0.405099796359757
v -0.20425467168956 -0.377929595687861 -0.272255793302261
v 0.216893834995293 -0.335689062296203 0.000897378003067262
v -0.197048114156969 -0.394300127481091 -0.242041820376022
v 0.2166027419672 -0.334913926130658 0.0395481066076336
v -0.191366598149641 -0.406208079965017 -0.261388784353812
v -0.194122926235659 -0.400791334933679 -0.253115873238718
v 0.118777726948252 -0.357663427565442 0.504948550041491
v 0.124641983008349 -0.381023598615367 0.507878548226842
v 0.30410687443745 -0.341935369197355 0.361428490961628
v -0.242566598900111 -0.401475470753851 -0.265496300629258
v 0.146959783288835 -0.347209218553672 0.534137890143434
v 0.322077508221264 -0.356991986482964 0.375513952050688
v 0.167372658469377 -0.361079075935971 0.520727326279275
v -0.0716145591067472 0.0775719610585044 0.355651371601329
v 0.066867843716948 0.0885832088872227 0.378988597501694
v 0.289156222672693 -0.355196996287239 0.392110348278709
v -0.102307257275084 0.224306340632418 -0.236263911955768
v 0.0426955544600136 0.100984279142598 -0.220755117689369
v -0.209494825886956 -0.400992386060317 -0.245303299002761
v -0.200588709534964 -0.383619642062032 -0.281186778992138
v -0.0132344430085688 -0.05737522710407 0.259856982024802
v -0.154560492221356 -0.0275016173276021 0.105531359594271
v 0.302478974490983 -0.282699308342868 0.408183114601073
v -0.193939768751001 -0.400903219042449 -0.286748475636246
v -0.0386421701002564 0.193244687071426 -0.280116183345243
v -0.116157847408861 0.216989630420187 -0.246541101247374
v 0.158316536741529 -0.351014028461192 0.520888274880282
v 0.316012396757202 -0.351873263271915 0.413001274699825
v 0.0559188854155793 -0.0844120029531658 0.0470090980220641
v 0.140428375234178 -0.357883547712255 0.548461132411016
v -0.111733377212998 0.259186544944926 -0.367021812526971
v -0.122409778373932 -0.0986916847193865 -0.200970308235411
v 0.133801771997255 0.0931947054231961 0.25853293757557
v 0.291059908169046 -0.352079853435846 0.401261757358215
v 0.12057711468568 -0.390518244933222 0.527640166999343
v 0.246233839875706 -0.33087923014054 0.0276278614546609
v -0.221841940218005 0.222903904114326 -0.358930766152085
v 0.153177483975133 -0.366024750733147 0.502642015303854
v 0.117516590651647 -0.36853659428031 0.534520418398906
v 0.326524896399548 -0.332356151097186 0.407859646564682
v -0.148893876104624 -0.00291408399487666 -0.163102670617042
v 0.312932244866219 -0.363427267095603 0.364739784126723
v 0.294046584423667 -0.369425606182113 0.387799502564695
v -0.217628893650196 -0.382659187433378 -0.287602645231104
v 0.206526163833958 -0.363950865916084 0.0198387429119494
v -0.124493230194529 -0.308090269087497 -0.147221172940047
v 0.1561144573459 -0.352552978181938 0.537292197205516
v 0.061889541904942 0.0876679376560743 -0.0352416403420093
v -0.14426346539112 0.218902304474876 -0.276287689816487
v -0.031724939348038 -0.142758481050835 0.10994034007449
v 0.253760296524144 -0.337736822192553 0.0192952414595579
v 0.151558317372245 -0.0746606133173102 0.246121452613925
v 0.141487518363348 -0.0557129401092243 0.312667915593598
v 0.317822453251941 -0.323857443388266 0.408238443161935
v -0.230275297873253 -0.406614166949579 -0.249724173977508
v -0.206293065408528 -0.389815668457697 -0.291255150686945
v -0.0941118686136631 0.056769649080511 0.325365145889695
v 0.169138538476698 -0.364650566094377 0.530402760998726
v 0.223988370454896 -0.355651626606526 -0.00953160894672752
v 0.140779226187941 0.0871205460285572 0.314590529755326
v 0.0283668156641946 0.0798673062257753 -0.245631147319044
v 0.210131573078383 -0.354311412323909 0.0347209025997943
v -0.122670566257055 -0.122124980478786 -0.178002812441465
v -0.16899043016347 0.149077863347512 -0.327792164705349
v 0.334409398082844 -0.328102977989351 0.383363346407921
v 0.304025384188033 -0.35708610686959 0.410618920767105
v -0.163809829153599 0.210197440150706 -0.295336015005634
v 0.102483294685165 0.0788528824599382 0.12079028719366
v 0.136112002121203 0.0437128748312509 0.0838918338517832
v 0.304787879339791 -0.365213559128151 0.35559469785806
v 0.245131803735415 -0.345279161526623 0.0389644610401361
v 0.213539961884633 -0.374908223717647 0.0122342964343321
v 0.297236940929495 -0.363253247358649 0.402889395559787
v 0.323010584187191 -0.356494711613689 0.351845537160906
v 0.137690060322629 -0.370274697719177 0.553716925828108
v -0.295042560076967 0.0873158112324748 -0.488617488613404
v 0.104999839383326 -0.184253745084477 -0.0759177446739355
v -0.21308003643795 -0.420021388799104 -0.254815274812056
v 0.24931610996388 -0.337978315815884 0.00406101085291939
v 0.238717004297374 -0.367210690512949 -0.0209563121723917
v 0.294564770368652 -0.371423163019902 0.374112807819051
v -0.00221820610255519 0.141209326765784 0.124428869517564
v -0.241515180201444 -0.420027880970674 -0.264435132796588
v 0.00958218456838078 0.0344609554992492 0.405444545497671
v -0.244708982044169 -0.396634795708533 -0.277346174202012
v -0.097140765911615 0.0453763365443148 -0.28826588318002
v 0.220509308844336 -0.382912858731805 0.00894744383499533
v 0.248152957698361 -0.355171294476032 -0.0149511551353425
v 0.223256946980111 -0.359989036660692 0.0421941732603353
v -0.302392104451962 0.0864521894254572 -0.473304646188744
v -0.074588866062094 -0.125716219187799 -0.081706501511974
v -0.0158494832412247 0.15577278749917 -0.14538893562406
v 0.231802138383775 -0.350797878455119 0.0439350778322039
v 0.238578182663956 -0.367866813577431 0.0245067988251663
v 0.126282088033111 -0.391598709661739 0.511473722307168
v 0.214990629430722 -0.375311929812276 0.0228749274622885
v -0.157261651991019 0.112900667025563 -0.369529697219183
v 0.00499643736369557 -0.0956722428147806 0.164477754940534
v 0.158633614342058 -0.387060670893937 0.530370906224793
v 0.166231879202201 -0.373205055313572 0.512365275109654
v -0.247334644093445 -0.413238904235646 -0.272225913858869
v 0.0627316827126252 0.128822502662396 0.112240707160717
v -0.117253379370323 -0.0733149589774548 0.144095913613255
v 0.222674812756659 -0.381885546701551 -0.00566339209361987
v 0.123832336787388 0.0556177640712869 0.150738869929121
v 0.150313929692828 -0.386310629059088 0.54044535625737
v -0.141736159211037 -0.012879695502011 0.291595482820738
v -0.0684496906734726 -0.122999321309569 0.0689424277934211
v -0.0683066111136482 -0.15312738938496 -0.157954338123391
v 0.143474065422944 -0.164392341502262 0.305863345496262
v -0.248979651686658 -0.403233984385507 -0.288919801102243
v -0.0899879702774153 0.0493576341195271 0.0679933226622048
v 0.195705800418708 -0.197807665705599 0.316643867051722
v 0.13824542176794 -0.386717800201669 0.503135407308084
v 0.127112590591355 -0.38031259110736 0.548543689672866
v -0.217023841137697 -0.3976661038394 -0.310690515560716
v 0.12093970743018 -0.38512654233455 0.538687920245039
v -0.145146486685518 0.194365951625663 -0.276114226705888
v 0.143535296838465 -0.3986686837013 0.528345798469553
v 0.151023528053962 -0.394558842575945 0.526433954195923
v -0.124364829207895 -0.0514356018747832 -0.0394907396972443
v -0.236574243448486 -0.395302379845046 -0.305825669454265
v 0.269455612308336 -0.297022630888856 0.385642914070866
v -0.236564275325434 -0.39914135643256 -0.30527918551828
v -0.207973414075805 -0.403648694082878 -0.306893657951305
v -0.216955718464571 -0.411485931965578 -0.294921131683154
v -0.216866696028809 -0.425695350438218 -0.271855532518232
v -0.192822755275219 -0.413805968903655 -0.278301082557191
v -0.225935974205266 -0.397339349241382 -0.311686779378544
v -0.228074442145219 -0.423345420197411 -0.26967976719195
f 4363 49 908
f 4603 947 3116
f 3018 3981 1155
f 4417 2302 2846
f 3233 4347 168
f 2567 1773 1758
f 697 2563 749
f 4170 2539 4188
f 4011 4022 1357
f 74 3783 3967
f 4685 316 4689
f 4299 2055 1595
f 3902 3967 452
f 503 405 725
f 2430 2498 2801
f 2970 2223 3552
f 4143 125 2769
f 4437 3631 1301
f 4313 4676 1281
f 666 4195 4282
f 4976 508 4974
f 4241 4279 3956
f 356 3123 190
f 3727 16 4103
f 3662 344 313
f 1999 1055 1379
f 2775 4087 4049
f 1169 1407 4856
f 4952 4930 2051
f 49 4363 1788
f 4955 4946 1897
f 311 1213 4142
f 4133 3491 3255
f 1030 3178 3562
f 3178 142 3562
f 142 1698 1135
f 2172 1603 2209
f 4958 1804 4965
f 3876 3874 4771
f 2223 2970 2711
f 104 3430 205
f 4902 3568 4932
f 504 700 2493
f 1719 4330 1788
f 3495 3710 3705
f 3198 1392 3557
f 4384 360 2933
f 2830 56 3317
f 2977 2066 3153
f 26 4070 2667
f 70 89 3120
f 2298 4322 4105
f 1710 3516 1156
f 583 2725 283
f 2899 3120 89
f 1970 3855 1906
f 2212 2353 4276
f 4958 4979 1154
f 1243 900 1598
f 3318 4081 3728
f 348 217 212
f 46 1495 2903
f 70 2711 89
f 70 3120 2718
f 4940 4929 4901
f 1284 4315 1168
f 2764 3440 2050
f 2562 2095 4423
f 3332 56 2899
f 1698 142 993
f 4770 24 1405
f 4471 4020 4397
f 2971 2966 3046
f 1897 4946 1495
f 3037 1536 3324
f 726 4053 3888
f 4940 466 4902
f 1331 1213 1252
f 3452 3332 1821
f 1151 1974 1995
f 2206 1989 2248
f 4306 4314 4316
f 4960 4970 3430
f 1538 1423 1681
f 850 585 1043
f 3495 3671 3567
f 4443 4932 3568
f 35 202 225
f 2368 3850 1891
f 28 225 202
f 1831 4329 832
f 23 2853 1334
f 202 35 28
f 1793 1523 1751
f 1804 828 4965
f 79 156 96
f 2881 1224 4851
f 2800 119 3424
f 1894 597 1158
f 3199 667 2746
f 442 1132 54
f 3818 1138 3398
f 3040 504 3744
f 35 225 101
f 3128 86 1493
f 3536 3545 3661
f 1848 2179 4834
f 3860 2113 1510
f 71 156 2883
f 688 2976 2982
f 1658 730 3526
f 155 79 96
f 76 155 96
f 3819 4153 974
f 35 101 4134
f 1539 809 1629
f 79 155 76
f 3539 194 118
f 128 225 28
f 28 35 8
f 101 225 312
f 4949 2242 2280
f 1955 96 71
f 15 76 96
f 2297 2480 2154
f 975 4037 1206
f 1145 3265 829
f 3714 3762 3806
f 4772 260 4804
f 3456 3155 1117
f 128 28 8
f 4473 2740 1699
f 35 176 8
f 101 256 4134
f 101 312 256
f 4712 4211 4882
f 4459 623 4652
f 2396 2845 335
f 176 4134 2396
f 128 312 225
f 1628 1970 1695
f 15 4780 2883
f 876 75 839
f 256 312 147
f 2591 2073 2417
f 147 312 287
f 2110 2694 2560
f 256 29 2845
f 287 312 768
f 2992 1136 964
f 2541 1641 2883
f 3007 4187 3570
f 4927 838 3572
f 352 3386 2371
f 4970 4128 3430
f 3903 806 3481
f 8 36 883
f 3361 3215 3187
f 3344 4240 281
f 323 173 361
f 2845 2396 4134
f 104 4989 4942
f 2324 3009 1011
f 88 495 278
f 1178 1292 1920
f 1076 4536 3492
f 1707 2523 2558
f 77 802 2274
f 180 1594 3577
f 3782 3875 3647
f 4422 2753 3594
f 3313 53 83
f 590 4354 1381
f 4653 146 4307
f 4102 3423 4115
f 1442 1647 3059
f 29 147 1825
f 4628 4727 4699
f 455 4956 588
f 2397 375 357
f 8 176 2396
f 1296 723 884
f 312 128 768
f 2966 2571 3046
f 4434 4429 4456
f 3744 3565 1881
f 2745 2739 2117
f 29 1825 335
f 3799 521 966
f 4515 220 4529
f 220 3210 972
f 2819 157 4192
f 878 3720 4318
f 309 126 2003
f 4780 437 2883
f 1889 1171 480
f 1 3349 1244
f 3302 2080 2551
f 3662 2210 4953
f 2162 2600 1791
f 4608 531 1505
f 192 110 476
f 4867 4826 2671
f 4797 254 4810
f 1763 81 2515
f 4572 336 4380
f 391 1695 4262
f 1134 1587 1253
f 4002 3894 3852
f 1 4529 220
f 256 147 29
f 4517 4586 3427
f 1455 1684 2203
f 1498 4080 1866
f 2660 2551 2080
f 4529 1 4138
f 1 1244 4138
f 4770 346 24
f 2941 4003 3015
f 2667 2565 934
f 3684 1729 4556
f 4669 31 1993
f 3144 1022 3234
f 2371 2199 352
f 3995 4095 4001
f 4974 4934 2369
f 3804 3112 3253
f 3751 3079 102
f 1873 3808 4900
f 3535 3324 1833
f 2840 410 3254
f 971 3867 3438
f 543 87 3477
f 1388 1245 1293
f 4485 557 566
f 1773 2567 2289
f 132 927 2928
f 4941 915 1006
f 4202 4751 1060
f 57 4123 927
f 79 2883 156
f 2642 2898 1342
f 3515 3197 3708
f 943 3630 400
f 1196 3168 921
f 3994 4485 3349
f 57 927 113
f 2304 2650 2239
f 1303 165 2661
f 3885 4123 257
f 4515 4529 58
f 2059 568 2593
f 821 734 615
f 576 4661 335
f 4310 1087 3825
f 3906 4075 633
f 89 2970 248
f 918 2236 2465
f 3198 581 843
f 657 3476 3433
f 4165 287 1397
f 223 972 1772
f 2129 3424 2724
f 2301 2658 618
f 57 121 4123
f 3313 2918 2762
f 1742 462 2218
f 220 467 3349
f 4213 1091 4523
f 4725 4129 2424
f 113 132 302
f 3020 3324 3036
f 1451 2940 4561
f 2492 565 2344
f 3935 3908 1225
f 3237 1760 2836
f 1282 2390 1574
f 170 1689 4138
f 4037 2646 4154
f 58 1460 2928
f 1692 3258 1893
f 4868 254 10
f 553 525 1343
f 1614 1470 576
f 4485 3994 557
f 912 3133 309
f 57 113 677
f 4848 678 4809
f 132 2928 3218
f 1601 440 3283
f 404 251 631
f 300 61 302
f 1614 576 3994
f 113 61 677
f 4606 124 4581
f 977 406 729
f 3445 3224 4577
f 151 61 1222
f 3164 1290 4129
f 132 3218 302
f 4982 451 4798
f 4186 945 4255
f 1016 3626 2972
f 158 1614 223
f 2079 1807 2521
f 2653 3171 45
f 4883 645 186
f 3525 3417 2131
f 113 302 61
f 1997 251 404
f 3171 121 677
f 1839 2005 2590
f 2570 1316 1844
f 4324 1777 4191
f 4959 4872 4917
f 1338 2967 122
f 289 2295 1461
f 912 309 1229
f 972 3210 1772
f 4872 4959 1880
f 36 794 848
f 3102 170 437
f 1689 170 2521
f 3133 912 4157
f 448 2356 1397
f 3284 3970 3298
f 439 1333 514
f 4407 1772 4494
f 300 302 110
f 4427 4452 4472
f 3674 3556 3444
f 151 3171 677
f 110 302 3218
f 4217 4283 157
f 2079 2988 1807
f 4810 1993 31
f 1368 1077 1174
f 1470 3285 4661
f 1807 2988 3218
f 4547 4729 4691
f 930 695 1636
f 761 1441 3048
f 1886 4494 2580
f 1918 229 497
f 2320 1578 1714
f 3930 10 4929
f 2345 1470 2876
f 222 263 2476
f 1777 4372 4748
f 3190 2187 1581
f 479 4409 620
f 2401 2762 866
f 3546 1280 3363
f 3825 3189 2684
f 151 45 3171
f 4784 3924 3886
f 2848 2668 2491
f 1772 4407 223
f 61 300 1222
f 3075 3530 3232
f 2929 1222 293
f 200 4679 4657
f 3809 3674 3807
f 1985 4675 2293
f 4115 3423 3973
f 383 2124 1270
f 4567 4478 4535
f 45 151 2929
f 3380 3071 3721
f 4987 645 4864
f 1733 1666 624
f 1844 2604 2570
f 4082 1099 633
f 300 110 192
f 558 2876 4407
f 1740 218 4041
f 3380 121 3071
f 597 1284 1158
f 263 4731 2476
f 4689 1885 4685
f 3244 209 219
f 1841 4926 162
f 247 1229 4731
f 4161 2035 575
f 2929 293 1273
f 3940 400 3630
f 141 448 3027
f 2577 2471 2483
f 2586 32 746
f 4278 4042 3724
f 2461 4538 4891
f 2 2521 170
f 4733 1468 1270
f 489 222 3235
f 129 2 3287
f 3741 78 2908
f 45 4597 209
f 2224 1983 4220
f 2079 2521 27
f 2488 1766 3385
f 47 1265 879
f 3102 3287 2
f 889 3137 1846
f 2572 620 4409
f 1273 3113 995
f 3292 3273 4967
f 4326 3021 2496
f 293 1222 1265
f 4083 3287 2723
f 4407 158 223
f 4926 438 91
f 41 187 742
f 88 47 879
f 4619 330 1718
f 2689 2814 417
f 42 3264 1598
f 3071 4610 1990
f 3303 1054 1033
f 2950 286 1797
f 3447 2579 3358
f 4000 2442 4204
f 557 2003 566
f 1656 3537 1716
f 4617 3477 87
f 4301 2325 174
f 3859 373 2583
f 1265 47 293
f 4618 4641 2614
f 2516 141 164
f 4691 351 1942
f 3085 482 2144
f 3517 4409 479
f 141 407 164
f 247 4731 3840
f 3427 3521 4517
f 1080 923 4813
f 78 3125 810
f 1510 3375 3514
f 1771 2160 1272
f 1177 2574 1488
f 2256 2454 2680
f 2078 1439 2064
f 1613 3092 2867
f 1792 895 453
f 489 241 222
f 2942 4140 3574
f 2876 558 3905
f 2544 2829 1634
f 2546 529 2355
f 2806 4715 686
f 2876 1949 2345
f 3627 2228 3897
f 4732 1428 451
f 4710 1323 4160
f 3293 3142 2742
f 2423 2416 1292
f 221 263 241
f 3168 4458 4291
f 1841 495 438
f 1917 1903 1827
f 4937 4986 2512
f 2667 934 591
f 879 192 88
f 3244 2653 209
f 2195 1595 4563
f 4839 1150 1072
f 2287 1990 1034
f 300 192 879
f 131 2105 3113
f 39 227 382
f 489 1588 241
f 285 2198 443
f 88 4908 1296
f 2361 62 2086
f 2 129 21
f 4344 4787 750
f 3288 3340 720
f 38 2510 3840
f 962 4677 4858
f 890 3152 3018
f 3189 732 2808
f 1830 724 215
f 221 241 196
f 3681 3650 1211
f 3489 3657 4133
f 2932 270 2906
f 4243 175 4098
f 4747 2152 1755
f 3319 3060 227
f 1886 3157 84
f 1485 3250 2178
f 125 2641 2566
f 189 164 753
f 1539 1629 1594
f 263 222 241
f 3396 750 1426
f 4597 219 209
f 4340 1349 1276
f 4777 498 272
f 4830 4918 4828
f 378 3944 1535
f 476 2988 1776
f 88 2069 495
f 3878 956 4027
f 151 677 61
f 2796 146 2844
f 4820 4848 4809
f 3244 219 1286
f 2105 131 1197
f 647 718 683
f 139 4062 965
f 1803 2121 2022
f 4781 1418 3323
f 995 2105 3260
f 775 884 622
f 2705 3347 3759
f 4907 4016 1086
f 3334 753 69
f 1416 2428 2777
f 1366 149 4009
f 278 4908 88
f 358 3840 2510
f 3444 1418 3807
f 3370 3340 481
f 3576 1947 1312
f 21 129 3060
f 3147 203 3440
f 333 4428 938
f 1185 1412 617
f 2988 476 3218
f 3862 1889 1487
f 1197 131 4009
f 2783 2517 1348
f 3210 4515 257
f 1943 575 447
f 2734 83 53
f 674 4650 4197
f 2033 63 3836
f 129 3287 4083
f 990 195 4918
f 21 3319 2713
f 4647 4548 4583
f 930 3193 1045
f 3106 350 1776
f 3435 34 1742
f 3044 135 2915
f 191 241 4220
f 1048 4569 643
f 3804 1893 3258
f 977 728 406
f 3005 723 4908
f 790 4701 2552
f 3023 3744 2493
f 4953 344 3662
f 3405 3262 3532
f 1534 2827 1459
f 3470 2455 1002
f 594 1700 4574
f 2909 3158 472
f 4125 306 4190
f 106 266 449
f 3501 3400 3331
f 2462 2678 4488
f 4182 965 4062
f 1770 1237 4903
f 4923 3867 1180
f 3981 2431 1155
f 4452 4427 116
f 2188 266 622
f 328 1180 19
f 3375 2178 1941
f 4083 270 2932
f 440 1601 4388
f 1841 438 4926
f 4157 3840 2723
f 3727 1910 16
f 4717 3883 3953
f 266 106 4009
f 1004 2651 4046
f 1315 1775 3359
f 3576 2271 2148
f 1836 2327 370
f 243 1570 616
f 3516 2956 1156
f 654 233 4358
f 1197 4009 149
f 33 723 3005
f 1734 4589 369
f 273 600 3543
f 2752 2656 2101
f 4223 306 2298
f 2058 2111 4397
f 189 239 2225
f 4610 1034 1990
f 968 639 1419
f 3260 705 219
f 3687 3881 3637
f 4068 858 4410
f 4896 2932 227
f 4348 145 331
f 1437 4468 1624
f 2042 3999 1737
f 2908 185 3814
f 2217 2447 2973
f 540 1385 2738
f 407 69 753
f 2265 3246 3162
f 1584 3025 3291
f 2581 910 3319
f 3441 1875 2056
f 1366 138 149
f 552 3426 4080
f 721 233 3913
f 1237 4850 4819
f 3856 3709 3343
f 3226 910 3672
f 2332 994 477
f 39 3319 227
f 3498 702 1403
f 2803 2000 3702
f 27 2521 2
f 3244 1286 1419
f 196 288 2673
f 4915 397 1181
f 3159 366 1484
f 1226 543 2827
f 1157 4199 4643
f 74 3967 3869
f 13 189 753
f 4 2932 2906
f 4793 4678 2858
f 4875 134 4902
f 2540 3170 2772
f 438 3106 2294
f 18 1366 4876
f 196 217 288
f 637 1232 3683
f 239 189 13
f 4688 2174 1099
f 3796 3807 1688
f 198 288 217
f 1958 774 3978
f 4885 2188 33
f 366 3159 2287
f 980 388 1419
f 4683 139 4269
f 4289 832 4228
f 1078 281 3354
f 3414 1032 3334
f 2304 395 2650
f 3938 994 867
f 363 4181 578
f 4152 4344 1411
f 1017 2447 1227
f 130 3982 604
f 4793 2858 4752
f 122 2967 3195
f 2340 4084 2967
f 4496 3542 2221
f 1901 2676 457
f 250 4876 4885
f 41 925 187
f 3817 1568 4446
f 2131 3417 988
f 696 3938 867
f 3930 134 785
f 4636 333 377
f 1487 1466 2548
f 288 198 4183
f 4370 4228 832
f 1455 3406 2763
f 2160 1496 1448
f 2264 3281 3861
f 1078 3419 3206
f 258 3841 1779
f 4413 4782 1856
f 322 3927 30
f 968 388 6
f 1366 18 138
f 149 138 1850
f 3557 1392 2508
f 4374 4266 571
f 137 366 3666
f 4 382 227
f 2228 1380 4287
f 2501 2525 2217
f 4118 2659 3484
f 2235 391 1228
f 4606 4630 4611
f 2225 239 3387
f 4293 2786 1052
f 2432 4595 2417
f 4626 212 217
f 775 1273 293
f 4082 1864 4002
f 3815 3070 1850
f 267 1593 3387
f 434 167 60
f 3043 2841 2888
f 2047 2071 1980
f 968 6 2870
f 348 198 217
f 4977 1841 162
f 1449 3936 4172
f 2941 3015 2044
f 2636 519 1629
f 4876 250 18
f 4128 1237 4981
f 1649 1131 264
f 2481 2626 2848
f 1425 1307 2119
f 1785 1747 2822
f 3375 1743 2178
f 3475 2252 1603
f 3654 4568 4980
f 1608 1794 4696
f 914 4356 803
f 4669 1557 4809
f 1602 3670 1136
f 239 322 267
f 980 1131 388
f 1290 2424 4129
f 3615 1910 3513
f 2665 1188 198
f 3646 921 3168
f 3927 1032 4270
f 91 162 4926
f 433 228 1142
f 2622 951 1239
f 2332 3124 1312
f 657 4967 552
f 444 1499 1609
f 348 212 607
f 319 3435 2500
f 2286 4016 1486
f 4001 1363 3995
f 1313 2962 897
f 1994 1082 4943
f 1620 1471 48
f 6 388 888
f 3320 138 18
f 1959 356 1930
f 1485 2178 1743
f 3888 3999 899
f 315 91 538
f 2324 4214 2347
f 3664 3923 3904
f 23 1334 2063
f 1281 3190 1581
f 1593 289 3348
f 4290 1357 627
f 4614 4576 920
f 1983 4026 4220
f 2903 4828 548
f 1267 366 137
f 272 3502 371
f 4132 3766 1649
f 18 250 3696
f 993 24 346
f 51 1573 3880
f 3124 731 2271
f 322 279 267
f 1338 2340 2967
f 4723 372 865
f 4080 3476 657
f 375 1561 238
f 642 4054 1586
f 3138 1205 1152
f 3659 2772 3170
f 4 3607 382
f 51 14 264
f 4811 1856 4782
f 1795 1424 33
f 996 4011 760
f 1856 4811 4422
f 4837 4817 3143
f 1850 3070 3524
f 4090 4180 878
f 1715 4153 919
f 405 510 1820
f 3264 2297 1845
f 1131 888 388
f 39 382 3110
f 1141 1276 435
f 386 786 3666
f 3425 3303 4968
f 3607 66 382
f 530 731 2332
f 1166 2460 2638
f 178 4948 1897
f 1761 1809 3224
f 3872 4758 4280
f 2948 2654 2632
f 325 3578 234
f 2906 144 1014
f 250 4885 3219
f 2653 1034 4610
f 3960 4139 2954
f 4674 1549 4722
f 3740 4391 4534
f 4685 2042 3274
f 2397 30 3927
f 2396 794 36
f 1709 3248 2013
f 3890 2665 3739
f 1267 137 1338
f 1680 183 1858
f 3014 4513 4594
f 1010 97 4836
f 1350 2596 4367
f 1160 1189 140
f 314 386 3666
f 4555 381 4105
f 4589 3597 2975
f 3429 4232 431
f 1392 717 1424
f 3377 4406 2919
f 2141 4570 446
f 289 267 279
f 375 2397 4270
f 3040 692 3593
f 3383 3328 3317
f 612 2198 1036
f 4687 3451 4540
f 2326 2506 1933
f 3490 3486 3491
f 4132 68 1271
f 4843 4814 785
f 2870 6 3666
f 1249 2608 2981
f 1399 1401 1644
f 3080 757 2991
f 294 162 91
f 4521 4382 787
f 2294 325 538
f 4602 245 1583
f 2843 3259 2752
f 4014 4108 468
f 3860 2859 2135
f 2019 3267 2115
f 3689 3420 3681
f 4524 4382 4498
f 776 894 1395
f 2870 3666 366
f 1567 4141 3684
f 3674 1216 3556
f 162 11 4977
f 3836 3510 2296
f 272 3815 4777
f 952 1808 3895
f 1704 1862 2140
f 2330 395 2517
f 1101 183 3190
f 2801 2984 1724
f 4018 672 4252
f 195 4947 548
f 3164 3137 1152
f 264 14 68
f 315 294 91
f 3320 2218 462
f 3920 4088 4028
f 2344 2034 3977
f 348 2665 198
f 4455 4286 4476
f 30 4275 322
f 1821 4501 3362
f 1735 2482 2610
f 3090 3140 2880
f 1131 3766 888
f 667 2357 2746
f 2027 2135 3633
f 51 264 3286
f 3237 3601 853
f 1661 2109 1180
f 2431 1137 3642
f 2533 3091 3635
f 355 471 271
f 4684 4767 3270
f 4590 701 4542
f 3685 1963 3149
f 294 11 162
f 1229 2476 4731
f 114 3880 3524
f 3635 304 240
f 1244 3349 4485
f 1161 447 1375
f 741 458 1031
f 427 105 1640
f 2316 248 2970
f 3275 67 1218
f 500 390 114
f 289 279 2295
f 717 434 3219
f 3077 3186 1118
f 328 19 234
f 315 325 19
f 477 59 530
f 2273 2214 1422
f 500 114 3524
f 731 271 238
f 160 3764 4110
f 2429 2552 3636
f 530 271 731
f 3110 420 2028
f 3905 867 994
f 3621 4183 1188
f 1173 1021 955
f 3267 2200 1204
f 3334 1032 753
f 383 600 926
f 3245 3426 708
f 530 355 271
f 4846 4761 4716
f 4267 4392 2318
f 1255 66 4432
f 246 3058 542
f 3815 214 65
f 1288 523 2015
f 4820 1749 4654
f 425 234 2028
f 2006 2378 926
f 1837 3765 826
f 1929 226 4122
f 22 2685 599
f 2373 3676 2285
f 1800 1068 1404
f 3208 916 4366
f 272 214 3815
f 19 1180 2109
f 114 4884 2038
f 272 371 214
f 4709 3165 4716
f 105 427 741
f 59 3388 1031
f 3921 3906 2174
f 1578 4916 1714
f 4849 3868 3846
f 1861 2335 163
f 2626 2481 3051
f 2978 1098 3643
f 357 30 2397
f 1433 3301 1316
f 1255 420 66
f 4889 911 2369
f 2773 355 1039
f 2712 1786 4132
f 2444 555 2501
f 3097 3739 735
f 322 4275 279
f 294 315 2109
f 3089 3366 2046
f 425 328 234
f 3631 3534 2456
f 3388 59 477
f 279 4275 1287
f 1972 4827 634
f 3907 3781 3896
f 3920 253 3834
f 325 234 19
f 956 4025 4027
f 3823 743 3733
f 1479 1516 620
f 65 401 500
f 3710 3665 3705
f 1120 3590 3541
f 1940 1307 1425
f 3891 3202 3760
f 926 235 2124
f 3763 707 3565
f 2300 2245 2308
f 2695 1991 3964
f 2912 242 4778
f 1946 294 1661
f 471 355 2773
f 139 4115 4112
f 4381 1905 4237
f 3942 671 3649
f 539 65 214
f 3982 130 581
f 387 1478 4272
f 3230 481 3288
f 308 314 1786
f 3711 4432 2081
f 4441 738 3993
f 4359 4435 4479
f 4609 4702 4703
f 1739 1676 2203
f 1135 1183 1004
f 2753 4422 3620
f 308 386 314
f 11 294 332
f 4461 3651 4482
f 271 471 511
f 1333 1443 2749
f 277 371 2335
f 4212 72 1038
f 4987 409 2068
f 4977 11 3982
f 411 1254 20
f 2731 2264 3861
f 2286 4589 1734
f 93 786 484
f 1243 318 660
f 319 4763 3435
f 2006 499 735
f 3591 187 3678
f 1147 4775 4655
f 2076 4719 1819
f 30 357 4275
f 1786 888 3766
f 3138 603 1014
f 3867 1946 1661
f 786 386 411
f 1919 163 34
f 1815 1791 3289
f 371 277 214
f 778 1234 1008
f 1443 1333 1271
f 4186 1699 1067
f 883 768 128
f 4704 1548 4574
f 4762 4645 4234
f 816 159 4257
f 3340 3288 481
f 386 308 1447
f 1655 2995 2900
f 499 2006 1047
f 11 332 3982
f 1919 1067 2311
f 458 427 4859
f 3824 1883 2513
f 238 361 375
f 750 736 4344
f 511 361 238
f 65 539 401
f 1508 4436 1444
f 3680 1910 3615
f 238 271 511
f 337 4477 3543
f 1490 301 1188
f 1580 3635 3091
f 4416 1287 3117
f 1463 95 1406
f 375 361 173
f 812 290 1560
f 4768 171 408
f 610 4923 1180
f 4101 384 675
f 3420 3639 2735
f 1086 4016 2286
f 1321 619 1011
f 3860 3063 2113
f 425 2028 3988
f 3091 319 60
f 342 4032 681
f 4825 3302 2601
f 323 906 173
f 2983 3221 3397
f 214 277 539
f 1792 453 2950
f 114 390 4884
f 328 425 610
f 3736 3706 3365
f 3832 1737 4053
f 604 332 1946
f 4236 2299 175
f 2109 1661 294
f 4633 12 4391
f 3460 2020 4935
f 420 275 3988
f 341 484 20
f 2475 296 3884
f 2640 3688 2809
f 2162 1301 3631
f 2474 2892 2917
f 4685 3274 499
f 4884 390 700
f 305 420 1255
f 332 604 3982
f 4421 2712 353
f 1009 991 3275
f 813 4722 2385
f 425 3988 1400
f 1867 1868 1671
f 163 1919 2311
f 4214 3864 742
f 401 326 478
f 2698 2626 846
f 3121 2808 732
f 2349 1035 2361
f 2124 383 926
f 873 148 2454
f 2225 2224 529
f 1124 2193 1519
f 3839 378 3837
f 4253 4457 213
f 1447 308 4421
f 4690 98 4648
f 3788 3625 4187
f 1027 2691 1143
f 1413 3276 1665
f 4561 833 826
f 2187 4945 1278
f 1744 1915 1797
f 605 460 511
f 2832 1228 391
f 3533 522 3548
f 2070 3263 2388
f 4836 4501 248
f 2902 4299 2466
f 1561 4270 3414
f 1846 414 2502
f 2016 190 3123
f 511 460 361
f 1898 4168 4156
f 275 420 305
f 786 411 20
f 4964 1445 237
f 533 3795 837
f 3528 1138 3747
f 4390 3881 2215
f 539 464 326
f 246 212 3058
f 167 717 1580
f 2475 3884 2281
f 2749 4884 2315
f 471 2773 2159
f 52 4686 3337
f 3098 4430 3273
f 788 655 747
f 878 4180 3720
f 418 3711 424
f 357 173 906
f 484 786 20
f 604 554 130
f 4323 4675 895
f 500 401 390
f 4133 4634 1719
f 1210 1854 3012
f 2236 918 1081
f 188 485 1091
f 3900 3820 4510
f 539 326 401
f 664 1919 4763
f 4330 1012 3231
f 464 277 510
f 4863 4756 4735
f 471 605 511
f 361 460 323
f 4298 2544 1634
f 4426 4250 2737
f 1997 1580 3794
f 4481 486 1192
f 383 3543 600
f 401 478 390
f 3136 427 1640
f 2061 1319 3737
f 2667 507 2565
f 4350 1244 566
f 2127 624 3092
f 1668 2593 2159
f 338 262 305
f 4196 381 4233
f 2116 1628 1618
f 2885 1317 3043
f 1882 3810 3248
f 130 554 843
f 2151 2067 2149
f 1896 2273 1687
f 1438 3537 1191
f 1255 3711 305
f 4973 4979 284
f 2942 2986 4140
f 4756 4863 1796
f 2246 2740 2886
f 2825 4158 368
f 2635 507 2825
f 2946 193 4303
f 4531 1456 536
f 4213 469 341
f 3969 854 3973
f 4739 4745 1765
f 2098 1257 1950
f 1230 2335 1861
f 577 3794 843
f 2995 1396 2596
f 3523 678 4924
f 2053 380 2049
f 539 277 464
f 3299 580 3135
f 2226 4051 2276
f 460 605 568
f 2173 1625 3831
f 4712 4660 4630
f 2148 848 3285
f 3175 3352 3410
f 3782 4651 3875
f 464 503 184
f 460 459 323
f 3635 1580 1997
f 932 172 184
f 900 3172 1465
f 3635 240 2533
f 4685 499 1209
f 1990 2287 3159
f 4167 4136 672
f 1256 360 4384
f 504 3040 2315
f 3247 1814 729
f 4255 4473 1699
f 2905 2690 1164
f 940 2088 3925
f 478 2493 700
f 405 503 510
f 2183 2383 2111
f 275 305 262
f 3954 2120 1115
f 4377 512 1500
f 418 338 305
f 275 483 3988
f 4421 353 1447
f 3207 3229 1007
f 1103 1436 1781
f 881 363 2893
f 589 323 459
f 2472 473 1544
f 2838 1939 871
f 3117 906 589
f 4291 3646 3168
f 4868 785 4814
f 2933 1966 2587
f 1465 4733 2916
f 906 3117 1287
f 4859 4523 2743
f 4213 942 2776
f 1400 483 610
f 749 4638 2913
f 1699 2740 1675
f 3467 3472 1304
f 224 2833 3516
f 3147 2764 3140
f 1447 244 1329
f 389 3865 3953
f 4397 4276 2058
f 1756 4555 4105
f 2812 2896 2754
f 528 418 424
f 4748 2299 4236
f 2216 4766 1823
f 4473 4596 1090
f 3180 3797 4411
f 1838 3714 3202
f 1991 2575 3964
f 4053 3999 3888
f 326 184 172
f 2441 2515 2258
f 3229 1948 4575
f 885 4762 260
f 944 1764 4631
f 971 339 604
f 1172 4689 316
f 2723 3840 358
f 4844 785 134
f 2954 546 4045
f 3831 1876 3808
f 251 1997 3794
f 833 2862 3913
f 635 1256 2957
f 1047 600 1005
f 951 1116 1308
f 586 512 353
f 2409 2752 2798
f 4775 1147 4699
f 528 424 2587
f 1500 586 514
f 1159 2487 1056
f 4383 561 3899
f 1369 1672 1966
f 460 568 459
f 3165 4739 1372
f 4651 3604 3871
f 2058 4276 4423
f 438 2294 538
f 3278 2909 3431
f 275 262 412
f 4302 389 4033
f 2743 808 4226
f 544 725 405
f 377 4442 103
f 2316 2970 3552
f 228 483 3474
f 323 589 906
f 589 4502 413
f 554 604 2473
f 1572 4023 3828
f 240 304 229
f 2208 2503 4449
f 528 338 418
f 1776 3226 3672
f 1839 1752 3614
f 3598 4006 663
f 2587 1966 1672
f 577 554 3326
f 3438 4923 461
f 503 567 184
f 339 971 547
f 737 4689 177
f 2797 1337 1558
f 348 607 2665
f 2135 1827 237
f 4537 1765 4574
f 1820 510 1230
f 3124 2332 731
f 338 528 651
f 899 1885 737
f 1117 653 4085
f 1310 2346 4562
f 4490 4404 4383
f 432 1329 2681
f 2315 4405 2749
f 1907 2663 1887
f 3959 268 945
f 1241 1657 2776
f 4147 583 2473
f 726 3888 1943
f 483 275 412
f 4516 4779 4532
f 2951 414 726
f 223 1614 758
f 1997 404 304
f 3593 515 3040
f 1074 24 3178
f 1402 1932 2114
f 1276 3679 1365
f 589 459 3000
f 537 568 2059
f 355 530 59
f 464 184 326
f 2681 512 2904
f 4396 4428 2380
f 3055 3234 1022
f 301 3832 1846
f 3512 3947 3813
f 637 3683 3468
f 4109 2044 3015
f 4894 1555 4867
f 1888 1104 1653
f 2817 782 929
f 1322 595 1195
f 4231 2438 1148
f 1801 2472 1899
f 338 651 262
f 4826 857 4866
f 4283 4014 4100
f 593 3277 52
f 1329 432 1241
f 3341 4922 988
f 1771 329 1212
f 4558 1146 4625
f 3695 2370 784
f 76 2883 79
f 2445 2926 2692
f 360 957 948
f 4007 835 4446
f 1230 396 441
f 547 3438 582
f 1841 278 495
f 583 283 3326
f 2480 4502 3000
f 1760 3564 2836
f 251 577 4659
f 3031 824 1802
f 4405 515 953
f 514 374 1500
f 4271 3042 4106
f 4202 1060 3716
f 3499 363 1457
f 441 396 614
f 374 514 953
f 4320 269 4905
f 512 2681 244
f 877 1090 502
f 4174 4079 4052
f 3557 4977 3982
f 568 537 459
f 929 518 2791
f 2365 133 2334
f 4213 7 973
f 2683 651 528
f 273 3543 4477
f 4879 872 4883
f 441 544 1820
f 404 497 304
f 4703 2614 623
f 1890 517 1530
f 3543 383 3952
f 518 929 782
f 3436 3723 1092
f 932 1075 3023
f 464 510 503
f 412 262 393
f 1261 2220 1272
f 80 1913 4761
f 4482 327 4461
f 1306 1321 3009
f 1508 2824 3192
f 177 1172 1482
f 387 4272 1731
f 3127 188 516
f 1172 177 4689
f 3703 4147 547
f 616 1570 229
f 2691 1027 372
f 1091 973 516
f 725 680 567
f 3908 4015 4019
f 2041 545 188
f 724 875 1635
f 512 4377 2904
f 2333 4204 2367
f 304 497 229
f 3800 433 3269
f 4673 2358 2695
f 1894 2030 2010
f 4838 901 1026
f 3764 3941 3926
f 2421 2097 3095
f 1091 516 188
f 273 4477 2791
f 502 261 614
f 2925 3564 788
f 4260 668 2539
f 4254 3206 715
f 1206 711 4179
f 2366 3214 4681
f 2428 4401 2777
f 545 488 485
f 374 422 4377
f 441 614 494
f 4321 1154 4979
f 4160 2646 4176
f 2276 2477 2423
f 4697 3451 4687
f 651 393 262
f 43 1651 1417
f 7 2776 1657
f 1918 616 229
f 461 582 3438
f 3952 3172 3543
f 3917 3767 3816
f 903 551 627
f 3835 3752 2259
f 4843 150 4802
f 441 494 544
f 1651 1657 432
f 404 615 497
f 2356 3932 4165
f 298 3703 582
f 3769 2788 572
f 2072 2125 1459
f 283 492 4659
f 792 670 3104
f 3723 321 3638
f 944 1248 1764
f 1369 513 1672
f 1225 3748 4150
f 3297 482 3085
f 4356 2904 422
f 4982 4612 4708
f 631 615 404
f 2243 1722 2011
f 3070 65 500
f 1074 1109 1405
f 469 4859 427
f 4301 174 2229
f 3632 3661 194
f 4871 254 960
f 4569 4255 945
f 3861 687 2707
f 545 2913 488
f 3201 2706 3608
f 635 2799 957
f 2677 1987 3305
f 2121 3610 2022
f 2665 3890 1188
f 698 524 4477
f 3663 4627 908
f 1440 362 3072
f 821 615 631
f 851 892 573
f 596 3177 2952
f 725 509 680
f 3173 2780 2510
f 1823 415 3346
f 3585 2579 3447
f 1725 292 1106
f 3827 701 4581
f 2286 1734 1086
f 4800 4635 4742
f 2145 1452 2350
f 4889 4870 911
f 4161 1453 1975
f 502 614 396
f 4083 2723 270
f 1482 782 197
f 3575 2480 3000
f 631 4659 492
f 4142 22 707
f 4814 4843 4802
f 2733 2350 1452
f 4475 3240 2303
f 4503 501 197
f 497 615 1918
f 96 3133 15
f 261 347 614
f 3058 3348 542
f 1143 2125 1664
f 2538 2177 2528
f 547 582 3703
f 5 3786 3233
f 2077 331 2025
f 996 3771 4011
f 3491 2852 3255
f 3786 4403 4750
f 230 2827 543
f 2360 4044 3900
f 4235 1158 1128
f 3120 56 2718
f 4770 1331 346
f 614 347 494
f 557 3551 2003
f 1842 362 4264
f 3177 745 2952
f 2348 4666 652
f 4724 1372 4854
f 2191 551 1069
f 494 347 4227
f 3315 3094 3125
f 531 1975 177
f 2074 1921 298
f 4443 4925 4932
f 2347 4214 742
f 929 524 2817
f 2956 2266 112
f 1740 1892 2415
f 513 948 714
f 3084 2594 3293
f 4677 872 4858
f 68 4132 1649
f 575 1943 1453
f 2463 582 3269
f 698 4477 337
f 3381 4159 3148
f 4473 2952 4596
f 4644 4726 4664
f 485 188 545
f 1075 3565 3023
f 4708 4732 451
f 4165 557 1825
f 2493 172 3023
f 3712 588 516
f 4423 4276 2353
f 3422 3567 3671
f 298 582 2463
f 4939 4947 46
f 492 283 2725
f 265 2136 261
f 2286 1486 3597
f 550 2683 1672
f 3311 265 1674
f 3964 2575 2732
f 2656 3259 216
f 651 2683 490
f 874 44 795
f 2799 714 957
f 374 693 422
f 4001 4095 4144
f 4377 422 2904
f 2588 2030 182
f 177 501 796
f 2500 3696 60
f 359 709 1075
f 1059 1128 2422
f 544 509 725
f 4847 697 2041
f 699 1814 1116
f 957 714 948
f 567 359 1075
f 643 4569 243
f 3474 1142 228
f 630 4121 4190
f 2913 545 697
f 4188 2539 668
f 2869 3203 3069
f 684 744 456
f 588 3712 1036
f 3302 793 2960
f 1315 393 625
f 1121 4068 2612
f 3593 3912 2434
f 3331 4353 3426
f 2434 693 953
f 412 3474 483
f 503 725 567
f 3269 433 2463
f 1829 470 2758
f 651 490 625
f 1375 447 575
f 612 1657 443
f 1697 3819 974
f 422 803 4356
f 2453 2475 1860
f 3966 3767 4221
f 2669 417 3030
f 2059 902 537
f 1224 1667 1921
f 430 3385 3724
f 4100 4261 4345
f 631 492 821
f 2655 804 840
f 2913 697 749
f 177 796 531
f 772 2554 936
f 2059 4638 902
f 573 245 851
f 490 2683 550
f 1396 1215 2596
f 2154 1845 2297
f 790 2429 1567
f 612 443 2198
f 502 265 261
f 562 887 3127
f 647 2800 3745
f 3131 349 3829
f 745 3177 893
f 2182 3242 307
f 714 563 513
f 1599 475 3716
f 2719 596 1048
f 505 2829 2544
f 2945 1659 4291
f 2074 871 4851
f 651 625 393
f 4840 2858 4678
f 4787 1426 750
f 509 3669 680
f 2841 4303 1314
f 4237 468 4372
f 1464 1198 4566
f 458 4859 2743
f 1578 1736 2268
f 3804 216 2937
f 525 553 524
f 3994 758 1614
f 4389 1057 3082
f 1615 570 1341
f 616 1918 1854
f 2780 2087 2510
f 4653 2443 2835
f 7 612 3712
f 4337 4344 4480
f 3227 3262 3316
f 3401 720 3340
f 525 698 1908
f 4118 2702 4295
f 659 2563 2363
f 550 385 490
f 331 2914 2005
f 23 2063 565
f 1899 2472 1544
f 2812 2630 2918
f 4623 4566 4559
f 567 680 359
f 2687 893 3177
f 550 513 2621
f 1998 1938 1023
f 112 4425 2956
f 1147 4655 4762
f 243 268 1570
f 1705 2336 2249
f 2233 893 587
f 734 4544 1918
f 1480 100 1431
f 559 625 490
f 261 2136 259
f 1420 2497 2154
f 3803 4238 2987
f 3102 437 4780
f 718 1036 2198
f 926 1047 2006
f 902 749 231
f 4366 715 1646
f 3712 612 1036
f 2513 1020 1547
f 544 494 509
f 979 3304 4602
f 2952 4473 596
f 2338 398 4229
f 586 353 2712
f 3661 3632 3536
f 1670 399 835
f 4188 668 4269
f 3718 541 4130
f 243 1750 643
f 3051 2535 3458
f 2191 1069 4503
f 2857 3675 3996
f 4546 4491 4554
f 4796 2306 4863
f 2621 513 563
f 4041 2891 1608
f 914 43 4356
f 1783 707 3763
f 4041 1608 1740
f 3226 1776 2988
f 1035 2334 2254
f 3472 3947 3381
f 563 714 1263
f 4780 15 4157
f 2327 4834 370
f 1115 849 3954
f 516 588 3127
f 478 700 390
f 4608 4161 531
f 2711 1084 2439
f 559 490 385
f 769 625 559
f 3998 1200 1977
f 1269 1647 1992
f 2563 2497 231
f 2719 1048 674
f 4980 2325 4301
f 876 3351 781
f 3693 3541 1351
f 675 385 4101
f 1476 774 1958
f 2265 3542 2890
f 3301 1367 4562
f 796 501 716
f 716 501 1069
f 4806 3116 947
f 1818 598 4588
f 261 259 347
f 559 385 1200
f 4375 2018 4396
f 680 3669 844
f 1651 443 1657
f 2799 1161 1263
f 3330 4847 887
f 958 4632 1845
f 4290 2191 276
f 4257 320 2250
f 3555 4374 2606
f 2134 2189 4666
f 2021 2383 1887
f 4469 4457 4253
f 4705 3700 4857
f 2730 3458 2530
f 697 4847 2363
f 4737 2781 3535
f 2041 887 4847
f 3935 3774 1963
f 3669 840 844
f 2534 4266 2420
f 3894 4175 4116
f 3604 669 3367
f 2694 564 2560
f 1457 363 578
f 616 1210 243
f 359 680 844
f 2785 481 3230
f 4057 3918 1221
f 474 3231 505
f 2496 1116 1814
f 4489 571 2986
f 1709 1292 1178
f 803 781 914
f 3566 572 2643
f 993 299 1698
f 4251 1560 290
f 1264 4326 3247
f 718 647 455
f 1338 93 2868
f 3822 3367 669
f 4534 4476 3740
f 3565 709 3763
f 3080 3595 3257
f 1654 1502 1522
f 881 1678 966
f 1623 392 1325
f 3973 1123 3969
f 4208 1274 4279
f 659 704 3393
f 2463 647 3745
f 347 259 913
f 3338 3586 3509
f 3844 628 1859
f 207 2233 587
f 4004 1132 4920
f 3998 549 559
f 709 359 4738
f 955 3675 1173
f 1338 122 1267
f 1243 660 900
f 4503 782 2817
f 3756 4113 1263
f 707 1553 1881
f 2864 2794 2606
f 4892 2717 4085
f 671 3942 4688
f 422 693 598
f 769 559 549
f 3822 3469 3934
f 3242 2107 689
f 4185 624 2127
f 2704 3281 658
f 1933 2559 2326
f 3842 3123 3722
f 479 620 1516
f 562 4956 3330
f 4113 3756 1859
f 3725 4422 4811
f 167 434 717
f 873 2796 679
f 476 2069 192
f 2651 1004 1183
f 3603 4034 4077
f 2463 455 647
f 4978 284 4979
f 1200 675 1977
f 980 1419 1286
f 4197 722 2719
f 4200 704 1977
f 3487 1830 917
f 280 509 4227
f 1487 1889 1466
f 2270 2296 3510
f 4230 1381 4308
f 509 280 3669
f 1279 4246 2341
f 3466 3330 862
f 1874 2211 855
f 3452 1821 3754
f 1025 690 4738
f 2928 4515 58
f 4069 2744 3923
f 1315 549 862
f 718 455 1036
f 1750 243 4008
f 422 598 803
f 1075 709 3565
f 797 660 318
f 1846 2502 889
f 2724 119 880
f 3612 3012 4544
f 1450 3830 1568
f 4962 2478 2486
f 4530 2716 1198
f 3466 549 3998
f 1775 1315 862
f 4395 3651 4466
f 2363 4847 2237
f 3559 334 3879
f 2035 4949 2627
f 3351 443 43
f 2323 2567 618
f 1876 3753 1892
f 2748 766 3186
f 1415 17 946
f 4670 4331 4702
f 1977 659 2237
f 4073 3509 3369
f 4254 3478 4400
f 2648 2551 2660
f 3948 2968 2687
f 3372 4084 867
f 1651 43 443
f 4518 793 3166
f 1254 2776 942
f 3446 3531 3777
f 690 1783 3763
f 3508 2931 2060
f 821 492 646
f 4310 2811 2885
f 693 4588 598
f 2851 2947 185
f 2578 613 2185
f 1531 1311 3174
f 3955 2552 340
f 903 716 551
f 2729 679 2796
f 1322 1195 4031
f 4500 767 1728
f 4048 1930 3035
f 2300 2308 4613
f 3682 4852 2980
f 821 3612 734
f 1728 694 2136
f 428 797 1859
f 3446 3114 3606
f 3799 1055 1380
f 684 981 751
f 1890 1564 3156
f 1446 1097 2804
f 2331 4310 2387
f 562 3127 588
f 4173 310 3889
f 644 722 1231
f 3612 821 646
f 3300 429 3374
f 1385 1928 847
f 3307 2307 3339
f 1047 1209 499
f 4008 2250 1750
f 2451 2633 2399
f 4845 1914 1671
f 2154 2480 3575
f 1203 3609 865
f 598 1818 2408
f 2968 856 587
f 1210 3239 4008
f 3211 423 4226
f 1132 442 4920
f 1471 1409 1502
f 4544 3012 1854
f 626 207 856
f 1775 4956 2384
f 748 661 3972
f 2834 2444 2501
f 4142 707 1783
f 1631 3166 2742
f 428 4445 535
f 443 3351 285
f 121 3171 1170
f 2348 4769 4558
f 4305 640 1831
f 2449 249 2427
f 660 797 4464
f 2627 641 4464
f 3351 876 880
f 535 2627 428
f 259 827 913
f 3193 4414 2150
f 4650 941 4197
f 587 856 207
f 4722 82 4773
f 2225 2546 189
f 2464 222 2476
f 796 1962 1505
f 3745 763 298
f 2890 4496 2531
f 1146 4535 1650
f 3280 3972 661
f 1912 3487 533
f 3012 619 1210
f 913 656 280
f 4172 3418 1389
f 1410 2130 1563
f 1709 2013 1768
f 4558 4535 1146
f 2613 136 2859
f 1502 579 1471
f 909 781 2408
f 1071 3013 642
f 796 716 1962
f 713 856 2968
f 90 2766 4184
f 3467 3813 985
f 1343 996 3389
f 1346 739 3336
f 3983 4006 3598
f 642 1586 800
f 1497 3336 527
f 763 3745 199
f 1143 1664 2714
f 527 783 1497
f 4057 376 1898
f 4607 1146 4633
f 3502 272 498
f 910 2713 3319
f 2021 1979 4471
f 4184 4602 3304
f 436 4385 783
f 864 1458 4177
f 939 826 833
f 1069 551 716
f 739 1346 747
f 2758 3534 2727
f 763 871 2074
f 4567 4642 4599
f 1648 1098 3042
f 823 436 783
f 2869 2381 1166
f 1417 4356 43
f 2930 681 2619
f 3099 3045 2961
f 2079 2713 3226
f 3470 1002 2442
f 1583 245 3048
f 3428 3874 4047
f 856 817 819
f 662 783 527
f 4691 80 351
f 3001 898 4374
f 400 3423 4111
f 436 2400 4385
f 4504 3967 3902
f 1526 3276 1456
f 739 706 4245
f 4701 790 1454
f 3693 1351 3665
f 458 741 427
f 4949 4935 2627
f 259 2136 694
f 4183 4725 288
f 2036 208 2002
f 4708 4565 4732
f 3384 3657 3506
f 2389 274 4335
f 2410 1106 2503
f 4721 1319 1753
f 2020 1343 525
f 4337 1411 4344
f 4483 2032 2349
f 310 1208 1150
f 456 207 626
f 706 457 4245
f 4088 759 4028
f 3232 1501 3221
f 4397 4020 4349
f 694 870 827
f 694 827 259
f 3191 4950 3272
f 4628 450 4637
f 436 823 493
f 789 527 4245
f 3526 788 4209
f 601 3151 1582
f 3199 766 2748
f 656 827 863
f 4209 3304 979
f 534 1224 2881
f 4143 2645 2536
f 963 767 3979
f 4013 594 4492
f 662 823 783
f 4167 3923 896
f 577 843 554
f 3758 4057 1221
f 3544 1901 457
f 2470 4887 3493
f 493 601 2400
f 365 789 2676
f 1030 1072 909
f 64 3931 3374
f 3264 42 2297
f 2698 2668 2848
f 4548 4551 4505
f 3350 3853 4577
f 527 789 662
f 780 3499 1457
f 3680 3446 3777
f 3237 435 3550
f 3275 1195 2001
f 2236 776 1395
f 2840 2955 4835
f 3726 3783 3743
f 684 456 626
f 4951 1674 4596
f 3291 809 3209
f 830 892 1457
f 830 573 892
f 493 685 601
f 3414 731 1561
f 3237 3404 3601
f 2389 1143 274
f 931 487 949
f 1590 1738 1504
f 713 817 856
f 1598 3264 1243
f 830 761 573
f 3048 573 761
f 859 506 493
f 4253 1533 4469
f 3151 601 765
f 4197 1231 722
f 4612 701 4590
f 2893 363 3499
f 4713 3 2275
f 823 364 2393
f 1296 884 1611
f 1896 1129 1857
f 1803 2263 3553
f 1978 2269 1826
f 1844 637 3468
f 3948 644 4474
f 4426 2814 3821
f 685 493 506
f 4360 1905 3407
f 1617 2856 3484
f 1125 4252 672
f 1380 982 3799
f 785 4868 3930
f 1006 1911 917
f 672 4018 3923
f 4168 818 3109
f 748 641 2627
f 2398 3152 3803
f 4537 1700 4522
f 3151 765 2893
f 822 685 506
f 761 830 814
f 823 662 364
f 2562 3692 2528
f 626 856 819
f 3564 2925 2836
f 3435 4763 34
f 1782 4758 4251
f 814 830 1457
f 662 789 733
f 320 1750 2250
f 3994 3349 758
f 2637 1553 2241
f 356 190 3035
f 4425 1156 2956
f 788 3526 2925
f 876 839 880
f 765 685 861
f 4082 4002 3775
f 465 795 815
f 2074 4851 1224
f 364 662 733
f 913 827 656
f 4518 2960 793
f 2611 2531 81
f 4197 941 1231
f 4038 3989 4044
f 3667 3513 3644
f 862 3330 1775
f 1024 2620 1162
f 4769 4514 2386
f 4176 975 4783
f 4057 4390 4325
f 840 3669 2655
f 2410 3597 1486
f 2893 765 4056
f 4369 213 4457
f 1064 690 403
f 1828 4945 3678
f 1912 859 2393
f 201 684 819
f 822 861 685
f 506 859 533
f 2676 2874 394
f 863 1235 1748
f 4848 4913 4899
f 1591 2405 1604
f 2784 331 145
f 4527 2060 727
f 820 1393 761
f 4631 210 1218
f 2153 2185 613
f 3864 534 2881
f 2313 181 2733
f 4830 4808 4861
f 721 814 578
f 2615 815 762
f 3786 526 3121
f 814 1457 578
f 4632 704 384
f 724 364 875
f 4371 3564 1760
f 2808 526 4003
f 465 815 2615
f 703 402 977
f 703 817 713
f 364 724 2457
f 2615 762 2527
f 761 1393 1441
f 837 4153 1569
f 1771 2412 329
f 4072 2981 2608
f 3150 2852 3486
f 1954 1567 3684
f 3562 4046 4839
f 3185 1168 2033
f 806 3525 3970
f 822 506 837
f 2244 2221 3542
f 300 879 1265
f 2523 1151 4751
f 4940 134 3930
f 1120 638 3590
f 1360 3428 1394
f 881 2893 1678
f 875 733 365
f 733 875 364
f 819 817 416
f 4073 3422 3671
f 730 2527 1114
f 2934 1648 3033
f 159 1515 4257
f 4056 1332 1678
f 363 881 4181
f 3069 2381 2869
f 966 1678 4813
f 556 3480 4004
f 875 365 394
f 712 795 44
f 844 840 1025
f 694 767 870
f 1441 795 465
f 721 578 1626
f 2103 4584 103
f 3031 3795 824
f 903 3076 716
f 863 827 585
f 777 644 779
f 1658 2527 730
f 3432 3323 1418
f 1612 2243 4412
f 712 815 795
f 320 4257 1515
f 815 712 3648
f 3439 2561 343
f 1569 3819 4668
f 4181 881 521
f 4181 1626 578
f 4056 861 4668
f 4343 4257 2250
f 2731 2707 2756
f 41 742 3864
f 802 4536 3234
f 1245 86 1019
f 1025 840 804
f 2657 746 32
f 484 3136 2868
f 4207 4304 2052
f 1393 820 2862
f 4816 4190 4067
f 3193 2150 1412
f 814 3913 820
f 801 703 4474
f 1350 4367 127
f 721 3913 814
f 2323 2289 2567
f 3771 1063 3076
f 3012 3612 2324
f 1760 2382 3039
f 4816 452 3726
f 939 833 3913
f 4802 1557 1993
f 749 902 4638
f 1122 1463 791
f 4316 4317 4306
f 2020 996 1343
f 2852 3491 3486
f 136 2040 773
f 1008 1353 520
f 3262 3399 3518
f 837 506 533
f 903 627 4022
f 3804 3253 216
f 136 773 2027
f 1458 1679 1382
f 2007 937 4563
f 963 870 767
f 1635 584 3755
f 874 4410 44
f 970 2862 2940
f 341 20 942
f 4353 2448 3579
f 1282 2120 1298
f 801 777 430
f 3191 2579 3197
f 1785 3479 2578
f 762 1186 1114
f 2597 2642 1342
f 919 837 3795
f 159 816 1130
f 2115 755 3702
f 1504 4676 3392
f 4153 837 919
f 4277 4198 4248
f 2157 2678 2635
f 724 1635 215
f 721 1626 233
f 4528 1393 2139
f 4327 1361 4306
f 4410 858 44
f 1072 839 75
f 3139 2946 3033
f 963 682 870
f 521 3799 719
f 4702 4609 4778
f 1982 2874 727
f 670 779 941
f 3012 1011 619
f 934 2973 1088
f 1186 845 1114
f 1818 1405 1109
f 2725 534 492
f 939 233 826
f 941 4650 1130
f 2509 757 2645
f 1254 942 20
f 1299 1100 967
f 4415 2518 4448
f 4462 787 3453
f 3378 3837 4148
f 1074 909 1109
f 3945 4096 3975
f 4642 4585 4533
f 817 703 416
f 1626 4358 233
f 851 2407 892
f 2802 2643 3439
f 1853 1484 122
f 4553 3622 3521
f 1945 1285 1512
f 914 781 3351
f 3844 3264 1845
f 2293 4675 4323
f 3550 841 2382
f 1186 762 3648
f 584 2874 2931
f 1739 1998 1676
f 2133 2956 2833
f 1782 4280 4758
f 1184 201 416
f 748 4935 255
f 567 932 184
f 4030 3900 4044
f 1872 4695 1834
f 3975 3222 2260
f 4560 4664 4726
f 3031 3789 1715
f 3025 1532 1517
f 1184 416 729
f 238 1561 731
f 1901 834 2676
f 1607 3449 744
f 654 826 233
f 2877 2441 2282
f 966 923 3799
f 881 966 521
f 712 858 904
f 4155 1717 3785
f 1219 3981 1019
f 1959 1716 3722
f 4528 1441 1393
f 684 751 744
f 2462 934 2565
f 833 2940 2862
f 1677 536 1413
f 876 781 75
f 3449 935 3979
f 923 966 4813
f 3144 1076 3099
f 1267 1484 366
f 1476 904 858
f 3911 3897 2228
f 3977 2872 2344
f 1008 1020 778
f 874 4528 2139
f 2118 1757 1422
f 3905 3372 867
f 670 941 1130
f 25 4624 916
f 2850 2946 3043
f 3397 1708 3750
f 3229 4575 1824
f 1583 3048 465
f 4036 3886 4352
f 1830 215 917
f 1935 4823 1559
f 3140 1952 2880
f 3563 3718 4130
f 1901 1234 834
f 619 1321 2088
f 4850 1237 4944
f 3581 3658 3604
f 38 3840 4731
f 870 1043 585
f 4624 368 4158
f 4262 1970 3456
f 4873 4658 2377
f 3286 219 705
f 1064 3985 1783
f 778 727 1234
f 603 3137 3587
f 3138 1014 144
f 727 778 4527
f 4147 1921 1667
f 904 1476 1186
f 3906 1099 2174
f 4658 2099 1512
f 3359 3474 1315
f 1403 702 2962
f 4448 3613 4415
f 4343 978 811
f 3689 924 3467
f 1383 553 276
f 4167 663 4136
f 3764 738 4154
f 354 4735 4846
f 1345 3776 317
f 2230 2931 3508
f 3163 3535 1833
f 4919 2751 1579
f 3790 2685 4770
f 4827 991 1009
f 137 786 93
f 2931 2874 1982
f 2126 2803 2877
f 954 1020 520
f 2986 676 4140
f 682 963 935
f 4278 3213 907
f 4375 4334 2305
f 2449 2571 2878
f 3756 1263 1161
f 2869 2745 3203
f 2267 1720 2555
f 1822 3156 4029
f 2313 303 181
f 2724 3424 119
f 2421 1726 2097
f 4827 1009 634
f 777 779 430
f 1731 1158 1284
f 4856 2220 1261
f 2737 2708 4426
f 845 3408 1619
f 1355 3971 2132
f 3802 2139 1066
f 2283 689 2107
f 2929 1273 4597
f 4282 4230 4308
f 1801 2178 3250
f 2649 161 2511
f 801 3724 402
f 3227 676 3399
f 3449 1607 935
f 1080 2057 1055
f 792 779 670
f 2436 4221 4025
f 3027 883 848
f 4040 4467 2014
f 403 1038 3480
f 654 3863 826
f 3624 543 3897
f 1043 870 682
f 4707 885 4744
f 1648 2709 3643
f 4345 4192 157
f 1697 4273 665
f 977 729 416
f 3495 2607 3710
f 801 430 3724
f 4139 4743 2954
f 602 960 4924
f 1715 3789 1778
f 2699 1660 1162
f 4108 1483 468
f 3907 2414 3854
f 664 4763 2533
f 166 42 4502
f 2815 4578 2180
f 2153 3858 2202
f 3 2119 2275
f 816 998 4792
f 4985 4984 397
f 816 811 998
f 2806 3038 2844
f 4064 905 974
f 4441 3993 108
f 3482 3149 3943
f 493 2400 436
f 1999 1380 1055
f 2299 4748 4079
f 3273 3968 708
f 1077 1619 3408
f 4941 1049 2128
f 4425 182 2030
f 4949 2720 1063
f 2234 2456 3534
f 917 1029 3487
f 3710 3644 3665
f 4060 2849 4055
f 1831 1469 4201
f 2490 1016 4791
f 1332 1080 4813
f 3799 923 1055
f 1173 682 1021
f 1417 2904 4356
f 2833 937 2133
f 4786 784 2370
f 3163 2994 3284
f 2315 3040 4405
f 1184 1814 699
f 951 751 981
f 1451 970 2940
f 4342 2103 4472
f 1957 560 1662
f 1003 1029 917
f 4064 1715 1778
f 3601 3404 3295
f 4404 3787 755
f 2033 3836 1870
f 2145 2416 1452
f 4539 4505 4554
f 868 908 49
f 1187 4961 2209
f 1063 2720 3076
f 1375 575 1774
f 3295 1009 1218
f 2691 372 1604
f 3655 206 3789
f 2973 1017 1088
f 2702 3205 2509
f 4139 4033 3883
f 3295 1218 210
f 816 4257 811
f 3634 2506 3386
f 1269 1379 2871
f 836 1157 3670
f 822 1569 861
f 1331 2685 1213
f 1030 909 1074
f 3337 4686 3440
f 1006 917 1049
f 3275 1218 1009
f 1003 917 1911
f 1150 1208 2129
f 514 1333 4405
f 1278 4945 1828
f 3980 663 4167
f 2614 4652 623
f 2773 1039 3211
f 4765 4774 3700
f 2007 4563 1595
f 863 850 1235
f 3489 2866 3657
f 2431 4838 1137
f 2558 479 4387
f 1349 954 841
f 3724 4042 402
f 1149 836 1451
f 3408 1186 1476
f 1607 1021 935
f 2532 2680 2919
f 2057 1080 1303
f 75 909 1072
f 687 1242 2707
f 811 4257 4343
f 3418 2644 2662
f 3802 1066 3670
f 1077 1368 1619
f 3313 83 419
f 4589 2286 3597
f 3922 560 1746
f 3802 2612 1220
f 174 2170 3549
f 1547 1020 4340
f 4785 3700 4807
f 2411 2075 3312
f 2816 3643 2709
f 4821 2411 3312
f 4052 663 4006
f 1575 1971 1960
f 1395 1589 1050
f 4941 1108 915
f 3136 341 469
f 1006 915 1911
f 2513 778 1020
f 977 416 703
f 836 3670 1066
f 710 2081 4124
f 3978 1174 1077
f 1303 1080 4336
f 3508 1085 2230
f 288 4725 2673
f 744 751 1607
f 1163 2230 1085
f 648 311 3985
f 1476 1260 774
f 3616 1653 1104
f 4532 4435 4451
f 1163 1108 2230
f 4117 818 759
f 850 863 585
f 1096 1766 792
f 430 779 2488
f 2696 2774 303
f 1072 1030 3562
f 1121 1260 4068
f 3755 2931 1037
f 1778 999 2826
f 1619 1368 991
f 3626 2490 3569
f 974 905 4273
f 1073 3475 636
f 453 4675 286
f 1660 636 3220
f 1246 2629 1828
f 811 574 998
f 3031 1802 3471
f 4343 940 978
f 1968 1167 2556
f 4156 4112 3918
f 1430 1638 1834
f 4419 3453 787
f 3279 174 2325
f 826 3863 1837
f 4499 4391 3740
f 1173 1043 682
f 3839 3486 3490
f 1999 4287 1380
f 935 1021 682
f 3929 1258 2374
f 852 1029 799
f 1235 850 2993
f 309 3133 1955
f 430 2488 3385
f 4109 771 2961
f 3027 848 141
f 1108 1163 1291
f 4522 3024 4537
f 567 1075 932
f 55 140 4792
f 1634 2829 232
f 797 318 3844
f 2486 2323 2658
f 811 978 574
f 1024 1110 2232
f 998 1079 55
f 3713 4189 2549
f 4693 297 1163
f 3985 1064 648
f 4390 2215 3180
f 483 1400 3988
f 852 3655 3471
f 1073 636 4693
f 877 2740 1090
f 790 2920 1454
f 951 2622 2652
f 1430 1834 1095
f 3698 3792 3990
f 954 4340 1020
f 4042 800 1586
f 3662 4938 4910
f 4548 4647 4598
f 1085 1073 4693
f 1116 981 699
f 710 4629 2081
f 1354 4387 1516
f 2857 1043 1173
f 2328 1302 4357
f 2280 2720 4949
f 4984 3571 4988
f 107 3839 743
f 1157 836 4199
f 4664 4628 4470
f 789 365 733
f 4805 4707 4744
f 1175 792 3104
f 4430 3183 1693
f 1908 661 525
f 2395 1884 1408
f 1531 3174 3132
f 2041 188 887
f 804 2655 4212
f 760 1357 276
f 3655 852 1201
f 1149 4561 1113
f 4082 633 1864
f 3812 3759 3347
f 309 2003 3551
f 310 4046 2651
f 3946 2914 2784
f 2981 2158 1249
f 2060 1187 3508
f 946 473 1577
f 3245 3968 4355
f 311 1378 1252
f 1070 1260 1121
f 1349 435 1276
f 1837 3863 4617
f 2600 3873 3289
f 106 449 4876
f 3504 3473 3079
f 4033 3960 4017
f 4105 381 4225
f 1549 4742 82
f 4043 2425 3142
f 439 1271 1333
f 1467 291 1455
f 1278 1828 2629
f 1911 915 1137
f 992 905 2826
f 2443 989 2520
f 2800 683 119
f 3583 3374 3931
f 3765 1837 1001
f 4695 1538 1681
f 852 799 1201
f 2878 3691 4049
f 1602 1121 2612
f 1992 4287 1999
f 2804 2402 556
f 4199 1149 918
f 951 1308 1239
f 1026 799 2865
f 1260 1070 3132
f 4442 377 4312
f 1141 435 1061
f 3507 1373 4586
f 128 8 883
f 1197 1624 2105
f 1703 2110 1855
f 1073 3508 2252
f 4663 916 3208
f 2169 3653 3520
f 1070 1121 4552
f 1050 1566 2236
f 2294 3672 2581
f 1660 2699 4693
f 1445 85 3063
f 3522 2498 2617
f 4176 1199 4160
f 4278 1232 154
f 1003 799 1029
f 407 753 164
f 1906 1288 1899
f 1137 4838 1026
f 3359 1142 3474
f 3780 3758 496
f 981 684 201
f 2488 792 1766
f 2886 877 396
f 2639 3018 1259
f 3339 2307 2958
f 1763 2171 2611
f 2606 2258 3555
f 3832 1490 1737
f 4326 2496 1814
f 1644 3753 2031
f 3104 4792 140
f 3182 611 3002
f 1814 3247 4326
f 4298 2675 2690
f 2971 3122 3691
f 1411 4435 1015
f 2768 2478 4962
f 1641 4350 126
f 978 940 606
f 3822 3853 3367
f 3247 642 1127
f 1764 1061 853
f 850 1043 2857
f 853 1061 435
f 4681 1723 2049
f 1119 1155 3642
f 1911 1137 2865
f 829 3220 636
f 623 4459 2518
f 2122 1506 4831
f 1113 1001 776
f 4310 2331 2094
f 2962 999 206
f 1176 1001 87
f 1073 2252 3475
f 1299 4877 2507
f 2699 1162 2620
f 799 1026 1107
f 4629 424 2081
f 1303 2661 2057
f 4906 1780 4917
f 2085 1040 3824
f 3405 3532 3391
f 1707 1104 1633
f 4566 1198 4559
f 791 978 606
f 3608 123 3201
f 3117 413 4733
f 3283 1097 1446
f 606 3925 1122
f 210 4631 1764
f 1097 1378 648
f 1073 1085 3508
f 3027 768 883
f 2994 3303 3284
f 2470 2112 4887
f 4167 896 3980
f 4074 4352 3958
f 799 1107 1201
f 368 4624 4431
f 3824 4961 1187
f 878 1864 4075
f 904 1186 3648
f 3403 4106 3507
f 3579 860 3717
f 4895 2210 4910
f 2521 58 1689
f 1681 1095 1834
f 1056 1264 1127
f 1311 1531 1584
f 1174 4031 1368
f 3670 1157 1136
f 648 2402 2804
f 3247 1127 1264
f 885 4698 4762
f 1021 4640 955
f 1811 3327 3572
f 1223 890 2620
f 3268 3405 3483
f 3934 3469 3329
f 2236 1081 776
f 2657 32 2703
f 2252 2209 1603
f 4273 992 2240
f 138 4777 3815
f 1171 665 2240
f 1521 3185 2033
f 289 1593 267
f 2112 2470 4700
f 4820 4789 2026
f 1175 1096 792
f 1083 992 2826
f 999 2962 1083
f 1110 1162 3220
f 4139 3883 2196
f 1752 1839 2590
f 800 4042 154
f 4684 3270 4647
f 1071 642 800
f 1079 998 574
f 3243 1182 1882
f 4873 230 4658
f 1145 829 3475
f 574 978 791
f 4778 351 2912
f 2591 3196 825
f 1766 3213 3385
f 3348 1461 235
f 4733 1465 1468
f 3563 1046 609
f 1083 2608 1249
f 4807 4587 1309
f 2468 955 4640
f 1175 1189 1096
f 2743 423 458
f 3588 1052 3668
f 4617 1001 1837
f 3728 2866 3489
f 993 3178 24
f 890 1155 1119
f 4617 87 1001
f 3647 1688 842
f 1421 4447 4552
f 2773 3211 1668
f 4837 1525 2268
f 2661 165 1889
f 3667 4232 3429
f 311 648 1378
f 2240 992 1249
f 574 791 1406
f 552 708 3426
f 1576 2164 1951
f 3925 2088 928
f 3400 4458 3395
f 2838 1208 4173
f 1113 776 1081
f 1232 1277 154
f 1596 1852 1126
f 2910 4292 1987
f 3128 901 86
f 2857 1173 3675
f 1176 894 1001
f 1100 54 1132
f 3573 658 3281
f 4402 4534 12
f 4207 2052 2537
f 1547 1359 2085
f 1127 642 3013
f 3467 924 3813
f 3386 2326 3217
f 3802 1220 4410
f 2057 2871 1379
f 1467 691 1268
f 329 1145 1139
f 3922 1190 1879
f 2324 2347 3009
f 4047 168 4347
f 2991 757 2509
f 543 1226 87
f 776 1001 894
f 1145 2412 3265
f 1252 1378 1018
f 4881 3416 1773
f 1529 3213 1766
f 890 1223 3152
f 1429 1313 1330
f 1748 2507 4212
f 206 3655 2962
f 1611 293 47
f 3306 3013 1310
f 1024 1162 1110
f 3266 3421 4909
f 2857 1268 2993
f 2673 2510 38
f 1121 1602 4552
f 1070 4552 1262
f 1089 1202 1330
f 1079 1406 2193
f 767 4500 3979
f 4105 4225 2141
f 1079 574 1406
f 94 1574 1056
f 1284 1168 1543
f 3709 3750 1708
f 982 3627 1606
f 2232 4856 1407
f 3735 116 4427
f 1391 4679 4609
f 1071 800 1277
f 1093 2789 4891
f 975 1206 4339
f 2361 1035 62
f 1026 901 1107
f 3791 3747 1138
f 2046 2314 3089
f 2352 989 2741
f 3770 2238 570
f 1313 1403 2962
f 1159 1056 1377
f 629 1215 1174
f 1215 4031 1174
f 1264 1056 1574
f 357 906 4275
f 4552 4447 1262
f 3502 163 2335
f 1107 1089 1201
f 2734 2790 83
f 1832 1160 2193
f 3779 756 2347
f 3275 2001 67
f 4036 2721 3886
f 1024 1407 969
f 2836 2925 3404
f 1481 1378 1097
f 4579 4565 3984
f 1386 944 4631
f 1024 969 1223
f 4684 4665 379
f 3832 301 1490
f 3602 2869 2638
f 1355 2209 4961
f 3150 3901 3382
f 3132 1070 1531
f 3638 1092 3723
f 3309 4271 4106
f 2374 2341 2837
f 3886 3611 2911
f 1534 1176 1226
f 1624 705 3260
f 1271 439 4132
f 3302 4825 793
f 3018 3152 1259
f 3911 949 3897
f 1238 2496 3021
f 2563 231 749
f 474 505 2905
f 1474 4060 4055
f 3161 1314 4303
f 1734 4414 1086
f 1045 1308 930
f 4085 1655 1117
f 1844 2346 637
f 1071 1310 3013
f 217 196 191
f 3803 2987 2398
f 4223 4067 4190
f 969 1169 1041
f 748 2627 4935
f 280 2655 3669
f 617 2150 1938
f 969 1041 3803
f 1331 1252 1018
f 3558 2313 2226
f 4131 1563 2372
f 2232 1110 2220
f 4747 1686 73
f 1689 58 4529
f 1127 3013 1377
f 3933 4791 1016
f 1401 1888 1339
f 1297 1040 2085
f 769 549 1315
f 1238 1308 1116
f 2123 523 1628
f 3835 3251 3780
f 1193 1159 752
f 3813 4784 3896
f 702 1300 1083
f 4925 4887 2112
f 3780 496 3893
f 1083 2962 702
f 4338 956 3506
f 4821 1189 2411
f 2639 2738 1019
f 897 1201 1330
f 3978 629 1174
f 1223 969 3803
f 3025 1584 4447
f 1189 1160 2411
f 4217 4252 4283
f 1163 1085 4693
f 1360 1394 1856
f 376 4325 4028
f 1115 2487 849
f 849 1193 1041
f 4968 3303 3481
f 3160 2786 4293
f 2087 2906 270
f 559 1200 3998
f 1256 2502 2951
f 4912 2727 1140
f 1193 4238 1041
f 3786 4750 526
f 2279 2364 2926
f 4927 3327 2797
f 1061 1764 1248
f 3803 1041 4238
f 3100 127 986
f 1141 1061 2467
f 3851 613 1622
f 2501 2217 2319
f 426 1698 299
f 4900 1740 1701
f 1219 1019 86
f 1215 629 4367
f 1015 4152 1411
f 4402 12 4453
f 1157 4643 964
f 3025 809 3291
f 1240 752 3306
f 2680 148 4206
f 2179 3719 4834
f 2507 2357 1299
f 1107 3128 1089
f 4863 4735 4796
f 1240 4238 752
f 4059 2360 4036
f 1100 1299 667
f 2616 3829 4319
f 3693 1967 3727
f 3223 3432 3347
f 1376 4696 1722
f 987 3253 3112
f 4984 1181 397
f 3923 3664 896
f 931 3911 3059
f 1471 579 2964
f 1396 2717 1322
f 1310 1071 2346
f 4785 4857 3700
f 4441 711 738
f 4171 4907 695
f 1240 2987 4238
f 4221 3767 3914
f 3816 3877 1645
f 2079 3226 2988
f 1446 1601 3283
f 4912 1140 2381
f 1136 1421 1602
f 4741 1718 330
f 2993 1268 691
f 3074 463 3296
f 1240 1367 4346
f 4353 3579 1498
f 928 1044 3925
f 603 3587 710
f 2468 2203 1684
f 90 3304 1346
f 324 313 4947
f 1826 2269 1013
f 4940 4901 466
f 1987 37 2910
f 2738 1259 540
f 2035 2627 535
f 645 4883 872
f 1996 3289 3873
f 1246 1828 3678
f 255 4935 2020
f 2847 4031 1195
f 1365 3016 1547
f 1414 3683 907
f 3624 949 487
f 3966 99 4149
f 1421 1136 2992
f 2282 2433 2126
f 2487 1115 94
f 2987 847 1928
f 1647 1269 2275
f 2372 746 2657
f 3235 2464 2356
f 907 1232 4278
f 3701 805 2875
f 1201 1089 1330
f 1259 2398 540
f 889 4384 3137
f 3028 1362 1656
f 3312 1479 4821
f 4360 4462 4261
f 1330 3742 1429
f 3085 1314 3297
f 2216 756 3779
f 2123 1214 523
f 1261 1207 1324
f 2349 2334 1035
f 1677 179 536
f 4295 2702 2769
f 4408 3158 345
f 4800 962 4858
f 2132 1139 2172
f 4771 2370 3992
f 4216 1618 1695
f 502 396 877
f 1282 1298 2390
f 1415 944 1386
f 3887 2132 3971
f 4864 4824 2512
f 2608 1083 1300
f 1165 596 4473
f 2107 1279 2499
f 4210 195 990
f 610 1180 328
f 1045 1239 1308
f 4209 788 747
f 301 1846 3621
f 818 4168 1898
f 675 1200 385
f 38 4731 221
f 4184 851 245
f 2450 2034 2063
f 1540 1337 3016
f 1603 1139 1145
f 605 2159 2593
f 1679 2269 1944
f 177 197 501
f 151 1222 2929
f 1239 1412 1185
f 1406 791 1463
f 1272 2412 1771
f 2661 1889 3862
f 2386 4558 4769
f 4317 4327 4306
f 870 585 827
f 1261 1272 1207
f 1245 1388 86
f 4498 4013 4524
f 4643 4199 918
f 1328 1336 3954
f 4710 4203 4743
f 4023 102 3828
f 2072 1459 2827
f 986 4367 3174
f 1467 1268 291
f 3050 3463 3373
f 1045 1412 1239
f 930 1238 3021
f 3131 2831 349
f 3110 3623 39
f 899 737 1975
f 1324 1328 3731
f 2799 1263 714
f 2778 1325 392
f 2757 4109 2961
f 3863 654 3627
f 3056 922 2774
f 4278 3385 3213
f 1189 4821 1096
f 1337 1297 1359
f 1336 1298 2120
f 4851 925 2881
f 1844 1316 4562
f 3228 1336 1328
f 4446 1568 4007
f 4587 4807 4774
f 873 679 148
f 1754 1245 2738
f 2880 2927 4525
f 847 1295 1385
f 1139 1387 3628
f 2254 2367 4204
f 2902 2323 2486
f 1329 1241 1254
f 1202 3742 1330
f 3452 3398 3383
f 4438 4888 3360
f 912 1229 247
f 1529 2045 2572
f 1963 3774 2274
f 2425 1631 3142
f 1238 930 1308
f 1529 1480 1414
f 907 3683 1232
f 2587 4629 2933
f 3372 3195 4084
f 2096 3533 3879
f 1160 1832 2411
f 4582 4637 4601
f 1277 637 2346
f 543 3624 230
f 3628 1212 329
f 21 27 2
f 4710 4039 4203
f 2814 4426 2708
f 928 1306 3346
f 3610 2664 4341
f 1207 1448 1324
f 1037 2230 1108
f 1459 4247 1534
f 2597 2733 181
f 1767 2075 1124
f 4480 983 4451
f 4701 1248 1577
f 2402 648 1064
f 1083 2826 999
f 855 1007 1874
f 3948 2687 722
f 1126 1191 3537
f 1385 1295 1320
f 1202 1089 1493
f 1050 2236 1395
f 1981 1399 2031
f 1047 926 600
f 3862 4713 2871
f 1303 665 165
f 2715 2642 922
f 1480 1431 1414
f 2891 1519 1794
f 265 3311 2136
f 1446 442 798
f 3986 3423 3940
f 4575 1370 1824
f 4294 1466 480
f 1396 4031 1215
f 2238 1511 691
f 1038 403 1025
f 4877 72 4212
f 1195 595 2001
f 4635 4840 4678
f 4040 2014 1545
f 1276 2467 3679
f 2408 1109 909
f 2563 659 2497
f 1414 1431 3683
f 2824 1754 1320
f 453 286 2950
f 77 3774 3698
f 3276 1526 1627
f 2465 2236 1566
f 1877 2634 2628
f 562 588 4956
f 3618 2758 2727
f 4707 2592 885
f 1388 1444 1028
f 4106 1373 3507
f 2803 3086 2485
f 4972 4288 1361
f 1298 1336 4171
f 480 1466 1889
f 1481 1126 1852
f 3498 1300 702
f 3228 1194 1336
f 1448 1207 2160
f 54 1100 1499
f 3374 3360 3457
f 1018 1852 1331
f 2332 1312 994
f 604 1946 971
f 1433 847 3301
f 1194 4907 4171
f 1832 2193 1124
f 1519 2193 95
f 1455 2203 3406
f 2011 1463 4412
f 1684 1455 291
f 853 435 3237
f 1324 1448 3228
f 1215 4367 2596
f 691 1467 961
f 4220 241 1588
f 2635 2825 2530
f 1061 1248 4701
f 3742 1528 1429
f 3096 3358 3272
f 1403 1313 1429
f 1388 1028 1493
f 1320 1295 3730
f 1295 847 1433
f 185 2908 1051
f 859 493 2393
f 4700 4913 4619
f 1183 1581 2651
f 798 442 444
f 1904 2162 2456
f 2099 487 931
f 3746 2759 2394
f 3809 3940 3630
f 1754 2824 1293
f 2891 1767 1124
f 2193 1406 95
f 1202 1028 1475
f 1387 1450 1462
f 46 313 344
f 3989 1274 4180
f 2141 446 4223
f 3450 2321 3406
f 1636 695 4907
f 4197 2719 674
f 3161 193 3325
f 1149 4199 836
f 4377 1500 374
f 1132 967 1100
f 78 810 445
f 3199 2746 3770
f 3327 3887 3971
f 4079 4136 4052
f 1194 4171 1336
f 1444 1388 1293
f 4809 4789 4820
f 3059 1714 2099
f 4757 4670 242
f 1533 832 4329
f 2493 478 172
f 2629 1246 1939
f 3735 1513 116
f 1386 67 2001
f 1852 1596 426
f 2132 2855 1387
f 4679 4492 594
f 433 1142 2384
f 1371 1527 1275
f 1202 1475 1335
f 1024 1223 2620
f 448 1397 3027
f 1295 1433 3730
f 1287 2295 279
f 3193 1086 4414
f 434 60 3696
f 377 103 4636
f 1153 541 3768
f 700 504 2315
f 4447 1507 2901
f 617 1998 1185
f 1463 984 95
f 2234 4242 2359
f 1122 4412 1463
f 1822 1815 3289
f 922 181 2774
f 2103 103 4472
f 3369 3353 2674
f 3498 1403 1528
f 1286 1514 980
f 2015 1214 1941
f 3128 1107 901
f 3592 1192 4469
f 1496 1384 1448
f 4100 4345 4283
f 3291 1311 1584
f 1514 3286 264
f 3580 1280 3546
f 2312 3312 2075
f 1194 3228 1682
f 3835 3780 3752
f 1433 1316 3845
f 433 3800 228
f 2824 1320 3192
f 3887 1811 2855
f 1826 1013 1696
f 3909 3871 3604
f 1415 1577 1248
f 2897 1785 2578
f 1961 3787 4490
f 1511 2238 2746
f 3468 1571 2604
f 4910 4938 4842
f 4674 962 1549
f 4914 807 1250
f 418 305 3711
f 1878 4025 4221
f 3076 2720 1962
f 3096 491 3358
f 1968 2556 2492
f 3214 3217 4012
f 970 1451 1066
f 1865 3873 2253
f 1474 740 4060
f 2788 161 4737
f 1540 3679 1954
f 1275 1134 1518
f 740 1474 4945
f 218 3753 1644
f 4436 1475 1444
f 4437 1301 408
f 3770 2746 2238
f 2275 2119 1307
f 1094 4446 835
f 1643 1466 4294
f 845 1972 1114
f 2378 3739 246
f 3742 1202 1335
f 1297 1337 2797
f 4952 2051 2306
f 1448 1384 3228
f 1384 3047 1682
f 386 1447 411
f 1599 1587 4460
f 3244 1419 639
f 1460 58 1807
f 145 4348 1509
f 1517 2694 2514
f 4958 1780 1804
f 3730 1275 1527
f 1028 1444 1475
f 177 1482 197
f 2011 984 1463
f 454 2119 1909
f 3435 1742 2218
f 4331 2614 4703
f 1032 3414 4270
f 3071 1953 3721
f 4673 2375 3553
f 4272 1478 3093
f 2342 1735 2538
f 1632 475 1431
f 3244 1034 2653
f 3527 2161 2263
f 1395 4247 1589
f 4104 1398 4972
f 2998 3518 805
f 3753 2415 1892
f 2681 2904 1417
f 1382 3826 1000
f 1335 812 1560
f 4608 2242 4161
f 4051 1452 2477
f 1195 3275 2847
f 3128 1493 1089
f 3077 1499 2748
f 1884 1402 2181
f 454 1425 2119
f 1587 1134 2570
f 1126 3283 1191
f 4696 1794 1722
f 4713 3862 3
f 3460 4935 1063
f 3537 1362 1126
f 3057 3280 1908
f 84 3372 558
f 1415 946 1577
f 1524 1612 415
f 2833 4845 937
f 1322 2717 595
f 1508 1444 2824
f 2309 3652 2391
f 3817 1212 1462
f 1520 1682 3047
f 2045 1479 2572
f 4907 1086 1636
f 4953 4930 4952
f 1052 2786 3668
f 1597 2377 4658
f 4080 1498 4077
f 173 357 375
f 1450 2855 4177
f 4019 3748 1225
f 4347 3233 4035
f 310 1150 4839
f 1496 1094 292
f 1462 1450 1568
f 3817 1462 1568
f 3683 1431 1571
f 1275 1433 3845
f 2598 1167 4393
f 231 1420 902
f 2763 1467 1455
f 2221 2442 1002
f 1337 1540 1558
f 1527 882 3192
f 1135 1698 1504
f 1466 1643 1521
f 3564 3544 655
f 4965 4978 4979
f 1552 1665 4060
f 2485 2166 2803
f 3810 63 4315
f 1546 2748 1499
f 1475 1434 812
f 3376 1536 3751
f 864 1679 1458
f 1632 1431 100
f 3047 1384 1725
f 4625 933 4540
f 337 3543 3172
f 1767 2312 2075
f 3138 1152 603
f 1134 1253 1518
f 4919 2596 1350
f 2340 1640 105
f 4192 4261 4274
f 3306 1310 1367
f 1111 1556 1508
f 4271 3309 3139
f 3925 606 940
f 3223 3394 976
f 4892 946 17
f 1491 3498 1565
f 2906 3607 4
f 4247 1459 2125
f 4110 2646 4815
f 2977 3153 3296
f 878 4075 4090
f 3707 3579 2448
f 961 1467 421
f 1532 4447 2901
f 3823 3584 107
f 3938 477 994
f 4102 4683 4111
f 584 1635 875
f 986 127 4367
f 1000 3830 4177
f 4413 3054 1280
f 4563 4881 2195
f 4198 3294 4219
f 1193 849 2487
f 2892 2934 2917
f 1371 1275 1518
f 1736 2320 1307
f 1521 2548 1466
f 1630 2805 1566
f 399 1106 292
f 1503 1664 1042
f 2842 1717 4155
f 4085 653 4892
f 117 1597 1512
f 2725 583 1667
f 2505 2303 2343
f 4746 3010 2963
f 3634 2644 2506
f 4461 4324 3651
f 885 260 4744
f 2636 2514 519
f 3099 1076 3169
f 3389 276 553
f 3098 3273 3292
f 1409 4971 882
f 2748 1546 3199
f 1560 1344 1565
f 4343 2750 940
f 1335 1475 812
f 451 1428 150
f 1652 2187 3190
f 236 3098 3053
f 1129 4029 1564
f 2751 127 1539
f 3209 1539 3100
f 1472 290 1556
f 4864 2512 4987
f 1706 3616 1767
f 984 1722 1794
f 3896 3886 2721
f 1632 4202 475
f 3285 1470 2345
f 1591 1489 1630
f 4502 2916 413
f 1355 2172 2209
f 1528 3742 1565
f 4436 1434 1475
f 4634 3321 3066
f 2377 1042 4873
f 2377 1597 1503
f 3876 3992 896
f 1211 3916 3681
f 4885 33 1424
f 4916 1512 2099
f 1191 3283 440
f 2636 1629 809
f 2623 1744 1062
f 1596 1126 1362
f 1111 1508 4971
f 601 1582 2400
f 2305 4783 975
f 3658 3791 2259
f 1088 2737 591
f 1902 831 2200
f 2243 2011 4412
f 1465 1598 900
f 1909 2548 1870
f 3619 2679 2265
f 4877 967 72
f 959 2140 370
f 1630 1566 2405
f 1666 1733 1060
f 882 1527 3167
f 1135 3392 1183
f 2142 3656 4148
f 882 4971 3192
f 2125 1143 2691
f 3932 3551 557
f 594 4013 1700
f 4506 2219 597
f 387 1643 4294
f 427 3136 469
f 752 1159 1377
f 1528 1565 3498
f 1560 1565 3742
f 1523 1118 3186
f 3663 3573 4627
f 1552 740 1652
f 3285 848 794
f 257 4515 3885
f 4038 4137 3956
f 1502 1409 1522
f 1897 1495 344
f 3025 2636 809
f 1434 4436 1556
f 1539 3209 809
f 3517 1632 4409
f 3346 1306 756
f 4874 2560 564
f 3857 4791 3933
f 2422 1731 4272
f 4883 397 4915
f 3951 4892 653
f 3198 717 1392
f 4568 4475 2409
f 2736 2660 2080
f 3588 2301 2765
f 3856 1645 3877
f 1489 4401 1630
f 1612 1524 1492
f 732 3189 2888
f 2656 216 3253
f 3853 123 4577
f 3216 1486 4016
f 60 319 2500
f 3077 1609 1499
f 3211 1039 423
f 4658 1512 1597
f 2855 2132 3887
f 3399 3305 4292
f 71 2883 1641
f 4634 1012 1719
f 3865 389 4357
f 4466 3651 2318
f 4903 4752 4860
f 1638 4916 1578
f 4338 2436 956
f 2491 1164 2690
f 3793 4688 3942
f 4556 1729 673
f 4210 990 4861
f 432 2681 1417
f 4977 2508 1841
f 1438 1716 3537
f 2430 2202 2450
f 2428 1416 1673
f 4401 2428 392
f 3645 1722 2243
f 1879 4543 1477
f 1599 1585 1587
f 1623 1630 4401
f 2846 2197 2249
f 1524 1627 1432
f 4386 4369 4418
f 3549 2170 1613
f 1954 3679 1567
f 1739 1988 1185
f 1522 1518 1654
f 1371 1518 1522
f 1285 1503 117
f 1620 4971 1409
f 4133 1719 3489
f 814 820 761
f 1220 2612 4068
f 3222 4296 2260
f 3581 3367 3350
f 4918 548 4828
f 3797 1562 3812
f 3865 1535 3944
f 1362 3028 1590
f 93 1338 137
f 1738 1554 4676
f 1600 1253 1585
f 1665 3276 4766
f 740 2187 1652
f 2906 2087 144
f 1434 1556 290
f 1136 1157 964
f 1253 1654 1518
f 3025 1517 2636
f 851 2766 2407
f 1516 2312 1354
f 3699 2900 4919
f 4460 1571 1599
f 4201 1469 2539
f 1341 570 421
f 4976 4898 1555
f 1031 423 1039
f 1374 2763 2321
f 3892 1221 3918
f 1725 3216 3047
f 1565 1236 1491
f 2971 3437 1304
f 4605 4616 109
f 3839 107 378
f 2051 4930 4895
f 1565 1344 1236
f 3778 3708 3197
f 4231 4328 2438
f 1587 1585 1253
f 868 2938 3663
f 1390 4251 1472
f 4388 798 444
f 3446 3443 3114
f 2183 4244 3734
f 1654 1600 4592
f 1472 1111 1541
f 1541 1111 48
f 3616 1354 2312
f 117 1512 1285
f 4408 472 3158
f 4916 1638 1945
f 3830 1000 4007
f 3523 31 4669
f 1341 1340 1615
f 1558 4603 4927
f 2527 1658 2615
f 2971 3341 3639
f 1420 2154 3575
f 570 1615 3770
f 3398 3561 3328
f 1688 3772 3796
f 1760 3039 4371
f 3965 1600 1585
f 4766 3276 1627
f 3071 4890 1953
f 1540 4556 673
f 1013 864 3572
f 4177 1811 864
f 3965 1585 3716
f 1352 1797 4449
f 4158 2667 4070
f 3089 1410 3022
f 1364 3916 1211
f 1554 1738 40
f 2548 1521 1870
f 3466 4847 3330
f 100 4409 1632
f 1677 1665 1552
f 4268 3143 1759
f 1600 1654 1253
f 4963 1495 4946
f 4758 1344 4251
f 1345 1348 3776
f 1517 1532 564
f 2450 2861 2034
f 1557 4669 1993
f 4271 1648 3042
f 4202 3716 475
f 4951 745 893
f 4499 4545 4585
f 2763 1374 421
f 1725 2410 3216
f 4131 2657 1871
f 2615 1583 465
f 1502 1654 4592
f 643 1515 1048
f 627 1357 4022
f 1600 1289 4592
f 1556 1111 1472
f 4916 2099 1714
f 180 1579 2751
f 1825 557 3994
f 1104 1354 3616
f 4810 31 4797
f 1806 1112 1812
f 3772 1688 3647
f 1376 1608 4696
f 4937 1610 4989
f 3464 2575 3462
f 3135 580 3011
f 3965 1289 1600
f 1497 783 4385
f 737 1885 4689
f 4336 4668 1697
f 4824 4864 4865
f 4113 1859 628
f 4740 2149 2310
f 2884 522 2714
f 4559 2716 4549
f 1666 2867 3092
f 4388 1438 440
f 1796 2051 4895
f 4754 1372 4739
f 1632 3517 4202
f 1244 4350 1641
f 4837 2268 1940
f 3193 1412 1045
f 4195 4936 4217
f 4747 73 4048
f 3629 3640 1863
f 1598 1465 2916
f 1552 1652 1680
f 4639 183 1101
f 1413 1456 3276
f 1502 952 579
f 1550 3517 2558
f 1408 2440 249
f 2694 1517 564
f 3465 3659 445
f 1390 1472 1541
f 4041 1706 2891
f 3936 1449 2634
f 961 421 570
f 4401 1551 2777
f 997 3186 766
f 2564 2481 2848
f 4853 3357 4622
f 3642 1291 1119
f 1589 1604 2405
f 2232 1407 1024
f 4456 269 4434
f 3712 516 973
f 4978 4894 869
f 1508 1556 4436
f 3868 1364 3846
f 1124 2075 1832
f 4496 2890 3542
f 1144 1404 4388
f 4177 1458 1000
f 1430 1285 1945
f 3533 1423 825
f 1133 4311 4215
f 1341 1105 1340
f 2296 1425 454
f 3955 1577 473
f 4543 3645 1477
f 2389 865 1027
f 2948 3073 2922
f 4412 415 1612
f 1707 2558 4387
f 1119 2699 890
f 1967 3513 1910
f 1261 1324 3731
f 4640 1988 2468
f 4885 1424 3219
f 3782 1251 3329
f 3572 864 1811
f 1670 835 4449
f 3482 2744 3149
f 2817 1383 2191
f 1471 1620 1409
f 4629 3587 2933
f 2244 2265 2679
f 1959 1930 40
f 3216 2410 1486
f 1491 1236 1059
f 1281 1686 1101
f 894 1534 1395
f 1526 1537 1432
f 1665 1677 1413
f 1552 1680 1677
f 1916 1537 1526
f 971 3438 547
f 290 1472 4251
f 4603 3116 4927
f 1106 1670 2503
f 4159 3512 3540
f 1670 1106 399
f 1608 2891 1794
f 1810 1438 4388
f 2850 3033 2946
f 3965 3716 1060
f 4543 1701 3645
f 4463 1650 4478
f 276 3389 760
f 3620 3850 2753
f 1776 3672 3106
f 1013 3572 838
f 2012 2524 1068
f 508 4894 4978
f 4751 4202 1550
f 3642 915 1291
f 1236 1344 1103
f 2758 2923 1829
f 3849 2413 2150
f 3808 1873 1190
f 1503 3548 2884
f 4598 3270 4579
f 3561 1138 3528
f 1539 1594 180
f 2401 2336 1705
f 1390 1541 1133
f 1690 1687 2273
f 1262 1531 1070
f 2793 3646 1659
f 1354 1104 4387
f 3487 1802 824
f 1525 1638 2268
f 1117 3155 653
f 4241 2537 4309
f 2013 2969 208
f 4213 4523 469
f 4813 1678 1332
f 1283 1489 1591
f 4679 1548 4657
f 2166 204 2803
f 500 3524 3070
f 1445 1729 3684
f 2884 2714 1664
f 2820 3296 3829
f 1503 1285 1294
f 4292 3518 3399
f 1670 4449 2503
f 3459 1621 4193
f 1676 1023 3406
f 736 4480 4344
f 2761 2598 2878
f 3800 4923 610
f 1410 1563 2692
f 1680 1652 183
f 2965 3821 4094
f 1609 1118 1144
f 1594 1629 4454
f 4454 1629 519
f 114 2038 3880
f 1673 1712 2560
f 2129 1208 2838
f 1289 1642 1808
f 4178 4260 4228
f 2503 1835 2410
f 1158 1731 2422
f 2007 1595 2055
f 2441 2258 2794
f 1171 1889 165
f 4158 4070 4624
f 200 4657 4729
f 2410 1835 3032
f 1374 1105 1341
f 3645 1701 1722
f 1283 1840 1489
f 372 4723 1604
f 1447 1329 411
f 2831 3595 3205
f 4141 3636 85
f 2202 2343 2153
f 3764 3993 738
f 2484 4414 369
f 1616 4095 3748
f 3952 383 1468
f 2718 4319 70
f 1855 2110 1712
f 2038 2749 1443
f 1364 3611 3916
f 3576 3124 2271
f 496 1221 3892
f 4603 673 1729
f 1339 1653 1706
f 3007 3531 4187
f 832 1533 4370
f 1376 1740 1608
f 3186 997 1523
f 4150 321 1225
f 1492 1477 3645
f 4286 2537 2052
f 1537 1477 1492
f 4922 1093 3068
f 3562 1004 4046
f 278 1841 2508
f 3996 3675 291
f 1927 4285 2697
f 4956 1775 3330
f 1294 1285 1095
f 2105 1624 3260
f 1013 2269 1679
f 4986 409 2512
f 3961 4069 4936
f 1847 211 2964
f 1711 4837 1940
f 3946 3450 1752
f 1927 2660 2736
f 2639 1259 2738
f 1236 1103 1781
f 4735 4756 4846
f 1554 4048 73
f 3552 2657 2703
f 1352 3826 1744
f 1926 3577 1594
f 3535 2781 3036
f 4251 1390 1782
f 1416 1848 1712
f 2033 1168 63
f 1731 1284 1543
f 4264 1847 3895
f 1669 1105 1374
f 4114 4146 4175
f 1376 1722 1701
f 1842 4264 3895
f 1376 1701 1740
f 1489 1551 4401
f 3096 3088 491
f 1741 3636 1485
f 1639 3636 2552
f 2631 2640 3558
f 4721 3899 561
f 741 4084 105
f 4266 2582 2455
f 3087 169 3003
f 3839 3837 3378
f 1403 1429 1528
f 1401 1339 1644
f 1125 4014 4252
f 1590 426 1596
f 2239 295 1762
f 4623 1542 4646
f 1730 1340 1105
f 1294 1095 1423
f 4885 449 2188
f 1525 1834 1638
f 221 2673 38
f 1919 34 4763
f 4218 1646 715
f 1774 535 1375
f 866 2918 2630
f 1615 997 766
f 1683 997 1340
f 3875 3772 3647
f 4543 1873 1701
f 2519 846 2438
f 2996 4332 4164
f 4012 3738 3214
f 3159 1484 4890
f 3931 3003 3583
f 4209 1658 3526
f 1438 1810 2403
f 4499 933 4607
f 2818 3259 2843
f 1679 1944 1062
f 976 2585 3773
f 2965 4094 4070
f 2410 3032 3597
f 1059 1781 1128
f 1059 1236 1781
f 224 1781 1436
f 3965 1060 1733
f 2782 3305 3399
f 1931 1477 1537
f 1744 3826 1382
f 1680 1858 1677
f 1105 1509 1730
f 1456 1413 536
f 763 199 871
f 4098 4144 4066
f 1352 1744 1797
f 2514 2583 519
f 1782 1390 4215
f 2694 2110 3859
f 4159 3947 3512
f 2481 2564 1053
f 3494 1572 3461
f 1404 1144 3129
f 46 344 1495
f 1508 3192 4971
f 3626 3322 2972
f 838 1696 1013
f 4079 4108 4136
f 4320 4905 750
f 1840 1551 1489
f 1642 1842 1808
f 3337 203 2458
f 1523 1925 1118
f 1244 1641 2728
f 3849 4414 2484
f 4573 1542 9
f 1994 1745 1326
f 3129 1118 1925
f 1436 1103 4280
f 3210 220 4515
f 425 1400 610
f 4388 1404 1810
f 4518 3554 2960
f 1133 1545 4311
f 1888 1633 1104
f 1849 1848 1416
f 1653 1339 1888
f 1655 4169 1117
f 4732 4767 1428
f 1683 1751 997
f 3456 1906 1544
f 1473 1551 1840
f 1793 1925 1523
f 2015 1899 1288
f 2580 1685 3721
f 4723 1745 1283
f 1382 1062 1744
f 1858 4639 4383
f 1537 1916 1931
f 4857 911 4788
f 3533 3548 1423
f 1487 649 3862
f 1665 4766 2849
f 3915 419 4465
f 1835 2503 1347
f 4568 2547 4980
f 1729 4964 947
f 1872 1834 1525
f 3184 4957 2999
f 3028 40 1738
f 1284 597 2219
f 4254 715 3478
f 1577 3955 340
f 2529 4825 2601
f 1669 2784 145
f 1554 1930 4048
f 2807 2484 369
f 1281 73 1686
f 1733 1642 1289
f 1780 4822 1804
f 1669 1509 1105
f 1575 1900 2623
f 4639 1858 183
f 2413 3849 770
f 3899 536 179
f 3552 1871 2657
f 4280 1782 1914
f 508 4976 4894
f 1591 1630 2405
f 2208 1797 286
f 3943 2554 3482
f 533 824 3795
f 4553 3415 3586
f 1810 1404 1068
f 2012 1068 1800
f 2327 1855 1848
f 1687 4029 1129
f 4851 1939 925
f 1701 1873 4900
f 4557 82 4742
f 3842 2524 1923
f 3729 1535 4357
f 770 2484 4575
f 135 3122 1304
f 692 1881 1553
f 4811 3580 638
f 4835 367 2958
f 4233 4170 4196
f 2018 50 4396
f 54 1499 442
f 2400 1582 4385
f 4760 1900 2009
f 1926 1713 3577
f 1857 1564 1703
f 1579 4122 3699
f 4599 4487 4478
f 1294 1423 3548
f 1756 4105 4322
f 1575 1062 1944
f 1879 1873 4543
f 2371 3386 3217
f 1916 1456 4531
f 4122 1579 1713
f 1800 1404 3129
f 2921 3141 4032
f 4954 869 4894
f 4737 2649 2781
f 4832 2999 345
f 4437 2460 3534
f 2540 4694 4362
f 3842 2403 2524
f 1384 1682 3228
f 4747 4048 2152
f 1358 3810 2219
f 1847 2137 211
f 1524 1823 1627
f 2341 2374 1258
f 4639 1686 1799
f 324 4938 313
f 1477 1931 1879
f 1224 534 1667
f 2721 4036 4510
f 3943 1963 2274
f 1748 4212 2655
f 3550 435 1349
f 3295 210 3601
f 1356 4680 4772
f 3185 1543 1168
f 4283 4252 4014
f 2846 4265 3833
f 1339 4041 218
f 1340 1730 1683
f 1524 415 1823
f 4315 2219 3810
f 211 1545 764
f 1175 140 1189
f 2137 1847 4264
f 656 863 1748
f 1972 634 2894
f 3808 1190 1932
f 3721 1685 3411
f 4280 1914 4484
f 1427 2275 2320
f 1926 1996 1713
f 1014 3607 2906
f 832 4289 1469
f 1707 1633 2523
f 4242 2304 2359
f 2558 2523 1550
f 4492 4511 2518
f 4928 1944 1978
f 3063 237 1445
f 4169 1655 3962
f 3456 1117 4169
f 1849 1551 1473
f 1751 1694 1793
f 4943 1840 1745
f 3616 1706 1653
f 1925 1793 2828
f 1492 1432 1537
f 2851 1735 2610
f 1780 4906 4822
f 1639 3250 1485
f 1961 4490 1799
f 2930 2341 1258
f 4579 3984 4614
f 849 1041 1169
f 1986 1978 1826
f 1882 1182 2270
f 3876 896 3664
f 4907 1194 1520
f 4938 4803 4842
f 564 1532 2901
f 1985 2975 3032
f 3111 4264 362
f 4185 1842 1642
f 3829 2616 2820
f 1686 4747 1799
f 845 4827 1972
f 4454 1530 517
f 1890 1530 2583
f 297 4693 2699
f 1713 1929 4122
f 4656 2055 4299
f 2008 2032 2029
f 3248 3810 1358
f 1888 1747 1633
f 1150 2129 2724
f 3004 1974 2523
f 2192 4145 2350
f 1812 1798 1730
f 1605 4262 4169
f 3420 3689 3437
f 1849 1473 2179
f 4226 1668 3211
f 257 1685 3210
f 2125 2072 1042
f 1899 1544 1906
f 1710 1781 224
f 2023 754 1694
f 1842 4185 362
f 1762 295 3181
f 240 1570 3959
f 3457 2458 203
f 1613 2867 1151
f 1782 1867 1914
f 4492 1391 4511
f 4722 813 4674
f 2523 1633 3004
f 4529 4138 1689
f 2235 1228 2650
f 4004 72 967
f 1940 2268 1736
f 1798 1683 1730
f 3240 4475 3654
f 1683 1694 1751
f 1765 4704 4574
f 521 1626 4181
f 1497 4385 2766
f 3831 1625 1876
f 3162 1923 2012
f 3955 2472 3250
f 828 1804 4934
f 1994 1326 2663
f 1916 1662 1931
f 1957 1662 1817
f 235 542 3348
f 316 1209 1005
f 2623 1900 1744
f 4053 726 414
f 3076 4022 3771
f 4634 3066 1012
f 1979 4335 4194
f 1879 1931 3922
f 3243 4817 1182
f 2534 2582 4266
f 1538 825 1423
f 2403 3842 3722
f 3029 3035 190
f 1352 835 4007
f 4886 1880 4680
f 49 1788 4330
f 4721 1817 4531
f 1594 4454 1926
f 1687 1129 1896
f 3781 3512 3896
f 3699 226 2900
f 3754 3759 3687
f 3824 1187 1883
f 2885 2888 1087
f 2835 4440 2568
f 1401 1622 2822
f 1812 1730 1509
f 4274 4378 4519
f 4668 4336 1332
f 1683 1798 1694
f 1681 1834 4695
f 3200 2840 3254
f 1872 3143 4268
f 2725 1667 534
f 3699 4919 1579
f 2134 4671 3357
f 1473 1840 1789
f 1801 1899 2015
f 4553 3338 3622
f 3040 3744 692
f 530 2332 477
f 1436 2833 224
f 4707 1309 4587
f 2833 1436 4484
f 3764 160 3941
f 1948 3614 1752
f 4746 2963 686
f 2620 890 2699
f 576 1825 3994
f 1890 1305 517
f 2514 3859 2583
f 1305 1996 1926
f 3195 3372 84
f 1848 1849 2179
f 3392 1581 1183
f 1959 3722 356
f 3561 3398 1138
f 4471 1979 4020
f 2423 1292 1768
f 3368 3240 3654
f 1641 2541 2728
f 3549 2229 174
f 3035 1930 356
f 1798 2023 1694
f 498 1742 3502
f 4332 1793 754
f 4135 4308 4354
f 4585 933 4499
f 3305 2333 2677
f 2012 1923 2524
f 1575 1960 1900
f 1662 3922 1931
f 4054 406 728
f 2416 1920 1292
f 4793 4752 4795
f 1096 2045 1766
f 4675 1985 1835
f 142 1135 1004
f 3075 2907 2979
f 3266 4240 3421
f 4563 1671 1868
f 3614 3229 3207
f 1230 1861 2886
f 1916 1817 1662
f 2821 3140 2764
f 4311 608 4215
f 2897 1995 1974
f 3454 4353 3400
f 4273 1697 974
f 1713 1996 1964
f 1800 2083 2012
f 1964 2682 1929
f 1473 4399 152
f 4506 597 2010
f 2219 4506 2969
f 1894 1158 4235
f 1473 1789 4399
f 217 191 4626
f 1768 1726 2423
f 1624 4468 705
f 1149 1113 1081
f 1440 3111 362
f 3129 2828 1800
f 1544 3951 3155
f 3879 334 2096
f 1848 4834 2327
f 1305 1890 3156
f 3601 1764 853
f 1964 1929 1713
f 2110 1703 373
f 4818 4796 4829
f 2849 4766 2216
f 1511 2357 2993
f 1605 3962 3784
f 4949 2035 2242
f 3347 2705 3223
f 2378 735 3739
f 3665 1351 3641
f 273 1005 600
f 2091 3434 3842
f 1879 1190 1873
f 3035 3029 4048
f 3922 1662 560
f 1544 3155 3456
f 2648 2660 2146
f 1158 2422 1128
f 4747 1755 1799
f 1917 1986 4806
f 4490 4383 4639
f 3927 4270 2397
f 3533 2096 522
f 2871 2057 2661
f 710 3587 4629
f 1820 1230 441
f 3899 1858 4383
f 2293 4323 2022
f 2127 3092 2170
f 4760 1915 1900
f 373 1703 1564
f 1964 1996 3873
f 4183 4129 4725
f 1553 2637 692
f 1844 4562 2346
f 1347 286 4675
f 1141 2467 1276
f 3908 4019 1225
f 2517 395 4242
f 2975 1980 2767
f 3835 2259 3798
f 2113 1741 1743
f 2841 3043 4303
f 3111 1969 4264
f 3808 1932 3831
f 3198 1580 717
f 4791 2866 4081
f 2645 757 3688
f 3141 4355 3236
f 2039 1867 608
f 1964 1865 2682
f 1644 2031 1399
f 3842 1923 2091
f 4691 1942 4547
f 71 126 1955
f 2832 391 1605
f 4684 4647 2337
f 646 4214 3612
f 3619 2043 2679
f 4957 3208 1646
f 3753 1876 2574
f 1789 1840 4943
f 1575 4928 1971
f 2351 4206 2795
f 661 1908 3280
f 1805 1887 2663
f 158 2876 1470
f 1732 1973 1978
f 3736 936 2554
f 1978 1973 4928
f 3908 3685 4015
f 3196 2591 4595
f 955 1684 3675
f 3766 4132 1786
f 2951 2957 1256
f 2818 2984 2895
f 1909 2119 3
f 4695 2073 1538
f 1695 2235 4216
f 3 3862 649
f 4943 1745 1994
f 1960 2009 1900
f 3539 118 3515
f 2823 4621 3668
f 402 1586 728
f 1426 3720 4180
f 4975 1770 1181
f 4788 4705 4857
f 1836 1855 2327
f 3416 2231 1758
f 1894 2010 597
f 2812 4440 2630
f 4541 4720 4897
f 1980 2975 1985
f 1387 1462 3628
f 1048 1515 674
f 2039 608 4311
f 754 1924 2029
f 2122 1789 1082
f 4786 2370 153
f 1506 1082 2663
f 3654 4980 4301
f 2118 1422 2214
f 2005 2025 331
f 1917 1827 2027
f 4845 1671 937
f 1344 4758 3872
f 3584 3690 1327
f 4968 3970 3425
f 3844 1845 628
f 951 981 1116
f 1986 1732 1978
f 1943 2957 726
f 2395 3441 1884
f 4516 2354 4779
f 3169 3045 3099
f 2710 1389 2662
f 3188 4400 3134
f 2494 408 1301
f 1827 2135 2027
f 4047 3874 936
f 1843 1965 2023
f 3922 2114 1190
f 2021 1805 1203
f 1887 1805 2021
f 2954 4743 546
f 1986 1917 1732
f 1934 2102 1732
f 3575 902 1420
f 3904 772 3664
f 3080 2991 3595
f 66 3110 382
f 187 925 1246
f 4305 1831 4201
f 2613 3833 2741
f 22 4142 1213
f 1824 1007 3229
f 4381 4324 4461
f 3371 3361 143
f 4563 937 1671
f 2005 1839 4285
f 3355 1809 3528
f 1995 2897 1559
f 1996 1305 1822
f 1703 1836 1857
f 331 2077 4348
f 2052 4304 4779
f 4100 4237 4360
f 3162 2012 2083
f 453 895 4675
f 231 2497 1420
f 1793 1694 754
f 4266 2455 571
f 2466 2195 2289
f 374 953 693
f 1430 1945 1638
f 4185 3072 362
f 1182 1711 2270
f 1874 1824 2071
f 4150 3638 321
f 1613 1995 3549
f 1647 1714 3059
f 768 1397 287
f 1937 1342 2898
f 2155 2005 4285
f 2029 4164 4332
f 2014 3785 2039
f 1822 1305 3156
f 1366 4009 106
f 4448 2518 4459
f 2160 1094 1496
f 1836 1703 1855
f 3330 887 562
f 1806 1435 2017
f 2659 4118 2792
f 4522 4482 3024
f 3559 3879 3196
f 3127 887 188
f 1727 2031 2574
f 650 2166 3029
f 2106 1440 3072
f 3335 3072 2272
f 1961 1755 3787
f 1692 4193 1621
f 1805 2663 1326
f 2246 2886 1861
f 2009 1960 2082
f 3549 1995 1559
f 2068 409 205
f 2387 1720 2317
f 1882 3510 3810
f 2815 182 112
f 1817 1753 1957
f 2251 1969 3111
f 1917 1934 1732
f 4721 1753 1817
f 584 394 2874
f 1917 2027 773
f 4217 4018 4252
f 3653 2169 3409
f 4184 245 4602
f 3273 1693 3968
f 1132 4004 967
f 1843 2023 1798
f 2023 1965 1924
f 4694 2772 3094
f 4873 2827 230
f 4760 1792 2950
f 2005 2155 2025
f 3940 3809 3986
f 3850 3496 1891
f 4774 4765 4749
f 333 938 377
f 2673 4725 3173
f 2143 3785 1717
f 1529 2572 1480
f 529 1588 2355
f 2813 2617 1334
f 2004 2002 208
f 1399 1981 3851
f 1593 3348 3058
f 1798 1812 1843
f 4568 3654 4475
f 2170 1787 2272
f 1789 2122 2147
f 2874 2676 834
f 1721 1969 2338
f 4404 4490 3787
f 3143 1525 4837
f 1721 4155 4467
f 4842 4794 4895
f 1454 2467 1061
f 2192 4520 4145
f 3034 3439 343
f 1867 2039 1868
f 4166 4207 4241
f 4225 4570 2141
f 2235 1695 391
f 3719 1976 959
f 2091 3246 3434
f 405 1820 544
f 2014 4467 3785
f 1941 3514 3375
f 2152 1922 1755
f 4020 334 4349
f 1251 842 3315
f 300 1265 1222
f 1488 1625 1875
f 1490 1188 3890
f 1922 3086 1755
f 2909 3010 3158
f 1907 1506 2663
f 1746 560 1576
f 1957 1576 560
f 4282 4308 4099
f 3578 3623 234
f 3817 1247 1212
f 1058 343 2561
f 241 191 196
f 3307 3052 4465
f 1971 4928 1816
f 1816 2037 1971
f 2697 1007 855
f 2078 2064 2073
f 2588 2010 2030
f 397 2068 4985
f 2622 1988 4640
f 1179 1792 4760
f 2485 1922 2166
f 3966 4021 99
f 3156 1564 4029
f 2077 1950 4058
f 566 2003 4350
f 3039 520 1353
f 1792 2263 895
f 2376 3769 3566
f 3233 2144 482
f 3737 2200 831
f 2076 2016 3434
f 1806 2260 1112
f 2104 2049 3719
f 1008 1234 1353
f 904 3648 712
f 2447 2310 1227
f 2023 1924 754
f 2252 3508 2209
f 1709 3243 3248
f 2025 1950 2077
f 3368 2185 3240
f 2140 1862 370
f 1865 1762 3181
f 2902 2478 4656
f 1836 1862 1857
f 2010 2588 3805
f 2576 3254 2790
f 1843 1812 1112
f 3049 4032 3141
f 1934 1917 2194
f 1976 3719 2049
f 1622 1401 1399
f 3739 607 246
f 1288 3855 523
f 2147 2104 4399
f 954 520 841
f 4530 1198 4571
f 3237 2382 1760
f 3335 3242 2106
f 3044 3122 135
f 2122 1082 1506
f 1044 415 4412
f 4099 666 4282
f 1973 1732 2102
f 1816 1973 1663
f 2767 1370 2807
f 521 4358 1626
f 2108 2064 1439
f 1319 4721 1204
f 2048 2108 1439
f 4707 4616 2592
f 1770 4981 1237
f 1927 2155 4285
f 2803 3702 3086
f 239 3927 322
f 3734 2168 1907
f 3162 2091 1923
f 3658 3909 3604
f 1333 2749 4405
f 3246 2091 3162
f 2851 2177 2538
f 1909 1870 454
f 1625 2574 1876
f 3733 3866 3823
f 2071 1824 1370
f 3682 4319 886
f 1853 3195 3157
f 2096 4194 4335
f 1746 1576 2181
f 2007 2133 937
f 2369 911 4898
f 2412 1272 2220
f 3302 2551 2601
f 2872 1875 3441
f 2025 2155 2098
f 2302 4417 2859
f 4295 2769 125
f 2253 1762 1865
f 2143 2039 3785
f 1862 1896 1857
f 4439 1533 4329
f 2143 1868 2039
f 1990 3159 4890
f 2943 1057 2882
f 4345 4261 4192
f 2194 773 2040
f 3414 2271 731
f 1980 1370 2767
f 1895 2102 1934
f 2053 2049 2104
f 2251 2338 1969
f 3832 4053 414
f 2574 1177 1727
f 90 1346 3336
f 1973 1816 4928
f 1787 3279 3335
f 2035 1774 575
f 4831 1506 1907
f 2173 3831 1402
f 2061 2164 1753
f 1957 1753 2164
f 2846 3833 4417
f 4426 3821 2965
f 1782 608 1867
f 2022 2047 2293
f 3516 2833 2956
f 3325 3309 3403
f 3737 1204 2200
f 2102 1663 1973
f 2073 2064 2417
f 1709 1178 3243
f 1816 1702 2037
f 3342 3695 3843
f 1960 2037 2082
f 3734 1887 2383
f 3157 1953 1853
f 1439 2078 4268
f 2019 2200 3267
f 3686 2326 2559
f 1924 2054 2008
f 4321 4897 4959
f 4146 3958 4116
f 2026 379 4665
f 2009 2082 2167
f 1049 215 2128
f 4164 2032 2043
f 1655 2900 3962
f 4218 3206 3419
f 4332 2996 2828
f 2213 2253 3873
f 958 2154 2497
f 3527 2263 1179
f 1297 2085 1359
f 1950 3945 4058
f 4672 2841 3085
f 2352 569 2520
f 3963 1878 3870
f 1470 1614 158
f 1446 4920 442
f 598 2408 803
f 2147 2122 2314
f 1440 2106 2251
f 2574 1625 1488
f 2071 2062 1874
f 2071 2206 2062
f 4203 4306 1361
f 1193 2487 1159
f 524 2791 4477
f 1950 2025 2098
f 1868 4881 4563
f 3706 2554 2274
f 4200 675 384
f 1976 1723 2140
f 859 1912 533
f 4165 3932 557
f 622 884 2188
f 2515 3555 2258
f 2016 2076 1819
f 2016 1819 650
f 2123 2084 1214
f 2031 1727 1981
f 3042 3115 3277
f 2834 2536 2645
f 2114 2181 1402
f 132 113 927
f 2815 2180 182
f 3594 153 1360
f 3572 3327 4927
f 3633 2859 136
f 1934 2194 2090
f 2085 3824 2513
f 1409 882 3167
f 2064 2204 2417
f 2037 1702 1769
f 3820 2174 4688
f 2108 2048 2247
f 2004 2010 3805
f 2504 2625 2688
f 1094 835 399
f 2241 3790 4588
f 3409 2169 3266
f 265 502 1090
f 1792 1179 2263
f 1862 2214 1896
f 2413 1752 1938
f 2426 3527 4790
f 2047 2206 2071
f 1187 2060 4527
f 4697 4687 4764
f 4683 4121 4111
f 755 2115 3267
f 3258 1621 3352
f 3855 1628 523
f 2065 4229 398
f 1966 2933 360
f 1524 1432 1492
f 1843 1112 1965
f 1030 1074 3178
f 4471 2111 2383
f 1924 1965 2054
f 2114 1746 2181
f 3835 3798 3251
f 1822 4029 1815
f 3025 4447 1532
f 2207 1762 2253
f 2280 1962 2720
f 3737 1319 1204
f 2578 3479 613
f 3858 2153 613
f 4058 1494 2017
f 4072 1478 2981
f 2953 2050 3440
f 3719 152 4399
f 3809 3807 3986
f 1981 2175 2861
f 2147 2046 2053
f 4187 3625 3570
f 550 1672 513
f 2166 650 1819
f 2133 2007 2266
f 4774 2176 4587
f 4893 4700 4812
f 1702 2245 1769
f 4464 428 2627
f 1709 1768 1292
f 3805 2588 2180
f 2596 4919 2900
f 2953 3440 2100
f 1153 4130 541
f 2396 4661 794
f 2102 1895 1663
f 3470 4000 2782
f 2273 2494 1690
f 2064 2108 2204
f 1604 4723 1591
f 3099 2961 771
f 4584 4551 920
f 2089 2204 2108
f 415 1044 3346
f 3207 2697 4285
f 2089 2108 2247
f 2083 4164 3619
f 3905 558 3372
f 2079 27 2713
f 791 606 1122
f 1077 1958 3978
f 1976 2049 1723
f 2175 1981 1177
f 1874 2062 2211
f 3445 1956 3224
f 1886 2580 3157
f 4296 3222 2365
f 3789 3471 3655
f 3514 1941 1936
f 2247 4145 2089
f 2371 2366 2291
f 4786 153 3594
f 4726 109 2176
f 723 33 2188
f 2754 3915 4627
f 1582 780 2407
f 3203 3255 2852
f 2043 3619 4164
f 1690 1815 1687
f 2115 3702 4728
f 4357 1302 3729
f 4780 4157 3287
f 1868 2143 4881
f 2253 2213 2207
f 4930 4953 2210
f 1723 2138 1704
f 4681 2138 1723
f 2181 3652 2309
f 1721 4040 1969
f 4886 1356 4870
f 2212 4595 1691
f 871 199 3424
f 3409 3589 3599
f 2854 2116 1618
f 2168 4831 1907
f 4521 787 3407
f 1277 2346 1071
f 4672 732 2888
f 4559 1198 2716
f 1605 3784 2832
f 1402 1884 2056
f 2002 2097 2036
f 3467 985 3472
f 4674 4759 4677
f 4301 4823 3654
f 806 3846 3650
f 2164 2061 1951
f 1179 2167 3527
f 1696 3116 4806
f 2516 2355 448
f 1895 2262 1663
f 2965 4070 26
f 1816 1663 1702
f 2082 2037 1769
f 2840 1345 2569
f 1989 3610 4341
f 2082 1769 4718
f 1927 2146 2660
f 1920 2048 4966
f 3288 720 3421
f 3527 2426 2161
f 3554 1950 1257
f 2206 2248 2062
f 2867 1666 1060
f 1762 2207 2239
f 2022 4323 1803
f 2832 3181 1228
f 4374 3555 2420
f 1941 1214 2084
f 2084 2123 2024
f 2046 2147 2314
f 2130 3089 2314
f 2697 855 2146
f 815 3648 762
f 2508 3005 4908
f 3011 2823 2786
f 3338 3560 3705
f 3851 3858 613
f 2061 3737 831
f 2063 2430 2450
f 2008 2349 2032
f 543 3477 3897
f 4601 4637 4604
f 3475 1603 1145
f 4641 3024 4652
f 2214 1862 1704
f 518 1482 1172
f 4681 2049 380
f 2650 4216 2235
f 3580 4811 4782
f 2739 115 1449
f 2166 2171 204
f 4831 2168 2130
f 204 2171 2877
f 2432 1691 4595
f 2262 2278 1663
f 3999 2042 1885
f 1702 2278 2245
f 1350 127 2751
f 4823 2229 1559
f 2013 2036 1768
f 2375 2121 3553
f 232 3066 2117
f 1932 1402 3831
f 1616 3748 4019
f 2206 2047 3610
f 1339 1706 4041
f 4987 186 645
f 2040 2281 2090
f 2281 3884 2090
f 1763 2611 81
f 3825 1087 3189
f 4740 2002 3805
f 2055 2266 2007
f 2054 2349 2008
f 4425 112 182
f 4440 4281 2630
f 3022 2692 2364
f 2257 2156 2266
f 2306 4921 4948
f 150 4741 4798
f 2265 2890 3246
f 4219 4207 4166
f 4223 4190 306
f 3335 2272 1787
f 2053 2104 2147
f 2736 2098 1927
f 2175 1177 3977
f 178 1897 4953
f 3403 3507 3538
f 2812 2918 2896
f 2190 2054 4296
f 2328 1645 1302
f 4029 1687 1815
f 1815 1690 1791
f 2214 2273 1896
f 2213 1904 2207
f 1904 2359 2207
f 4878 4853 4622
f 1904 2213 2600
f 1704 2118 2214
f 4155 4229 2842
f 3246 2890 2076
f 2282 2126 2877
f 2534 4496 2582
f 4681 380 2366
f 4499 4607 4391
f 1895 2090 3884
f 3854 3379 3585
f 4745 4709 4711
f 4214 646 3864
f 4801 4314 4039
f 1441 465 3048
f 1941 2084 1936
f 694 1728 767
f 1663 2278 1702
f 1151 2523 1974
f 2417 2204 2432
f 2880 1952 2927
f 2248 4341 2288
f 1461 2124 235
f 1920 2145 2247
f 2145 1920 2416
f 2211 2322 2201
f 4718 2167 2082
f 2328 4302 3917
f 1934 2090 1895
f 2432 2204 3413
f 3757 1769 2245
f 3371 3520 3503
f 143 3354 3520
f 1098 2978 3115
f 2821 2351 1952
f 3805 2151 4740
f 4960 4869 4944
f 2156 4578 2815
f 866 4281 4265
f 106 4876 1366
f 3946 2784 2321
f 1507 4874 2901
f 2980 352 2279
f 2053 2046 2291
f 2053 2291 380
f 2201 2146 855
f 1336 2120 3954
f 2175 2034 2861
f 4653 2835 2568
f 2116 2854 2024
f 1882 2270 3510
f 480 2240 2158
f 2197 1936 2249
f 3167 1522 1409
f 2365 2334 2190
f 4828 1869 4830
f 2587 424 4629
f 3921 4030 4090
f 3847 2436 4338
f 3992 3598 3980
f 3582 1791 1690
f 2494 2273 1422
f 1984 2019 4728
f 4881 2289 2195
f 4379 2163 4386
f 1712 1673 1416
f 4546 592 4495
f 5 4047 3314
f 3549 1559 2229
f 1450 4177 3830
f 17 1415 1386
f 1784 2231 4229
f 2040 2090 2194
f 2116 2024 2123
f 2084 2024 2186
f 2065 1784 4229
f 2283 2065 398
f 2084 2284 1936
f 1246 3678 187
f 1936 2284 2249
f 971 1946 3867
f 1810 1068 2524
f 4875 4844 134
f 693 3912 4588
f 4243 532 175
f 2257 2266 2055
f 2019 1902 2200
f 1323 4010 4815
f 1554 40 1930
f 240 229 1570
f 3525 2131 3298
f 2048 1920 2247
f 2248 2322 2062
f 839 2724 880
f 2302 3860 1510
f 2040 2379 2281
f 2278 2262 2392
f 2149 4740 2151
f 756 3009 2347
f 1669 2321 2784
f 4520 2089 4145
f 1192 111 4444
f 4483 2361 2679
f 2322 2211 2062
f 3145 2201 2317
f 1904 2600 2162
f 1461 2295 2124
f 2153 2343 2185
f 4300 4180 1274
f 1768 2036 1726
f 2648 2146 3145
f 1928 1385 540
f 1704 2138 2118
f 2688 2643 2802
f 2516 164 2546
f 2290 2024 2854
f 3812 3347 3749
f 1992 1379 1269
f 2168 1563 2130
f 3451 2348 4558
f 2251 2106 689
f 2183 3734 2383
f 3256 3483 3364
f 1514 1131 980
f 1884 2181 2309
f 2165 2111 2058
f 1627 1823 4766
f 2726 2050 2686
f 2207 2359 2239
f 1791 2600 3289
f 2132 1387 1139
f 748 3972 641
f 3573 3704 658
f 2118 2138 3738
f 2008 2029 1924
f 2338 2251 398
f 2520 2835 2443
f 2208 4449 1797
f 2441 2877 2515
f 2251 689 398
f 2084 2186 2284
f 3425 3284 3303
f 3794 3198 843
f 2000 4728 3702
f 2483 2471 2633
f 3704 3663 2938
f 2019 1984 1902
f 4154 4110 3764
f 4727 4749 4699
f 2644 3418 1933
f 4302 2328 389
f 3652 1951 2388
f 2550 2672 2633
f 3682 1084 4319
f 1179 4760 2167
f 2329 2322 2248
f 4327 2873 4224
f 3376 1054 3303
f 1176 1534 894
f 4708 3984 4565
f 2741 2379 4351
f 2080 2960 1257
f 2277 2262 3884
f 2432 2342 1691
f 4673 3553 2358
f 2054 2190 2349
f 3757 2255 4790
f 2145 2350 4145
f 3755 1037 2128
f 2830 2066 56
f 2067 2180 4578
f 4217 4936 4018
f 1791 3582 2162
f 2621 563 4101
f 2322 2329 2317
f 798 4388 1601
f 3720 1426 4787
f 4873 2072 2827
f 1256 957 360
f 2036 2097 1726
f 2002 2362 2097
f 2520 4281 2835
f 1587 2570 4460
f 3966 4149 3816
f 2182 2107 3242
f 2657 4131 2372
f 4345 157 4283
f 4671 4697 4764
f 1705 2249 2284
f 2291 2046 3366
f 2395 4393 3441
f 2111 2165 2183
f 3644 3710 3667
f 3037 3324 3020
f 2365 2190 4296
f 2388 2391 3652
f 2846 2336 4265
f 4248 4318 4277
f 1102 2958 2307
f 1712 1848 1855
f 2351 2795 1952
f 4958 1154 4917
f 3631 2456 2162
f 1976 2140 959
f 2265 2244 3542
f 2222 1757 3738
f 3057 337 3172
f 2854 4216 2330
f 1784 2065 2261
f 4511 1391 4703
f 4769 2348 652
f 2283 2261 2065
f 2689 417 3188
f 2499 2283 2107
f 2186 1790 2284
f 2182 4246 1279
f 2208 1347 2503
f 2277 2392 2262
f 605 2593 568
f 2183 2372 4244
f 3279 2325 4246
f 2376 1984 4728
f 4980 2547 2325
f 1884 2309 1408
f 1332 4056 4668
f 2362 2002 4740
f 2020 661 255
f 3942 3649 4151
f 1710 4235 1128
f 982 2228 3627
f 4644 4571 1198
f 2070 2388 1951
f 2535 3051 2481
f 2288 4341 2339
f 2180 2067 2151
f 2371 2291 3366
f 2477 1452 2416
f 1581 4313 1281
f 2443 4736 989
f 2245 2300 3757
f 2452 2257 4656
f 3413 2204 2089
f 4056 1678 2893
f 3757 2300 2255
f 2184 2149 2067
f 2248 1989 4341
f 2176 4560 4726
f 69 2271 3414
f 2426 2358 2161
f 2086 2221 2244
f 4863 2306 2051
f 1784 2261 2227
f 3361 3187 3419
f 656 1748 2655
f 2232 2220 4856
f 2322 2317 2201
f 2648 2267 2551
f 97 1010 4694
f 4635 1233 4714
f 2450 3858 2861
f 380 2291 2366
f 2034 2344 565
f 1813 1790 2186
f 2433 2000 2126
f 3089 2130 1410
f 3778 3379 3708
f 2292 2183 2165
f 4203 546 4743
f 1074 1405 24
f 455 2384 4956
f 3173 1205 2780
f 1994 2663 1082
f 1049 917 215
f 3150 3378 3901
f 277 2335 510
f 4247 2125 2691
f 2632 2654 4621
f 3858 2450 2202
f 2379 2741 989
f 4550 3738 3686
f 2277 3884 296
f 1829 2923 3776
f 2024 2290 2186
f 4686 52 2100
f 4131 2692 1563
f 204 2877 2803
f 2284 1790 1705
f 2278 2392 2308
f 1369 948 513
f 2474 2288 2339
f 2325 2837 950
f 2376 2625 1984
f 2310 2362 4740
f 4874 1507 2778
f 1720 2648 3145
f 378 1535 3837
f 1566 2805 2465
f 989 4736 2379
f 1361 546 4203
f 3938 696 477
f 2362 2310 4189
f 1830 2457 724
f 996 2020 3460
f 2349 2190 2334
f 2161 3553 2263
f 1046 3500 3461
f 4185 2272 3072
f 2474 2094 3957
f 3051 3081 2626
f 2162 3582 1301
f 2461 4891 2609
f 2239 2359 2304
f 1904 2456 2359
f 770 4575 1948
f 3290 2782 3399
f 2522 2843 2752
f 4397 4349 4276
f 2500 2218 3696
f 2425 3975 4096
f 3719 2179 152
f 2061 831 1951
f 4923 3438 3867
f 3238 571 2455
f 2873 938 50
f 2195 2466 1595
f 3692 4423 2353
f 2020 525 661
f 4578 2451 2399
f 2202 2505 2343
f 1363 4119 4006
f 2432 2482 2342
f 109 4587 2176
f 565 2063 2034
f 2282 2589 2433
f 1580 3198 3794
f 2292 2372 2183
f 3265 2220 1110
f 2086 2679 2361
f 1902 1984 2889
f 2625 2437 2889
f 2584 2255 2300
f 3467 1304 3437
f 2156 2257 2452
f 2095 2479 2058
f 240 3959 2533
f 2248 2288 3957
f 4879 4915 4903
f 699 981 1184
f 4281 2520 569
f 4189 3713 3095
f 4724 4854 4829
f 2352 2520 989
f 2367 2526 2677
f 1205 2424 1290
f 2475 2281 1860
f 4255 1699 4186
f 2308 2392 2532
f 3366 3022 2364
f 2451 2156 2452
f 4213 341 942
f 2212 1691 2353
f 1125 672 4136
f 2375 2664 2121
f 1230 2886 396
f 4162 108 4107
f 3283 1481 1097
f 2323 2902 2466
f 2582 4496 1002
f 2726 2351 2821
f 4880 125 2605
f 2142 1302 3856
f 2096 4335 274
f 723 2188 884
f 2191 4503 2817
f 2067 2399 2471
f 2459 1758 1784
f 4555 2163 4420
f 1959 1656 1716
f 244 2681 1329
f 3703 1921 4147
f 2290 2418 1813
f 2156 2451 4578
f 2376 2589 3769
f 3504 3194 3261
f 1133 1541 48
f 2367 2254 133
f 3912 2637 2241
f 3962 2900 226
f 4325 4390 3180
f 4288 4045 546
f 2494 1301 3582
f 2342 3692 1691
f 3738 2138 3214
f 3618 2727 4912
f 2534 2531 4496
f 2603 2567 1758
f 2534 2420 2531
f 2231 1784 1758
f 2421 2423 1726
f 1329 1254 411
f 1784 2227 2459
f 2435 2227 2261
f 1763 2515 2877
f 2283 2499 2261
f 2789 3046 2571
f 4889 4822 4906
f 2290 2330 2418
f 2245 2278 2308
f 1947 2345 1949
f 3123 356 3722
f 2461 2391 2388
f 2461 2388 3263
f 3446 3606 3531
f 3536 3570 3625
f 4289 4228 4260
f 1861 163 2311
f 2416 2423 2477
f 1890 2583 1564
f 1964 3873 1865
f 508 4965 828
f 871 3424 2129
f 1281 1101 3190
f 1673 4874 2428
f 2277 2256 2392
f 2365 2406 2495
f 1937 3041 2192
f 4204 62 1035
f 2584 1991 3976
f 1505 2280 4608
f 1088 591 934
f 2358 2426 3976
f 3571 3430 4128
f 2329 3957 2331
f 2421 2276 2423
f 1758 2459 2603
f 2267 2648 1720
f 1033 4023 1838
f 4904 1869 4931
f 4241 3956 4137
f 3919 282 3868
f 2186 2290 1813
f 1338 2868 2340
f 4244 2372 1563
f 2591 2417 4595
f 1968 2492 2344
f 2334 133 2254
f 2000 2433 4728
f 2463 2384 455
f 1473 152 2179
f 1902 2437 3263
f 2165 2479 2292
f 2609 2391 2461
f 2411 1832 2075
f 3336 1497 90
f 2086 2442 2221
f 2221 1002 4496
f 4518 4096 3554
f 3215 3345 621
f 2782 3290 3470
f 3335 307 3242
f 2015 2178 1801
f 3217 2326 4012
f 2606 2794 2258
f 3588 2658 2301
f 3905 994 1949
f 1166 1140 2460
f 2435 2261 2499
f 518 1172 316
f 2256 2277 296
f 2418 2576 1813
f 2433 2589 2376
f 2395 2760 2598
f 3589 2607 3599
f 3792 3774 3935
f 2309 2391 2440
f 3667 3429 860
f 2391 2609 2440
f 4265 2336 866
f 4638 3898 2913
f 2205 2339 2375
f 1669 145 1509
f 488 4226 808
f 2165 2058 2479
f 2149 2184 1227
f 4717 1327 4071
f 2562 2528 3170
f 2562 4423 3692
f 1145 329 2412
f 4518 3166 1631
f 2256 2680 2532
f 2365 2495 133
f 4587 109 4616
f 2856 1617 2644
f 4627 3915 4465
f 3708 3942 4151
f 376 4057 4325
f 15 2883 76
f 2474 3957 2288
f 2426 2255 3976
f 2229 4823 4301
f 88 1296 47
f 1435 4348 2017
f 2317 2329 2331
f 3631 4437 3534
f 505 2544 2905
f 2212 4276 4349
f 997 1615 1340
f 4643 918 2465
f 1362 3537 1656
f 1025 403 690
f 235 926 2378
f 2492 2556 23
f 553 2817 524
f 1664 1503 2884
f 2586 746 2292
f 4232 3667 3710
f 2514 2694 3859
f 1167 2598 2761
f 3926 4969 3993
f 2789 2427 2609
f 3544 4371 1901
f 1950 3554 3945
f 1044 1122 3925
f 4955 1897 4948
f 408 2494 4768
f 3833 4265 569
f 3175 987 3352
f 1986 1826 1696
f 2129 2838 871
f 246 542 2378
f 4444 4369 4457
f 3555 2515 81
f 3697 4150 3939
f 3296 463 3829
f 2951 2502 414
f 4801 4039 4783
f 2282 2511 2589
f 2619 2599 2930
f 1813 2093 1790
f 2475 4361 296
f 4497 2499 1279
f 3200 2418 1348
f 4087 2556 1167
f 2341 4246 950
f 2919 2308 2532
f 2306 4948 4952
f 1705 2489 2401
f 3006 345 3158
f 2401 866 2336
f 2504 2437 2625
f 2609 2427 2440
f 2664 2339 4341
f 2519 2670 1164
f 2479 2586 2292
f 2350 2597 2192
f 2533 319 3091
f 4116 282 3919
f 2733 4051 2313
f 2926 2364 2692
f 1529 1414 3213
f 2342 2482 1735
f 489 2355 1588
f 156 71 96
f 3049 681 4032
f 306 4125 4256
f 1860 4736 2453
f 4905 4376 983
f 3713 2276 2421
f 4688 1099 3760
f 3297 4035 482
f 2511 161 2589
f 2526 2367 133
f 2205 2647 2474
f 1125 4108 4014
f 4659 577 283
f 2409 2547 4568
f 2442 2086 62
f 2279 2926 2439
f 2331 3957 2094
f 545 2041 697
f 4402 4429 4455
f 3061 2879 4389
f 2279 2199 2364
f 2226 2276 3713
f 2387 2555 1720
f 3961 3149 2744
f 1465 3172 1468
f 2199 2279 352
f 1256 4384 2502
f 2389 4335 1203
f 2420 81 2531
f 1427 1647 2275
f 3147 3356 203
f 2372 2292 746
f 2451 2550 2633
f 2452 2768 2451
f 2449 2760 249
f 4841 1863 3640
f 2279 2439 1084
f 4284 4370 4322
f 4321 4959 1154
f 3793 3820 4688
f 2547 2409 2545
f 2368 4786 3594
f 618 2658 2323
f 3656 2142 3343
f 3532 3436 1092
f 2528 3692 2538
f 2760 2395 1408
f 2301 618 2603
f 1757 2285 3676
f 3857 3847 4791
f 2285 2628 2373
f 2404 2693 2227
f 4795 4752 4819
f 2459 2227 2693
f 4314 4203 4039
f 2063 2498 2430
f 3786 3121 3233
f 2404 2227 2435
f 2282 2441 2511
f 2599 2435 4497
f 2918 866 2762
f 4361 2454 296
f 758 467 223
f 1790 2489 1705
f 437 2728 2541
f 2755 4673 2695
f 2445 2439 2926
f 2695 2358 3976
f 481 2785 3370
f 1708 1501 3709
f 4673 2595 2205
f 2184 2577 1017
f 2205 2474 2339
f 2474 2917 2094
f 4440 2835 4281
f 4744 4772 4680
f 3692 2342 2538
f 2540 2095 2562
f 2549 2226 3713
f 2482 3413 3041
f 2267 2990 2601
f 4307 2453 4736
f 772 3482 2554
f 2595 4673 2755
f 3286 705 4468
f 1611 775 293
f 2021 1203 1979
f 3273 4430 1693
f 4912 2381 3065
f 2331 2387 2317
f 2700 4768 2373
f 2567 2603 618
f 2759 3082 1057
f 2801 2505 2430
f 3435 2218 2500
f 1790 2093 2489
f 1813 2576 2093
f 3453 4419 4486
f 792 2488 779
f 2768 2452 2478
f 2447 2525 2310
f 2437 2504 3263
f 62 4204 2442
f 3503 2446 3412
f 2442 4000 3470
f 2222 2285 1757
f 1710 1128 1781
f 2586 2479 3949
f 3544 457 706
f 3235 2356 448
f 2690 2544 4298
f 4437 408 171
f 995 3260 4597
f 3057 1908 698
f 4983 4128 4981
f 3280 3057 900
f 2459 2693 2603
f 4883 4915 4879
f 2398 1259 3152
f 2790 3254 410
f 2556 2853 23
f 3002 25 4663
f 1721 2338 4229
f 2589 161 3769
f 2625 2376 3566
f 419 83 1102
f 474 3026 2938
f 2395 2598 4393
f 763 2074 298
f 32 2586 4362
f 2052 4779 2354
f 3032 2975 3597
f 2276 4051 2477
f 3790 599 2685
f 3041 2610 2482
f 159 674 1515
f 1438 2403 1716
f 1093 4891 4538
f 285 880 119
f 2850 3043 1317
f 2484 2807 4575
f 4189 2525 555
f 1819 4719 2171
f 1530 519 2583
f 2217 2525 2447
f 3697 3939 3768
f 2878 4049 2761
f 2939 2394 2943
f 4644 1198 1464
f 4418 2787 4386
f 2666 2495 4043
f 2182 307 3279
f 1916 4531 1817
f 959 370 4834
f 3679 3016 1365
f 529 2224 1588
f 1767 2891 1706
f 2629 2838 4173
f 4514 2602 4667
f 4124 1014 710
f 4931 4828 4946
f 970 2139 1393
f 2373 2628 2700
f 2717 2995 4085
f 1017 2973 2447
f 3825 2387 4310
f 4914 1250 1610
f 2684 2990 2555
f 3551 3932 2476
f 1235 2993 2357
f 2794 2511 2441
f 2285 2222 4550
f 2399 2633 2471
f 473 946 3951
f 514 4405 953
f 611 2770 4431
f 2666 2526 2495
f 1022 3144 2949
f 3849 2150 4414
f 2440 2427 249
f 387 1731 1543
f 4419 787 4382
f 2547 2545 2837
f 2431 3642 1155
f 352 2980 3634
f 2857 3996 1268
f 3352 3788 3410
f 2543 2700 2628
f 1360 1856 4422
f 3600 3725 638
f 3281 2264 3573
f 1829 4242 470
f 1247 1771 1212
f 2498 2063 1334
f 3218 1460 1807
f 2435 2599 2404
f 4646 2419 4623
f 3308 2997 3278
f 2930 4497 2341
f 2831 2557 2936
f 2226 2313 4051
f 1674 1090 4596
f 4772 4788 4870
f 1567 2429 4141
f 1374 2321 1669
f 2816 2647 2595
f 2797 3327 1297
f 2205 2595 2647
f 3442 2446 3485
f 768 3027 1397
f 1014 4124 3607
f 1206 4037 711
f 2597 1342 2192
f 3212 2448 4353
f 4147 1667 583
f 4109 2757 2529
f 352 3634 3386
f 4858 4840 4800
f 3704 4328 658
f 3342 3992 2370
f 4530 4572 2716
f 2525 2501 555
f 4068 4410 1220
f 2444 2549 555
f 1991 2584 2575
f 4206 3377 2919
f 2451 2768 2550
f 3617 2092 3603
f 2522 2752 2409
f 1948 1752 2413
f 2458 3360 4888
f 2902 4656 4299
f 1864 633 4075
f 3634 2980 2856
f 2555 2387 3825
f 3918 4057 1898
f 2189 813 652
f 1112 2260 4296
f 4907 1520 4016
f 4389 2924 1057
f 2577 2184 2471
f 1478 4294 2981
f 1416 2777 1849
f 2137 4040 211
f 4043 2406 2425
f 2093 2734 2489
f 3975 2425 2406
f 3936 2559 4172
f 861 4056 765
f 2598 2760 2878
f 2504 4538 2461
f 2449 2427 2571
f 697 2363 2563
f 4339 1206 4179
f 1685 257 3411
f 4330 1719 1012
f 2101 2798 2752
f 309 1955 126
f 4152 4787 4344
f 2601 2551 2267
f 4627 3573 2264
f 4781 842 1688
f 1802 1029 3471
f 2851 2538 1735
f 4541 2671 4826
f 2577 2737 1088
f 1685 4494 1772
f 3558 2226 2549
f 4374 2420 4266
f 2404 2779 2693
f 4567 2386 4667
f 2779 2404 2599
f 2794 2649 2511
f 4497 2930 2599
f 2775 2556 4087
f 1939 4851 871
f 2734 2093 2790
f 2489 2734 53
f 2408 1818 1109
f 1245 1019 2738
f 4455 4263 4286
f 4909 2092 3266
f 1937 2192 1342
f 3131 463 3249
f 4801 1513 3735
f 4488 2319 2462
f 2689 3821 2814
f 4848 4899 678
f 3883 4717 4010
f 4838 2431 1219
f 854 496 3892
f 2094 2917 2811
f 4226 488 3898
f 2462 2973 934
f 1622 3479 2822
f 2851 2610 2469
f 3665 92 3705
f 2457 1912 364
f 2633 2672 2483
f 2223 2445 3552
f 141 2516 448
f 4406 3462 2575
f 2570 1134 3845
f 3134 3130 4094
f 2419 4682 4698
f 3515 3708 4151
f 2523 4751 1550
f 1771 1247 2160
f 3014 4594 4293
f 3001 4374 4489
f 3238 2455 3470
f 1757 3676 1422
f 4089 4002 4120
f 135 1304 3472
f 2479 2095 2540
f 691 1511 2993
f 2430 2505 2202
f 4279 4241 4309
f 4200 1977 675
f 2550 2839 2672
f 4003 2684 2808
f 1901 1353 1234
f 1888 2822 1747
f 2677 2526 37
f 2149 1227 2310
f 2427 2789 2571
f 2576 2790 2093
f 3004 1785 2897
f 4157 2723 3287
f 1940 1736 1307
f 2545 2798 3929
f 2409 2798 2545
f 2035 4161 2242
f 4437 171 2460
f 4135 4354 4297
f 2638 171 2700
f 1197 1437 1624
f 3147 3440 2764
f 3767 4302 3914
f 3093 4072 3498
f 2173 1875 1625
f 4902 466 3568
f 2631 2549 2444
f 2498 3522 2801
f 505 3231 1012
f 2628 4550 1877
f 2396 335 4661
f 3203 2117 3321
f 2813 2853 2989
f 2085 2513 1547
f 3593 2434 515
f 2596 2900 2995
f 4481 4470 4582
f 3185 1643 1543
f 1527 3192 1320
f 2595 2618 2816
f 2997 3583 3103
f 414 1846 3832
f 1196 921 3175
f 803 2408 781
f 2189 4759 813
f 1123 3973 3423
f 4949 1063 4935
f 1010 2703 32
f 1928 540 2398
f 2536 2319 4488
f 2039 4311 2014
f 1029 1802 3487
f 760 4011 1357
f 1838 3481 1033
f 2314 2122 4831
f 4638 2593 3898
f 3490 3384 743
f 3188 2669 2785
f 563 1263 4113
f 2319 2536 2501
f 3876 4771 3992
f 104 4986 4989
f 1922 2485 3086
f 2684 2555 3825
f 1148 846 3081
f 1296 4908 723
f 2267 2555 2990
f 399 292 1094
f 2577 2483 2737
f 1430 1095 1285
f 2635 2553 2157
f 1058 2561 2788
f 2757 2742 3166
f 2898 2469 1937
f 2701 2844 146
f 2530 3458 2535
f 3142 4126 4043
f 4307 2796 2453
f 2732 2618 3964
f 873 2454 4361
f 2666 2624 37
f 3023 3565 3744
f 4067 446 3902
f 522 2096 2714
f 2530 2553 2635
f 2550 2768 2654
f 2157 4488 2678
f 1317 2934 2850
f 3185 1521 1643
f 4428 4495 2380
f 664 2533 3959
f 4314 4801 4316
f 2228 982 1380
f 1325 2992 964
f 644 3948 722
f 258 2945 3841
f 4450 3024 4482
f 1785 2822 3479
f 4446 1247 3817
f 1795 2508 1392
f 3052 4363 908
f 1711 1940 1425
f 2968 3948 713
f 2003 126 4350
f 4366 1646 3208
f 741 3388 696
f 3117 4733 4416
f 3783 943 3743
f 4894 4976 1555
f 2990 2529 2601
f 3947 3472 985
f 2771 2765 2693
f 823 2393 493
f 2758 3618 2923
f 2747 3107 2779
f 2439 2445 2223
f 2634 1449 115
f 2517 3776 1348
f 3418 4172 2559
f 3293 2594 4126
f 2566 2553 2605
f 1443 14 2038
f 706 655 3544
f 2945 4032 342
f 4000 2333 2782
f 1324 3228 1328
f 3589 431 4232
f 3083 2669 3030
f 1064 403 2402
f 2605 2553 2535
f 69 2148 2271
f 1720 3145 2317
f 2678 2565 2635
f 2301 2603 2765
f 3176 2705 4501
f 2157 2641 4488
f 2693 2765 2603
f 4966 3243 1178
f 2698 846 2668
f 2519 2438 1637
f 4170 4188 4182
f 1325 2805 1623
f 92 3622 3705
f 4128 4944 1237
f 3408 1476 1958
f 2864 2649 2794
f 4492 2518 4013
f 2599 2747 2779
f 2568 3310 2701
f 4169 3962 1605
f 2599 2619 2747
f 282 4116 2911
f 1983 1593 4026
f 2157 2553 2566
f 3558 2696 303
f 2585 4694 3094
f 4815 4010 4110
f 2683 528 1672
f 2825 2730 2530
f 1209 316 4685
f 3800 483 228
f 3051 3458 3081
f 3647 842 1251
f 310 4839 4046
f 2688 3566 2643
f 2680 2454 148
f 1053 2605 2481
f 4083 2932 4896
f 2647 2709 2892
f 2234 2758 470
f 2700 3602 2638
f 3790 4770 1405
f 3272 4950 2895
f 2756 2568 4440
f 1341 421 1374
f 4732 4565 4767
f 4328 3026 1637
f 2566 2605 125
f 4455 4476 4402
f 2708 2672 2922
f 2519 2668 846
f 17 595 4892
f 780 1457 892
f 2536 2641 4143
f 4130 1153 3997
f 1953 3157 2580
f 4208 4364 3396
f 1795 3005 2508
f 1968 2344 2872
f 2834 2631 2444
f 3052 908 4627
f 2710 2675 1389
f 2157 2566 2641
f 1919 664 1067
f 2795 148 2927
f 2618 2732 2816
f 4784 3813 924
f 2621 4101 385
f 2834 2501 2536
f 2798 2793 1659
f 2667 4158 507
f 2474 2647 2892
f 295 2650 1228
f 3920 3869 4050
f 3066 232 2829
f 3308 3300 2997
f 3639 3341 3417
f 3323 3773 4781
f 1126 1481 3283
f 3488 2573 3108
f 2905 1164 2670
f 4867 2671 4973
f 2173 2056 1875
f 889 2502 4384
f 790 1567 2920
f 2708 2737 2483
f 1634 232 1449
f 2808 2684 3189
f 2543 2634 115
f 1392 1424 1795
f 3026 2670 1637
f 319 2533 4763
f 2936 2856 4852
f 2556 2775 2853
f 462 4777 3320
f 2775 2989 2853
f 2491 2668 1164
f 2677 37 1987
f 1867 1671 1914
f 4628 4699 4855
f 3418 2559 1933
f 1242 688 4715
f 2782 2333 3305
f 487 230 3624
f 2712 4421 1786
f 1739 2468 1988
f 3290 2986 3238
f 3199 3770 766
f 2279 1084 3682
f 39 3578 3319
f 2650 395 4216
f 2491 2690 2710
f 4890 1853 1953
f 3321 2117 3066
f 57 677 121
f 1129 1564 1857
f 2727 2460 1140
f 4503 197 782
f 2706 2469 2898
f 4513 3014 2765
f 3310 2568 2756
f 2869 3602 2745
f 318 1243 3264
f 1776 350 476
f 3346 756 2216
f 2779 2771 2693
f 573 3048 245
f 3801 1148 3081
f 2959 2864 3001
f 4880 4295 125
f 2907 2569 317
f 3734 4244 2168
f 858 1260 1476
f 3885 927 4123
f 2304 4242 395
f 4194 2096 334
f 3746 3146 4832
f 2761 4049 4087
f 2732 2978 2816
f 4438 3586 3415
f 4580 4537 4641
f 2718 2066 2616
f 480 2158 4294
f 2920 2467 1454
f 2730 4431 120
f 1549 82 4722
f 1053 2792 2542
f 1575 2623 1062
f 2818 2843 1724
f 2905 2670 474
f 3609 1203 1805
f 3134 2689 3188
f 2984 2818 1724
f 1915 1744 1900
f 1844 3468 2604
f 2935 1821 2899
f 2970 89 2711
f 4796 4921 2306
f 1361 4288 546
f 1920 4966 1178
f 2659 2573 2644
f 2662 2644 2573
f 21 2713 27
f 2710 2662 2573
f 4846 4716 354
f 2696 3558 2640
f 2491 2710 3488
f 2056 1884 3441
f 4256 4178 4228
f 2068 397 186
f 2704 4231 2882
f 1509 1435 1812
f 1339 218 1644
f 3795 1715 919
f 2708 2483 2672
f 4394 3592 4493
f 4825 2529 2757
f 1193 752 4238
f 4118 4295 2542
f 3307 3569 3052
f 4231 2704 4328
f 1005 2791 518
f 2675 2710 2690
f 3876 936 3874
f 2624 4126 2594
f 4525 2927 2729
f 2927 148 679
f 3400 3395 3114
f 4825 3166 793
f 970 1066 2139
f 2573 2659 3108
f 4621 2486 2658
f 2690 2905 2544
f 2101 2793 2798
f 2816 2709 2647
f 2715 2898 2642
f 4469 1192 4444
f 2631 2834 2640
f 3180 2215 1562
f 1317 2917 2934
f 3245 3331 3426
f 1369 1966 948
f 3605 3632 3629
f 2700 2543 3602
f 3989 4090 4030
f 2369 4898 4974
f 4234 450 4855
f 4894 4867 4954
f 2990 2941 2044
f 818 376 759
f 2813 2863 2617
f 4057 3758 4390
f 2792 2564 3108
f 2640 2809 2696
f 4727 4628 4560
f 3567 3653 3599
f 3207 1007 2697
f 2948 2922 2839
f 2766 4385 2407
f 2839 2550 2654
f 2624 2910 37
f 2948 2839 2654
f 2703 4836 2316
f 3704 2938 3026
f 3750 2972 3322
f 3876 772 936
f 4498 4382 327
f 1545 1133 764
f 4573 4645 4646
f 2769 2702 2509
f 2812 2756 4440
f 2011 1722 984
f 2469 2706 2947
f 3633 2135 2859
f 3395 1196 3175
f 2801 3522 2984
f 800 154 1277
f 171 2638 2460
f 2982 686 4715
f 4482 3651 4450
f 3295 634 1009
f 2631 3558 2549
f 29 335 2845
f 2864 2781 2649
f 2718 2616 4319
f 2799 635 1161
f 1926 517 1305
f 2619 3049 2747
f 73 4676 1554
f 1711 1425 2296
f 2923 317 3776
f 2884 3548 522
f 3773 3315 842
f 3495 3560 3671
f 2810 2989 2775
f 2750 3239 940
f 586 2712 439
f 3807 3674 3444
f 2739 1449 232
f 2098 2736 1257
f 4538 2688 1093
f 3485 2674 3442
f 2294 2581 3578
f 2966 2971 3691
f 2789 4922 3046
f 2795 2927 1952
f 2778 392 2428
f 2645 3688 2834
f 3569 2490 4081
f 2770 3458 120
f 2067 2471 2184
f 2636 1517 2514
f 3196 4595 2212
f 2939 2943 2722
f 2812 2731 2756
f 4444 4418 4369
f 4681 3214 2138
f 4674 813 4759
f 2809 3056 2696
f 3936 2634 1877
f 419 1102 2307
f 2542 2792 4118
f 4310 2885 1087
f 4109 2529 2044
f 2882 2722 2943
f 4431 2730 368
f 3394 2585 976
f 256 2845 4134
f 2726 2686 3462
f 2806 2701 4715
f 21 3060 3319
f 4653 2701 146
f 2796 4307 146
f 730 2894 3526
f 2770 2939 3801
f 2686 3464 3462
f 70 4319 1084
f 2266 2956 2133
f 951 2652 751
f 3650 2735 3525
f 2597 922 2642
f 3081 846 2626
f 3056 2715 922
f 150 1428 4802
f 4210 324 195
f 2892 2709 2934
f 2966 3691 2878
f 2957 447 635
f 1166 2381 1140
f 4250 26 591
f 4289 4260 1469
f 2684 4003 2941
f 317 2923 2907
f 3896 2721 3907
f 2410 1725 1106
f 2910 2624 2875
f 2840 2569 2955
f 2033 1870 1521
f 1546 1499 1100
f 2897 1935 1559
f 2972 99 1016
f 4118 3484 2557
f 2774 181 303
f 3466 862 549
f 3929 1659 342
f 1252 1213 311
f 428 4464 797
f 431 3717 3429
f 3505 3492 3698
f 2142 3729 1302
f 130 843 581
f 3790 2241 599
f 4757 2912 4706
f 3198 3557 581
f 3518 3436 3262
f 3728 1788 4363
f 1885 899 3999
f 2704 2882 2924
f 3119 2863 2813
f 2796 2844 2729
f 246 607 212
f 4584 4508 4636
f 3274 2042 3097
f 3501 3331 3245
f 3989 4180 4090
f 907 3213 1414
f 3759 1562 3687
f 2148 69 407
f 4541 4826 4720
f 4462 4373 4261
f 491 3148 4159
f 2792 3108 2659
f 3591 4055 2347
f 1583 2615 4602
f 3171 2653 1170
f 2950 1797 1915
f 2742 2757 2961
f 3496 3570 3536
f 2726 3377 2351
f 1351 3677 3641
f 819 416 201
f 3731 3954 849
f 2040 4351 2379
f 2732 2953 2978
f 2833 4484 4845
f 2816 2978 3643
f 4401 392 1623
f 3566 2688 2625
f 2774 2696 3056
f 2368 3594 2753
f 3476 4077 4034
f 4407 2876 158
f 2807 369 2767
f 4593 1464 4566
f 3961 4936 4061
f 3414 3334 69
f 2584 4613 4406
f 3333 3688 757
f 2771 2779 3107
f 2798 1659 3929
f 4570 4222 446
f 3049 2619 681
f 1266 592 4342
f 2922 2814 2708
f 3119 2813 2989
f 4498 4522 1700
f 4131 1871 2692
f 4049 2985 2775
f 2802 3068 1093
f 4297 590 4236
f 1918 4544 1854
f 3131 3829 463
f 4147 2473 339
f 2895 2937 2818
f 3519 1092 3673
f 407 141 848
f 1619 991 845
f 550 2621 385
f 2656 3646 2101
f 3496 3620 3694
f 4465 3052 4627
f 2820 2616 2066
f 2436 3857 4221
f 778 2513 1883
f 4587 4616 4707
f 1108 1291 915
f 2343 2303 3240
f 3865 4357 1535
f 3727 1967 1910
f 2765 2771 4513
f 4435 4337 4480
f 4589 2975 2767
f 898 3001 2864
f 3399 676 3290
f 3037 3848 3101
f 205 4986 104
f 2819 4230 4282
f 3332 2899 1821
f 2324 3612 4214
f 3310 2707 1242
f 4070 3154 4624
f 2764 2050 2821
f 2907 2974 2569
f 3464 2686 2953
f 4589 2767 369
f 1093 4922 2789
f 4179 711 4162
f 297 2699 1291
f 2924 2882 1057
f 4465 419 2307
f 1510 3514 2302
f 775 622 131
f 4924 960 3523
f 45 2929 4597
f 4836 97 3394
f 892 2407 780
f 2863 2887 3522
f 2812 2754 2731
f 1743 3375 2113
f 2982 4715 688
f 2756 2707 3310
f 3932 2356 2464
f 2580 4494 1685
f 3097 735 3274
f 1346 3304 4209
f 2839 2922 2672
f 4454 519 1530
f 169 2844 3038
f 2594 2875 2624
f 2701 2806 2844
f 1057 2943 2759
f 2953 2732 3464
f 1238 1116 2496
f 2930 1258 681
f 1332 4336 1080
f 2733 2597 2350
f 3007 3777 3531
f 2850 2934 3033
f 3588 3014 1052
f 3294 4304 4219
f 1113 4561 3765
f 4655 260 4762
f 3937 4093 4120
f 655 788 3564
f 3618 2979 2907
f 358 2510 2087
f 22 1213 2685
f 120 4431 2770
f 3587 3137 4384
f 1026 2865 1137
f 2498 1334 2617
f 3903 4849 3846
f 3663 3704 3573
f 1668 2159 2773
f 2731 3861 2707
f 4109 2949 771
f 3655 1201 897
f 3811 3893 854
f 3746 2394 3182
f 2742 3045 3293
f 2989 2810 3126
f 2754 2896 3915
f 2984 3008 2895
f 1635 2128 215
f 3874 3428 4771
f 3279 4246 2182
f 2894 2925 3526
f 2947 3814 185
f 3883 1323 2196
f 4756 2912 351
f 2394 2759 2943
f 4590 4708 4612
f 2959 3020 3036
f 4756 4794 2912
f 2613 2859 4417
f 2747 3049 1217
f 2788 4737 1058
f 1929 2682 3784
f 1317 2811 2917
f 3064 2715 3056
f 2536 4488 2641
f 2879 3281 2924
f 3220 829 1110
f 4843 785 4844
f 4419 4524 4415
f 3378 3486 3839
f 2585 97 4694
f 685 765 601
f 1721 4467 4040
f 4964 237 1827
f 4643 2465 2805
f 2863 3088 2887
f 89 248 2935
f 1697 665 4336
f 2702 2557 3205
f 4710 2196 1323
f 3056 2809 2944
f 4719 2860 2611
f 2826 905 4064
f 4094 3154 4070
f 4188 4269 965
f 1337 1359 3016
f 1503 1294 3548
f 2510 2673 3173
f 3762 3714 1572
f 1175 3104 140
f 3084 2875 2594
f 3342 3983 3598
f 4193 1692 3191
f 2587 1672 528
f 2729 3087 4525
f 4810 4814 1993
f 628 1845 4632
f 3417 2735 3639
f 2066 2718 56
f 2823 3668 2786
f 3065 2979 4912
f 3134 3821 2689
f 4573 9 4601
f 3861 2879 687
f 310 2651 3889
f 2771 3107 4594
f 4672 2888 2841
f 1247 1094 2160
f 2161 2358 3553
f 1511 2746 2357
f 2820 2977 3296
f 3119 2989 3126
f 178 4953 4948
f 3169 3084 3045
f 2955 2974 2983
f 3182 2939 611
f 2645 2769 2509
f 4922 3068 3838
f 1003 2865 799
f 2381 3069 3065
f 420 3110 66
f 737 177 1975
f 3008 3272 2895
f 2695 3976 1991
f 3506 3657 4338
f 2945 2921 4032
f 576 335 1825
f 3011 2632 2823
f 3061 687 2879
f 4927 2797 1558
f 3943 3149 1963
f 4877 4212 2507
f 2250 4008 2750
f 1118 1609 3077
f 4260 2539 1469
f 4293 1052 3014
f 3064 3056 3950
f 2985 4049 3691
f 1051 2908 445
f 4767 379 1065
f 3567 3599 2607
f 2984 2887 3008
f 2959 3241 3020
f 2809 3688 3333
f 2947 2706 3201
f 4133 3255 4634
f 2903 4963 4828
f 2625 2889 1984
f 4942 1610 1250
f 3686 1877 4550
f 4209 747 1346
f 3183 3107 1217
f 4428 4396 50
f 1113 3765 1001
f 2897 1974 3004
f 1169 969 1407
f 2940 833 4561
f 2326 3386 2506
f 4494 1886 4407
f 2955 2569 2974
f 1445 3684 85
f 3068 2802 3439
f 3465 2772 3659
f 199 3745 2800
f 3087 2729 169
f 1981 2861 3851
f 4571 4394 4600
f 4809 3523 4669
f 3080 3333 757
f 2246 1675 2740
f 1387 2855 1450
f 2595 2755 2618
f 2763 3406 2321
f 3600 3694 3620
f 2808 3121 526
f 2144 3121 4672
f 4458 1196 3395
f 1401 2822 1888
f 2924 3281 2704
f 2521 1807 58
f 3627 3897 3477
f 2875 3084 3067
f 2948 2632 3011
f 2978 2953 2100
f 3115 2100 52
f 3838 988 4922
f 4652 3024 4450
f 3180 4411 4325
f 3090 64 3356
f 4177 2855 1811
f 4271 3033 1648
f 3728 4363 3318
f 3883 4033 3953
f 2224 2225 1983
f 3382 3065 3069
f 1345 317 2569
f 4862 4759 4853
f 4480 736 983
f 2789 2609 4891
f 2543 115 3602
f 4017 4163 3914
f 1574 4326 1264
f 2913 3898 488
f 2949 3144 771
f 3044 2810 3122
f 3892 3973 854
f 2440 1408 2309
f 3646 3253 921
f 3068 3105 3838
f 4054 728 1586
f 4501 2935 248
f 1300 3498 4072
f 2242 4608 2280
f 589 413 3117
f 3613 632 4486
f 3813 3896 3512
f 2937 2895 4950
f 4667 2602 4557
f 208 2969 2004
f 3008 2887 3096
f 2150 617 1412
f 3094 3465 810
f 2942 4489 2986
f 4830 4861 990
f 2231 2842 4229
f 3952 1468 3172
f 3344 3421 4240
f 2847 991 1368
f 118 3459 4193
f 3115 52 3277
f 4594 3107 4430
f 2290 2854 2330
f 2781 2864 3036
f 3075 2974 2907
f 718 2198 683
f 2863 3119 3088
f 3183 1217 3236
f 1725 1384 292
f 3975 2260 1494
f 4788 4772 4804
f 3844 1859 797
f 4154 738 711
f 3061 4389 3082
f 1750 320 643
f 1903 947 4964
f 824 533 3487
f 2148 407 848
f 1648 2934 2709
f 1290 1152 1205
f 4443 3493 4887
f 2564 2848 3488
f 2887 3088 3096
f 456 3449 3979
f 4746 2982 2976
f 2922 3073 2814
f 3030 2948 3011
f 3084 3169 3067
f 2759 3118 3082
f 3333 3080 3204
f 174 1787 2170
f 4298 4172 2675
f 632 4466 4392
f 2976 3061 3082
f 4520 3041 3413
f 2910 805 4292
f 3409 3599 3653
f 2991 2509 3205
f 447 1161 635
f 4569 1048 1165
f 2154 958 1845
f 1648 3643 1098
f 3847 2866 4791
f 3595 2831 3131
f 3075 2979 3179
f 2986 3290 676
f 1504 1698 1590
f 3133 96 1955
f 3006 4746 2976
f 1902 2889 2437
f 2526 133 2495
f 4430 3107 3183
f 2197 2302 3514
f 2715 2706 2898
f 4224 2018 4339
f 3203 2745 2117
f 3148 491 3088
f 914 3351 43
f 4663 3017 3182
f 3054 4413 3297
f 2948 3030 3073
f 3630 1216 3809
f 3073 417 2814
f 741 1031 3388
f 2106 3072 3335
f 3690 3941 160
f 1217 3049 3141
f 2946 4303 3043
f 1864 878 4093
f 3176 4501 4836
f 3725 3600 3620
f 1724 2303 2801
f 2830 3153 2066
f 4574 1700 4537
f 3038 3103 3003
f 3741 3934 78
f 1620 1111 4971
f 4335 1979 1203
f 3130 4366 3154
f 3154 4094 3130
f 2610 3041 1937
f 123 3062 3201
f 4430 3098 4594
f 3535 3163 1058
f 4811 638 3725
f 3119 3126 3148
f 3163 1833 2994
f 1362 1590 1596
f 3746 3118 2759
f 4396 2380 4334
f 3140 3356 3147
f 3126 2810 3044
f 1592 1581 2187
f 4835 2983 367
f 387 1543 1643
f 1652 3190 183
f 3019 3316 3282
f 2137 4264 1969
f 3896 4784 3886
f 3388 477 696
f 2590 2005 2914
f 3038 3003 169
f 1192 486 111
f 17 2001 595
f 126 71 1641
f 839 1072 1150
f 3349 467 758
f 3800 461 4923
f 2763 421 1467
f 2967 4084 3195
f 46 2903 4939
f 3176 3394 3223
f 1038 72 3480
f 2504 2688 4538
f 3950 2944 3225
f 3090 3356 3140
f 3073 3030 417
f 2875 3067 3701
f 3120 2899 56
f 360 948 1966
f 2158 2981 4294
f 4694 2540 2772
f 1258 3929 342
f 1314 3085 2841
f 4759 2189 3357
f 4312 938 4317
f 4271 3139 3033
f 3017 3146 3746
f 3006 3082 3118
f 521 719 4358
f 2959 3001 3241
f 3065 3382 3179
f 1682 1520 1194
f 2805 1325 4643
f 3082 3006 2976
f 3011 2786 3135
f 1402 2056 2173
f 932 3023 172
f 3685 3149 3991
f 3362 3754 1821
f 526 4750 4649
f 3164 3621 1846
f 4469 4444 4457
f 3144 4536 1076
f 2572 4409 1480
f 2785 2669 3083
f 3068 3439 3105
f 2045 4821 1479
f 4330 3231 49
f 4291 3841 2945
f 4304 3294 4365
f 4795 807 4730
f 3038 2963 3103
f 3282 3848 3574
f 1118 3129 1144
f 3140 2821 1952
f 3838 3105 988
f 3001 2942 3241
f 2851 2469 2947
f 4016 1520 3216
f 4118 2557 2702
f 3184 3146 3017
f 4 227 2932
f 3814 3201 3062
f 4259 3109 4127
f 3204 3225 2944
f 1010 4836 2703
f 572 2788 2561
f 3088 3119 3148
f 3126 2915 3148
f 1754 1293 1245
f 2147 4399 1789
f 1602 2612 3670
f 4686 2100 3440
f 3339 2958 367
f 1160 55 1079
f 3804 2937 1893
f 3003 3931 3087
f 193 3139 3309
f 3008 3096 3272
f 2920 1567 3679
f 4217 157 4258
f 3017 4663 3184
f 632 4392 4398
f 4625 3451 4558
f 3160 3135 2786
f 3030 3011 580
f 350 495 2069
f 3055 4649 4403
f 3882 3685 3991
f 4240 3354 281
f 2969 2013 1358
f 3642 1137 915
f 3034 343 3284
f 4525 3087 2880
f 3798 3818 3637
f 4749 4765 4799
f 2519 1164 2668
f 667 3199 1100
f 3042 1098 3115
f 3811 854 3969
f 552 4967 708
f 4076 108 4969
f 570 2238 961
f 4247 2691 1589
f 3006 3118 345
f 2560 1712 2110
f 4245 527 3336
f 3139 193 2946
f 4594 3098 236
f 2920 3679 2467
f 3740 2354 4516
f 2894 730 1972
f 4117 3109 818
f 2269 1978 1944
f 3222 3975 2406
f 2974 3232 2983
f 3439 3034 3105
f 691 961 2238
f 4854 4757 1318
f 1580 3091 167
f 3080 3257 1761
f 2393 364 1912
f 191 4220 4626
f 3902 452 4067
f 3684 4556 1954
f 159 1130 4650
f 4625 4607 933
f 4287 1992 1442
f 4332 2828 1793
f 3726 452 3967
f 3134 3478 3130
f 3019 3282 3574
f 810 3125 3094
f 3208 3184 4663
f 420 3988 2028
f 3329 3125 3934
f 2971 1304 3122
f 3241 3037 3020
f 4639 1799 4490
f 4663 3182 3002
f 3062 3934 3741
f 3317 3249 3074
f 3533 825 3879
f 180 2751 1539
f 3064 3445 3608
f 4753 4742 4635
f 3006 3158 4746
f 2572 1479 620
f 3239 2750 4008
f 897 1330 1313
f 3141 3236 1217
f 3949 2540 4362
f 3163 3284 343
f 2974 3075 3232
f 4957 3184 3208
f 3397 4911 2983
f 439 514 586
f 2077 4058 2017
f 2971 3639 3437
f 909 75 781
f 1306 3009 756
f 4061 4936 4195
f 3715 4390 3758
f 3183 3236 1693
f 2585 3394 97
f 4236 532 4297
f 2295 1287 4416
f 22 2241 1553
f 64 3090 3931
f 4635 4678 1233
f 2318 4324 4191
f 3445 3064 3950
f 3962 226 3784
f 4072 3093 1478
f 3083 580 3370
f 2489 53 2762
f 3153 2830 3074
f 4091 4269 668
f 4366 3130 3478
f 858 4068 1260
f 3297 1314 3161
f 1693 3236 3968
f 2921 258 3141
f 89 2935 2899
f 3150 3069 2852
f 4566 4692 4593
f 986 3174 1311
f 3277 4106 3042
f 3298 3105 3034
f 4250 591 2737
f 3297 3161 3054
f 924 3689 3924
f 3053 4293 236
f 1130 4792 3104
f 3131 3249 3257
f 4832 345 3118
f 3075 3179 3530
f 4609 4547 1942
f 4750 4403 4649
f 280 4227 913
f 3203 2852 3069
f 3338 3705 3622
f 3284 3298 3034
f 139 4112 4062
f 4470 4571 4664
f 3245 708 3968
f 986 1311 3209
f 3067 3169 3402
f 4726 4644 4605
f 3160 3299 3135
f 3010 2997 2963
f 1256 635 957
f 3377 3462 4406
f 170 3102 2
f 1734 369 4414
f 4500 1728 3311
f 4140 3227 3574
f 387 4294 1478
f 2994 1833 3376
f 617 1938 1998
f 2068 186 4987
f 3188 2785 4400
f 3003 3103 3583
f 2742 2961 3045
f 3445 3950 1956
f 1916 1526 1456
f 2283 398 689
f 142 3178 993
f 2343 3240 2185
f 3148 2915 3381
f 698 337 3057
f 3253 987 921
f 3800 3269 461
f 3323 976 3773
f 2959 3036 2864
f 2830 3317 3074
f 3315 3773 3094
f 3789 3031 3471
f 3134 4400 3478
f 3125 3329 3315
f 4746 3158 3010
f 3864 2881 41
f 2909 2997 3010
f 2735 3681 3420
f 4174 2299 4079
f 3238 3470 3290
f 3021 2390 695
f 732 4672 3121
f 1741 2113 3063
f 274 2714 2096
f 3493 4443 602
f 2365 3222 2406
f 1985 3032 1835
f 2484 770 3849
f 3053 3160 4293
f 3105 3298 2131
f 3457 3356 64
f 3701 3252 805
f 3690 160 4071
f 1738 4676 1504
f 3301 4346 1367
f 349 4319 3829
f 3037 3241 3848
f 3194 3751 3037
f 3309 3325 193
f 3037 3101 3194
f 772 3876 3664
f 3359 1775 1142
f 898 2606 4374
f 3038 686 2963
f 868 49 3231
f 3070 3815 65
f 3321 3255 3203
f 3053 3050 3160
f 1315 625 769
f 3472 2915 135
f 3067 3402 3252
f 3067 3252 3701
f 2069 476 350
f 402 4042 1586
f 3841 3501 1779
f 3759 3362 2705
f 1540 1954 4556
f 3332 3317 56
f 2998 3252 3505
f 3018 2639 3981
f 4363 3052 3318
f 2897 2578 1935
f 3987 4015 3882
f 3680 16 1910
f 2939 3182 2394
f 3218 2928 1460
f 4097 4135 4243
f 2362 3095 2097
f 3225 3204 1761
f 4549 2787 4418
f 3934 3062 3822
f 3614 3207 1839
f 3238 2986 571
f 4812 4875 4893
f 1210 4008 243
f 2156 2815 112
f 593 4586 1373
f 2983 3232 3221
f 4458 3168 1196
f 3193 930 1636
f 3043 2888 2885
f 3472 3381 2915
f 2715 3608 2706
f 3476 4034 3463
f 4075 3921 4090
f 2205 2375 4673
f 1811 3887 3327
f 3053 3433 3050
f 3581 3350 3355
f 110 3218 476
f 1809 1761 3078
f 3191 3272 2579
f 1241 432 1657
f 3719 959 4834
f 1199 4039 4160
f 3284 3425 3970
f 1969 4040 2137
f 1851 2999 4957
f 3403 3363 3325
f 4869 4960 1250
f 3144 3234 4536
f 3402 3169 1076
f 3146 3184 2999
f 3161 3325 3054
f 3299 3370 580
f 2217 2973 2462
f 2094 2811 4310
f 3227 3316 3019
f 1481 1852 1018
f 3300 3374 3583
f 4960 3430 104
f 4278 3724 3385
f 742 187 3591
f 2968 893 2687
f 3225 1761 1956
f 2994 3376 3303
f 4366 3478 715
f 4820 2026 4882
f 3901 3179 3382
f 4261 4100 4360
f 3069 3150 3382
f 4860 4879 4903
f 4939 548 4947
f 195 324 4947
f 2719 722 3177
f 4355 3968 3236
f 4369 2163 213
f 2985 3122 2810
f 1446 2804 4920
f 1983 3387 1593
f 3080 1761 3204
f 2703 2316 3552
f 4520 2192 3041
f 3505 3402 3492
f 4413 1280 4782
f 715 3206 4218
f 3841 4458 3501
f 4950 1893 2937
f 2809 3333 2944
f 3160 3050 3299
f 3322 3307 3339
f 205 4985 2068
f 2251 3111 1440
f 4809 1557 4789
f 3239 1210 619
f 2999 3187 4408
f 3230 4400 2785
f 3345 472 621
f 2201 3145 2146
f 3187 2999 1851
f 592 1266 4495
f 2016 650 190
f 3867 1661 1180
f 2412 2220 3265
f 4078 4098 175
f 4785 1555 4898
f 3411 257 4123
f 3358 491 3447
f 4080 657 552
f 66 3607 4432
f 3112 3352 987
f 3245 4355 1779
f 94 1056 2487
f 4605 109 4726
f 3322 3339 4911
f 4676 4313 3392
f 2593 1668 3898
f 3292 3433 3053
f 3373 3299 3050
f 1273 995 4597
f 1311 3291 3209
f 3554 1257 2960
f 3307 3626 3569
f 2461 3263 2504
f 2692 3022 1410
f 4755 4798 4741
f 2722 1148 3801
f 3686 2559 1877
f 4610 1170 2653
f 3373 3370 3299
f 2360 4510 4036
f 4248 4093 4318
f 3363 3054 3325
f 3129 1925 2828
f 4133 3657 3491
f 3083 3370 2785
f 3100 1539 127
f 4937 4989 4986
f 33 3005 1795
f 2295 4416 1270
f 825 1538 2591
f 3102 4780 3287
f 3332 3383 3317
f 2676 394 365
f 3647 1251 3782
f 2909 3278 2997
f 3929 2374 2545
f 3101 3282 3268
f 4319 349 886
f 3234 3055 802
f 4324 4381 1777
f 3559 3196 2212
f 3966 3816 3767
f 1003 1911 2865
f 1562 2215 3687
f 3323 3432 976
f 3804 3258 3112
f 3322 3397 3750
f 350 3106 438
f 3720 4152 4318
f 3777 3007 3732
f 3370 3373 3340
f 3274 735 499
f 3501 3245 1779
f 3165 1372 4724
f 4309 2537 4263
f 4820 4654 4619
f 4452 116 2380
f 2265 3162 3619
f 3316 3262 3405
f 4071 4110 4010
f 4749 4727 2176
f 2622 4640 2652
f 4171 695 1298
f 3439 2643 2561
f 4206 2351 3377
f 2831 3205 2557
f 487 4658 230
f 475 1599 1571
f 2418 3200 2576
f 3179 3901 3656
f 4159 3447 491
f 1510 2113 3375
f 1146 1650 4633
f 1865 3181 2682
f 687 688 1242
f 1349 841 3550
f 3381 3947 4159
f 998 55 4792
f 3268 3282 3316
f 3265 1110 829
f 1970 1628 3855
f 4888 4586 593
f 3583 2997 3300
f 3249 3317 3328
f 3050 3433 3463
f 3345 3431 2909
f 2968 587 893
f 4951 4596 745
f 4900 1892 1740
f 4510 2360 3900
f 4218 3419 1851
f 3297 4413 4035
f 3853 3350 3367
f 3268 3256 3261
f 3126 3044 2915
f 1306 2088 1321
f 3805 2180 2151
f 3939 4150 3748
f 3505 3990 2998
f 1381 4267 590
f 4498 327 4522
f 2735 3417 3525
f 3653 3390 3520
f 3268 3316 3405
f 4920 2804 556
f 267 3387 239
f 472 3345 2909
f 1165 1048 596
f 3230 3344 4254
f 3383 3398 3328
f 4486 4378 3453
f 4290 627 551
f 1388 1493 86
f 1708 3221 1501
f 4955 4948 4921
f 7 1657 612
f 2770 611 2939
f 3561 3528 3078
f 2004 4506 2010
f 1741 85 3636
f 1170 3071 121
f 4640 1607 2652
f 285 683 2198
f 3244 639 1034
f 3078 3528 1809
f 1010 32 4362
f 1660 3220 1162
f 2872 4393 1968
f 3194 3101 3261
f 2464 3235 222
f 717 3219 1424
f 2837 2545 2374
f 3343 1501 3530
f 686 2982 4746
f 1081 918 1149
f 3376 1833 1536
f 1219 86 901
f 3477 3863 3627
f 2776 1254 1241
f 3397 3221 1708
f 1631 2742 3142
f 4000 4204 2333
f 1666 3092 624
f 2320 1736 1578
f 3578 325 2294
f 3150 3486 3378
f 2581 3319 3578
f 3395 3175 3114
f 852 3471 1029
f 3569 3318 3052
f 3352 1621 3788
f 3899 179 1858
f 4466 2318 4392
f 3360 3374 429
f 2866 3728 4081
f 1383 276 2191
f 2171 4719 2611
f 4381 3407 1905
f 2389 1203 865
f 3442 3308 3431
f 4708 451 4982
f 3403 3309 4106
f 2131 988 3105
f 2083 1800 2996
f 3313 419 2896
f 3519 3391 1092
f 3134 4094 3821
f 1186 3408 845
f 2335 1230 510
f 1303 4336 665
f 3202 3714 3806
f 3101 3268 3261
f 4438 3415 4888
f 3268 3483 3256
f 808 2743 4523
f 3712 973 7
f 3247 4054 642
f 3532 3262 3436
f 3261 3256 3504
f 4986 205 409
f 1415 1248 944
f 1929 3784 226
f 2057 1379 1055
f 657 3433 4967
f 1017 1227 2184
f 3058 212 4026
f 224 3516 1710
f 3314 3736 3365
f 3314 3365 3055
f 4458 3400 3501
f 2837 2325 2547
f 575 1453 4161
f 4888 3415 4586
f 353 512 244
f 4374 571 4489
f 3483 3519 3547
f 2473 3326 554
f 4723 1326 1745
f 2582 1002 2455
f 3131 3257 3595
f 4607 4633 4391
f 3215 3412 3345
f 1496 292 1384
f 3278 3431 3308
f 3004 1747 1785
f 1077 3408 1958
f 3344 3230 3288
f 429 2674 3353
f 4989 1610 4942
f 2664 2375 2339
f 4934 4822 4889
f 3257 3249 3078
f 3581 3604 3367
f 4804 4799 4765
f 3405 3391 3483
f 3197 2579 3778
f 2368 2753 3850
f 3012 2324 1011
f 3412 3442 3431
f 2784 2914 331
f 3606 3114 3175
f 3587 4384 2933
f 1866 4080 3426
f 4628 4637 4470
f 3355 3224 1809
f 2749 2038 4884
f 4873 1042 2072
f 582 461 3269
f 3403 3538 3363
f 735 2378 2006
f 3123 3434 2016
f 468 4100 4014
f 1685 1772 3210
f 1205 3138 144
f 3031 1715 3795
f 3197 4193 3191
f 4790 3527 4718
f 3431 3345 3412
f 3315 3329 1251
f 3718 609 3547
f 2449 2878 2760
f 1244 4485 566
f 3469 3782 3329
f 4432 3711 1255
f 307 3335 3279
f 2352 3833 569
f 3365 3706 802
f 4245 3336 739
f 3137 603 1152
f 77 3492 4536
f 2819 4192 4519
f 3933 4021 3857
f 1035 2254 4204
f 656 2655 280
f 309 3551 1229
f 3467 3437 3689
f 4353 3331 3400
f 3437 3639 3420
f 3422 3390 3567
f 3363 3538 3546
f 2754 2264 2731
f 3864 646 534
f 3401 3340 3373
f 3504 3751 3194
f 3249 3328 3078
f 2788 3769 161
f 4517 3538 3507
f 3300 3308 2674
f 3520 3371 143
f 1763 2877 2171
f 3585 3447 3540
f 880 285 3351
f 282 2911 3611
f 3314 4403 5
f 3383 3332 3452
f 3307 4465 2307
f 1724 2843 2522
f 611 4431 3002
f 3485 3369 2674
f 2489 2762 2401
f 2722 3801 2939
f 1078 3206 281
f 1181 4984 4975
f 180 3577 1579
f 2493 3744 504
f 3960 4033 4139
f 3990 3723 3436
f 2787 4549 2716
f 3373 3463 3401
f 4968 3481 806
f 3371 3215 3361
f 739 747 655
f 3307 3322 3626
f 1022 4649 3055
f 3733 743 3384
f 3361 3419 1078
f 4754 4854 1372
f 3972 900 660
f 3778 3585 3379
f 3692 2353 1691
f 3344 3288 3421
f 3540 3447 4159
f 3175 3410 3606
f 4047 5 168
f 4081 3318 3569
f 4789 1428 1065
f 3308 3442 2674
f 4968 806 3970
f 4579 3270 4565
f 3411 3380 3721
f 2893 3499 3151
f 3054 3363 1280
f 692 3744 1881
f 4756 1796 4794
f 199 2800 3424
f 4007 3826 1352
f 1718 150 4843
f 877 2886 2740
f 2597 181 922
f 2530 2535 2553
f 3466 3998 2237
f 3895 1847 952
f 4154 711 4037
f 2860 2076 2890
f 3442 3412 2446
f 4909 3421 720
f 3547 3364 3483
f 4300 4208 3396
f 2069 88 192
f 3510 3836 63
f 4517 3507 4586
f 3509 3353 3369
f 3401 3463 4034
f 1714 1647 1427
f 3969 891 3811
f 3469 669 4651
f 4277 1015 4239
f 1022 3015 4649
f 2735 3650 3681
f 1078 3354 143
f 1008 520 1020
f 4640 1021 1607
f 537 3000 459
f 3504 3256 3364
f 3455 3546 3538
f 4034 4909 3401
f 3660 4063 3539
f 3519 3483 3391
f 3432 3444 3749
f 3753 218 2415
f 3801 3458 2770
f 659 3393 2497
f 1504 3392 1135
f 3903 3202 3891
f 3845 1316 2570
f 4028 759 376
f 3736 3314 4047
f 3412 3215 3371
f 626 819 684
f 4274 3453 4378
f 875 394 584
f 4745 4704 1765
f 1906 3456 1970
f 3521 3538 4517
f 1630 1623 2805
f 2287 639 968
f 3114 3443 3400
f 1741 3063 85
f 2554 3706 3736
f 413 2916 4733
f 2847 1368 4031
f 4961 3824 1040
f 3753 2574 2031
f 970 1393 2862
f 3353 3509 3586
f 4561 826 3765
f 4300 1426 4180
f 1177 1488 3977
f 4039 1199 4783
f 1665 2849 4060
f 3915 2896 419
f 3650 3846 1211
f 3585 3778 2579
f 4899 2470 3493
f 4272 1059 2422
f 3504 3364 3473
f 3271 3485 2446
f 3958 4352 2911
f 3503 3412 3371
f 576 1470 4661
f 3540 3781 3907
f 3355 3528 3747
f 1050 2405 1566
f 1759 3143 4817
f 73 1281 4676
f 144 2780 1205
f 3436 2998 3990
f 3691 3122 2985
f 3393 704 958
f 4651 669 3604
f 1270 2124 2295
f 659 2363 2237
f 3079 3828 102
f 3074 3249 463
f 3485 3271 3369
f 3603 4909 4034
f 2429 3636 4141
f 4125 4190 4121
f 4255 4569 1165
f 4492 4679 1391
f 621 3187 3215
f 3505 3698 3990
f 2076 3434 3246
f 3503 3271 2446
f 2998 3436 3518
f 3521 3455 3538
f 3521 3427 4553
f 1572 3494 3762
f 3354 4240 2169
f 2894 634 3404
f 1331 299 346
f 1856 1394 4413
f 3384 3491 3657
f 3989 4038 1274
f 3214 2366 3217
f 2669 3188 417
f 3880 2038 14
f 1176 87 1226
f 4524 2518 4415
f 3793 3379 3854
f 5 4403 3786
f 2323 2466 2289
f 4439 3592 4469
f 2432 3413 2482
f 3606 3410 3531
f 4975 4981 1770
f 3490 743 3839
f 1166 2638 2869
f 1886 84 4407
f 3792 3698 3774
f 1072 3562 4839
f 2743 4226 423
f 4553 3427 3415
f 3854 2414 3793
f 1684 291 3675
f 234 3623 2028
f 3714 1838 1572
f 3580 4782 1280
f 3391 3532 1092
f 3756 1161 4445
f 593 3337 2458
f 3562 142 1004
f 486 9 4512
f 636 3475 829
f 3202 3903 1838
f 3342 2370 3695
f 2086 2244 2679
f 3854 3585 3540
f 3343 3709 1501
f 4801 4783 2305
f 3444 3432 1418
f 986 3209 3100
f 3903 3846 806
f 3981 1219 2431
f 1218 67 4631
f 350 438 495
f 3473 3364 609
f 3612 4544 734
f 4500 2233 207
f 1975 531 4161
f 3582 1690 2494
f 1850 3524 1573
f 2639 1019 3981
f 1747 3004 1633
f 3253 3646 2656
f 2831 2936 886
f 4781 3807 1418
f 3828 3473 1046
f 3558 303 2313
f 3266 2169 4240
f 3979 4500 456
f 4942 1250 4960
f 2231 3416 2842
f 3441 4393 2872
f 3956 1274 4038
f 4077 3476 4080
f 4551 4584 2103
f 4096 3945 3554
f 3443 3454 3400
f 619 2088 3239
f 3563 609 3718
f 1810 2524 2403
f 220 972 467
f 2425 4096 1631
f 3916 3611 3924
f 3390 3422 3503
f 2480 2297 166
f 2206 3610 1989
f 4909 3603 2092
f 1046 3461 3828
f 1516 3312 2312
f 3452 3637 3398
f 3535 3036 3324
f 3271 3422 4073
f 3342 3843 3983
f 196 2673 221
f 1968 4393 1167
f 2139 3802 874
f 3906 633 1099
f 3563 3500 1046
f 3546 3455 3677
f 1428 1557 4802
f 3788 3459 3625
f 1871 3552 2445
f 1590 3028 1738
f 3503 3520 3390
f 3446 3454 3443
f 3494 3461 3500
f 2458 4888 593
f 1638 1578 2268
f 3531 3410 4187
f 1120 3541 3727
f 3690 4071 1327
f 644 1231 941
f 2879 3861 3281
f 4822 4934 1804
f 847 2987 4346
f 505 1012 2829
f 3113 2105 995
f 3754 3637 3452
f 2972 3750 4092
f 3580 3546 3677
f 3792 3723 3990
f 139 4683 4102
f 403 3480 2402
f 837 1569 822
f 2058 4423 2095
f 3271 3503 3422
f 1860 2379 4736
f 3567 3390 3653
f 4781 1688 3807
f 3581 3355 3747
f 3596 3494 3448
f 2263 1803 895
f 1620 48 1111
f 4753 4557 4742
f 1150 2724 839
f 131 3113 775
f 3530 3656 3343
f 3480 556 2402
f 2727 3534 2460
f 1681 1423 1095
f 2285 4550 2628
f 2936 2557 3484
f 4798 3497 4982
f 4146 4086 3958
f 1432 1627 1526
f 1275 3730 1433
f 3746 4832 3118
f 4518 1631 4096
f 3521 3622 3641
f 4892 3951 946
f 4447 1584 1262
f 3515 4193 3197
f 4326 2390 3021
f 4244 1563 2168
f 3448 3494 3500
f 4724 354 4716
f 118 3545 3459
f 2022 3610 2047
f 899 1453 3888
f 487 2099 4658
f 3762 3494 3596
f 3563 3529 3500
f 4273 2240 665
f 3398 3637 3818
f 3782 3469 4651
f 434 3696 3219
f 3596 3649 3762
f 4315 63 1168
f 1754 2738 1385
f 3596 3660 3649
f 2043 4483 2679
f 3455 3521 3641
f 3733 3506 3878
f 2472 3955 473
f 2752 3259 2656
f 3626 1016 2490
f 4035 4413 1394
f 1938 2150 2413
f 3498 1491 3093
f 4717 4071 4010
f 3877 4149 4092
f 4979 4973 4321
f 3547 3519 3673
f 3448 3529 3640
f 4362 4694 1010
f 4775 4804 4655
f 3791 3658 3747
f 954 1349 4340
f 3665 3641 92
f 3103 2963 2997
f 3509 4073 3338
f 2361 4483 2349
f 1519 95 1794
f 3596 3448 3511
f 3074 3296 3153
f 2050 2953 2686
f 4789 1557 1428
f 3731 849 4856
f 4163 1398 4107
f 3448 3500 3529
f 3596 3511 3660
f 3462 3377 2726
f 4285 1839 3207
f 4063 3660 3511
f 3409 2092 3589
f 3539 4063 194
f 4297 4354 590
f 3464 2732 2575
f 780 3151 3499
f 237 3063 2135
f 4142 3985 311
f 3751 3504 3079
f 3511 3448 3640
f 4193 3515 118
f 2662 1389 3418
f 993 346 299
f 8 2396 36
f 3540 3512 3781
f 4292 3305 1987
f 664 3959 4186
f 4623 2419 4692
f 4121 4091 4178
f 2849 3779 4055
f 4742 962 4800
f 1494 3945 3975
f 2228 4287 3911
f 4370 4253 4322
f 4338 3657 3847
f 3517 479 2558
f 596 2719 3177
f 3661 118 194
f 3625 3459 3545
f 2711 2439 2223
f 4756 351 80
f 1573 3524 3880
f 3959 945 4186
f 2891 1124 1519
f 1464 4605 4644
f 2371 3217 2366
f 3638 4150 3673
f 201 1184 981
f 4871 4933 254
f 3358 2579 3272
f 3257 3078 1761
f 3430 3571 4985
f 3071 1170 4610
f 4063 3629 194
f 3449 456 744
f 339 2473 604
f 1939 2838 2629
f 3739 3097 3890
f 4063 3511 3629
f 4364 4208 4279
f 3951 1544 473
f 3141 258 4355
f 2216 1823 3346
f 3711 2081 424
f 2403 3722 1716
f 3539 3515 3660
f 2846 2249 2336
f 3629 3511 3640
f 3590 638 3580
f 1649 3766 1131
f 266 131 622
f 700 2315 4884
f 139 965 4269
f 3540 3907 3854
f 4223 2298 2141
f 2972 4149 99
f 4841 3529 4130
f 3707 2448 3615
f 3761 3605 1863
f 2543 2628 2634
f 1801 3250 2472
f 3704 3026 4328
f 1562 3759 3812
f 4777 462 498
f 3715 3251 3881
f 484 2868 93
f 4628 4855 450
f 1040 3971 1355
f 4151 3660 3515
f 4083 4896 129
f 3364 3547 609
f 4771 153 2370
f 3495 3705 3560
f 252 74 3869
f 3680 3454 3446
f 3640 3529 4841
f 3649 3660 4151
f 2739 232 2117
f 1992 1647 1442
f 3580 3677 3590
f 3617 3589 2092
f 1951 3652 1576
f 3679 1540 3016
f 2132 2172 1355
f 3455 3641 3677
f 4284 2298 306
f 1635 3755 2128
f 1710 1156 4235
f 3955 3250 1639
f 122 3195 1853
f 3717 3617 4077
f 671 3806 3762
f 3212 3615 2448
f 3560 3338 4073
f 3579 3717 1498
f 1260 3132 774
f 3496 3536 3632
f 3935 1225 321
f 4232 3710 2607
f 2035 535 1774
f 3187 621 4408
f 3321 4634 3255
f 3836 454 1870
f 4055 3591 3678
f 316 1005 518
f 1276 1365 4340
f 3465 445 810
f 1872 4268 2078
f 4104 4179 4162
f 2256 296 2454
f 3916 3924 3689
f 4841 3997 784
f 2652 1607 751
f 219 4597 3260
f 916 3154 4366
f 3917 4302 3767
f 3622 92 3641
f 2704 658 4328
f 860 3429 3717
f 647 683 2800
f 3638 3673 1092
f 3790 1818 4588
f 3605 3761 2368
f 3834 3749 3556
f 1279 2341 4497
f 118 3661 3545
f 1764 3601 210
f 1184 729 1814
f 4213 973 1091
f 3787 3086 755
f 3589 3617 431
f 2174 3900 3921
f 2328 4357 389
f 1696 838 3116
f 3750 3709 4092
f 2580 3721 1953
f 72 4004 3480
f 2998 805 3252
f 2834 3688 2640
f 2916 4502 42
f 4472 4442 4427
f 3444 3556 3749
f 3590 3677 3541
f 1025 804 1038
f 3556 252 3834
f 3727 4103 1120
f 3496 3694 3570
f 1096 4821 2045
f 903 4022 3076
f 40 3028 1959
f 3106 3672 2294
f 3723 3792 321
f 3593 692 2637
f 4234 4855 1147
f 4185 2127 2272
f 3009 1321 1011
f 426 299 1852
f 4418 111 4512
f 3816 1645 3917
f 4211 1749 4882
f 1023 1938 1752
f 1078 143 3361
f 4371 3544 3564
f 4035 1394 4347
f 4091 668 4178
f 3718 3547 541
f 3707 860 3579
f 2379 1860 2281
f 4737 161 2649
f 343 1058 3163
f 1191 440 1438
f 520 3039 841
f 4932 4875 4902
f 3667 860 3707
f 2275 1307 2320
f 4671 1233 3357
f 4621 2658 3668
f 2367 2677 2333
f 4792 1130 816
f 1087 2888 3189
f 4167 672 3923
f 4023 1054 102
f 4486 4398 4378
f 3493 602 4924
f 2964 764 48
f 1182 4817 1711
f 3019 3574 3227
f 3754 3362 3759
f 3615 3212 3680
f 2931 1982 2060
f 3798 3791 3818
f 3709 3856 3877
f 1604 1589 2691
f 4938 4210 4803
f 2755 3964 2618
f 3703 298 1921
f 748 255 661
f 332 294 1946
f 3997 3695 784
f 3295 3404 634
f 4313 1581 3392
f 2296 2270 1711
f 2745 3602 115
f 3320 3696 2218
f 2787 4572 4424
f 3693 3727 3541
f 3064 3608 2715
f 3749 3834 253
f 801 402 703
f 3797 3812 253
f 2118 3738 1757
f 268 4569 945
f 2222 3738 4550
f 1962 716 3076
f 3637 3754 3687
f 3733 3384 3506
f 2831 886 349
f 3600 4103 3694
f 339 547 4147
f 3644 3693 3665
f 4863 2051 1796
f 865 3609 4723
f 670 1130 3104
f 3796 3986 3807
f 3883 4010 1323
f 1628 1695 1618
f 3694 3732 3007
f 3707 3615 3513
f 3576 1312 3124
f 4662 4755 4734
f 2890 2531 2860
f 1965 4296 2054
f 4826 4867 857
f 868 3663 908
f 3732 3694 4103
f 3680 3777 16
f 931 949 3911
f 3285 794 4661
f 4941 1006 1049
f 3062 3741 3814
f 252 3556 1216
f 3732 16 3777
f 1739 1185 1998
f 2240 480 1171
f 3793 3942 3379
f 3667 3707 3513
f 3697 3547 3673
f 2644 1933 2506
f 2573 3488 2710
f 3783 3910 943
f 2328 3917 1645
f 3575 537 902
f 2942 3574 3848
f 3756 4445 428
f 3513 1967 3644
f 866 2630 4281
f 772 3904 3482
f 3062 3853 3822
f 1240 3306 1367
f 2076 2860 4719
f 602 4443 4871
f 137 3666 786
f 2910 2875 805
f 484 341 3136
f 895 1803 4323
f 4816 3743 630
f 3836 2296 454
f 3588 3668 2658
f 4921 4818 4904
f 2908 3814 3741
f 3982 581 3557
f 3628 1462 1212
f 3871 3875 4651
f 3784 2682 2832
f 2013 208 2036
f 4920 556 4004
f 3922 1746 2114
f 3065 3179 2979
f 1616 4019 4015
f 2070 831 3263
f 4299 1595 2466
f 3409 3266 2092
f 2517 4242 3776
f 80 4846 4756
f 4429 4376 4456
f 2187 3889 1592
f 4880 2542 4295
f 3919 3868 3974
f 3697 541 3547
f 3697 3673 4150
f 3630 3910 1216
f 3697 3768 541
f 3101 3848 3282
f 3355 3350 3224
f 3908 3935 3685
f 4645 4604 4234
f 3757 4790 4718
f 3761 4786 2368
f 1102 83 2790
f 3886 2911 4352
f 3589 4232 2607
f 3806 3760 3202
f 3708 3379 3942
f 943 400 4111
f 2458 3457 3360
f 3292 3053 3098
f 2813 1334 2853
f 3901 4148 3656
f 1529 1766 2045
f 2384 1142 1775
f 250 3219 3696
f 3791 3798 2259
f 648 2804 1097
f 4206 2919 2680
f 4195 666 4065
f 2996 1800 2828
f 3889 1278 4173
f 3843 3695 1153
f 4791 4081 2490
f 2390 1298 695
f 2172 1139 1603
f 1876 1892 4900
f 2234 2359 2456
f 2885 2811 1317
f 3909 3658 3752
f 3875 3811 3772
f 3200 1348 2840
f 3674 3809 1216
f 252 3910 74
f 1267 122 1484
f 1560 4251 1344
f 1223 3803 3152
f 4320 3396 269
f 3227 3399 3262
f 4364 4263 4434
f 1677 1858 179
f 1365 1547 4340
f 3453 4373 4462
f 1270 1468 383
f 2942 3848 3241
f 4073 3369 3271
f 1599 3716 1585
f 3933 99 4021
f 3760 3806 4688
f 3798 3637 3251
f 314 3666 6
f 3907 4510 2414
f 1202 1493 1028
f 4827 845 991
f 2436 3847 3857
f 2088 940 3239
f 3971 1297 3327
f 4648 4526 4690
f 3733 3878 3866
f 3877 3816 4149
f 1639 2552 3955
f 1907 1887 3734
f 1658 979 2615
f 3624 3897 949
f 956 2436 4025
f 189 2546 164
f 3811 3871 3893
f 4358 719 1606
f 1063 3771 3460
f 2654 2768 4962
f 2849 2216 3779
f 4472 103 4442
f 1079 2193 1160
f 4757 4854 4670
f 588 1036 455
f 3961 3991 3149
f 4390 3715 3881
f 4883 186 397
f 4406 2575 2584
f 1562 3797 3180
f 3878 3506 956
f 3969 1123 891
f 3811 3875 3871
f 3920 3834 3869
f 4411 3797 3920
f 3086 3702 755
f 3687 2215 3881
f 1051 445 3659
f 4185 1642 624
f 1717 2842 3416
f 1050 1589 2405
f 3637 3881 3251
f 3856 1302 1645
f 3273 708 4967
f 2256 2532 2392
f 1535 3729 3837
f 3891 4849 3903
f 2577 1088 1017
f 3768 3843 1153
f 287 1825 147
f 3487 1912 2457
f 836 1066 1451
f 1597 117 1503
f 251 3794 577
f 1592 2651 1581
f 891 1123 3796
f 4801 2305 1513
f 3232 3530 1501
f 315 538 325
f 3872 4280 1103
f 4191 3928 590
f 3928 4236 590
f 3090 3087 3931
f 3772 3811 891
f 4717 3944 1327
f 4422 3594 1360
f 410 2958 2790
f 3866 3878 4969
f 3584 3823 3941
f 3310 1242 4715
f 3843 3768 3995
f 4064 974 4153
f 4618 4739 4580
f 1490 3890 3097
f 1849 2777 1551
f 3793 2414 3820
f 987 3175 921
f 2166 1819 2171
f 1514 264 1131
f 912 247 3840
f 3951 653 3155
f 3264 3844 318
f 1803 3553 2121
f 3823 107 743
f 2876 3905 1949
f 51 3286 4468
f 1729 1445 4964
f 3827 4542 701
f 4582 4601 486
f 939 3913 233
f 3313 2762 53
f 4796 4735 4829
f 3860 2135 3063
f 2699 1119 1291
f 4688 3806 671
f 3944 378 1327
f 3162 2083 3619
f 4510 3907 2721
f 1439 4268 1759
f 3909 3780 3893
f 3852 3974 4849
f 1272 2160 1207
f 891 3796 3772
f 3762 3649 671
f 1516 1479 3312
f 2519 1637 2670
f 2017 4348 2077
f 964 4643 1325
f 3715 3780 3251
f 3522 2617 2863
f 3690 3584 3941
f 3997 1153 3695
f 2945 342 1659
f 3743 4816 3726
f 2983 4835 2955
f 1275 3845 1134
f 2938 868 474
f 2540 3949 2479
f 4221 3857 4021
f 4387 479 1516
f 3143 1872 1525
f 2685 1331 4770
f 2414 4510 3820
f 2600 2213 3873
f 112 2266 2156
f 4972 1361 4327
f 952 4592 1808
f 968 1419 388
f 1122 1044 4412
f 3026 474 2670
f 2780 144 2087
f 3780 3715 3758
f 2384 2463 433
f 4183 198 1188
f 3170 2528 3659
f 3775 3891 3760
f 1876 4900 3808
f 3891 3775 3852
f 3853 3062 123
f 1853 4890 1484
f 842 4781 3773
f 3909 3752 3780
f 752 1377 3306
f 42 166 2297
f 3791 1138 3818
f 4903 1181 1770
f 1963 3685 3935
f 4882 4665 4712
f 3995 3939 4095
f 796 1505 531
f 4868 4810 254
f 2413 770 1948
f 1761 3224 1956
f 3802 4410 874
f 2793 2101 3646
f 4527 1883 1187
f 777 4474 644
f 3995 3983 3843
f 3154 916 4624
f 1996 1822 3289
f 3764 3926 3993
f 4521 327 4382
f 174 3279 1787
f 3557 2508 4977
f 3949 4362 2586
f 3910 3783 74
f 2698 2848 2626
f 3613 4395 632
f 3775 3760 1099
f 3022 3366 3089
f 1125 4136 4108
f 4481 4582 486
f 1756 213 2163
f 719 3799 982
f 4347 3428 4047
f 4848 4619 4913
f 893 2233 4951
f 790 2552 2429
f 3944 4717 3953
f 1939 1246 925
f 3992 3342 3598
f 1399 3851 1622
f 3693 3644 1967
f 3866 3926 3823
f 4027 4969 3878
f 4666 2189 652
f 3630 943 3910
f 1759 4817 4966
f 51 3880 14
f 4955 4931 4946
f 1359 1547 3016
f 649 1487 1909
f 3852 3894 3974
f 760 3389 996
f 4419 4382 4524
f 1062 1382 1679
f 1552 4060 740
f 820 3913 2862
f 854 3893 496
f 4425 2030 1156
f 1481 1018 1378
f 3768 3939 3995
f 1395 1534 4247
f 3926 3866 4969
f 4325 4411 4028
f 1806 1494 2260
f 4365 3294 4239
f 139 4102 4115
f 607 3739 2665
f 4036 4352 4059
f 2987 1928 2398
f 3038 2806 686
f 4242 2234 470
f 734 1918 615
f 3311 1674 4951
f 1778 3789 206
f 1615 766 3770
f 4111 3743 943
f 340 2552 4701
f 4852 886 2936
f 569 4265 4281
f 496 3758 1221
f 3920 4028 4411
f 2935 4501 1821
f 3882 3991 3961
f 2302 2859 3860
f 4786 3761 784
f 3919 3974 3894
f 1442 3911 4287
f 2872 3977 1488
f 3983 3995 1363
f 4965 508 4978
f 4307 4736 2443
f 3611 3886 3924
f 1805 1326 3609
f 4102 4111 3423
f 4322 2298 4284
f 1442 3059 3911
f 3084 3293 3045
f 4508 4584 4576
f 1842 3895 1808
f 3921 3900 4030
f 3775 4002 3852
f 4074 4059 4352
f 4191 1777 3928
f 4088 3920 4050
f 1895 3884 2262
f 4812 4844 4875
f 3882 4015 3685
f 4162 4441 108
f 2516 2546 2355
f 3605 1891 3632
f 4164 2029 2032
f 1949 1312 1947
f 1674 265 1090
f 1094 1247 4446
f 3963 4027 4025
f 4504 4050 3967
f 3986 1123 3423
f 988 3417 3341
f 22 599 2241
f 4603 1729 947
f 4889 2369 4934
f 4650 674 159
f 4965 4979 4958
f 2944 3950 3056
f 59 1039 355
f 2684 2941 2990
f 663 3980 3598
f 3001 4489 2942
f 2175 3977 2034
f 3725 3620 4422
f 3885 2928 927
f 4082 3775 1099
f 2100 3115 2978
f 3473 3828 3079
f 1522 3167 1371
f 4116 3919 3894
f 1943 447 2957
f 589 3000 4502
f 3892 4112 3973
f 1536 3037 3751
f 4734 330 4654
f 3166 4825 2757
f 4656 2478 2452
f 3999 4053 1737
f 4017 3914 4302
f 3466 2237 4847
f 4121 4178 4125
f 3164 4129 3621
f 3787 1755 3086
f 2311 1067 1675
f 4802 1993 4814
f 2219 2969 1358
f 3123 3842 3434
f 2826 4064 1778
f 4002 4089 3894
f 3110 2028 3623
f 4001 4119 1363
f 795 1441 874
f 3164 1846 3137
f 68 1649 264
f 3940 3423 400
f 1970 4262 1695
f 4738 690 709
f 4375 975 2018
f 1917 4806 1903
f 4069 3923 4018
f 3454 3212 4353
f 297 1291 1163
f 4703 623 4511
f 4110 4071 160
f 3259 2818 2937
f 4144 4095 1616
f 1363 4006 3983
f 4269 4091 4683
f 1053 2564 2792
f 4789 1065 2026
f 2406 4043 2495
f 4189 3095 2362
f 4221 3870 1878
f 2766 90 1497
f 2144 3233 3121
f 4074 4086 4005
f 4504 4088 4050
f 1492 3645 1612
f 4428 50 938
f 739 655 706
f 3662 4910 2210
f 4027 3963 4969
f 3858 3851 2861
f 3047 3216 1520
f 4548 4539 4583
f 3473 609 1046
f 3870 4221 3914
f 4553 3586 3338
f 2758 2234 3534
f 3233 482 4035
f 759 4088 4024
f 1297 3971 1040
f 4005 4044 4059
f 4059 4074 4005
f 3894 4089 4175
f 4115 3973 4112
f 4111 630 3743
f 36 848 883
f 4192 4274 4519
f 710 1014 603
f 629 3978 3174
f 4066 1616 3987
f 2197 3514 1936
f 4088 4504 4024
f 3125 78 3934
f 3456 4169 4262
f 3303 1033 3481
f 2810 2775 2985
f 4364 4309 4263
f 524 929 2791
f 3800 610 483
f 4459 4395 3613
f 4312 4316 4442
f 4165 1825 287
f 4919 1350 2751
f 4059 4044 2360
f 3987 4061 4065
f 3066 2829 1012
f 2911 4116 3958
f 4153 3819 1569
f 489 3235 2355
f 4116 4175 4146
f 13 753 1032
f 754 2029 4332
f 3963 3870 4076
f 2347 742 3591
f 2074 1224 1921
f 1881 3565 707
f 4542 4614 4590
f 2352 2741 3833
f 4936 4069 4018
f 4632 958 704
f 4528 874 1441
f 2644 1617 2659
f 306 4256 4284
f 4156 3918 1898
f 1013 1679 864
f 963 3979 935
f 4224 4339 4179
f 2584 3976 2255
f 1737 3097 2042
f 4286 4263 2537
f 4767 4684 379
f 3937 4002 1864
f 3788 4187 3410
f 4119 4052 4006
f 4903 4819 4752
f 4119 4001 4078
f 996 3460 3771
f 4679 594 1548
f 4924 4899 3493
f 4816 4067 452
f 1569 4668 861
f 3963 4076 4969
f 486 4601 9
f 1054 4023 1033
f 1719 1788 3489
f 2142 4148 3729
f 2201 855 2211
f 4005 4086 4038
f 4074 3958 4086
f 4326 1574 2390
f 2991 3205 3595
f 4156 4062 4112
f 4051 2733 1452
f 3621 1188 301
f 4222 4024 4504
f 3882 4061 3987
f 4015 3987 1616
f 1850 1437 149
f 4001 4144 4078
f 3237 3550 2382
f 1573 1437 1850
f 4258 2819 4282
f 3870 3914 4163
f 2537 4241 4207
f 3870 4163 4076
f 2169 3520 3354
f 444 442 1499
f 2918 3313 2896
f 1474 4055 3678
f 2241 4588 3912
f 4052 4136 663
f 4223 446 4067
f 3892 3918 4112
f 4076 4107 108
f 759 4024 4117
f 4816 630 4190
f 2844 169 2729
f 2463 3745 298
f 3181 2832 2682
f 1883 4527 778
f 3937 4120 4002
f 4175 4089 4205
f 2990 2044 2529
f 4217 4258 4195
f 2951 726 2957
f 2872 1488 1875
f 1977 2237 3998
f 4066 3987 4065
f 35 4134 176
f 4078 4174 4119
f 2966 2878 2571
f 728 977 402
f 1127 1377 1056
f 3099 771 3144
f 3193 1636 1086
f 616 1854 1210
f 395 2330 4216
f 750 4905 736
f 641 3972 660
f 3463 3433 3476
f 4044 4005 4038
f 4137 4038 4086
f 2581 3672 910
f 4765 3700 4705
f 3191 1893 4950
f 572 2561 2643
f 2902 2486 2478
f 4128 4970 4944
f 4097 4243 4098
f 4117 4024 4222
f 1742 34 163
f 4183 3621 4129
f 4516 4545 3740
f 4030 4044 3989
f 17 1386 2001
f 1515 643 320
f 4120 4205 4089
f 2903 548 4939
f 4815 4160 1323
f 1574 94 1282
f 2182 1279 2107
f 1286 219 1514
f 4061 4195 4065
f 4098 4066 4097
f 4078 4144 4098
f 4160 4815 2646
f 4050 3869 3967
f 4222 3902 446
f 1219 901 4838
f 4107 4076 4163
f 3996 291 1268
f 3956 4279 1274
f 897 2962 3655
f 3071 1990 4890
f 4119 4174 4052
f 3380 4123 121
f 2713 910 3226
f 384 4113 4632
f 4011 3771 4022
f 1754 1385 1320
f 3387 1983 2225
f 3411 4123 3380
f 3482 3904 2744
f 4808 1318 4757
f 4364 4279 4309
f 2239 2650 295
f 507 4158 2825
f 4146 4166 4086
f 2364 2199 3366
f 807 4850 4869
f 2958 410 4835
f 153 4771 3428
f 4768 2700 171
f 4110 4154 2646
f 4117 4127 3109
f 471 2159 605
f 4037 4176 2646
f 4751 1151 2867
f 4065 4097 4066
f 1616 4066 4144
f 4710 4160 4039
f 4256 4125 4178
f 4168 4182 4062
f 3457 203 3356
f 373 1564 2583
f 4017 3960 4163
f 4807 1309 4866
f 3360 429 3353
f 90 4184 3304
f 4253 213 4322
f 4165 1397 2356
f 2645 4143 2769
f 4575 2807 1370
f 4174 4078 175
f 4062 4156 4168
f 1656 1959 3028
f 4810 4868 4814
f 646 492 534
f 4205 4114 4175
f 295 1228 3181
f 19 2109 315
f 4288 1398 4045
f 1906 3855 1288
f 4248 4120 4093
f 1947 3576 2148
f 1031 1039 59
f 2840 4835 410
f 4200 384 704
f 3732 4103 16
f 1076 3492 3402
f 2945 258 2921
f 3247 406 4054
f 2185 3368 1935
f 2208 286 1347
f 1053 2542 4880
f 4925 2112 4893
f 667 1299 2357
f 4236 175 532
f 4229 4155 1721
f 4241 4137 4166
f 4710 4743 2196
f 3445 4577 3608
f 4114 4166 4146
f 4609 4703 1391
f 4441 4162 711
f 4101 4113 384
f 4211 4734 4654
f 2692 1871 2445
f 1932 1190 2114
f 4139 2196 4743
f 4298 1634 1449
f 4570 4127 4222
f 4173 1208 310
f 3136 1640 2868
f 4097 4099 4135
f 3563 4130 3529
f 1611 884 775
f 4105 2141 2298
f 4198 4114 4205
f 3746 3182 3017
f 9 1542 4559
f 3227 4140 676
f 2248 3957 2329
f 4104 4107 1398
f 4120 4248 4205
f 3568 466 4443
f 1779 4355 258
f 4168 3109 4182
f 3060 129 4896
f 4262 1605 391
f 4162 4107 4104
f 1733 624 1642
f 4365 4779 4304
f 4224 4179 4972
f 4776 1869 4818
f 4937 2512 4824
f 266 4009 131
f 1637 2438 4328
f 4084 741 696
f 4108 4079 1483
f 4533 4585 4545
f 1483 4079 4748
f 4219 4114 4198
f 4259 4182 3109
f 4228 4284 4256
f 4318 4093 878
f 1133 4215 1390
f 4248 4198 4205
f 3030 580 3083
f 2722 2882 1148
f 4258 4282 4195
f 4852 2856 2980
f 3926 3941 3823
f 4099 4065 666
f 105 4084 2340
f 2666 4043 4126
f 1872 2078 4695
f 3091 60 167
f 2480 166 4502
f 2134 3357 2189
f 4579 920 4598
f 4163 4045 1398
f 4959 4917 1154
f 1782 4215 608
f 170 4138 2728
f 136 4351 2040
f 1027 865 372
f 4615 4557 4591
f 4166 4114 4219
f 4836 3394 3176
f 4117 4222 4127
f 3810 3510 63
f 1498 1866 4353
f 1054 3376 3751
f 3769 572 3566
f 518 782 1482
f 3258 1692 1621
f 2123 1628 2116
f 4473 4255 1165
f 3877 4092 3709
f 1474 3678 4945
f 1739 2203 2468
f 3396 4320 750
f 2462 2565 2678
f 4216 2854 1618
f 4243 4135 532
f 3324 1536 1833
f 3577 1713 1579
f 2871 4713 1269
f 4260 4178 668
f 2518 4511 623
f 1835 1347 4675
f 4288 4972 1398
f 3378 4148 3901
f 4962 2486 4621
f 268 3959 1570
f 3525 3298 3970
f 1724 2522 4475
f 4769 652 2385
f 4474 713 3948
f 2030 4235 1156
f 3164 1152 1290
f 4788 4804 4705
f 548 4918 195
f 3699 4122 226
f 3856 3343 2142
f 1572 1838 4023
f 4130 3997 4841
f 2667 591 26
f 2187 1278 3889
f 2965 26 4250
f 1171 165 665
f 3310 4715 2701
f 2778 2428 4874
f 2021 4471 2383
f 2728 437 170
f 2145 4145 2247
f 1047 1005 1209
f 2819 4258 157
f 992 4273 905
f 4462 4360 3407
f 1289 1808 4592
f 4881 1773 2289
f 4099 4308 4135
f 958 2497 3393
f 4585 4540 933
f 4924 678 4899
f 4198 4239 3294
f 4318 4152 4277
f 4170 4182 4259
f 4618 2614 4331
f 3029 190 650
f 45 209 2653
f 3706 2274 802
f 4619 4848 4820
f 4748 4372 1483
f 3788 1621 3459
f 4277 4239 4198
f 2368 1891 3605
f 4196 4259 4127
f 2996 4164 2083
f 2125 1042 1664
f 1322 4031 1396
f 965 4182 4188
f 358 270 2723
f 1237 4819 4903
f 4314 4306 4203
f 4211 4654 1749
f 1022 2949 3015
f 3561 3078 3328
f 2148 3285 1947
f 4127 4225 4196
f 3428 1360 153
f 4797 960 254
f 4974 828 4934
f 4300 3396 1426
f 1083 1249 992
f 4237 4100 468
f 851 4184 2766
f 1205 3173 2424
f 2622 1239 1988
f 873 2453 2796
f 696 867 4084
f 1998 1023 1676
f 3717 431 3617
f 2525 4189 2310
f 579 952 1847
f 3229 3614 1948
f 4291 1659 3646
f 4047 936 3736
f 3632 1891 3496
f 1740 2415 218
f 2155 1927 2098
f 2548 1909 1487
f 3728 3489 1788
f 1752 2590 3946
f 4978 869 284
f 3300 2674 429
f 2588 182 2180
f 4523 1091 485
f 4237 1777 4381
f 4456 4905 269
f 4104 4972 4179
f 4830 990 4918
f 4236 3928 4748
f 18 3696 3320
f 846 1148 2438
f 3517 1550 4202
f 432 1417 1651
f 1436 4280 4484
f 912 3840 4157
f 1507 2992 2778
f 4196 4225 381
f 3584 378 107
f 4701 1454 1061
f 1483 4372 468
f 3248 1358 2013
f 4757 4706 4808
f 4207 4219 4304
f 281 3206 3344
f 4460 2604 1571
f 2027 3633 136
f 4099 4097 4065
f 3302 2960 2080
f 4605 4593 4616
f 690 1064 1783
f 3790 1405 1818
f 1714 1427 2320
f 4259 4196 4170
f 3235 448 2355
f 4101 563 4113
f 4734 4211 4662
f 3946 2590 2914
f 4408 621 472
f 2714 274 1143
f 1284 2219 4315
f 4317 2873 4327
f 236 4293 4594
f 1903 4964 1827
f 1540 673 1558
f 2494 1422 3676
f 812 1434 290
f 2272 2127 2170
f 4433 4342 592
f 913 4227 347
f 4170 4201 2539
f 1985 2293 1980
f 1901 4371 1353
f 4152 1015 4277
f 2608 1300 4072
f 4539 124 4583
f 1927 2697 2146
f 3986 3796 1123
f 4691 1913 80
f 4012 3686 3738
f 4170 4233 4249
f 4194 334 4020
f 1032 3927 13
f 1751 1523 997
f 4443 4887 4925
f 1449 4172 4298
f 3293 4126 3142
f 2687 3177 722
f 3465 3094 2772
f 2191 4290 551
f 4583 4611 4647
f 1902 3263 831
f 4278 154 4042
f 3133 4157 15
f 412 393 3474
f 4612 3497 4690
f 4152 3720 4787
f 4468 1437 1573
f 2949 4109 3015
f 4201 4170 4249
f 3200 3254 2576
f 4416 4733 1270
f 4354 4308 1381
f 4657 4704 4711
f 4373 4274 4261
f 1382 1000 1458
f 2819 4519 4230
f 630 4111 4121
f 4383 4404 561
f 406 3247 729
f 3286 1514 219
f 4359 4365 1015
f 81 2420 3555
f 2873 50 4224
f 2944 3333 3204
f 4230 4267 1381
f 3865 3944 3953
f 4321 4973 2671
f 789 4245 457
f 3007 3570 3694
f 2947 3201 3814
f 2666 4126 2624
f 4370 4284 4228
f 2230 1037 2931
f 2018 4224 50
f 1025 4738 844
f 2984 3522 2887
f 4316 4312 4317
f 2562 3170 2540
f 4378 4267 4519
f 712 44 858
f 2651 1592 3889
f 4237 4372 1777
f 3943 2274 2554
f 2048 1439 1759
f 1882 3248 3243
f 1752 3450 1023
f 1287 4275 906
f 4142 1783 3985
f 4351 136 2613
f 4272 3093 1059
f 3779 2347 4055
f 555 2549 4189
f 1023 3450 3406
f 494 4227 509
f 4555 4233 381
f 4521 3407 4381
f 2747 1217 3107
f 4239 1015 4365
f 4253 4370 1533
f 3935 321 3792
f 4555 4420 4233
f 1161 1375 4445
f 2971 3046 3341
f 4375 4396 4334
f 269 3396 4364
f 1262 1584 1531
f 4337 4435 1411
f 104 4942 4960
f 3368 3654 4823
f 4191 4267 2318
f 4334 116 1513
f 3176 3223 2705
f 3936 1877 2559
f 1408 249 2760
f 428 1859 3756
f 1235 2357 2507
f 4627 2264 2754
f 4249 4305 4201
f 2181 1576 3652
f 873 4361 2453
f 2584 2300 4613
f 2894 3404 2925
f 4434 4263 4455
f 4077 1498 3717
f 2661 3862 2871
f 4305 4249 4420
f 3039 1353 4371
f 3618 2907 2923
f 4960 4944 4970
f 3362 4501 2705
f 3223 976 3432
f 2783 1348 2418
f 4347 1394 3428
f 2750 4343 2250
f 3921 4075 3906
f 1344 3872 1103
f 3749 3347 3432
f 4359 4779 4365
f 561 1204 4721
f 4427 4442 4316
f 248 2316 4836
f 4854 1318 4829
f 2048 1759 4966
f 1756 4322 213
f 2873 4317 938
f 3625 3545 3536
f 4334 2380 116
f 4540 4585 4591
f 2976 688 3061
f 4806 947 1903
f 211 764 2964
f 77 2274 3774
f 4267 4378 4392
f 3950 3225 1956
f 1005 273 2791
f 185 1051 2177
f 125 4143 2641
f 4702 4331 4703
f 52 3337 593
f 1133 48 764
f 847 4346 3301
f 4360 4237 1905
f 4976 4974 4898
f 659 1977 704
f 239 13 3927
f 4339 2018 975
f 1249 2158 2240
f 3481 1838 3903
f 4973 284 4954
f 2373 4768 3676
f 4312 377 938
f 4555 1756 2163
f 3353 4438 3360
f 2802 1093 2688
f 1199 4176 4783
f 4329 1831 640
f 4364 4434 269
f 4379 4420 2163
f 2389 1027 1143
f 244 1447 353
f 1861 2311 2246
f 4439 4469 1533
f 1345 2840 1348
f 282 3611 1364
f 3937 1864 4093
f 2825 368 2730
f 4398 4392 4378
f 3491 3384 3490
f 774 3132 3174
f 375 4270 1561
f 7 4213 2776
f 2087 270 358
f 558 4407 84
f 1965 1112 4296
f 4618 4331 4754
f 4945 2187 740
f 4486 4419 4415
f 4305 4509 640
f 3013 3306 1377
f 4476 4286 2354
f 850 2857 2993
f 2209 3508 1187
f 4305 4420 4368
f 4373 3453 4274
f 4398 4486 632
f 4784 924 3924
f 3492 77 3698
f 4901 4871 466
f 4434 4455 4429
f 2382 841 3039
f 4231 1148 2882
f 4254 4400 3230
f 4761 4846 80
f 4420 4379 4368
f 3749 253 3812
f 2279 3682 2980
f 515 4405 3040
f 3551 2476 1229
f 4549 4512 4559
f 3097 1737 1490
f 4600 4530 4571
f 1957 2164 1576
f 3055 4403 3314
f 1613 2170 3092
f 426 1590 1698
f 3496 3850 3620
f 4085 2995 1655
f 806 3650 3525
f 4404 755 1204
f 1609 1144 444
f 3900 2174 3820
f 4305 4368 4509
f 2434 953 515
f 4452 2380 4495
f 1444 1293 2824
f 1727 1177 1981
f 1534 1226 2827
f 2879 2924 4389
f 2014 4311 1545
f 730 1114 1972
f 2152 3029 1922
f 640 4509 4329
f 586 1500 512
f 4333 4451 983
f 4760 2950 1915
f 4369 4386 2163
f 4342 4472 1266
f 4226 3898 1668
f 2152 4048 3029
f 962 4674 4677
f 2212 4349 3559
f 194 3629 3632
f 1197 149 1437
f 2280 1505 1962
f 3735 4427 4316
f 4402 4476 4534
f 1266 4472 4452
f 3416 1758 1773
f 4479 4435 4532
f 4381 4461 4521
f 4524 4013 2518
f 423 1031 458
f 23 565 2492
f 4480 4451 4435
f 1364 3868 282
f 3267 1204 755
f 2246 2311 1675
f 982 1606 719
f 979 4602 2615
f 1560 3742 1335
f 3094 3773 2585
f 4773 4769 2385
f 457 2676 789
f 4424 4368 4379
f 4584 4636 103
f 4841 784 1863
f 4230 4519 4267
f 2468 1684 955
f 253 3920 3797
f 2004 3805 2002
f 2992 1507 1421
f 4418 4444 111
f 276 1357 4290
f 4905 983 736
f 4386 4424 4379
f 2517 2783 2330
f 1306 928 2088
f 4459 3613 4448
f 2188 449 266
f 1151 1995 1613
f 916 4663 25
f 4424 4380 4368
f 4367 629 3174
f 4509 4368 4380
f 4479 4532 4779
f 3731 1328 3954
f 4941 2128 1037
f 4562 1367 1310
f 4906 4917 4872
f 4709 4761 1913
f 4452 4495 1266
f 4194 4020 1979
f 2110 373 3859
f 4439 4509 4493
f 4551 2103 4505
f 4351 2613 2741
f 4429 4402 4453
f 1992 1999 1379
f 1571 3468 3683
f 972 223 467
f 517 1926 4454
f 4439 4493 3592
f 3584 1327 378
f 4466 632 4395
f 4521 4461 327
f 639 2287 1034
f 798 1601 1446
f 94 2120 1282
f 4678 4793 4622
f 4471 4397 2111
f 584 2931 3755
f 4486 4415 3613
f 660 4464 641
f 2803 2126 2000
f 2217 2462 2319
f 834 727 2874
f 4487 4451 4333
f 4417 3833 2613
f 51 4468 1573
f 2354 3740 4476
f 4376 4333 983
f 4532 4451 4564
f 4483 2043 2032
f 4453 4376 4429
f 4505 4342 4433
f 801 4474 777
f 1778 206 999
f 1232 637 1277
f 3592 4394 4481
f 991 2847 3275
f 2499 4497 2435
f 3588 2765 3014
f 4508 4495 4636
f 4487 4564 4451
f 561 4404 1204
f 4424 4386 2787
f 805 3518 4292
f 713 4474 703
f 1491 1059 3093
f 1982 727 2060
f 4624 25 4431
f 553 1343 3389
f 4808 4830 4776
f 4594 4513 2771
f 2644 3634 2856
f 4512 111 486
f 4380 4424 4572
f 679 2729 2927
f 3186 3077 2748
f 4254 3344 3206
f 3713 2421 3095
f 4391 12 4534
f 4333 4376 4463
f 4493 4380 336
f 4493 4600 4394
f 872 4865 4864
f 4376 4453 4463
f 4499 3740 4545
f 4495 4508 4546
f 4554 4433 4546
f 4064 4153 1715
f 4191 590 4267
f 1485 1743 1741
f 4302 4033 4017
f 4509 4380 4493
f 333 4636 4428
f 4599 4533 4564
f 4516 4532 4564
f 4498 1700 4013
f 4572 4600 336
f 4333 4463 4487
f 592 4546 4433
f 4482 4522 327
f 2089 4520 3413
f 3090 2880 3087
f 4545 4516 4533
f 4512 4549 4418
f 1571 1431 475
f 39 3623 3578
f 2787 2716 4572
f 3965 1733 1289
f 1451 4561 1149
f 4633 4453 12
f 4616 4593 2592
f 3592 4481 1192
f 1961 1799 1755
f 4359 1015 4435
f 252 1216 3910
f 3726 3967 3783
f 2604 4460 2570
f 4447 1421 1507
f 4626 4026 212
f 4395 4459 4450
f 78 445 2908
f 2745 115 2739
f 3174 3978 774
f 4395 4450 3651
f 31 3523 960
f 3869 3834 252
f 2823 2632 4621
f 3939 3748 4095
f 3830 4007 1568
f 4546 4508 4491
f 2015 1941 2178
f 2795 4206 148
f 456 4500 207
f 4342 4505 2103
f 1650 4463 4633
f 4127 4570 4225
f 1421 4552 1602
f 1707 4387 1104
f 928 3346 1044
f 4491 4508 4576
f 4516 4564 4533
f 4609 200 4547
f 4869 1250 807
f 2067 4578 2399
f 4433 4554 4505
f 1296 1611 47
f 3402 3505 3252
f 1480 4409 100
f 4548 4505 4539
f 4073 3671 3560
f 1167 2761 4087
f 2073 4695 2078
f 628 4632 4113
f 3608 4577 123
f 1812 1435 1806
f 4598 920 4548
f 4473 1090 2740
f 3233 168 5
f 4600 4572 4530
f 3407 787 4462
f 1824 1874 1007
f 4186 1067 664
f 4599 4642 4533
f 4599 4564 4487
f 4209 979 1658
f 268 243 4569
f 644 941 779
f 1947 3285 2345
f 745 4596 2952
f 3610 2121 2664
f 780 1582 3151
f 4535 4478 1650
f 4106 3277 1373
f 2848 2491 3488
f 4604 4645 4573
f 4581 4554 3827
f 4641 4537 3024
f 3963 4025 1878
f 4832 3146 2999
f 2726 2821 2050
f 1312 1949 994
f 4394 4470 4481
f 4599 4478 4567
f 4571 4470 4394
f 1065 1428 4767
f 4581 124 4554
f 4539 4554 124
f 4450 4459 4652
f 3301 4562 1316
f 1847 2964 579
f 1326 4723 3609
f 1139 3628 329
f 3581 3747 3658
f 4584 920 4576
f 4614 4491 4576
f 260 4655 4804
f 2042 4685 1885
f 4615 4591 4642
f 832 1469 1831
f 4551 4548 920
f 2629 4173 1278
f 1352 4449 835
f 2919 4613 2308
f 2325 950 4246
f 3502 2335 371
f 4491 4542 3827
f 4664 4571 4644
f 4625 1146 4607
f 3822 669 3469
f 3815 1850 138
f 4574 1548 594
f 1235 2507 1748
f 1639 1485 3636
f 2434 3912 693
f 4804 4765 4705
f 4603 1558 673
f 1980 2293 2047
f 808 4523 485
f 4582 4470 4637
f 3827 4554 4491
f 4432 4124 2081
f 4684 2337 4660
f 344 4953 1897
f 4222 4504 3902
f 2197 2846 2302
f 687 3061 688
f 4388 444 1144
f 4567 4615 4642
f 4611 4583 4606
f 4526 4581 701
f 3002 4431 25
f 3058 4026 1593
f 2535 2481 2605
f 4713 2275 1269
f 3231 474 868
f 4611 4660 2337
f 4818 4829 4776
f 4581 4526 4606
f 3237 2836 3404
f 4623 4559 1542
f 4124 4432 3607
f 4542 4491 4614
f 2606 898 2864
f 4598 4647 3270
f 3161 4303 193
f 1503 1042 2377
f 4704 4657 1548
f 4579 4614 920
f 3801 3081 3458
f 4537 4580 1765
f 4897 4321 4541
f 4585 4642 4591
f 1546 1100 3199
f 4567 4667 4615
f 4573 4646 1542
f 200 4609 4679
f 4406 4613 2919
f 4664 4560 4628
f 4573 4601 4604
f 1325 2778 2992
f 9 4559 4512
f 2817 553 1383
f 124 4606 4583
f 1512 4916 1945
f 1935 3368 4823
f 2666 37 2526
f 2712 4132 439
f 4500 3311 2233
f 4625 4540 3451
f 4567 4535 2386
f 4711 4709 4729
f 4558 2386 4535
f 1283 1591 4723
f 3629 1863 3605
f 220 3349 1
f 4249 4233 4420
f 2671 4541 4321
f 4605 1464 4593
f 4927 3116 838
f 4692 4566 4623
f 1894 4235 2030
f 4540 4591 4507
f 450 4604 4637
f 2614 4641 4652
f 3659 2177 1051
f 3656 3530 3179
f 2305 975 4375
f 70 1084 2711
f 4618 4580 4641
f 4514 4667 2386
f 4526 701 4690
f 4638 2059 2593
f 4737 3535 1058
f 2522 2409 4475
f 2376 4728 2433
f 930 3021 695
f 4962 4621 2654
f 900 3057 3172
f 4833 4720 4826
f 3933 1016 99
f 1829 3776 4242
f 3339 367 4911
f 3960 2954 4045
f 1699 1675 1067
f 2801 2303 2505
f 64 3374 3457
f 4698 4692 2419
f 3984 4590 4614
f 3658 2259 3752
f 4580 4739 1765
f 984 1794 95
f 2099 931 3059
f 4648 4606 4526
f 4174 175 2299
f 1686 4639 1101
f 2744 3904 3923
f 4606 4648 4630
f 4682 2419 4645
f 4753 4507 4557
f 4590 3984 4708
f 4799 4804 4775
f 3195 84 3157
f 4565 3270 4767
f 4656 2257 2055
f 82 4557 2602
f 1502 4592 952
f 3946 2321 3450
f 3259 2937 216
f 4003 4649 3015
f 4687 4540 4507
f 4657 4711 4729
f 4745 4711 4704
f 4729 4547 200
f 1527 1320 3730
f 4745 4739 3165
f 1711 4817 4837
f 4506 2004 2969
f 4591 4557 4507
f 4908 278 2508
f 1553 707 22
f 4611 4630 4660
f 342 681 1258
f 4697 4666 2348
f 4297 532 4135
f 4121 4683 4091
f 1443 68 14
f 3350 4577 3224
f 3085 2144 4672
f 1866 3426 4353
f 4612 4690 701
f 1318 4776 4829
f 1370 1980 2071
f 4615 4667 4557
f 654 4358 1606
f 3454 3680 3212
f 3451 4697 2348
f 3029 2166 1922
f 3841 4291 4458
f 4684 4660 4665
f 4507 4753 4714
f 4630 4648 4620
f 42 1598 2916
f 3735 4316 4801
f 4646 4645 2419
f 2136 3311 1728
f 2936 3484 2856
f 1917 773 2194
f 4618 4754 4739
f 94 1115 2120
f 3326 283 577
f 950 2837 2341
f 3847 3657 2866
f 211 4040 1545
f 4712 4630 4620
f 2318 3651 4324
f 1913 4729 4709
f 2176 4727 4560
f 4693 636 1660
f 4620 4648 98
f 4687 4507 4764
f 4026 4626 4220
f 4670 4754 4331
f 4714 4753 4635
f 3785 4467 4155
f 4037 975 4176
f 4886 4872 1880
f 1069 501 4503
f 2143 1717 3416
f 3635 1997 304
f 4714 4764 4507
f 4662 98 4755
f 1942 4778 4609
f 4982 3497 4612
f 4762 4682 4645
f 4769 4773 4514
f 2591 1538 2073
f 2115 4728 2019
f 4137 4086 4166
f 4692 2592 4593
f 4666 4697 2134
f 4690 4755 98
f 2701 4653 2568
f 251 4659 631
f 1244 2728 4138
f 4463 4478 4487
f 4761 4709 4716
f 138 3320 4777
f 4514 4773 2602
f 389 3953 4033
f 4692 4698 2592
f 4479 4779 4359
f 4495 4428 4636
f 289 1461 3348
f 4762 4234 1147
f 4709 4745 3165
f 4855 4699 1147
f 2610 1937 2469
f 564 2901 4874
f 4682 4762 4698
f 4799 4699 4749
f 4764 4714 1233
f 4712 4665 4660
f 4218 4957 1646
f 1386 4631 67
f 4531 536 3899
f 4426 2965 4250
f 4774 4749 2176
f 3600 638 1120
f 4778 1942 351
f 1617 3484 2659
f 1575 1944 4928
f 4653 4307 2443
f 3495 3567 2607
f 890 3018 1155
f 4671 4764 1233
f 762 1114 2527
f 4755 4690 3497
f 2564 3488 3108
f 2224 4220 1588
f 2964 48 1471
f 4724 4716 3165
f 2407 4385 1582
f 2602 4773 82
f 4665 4882 2026
f 3559 4349 334
f 4940 3930 4929
f 1724 4475 2303
f 4300 1274 4208
f 3352 3112 3258
f 4775 4699 4799
f 1572 3828 3461
f 4212 1038 804
f 4141 85 3684
f 4670 4702 242
f 4772 4744 260
f 507 2635 2565
f 4698 885 2592
f 1494 4058 3945
f 4712 4620 4211
f 4670 4854 4754
f 962 4742 1549
f 4798 4755 3497
f 844 4738 359
f 150 4798 451
f 3487 2457 1830
f 2026 1065 379
f 593 1373 3277
f 2851 185 2177
f 4833 1309 4805
f 3479 1622 613
f 4724 4829 354
f 77 4536 802
f 4671 2134 4697
f 2972 4092 4149
f 1185 1988 1239
f 4620 4662 4211
f 2371 3366 2199
f 3113 1273 775
f 4493 336 4600
f 4773 2385 4722
f 3477 4617 3863
f 4678 3357 1233
f 3337 3440 203
f 2912 4757 242
f 2531 2611 2860
f 4840 4635 4800
f 4778 242 4702
f 3763 709 690
f 4334 1513 2305
f 899 1975 1453
f 330 4734 4741
f 1371 3167 1527
f 4882 1749 4820
f 4807 3700 4774
f 4706 2912 4794
f 1211 3846 1364
f 3761 1863 784
f 4707 4805 1309
f 1102 2790 2958
f 3242 689 2106
f 3677 1351 3541
f 4858 2858 4840
f 1060 4751 2867
f 1696 4806 1986
f 2340 2868 1640
f 1836 370 1862
f 1453 1943 3888
f 508 828 4974
f 4833 4866 1309
f 3593 2637 3912
f 3689 3681 3916
f 2426 4790 2255
f 4952 4948 4953
f 150 1718 4741
f 488 808 485
f 4853 4759 3357
f 4826 4866 4833
f 2453 4361 2475
f 526 4649 4003
f 4755 4741 4734
f 3586 4438 3353
f 4445 1375 535
f 4987 2512 409
f 4680 4805 4744
f 285 119 683
f 4148 3837 3729
f 2287 968 2870
f 4861 4808 4706
f 4619 4654 330
f 2695 3964 2755
f 3826 4007 1000
f 1935 2578 2185
f 4720 4805 4680
f 1120 4103 3600
f 4678 4622 3357
f 818 1898 376
f 4833 4805 4720
f 235 2378 542
f 3961 4061 3882
f 4858 4860 2858
f 2314 4831 2130
f 4408 345 2999
f 4234 4604 450
f 720 3401 4909
f 3617 3603 4077
f 4619 1718 4700
f 4515 2928 3885
f 3416 4881 2143
f 2009 2167 4760
f 4862 4677 4759
f 4844 4812 4843
f 900 3972 3280
f 4172 1389 2675
f 1435 1509 4348
f 1806 2017 1494
f 4807 4866 4785
f 3802 3670 2612
f 4861 4706 4803
f 354 4829 4735
f 1443 1271 68
f 1396 2995 2717
f 3196 3879 825
f 1697 4668 3819
f 299 1331 1852
f 3676 4768 2494
f 1909 3 649
f 4843 4812 1718
f 4865 4862 4878
f 2061 1753 1319
f 1786 314 888
f 2546 2225 529
f 4803 4706 4794
f 4795 4730 4793
f 3523 4809 678
f 4878 4622 4730
f 4772 4870 1356
f 4911 367 2983
f 4859 469 4523
f 4720 4680 1880
f 221 4731 263
f 4721 4531 3899
f 3757 4718 1769
f 4853 4878 4862
f 2730 120 3458
f 1914 4845 4484
f 2167 4718 3527
f 2330 2783 2418
f 4861 4803 4210
f 4860 4752 2858
f 4730 4622 4793
f 872 4677 4865
f 1880 4897 4720
f 1160 140 55
f 834 1234 727
f 163 3502 1742
f 4797 31 960
f 4879 4860 872
f 1718 4812 4700
f 4886 4680 1356
f 4796 4818 4921
f 4803 4794 4842
f 1555 4785 857
f 3365 802 3055
f 1606 3627 654
f 4857 4785 4898
f 4210 4938 324
f 1913 4691 4729
f 4862 4865 4677
f 4795 4819 4850
f 4878 4730 4914
f 10 3930 4868
f 4788 911 4870
f 4725 2424 3173
f 602 4871 960
f 1796 4895 4794
f 857 4867 1555
f 4905 4456 4376
f 3686 4012 2326
f 807 4795 4850
f 1181 4903 4915
f 525 524 698
f 4914 4730 807
f 4864 645 872
f 4849 3974 3868
f 4701 1577 340
f 2052 2354 4286
f 4904 4818 1869
f 4830 1869 4776
f 4870 4906 4886
f 4858 872 4860
f 4620 98 4662
f 4897 1880 4959
f 4857 4898 911
f 2977 2820 2066
f 925 41 2881
f 4808 4776 1318
f 1742 498 462
f 4866 857 4785
f 4865 4878 4824
f 3980 896 3992
f 4824 4878 4937
f 4045 4163 3960
f 4931 1869 4828
f 3616 2312 1767
f 4899 4913 2470
f 4880 2605 1053
f 4910 4842 4895
f 3871 3909 3893
f 4889 4906 4870
f 3731 4856 1261
f 3852 4849 3891
f 4886 4906 4872
f 2560 4874 1673
f 449 4885 4876
f 4944 4869 4850
f 3575 3000 537
f 4973 4954 4867
f 3966 4221 4021
f 4933 4929 10
f 4933 10 254
f 4914 4937 4878
f 4700 4893 2112
f 2883 437 2541
f 1777 4748 3928
f 2104 3719 4399
f 4453 4633 4463
f 4932 4893 4875
f 4896 227 3060
f 985 3813 3947
f 2210 4895 4930
f 4439 4329 4509
f 967 4877 1299
f 2337 4647 4611
f 393 1315 3474
f 4904 4955 4921
f 2070 1951 831
f 3292 4967 3433
f 1893 3191 1692
f 3645 2243 1612
f 1789 4943 1082
f 2473 583 3326
f 3427 4586 3415
f 3682 886 4852
f 4937 4914 1610
f 4922 3341 3046
f 2464 2476 3932
f 1037 1108 4941
f 366 2287 2870
f 4958 4917 1780
f 1355 4961 1040
f 3751 102 1054
f 4957 4218 1851
f 849 1169 4856
f 4913 4700 2470
f 4893 4932 4925
f 1214 2015 523
f 1960 1971 2037
f 4963 4946 4828
f 4955 4904 4931
f 4912 2979 3618
f 4940 4902 134
f 3187 1851 3419
f 2080 1257 2736
f 1283 1745 1840
f 308 1786 4421
f 6 888 314
f 4871 4901 4933
f 3322 4911 3397
f 4892 595 2717
f 1080 1055 923
f 1676 3406 2203
f 4969 108 3993
f 466 4871 4443
f 4929 4933 4901
f 2177 3659 2528
f 538 91 438
f 4224 4972 4327
f 4954 284 869
f 1704 2140 1723
f 1240 4346 2987
f 4981 4975 4988
f 326 172 478
f 3662 313 4938
f 2385 652 813
f 3311 4951 2233
f 4963 2903 1495
f 3961 2744 4069
f 313 46 4947
f 3243 4966 4817
f 4984 4988 4975
f 4983 4981 4988
f 4985 205 3430
f 4984 4985 3571
f 4983 3571 4128
f 4983 4988 3571
