v -0.265051753432609 -0.00983694447748675 -0.282216724316629
v 0.185506956438784 -0.297115482509234 -0.300606814176518
v 0.415528542636913 -0.137445933790333 -0.351813366341871
v 0.285764002924898 -0.193813475732322 -0.299006788721739
v 0.456638665900815 -0.0449864644566191 -0.347935802030961
v 0.36277716933552 -0.102027851243266 0.0465394383898038
v 0.364339411025339 -0.149962825516152 -0.36677898650054
v 0.202309688685235 0.249847680014089 -0.215238825719064
v 0.000959066972310949 -0.255339231455589 -0.274942296237446
v -0.0629923707170661 -0.269516118960717 -0.0370881368469854
v 0.0783553511220453 0.336483416646291 -0.22270845642733
v -0.0650228861876066 0.242757656735123 -0.188962465050794
v 0.38016089609472 0.0167574117980462 0.0331623275728703
v -0.0634193515677986 -0.222667459419199 -0.168503899757681
v 0.232932054773153 -0.25016090537461 -0.303007197141712
v -0.312928725283703 0.0581820716249061 -0.235929930607816
v -0.248064427529557 -0.0737105994682175 -0.266314175344349
v 0.195925198027732 -0.285218048503074 -0.216925981994149
v -0.0668229778963953 -0.276085291438304 -0.0695591643894054
v 0.370161701681429 -0.11143530596982 -0.232912594494281
v 0.401722125269515 -0.0800440143523911 -0.22934115242651
v 0.00141272680420643 -0.288661954294114 -0.0484869360863389
v 0.369719259794759 0.0843249307514604 -0.23456975632627
v 0.348073026081296 -0.133670888708876 -0.267633972836043
v 0.277308636669034 -0.201778122544881 -0.221555935078631
v 0.398504097524147 0.0543527882803403 -0.162847594035238
v 0.353227785766249 -0.134484020587954 -0.319857954034082
v 0.312876445662437 -0.167901771185945 -0.242221497312548
v 0.135617309268109 0.309931913437757 -0.225361599262856
v -0.212169491608072 0.120284616690256 -0.203526225412348
v -0.14097214500804 0.136264307004886 -0.24648694504165
v -0.0576400058455112 0.200061073588676 -0.27101524637365
v -0.166956116136864 -0.144825212187614 -0.218025895526493
v 0.417696673855803 0.0877116139941287 -0.335649213854348
v -0.0423738015575502 0.297876253541306 -0.131002458901432
v 0.116395955153178 -0.349062664346494 -0.247161554661122
v -0.247149240595425 -0.0564699464818574 -0.279864001284576
v 0.501326441869775 0.0114562775451913 -0.267332008988911
v 0.248110445661242 -0.232043967431105 -0.220539604876218
v 0.34361384386968 -0.145954490780029 -0.35427241187551
v 0.264736015928115 0.187637341891176 -0.247680651812487
v -0.125538405838829 -0.183085131983549 -0.199713453842839
v 0.293975105230952 -0.186033035336605 -0.286900477917014
v 0.255042798377601 0.19923007921485 -0.283498262047894
v 0.00893445800695947 -0.275743374720789 -0.227491555415548
v 0.288047057674073 0.164707549275081 -0.263374215491649
v -0.268356211306559 0.115639172856986 -0.208423267201318
v 0.330785492624668 0.123663630390947 -0.234198060949847
v 0.293386762513609 0.159252113297486 -0.247913580889892
v 0.343773312796504 0.110689735502924 -0.240139796776533
v 0.374895771482579 -0.119166019034011 -0.291488182672791
v 0.0762997257237225 -0.326700744488835 -0.278435210534233
v -0.0638898382508861 0.197077418543353 -0.253023540974095
v 0.245393305425459 0.209112735805332 -0.291291240169261
v 0.25839957643998 0.194894691849926 -0.266162861832114
v 0.283343694841945 -0.196528005276692 -0.257042704811678
v 0.164758648420959 0.287143520683588 -0.247311678838743
v 0.144228707578124 -0.335611909079238 -0.265540422836659
v -0.204165783518125 -0.111813083508443 -0.234066038955001
v -0.0592450837693112 -0.280844590052335 -0.0880458464868323
v 0.350997733223597 0.101343085017356 -0.18811160004808
v 0.370463285928085 0.0251937117296155 0.0435424786529414
v -0.239305068080581 0.13770444936168 -0.188322238053367
v 0.0778962892459185 0.237767303477497 -0.0382998866224894
v 0.271565218725773 -0.208055972652726 -0.292543598092997
v 0.20751550833535 -0.27269429988575 -0.132094412984511
v 0.0480928113090099 0.309362814699329 -0.267814342250012
v -0.0307891007869875 0.30350710558802 -0.166178816763415
v 0.445245694553273 -0.114129683141614 -0.345761554647733
v 0.0850485928576424 0.320670863166719 -0.259689395092229
v -0.119804400668944 -0.192182448717041 -0.182245414683299
v 0.30596801131089 -0.174764975971071 -0.281590664235611
v 0.242937773171488 -0.237099587067783 -0.0883723876692451
v 0.143227284017841 -0.317401277939157 -0.082888725312599
v 0.321636650041042 -0.158965461132659 -0.224158269983502
v 0.368163132102361 0.0864578993689408 -0.162195238311474
v 0.0234732667118658 0.317208011554222 -0.240359019213355
v -0.0810993516861089 0.181582874637512 -0.228337468605703
v 0.133357927571394 0.273589642901123 -0.314201499091449
v 0.290096702949592 -0.189359296483273 -0.234261564934996
v 0.293958854909605 0.15978168952333 -0.210351301767665
v -0.0999455831673126 0.139610463960901 -0.288055189609337
v -0.0714958026641934 0.194214366811754 -0.234831538025763
v 0.249180297342303 0.203820574981904 -0.251551296973529
v 0.278008532281183 0.173441905858233 -0.245471474154487
v 0.0622210014579422 0.212853942409804 -0.0170406980104759
v 0.157350212083086 0.0811119293167998 -0.38554271472513
v -0.185467081738714 -0.0321701917042911 -0.326589353237361
v -0.158117141986582 -0.152455896589709 -0.236114081040422
v 0.255418372150246 -0.227339423133677 -0.157692813574162
v 0.447697789337925 0.0701091466519445 -0.310168825766863
v -0.219315421719893 -0.0354383459947494 -0.289870772962601
v -0.00185086295422889 0.298500069850883 -0.239342293766359
v 0.0724781388943073 0.310981950287793 -0.271095848488746
v 0.450177848083267 0.0647302633552054 -0.332288445167426
v -0.174693777173823 0.167727662892674 -0.157201478646269
v 0.374463805187107 0.0771600533737678 -0.278382775691951
v 0.410906888257605 -0.0638137457328328 -0.39176111664137
v 0.378912739828193 0.0748909892023798 -0.198465076893788
v -0.0904460061521369 -0.215419807266267 -0.168738757652062
v 0.197425932200259 0.244588773590169 -0.343871892873559
v -0.0211415181484282 -0.225775744548675 -0.255136042815693
v 0.196296951816368 -0.284115976392734 -0.288973358081866
v -0.246913516009412 0.154248552349054 -0.172473994369778
v 0.342550392614739 -0.13767114103842 -0.285890698449927
v -0.0894552849314086 -0.195182300016973 -0.222207408464898
v -0.231967577616176 -0.0649020856579422 -0.274516479242561
v 0.422942701849155 0.0299463550790625 -0.227288435473695
v -0.202621579015129 -0.0765752162535104 -0.269470933954656
v 0.267348138043975 -0.211755855785907 -0.252225710514889
v -0.213758475101176 -0.150692607872336 -0.193129179338372
v 0.295180349630855 -0.184818875733034 -0.267441569777649
v -0.145613324241131 -0.235544241877833 -0.104611605658702
v 0.0965604026152534 0.280631554609013 -0.306404627924264
v -0.0322950779639339 -0.305815422401678 -0.128832557523981
v -0.227249302570461 0.00716266086815436 -0.327197018616639
v 0.403619471175657 0.0512718336105616 -0.182200458489786
v 0.480076387709906 -0.0525538259334273 -0.324337491430303
v 0.217871378481781 0.236911335849924 -0.302972693486318
v 0.375860237097227 -0.0435159218108295 -0.424494724254105
v -0.179075193950389 -0.145518864193035 -0.201040023870631
v 0.439224853055286 -0.099596268689413 -0.362929585055029
v 0.148123274995889 -0.322786603068822 -0.296492609601602
v -0.23384319660309 0.000303838660578971 -0.29786184998839
v -0.0613612308953001 0.221356086196991 -0.221912993280547
v 0.117152294063377 -0.337307692395076 -0.281345950251974
v -0.15046334514514 -0.163071782220389 -0.253623409098539
v -0.255231920789147 0.0661204529811002 -0.2552746305104
v 0.298274944897792 0.154973756479391 -0.300545139093102
v -0.164746159283884 0.150897251203701 -0.182446391331558
v 0.204681491508393 -0.0995641628798528 -0.42753267049036
v 0.400597916005463 -0.142676955160908 -0.318665352780436
v 0.210868685205841 -0.268631558646156 -0.290675897090641
v -0.172649209058637 0.126732040452314 -0.219609889259425
v -0.165426486110534 -0.146220467382089 -0.25665803931005
v 0.395608452634637 0.0688330129507608 -0.384921015692592
v -0.249058035515011 -0.00284318484047158 -0.291436343958075
v 0.178066279368628 0.273098522432771 -0.259822383005644
v 0.246210732325582 -0.234656596959738 -0.277411806138081
v -0.246828088455023 0.0937508474369068 -0.229084068788849
v 0.252643815818555 -0.204543730129527 -0.41624268866693
v 0.237093772629407 -0.245262105615324 -0.287671054776023
v -0.325768922090958 0.0447279329939767 -0.225589484595523
v 0.336028660876357 0.11741383813282 -0.29108518646871
v -0.0470097689749458 -0.204100264756072 -0.233645894994647
v 0.0293541377183951 -0.283075333258745 -0.308096721937493
v 0.498489179911398 -0.00420334575355226 -0.303275978359516
v 0.470647420708733 -0.0401883548579295 -0.334433552040427
v 0.419230146104686 0.0480590610804214 -0.262899804782499
v 0.112951221305618 0.307475371219471 -0.276741093484393
v 0.343697185630093 0.0981527932275898 -0.322694135033326
v 0.444789081551569 -0.0491171491735436 -0.359902254982471
v -0.159529825376982 0.1277292453781 -0.25175769534433
v -0.190124476376955 0.1063969784869 -0.24470948856767
v 0.4075563575529 0.00310262803664018 -0.395006140493411
v 0.0514647892299306 -0.279344743138837 -0.344127718910534
v 0.336086131818073 -0.145542974296657 -0.252439313990808
v 0.449633520255884 -0.0136921907492282 -0.354600026327207
v 0.353687267873995 0.0994176411198637 -0.208604391606184
v 0.449548320027358 -0.0833174348146947 -0.355518586556202
v -0.305158436527413 0.129180930033005 0.0165066845350168
v 0.166024576017527 0.231136651143968 -0.0335084933573848
v -0.0462261932490154 0.217176781684061 -0.27507235530053
v -0.0557994834826961 0.261576420798511 -0.187289028928612
v 0.0402111148496152 0.330633439240466 -0.227997020490906
v 0.36717050860956 -0.13913380840446 -0.323315470035225
v 0.46154865189036 0.0578920574952355 -0.311963449721068
v 0.0158503806666427 0.323129956814603 -0.221935524584491
v -0.0604761092210147 0.20921446802425 -0.23883576451784
v 0.465692018847123 0.0501302447185036 -0.280550529772991
v 0.466727166064644 -0.090206796431464 -0.331460115180623
v -0.11595352165048 -0.183273994540519 -0.249019091495077
v 0.264985096811414 -0.207562532929603 -0.344682780940798
v 0.1216659094393 0.296519170101724 -0.28919168552587
v 0.19152244066707 0.259437433737223 -0.275772527626267
v -0.244255114625177 -0.112696646009951 -0.2298622790191
v -0.237986070678867 0.105334847545272 -0.217612941341436
v 0.406741340800028 0.0466673576113653 -0.203809750885838
v 0.24739059848387 0.205869378294624 -0.202261381017276
v -0.0750205741829242 -0.205410285205359 -0.207483929437262
v 0.20568819972138 0.24655257059503 -0.251441724084064
v 0.225805398533826 0.227081422743641 -0.240495348845968
v -0.216567261861701 -0.053199141198961 -0.282829803050424
v 0.288212179737858 0.164253564226991 -0.230355638678678
v 0.404992981215154 -0.0460531097920258 -0.397295077206343
v 0.10449907784002 -0.343639088477778 -0.264073793170588
v 0.272804206588631 0.179261053526823 -0.263922516779634
v 0.158745589806199 0.289185973006104 -0.228835564941933
v -0.210249187642891 -0.16708461911643 -0.17683173857853
v -0.0307205826008352 0.233346550715806 -0.31186220656015
v -0.130730885516582 0.165158615335142 -0.190936245529365
v -0.0676501893002471 -0.199362775964162 -0.225195865252592
v -0.173831627803501 0.120569297472505 -0.238474586838823
v 0.00566776871652591 0.277517209816117 -0.289880125430242
v -0.100549641027274 -0.18829421956155 -0.260810286414235
v 0.466940853094766 -0.058406863666627 -0.337928496533757
v -0.201603637883832 0.145110746684059 -0.17900254228212
v -0.120703228165501 0.145990329523199 -0.239717296775184
v 0.42814289907622 -0.0895212443953146 -0.375581366240507
v -0.0387330931426701 0.248332643723787 -0.243390865236085
v -0.17793390711284 -0.129376059310242 -0.258719923424729
v -0.0024548534115266 0.325510217007264 -0.179958721553563
v 0.485492528819386 0.00570822865426186 -0.317614164852599
v 0.414293717209807 0.0868874285104056 -0.31786620425981
v -0.273436246330553 0.129997110825779 -0.194307555687119
v 0.39058758960758 -0.0462079463635491 -0.41078252491121
v -0.170236997116983 -0.211443400399631 -0.316864419903107
v 0.0468648876787183 0.3235451074289 -0.245628362441195
v 0.136336395092755 -0.333401954027814 -0.282956793014856
v 0.406289125306843 -0.0975483124093741 -0.261555667024718
v 0.462278525817225 -0.0791405102952697 -0.238454564686058
v -0.050831001177849 0.226728651893633 -0.240001579706093
v -0.041478521566796 0.230681553429691 -0.259230569137311
v 0.093970813635378 0.308340786480814 -0.276094449352269
v -0.0168522876836782 -0.241567922355892 -0.219037818383378
v -0.0212489578964234 -0.229031463702478 -0.234900503030608
v -0.260285993412552 0.141827794401885 -0.184390180749915
v 0.168524677361433 -0.313097940539631 -0.272926816814081
v -0.0110972972313187 -0.241425433436385 -0.289534916757218
v 0.410011820421071 0.0614147625616974 -0.279693114341601
v 0.124514087156587 0.265080564419868 -0.324669406046877
v 0.191444804108055 -0.290005471118142 -0.321002391025303
v 0.0284701362474931 0.339590195054752 -0.188592014890171
v 0.39966176875663 0.0516960146530786 -0.264108586856931
v 0.156101941389285 -0.326859024342171 -0.25794888949709
v -0.0948927104034939 -0.223106033771364 -0.147081499060808
v -0.0819773900043146 0.214093459259274 -0.184291675737748
v -0.265619776070664 0.0191983921574601 -0.406713083480696
v 0.0365243355409061 -0.308089207921452 -0.239798954784125
v -0.0462640280301915 0.288768258509658 -0.168371991088332
v -0.0595245737378763 0.279330947887441 -0.152162713704832
v -0.251737165998027 0.0261873252166965 -0.377029721108789
v -0.196373245923042 -0.104027488268481 -0.252089984240649
v 0.308982801406392 -0.172097156116122 -0.262671045007046
v 0.304321573820595 0.148922186108177 -0.240031421519969
v 0.40994949834084 0.0420206952238832 -0.224422834266789
v 0.398173978631752 0.0536374362064248 -0.242496879251006
v 0.00191229165904702 0.293047207337273 -0.255806688995879
v -0.233520820824825 0.013735442669906 -0.345369929522651
v -0.236736748251597 0.0464327343657349 -0.338290440756392
v -0.176435832452344 -0.0512270635522715 -0.315368041408543
v -0.1440558746085 0.166132387535979 -0.179225284405947
v -0.0111646948678403 0.264065215310463 -0.284952432571754
v 0.375026390632542 0.0787981541591359 -0.179258085147878
v -0.108365001904142 -0.192187331344523 -0.210750249241881
v -0.152005672625523 -0.158686262927584 -0.216785363241854
v -0.0872908962966728 0.16437927184517 -0.239158730584409
v -0.175521736846061 0.116682157856329 -0.257123502706249
v 0.389564685513448 0.0634256141977031 -0.181825338445217
v -0.180632521209354 0.112045299903482 -0.276307917118617
v -0.0295326002273469 0.238343557343352 -0.293446856827993
v 0.391416801706371 0.0867303850050815 -0.313671941106526
v -0.282966824605505 -0.0654504932525731 -0.262089327283556
v 0.377799115874288 -0.144986193256137 -0.374172486645138
v -0.155430492277725 -0.207928251244929 -0.136051361587702
v -0.146198398723196 -0.172765421655747 -0.269244681051862
v -0.078185970264992 -0.191247188962342 -0.255912822155794
v -0.193774078827577 -0.134377450065636 -0.311823330315781
v 0.425005325606443 0.0290028658246309 -0.147167512453365
v 0.428188862362777 0.0267918392420817 -0.169055233590316
v 0.460061262046814 -0.0257070836436993 -0.344784475520105
v 0.43093365879631 -0.131025126899935 -0.337869312359642
v -0.0613238975760758 0.228699896772041 -0.033891775778987
v 0.382928829620417 -0.0626464637654995 -0.417585940099881
v -0.189228619480817 -0.204783538084758 -0.318273110216892
v 0.379339959937689 -0.151008237519206 -0.351356417363108
v 0.0263769161100915 -0.288140497965966 -0.275419658742641
v 0.230096324215258 -0.238905086354624 -0.377788007977325
v 0.244391580989322 -0.225296350967159 -0.369584615304139
v 0.22761969966878 -0.252557620081861 -0.253111900450282
v 0.185172545521804 -0.295026510609723 -0.226663876113261
v 0.401926250948688 0.0905169541439284 -0.352741811762454
v 0.4106507356149 0.0405159539738554 -0.246254719052425
v 0.407166329188013 0.0773363888777403 -0.370869580753227
v 0.385417449266271 0.06683725208652 -0.25960834606027
v -0.0974591353251457 0.173447916990583 -0.20694180096541
v -0.119034571558254 0.187129777249604 -0.157145734736393
v -0.071876685343348 0.215087949658219 -0.205572329127932
v 0.148908746746506 0.298758006955544 -0.217634120617787
v -0.0578002456427453 0.272126352713082 -0.172039538126086
v -0.313950518663969 0.0345579533581083 -0.237429645322614
v -0.289925764037754 0.0114834379127553 -0.260983473538838
v -0.308003235503403 0.119047209957597 -0.19259544647893
v -0.18788764800005 -0.170772396423446 -0.171343800071725
v 0.0542514563264952 0.277422199063928 -0.309096366876928
v 0.464600637718919 0.0297362465483432 -0.338226675269431
v 0.349735232172517 -0.132026778197756 -0.170137297626029
v 0.360001820407939 0.0935451424495474 -0.272143773266314
v 0.410340882560157 -0.111292832875526 -0.274226074577804
v 0.205571846524404 -0.274596245562554 -0.272195846576618
v 0.232430425782558 -0.246632836932648 -0.272704603937732
v 0.024551748639867 0.250999131910151 -0.336701469836017
v -0.18576759385607 0.108303058687165 -0.294908696417843
v -0.245318480348705 -0.139559382940705 -0.204621031429237
v -0.0739294312464546 0.161478683967841 -0.277750750079306
v 0.177458514841401 0.272903991280901 -0.275833124235617
v 0.0549277709026741 0.340080502610952 -0.215109508022908
v -0.194912545367532 -0.0962195565005581 -0.330872190775861
v 0.44940320958912 -0.00693559749290011 -0.0862624855324642
v -0.0359991550407484 -0.30273789112062 -0.0772393533929512
v -0.327999434519964 0.0250022920090995 -0.223554934358106
v -0.166304681056486 0.139158825497878 -0.201146658804694
v 0.470432646606503 0.0489608747620905 -0.295582207069972
v 0.498074540331606 -0.0276750948767606 -0.30700664133962
v -0.224900573145022 0.0698322354146284 -0.270010627550985
v 0.250904166034067 -0.222097604871991 -0.349156920394785
v -0.232159244464171 0.072153933355441 -0.252925143815219
v -0.157902137743469 0.131899900911212 -0.235284657234997
v 0.497933945604142 -0.0629185977959367 -0.294442742014033
v 0.494806817836748 -0.0463878795278864 -0.308712060111975
v 0.388589873944524 -0.107327833995267 -0.276279702086149
v 0.323301877149536 -0.15820627670209 -0.257842218053975
v 0.357654543809698 -0.144564466749813 -0.384662646615084
v -0.128302892273781 -0.177158686729482 -0.234599122511696
v 0.185347423877634 -0.295333911438885 -0.245299881394016
v 0.408624472454937 0.0448482744477889 -0.14390328444621
v -0.0782046533850479 0.18069260071914 -0.312312431283052
v -0.214911682639818 -0.194144519509851 -0.148716572079077
v 0.238603170651577 0.213467837935261 -0.188187472674528
v 0.368443205316951 0.0973061981386886 -0.347526510063282
v -0.12833714043835 -0.22770163129514 -0.120022658072055
v 0.0668976680922022 0.329221441661667 -0.133823950444549
v 0.234022047128998 0.209541414390187 -0.367645177936848
v -0.281744907626922 0.10315984314042 -0.219214508456952
v -0.153731638174189 0.192160990765491 -0.135128964376173
v 0.315436303302714 0.137521897329489 -0.205998716732919
v -0.215349958986737 -0.0710596782020634 -0.268883241129696
v 0.33762911353927 0.0959813908460282 -0.33920370636918
v 0.355522833918513 0.0943803791014941 -0.329653345045122
v 0.375883460978604 0.0670911258705834 -0.39069318911484
v 0.436814553544089 -0.0190654689457514 -0.367202350453322
v 0.171800022706453 0.276587441132942 -0.230731771354764
v 0.259126522182159 0.194599845527359 -0.21763595993739
v 0.426727784362248 0.0279033270637423 -0.377900978166025
v 0.426814559227635 0.028642668975684 -0.0871522888567353
v -0.0449923782505929 0.294135193193093 -0.149491093259296
v 0.460664724786326 -0.0315543879453497 -0.214527216069651
v 0.148216769365096 0.248266318684741 -0.344636024625529
v 0.129059820956354 0.252601769961046 -0.339581672773085
v -0.0600681365188784 0.212148049159581 -0.327928233137355
v -0.1391797357149 0.175817816983657 -0.332369766821839
v 0.404482120044542 -0.0818053029725916 -0.397596905964381
v 0.396073353647667 -0.0976979666873625 -0.40152306328581
v 0.0247707600302069 -0.349700051830539 -0.126320668887427
v 0.385150717518542 -0.0972577108279076 -0.141324685972562
v 0.423266650338623 -0.0588008239346119 -0.155118359630527
v 0.428196574436743 0.0603749036388073 -0.276873869037027
v 0.281787818070048 -0.198965037792048 -0.161352060659981
v -0.232952616610318 0.166913301530382 -0.15990592004676
v 0.511076539360407 -0.0365152427098116 -0.274159912461671
v 0.154718063099195 -0.282347007978869 -0.355116365739008
v 0.047779535228279 -0.312488490829689 -0.258475426298055
v -0.0331226923605993 -0.263786572261916 -0.157052800931364
v -0.238427869299757 0.0411983129082928 -0.316020682779488
v 0.435545575907062 0.0143257040884602 -0.2107539965914
v 0.411734639681531 -0.101181486229505 -0.387896179058045
v 0.272041092227496 -0.197955929401407 -0.377978454030294
v 0.214803994851568 -0.258445698848344 -0.358407578059389
v 0.000464461018439923 -0.273920658786477 -0.209022574993509
v -0.0421716751323922 -0.205441946787723 -0.269625266969927
v 0.242064247203199 -0.236759256337704 -0.259198462936964
v -0.0830172684771642 0.199226853842058 -0.198200642901375
v 0.216538887274041 -0.264221196773172 -0.238091671659127
v -0.112667645095307 -0.221860941401649 -0.135529355164715
v -0.26199597033487 0.170160314057431 -0.137628613386037
v -0.316951480905037 0.12133200436126 -0.173683414068796
v 0.102990105830972 0.212196983251678 -0.372318577658667
v -0.0841148199677152 -0.246245944305257 -0.349573639427916
v 0.216913509420413 -0.264516559784127 -0.148713765111839
v 0.0866278067518387 0.344620674306012 -0.186052133108179
v 0.271213643872624 0.182265340890271 -0.164124052771102
v 0.336766068418167 0.0599115775302136 -0.40070931347248
v 0.309150202121865 0.14476814633709 -0.282152250503604
v 0.364539130187728 0.0779118229343835 -0.381497568143243
v -0.252194297858298 -0.0209466007963069 -0.289114533899646
v 0.306082063757582 0.14645975670215 -0.317400338422178
v 0.326231737282994 0.125977267453606 -0.193828847081816
v 0.351418487319649 0.102518755012748 -0.165040200078201
v -0.110229649524994 0.183504620410042 -0.323555531050048
v -0.197903025187418 -0.0735508292746342 -0.379779648698961
v -0.117358108247004 0.205204080746269 -0.344843549728633
v 0.0263740499752167 0.302462733297851 -0.269340978740576
v -0.226754283521873 0.0651902344132426 -0.342198184113297
v 0.23148472241867 0.223194614390417 -0.314577447303858
v 0.232108886155468 0.22089468928086 -0.206687220189559
v -0.0799386120581855 0.151276344246813 -0.280987890663543
v -0.279869311857244 -0.0447067750324847 -0.269485023530666
v 0.21950843622543 -0.259168528454101 -0.327533408746751
v 0.22749976807544 -0.250396398527549 -0.343345155121893
v 0.177682305500825 0.263661154956974 -0.323882140542363
v -0.180180199036848 0.11760233389232 -0.324486255759085
v 0.334572940073587 -0.127637845160501 -0.412437860706163
v 0.264182077077392 -0.189963771916864 -0.412564052263544
v 0.0652212358296868 -0.269835290043761 -0.360259993037789
v -0.241916296617215 0.0194016366457782 -0.361496873244433
v 0.486730482934291 -0.0669227877549049 -0.312195241710885
v -0.159946982199029 0.164150546437498 -0.167197765298032
v 0.43170830924496 0.0221625779273321 -0.191240931596046
v 0.419181985993308 -0.121252074716849 -0.283858797107403
v -0.0956375006966507 0.165961719997821 -0.222740686332347
v -0.105806308175033 0.219315360256503 -0.125316876333378
v -0.185081544330965 0.189288196350273 -0.13524609234148
v -0.190785322312421 0.176002580439905 -0.14877706725604
v -0.278967226064078 0.158433201561567 -0.129771036416762
v 0.00217202554375951 0.24064517788253 -0.346906577457638
v 0.3070335459892 -0.17518941095779 -0.179170746033231
v -0.279136552120202 -0.0218297026680347 -0.271338168688415
v -0.161801431082546 0.141525728702511 -0.346855780420895
v -0.0927451522574018 0.212651281772438 -0.339482392113808
v 0.201365355611133 0.249673039039769 -0.192291923109876
v -0.104634878372396 0.186648181827238 -0.173545354338251
v -0.0681852215153012 -0.242761674114277 -0.125726073685519
v 0.362878388563206 -0.119227026961489 -0.216248635746822
v -0.0978937423895421 0.181902320620011 -0.191285959709898
v 0.43021764782514 0.0477196418114288 -0.37282655723267
v 0.339369696341685 0.113228379019374 -0.179991108750686
v 0.302854259966693 0.150987317523604 -0.197201777462994
v 0.0453031888381498 0.343770478658545 -0.172206250212148
v 0.104130878584848 -0.35235494493248 -0.227988329874889
v 0.385278266850993 -0.0970406594374239 -0.082018344476637
v -0.362679303419456 0.0565365750134687 -0.1888479965333
v -0.0784499142317502 0.248300234371905 -0.156008216563673
v 0.28386669628942 0.169227596948723 -0.310373343028716
v -0.207661623791363 -0.0151868043222002 -0.343630386068635
v -0.213708895470382 -0.00693082704244943 -0.328334459724613
v -0.138398095732128 0.150493512658347 -0.214694260283991
v 0.275612824555195 -0.186750480067284 -0.393747796427413
v -0.198436247921741 -0.0211160609761798 -0.330418163154553
v -0.194961848884102 -0.0287027654396649 -0.344013757955325
v 0.351942164117238 -0.114010438248327 -0.418890396893641
v -0.21650957504871 -0.194830009842123 -0.334526336715204
v -0.222289213637467 -0.00141990230253723 -0.344274617515823
v 0.318659815566912 0.135948007485759 -0.145451207895593
v -0.241613141479525 0.037511012351039 -0.299376300763799
v 0.274945334827415 0.0822862440795144 -0.382860981493629
v -0.233743332810104 0.0576787407477726 -0.303899319866634
v 0.371701127576226 -0.108344516329356 -0.273423721191843
v 0.360826716090706 -0.120749760170006 -0.245509697720355
v 0.126758923912422 -0.344017900560967 -0.263716659845309
v -0.284003871852445 -0.123352121987678 -0.219977283203726
v 0.476264218853963 -0.0951644587398369 -0.299267037418879
v -0.298868972102474 0.139758788248412 -0.147816233127522
v 0.273452668419774 0.179843075543905 -0.134700402553973
v -0.0755071392647819 0.265167794086034 -0.11826725880592
v 0.0248725599614386 0.331781951277104 -0.134411208692819
v 0.266767287400652 0.187189737058413 -0.120672422936803
v 0.31883130238351 0.136786671000291 -0.111417785552957
v -0.0959407218239987 0.231248636258867 -0.130674595523736
v 0.0380712881579109 -0.329767039255601 -0.190943924372219
v -0.0865089827613277 -0.258969521251196 -0.0922410024450341
v 0.22963872787893 -0.252044124712238 -0.194717790278521
v -0.0945714673346784 0.196340353124252 -0.175869953178012
v -0.0329131588522374 -0.285895908617527 -0.14576963962622
v 0.243347850106793 0.20895570392923 -0.168181977969458
v 0.036811363292493 0.338969654088553 -0.151536214204149
v 0.447647195248244 0.00449127106503595 -0.133851450656991
v 0.443421792113669 -0.00378388950174846 -0.209460367937653
v 0.392301455512502 0.0621718233183855 -0.144421117831251
v -0.303837832357717 -0.186249948237383 -0.15670167952703
v 0.327861092881349 0.127395234263799 -0.125296901842051
v 0.13820159366271 0.309356860004032 -0.200726056468128
v 0.0912533111200503 0.339940994878904 -0.205477964568585
v -0.231996527277526 -0.159991635591193 -0.183726697294675
v -0.0269631711620118 -0.258972722817614 -0.400680497208448
v -0.235387784589166 -0.153309818161421 -0.352728996944822
v -0.205033905459928 -0.0278577217109761 -0.359835219818794
v 0.373090127395932 -0.0231605952707809 -0.427299790812061
v 0.443523868492554 0.00417115131511012 -0.193017613161801
v 0.461646122610888 0.0196871430563421 -0.234497594339857
v -0.188326389266521 -0.101388017660264 -0.287520588770996
v 0.337731050858703 -0.14157314211377 -0.331621141474395
v 0.297014121692586 -0.16647179100833 -0.373787790008872
v -0.190865317888329 -0.212995439100875 -0.130936203178839
v 0.468128090685736 -0.0914214797309955 -0.25432185417546
v 0.123304026775878 -0.317694316585771 -0.079502622177246
v -0.299705135620616 -0.110711672360353 -0.229577108156683
v -0.368707586338493 0.0371563389359708 -0.182668070613307
v -0.291078830671855 -0.00962400950699254 -0.2599318946359
v -0.233306704210517 -0.148067096178594 -0.195899817497663
v -0.354268951925725 0.0845809046613807 -0.171954352471936
v 0.282650247483313 0.171289353923655 -0.0997938525174617
v 0.316950638756545 -0.164273649738846 -0.209343203151995
v 0.409388274958504 0.0451653849033966 -0.0608662179676392
v -0.000639863106160278 -0.327477032216986 -0.149454288365441
v 0.120921820889141 -0.356706578973836 -0.16095702041883
v 0.428666170423735 -0.052746391957561 -0.204952886565618
v 0.442718529003375 -0.0344948407730049 -0.181829972595774
v 0.206812869761308 -0.274150991735774 -0.199244987976284
v -0.186930785258678 -0.225394472223848 -0.116222082047911
v 0.433635005339024 -0.0584140604235402 -0.225187903047484
v -0.319893254240611 -0.0621826728019552 -0.233013093536974
v -0.183823263751657 0.118113195838866 -0.360624619702078
v -0.0292744631346775 0.232938006159462 -0.368595949347361
v -0.258050522276496 0.174911848887022 -0.0466819675651251
v -0.321352572169327 -0.193030896843975 -0.144636677834929
v 0.360328674891724 -0.121939132995824 -0.149800585668821
v -0.215191808154943 0.195712202821393 -0.127658107278325
v -0.193888662373804 0.199733002766972 -0.125014111039462
v -0.201477463429353 -0.189847494664868 -0.320471589174134
v -0.158559970182359 -0.186609642378536 -0.295391367429695
v 0.370483850340441 0.0186848228822215 -0.425007874259677
v 0.47836452620671 -0.0929090753305442 -0.284096301900859
v 0.350078847904359 -0.132344038973576 -0.108118991110848
v 0.0647409279301109 -0.350923241930837 -0.172901752219218
v 0.416470127556194 -0.127242613627597 -0.366860285912113
v -0.210888108330839 -0.208497698335213 -0.134801740288797
v -0.144424013014842 0.236708087333587 -0.0731636347117586
v 0.233734328185847 0.218375099873564 -0.152976991439113
v -0.0402483741530177 0.298645803108604 -0.11612120398669
v -0.302714947899181 -0.0903172792309798 -0.240859745148652
v 0.36119242826804 0.0943316952226637 -0.110023057661616
v 0.404638502503332 0.0509188035619942 -0.10549833492138
v -0.00355006622072129 0.294077139855655 -0.0910752140037006
v 0.185836126032334 0.265788915625358 -0.185050342909051
v 0.477036264754271 -0.0777032130838545 -0.2431514352633
v -0.356523794123557 0.0812520474008954 -0.107896298762832
v 0.0483418762125857 0.22244037859087 -0.360868314376238
v 0.31474481355074 0.139915308803899 -0.129999687374966
v 0.39922620338143 0.0553744378438361 -0.126692176349955
v 0.370286315027011 -0.112005980301857 -0.129725833259252
v -0.300354357451003 0.132614951391655 -0.176099033669029
v -0.262722338280698 -0.246171724352563 -0.0901663366513369
v -0.375842697313461 0.0638127714997246 -0.153219267978108
v -0.273077481048476 0.159124773723467 -0.151787936820818
v 0.154420138819046 0.222165213396717 -0.365996116252311
v 0.0984071670114292 0.330991097110028 -0.227003944937675
v -0.266553351342323 -0.0776624603316887 -0.260732139702736
v 0.0813364071563526 -0.36052436371592 -0.169947697020316
v 0.394210553439083 -0.088077442245062 -0.173683887402884
v -0.295878769467354 -0.236920111109221 -0.0853103800393739
v -0.323025044261556 -0.179379328183163 -0.162059084883919
v -0.11198543532762 0.238685338091797 -0.0914984003887637
v 0.0476260935156406 -0.340011371819092 -0.176021221791416
v 0.050244806447763 0.2927540450252 -0.0927186615812611
v 0.147245172500231 0.239319806428539 -0.0405225540799593
v 0.338985793988065 0.115744073068769 -0.0907270186681807
v 0.20995870372767 0.241970029082767 -0.146991463115504
v 0.175403178513871 -0.304812436784079 -0.156840907762996
v 0.358812746299368 -0.123453398637467 -0.0893203369288742
v -0.210877606270698 -0.256122833364735 -0.0816547718293901
v 0.305551113083555 -0.177138566948037 -0.12238650074823
v -0.116075508252249 -0.261816688186753 -0.0370992574719687
v -0.021008141596378 -0.23906060775259 -0.29596021380225
v 0.0773808225302787 -0.360159840148675 -0.131597224405198
v -0.172077307329579 -0.218875049829374 -0.125827114984186
v 0.376469917827662 0.0790682358694448 -0.0349852678326968
v 0.390603372720683 0.0648299232365397 -0.0329987450292074
v 0.438702206804291 0.00675523243966503 -0.0484437861272548
v -0.00304086796581336 0.207594372949329 -0.396207473480633
v 0.438435672023489 -0.0358337584206298 -0.0520237819352019
v 0.383380875303919 0.071671592393076 -0.0125953731849926
v 0.344788785810272 -0.137835892369055 -0.0940361879911697
v -0.0484604744616985 0.21947818556493 -0.407377229172702
v 0.159636941325117 -0.303788070441609 -0.330835009877521
v 0.156463610893849 -0.323729571820557 -0.129132176504902
v 0.405733969133243 -0.072753796015568 -0.0168143582506134
v -0.18057231283382 -0.262815193254251 -0.0519649649109288
v -0.00395279479349241 -0.253745076252277 -0.397244751649459
v -0.221370456725685 -0.0485016736019316 -0.4326674003508
v -0.0761508003862987 -0.232226582803094 -0.141633392896688
v -0.236766282615117 0.0173909681417813 -0.308459133308779
v 0.103090509943626 0.221130501016666 -0.361438351546211
v 0.372730211670602 -0.109635146431756 -0.149625185271286
v 0.50828626423315 -0.0289434144210776 -0.255870946615278
v 0.369206232017616 0.0856654065557706 -0.129414480090031
v -0.0233645621951411 0.305463817993709 -0.108963714230998
v -0.0517694938883273 -0.287201352074374 -0.106937981823915
v -0.353764558841137 0.0843727320193051 -0.126310048052781
v 0.0272551746174485 -0.330823592976492 -0.174508650228235
v 0.0309995095211782 0.301617514589414 -0.100418716462155
v -0.32401302936369 0.112220925215271 -0.045497015271639
v 0.0642319758923401 0.306912872649365 -0.106634980844291
v 0.280135848246117 0.17261672894886 -0.151318126493669
v -0.344036679784636 -0.134989394371912 -0.196877662416035
v -0.259031091817496 0.0314179256693824 -0.464848094918208
v 0.366197238152526 -0.11572240346708 -0.166980081366398
v -0.344971172903915 0.0935071691933146 -0.160668759299253
v 0.395464940424338 0.0595185086656883 -0.0878631301713909
v 0.322909889179129 0.13245441727344 -0.0914883941776336
v 0.323366609559109 -0.158005740071455 -0.151298612218786
v -0.354237810259261 0.0725464146771394 0.0676110107760526
v 0.3342805438715 -0.148133081585756 -0.10877853498231
v -0.0904548957449114 -0.268640627821078 -0.0720548010052955
v -0.0525634792112665 0.281266339876064 -0.0907002327999208
v -0.0227345664341496 0.165822547006365 0.0321757741016803
v -0.13611009828019 -0.255491048372382 -0.0379337827634635
v 0.282483884872971 -0.198756644994534 -0.0950852734172658
v 0.315899938452511 0.0577372818058678 -0.402804552134857
v 0.0200173628065129 -0.248867452072938 -0.394219475178375
v -0.398231685885766 -0.0122261647135482 -0.154079783643489
v 0.271659310112797 0.182173474644322 -0.0886097919444311
v 0.208808090683156 -0.275018924621876 -0.0814919442290247
v 0.317762380546158 0.136785063193913 -0.0731415498282603
v -0.109550367891074 -0.209123177025541 0.0225483571576075
v -0.106074893684773 -0.237631207502553 -0.118705674666452
v 0.00706054921437597 -0.261125454654608 -0.292804542139504
v -0.245079512227209 -0.194003233884902 -0.412382444952129
v 0.214914494984444 0.149008982641053 -0.428787931926478
v -0.243389305010493 -0.238298736944442 -0.099236981844447
v 0.225501126911291 -0.255862929294572 -0.0536667990186386
v 0.35963263990323 0.096446528428498 -0.00250895343609372
v -0.402486228009846 -0.129466738585461 -0.13898478362301
v 0.333117007429857 -0.149386460626456 -0.041788572017224
v 0.355662465711279 -0.127276892630021 -0.0254752981244716
v 0.359554453730163 0.0942133524502809 -0.0689878814027497
v -0.0955461166588357 -0.188605721189855 -0.242903157670411
v -0.235975595224718 -0.212564413375712 -0.40461349625987
v 0.307857370639852 0.0061522292261519 -0.452692808098983
v -0.21733078773617 0.209736924460625 -0.0329440761665543
v -0.108404428120087 -0.249841718578242 -0.0174015295655022
v 0.399886838722851 0.00640353752069999 0.0123128595216909
v 0.179339158154021 -0.283354323726519 -0.0489530751419775
v -0.0178783213134899 -0.29079424965832 -0.0512353140577301
v -0.119328392403553 -0.237300529536538 -0.00587586215522963
v 0.0455863936100273 -0.296885523288673 -0.309237377653508
v -0.0378430064965272 -0.291500371756365 -0.0588993318537443
v -0.330107928182529 -0.204530241321874 -0.109732951602477
v 0.0997754883991267 0.269119410801033 -0.068511919672716
v 0.0208673658097806 0.241263207595405 -0.0426857099282645
v -0.135634306248388 -0.1738259301144 -0.252065168582704
v 0.220802959705969 0.129665711888325 -0.428689978632914
v 0.285084013971824 -0.0941884482917236 -0.45482231770859
v -0.376768483005646 -0.0321804596112037 -0.174880575247749
v -0.264433654897077 -0.232175597152492 -0.108332438491409
v -0.314610443688859 -0.00866452546638698 -0.23772512804527
v -0.220793476622439 0.212183924980715 -0.0740047445219147
v 0.346279366301134 0.0385477908568549 -0.420547263220312
v -0.266122212742608 -0.175153853123892 -0.167710078634415
v -0.120142790321036 0.224598470442445 -0.106755094266741
v -0.265843066785734 0.169770454502584 -0.117200006909594
v 0.115900812778692 -0.270985308282804 -0.357076297179957
v 0.243111539881055 0.210920519278362 -0.329606784968039
v -0.410002084755199 -0.0512856184624383 -0.140855906467472
v 0.37219297740478 -0.104830774887434 0.0253269185680343
v -0.285484409997028 0.151275140176655 -0.0952847114813015
v -0.145262361347506 -0.255432085807384 -0.0755114491117684
v -0.0344383023133141 0.281884185284853 -0.0788099121226949
v -0.0274640933320716 0.267261101997633 -0.0646912021888625
v -0.175272481290069 0.223715113442013 -0.0946483637215478
v 0.37894168909984 -0.10302263446481 -0.181235556757213
v -0.191405034493538 -0.256567705255186 -0.0855130943180804
v -0.325211248623564 -0.0802848379893925 -0.2254725897473
v 0.369824501316543 0.0848020885112126 -0.080003028856048
v 0.369090582827353 0.0868888094928979 -0.0984496355045014
v 0.3552444986571 0.0997527801795392 -0.0906863201486346
v 0.426928608821546 0.0212286142848324 -0.0340905510953911
v 0.418095002056521 0.0356959987199719 -0.0462231943314981
v 0.212350468626583 -0.268963385015471 -0.114225700285189
v -0.0948097060129555 0.238110838924821 -0.0457979254996715
v 0.121274224576564 0.297573290098949 -0.100857308979353
v 0.227820049621924 -0.162728677468528 -0.438777283601489
v -0.0167138600572792 0.210663622914597 -0.399273713228462
v 0.161129535523665 -0.319054125792355 -0.107808769321977
v 0.229603101408881 -0.250786490946561 -0.0919010781006135
v -0.365357600225175 -0.17452550216449 -0.106588192503247
v 0.439124720695877 0.00118537427438324 -0.365198551518879
v 0.427548347306295 -0.00839768082673181 -0.376476530373073
v 0.0159753601900055 -0.0741627579934736 0.160251393833578
v 0.320622118634164 -0.162848497351713 -0.116270057012947
v -0.00841500670389262 -0.198378972640618 0.0373831853373021
v -0.324819946982 0.102253989110082 0.0823526684394997
v -0.356669006796851 -0.181665527235904 -0.0484819801666825
v -0.353900734467573 -0.185762730979127 -0.098520953557688
v -0.0454013682372258 -0.266527375796836 -0.0413641644232445
v -0.260968405907566 0.163859746751751 0.0296379937694125
v -0.196549204018646 0.164893182919751 0.034612107212203
v -0.347100614772429 -0.191835150177937 -0.0599661325434789
v -0.0451523181544956 0.216012171078297 -0.0200971586766275
v -0.340101106985348 -0.198596801133797 -0.0913628200814549
v 0.0715637965723056 0.223813916756477 -0.0271752504095659
v -0.211900718856189 0.155584054283176 0.0458130602694981
v 0.106834246096742 0.197063690684694 -0.39011309920261
v 0.36801802951825 -0.114609661795316 0.00664879272589379
v -0.161834241648372 0.215054943075738 -0.109200965793579
v 0.306756910425751 0.147265192920795 -0.0578732074094739
v -0.26826192899431 0.165042090068268 0.0124189094982803
v -0.306366408214845 -0.230097587978342 -0.0693392127339478
v 0.172996020957361 -0.309117400580464 -0.118539632861212
v 0.208660523945087 0.243383716432881 -0.127337697984827
v 0.280345933562192 0.173454890603977 -0.11908055208048
v -0.179848987322664 0.209849780526134 -0.0163919108021258
v 0.322704863500643 0.130830266699485 -0.0570599690671935
v 0.181264409741749 0.206171175422269 -0.0113318921003529
v -0.224934695430093 -0.106113329126207 -0.423065714455509
v 0.249573855334041 -0.232877748548196 -0.122914405183157
v 0.0123346753869968 -0.340881120316657 -0.138821509289567
v 0.131883127177902 0.0915398891768589 0.105227882926673
v -0.223700824544948 -0.225781838379922 -0.396051676494117
v -0.0299460675076242 0.214166118927847 -0.402461614849181
v -0.123393977628026 0.175230237877675 -0.175603347310104
v -0.116292688120773 0.155694033567848 -0.223781184081009
v 0.347483252909695 -0.135622467682318 -0.00699848824026729
v -0.38237857823164 -0.0648916273770166 -0.167856508281448
v -0.0913781870088701 -0.224640622552271 -0.370375038474477
v 0.37588857618469 0.0796524371648276 -0.114725783720191
v 0.249042350984036 -0.23281937541693 -0.0696917119576942
v -0.428181528393303 -0.0862274055861514 -0.118274023029474
v 0.131213415537374 0.314905185477477 -0.158505648983993
v -0.25161205731248 0.180475687308583 -0.0150932777607096
v 0.170777484685329 0.279425577664156 -0.153522137914392
v -0.33933796707258 0.0972276683793444 -0.0399537905961634
v -0.281812331183251 0.153236817117127 -0.0478896355218589
v 0.402841518156711 -0.0248846670084962 0.00924329003088731
v 0.373553923211683 0.0459247610867039 0.039794911789424
v 0.159914111287311 0.289196077245668 -0.140853295946851
v 0.374827767436404 -0.0671810809486205 0.0386278064392258
v 0.0255559552704112 -0.313818669108012 -0.0733387618746346
v 0.0386654881508099 0.323998064217525 -0.123596877514673
v 0.384297307405368 0.0700247458876444 -0.0737674310853924
v 0.30107631873964 -0.181608121639995 -0.141230184588958
v -0.261467600939767 0.172574818279411 -0.0260428269172547
v 0.248333134322034 -0.146418394436671 -0.44171229110628
v 0.0141211140619692 -0.303605944119358 -0.0627585357499542
v 0.00882036399839872 0.320234573189659 -0.119702606884164
v -0.0187150844240112 -0.314615183214781 -0.0798835509900393
v 0.137429158208968 -0.344297211656636 -0.160237392531084
v 0.0415413813026448 0.278715878735586 -0.0777426060846845
v -0.00770647466701595 -0.0510837866882837 0.17729543811956
v 0.261086799652225 0.0538540192920968 -0.417961034094356
v 0.421904657207733 -0.060405045290931 -0.0752636563260026
v -0.137213577815772 -0.220417472992236 -0.360453500508473
v -0.244598354996414 -0.0186701570646899 -0.407539417576691
v 0.221956022735651 -0.260292906899702 -0.0746834230818409
v -0.21382623084669 -0.238441221913056 -0.0122064492355472
v -0.333825957683685 0.0998070576621978 0.0522151576491842
v -0.433504095591215 -0.105437276688449 -0.0133256661523461
v -0.40367511315098 -0.0835213836196705 -0.146334696837137
v -0.0660017508420404 -0.256850740808672 -0.020435343352407
v 0.0579979332661638 0.12158306787212 0.0766922799750199
v 0.332022237944307 0.124183160555645 0.00780362688442278
v -0.280475016156245 0.153024580514718 0.0224567482426
v 0.202869333310915 0.225760051616759 -0.0324708556532957
v -0.149644714456605 0.206057246964267 -0.119921457631562
v -0.304835351933346 0.133470710173259 -0.11835639843412
v 0.062299630156926 0.198102939389451 -0.000507681445042793
v 0.351386996928263 0.102791153198536 -0.0543441692410796
v -0.141441731794322 0.174430323533637 0.0240821156394007
v 0.361010671247961 0.0759277677636496 0.0473436902058012
v 0.319756227038645 0.13664696584127 -0.00422200081946155
v -0.0339411836805041 0.173864226736305 0.0247910841664531
v 0.00459587017912513 -0.264420776522928 -0.0298502176107736
v -0.0731719923922698 -0.240800231226158 -0.00567140737849629
v 0.0949882607267573 0.315895523498574 -0.11895014045988
v -0.0514493713198163 -0.244438396166349 -0.0108280755793186
v 0.305356609073595 -0.177219260721763 -0.0367863745495143
v -0.0111402846837284 -0.240516018067508 -0.00421532870257205
v 0.310696256865438 0.0114017814997307 0.103906404523228
v 0.201398898888039 -0.241856926743508 -0.401167487034145
v 0.202583271544007 -0.281705642520012 -0.0976909779948036
v 0.386259580443812 0.0687777310140652 -0.053339707528792
v 0.311077418973083 0.144614719717626 -0.0206917670891184
v 0.405097876039553 0.0496998282545197 -0.037952805916421
v 0.0568573271491095 -0.272409651669278 -0.0334347130919999
v 0.146386052840007 -0.332411659645322 -0.147229805279484
v -0.331745199057198 -0.207752656932172 -0.0507648132868934
v -0.0782569526863209 0.202724088157125 -0.00553445602525691
v 0.413537791975671 0.00768059950694165 -0.0035258684471117
v 0.0221017244598735 0.0457414563569739 -0.273700145166516
v -0.136064219025088 -0.152963976911542 0.0805639639136855
v -0.126658598802966 -0.111281123312501 0.123685061893466
v 0.194844579817862 0.257698626912634 -0.0957744545290571
v -0.23965814038397 -0.184449105694893 -0.356349640738305
v -0.33988069114674 0.0949690334260353 -0.00320895221422355
v -0.327868942893046 0.107733222127849 -0.0275922046463011
v -0.33136907301962 0.103398278778073 0.0107300448469817
v -0.382137719577577 0.0538783175042559 -0.0408801390326905
v -0.290613008600441 0.147171959182853 -0.114564936633158
v 0.0511483849163021 -0.351338006612195 -0.156725475842271
v -0.365398321554865 -0.27473569898708 0.107047770890896
v -0.428812285693323 -0.11086370545515 -0.0934742484340376
v -0.464213054088703 -0.0569580779543206 -0.064089673066444
v -0.352836307300976 -0.0756628539792701 -0.198561093347648
v 0.244388873066112 0.209223439722049 -0.115201131909018
v 0.120442276361774 0.283980661952433 -0.0848630113608448
v -0.34691970377666 -0.0962303488566453 -0.203925034027155
v 0.369952871354062 -0.0484296511816302 0.0437488225138108
v 0.122561224615935 -0.304474679461521 -0.0649900669042295
v 0.315668361870358 -0.167003419615291 -0.136610255541084
v -0.286121205198543 0.149651491087899 -0.0628094958558824
v -0.219780156231483 -0.0376703913097824 -0.387154708616582
v 0.308743878910033 -0.174672543193435 -0.104194125152626
v -0.0921234855561187 0.156759504349674 0.0419175004103704
v 0.0501579599810748 0.184961806660389 0.0129322614203321
v 0.0938262416395482 0.191314402752164 0.00660064348445864
v -0.417443135922686 0.0150483122833737 -0.116965641586726
v -0.269169447088754 -0.227358168543671 -0.00474322482475201
v -0.331372304096383 -0.200864101747341 -0.00866954881805702
v 0.135332576510126 -0.096449143712547 0.141752704532067
v 0.422886221575703 -0.00335829350026926 -0.0137887441230125
v 0.312977690282891 0.110075968661507 0.0782069114923852
v -0.367311386412358 0.0685759565129314 -0.0378515719276554
v 0.0479326017197952 -0.2436363023067 -0.00945083661165266
v 0.0512183176826627 -0.331266060402032 -0.0923820104160573
v 0.0727991364163974 0.250364497820194 -0.0505262921435207
v 0.149619824995386 0.254868031242871 -0.0550678988280129
v -0.289426888148318 0.145646371431589 -0.0113269419700302
v -0.197767016685721 -0.261947818870946 -0.0416583326303439
v 0.187721875130362 0.248444073471261 -0.0549156748372452
v -0.0060390520666508 0.219576384471655 -0.0232588519041035
v -0.265726574263776 -0.198730025914617 0.0292427263962193
v -0.395668002095356 0.0443038348499835 -0.101680249170753
v 0.40961971798801 -0.0571940566683426 -0.00623758946050748
v -0.195428008067021 -0.251297473019861 -0.022145951029026
v -0.0590441647420224 -0.216533880775768 0.0173522404426161
v -0.0364764939256026 -0.163678012248957 0.0693460864013828
v 0.0414717651817463 -0.351636106468742 -0.124609408235606
v -0.406026139318528 -0.132747866829873 -0.11833374503466
v -0.399897012280172 -0.119217828973457 -0.149286992808362
v -0.222391545317841 -0.00132866302786949 -0.312668260976208
v -0.135146698523923 -0.197178413459313 0.0348265036526723
v -0.114875030378317 -0.192610520573355 0.0391210324396858
v 0.410683997742081 -0.0712140111652601 -0.0383658906222056
v -0.0291810039150083 -0.194400141359221 0.0398627768661322
v 0.341742046069508 -0.141259476625401 0.0128629240101216
v -0.29954952320801 0.130771348605525 0.0517269177494367
v -0.368803577965244 0.0653231162466081 -0.0031115933900508
v -0.258753108621146 0.00936882237736322 -0.464433772675367
v -0.241427966095819 0.0710342840719633 -0.45153965197025
v -0.271682913721741 0.163835934568271 -0.0377264406951743
v -0.363296814241203 -0.17271270115633 0.00682899041211922
v 0.246462804058131 -0.234752467817725 -0.317340555421455
v 0.156711907358511 0.0773613467309486 0.121007869669739
v -0.487590125769868 -0.0680430104521309 0.125114906904661
v -0.376095772179106 -0.161393087386826 -0.00716978301076431
v 0.3618689705494 -0.0623321121765437 0.0523266464047302
v -0.451759106366941 -0.0713266045246461 -0.0912624318969377
v 0.196825567343595 0.254376469368155 -0.136295168655727
v -0.3479493657998 -0.188191029813681 -0.00168194111419644
v 0.0800451681148507 0.275882807811879 -0.075803278820855
v -0.00805450725305263 0.259358110092074 -0.0587685590377324
v 0.0293473935131366 0.266925857826035 -0.0662245073947162
v 0.143448421445178 -0.283942696912247 -0.0437192262109952
v -0.157252406960819 0.234065173813575 -0.057082487795318
v 0.242310710693036 -0.236504972119182 -0.335741708660832
v -0.117466416754053 0.238071041946443 -0.0483028421276044
v 0.231394422608676 -0.250830996891302 -0.321852525937343
v 0.111268868160935 -0.271246428939871 -0.0314022068437334
v 0.128972560256014 -0.329371776870437 -0.096097994937782
v 0.00916195966169622 -0.252944654184982 -0.0199256216621299
v 0.170376980749895 -0.195234692601168 0.0433447980450824
v 0.413299847576127 -0.0696005669911283 -0.0594117171607358
v -0.132378426026174 -0.223975346610901 0.00681927727712088
v 0.19176418652733 -0.193817464636833 0.0450148706654573
v -0.420951868503519 -0.101985400532951 -0.123784926260731
v -0.394294538723487 -0.100356191918337 -0.155241285005982
v -0.397599591210411 0.0289246694309137 0.113572108334976
v -0.134455600822883 0.107158619086476 0.0926981583547872
v 0.211785516234958 -0.233344694825574 0.00712275165712575
v -0.418333483696027 0.016574159222971 -0.0681173260635729
v -0.00852227385098708 -0.146076470187681 0.0896311419806049
v -0.305203739281159 -0.228440447942221 -0.0516813526279191
v -0.103086153502835 0.117012559625628 0.0813040523756608
v 0.32771741955646 -0.155990998438702 0.0166426378439318
v 0.38592234924087 -0.0882300641654372 0.0149417172584625
v 0.398572492081321 -0.0727393551019204 0.00364399204346522
v -0.0514504693394914 0.178543068296457 0.0201931933324555
v 0.0867841926637636 0.137712369631545 0.0587373361483248
v 0.248462039849891 0.138114097532424 0.0601781342052788
v 0.285084550272689 -0.198123894900181 -0.0200550061488349
v 0.32239598780921 0.00673937681181672 0.0921640639662381
v 0.327611268724125 0.127507643097516 0.0255777249994138
v -0.364362907205954 -0.175189220131871 -0.0843232072588149
v -0.420515538547232 -0.0221194180970514 -0.13123788141047
v -0.424667357814599 -0.0539887409470149 -0.124338788646749
v 0.324496812270637 0.131178150449134 -0.0228574670170248
v 0.0829885269857657 -0.118391201973097 0.119094799939197
v -0.00932028915087068 0.141254523260305 0.0560404125272411
v -0.292683676862918 -0.224098862163326 -0.0121895604345082
v 0.333362113440657 -0.0625442510147666 0.0812344898793959
v 0.140897863778721 -0.296991560351339 -0.0567700856953419
v 0.331583482840361 -0.11982773924091 0.0817927061035513
v 0.168915747574296 0.246236693690349 -0.0478255397788531
v -0.210323050373372 -0.22459269874543 0.0032852376596628
v 0.354543541261045 -0.128381421433224 0.00887111543804184
v -0.167684361990666 -0.191161910232935 0.0420427468602789
v -0.0893590131738004 0.229549233541462 -0.152362625413544
v 0.27781650654628 -0.20496637193877 -0.0753642626998952
v -0.081798172046691 0.232569362193384 -0.372573164306184
v -0.157630374605758 -0.201806306091842 0.0318204156036144
v -0.172584681474782 0.0365979385828883 0.163457085840539
v 0.349277315974486 0.0692345854088408 0.0651618298833039
v -0.421175597788243 -0.118894110214095 -0.0638446264823661
v 0.0355769369160792 -0.305600852811356 -0.0645248066664426
v 0.466445488970167 -0.0478606580279247 -0.219936068697447
v 0.338371670501444 0.117390995832814 -0.0248370801912574
v 0.263373660635356 0.190581777278686 -0.0539519767486274
v 0.341550483278137 -0.0796248638985097 0.0730723393533163
v 0.262245226404059 -0.0648792858057408 0.149935431387394
v 0.318983688981437 -0.0643657620507885 0.0956214713171827
v 0.30490424201731 -0.148031192496625 0.0823177600154419
v -0.263833717891762 0.170277662656888 -0.0057083459471208
v -0.237280633108322 0.193757905027582 -0.0151413566262956
v 0.0559152859685014 -0.286421812150492 -0.0467608187296967
v 0.306421306906224 0.082441531196397 0.10034768099148
v -0.466488497530303 -0.0612378599926251 -0.0411289760075517
v 0.320653266396765 -0.0263649724783336 0.0936198150492955
v -0.395140093244606 0.0302625761451064 0.0726888580904222
v 0.243521485397142 -0.204319069695918 0.034297058272037
v -0.172786305483643 0.189159811896508 0.00853994900952149
v -0.106395069234288 0.185488528093222 0.0106099819050223
v -0.440712217299372 -0.0779374938665057 -0.104957545138124
v -0.263936644475507 0.146810448624425 0.0555775769420749
v -0.397961766062517 -0.0660857809599989 -0.152585272669591
v -0.201325561456651 0.176370548636555 0.0226138049498487
v -0.104190729838387 -0.136392215382281 0.0978820330516424
v -0.0362739753565818 0.122434588849179 0.0758672717256174
v -0.155248535521563 -0.152022340889659 0.0805750707706254
v -0.168540141437889 -0.163281378651802 0.0689429708505796
v 0.333214566036153 -0.149845650828003 -0.00374187787024405
v -0.342358052988942 0.0957911242805903 -0.181699471454133
v 0.22659254355763 0.133151859687682 0.0656446832311811
v -0.278704465691051 0.158075733195178 -0.112185448831649
v -0.180706887979868 0.0766189553646211 0.125064605670725
v -0.409018176072104 0.0242956326682098 0.00313138059074718
v 0.32097273154238 0.0264682273765082 0.0937494251844331
v -0.403108010800265 -0.135743346755582 -0.0134401043696446
v 0.315475526108494 -0.00777764489539317 0.099431321542181
v -0.34747812931371 -0.250793234812505 0.0766338977698915
v -0.198112984191931 0.127527517765058 0.0743476023752263
v 0.147813931525095 -0.2158092325712 0.0219192358548208
v -0.0578357702899921 -0.051649692407005 0.174504763335113
v 0.0263896115754142 -0.135248501574629 0.10142915952431
v 0.25637857752141 -0.223685336645758 -0.0032903342045508
v 0.0894199118271062 -0.292010199603007 -0.0519854590900671
v 0.0918651210944112 -0.278354286070235 -0.0385157151406037
v 0.142842310597044 0.207957201813548 -0.0130273458062215
v -0.0150546131477742 0.0472055319209526 0.147901033659107
v -0.115072245660786 0.132396379043412 0.0661036809068227
v -0.124004663932174 -0.165882147782843 0.0676629954951347
v -0.216378794484154 -0.0504397520232406 -0.40046300133325
v -0.455098884138596 -0.213024854104576 0.146444472920733
v 0.0437977484459829 0.200866830801678 -0.00343244946482174
v -0.142150852030234 0.0813561963870689 0.119381247184231
v -0.0481817181831368 0.147000225286958 0.0493752029854844
v -0.485054602125996 -0.0776033780992839 0.110824018491586
v -0.432459441626688 -0.0147767136196584 0.0578187906452786
v 0.302863194793193 0.0669024247583186 0.108809055314125
v -0.398800286132567 -0.140301968332122 -0.033259584221703
v -0.442431453603372 -0.0949158452549648 -0.0887307639940312
v -0.245346465365413 0.0727210466516629 0.157347603119313
v 0.10417896917003 -0.311964138483105 -0.0729555815140908
v 0.155871274872011 -0.305316116323725 -0.0702780544428163
v 0.0114649473132991 -0.277310323868772 -0.0384352520143641
v 0.260500723604301 0.191135147491347 -0.0106505829822203
v 0.257406428937201 -0.225582387351567 -0.0221115059611586
v 0.0226434792366175 -0.289578690217702 -0.0495656548296322
v 0.219083659172389 0.235072494438919 -0.0965874028665349
v 0.000858278350642371 -0.157650690518153 0.0779225606748356
v 0.106670758223794 -0.237135072828229 -0.00562352049025566
v 0.0083656223427141 -0.14079127149072 0.095229170756301
v 0.0865221929700997 -0.319203601351531 -0.0804759600505393
v 0.27425224982187 -0.195381214678682 0.0349100236197848
v -0.29094556367261 -0.180865821817358 0.0473366260375518
v -0.218933506040401 0.0928195177315136 0.109232473712656
v 0.153211536148925 -0.202267879109472 0.035795478518353
v 0.0388207238823865 -0.218221325255791 0.0177763266486622
v 0.0446605625891111 -0.231468047859652 0.00374191723849038
v -0.139806372914565 0.142071898113191 0.403950623199239
v 0.309047406101984 -0.101697696435031 0.106067057739979
v -0.13717457263458 -0.0946777006494591 0.139325241061056
v -0.4280661035339 0.00917410005912447 -0.0857831862041633
v -0.117459054006088 -0.207548630479157 -0.355128750628039
v -0.268507406757484 -0.182459362349979 0.0460525007992067
v -0.211733184207662 0.0512636323953879 0.162449973514818
v 0.0065953532050684 0.130681415990079 0.0667854250724514
v -0.0477846421221029 -0.0102916482829294 0.181568499249223
v -0.0348389003073914 -0.0246148576347423 0.180016678425845
v 0.0679605366826542 0.111089012840672 0.0870526189071457
v 0.282232970177401 0.128838820926696 0.0686193265602627
v 0.282570491386341 -0.136156127866388 -0.420413145829372
v 0.201620557499373 -0.00469271848529994 0.19328524679105
v -0.349328548797956 0.0757367632770966 0.0862954767462922
v -0.181593473853252 0.121816693990841 0.0787968512949665
v 0.17600583875303 0.194167575307664 0.00200834307684965
v 0.248887309632261 -0.0752471705333223 0.154518632881695
v 0.259115741599251 -0.168136633251289 0.0719358161624579
v 0.276881642483775 -0.10482069045325 0.126508256682644
v -0.0887934819155554 -0.106641453195092 0.128790033655593
v 0.393273421037252 0.0194370863700659 0.0192812425268358
v -0.0804536838040104 -0.159295266975363 0.0741094166002977
v -0.113997803222674 -0.151581321059463 0.0817425512122549
v -0.0431495559471073 0.230111253128269 -0.38337869480895
v 0.262068680637317 -0.221383837095997 -0.0709618205880683
v -0.0646976631896457 -0.0183698323165898 0.187035016029945
v -0.130721885415695 0.0363080202259291 0.162272714032556
v 0.241687479510606 -0.17551968907466 0.0630132451771753
v -0.427085398229544 -0.00372451804121353 0.162958091510374
v 0.275050603104126 0.000975184280458476 0.139752123915669
v 0.180951176939706 0.132827830188764 0.0656374662253861
v -0.0448898659513913 0.0695004568765039 0.127131884105173
v -0.10887581680704 0.0936677285719608 0.106166923879465
v -0.324735410713147 0.096850025420535 0.110429988682442
v 0.274709573360737 -0.160467309494447 0.0802506241095851
v 0.299027724022696 -0.119161021131258 0.10741261403363
v 0.0421359480720334 0.111447476577996 0.0862480771562303
v 0.211808240508984 0.0835810080903187 0.115013717918383
v 0.17243951662461 0.144702383450722 0.053499061725878
v 0.254949353092708 0.0602760501290589 0.13588607862196
v 0.125401863185242 -0.245163108839124 -0.0106352665402366
v 0.322897845132949 -0.160952172669483 0.0347031603787808
v 0.182461772273266 0.0987779394277665 0.100125953642301
v 0.243969046259073 -0.189121380607395 0.0494373974900374
v -0.0415121567343657 -0.116099385218453 0.116557580329683
v 0.019843682299888 0.0409641630623925 0.155010547639789
v 0.199158630524827 -0.0684118731761235 0.170479439438994
v -0.217639228087467 0.0698391308837639 0.133664460267988
v 0.0752320643503401 -0.0762015358496458 0.161016125775807
v 0.297124534321342 0.0149597441663038 0.117620139515073
v -0.441635929351877 -0.0574631218500948 -0.105660442076027
v -0.420329809432854 -0.115673778709323 -0.111531710111643
v -0.395883716340161 0.0298939770425022 0.0555794401711979
v -0.161981867838381 0.127381708762119 0.0725228930016715
v 0.173305265004472 -0.145075465917419 0.0928095925667958
v 0.043526953457222 0.128549335752549 0.0695098395107215
v -0.18587771769794 0.168150761973561 0.355821493215108
v 0.141231872200432 -0.167306300010864 0.0714573143250905
v 0.102371410127864 -0.166040593066036 0.0715104481977103
v -0.247790912173794 0.188642261625816 -0.0853193638158462
v -0.00162229379077385 -0.0324786168323467 0.186913396753203
v -0.0367556183120965 0.0982344775630932 0.0989237879344055
v -0.282611660553157 -0.232959186593129 0.10850400324902
v 0.0443403766838042 -0.0824921377792672 0.153494039446503
v 0.253242066787773 0.0260312351242112 0.156736802228384
v -0.413250490616298 0.0114654682705211 0.22064801992167
v -0.0868430149698901 -0.0696035733078772 0.166231355662212
v 0.221770865579483 -0.210102542127454 0.0278950488868735
v 0.262468760092478 0.0436304323736563 0.143811966639193
v -0.294742980696958 -0.211411188707329 0.0726341901518205
v 0.256737822591845 0.0173729025783248 -0.442721983133611
v -0.289535512230693 0.120625833204447 0.268122395440483
v -0.445737966493302 -0.0179243559139504 0.00538465642603875
v -0.399715543457489 -0.177043311197487 0.0473414803790711
v -0.157388595984272 -0.121964569580421 0.109656542531224
v 0.189747757333699 0.184443368836163 0.0115816920397619
v -0.318813215038241 0.0960010147406411 0.250310469393135
v -0.322525907653531 0.0974952421166848 0.208328474852993
v -0.316651916617368 -0.0951187935289925 -0.229600146508197
v -0.231398939422889 -0.171956823810558 0.189338929203371
v -0.23266740138921 0.0608966405749594 0.172848042380822
v -0.400012071241781 0.0341739816691959 -0.00808359519149726
v 0.017076326294117 0.08250191624156 0.113715814527685
v 0.288899220730454 -0.149873291249112 0.0888920523002551
v -0.196320594468558 0.114205857163493 0.0884678041585002
v 0.11252151822363 0.170289045704544 0.0289979282960811
v 0.0758730783740875 0.162069373710821 0.0372308588951271
v 0.0208629612467746 -0.183602650594749 0.0523911900206434
v 0.215869466015025 -0.0566002305164669 0.17735581875835
v 0.0815303148836637 -0.224887642220866 0.00992332426166847
v 0.253860271621523 -0.154436306348936 0.0858201413649989
v -0.403104179222222 0.0140856317542894 0.280547089243332
v 0.0648254662960061 -0.125427523305105 0.111922490936373
v 0.093930301253074 -0.0808814997045086 0.156666412257599
v -0.342273976064083 -0.22334747212554 0.266174548432502
v -0.290030346903671 -0.229112065550092 0.182877466851709
v -0.258364530367715 0.0854741825396965 0.143614614580236
v -0.278015047921169 0.0982901263040795 0.147939352671708
v -0.446981847027692 -0.0494905284079222 0.0424826880815709
v -0.331116479215816 0.0938430699392464 0.172095585409889
v 0.121588933300761 -0.172397365393433 0.0658418387326579
v 0.236509227837832 0.067408053536427 -0.425601631184652
v -0.309976143501355 -0.206914225984598 0.0610401830306756
v -0.11435986049308 0.106514733363695 0.0928077884151105
v -0.117497571723236 -0.0983562854030105 0.136903216399734
v -0.364335842071069 -0.289764605613068 0.162727559532453
v -0.15727169271152 -0.098786579159908 0.16281904075547
v -0.234226800244767 0.201186018483248 -0.08938034385258
v -0.25280645604302 0.182096330040156 -0.0646975314613754
v -0.182394562595288 0.0380362090033415 0.27887643284954
v 0.292863078456362 -0.10820787289641 -0.440202476599542
v -0.495414264657242 -0.135213798273627 0.163674273829915
v -0.227111610691634 -0.167181212245842 0.107689664259065
v -0.141983173733282 -0.0827881490402049 0.158023972022903
v -0.451800608784843 -0.0881295073948968 -0.0384121943595853
v 0.221453478034537 0.0705009314968254 0.128360883375362
v -0.22552627274352 -0.168277576117478 0.128118751851271
v 0.276680919441403 -0.0167043306875487 0.137893031978559
v -0.17715666075019 -0.119916292524092 0.186227024574523
v -0.374937896818788 0.0475244240873514 0.217085907865281
v -0.197291482915347 0.0339628014056601 0.268939741618121
v 0.177160373111408 -0.229477888728275 0.00610655637428771
v 0.25023059071204 0.00409471222239225 0.163501448048411
v -0.435708633140662 -0.00740600194185205 0.105313429050307
v -0.347434236274098 0.0758835083018625 0.223954279886397
v -0.434161599557778 -0.160369586671899 0.0731512175765746
v -0.026223048596248 -0.103940797005286 0.128929817130506
v -0.202520847622055 -0.123126709561222 0.278869931343322
v -0.152250039637374 0.00117661298362354 0.19683554333475
v 0.146978440728674 -0.131525184667136 0.106878192358892
v 0.131013883146509 0.0255674142120974 0.172961838961531
v -0.115031828402168 -0.12481847183319 0.110335249076387
v 0.060792711992218 0.046047701483763 0.151271271098576
v -0.336715526259021 0.100178303563882 -0.0736913651753295
v 0.179828525343623 -0.0954455729949664 0.143556433419866
v -0.342913106589149 -0.222037777059071 0.0569098080463952
v 0.143263549314017 -0.0119389738388976 0.203187288406011
v -0.144309520324259 0.119437774449715 0.0803157437535051
v 0.024570589603449 -0.00455904554415703 0.192730189468262
v -0.400369141775634 -0.136450466758009 0.0210494371690119
v -0.465257726882792 -0.0747739927351043 0.0799812961171403
v -0.167962281005202 -0.10908434338236 0.202103989290845
v -0.332627006969884 0.0875965716091169 0.269779865605567
v -0.000322717682435101 0.0721894686010089 0.124157351459201
v -0.406609157608737 -0.246096618241368 0.0857764447539806
v -0.455320144581562 -0.185965751265344 0.0919923628015651
v 0.266041427955206 -0.209819528280251 -0.325421282924066
v 0.262555279692287 -0.115033417036872 0.123869582698747
v -0.183104186921729 -0.233855427739466 -0.352839526482083
v -0.230734252548766 -0.199287459112687 -0.350128708673472
v 0.148658232422435 -0.0582384817156198 0.180767606798603
v -0.445086265791715 -0.0214691181363332 0.193052096966232
v -0.130635265491564 -0.019339551397519 0.202299964785859
v -0.405658741458221 -0.263176355857553 0.151201162643916
v 0.235495858896527 0.0138214975725201 0.171782996226923
v -0.364587227422373 0.0602761512912359 0.0783864598933262
v -0.447923274136741 -0.0465367215869459 0.0574495934181287
v -0.46121289080945 -0.0565041263430669 0.0039001309011864
v -0.251874385261921 0.0756765886369757 0.174883283079765
v 0.109634355915843 -0.13616842215617 0.101562060567058
v 0.216759021460514 0.19853367335006 -0.400418581993897
v -0.155032636532393 0.153160205823606 -0.356182930066642
v 0.24722256979541 0.179777960361019 -0.390192550536467
v 0.0606281445552092 -0.0874682319602006 0.149248228849165
v -0.289260002607292 0.153398191782371 0.324214725059514
v -0.454837338796664 -0.0442172435609957 0.261024953301846
v 0.0606827801647342 -0.10090628796237 0.135070983441691
v -0.234926519801012 0.155347023971601 0.301232280010113
v -0.194595972401911 0.215951542290255 0.344453643058523
v -0.432983322358068 -0.235938045484014 0.125972875105431
v -0.349684437380278 0.087956730388529 -0.0948512719235253
v -0.287332244056727 -0.240852516075851 0.121025245204353
v 0.166324659588301 -0.108716869431349 0.129871509565085
v 0.136305244119106 -0.120381696027958 0.117434873007771
v 0.101941482289566 -0.110336318923467 0.12746860676194
v -0.236369912676351 -0.178126856794645 0.119550544635015
v 0.0684144029646531 -0.112611923565195 0.123863682675247
v 0.282040232262746 -0.0874351134080845 0.130408096057059
v -0.0958184151581674 0.0283559128316361 0.169188070278683
v -0.436995245885172 -0.0127279571950924 0.178206636697123
v -0.0780604611548168 -0.0570336273476871 0.174868168721424
v -0.232061437177632 0.111581570664406 0.323061971501141
v -0.179128370995579 -0.121177958428935 0.132649613771442
v 0.351565163200797 0.0957367996156878 -0.307348879905746
v -0.277654530926163 0.0574256090523215 0.296038932601754
v 0.0134967169625204 -0.126963218720974 0.108609296955871
v -0.467198180695428 -0.0936441725982997 0.0886656676604876
v -0.241600675810102 0.0631739592464361 0.211140859018374
v 0.102605355104491 0.303414548198054 -0.105269023628009
v -0.278568591868747 -0.214893807766995 0.207179828274085
v -0.209070881814449 -0.154736591801626 0.0797529792738405
v -0.256281264330412 -0.00855913402309675 -0.422706587162867
v -0.200941466788809 -0.070098989735843 0.290733912198255
v 0.343836871903789 -0.14690278085793 -0.376879790319942
v -0.347745439253173 -0.285893233783612 0.170584090036751
v -0.171889787959189 -0.114554256177837 0.166683494482524
v -0.417759941591292 -0.167601615226449 0.0598499480758088
v -0.423400062130601 -0.199039369142488 0.0659766388840003
v -0.222689598884237 0.244408414456769 0.363754250243945
v -0.149931326433441 -0.21262386476589 -0.318094283255852
v -0.438315237106712 -0.0101481087278803 0.0852923241627191
v 0.217857379739947 -0.244853511780406 -0.391877859715012
v -0.501521233211414 -0.11246230936418 0.166074962280863
v -0.480981783739211 -0.169861628660913 0.162848116790684
v -0.197183621877512 -0.139159939745276 0.209200738332625
v -0.266768239123051 0.181288530293594 0.356020058530169
v -0.271305738711693 0.17864110061345 0.333958002026368
v -0.160790580766424 0.232297965046201 0.378336098929333
v -0.219627618460816 -3.8300643100523e-05 0.3808821676085
v -0.209714053956997 0.0705708733456934 0.332715724765069
v -0.267795854511212 -0.207720170922053 0.156745143047283
v 0.16286243826034 -0.00232677242004822 0.198645003011618
v -0.1733643889716 0.00908646056557776 0.211978550515556
v -0.303537627240254 -0.0271001125874898 0.353902080630473
v 0.0879132667408147 -0.325400462886507 -0.294280949399328
v 0.0693959837338374 -0.316305964643359 -0.294072786827358
v 0.165740337277164 -0.0847946312228844 0.154350648657473
v 0.154659327490982 -0.0963852482060163 0.142294514059401
v -0.178018175758847 -0.0147727651825182 0.322102046929325
v -0.430543682280192 -0.237708163856364 0.142748282010769
v -0.0981052019496537 -0.00127441376519599 0.191716486176189
v -0.31576015258465 0.104404518850632 0.272003332975054
v -0.461082770325851 -0.0448754310788177 0.217712595359645
v -0.0997463715767189 0.250890460064857 0.464422863875268
v -0.131844433171906 0.275534257104896 0.405624413398699
v -0.211122649426122 -0.151433209396262 0.211842750035046
v -0.355162157157475 0.0663671120399529 0.330831312296099
v 0.100648900577413 -0.262640318286933 -0.365247488599153
v -0.3301526585334 -0.273231425248578 0.175700103368185
v 0.252720649676809 0.109898052232907 -0.392569234026966
v 0.398895828932367 -0.140671471128584 -0.365735125632691
v 0.143571910610539 0.263878466237813 -0.327178309855788
v 0.425053088885465 -0.0667432666970862 -0.378936189862273
v -0.395968278112023 -0.258868229876074 0.21697905304792
v -0.245044363087163 0.0717624229925284 -0.422208160513023
v 0.221858862616693 0.18194493071092 -0.411589016542976
v -0.321976671754313 0.107239405111284 0.377697716530899
v -0.431421801358181 -0.0366633675148137 0.322102451631969
v -0.348379612461027 0.0436422672298457 0.352308862795781
v 0.0528201311223233 -0.32894152290864 -0.207557934667681
v -0.0544559468034627 -0.27299170177599 -0.118819347836744
v 0.215589531082483 -0.152469705911139 -0.432919938661106
v -0.28981487672675 0.0285318749425215 0.314340643589579
v -0.22964541866919 0.0719902304710448 -0.36514567841106
v -0.364278514449559 0.0578539617537228 0.308821075180949
v -0.339458967690936 -0.267296392001684 0.0897750053363328
v 0.115937037400886 -0.0978784081421277 0.140278416962161
v -0.303689036555469 -0.259802139668099 0.101072538019137
v -0.439394239003606 -0.12383250805454 0.0774267620364125
v 0.207127896322592 -0.169138091196474 0.0698330863561189
v -0.458373405238503 -0.042470054720102 0.0787518300545268
v -0.240304594190652 -0.174050321745162 0.258667083192811
v -0.262140889258325 -0.186011367902463 0.298388388493097
v -0.148094153568391 0.261360552490489 0.390676783513379
v -0.382219559733787 -0.265933937905708 0.109318668584079
v 0.274692064875752 0.0459700055138041 -0.421300495380026
v -0.333791925103912 -0.250436566709332 0.234709479661571
v -0.175770378509798 -0.024189557942855 0.259898785296292
v -0.269530094093637 0.100386773676858 0.26361479325114
v -0.207098724019824 -0.0544111584063645 0.309302517715368
v -0.351293013265287 0.0719788527183152 0.259739908028385
v -0.289978173355055 0.060578779186121 0.365667955017568
v -0.467559960397989 -0.127766474483171 0.105400926118154
v -0.191644285572416 0.265872035468397 0.367231009544293
v 0.191248818058681 0.108806783997178 0.0903455621203559
v -0.144349827248816 0.057110231165773 0.142752818450808
v -0.136467652187418 -0.00383734893426092 0.195896125980117
v -0.43081647248605 -0.187851964729075 0.268168331249187
v -0.34017988579867 0.00158102176711131 0.355996672578657
v 0.0225200222289417 0.280272166404247 -0.0785360617567003
v -0.306178160164869 -0.253024141311493 0.163788188941988
v -0.246512984176726 -0.180135451192598 -0.37085752957297
v 0.188540381916319 -0.106879749452653 0.13212464650104
v -0.319527538546628 -0.2682518848921 0.158750316733255
v -0.289069927048986 0.0985212453763645 0.218846333784288
v -0.441871840164274 -0.0954569906317231 0.0634188501123168
v -0.47422361447729 -0.0521174338836857 0.183314090009619
v -0.448316462186828 -0.204878013113698 0.0880961287367704
v 0.11215823315898 0.114294856273089 0.082892564150532
v -0.147409979349648 -0.067280943474466 0.220696685293943
v 0.197978029112575 -0.251914501579197 -0.385207799918948
v -0.486058661497802 -0.15290852194863 0.179122367804714
v -0.246549064667838 0.0324164431876839 0.359105399595212
v -0.0282119998619632 0.177346198844828 0.42805335444387
v -0.140700114009827 0.201517409266656 0.443272738019745
v -0.181396364000581 0.158366903333519 0.391187849065613
v -0.232358292488201 0.0516704669085605 0.340569587907965
v -0.255845656151913 0.0430576879288543 0.280527276942088
v -0.198446276398525 0.0859582969401969 0.384730484742902
v -0.357066668885676 -0.155516288282926 0.329698985720181
v -0.10633137592388 0.0556685888618907 0.143386749391452
v -0.0357319922720907 0.04283748226685 0.150455782820364
v -0.459631077683161 -0.0335253787267402 0.118186534196787
v -0.380975024263393 -0.280453460548127 0.190331557891824
v -0.359250320229259 -0.216776604451907 0.270786811163866
v -0.393294269231551 -0.202388943023547 0.282522262576597
v -0.431685070778696 -0.00730983099264394 0.198547438216997
v -0.380388852801689 0.0401364090988452 0.251913896231403
v -0.132037985116059 0.124348552052548 0.366358248757214
v -0.399791376849834 -0.0794407024999198 0.345229773372505
v -0.444214770867104 -0.125660721735387 0.297672775266817
v -0.112356311218624 0.23911106288791 0.446954749785187
v 0.0567710146926242 0.212943256440515 -0.371663107429552
v -0.17584986028004 0.166047111211346 0.442680876120017
v -0.180783841293079 0.101123887271697 0.431644936069636
v 0.054970997903065 -0.152862110334234 0.0835217901802944
v -0.411890193173469 -0.250820450553538 0.20874593959704
v -0.245644246447831 0.0669778783164696 -0.402157604083918
v 0.102512806685742 -0.275735982759965 -0.351034315181757
v -0.0467348108127628 -0.275153928946891 -0.36484544035409
v -0.391106025608162 -0.266885462451752 0.124160259461624
v -0.372523952346777 -0.2410694703246 0.247424570223905
v -0.0835297077266089 0.155862740480027 0.402349490006655
v -0.39062982020967 -0.00376998575395328 0.344445649619554
v -0.0468494011692963 0.197471882093402 0.448578166695934
v -0.470232177820653 -0.183725661764126 0.112123338022701
v -0.37284695339223 0.0496489172546422 0.290482169042296
v -0.234376709920913 -0.167686206937469 0.278291491652939
v -0.472318908869439 -0.0484886755221799 0.152193658407911
v -0.451186565259716 -0.0271229124103184 0.1738747195009
v 0.149845035876529 0.148809331651057 0.0506632007838161
v 0.163207110925432 0.156268936180541 0.0435740373947529
v -0.4507454400835 -0.106680586063912 0.0791857495912817
v -0.391637945801004 0.0326834463179266 0.186486013792494
v -0.339586493559115 0.0908881905604437 0.310663643722585
v -0.311757962142685 0.125843255657014 0.312039761604445
v -0.237102902728459 -0.0876057797265708 0.339440832975362
v -0.178078479454197 0.27788845012441 0.378735020804586
v 0.313507722116642 0.140006812951296 -0.303131626190945
v -0.115470009071129 0.0429618769281851 0.341637346819738
v -0.173027219915877 -0.083836360194558 0.251655365569836
v -0.285782287540541 -0.216202367151877 0.25761682193135
v -0.197565142164434 0.242350522141855 0.433918984968276
v -0.0865772805848855 0.287701413731076 0.458961156357438
v -0.0799227275528684 -0.236903345414831 -0.380664763457362
v -0.249199440097917 -0.160469734047872 -0.398076155762231
v -0.215471734583232 0.241013957346808 0.38173173896201
v -0.440768474619289 -0.0833191824400665 0.0428698099819304
v 0.159992402902797 -0.157806827756782 0.0800546098122297
v 0.0354023579097345 0.0787597153589848 0.117373789888211
v 0.165055860176305 -0.169746072059846 -0.390389756592231
v 0.0748029271086259 0.0876855881476243 0.110571523766038
v -0.365454935076856 -0.254817245703888 0.233676961187598
v -0.458916846129392 -0.0359241442420152 0.188437105841599
v -0.439112097434137 -0.0169542317849034 0.213642349405405
v -0.419065132198086 -0.0196001540018511 0.327440211646056
v -0.211230019977871 0.0147253731533497 0.396447123686533
v -0.147956936977383 -0.202936020220951 -0.356124934006182
v -0.202664987984264 0.0809971010895568 0.351909747287199
v -0.111438094110627 0.158894934170109 0.411526149331522
v -0.194083934179459 -0.107833134788484 0.272204881937127
v -0.266286946245794 0.038177167228383 0.293356429930677
v -0.191325650360805 -0.0515009392312071 0.278053604089671
v 0.048041132552693 0.0569192648420435 0.140597714616256
v -0.28344760629161 -0.231199153704774 0.137532442823342
v 0.146379297919918 -0.0828261760216921 0.155542656552169
v -0.270721220953724 0.0723812531143244 0.359365649005816
v -0.186138495811107 0.24877819131236 0.492849910328395
v -0.264857036498282 0.182445384413874 0.43367531488916
v -0.382631736259367 -0.0895395557844637 0.356057322337611
v -0.305154839168802 -0.215570475476667 0.272342415175175
v -0.176304746586243 -0.00607212488407575 0.247113563788697
v 0.387032156898853 -0.094256168232536 -0.237468119909245
v -0.386602903560033 -0.250074774790451 0.235387165658579
v -0.455006744744577 -0.0452311512894883 0.279312939801666
v 0.353315119354354 0.0229203827225582 -0.430404240624265
v 0.156896234578485 -0.32318396729887 -0.187917352475801
v -0.258874622158452 0.00187974439003647 -0.40571993742403
v -0.247243341759241 -0.00491694939756697 -0.390944022408545
v -0.0674357569012859 -0.260521916690492 -0.344965980928563
v -0.056266235388686 0.137187527336926 0.388591955972947
v 0.0319163751292274 0.294910395178481 -0.284648605332297
v -0.429601359823986 -0.079847587258801 0.322824861949351
v -0.229745901058513 -0.17072877301657 0.169371083888699
v -0.421344333585027 -0.00368316372014668 0.247778588016929
v 0.0145283460397946 -0.276036329703844 -0.364405161149738
v -0.282844944377224 0.06152576396138 0.349560031201888
v -0.308568946390216 -0.161742295392405 0.325519111447121
v -0.192937526024302 0.267961430975232 0.381281292205248
v -0.368549908083565 0.0687236990538605 -0.10455530140905
v -0.11930122135851 0.137763194620813 0.381724188565958
v -0.405403970872308 0.01326009110522 0.314187367011967
v -0.481023031868784 -0.0833664040356258 0.219882142038382
v -0.168268858452233 0.0706521928234426 0.306348254035626
v -0.218722130247888 0.210619244579853 0.498273147804468
v -0.102418072509907 0.133534659883607 0.375872120276065
v -0.317842502671089 -0.206080025770265 0.283312525936071
v -0.127312074845576 0.227448200079636 0.521347248999854
v -0.114941306861978 0.229939245658645 0.48333082869038
v 0.250733493365725 0.202727634653871 -0.0462810253853287
v -0.0132599806852702 0.227326225759282 -0.369909193535792
v -0.368535047067267 -0.0260938369082416 0.364472211979683
v -0.227020620273841 -0.22235109645369 -0.374353239857984
v 0.245048619807712 0.0821091302201529 -0.405839507090327
v -0.134648233035745 0.145491755707176 -0.229689143646713
v -0.466789910813794 -0.131430123243672 0.230629216895841
v 0.384168363993022 -0.0987925711816932 -0.0203930111668746
v -0.229983258801108 -0.218791891501415 -0.124608041509358
v -0.224558878501849 -0.233241954583372 -0.109043197360875
v -0.12804515445529 0.238884895436017 0.415879255235529
v 0.250121559500754 -0.000595188405304512 -0.451214732561389
v -0.07805828146298 0.0621574346692476 0.385255308595805
v -0.122827350794424 0.0326046327103803 0.373974829246951
v 0.0402163038408156 0.0430745385816919 0.153476992298098
v -0.261377013970583 -0.080947105445478 0.360348490256186
v -0.0365160298522132 0.100630009215595 0.3969779412792
v -0.244857381775094 -0.109263899230683 0.344423948632419
v -0.329498181848008 -0.259298557394827 0.215863742836686
v -0.280820973645535 -0.19391046488345 0.293351188050618
v -0.0850713193083221 0.109340403308616 0.360168242858857
v -0.383411184388696 -0.161501426161742 0.320346232126139
v -0.332025365999583 -0.180566155714784 0.306985772208331
v -0.172211999266361 0.00242841066631291 0.357193117200843
v -0.220558397398911 -0.209013787471282 -0.398765523949653
v -0.0884486291132638 0.257530163027732 0.496241184527739
v -0.240522766265131 0.0262359748473537 0.375241742912056
v -0.230906238336734 0.208415231381772 0.399075900669632
v -0.212590262172249 0.225692099655429 0.42733583099138
v 0.382489435671297 -0.0995118394915711 -0.162087788375581
v -0.239069343306682 0.174991070825477 0.47278370900499
v -0.205803058864873 -0.227835444820906 -0.11503455498177
v -0.203814881122475 0.0726067914226713 0.417114155612685
v -0.17027810356921 0.196998756910524 0.503553850334347
v -0.222229771833392 0.0910660373929616 -0.401885931765694
v 0.246474791012433 0.144961300552335 -0.398183749414228
v -0.23419832339878 -0.00942904914446464 -0.375328950946891
v 0.323241085654646 0.0706598139028606 -0.388726688527228
v -0.204311226031351 -0.0555514336747891 -0.383182240798476
v 0.341763162409808 -0.0367534620391496 -0.453900028069924
v -0.196015000469652 0.108287528115608 -0.371117069665014
v 0.216878878946005 -0.224133818536658 -0.420736995012214
v 0.322406121378569 -0.133705920771306 -0.40341079565859
v -0.194249554507909 -0.122153400717409 0.261092693688511
v -0.273727549453774 -0.209201057088359 0.241820774960655
v -0.254632202899331 -0.1893899187635 0.261484707750529
v -0.425840618279204 0.00122416787946779 0.0910531719851322
v -0.185042050983671 0.063454158059461 0.299762026431928
v -0.293200228449466 -0.150937454441898 -0.193324319228281
v 0.0305282067197361 -0.0280871521309891 0.195844264309985
v 0.259464807655616 -0.172020351544841 -0.425476249877575
v -0.41855077680366 -0.00470374684623031 0.315862928374295
v -0.317415559485124 0.120624389750521 -0.11958898077205
v -0.134939999259877 0.22021493757503 0.415001998625535
v -0.162453491934631 0.00899616041101633 0.292845081551194
v -0.182388535526883 0.228141694264175 0.356846344876202
v 0.344984566103134 0.110030081943597 -0.0381719674541595
v -0.0773632277026895 -0.0687328780883225 -0.29464145156212
v -0.143427800516727 0.179876668941577 -0.368686256473801
v 0.287638098397218 0.167220122259578 -0.0318470928750701
v -0.31257288395052 0.102441533488314 0.393439075721648
v -0.226065345804936 0.0433442405106458 0.257653283134664
v -0.267044923890659 0.0596363279012349 0.278780699730321
v -0.0462945471664412 -0.216269413634852 -0.196745961365381
v 0.125675322006036 -0.0586646542165244 0.178925522314702
v -0.399961398243239 -0.267603830208687 0.17961597334837
v -0.453039340420384 -0.0316378456253405 0.207431834212887
v -0.20173729439758 0.239311578467317 0.506490091932156
v -0.0935975565737347 0.088220481995918 0.409224984607128
v -0.279449451486936 -0.177241240870051 0.063843258552191
v 0.221856773162921 -0.235930460231848 -0.405697893979247
v 0.00353493367493288 0.206703540299671 0.455040490758693
v 0.100323411929258 0.052429240706394 -0.332759827563668
v -0.241574502150963 0.173864255003213 0.307841747212844
v 0.143378794296456 -0.0766884074739539 -0.37177401291462
v -0.0531355879228039 0.225960959801945 0.538743295083004
v -0.261131914716554 -0.000418709535631581 0.34932324216997
v -0.0672868787770834 0.210448425206747 0.536610768464714
v 0.132450297308753 0.114543566476273 0.0824945542263771
v -0.0694515817100512 0.0776553774151974 0.373059400900074
v -0.372929729559037 -0.204139321941782 0.282763419920231
v -0.350880825972135 -0.032126246080806 0.371050271764403
v -0.374401613582962 -0.150337536260088 0.330882658153192
v -0.105281781288069 0.314830552010819 0.442440846962479
v -0.0289479684643473 0.231324932303112 0.560681326166727
v -0.00847480909526799 0.226714059272052 0.523605655119133
v -0.176800297399096 0.2610915513587 0.460292575569088
v 0.00317951089914974 0.245220251474908 0.513555881446975
v 0.29285478287166 -0.189437085735659 -0.174739575083346
v -0.210638724201652 0.0733957128114775 0.387584893997803
v -0.231918479616557 -0.204062392363083 -0.139324530113036
v -0.166758700483834 0.219236252575875 0.528474233877153
v -0.219907329300923 -0.0243562861398984 -0.373989636623543
v 0.355304221536828 0.0643811369005301 -0.395091887270944
v 0.2958265814439 0.0566507741308982 -0.405120488163553
v -0.0541801533345012 0.172896842690868 0.545314854168576
v -0.222293318223349 0.0853708806200655 -0.375216398831171
v -0.0439461882064022 0.192303262876796 0.555216811328353
v -0.107809464757857 0.155621658046225 0.516899879475196
v -0.0430018846028318 0.185049908024143 0.534461512985773
v -0.0216321021711605 0.252053175875908 -0.0514215250497779
v -0.00736512020881294 0.145425759961409 0.416926144246427
v -0.111850339897678 0.0612184495276227 0.392304254075078
v -0.230105851690932 -0.0735958737922193 0.333628877169474
v -0.437769749248489 -0.144647226276596 0.294782073645318
v -0.21398045526801 0.233953210255622 0.346194782540566
v -0.244559086342231 -0.195703262713077 -0.385627512287328
v 0.381266250736538 -0.0997805175519788 0.00325395768278589
v 0.435400240105636 0.0168609951179954 -0.0695218697501618
v 0.432485734060427 -0.0487467599158589 -0.167940541641616
v -0.180685607190824 0.207461584802842 0.356571284289363
v -0.15537878158762 0.269246622929743 0.508214512542251
v -0.140203333545993 0.285921352260254 0.484473887089088
v -0.124401692202282 0.155754630195418 0.48539577928035
v -0.0711207356621366 0.278324378394583 0.5444777990673
v -0.163229115784713 0.119910336674239 0.44223332449593
v -0.0813129852499866 -0.194384180176046 -0.271398015037596
v -0.0825365168715033 0.264181836638163 0.530810417036199
v 0.443191194489055 -0.035481742596511 -0.163332691823936
v -0.179420329474033 0.253068268739082 0.534592697734274
v 0.346773015711576 -0.135937587468779 -0.0381607535893115
v -0.440266271543343 -0.187414836046497 0.250630714347166
v -0.0296293058948368 0.230346157365004 -0.325479790415687
v 0.436879005603494 -0.0444906008055764 -0.12447852938122
v 0.298863951053452 0.157068711670829 -0.0204527022924523
v -0.110583498478277 0.134001070719872 0.518635179598735
v 0.0146400548439356 0.255361042460634 -0.0553208632980164
v -0.437191341974207 -0.221803738268598 0.208434899027928
v -0.445073042645641 -0.204867887290961 0.218529788562136
v -0.199042773766626 0.155125442040211 0.341518503471402
v -0.0686711633755655 0.277979521236739 0.524426732697114
v 0.00639850542085296 0.228834634196156 -0.0321439344481458
v -0.073430133952706 0.085564767451988 0.363014741184113
v -0.391803457587894 -0.140978365281909 0.330452162747939
v -0.0744722684886602 0.275932137980217 0.492739931013087
v -0.381396863521039 -0.0393072845621605 0.360636685400774
v -0.092771066765097 0.253801803807096 0.514769537153326
v -0.161825342636973 0.275801773327531 0.458412848183877
v -0.00909327894585804 0.171168814919292 0.463007932068136
v -0.0634227848079841 0.150661657729409 0.46783854660527
v 0.231471717085796 -0.251026785219573 -0.145993975322016
v 0.233265045947123 -0.248149378914445 -0.180209444866245
v 0.036887707553192 -0.282277744025253 -0.331928231269285
v -0.108710471726484 -0.217785606675541 -0.339936040894589
v -0.264143548128259 0.0433045111375021 -0.418199424198485
v 0.25670229002288 0.179850190206414 -0.374913304852578
v -0.149200446392204 0.0121766193723364 0.184150479748471
v -0.149850897330074 0.132675051276709 -0.28404535943459
v -0.157522908354378 -0.0942025482911592 -0.368057015283117
v -0.179930030782268 0.0901344712787647 0.44889063617968
v 0.0619369181670177 0.121729814869525 -0.322515835323185
v -0.145073003337821 -0.219800481238449 -0.33019218184355
v -0.0283351352516322 0.153047353625466 0.409271402325815
v -0.154426378479719 -0.201921036169645 -0.306143843224611
v 0.181353717749747 -0.28497208336899 -0.348737903347886
v 0.0306586651969459 0.112377972150225 -0.309988463966769
v 0.257195398193183 -0.0349251029896764 -0.463276469140523
v -0.286523742034561 0.1498070495225 0.421102205117317
v 0.206178872518681 -0.274857749506634 -0.322308736667017
v 0.191315469978653 -0.291173580406314 -0.0839035989344027
v 0.293809654428624 -0.186732479791608 -0.12756190910997
v -0.312072492089981 -0.177329668062708 0.310885410193822
v -0.0443683742996851 0.0275172055247288 -0.273977610283511
v -0.215696201673263 -0.154282940395163 0.0931855463266698
v -0.131657740652565 0.167826096497998 -0.376697155031618
v 0.0464225141021654 -0.262769760988322 -0.372978336943204
v -0.214849549631042 -0.156647818821556 0.162002076465767
v 0.27963451905911 -0.121435898858451 -0.434595265925582
v 0.222789380971519 0.229392000072261 -0.139713170682638
v -0.182133965648757 0.101654729484849 0.387502754915553
v -0.171109245667168 0.259969753040118 0.501436367458305
v -0.0965021176499754 0.252115597882468 0.532875537485083
v -0.213506862927403 0.0613999649554916 0.406023966527833
v 0.407566424101815 -0.0750864474002936 -0.185725802832237
v -0.343096074733764 0.0838599229869536 0.346431564891796
v -0.147875021180906 0.17110532953962 -0.349627244466468
v -0.190297248538979 0.10411400401069 -0.263278914485607
v -0.199684041530749 -0.0981048290268112 -0.408371028052674
v 0.154561316007522 -0.202936741287381 -0.385427111815266
v 0.161399448336284 0.119309457503216 -0.389295045731781
v -0.355733457462086 -0.109441828587786 0.362841761990546
v 0.398558620859947 -0.0836008164667669 -0.0696144779853315
v -0.123445663166665 -0.0544536709303886 -0.337657729186863
v -0.431762137024746 -0.00229127873348459 0.0131378727186126
v -0.000621767949122714 -0.118033959186806 0.116793576510777
v -0.155619729084607 0.206595969962587 0.508638606915243
v -0.13845896292355 0.215308107717887 0.507738401309387
v -0.0611679028413863 0.218696039998522 0.521177664691171
v -0.0130691458506997 -0.271660072738763 -0.378655351597828
v -0.230497881573935 0.10889851847425 0.361201443502725
v -0.0570382623040091 -0.262358131874591 -0.329444946569468
v -0.269005055015597 0.165897516327744 -0.0610289998956813
v -0.247686673856403 0.187050573681876 -0.0334472502923091
v -0.10908398960683 0.0427333636176481 0.361080507922565
v -0.180590710705945 -0.183322859032304 -0.378158167781302
v 0.218210792963736 0.166022452840207 -0.420054529946908
v -0.329274227340507 0.108545509603773 -0.109260947026789
v 0.137024780275118 -0.196951108808386 -0.371128042608004
v 0.128101911114869 0.0708699595641213 -0.358493206399113
v -0.143838335088027 0.20162566099631 0.473168628278957
v -0.170924919321736 0.270586831152972 0.443015777426482
v -0.0385653731082 0.21557124742012 0.558907269901244
v -0.197561130485869 -0.00110059676858328 0.382433783008905
v -0.0902592040054371 0.127240051553379 0.482278753946671
v -0.0288394038743421 0.190945809139287 0.441238095264581
v 0.293080633317037 -0.0519212268625597 -0.467018616123359
v 0.14814581607072 -0.330626486077803 -0.168717492746059
v 0.0878118063667023 -0.279903339687677 -0.345881849377382
v -0.0705419754599508 -0.252489550664154 -0.328306816177661
v 0.291411649659716 0.0813619790061956 -0.377257519694855
v 0.308786971639573 0.0805157243209709 -0.377341353093943
v 0.0506071381861445 0.0841535020853382 -0.299987222858123
v 0.139593789170403 -0.298635167193238 -0.339026266060562
v -0.0499278224751052 0.222932863820276 -0.338895485588273
v -0.225631304069308 0.116993989794958 0.411918234670112
v -0.0364385647660516 0.193847585987329 -0.387327922033847
v -0.112000011007659 -0.214934139319746 -0.316357946576211
v 0.163900277314757 0.202936581309376 -0.390553381772933
v 0.326589764030103 -0.0967814399377072 -0.439244313267665
v -0.0199937741688926 0.212139195216474 0.527001963591986
v 0.114531382707329 0.0915742622389511 -0.346034927911871
v 0.131337590205217 -0.250506406434765 -0.380579440298647
v -0.361346016574567 -0.191047555329909 0.29602761613589
v -0.341741009658483 -0.154867364084937 0.331403844301603
v 0.108757704755137 0.0200957449240321 0.178259447431245
v -0.113944716367385 0.0691290631651165 0.330177809768308
v 0.17723424697308 0.057157427382135 -0.403921296525002
v -0.227816338177728 -0.214430030803621 -0.357680010483146
v -0.0545688712200498 0.0697443760703481 -0.288087589526676
v 0.0746483694959153 0.0188830126273528 -0.309531615943438
v 0.195496740237415 0.253741564041792 -0.328416615776655
v -0.0113291415294783 0.00275975175378665 0.180213317704625
v 0.00436757326704152 0.217961579613807 -0.375302221640046
v -0.208332913835858 0.222789663872097 0.514461394352949
v -0.145339134629014 0.19842620535461 0.418274015111235
v 0.44575930606134 0.00633239903605624 -0.110088474977274
v -0.275092759517689 -0.181941374610463 0.307743824571866
v -0.191508350726841 -0.0747931954107597 -0.362304142037425
v -0.1758535279274 -0.113328978958558 0.222991640026436
v -0.286582067988054 -0.177761000239762 -0.165449737532983
v -0.309632121247616 -0.141427015162378 -0.201634049959878
v -0.236575296127464 -0.21069861481688 -0.381011047243035
v -0.216440987317338 0.0792129835954841 -0.429381518304704
v -0.268487688028239 0.135134705074226 0.437911440147802
v 0.256618117425332 -0.153386914521962 -0.433661526295972
v 0.136880192594961 0.221880713364943 -0.364573971552887
v 0.398769596874247 -0.0833679532273579 -0.091018832800373
v 0.0624028094350915 -0.179031439608576 -0.331435023075698
v 0.454809225249225 0.045868414226893 -0.345325672742626
v -0.229391518367583 0.0658872819794426 -0.440537064449232
v -0.233252952640146 -0.183080098451505 -0.410963954004731
v 0.007707642300807 0.220704072131989 0.465619946240796
v 0.124700005872306 0.110334580556827 -0.355823676944705
v -0.159255215372325 -0.19721014730738 -0.36072776613308
v 0.317818045731492 0.0323450801906118 -0.428730331240754
v -0.0248210760263395 -0.120116891455082 -0.277057028662633
v 0.0642736780266866 0.105271457127505 -0.314134516882787
v -0.217316304663899 0.122192627602347 0.354743272363865
v -0.0139176187812758 0.216215382251964 0.46459553893575
v -0.0262686774285121 0.224679926470055 -0.0289692861229235
v -0.123856621564223 0.0892950400715118 0.492276845255974
v -0.322713138518223 0.069863086726397 0.375164011675981
v 0.248318401370888 -0.0559985756947574 -0.460983316738799
v 0.0134325027097609 0.138098194883566 -0.333419134398148
v 0.0963970863036109 0.170544764095841 -0.365009856946964
v -0.119956749624373 0.0889685566088067 0.450369518860952
v 0.15200791722918 -0.186864536549765 -0.379621548192823
v -0.188778008303533 0.0481334464226668 -0.40276947604886
v 0.213581190299345 -0.0253932661671669 -0.437164657040248
v -0.188238717759113 -0.211235265485025 -0.380298682308977
v -0.0148469622382167 0.154458008978479 0.450158854072514
v -0.111503230774742 0.170135152071598 0.446473393740437
v -0.0590991282094249 0.0202595280575069 -0.282393887790649
v 0.101072961463029 -0.312128723403838 -0.323631761913574
v 0.127379480893653 -0.28622257617611 -0.348098813617326
v 0.298925074458593 -0.0161370586963977 -0.463552659862427
v 0.0287433186204418 0.090660168827628 -0.294599145733402
v -0.00631943894549408 -0.230770931076303 -0.377473721175959
v -0.099316421189015 0.181331267652182 0.499485201161962
v 0.437366900028031 -0.0751365264224055 -0.236630571685847
v -0.106002139942419 0.216092304008304 -0.35516132816134
v 0.0323108396124559 -0.226721163846109 -0.374551008145361
v -0.216907243309003 0.0401184670023999 0.221761674151724
v -0.119054734790279 -0.204086590308609 -0.301302760243913
v -0.0537289267545452 0.204020682579009 -0.290419171490224
v -0.0879288016300592 0.0846012041403583 0.351600056173128
v 0.167175964025245 0.278440108765182 -0.097399331906089
v 0.207345710225058 0.019603971206237 -0.429713974805767
v 0.27888800771401 -0.193799133627952 -0.35713210882739
v 0.228405602789074 0.0447127979730009 0.153335801436084
v -0.0551048146150485 0.198827732064968 -0.39211035759702
v -0.125044371610186 0.183499916879003 -0.386653994733129
v -0.154893385808628 0.0719589748452753 -0.371843723034121
v -0.410723444856995 0.0153517732560785 0.0822747546904677
v 0.0152948693971454 0.0254660058726963 0.16982740217081
v -0.256834715851886 0.179343962241317 0.382354866631795
v 0.280011779378502 0.17305652729798 -0.328926850113053
v 0.169959907750844 -0.0480085994786884 -0.39672419301372
v -0.0433764300657577 0.0931294608106945 -0.295714908903277
v -0.252745608255147 0.16440752795817 0.458959834715624
v -0.373538958936435 -0.0713286441431686 0.366432228066556
v -0.0785878909453833 0.184543409706528 -0.37953085467869
v 0.0589226900184704 -0.0810708940249879 -0.295033674545959
v -0.0662911945518433 0.300551181360086 0.487434979200046
v -0.0765607871122602 0.304211809617819 0.468745351237934
v -0.0294587260481451 -0.27521958305291 -0.377362081189524
v -0.232078575778867 0.212805795400859 0.48540182509611
v -0.324038221756951 0.109931128191143 0.0372374551855573
v -0.219932256648599 0.0464561641011756 -0.431375781425276
v -0.154500933919596 -0.167849445697963 -0.355938672147979
v -0.0572556473814071 -0.120804261975063 -0.283482965042569
v 0.208210118336885 0.0784237062572009 -0.424945069755463
v -0.253121060778187 -0.0118211797065525 -0.437363906014412
v -0.255124823097182 0.0570218552646479 -0.433919328451275
v 0.328328663371667 0.101345446668803 -0.334357312252668
v 0.142011185178999 0.161474501862782 -0.378763463988413
v -0.0261792834725753 0.146582127204135 -0.341995213345887
v 0.0163251771485601 0.234386756591138 -0.352637855181782
v 0.119073828686487 0.221735668252388 -0.361618521183311
v -0.00137099776719089 0.15915305574011 -0.353619398049727
v -0.339428105152629 -0.0783001547262348 -0.211166836420135
v -0.191827768485376 0.224833098838857 0.525738684140782
v -0.038652616044327 -0.037052363282287 -0.26586256812617
v 0.205206033939632 -0.197106077982859 -0.42603656794836
v -0.193784169267316 0.00766171081465271 -0.406572864953385
v -0.31371180782083 0.10417927374014 0.0981104452917292
v -0.191432053753896 -0.175525925572586 -0.387634033339757
v -0.116978788948899 0.211571513573876 -0.368515543124801
v -0.130005658365613 0.198617876029447 -0.364500789337447
v 0.209361625850227 0.117951689542362 -0.425998870572245
v 0.0872117662645617 0.181405158397652 -0.375074598789925
v -0.123743040380891 0.00876450016423148 -0.340198473358011
v 0.26003023470441 0.0302983176081959 -0.434878447414955
v -0.116309829398135 0.0960660055766423 -0.335816641703193
v 0.311543688170822 -0.0571055963910265 -0.46544827929922
v -0.124277536043896 0.255989880909114 0.562653565208362
v 0.190128123132343 0.150142171862121 -0.41601101785725
v -0.296768859523132 0.0656538753233237 0.377388432470943
v -0.110212134301125 -0.137939051942456 -0.31944778172935
v -0.0880268921899399 0.243914136874813 -0.138818927116884
v 0.125359945588696 0.319137925316795 -0.210085966686025
v -0.0852410359399558 0.173629610954976 -0.369120000889628
v -0.0784010983228178 -0.148173970318294 -0.302731540426636
v -0.13574800376519 0.20757709859075 0.458670873482981
v 0.014500773168727 0.0946825069447643 0.101638679651108
v -0.0663072482200417 0.212185726793584 0.499149036256618
v -0.0555582413700712 0.107756037031426 0.419810089035994
v -0.198005367693334 -0.0545828356244819 -0.411136885552363
v -0.120515033167777 0.14859474271157 0.502330715766398
v -0.00214441492459165 0.195072171780471 0.443960013260074
v -0.137556308020638 0.00834035419062263 -0.353287382973385
v -0.207154415182683 0.0517061393121095 -0.419867799198582
v 0.26873870746816 -0.136001099850735 -0.432269600182805
v -0.221467912542434 0.0732026665779623 -0.307863988215173
v -0.145353021067694 0.132975069894526 -0.265748178654477
v 0.392888822786891 -0.0893694324652049 -0.192633819959262
v -0.0539399485613846 0.167469351405456 -0.362437533602009
v -0.0515300328756385 -0.289111860697704 -0.0723981506606784
v -0.110402339596956 0.217954491639367 -0.387473356191855
v 0.233837606852358 -0.00183278286037172 -0.44655641517191
v 0.167716637126407 -0.197912606887194 -0.394438899612309
v 0.0944547508444371 0.115356689911089 -0.332713094308528
v -0.22731898866792 -0.19629242734353 -0.405359279895868
v -0.0205183453429512 -0.280538332897956 -0.338167038821644
v 0.345133342666839 -0.0985487345871067 -0.431161237217924
v 0.134673631130442 -0.211683111808037 -0.377490012172487
v -0.0425381153229103 -0.261749410220193 -0.319134920223218
v -0.100056226253999 0.170619374416896 0.520683263898352
v -0.234004556670396 0.00327188655218476 -0.360509173921195
v -0.123640381061552 -0.139070904219483 -0.330691370651052
v -0.232295348234004 0.123176068326073 0.434466276019625
v -0.231378847512016 0.152508801485421 0.46477906910899
v -0.319656731829712 0.045819717161764 0.360648694711411
v 0.22738782523268 -0.0569916580853018 -0.448922470143176
v 0.0337361125469271 -0.0411636873112021 -0.274101746837953
v 0.21751210705768 -0.0725566124675114 -0.43963713878736
v 0.244436710603286 0.127561915426471 -0.400216747447899
v 0.187167211918446 0.0379781237903222 -0.412882692820088
v 0.152057143834606 0.208870776215936 -0.380524907896306
v -0.0606119193137158 -0.0241485456475772 -0.281427898094432
v 0.127177290342768 -0.347021621996032 -0.230604735806169
v 0.00366959600523411 0.102398961116272 -0.300310400147916
v 0.0639121378956931 0.145224927110255 -0.34069737697787
v -0.182378879439912 -0.0967570864683888 -0.392336637981612
v 0.0876359237514508 -0.153061526082971 -0.325517751140951
v -0.0187130190814174 -0.0655152528159549 -0.260858566543701
v 0.157580307436247 0.0331456548730302 -0.385661693474645
v -0.306721647250121 -0.17174963396065 -0.171953134615983
v -0.0487095506609631 0.226736027576435 0.504316233541058
v 0.134039424413241 0.0409855610935953 -0.363912855553959
v 0.0620628349863302 -0.0159367382556192 -0.298105363228318
v -0.0277911416061282 0.225640943066023 -0.381326952875721
v 0.134184431241292 -0.178040558718586 -0.363756754817212
v -0.16673044934414 -0.164587346855081 -0.367976699989729
v -0.149908413827449 -0.108444423857383 -0.359374017810138
v 0.254384295869137 -0.0717754511693838 -0.460138803576493
v 0.0133970912546034 -0.0247494364004775 0.192528395318096
v 0.0393609617549218 -0.155488443638016 -0.309476657419289
v 0.096704226504574 -0.180440492161936 -0.342331894293837
v -0.25885574288037 0.0239324800818771 0.322529579518362
v -0.187357922706768 0.152795113360273 0.407795409509797
v -0.110372403274558 0.0118481317854463 -0.327645991186788
v -0.0283103630978344 -0.170836740800745 -0.319964985224988
v -0.0141864651852057 0.194641661660707 -0.387198962296379
v -0.148940874099909 0.0886519568658051 -0.366908653416465
v -0.216368360265515 0.0180432462237923 -0.427632888409694
v 0.282952140739675 0.00873066962131217 -0.44892012762994
v 0.447352103848008 -0.0163909647187858 -0.191709405103054
v -0.273954506110789 0.0921504847312049 0.405040805363757
v -0.0433911214011752 -0.112573718632081 -0.27600709781139
v -0.165447033336546 0.117898698588066 0.421362355084084
v -0.104219263693932 0.258440836806659 0.446139869955374
v 0.185638951442467 -0.155052268407831 -0.409205723880935
v -0.123826144201334 0.0514120313773067 -0.341444957563542
v 0.275844123852831 0.105023824478369 -0.371928120437658
v 0.323771538388164 -0.0796377933173277 -0.450802865703494
v -0.0327429053006836 -0.282223818274901 -0.353477692452421
v -0.126320783969303 -0.262089716784724 -0.0528854789795406
v -0.0780237579128009 0.111241400307079 -0.316935568324324
v -0.00249650687899266 -0.095089008041052 -0.266846220009281
v 0.137781147664861 0.0574583032148036 -0.367403863986175
v -0.0740166940149099 0.206109005951797 0.517478665775204
v 0.0777190383585484 -0.271176009011635 -0.354582717603222
v 0.154206290240698 0.234719891838168 -0.35589159651275
v -0.204711028174904 0.208048402814855 -0.112188354185842
v -0.398647025081878 0.0289168262990235 -0.146589649375274
v 0.238211527802001 0.0282314848207583 -0.436611757034916
v -0.0168870923876746 -0.0456213072195574 -0.25943520724677
v 0.00110504808880487 0.0769185565349309 -0.281923584138568
v -0.125821446022679 -0.103795808768358 -0.336925610226677
v 0.200063119814476 -0.0254723038322504 -0.42499023708073
v -0.200002079115685 -0.0922696097264061 -0.351075937763395
v -0.144562797793953 -0.165149646494148 -0.234475001122385
v -0.0603680409541872 -0.0998554660923912 -0.280931164377375
v -0.200256123674211 -0.0858608579301702 -0.373013845814004
v -0.1673985044098 -0.186110336570178 -0.366939215178008
v 0.112962872389962 -0.101601995564232 -0.343487022093298
v 0.109008173481156 0.134168041041836 -0.346922746448467
v 0.122088577817363 0.030951473870865 -0.352872089541973
v -0.152245286205097 0.112533174254943 -0.371666538707361
v 0.35502748739207 -0.131446570936843 -0.403558277400118
v -0.134914384079731 0.11609076003253 -0.354838149179699
v -0.228846016139607 -0.135357355150168 -0.351438811265644
v -0.36089789393349 0.0785111038657075 -0.155548657924877
v 0.146035385093853 0.179880338440815 -0.389753430128123
v -0.162090705445281 0.0379375091326008 0.423680413743486
v 0.0470040349590771 0.146250010377374 -0.341086447543781
v -0.0159413564455995 -0.0259764524361568 -0.259422729610678
v 0.232547881104147 -0.118082758334774 -0.444759259144834
v -0.109769036685654 -0.171317509562738 -0.325528623076748
v -0.146253211068188 0.0719465687352752 0.312638840910895
v 0.0110561761634752 -0.193667697349818 -0.342445294199288
v -0.188872404572856 -0.185385917617068 -0.310034695093329
v -0.0309341144592602 -0.13660443453778 -0.288841139194943
v 0.397276505108141 -0.0265701711507434 -0.404893535962766
v -0.206022902357729 -0.0188635048036705 -0.418030792410038
v 0.0948654890012036 -0.11819530779338 -0.326570086387411
v -0.278607501356442 0.163271956282532 0.317359757699225
v 0.415079920469324 0.0331440350499242 -0.388184834854364
v 0.0293302888436402 0.0161023691310083 -0.272947498833124
v 0.0737302784738361 -0.106178328305462 -0.308310801492931
v -0.140124827703996 0.0999440487772954 -0.358824702491914
v -0.0857748279846822 0.129610294522905 0.518146467834837
v -0.0173164842285414 0.0722926408586592 -0.279330282044287
v -0.106147536617019 -0.0476110881307556 -0.321801081765646
v 0.0472499213220904 -0.0156461836659015 -0.28498678450926
v -0.120003489848012 0.126567645291689 -0.344914483738276
v 0.153005674879234 -0.137260019801736 -0.379769214859011
v -0.211246622925395 -0.166831223835909 -0.403359202806839
v 0.00531292652295785 -0.137328169515852 -0.290632930477826
v 0.172374851172805 -0.308595924355155 -0.236452567092177
v 0.405149739620051 -0.0772554271731221 -0.205863892886412
v -0.115743618192661 -0.195850680128298 -0.344840791214677
v 0.070930991207473 -0.226454962047778 -0.375704387583601
v 0.0658512116465078 -0.0658718519986191 -0.301153693803387
v -0.150570083158909 -0.0054780884885989 -0.365270707246279
v -0.123691258284093 -0.119503965446814 -0.333360072690878
v -0.0518995951491585 -0.229458426196907 -0.159806765407711
v -0.194632476505047 -0.135543573714044 -0.396458839790103
v 0.0565775236861537 0.187052405653865 -0.379802210607633
v 0.1151616802967 0.168385356081009 -0.368107080814517
v 0.100870825069209 0.187016903433135 -0.380845491945147
v 0.207541283201599 -0.0393329331905982 -0.43189405525742
v 0.105584676452937 0.335807392861555 -0.18925473861097
v -0.000932325089682634 -0.0559676579621717 -0.26007542440829
v -0.166691005080813 -0.210863375371665 -0.366745902912031
v -0.194273484361203 0.107477267830476 -0.352833400307395
v -0.205389725194062 0.0936443377650798 -0.346253615778488
v 0.0199093162593661 0.00311955422573292 -0.267000080180624
v 0.0877328762088343 -0.229851687978035 -0.380234912213936
v -0.208382552378844 -0.109554852170735 -0.339403319294314
v 0.0786830327571116 0.0393629217061465 -0.313198812916903
v 0.0534413057981903 -0.0516285251347649 -0.290047386987709
v 0.0537140599491322 -0.124529571625625 -0.297449003936388
v -0.192189902081138 -0.0786267838520976 -0.404583687472171
v 0.0140031011378313 -0.0843580130316119 -0.267724087037729
v 0.0653799754684765 -0.047603315486292 -0.300884708989563
v 0.146445605708922 0.302388051815989 -0.185497575867599
v 0.145195065525945 0.302905897020042 -0.167163958997574
v -0.167178399567257 0.018238959603812 -0.381687049458643
v -0.0440810056930249 0.207027018925276 -0.398477637401417
v 0.399888880414832 -0.14652853982255 -0.346291750427069
v -0.197845690084233 0.166301873233218 0.47703174537931
v -0.142269336917678 -0.155234634378557 -0.345639332085828
v -0.153253820532398 0.0558138862417524 -0.369662294620923
v -0.171171157755153 -0.229234932073135 -0.343156453458895
v -0.0582133450381558 -0.140399657634193 -0.293523936947909
v 0.204922178378139 0.0631308477879098 -0.423901405165137
v 0.180706686091066 -0.0597577446320201 -0.406592873410757
v -0.182134669044534 -0.0814570857583537 -0.393637306573882
v -0.110472052134545 -0.153419353233099 -0.320065196233661
v -0.0581071093137095 -0.0458351914630589 -0.27880430186851
v -0.180519867774676 -0.0343263836822259 -0.393473157862918
v 0.0579498785069452 0.016422996895147 -0.294457977322758
v 0.084733817785059 0.155019295052528 -0.350994486191543
v 0.177897151915939 -0.0944685888766202 -0.403378303488016
v 0.00116124576599669 -0.0358485234144035 -0.259797271269346
v -0.0589377419203604 0.107513533262245 -0.309068296967672
v -0.1435522885369 0.067207057457843 -0.360823645277137
v -0.133099171222691 0.0644075482881515 -0.350703092797576
v 0.0247060370005533 -0.215476106100241 -0.363619152841249
v -0.169494255091822 0.225306821419217 -0.0426452634332197
v 0.217761885136605 0.0341594152180787 -0.431640037948555
v -0.0653623150235287 -0.235688241828304 -0.300890810594695
v 0.196333549257192 0.225348521830097 -0.36978752962209
v -0.020384878859106 -0.0860256866861004 -0.264167854443795
v -0.038668369798463 0.110257082178843 -0.307940718680457
v 0.235213775563212 -0.0727947079824467 -0.452138988733806
v -0.0758107042155576 -0.256048925823743 -0.100077006162076
v 0.0819326523175524 0.168330662633403 -0.362296060300313
v -0.0527034108582514 0.238602271970856 -0.22395078388469
v -0.119234671118595 -0.010271646506308 -0.3353612628991
v -0.0802924772172596 0.205652599797109 -0.329822921817175
v 0.20122678338658 0.0357178486282914 -0.424123526195999
v -0.0516253040716917 0.0479859940618811 -0.280650485772651
v -0.0016126158092029 -0.161628042993806 -0.311506350590995
v -0.11171472227376 -0.123244428656923 -0.322123256459636
v -0.173031109138572 -0.00192909571985391 -0.386777974485194
v 0.275821269931625 -0.0682720068273843 -0.464403315297629
v 0.135204217291565 -0.0466715944435329 -0.364582740400766
v 0.0776214586134473 0.255968372513727 -0.331342625546965
v 0.0549325825477572 -0.0330269124311 -0.291617301031259
v 0.272173279594991 -0.0465825195266273 -0.46676887478943
v 0.238461131470573 -0.235810752526321 -0.351728239447149
v 0.0384530303941272 0.0287019167777435 -0.279587314905139
v 0.0460036286894652 0.178104560076659 -0.371235542284913
v -0.198495560861491 0.0375197453734599 -0.411501507066412
v 0.196042991078575 0.109796062394012 -0.419855949969271
v -0.102088407615323 0.0958379616651096 -0.324151255540484
v 0.225738319759881 0.225897170732636 -0.192166723302037
v 0.121388858759191 -0.225625147897528 -0.383400669289893
v 0.128247642221507 -0.100960817360014 -0.357513605267197
v 0.0992160941580551 -0.213427736193508 -0.366293294906563
v -0.162920105408307 -0.0135941199956336 -0.376858434344236
v 0.0311935428743018 0.0572129194235086 -0.281554389456286
v 0.107762526009374 -0.0706748578228233 -0.33917250991075
v 0.315554842989117 0.115713744358041 -0.335714466697444
v -0.175016987800432 0.1018046369041 -0.392379509073382
v 0.249881695787787 0.195541986985614 -0.362816669859218
v 0.323540336794745 -0.141850552983257 -0.384643142608281
v 0.0333137592717828 -0.0946715705546591 -0.278119692104023
v 0.0431525098703672 0.251912194949814 -0.335264002125972
v 0.229250317336092 -0.0948372036150174 -0.445240571562794
v -0.059749629789254 -0.236088132630364 -0.381638559374916
v -0.0856271229970365 0.12702057010498 -0.329013934270375
v -0.0933364357566785 -0.0036428183826459 -0.311202609686157
v 0.110394021413859 0.107748511272108 -0.342834826910273
v 0.153480666599074 0.000872522366694543 -0.381782632337844
v 0.0900574495904391 -0.0433085476986559 -0.323293139836914
v -0.124564366412787 -0.0694497306405367 -0.337990022170057
v -0.141358778066756 0.155855721155858 -0.322706596040601
v -0.127071244065134 0.171781929464328 -0.323071436131398
v 0.0246791409177495 0.160104492862784 -0.354275915106454
v -0.108562780069468 0.0800335621773087 -0.327594574773358
v -0.13605975911063 -0.0114195350862702 -0.351265616623883
v -0.228139515862939 -0.166478787172271 -0.412833456740867
v 0.137632893836652 -0.029255304300048 -0.366964108346366
v 0.132210868885374 -0.152912513103659 -0.360459642581604
v 0.155864854273743 -0.0715045961473905 -0.383367575844102
v -0.245585872225806 0.0954203128197183 0.369655978617353
v -0.0319881314174762 -0.220396746827618 -0.367354530836309
v -0.0579190997727616 -0.190595613746395 -0.338687707868333
v 0.220104545747074 0.0651577880414747 -0.427048003091595
v 0.0496867811017415 -0.0934530789761488 -0.288475930661204
v 0.326741156455775 0.11686905270034 -0.320924592751335
v 0.150382348347244 -0.328202952456432 -0.207811515128253
v 0.179216057356333 -0.076920967486321 -0.404942344098832
v -0.0322483548116723 -0.0178338054778699 -0.26411300073681
v 0.000754106417611321 0.258397720160162 -0.317938137747479
v -0.180411729111337 0.229174921043691 -0.061022439084811
v 0.190480233064936 -0.138352909568335 -0.413741376664611
v -0.178386071235119 0.0153646964875235 -0.392208907027922
v 0.029526667822992 0.147980292837184 -0.342722000874645
v 0.0986674502953523 -0.0569093519365125 -0.331020780174625
v -0.134985249309129 -0.203275221406747 -0.35223960085279
v -0.174695873677541 0.119397965261276 -0.305733606899247
v -0.0941915941585065 0.143277720574606 -0.343068475616558
v -0.109326301283866 -0.26870514607908 -0.0611359146720964
v 0.0157203852275019 -0.103332449989625 -0.27390126326072
v 0.0437787500235513 -0.139585930319768 -0.300873825013021
v -0.0163401314440272 -0.244063698137538 -0.389676576067049
v 0.0230701862930548 0.284350694852312 -0.295144006230724
v 0.305020614787776 -0.141163852227932 -0.392861876214793
v 0.166845097871963 -0.122362561009114 -0.39267359529802
v 0.244041935380691 -0.173092474574732 -0.435258232560171
v 0.373650715697187 0.0805251562217509 -0.0595289866195428
v -0.168672734140128 -0.150127554706276 -0.371492305830544
v 0.205957576470142 -0.0106917513881791 -0.430255213879521
v 0.417276030169082 -0.070862272404632 -0.237732135147441
v -0.0202279020989544 0.164224868496156 -0.358715108201161
v -0.155217696174845 0.0355276620319172 -0.370852891624394
v 0.120500674616044 -0.156333738982342 -0.350171727368898
v -0.0363630541515637 -0.0742310875329372 -0.26604435809954
v 0.166716948217791 -0.0832975980654118 -0.39323362601269
v -0.126796940575176 -0.160285376701604 -0.332036691824445
v 0.0400951538605474 0.188900000101388 -0.381292468433019
v 0.203290968971721 -0.0637206288872874 -0.427616254016795
v -0.136443034808938 -0.1336407638826 -0.343320082383238
v -0.102940201727091 0.127149296429571 -0.335508222414147
v -0.336747647660444 0.0914393044488254 -0.200799115985612
v 0.13341606582011 0.241152169425159 -0.34940468148993
v -0.123795391511688 -0.241631634020967 -0.104835863547154
v 0.132957743108934 -0.0639542141580431 -0.362336263796514
v 0.00182131159018943 -0.0152511313464966 -0.260549886629643
v 0.0197765891859771 0.103358920857975 -0.301924810710987
v 0.0864361282844049 -0.0590906546087551 -0.319879215813504
v -0.0237846485124224 -0.30243389576272 -0.0646968091937478
v 0.139512511103777 -0.0929174547966297 -0.367989551805218
v 0.0782863099421537 -0.090348660442427 -0.312299640825559
v 0.12666139811527 -0.132661602002331 -0.35554877454595
v -0.0564804098642842 0.137733906732772 -0.334019776902804
v -0.00580053011280216 -0.146451880332159 -0.297480927526291
v 0.151088723498117 0.050708840697796 -0.379692313541619
v -0.198353705759981 0.0670323302330092 -0.412244248047374
v -0.359831822459329 0.0761989137065592 -0.088969251651737
v -0.184535777154289 0.216981756223646 -0.0326843695572742
v -0.160166235204269 -0.170838748760448 -0.285106973260951
v -0.0560693899492913 -0.250699108845855 -0.312030505528377
v 0.293874624508313 0.145390408553171 -0.351870794243531
v -0.0432832215806151 0.230038440070922 -0.0346941411234187
v 0.289114582712526 -0.00375746048302913 -0.457566039242832
v 0.411246524669528 -0.0262376646091363 -0.391580389992077
v -0.079244350129242 0.0645861413291459 -0.3015069611456
v -0.30831296129611 0.128811845018281 -0.0850049525026077
v -0.126567501236066 0.209528817690382 -0.120752808098277
v 0.207300405700529 0.233305670794127 -0.355751108651504
v -0.122708872402525 -0.17585835617253 -0.333047425767382
v -0.224118596694402 0.00226291311285214 -0.434655014532058
v -0.218921406024154 -0.181640462322597 -0.404880527818706
v -0.124705854060393 -0.0260202071007097 -0.340014711448315
v -0.00697134137639793 -0.304504217129545 -0.0630034206594901
v -0.0329964495452752 -0.278496481519927 -0.0447856546553273
v 0.421401569588198 0.0330219597709999 -0.0685938237128811
v 0.190806729468444 0.18006917736705 -0.419048531248367
v 0.110557570447119 0.255779272793101 -0.0561965605754493
v 0.128744947579941 0.247777858572132 -0.0483866500226544
v -0.343171923439581 -0.194549412845453 -0.109621817931846
v 0.4017072360012 -0.0831958867335275 -0.248380430904009
v 0.113600232881691 0.247272617989836 -0.342488929522436
v -0.235306039168571 0.0237089485487462 -0.327491570449841
v 0.436838099642577 0.0184541353579499 -0.128852599119367
v 0.378874288765895 -0.0995323503978457 -0.41281389466203
v -0.175483254497191 -0.0190883550380292 -0.388805004664463
v 0.133118724949304 0.101912653834257 -0.363357886294696
v 0.164916395037287 0.179333539824619 -0.401423436581184
v 0.136968621175104 0.289099554069082 -0.0942651203775006
v -0.100464785526614 -0.183785970462661 -0.332580895558451
v -0.278284614002627 -0.109693884242752 -0.232984711487937
v 0.171950804629671 -0.308974735975259 -0.137045181493933
v 0.16496600902998 -0.314789818323056 -0.205027694627325
v 0.172276641922271 -0.308230019660757 -0.188355286259794
v 0.258468132853651 -0.224894255581198 -0.103986532438268
v 0.164961197849517 -0.101346435890575 -0.391309520962775
v -0.407920222141578 -0.101127941197254 -0.140706092239664
v 0.244535502283686 -0.237699252538232 -0.143085228685209
v 0.207383939915623 0.245798957689487 -0.106167519338136
v 0.397767187656165 -0.062814873221544 -0.404075840538208
v -0.206344531417259 -0.230681014238201 -0.354426738201725
v 0.0331816006523941 -0.319205677708301 -0.205903476868677
v -0.320063724596463 -0.217958608144147 -0.0635349381711757
v -0.389450381942079 -0.0829532321199469 -0.160823579773442
v -0.381628454743278 0.0562081789041847 -0.11091720988855
v 0.189041571556523 -0.294638081318925 -0.104700903284892
v 0.143856379675558 -0.331401446789607 -0.113222499097683
v -0.368019629767924 -0.0697883527017486 -0.183826487433767
v -0.3829020379832 -0.0459856610321912 -0.167810921714474
v 0.484454277983532 -0.0460562927837747 -0.23117082169491
v 0.0546872083613747 -0.302485707286433 -0.062020944707076
v 0.253778840855457 -0.226147476753217 -0.198339333750573
v 0.29128977668753 -0.188117016453562 -0.213512509384531
v -0.192793414671803 0.103903461122844 -0.314258992826183
v -0.303360338242036 -0.0173229241053535 -0.248285581937869
v 0.42209959983921 0.0320227868129424 -0.126148414210581
v -0.299356576417322 -0.0683504148097652 -0.250718405007019
v -0.00507606581488483 0.021932494205421 0.170517648446466
v -0.389269121384417 0.00268149416642399 -0.16354579089694
v -0.252039840976663 0.0332528646478761 0.301139768204591
v -0.238878617187843 0.19795280282886 -0.0691837800592603
v -0.160239530023288 -0.237851295512946 -0.00754629476271222
v 0.126526653050335 0.315731727579212 -0.139159431546426
v -0.0889059607235653 0.247999791408168 -0.117408307570963
v -0.0954240662241889 0.245903950789566 -0.0959798899187678
v -0.038237202776392 -0.221029913722181 0.0136887590203204
v 0.0599755728660375 0.277901191706297 -0.0774303249927225
v -0.340637120769358 -0.0253867836588266 -0.210618937588854
v 0.276649741453758 0.176757796290547 -0.193167211638107
v 0.229026333030314 0.222444177759104 -0.173996158897588
v -0.148308736905388 0.227474219622919 -0.0384299472527844
v 0.365428812843701 -0.0839536746038705 0.0482972080318067
v -0.243432479582316 -0.25274992609413 -0.0801356895870175
v -0.224852426260772 -0.258862301624537 -0.0701180647863931
v -0.224985141375357 0.209101932989776 -0.0534922308025609
v -0.314546184894877 0.121052990767136 -0.0164535835502707
v -0.296397495166491 0.104013774749965 0.156021285486001
v -0.371713012628539 -0.051520634297726 -0.180079096664572
v -0.389273857765971 0.0474452572351107 -0.0583534983896688
v 0.381546069748703 0.0690101016889934 0.0116367972334896
v -0.368340157652109 -0.164869251579164 -0.147588878643243
v 0.152762063573327 0.112806414257429 0.0850399050803663
v -0.0402965687425489 -0.0964477921242559 -0.270736950952195
v 0.0737125336492776 -0.282410061565796 -0.0426314482862897
v -0.28524018923827 -0.192443421946838 0.0333238439302934
v 0.269102859977681 0.184570951026521 -0.104004214035361
v -0.211635345479148 0.0839082577319858 -0.292437774492647
v 0.366036576616369 0.0922158853254526 -0.363427139044527
v 0.29857744215819 -0.0849815841373708 0.116635644381591
v -0.0308244941662413 0.114829221448738 0.397375359072441
v 0.0818820346484807 0.304161841898871 -0.105054752288592
v 0.397521455818728 -0.0566500121754812 0.0128734368787503
v 0.167455606452604 -0.133427577959979 0.105412184910553
v 0.0451122111158728 0.00405570048891787 0.190839422558956
v -0.24399156376835 0.202113756679208 0.467836374894951
v 0.172074797858088 -0.169353946472357 0.0688565213279322
v 0.138807587951538 -0.180753274078467 0.0579778234325126
v 0.24127376585084 -0.229595637383763 0.004837252991758
v -0.0619569153285237 0.0779244800018151 0.118332524988413
v -0.416082528659331 -0.12096402061838 0.0201467340745174
v 0.204375742861511 -0.0984385318197549 0.141497416270262
v 0.0855848320660456 0.212268969495284 -0.0163772918227689
v 0.224734437458654 -0.240334307145555 -0.00138309825028931
v 0.171444467781948 0.111158173702407 0.0875630950791048
v 0.24113110249464 -0.238328247557555 -0.0165306893506529
v -0.127556108086412 0.0128414305684824 0.183250972503327
v -0.371813465497403 0.061802044395962 0.0180193817375596
v -0.295164931839667 0.121848265367287 0.0787781253525023
v -0.233363123508362 -0.111264987454409 0.334097265270141
v 0.347290326225655 -0.117645143724109 0.0621336167789359
v -0.163237149002124 0.191992575769491 0.488817189324132
v -0.416210081953163 -0.184612850253141 0.0586499607056214
v 0.0806239720578306 0.201800245377084 -0.00481069989191892
v 0.186890908255702 -0.219311730991407 0.0165996455493617
v -0.20966495396461 0.0502024827112606 0.414070657598825
v 0.18091189036932 -0.257682793877395 -0.0193095743778303
v 0.323396757935326 -0.102097076671639 0.0930519975732491
v -0.430664759624126 -0.179427753675157 0.0700206815523926
v -0.0170596856362322 0.179200540232215 0.019623824390984
v -0.475232933807602 -0.0763415094483032 0.0936098955078425
v -0.346104263962558 -0.153800931098101 -0.183307876915835
v -0.263926086654023 0.0869903078009524 0.162282487158397
v 0.228870625897155 -0.114557797274157 0.12567261499947
v -0.255742960491376 -0.160227963174885 0.327971827742371
v -0.00315503166573866 0.101830644919739 0.0949143037678602
v -0.255160401104716 0.072080520137181 0.227069304370841
v 0.175624097472793 -0.276693275699599 -0.360684086618727
v 0.0693728353004917 -0.31159788191397 -0.0724518193330717
v -0.214991000978245 0.0428290964486525 0.200054187307398
v 0.272495802695306 -0.210485734583706 -0.00917924183350199
v 0.271316192599952 -0.21192037116161 -0.0255057695598368
v -0.115171742749073 0.0526365056327778 0.331794388478755
v -0.434655095975418 -0.105560345806198 -0.0741659058777137
v 0.176273093338499 0.0210736029308987 0.177793514137655
v -0.199488577426977 0.198009983796635 0.3373279722102
v -0.0829459481475661 -0.133588639069433 0.101356106220963
v -0.211695790318238 0.12889033953839 0.404688467416241
v -0.281560882090021 -0.246985223670683 -0.0783246929528659
v 0.346208986896751 0.107629684727682 -0.0737364833699918
v 0.303043482023211 -0.136027636474884 0.0948085591108571
v 0.0364208822928795 -0.276761280019973 -0.0378794290962391
v 0.109699136271826 0.139900742972983 0.0565518948839604
v -0.372476391388233 0.0592870019160177 0.0396246057344388
v -0.210331755474734 -0.210864978363935 0.0185073236644858
v -0.440461342858822 -0.191536982388161 0.0789122362386428
v -0.3152827558501 -0.0290859311666984 -0.237033362446204
v 0.170778365838041 0.0867823213039182 0.111736194136969
v -0.413134053281833 -0.253490432307563 0.188726593274763
v -0.387719034631973 0.0324100857000912 0.284548812838703
v -0.357967012005877 0.0646466292046651 0.292768296203041
v 0.23496463250685 0.213225991259099 -0.0356722829529782
v -0.0690454695051704 -0.169203109160336 0.0644430987722598
v -0.230002864125367 0.106386340755753 0.0971054309373878
v -0.163260083474021 0.0845888699681101 0.116448911405532
v -0.42581511766677 -0.000334507951521159 0.210394957481758
v -0.434569579692784 0.000484259517813476 -0.0681926499617229
v 0.17770970289116 -0.182517993714801 0.0561686901292321
v 0.108430807062198 -0.284171453472706 -0.0439990078894378
v -0.190957655664759 0.0826605162507406 0.333865889742546
v -0.048401880896305 -0.189648521884373 0.0438403297064431
v -0.18109106640414 0.0665526332079368 0.44730853399251
v 0.218482032601097 -0.0177241959666537 0.18879749543005
v -0.445869874030251 -0.0198471913079492 0.120599913209415
v -0.431452647532568 0.00289350714259844 -0.0281098028868642
v -0.0765112988091527 0.26997083994418 0.50889502027768
v -0.249223639341938 -0.192807893158382 0.0363723210187262
v 0.0614084368415758 -0.00409723316570968 0.196768495981248
v 0.0787946559665238 -0.0908725875753912 0.146307292760098
v 0.157974583986868 -0.120071237715668 0.118417329915261
v 0.106349819847684 0.291303208253824 -0.0925397502377181
v 0.384660414286275 0.0352238950041211 0.0281299862390857
v 0.180442428633095 0.204367898662631 -0.393002495649092
v -0.491209037579291 -0.0924985570278039 0.122623043134922
v 0.325599333876076 -0.0216257052701761 -0.46255128249421
v 0.248173309730615 0.0669464351231017 -0.413771229512001
v -0.0670757420560901 -0.0585317390011284 -0.285829380748485
v 0.0152375879920985 0.292139556132823 -0.0898393118223556
v 0.135333631795823 0.275086556314216 -0.0755039553178402
v -0.432267898628479 -0.100335778700326 -0.105574287536146
v -0.448745109220551 -0.0154140891744412 -0.0668806392889649
v -0.31822887048124 -0.218019569322726 -0.039055951348922
v -0.17849548689896 -0.0461177821673645 0.263465866771552
v -0.264977512984003 0.169735185445928 0.393153355824418
v -0.442157203378444 -0.0170877838880487 -0.0982104305220686
v -0.151213938424341 0.188466548149567 0.00816809896852548
v 0.250372378134027 -0.218489200968313 -0.397546298402562
v 0.430220402050381 -0.019409429204204 -0.0241267407462904
v 0.029890789212022 -0.171276939586626 0.0646581406940595
v -0.214112707489755 0.184134431662317 0.0146191984049867
v -0.442165772798471 -0.00796180850790184 -0.0874261953016546
v -0.267211550800497 0.174939082313602 0.416334869093514
v -0.178874571213286 0.0769587680875441 0.316114837706821
v 0.307101656332904 0.032712489813964 0.107663295532105
v -0.439979842810489 -0.0171436751089725 0.0226364913937662
v -0.344678031101953 -0.19400495183298 -0.0387152559270006
v 0.0660227882612411 -0.238651547440058 -0.00641907211213748
v -0.0403927777840681 -0.131584867764077 0.102104528826135
v -0.410950101834982 0.0239667471099897 -0.0483880879485634
v 0.00120742907493817 -0.184454115461419 0.0513159419753617
v 0.363764574350301 -0.0283476324566357 0.049831031597182
v 0.373613038894712 0.0650092608475529 0.033653224858564
v 0.358316259625977 -0.0074967903627967 0.0552936101949578
v 0.206425084290886 0.246893019665983 -0.0870423706311256
v 0.135683552749158 0.307825365239468 -0.12678652178045
v 0.00229504625928527 0.281290245032962 -0.0781586543425037
v -0.208579099136415 -0.0406227650319704 -0.420893511710993
v -0.0723759116216929 -0.037620262435771 -0.291090776759403
v 0.192195054997282 0.0213750879438935 -0.417779544979818
v 0.123747817286889 -0.108976173891075 0.128680161919696
v -0.367492635140208 -0.17145031456404 -0.12673377816759
v 0.14565442947509 -0.108494466367322 0.129598632834007
v 0.0113900674877859 -0.238945606277618 -0.00396265796565601
v 0.254860354437437 0.198337152219351 -0.344899548006646
v 0.058746611133195 -0.315451102922601 -0.276381109960145
v 0.175407322346213 -0.300771545239406 -0.0790399144655411
v 0.40769043721831 0.0383875899749345 -0.00682194937889209
v 0.11522659263964 -0.0455681483038163 0.19139429127271
v -0.25115441476747 0.088608677651855 0.122990837271781
v 0.2926296714632 -0.142207581370764 -0.404352026873242
v 0.432259050007011 0.00168611278840573 -0.028959236306025
v 0.321232809815152 -0.161581666730511 -0.0729237497331861
v 0.397027690387969 0.0386949424554335 0.0116614163697731
v 0.25191746371302 0.0857180301365146 0.112908538795419
v 0.0104520138330693 0.268288180886759 -0.0671859931909819
v 0.220221512007711 -0.251366359377308 -0.0173992970075484
v 0.384995360427796 -0.052427006136902 0.0278175773319162
v 0.255742942326947 -0.227421249193765 -0.0526780770856641
v 0.392852407505545 -0.0380493142134783 0.019534243982225
v 0.297184928593823 -0.185257591575188 -0.018420552006318
v 0.0383199413271493 0.214073861437021 -0.0187517914427243
v 0.0153733339255672 0.216286920689878 -0.0202427867360432
v -0.0228011850430372 -0.121733465590224 0.112098847738431
v -0.338785657304154 -0.00894235087064751 -0.212644758920239
v -0.40650903621133 -0.132565435611641 -0.0659267496934209
v -0.0877967514962076 -0.251675133225287 -0.016226829060965
v -0.22807027037579 -0.188150388100838 0.0423758220375468
v -0.378657585348424 -0.161203261796507 -0.111619287720541
v 0.245348234733617 -0.106373413173588 0.13285144437522
v 0.12486383430195 -0.291980180255028 -0.0523822493495447
v 0.0633439230612054 -0.257704926430374 -0.0202679100972871
v 0.196860454446039 0.050948116260788 0.14810480246352
v -0.0173809999918686 0.281366195681893 -0.0769708783488172
v 0.1059039236627 -0.326186268762384 -0.0887586638754915
v 0.10618151434248 -0.298442698470117 -0.0589909888878624
v 0.43118228647375 -0.036527989796234 -0.033504623341485
v -0.101186513263862 0.246551232863301 -0.0783875927194143
v 0.173283862540986 0.276966681662301 -0.136329585867418
v 0.18095546775713 0.270236300727487 -0.10847874536073
v -0.282668428483522 0.13306227476373 0.0685840725559812
v -0.190656539663484 -0.130126389107017 0.226082826738495
v 0.169304218482289 0.258857066565257 -0.0624965906471813
v -0.398376032330543 -0.0399094535070277 0.348606945832435
v 0.204284495293532 0.211756027803121 -0.0160511549426502
v -0.0709415163682568 0.10507681644557 0.0920368489989693
v -0.260136428668268 0.173783774816042 -0.0797128139655808
v -0.0791871445046135 -0.0940047495815349 0.140636070932787
v -0.091002928394478 0.215058436174038 -0.0185967828364925
v -0.0654447881198268 0.171371179364274 0.0261508779353834
v -0.313953410761383 0.0137584462945495 -0.237883759837273
v 0.0676389885783291 0.264388776936963 -0.0643262873025286
v -0.145222523888039 -0.137733542321463 0.0954186874350819
v -0.252234345589966 0.158369132237142 0.0428897643603527
v -0.426683781638246 -0.239829728023192 0.0937507947241741
v 0.0362501076076848 -0.324809622779907 -0.0841469097948355
v -0.0109560461863645 -0.274055285402833 -0.0380105525250221
v 0.29546418685333 0.159113819345267 -0.0901434685334244
v -0.116224511978291 0.311531032589126 0.457094127926866
v -0.121677574647231 -0.0736814703339755 0.162990969387072
v 0.280787086787711 0.159695605142757 0.026027470917431
v 0.30420999459309 -0.178161895045494 -0.000470824123277753
v 0.338451200025846 -0.0991510127110856 0.0772473695835363
v 0.231572342854339 -0.249359490848804 -0.0353558597139921
v -0.30296264356231 -0.0371494549551 -0.24919640747791
v 0.262703413399733 -0.216343658877051 -0.23099350694565
v -0.0732384519961363 -0.242349942727758 -0.313152241460819
v -0.386409022027528 -0.118847260917768 -0.163822436035724
v 0.187359787675742 -0.269713527729947 -0.0329965716413061
v -0.380798698039099 -0.102217535573805 -0.169376395593486
v -0.411739347747858 -0.00680956963315604 -0.140187613040283
v -0.0979425335670893 -0.033808316026324 0.192790038772517
v 0.200494718634603 -0.158480567147412 0.0806786127028519
v -0.166208899514555 -0.215591816767568 0.0165179665150791
v -0.299392206063644 -0.227013818128354 -0.101997604261785
v -0.282479657351403 -0.224981510850583 -0.114675655958733
v -0.463925246426466 -0.0404823899319613 -0.047984470156827
v 0.308339230072314 0.147261624072514 -0.0808300030340389
v -0.430962331604907 -0.039257356794244 -0.116831016939458
v 0.176934225693517 -0.304827278842325 -0.0954828977728885
v -0.185096119553049 0.201951651879901 -0.00437321854740224
v 0.32860785351977 -0.0816427828761085 0.0862977170334417
v 0.0450542570954919 -0.130770264422426 0.106110808460342
v 0.279296247303151 0.175184018070579 -0.060730993188959
v -0.0343566614101991 0.188197052000953 0.0110697592954138
v -0.218550902179526 0.168800646379457 0.0311525056785925
v 0.334667052397782 -0.147893892439088 -0.0640104503000148
v -0.417551869598091 -0.00239878776777782 0.267522948682924
v 0.294704756990674 0.160226035616338 -0.0697159891513673
v 6.41195316774715e-05 0.187420552918184 0.0116716038578654
v -0.125944663802008 -0.208929496321804 0.0218923641549107
v -0.2939260800968 -0.18751012948806 0.301794062717903
v -0.200981442218698 0.236724248125576 0.485346590489015
v -0.452431848065637 -0.216648855210475 0.107221820335876
v -0.370252835188411 -0.168095321399334 -0.0453615638339112
v -0.394569397613861 0.0391579964066547 0.0113915806349601
v -0.0464664404843784 -0.257746748624126 -0.025294113469169
v 0.0886430776568087 -0.335960269687746 -0.0980760775946718
v -0.375940891088411 0.0591081889865733 -0.02192577949417
v -0.287205690303459 0.148325051397843 -0.0295415359707869
v -0.145492102046125 0.0445430199353748 -0.361905249957321
v 0.291214096516214 -0.191954645003312 -0.0371954900507105
v 0.298226442130129 -0.18463952392799 -0.0555301849603531
v -0.0172538634144511 -0.224969685446313 0.0107966014536115
v 0.232047478273531 0.185861241238017 0.00998081385584288
v 0.221354682900765 0.234267087267315 -0.321553159091488
v -0.351115961731324 -0.188189332091976 -0.0773119657053008
v 0.384496711372358 -0.115925449601777 -0.400918760411732
v -0.174792830543964 0.0255971050843294 0.412506967739994
v -0.278623347128465 0.156168927923446 0.00166450293245199
v -0.259440538615476 -0.256320818179746 -0.0683107374007964
v -0.247998826928738 -0.210737490058415 -0.130878994959808
v -0.0693696941267137 0.215744494420852 -0.0198297111086701
v 0.280157678407511 0.0451554697780412 0.131805483806995
v 0.384421651707613 2.63052419847549e-05 0.0285152415104055
v 0.418014850344793 -0.0557209096815698 -0.0241385340780456
v -0.121484356459754 0.173406591919996 0.024624593763011
v -0.0870003697481762 0.179258574742531 0.0176992146748459
v -0.0161362278114071 -0.185591937226583 0.0497795746356064
v -0.236389207956087 0.1898592059427 -0.126451626496997
v 0.172026317759459 -0.294675523888286 -0.0636242504994405
v -0.0513308890916 -0.173961702178181 0.0598254014432165
v -0.0822705716169693 0.248120799862153 -0.0620184874470207
v 0.219634312803626 0.233814538434921 -0.0765273894199064
v -0.256036711207559 -0.151038088711214 -0.192196285491266
v 0.347162922591078 0.108163228731374 -0.144644453598996
v 0.0516525929437376 0.167319065100173 -0.36104965646496
v -0.329658131720807 0.0791816674673331 -0.214490982008239
v -0.163600531329509 -0.256119900890137 -0.0801855027840486
v 0.355552021934939 -0.0448497055112416 0.0581551378555698
v 0.197773938007341 0.19782518433957 -0.00194478188487442
v -0.353676887315571 -0.179426350499813 -0.138188915390607
v 0.314253826935179 -0.169600705523277 0.0175481583394789
v 0.279557007166451 -0.200273025782092 -0.202741065263509
v 0.268075026131605 -0.212477332751215 -0.190988548460906
v -0.105344648813019 -0.20252723444702 -0.291918126079018
v 0.0956912398311148 -0.297368112364332 -0.334962457606836
v 0.355199717935385 -0.126684950327568 -0.129356224598228
v 0.217640009208998 -0.263616601008629 -0.183244619645649
v 0.386222610216368 0.052194561814772 0.0207378061599232
v -0.234166435681841 -0.243661436767067 -0.0202375289846516
v 0.396636726852977 -0.086312171041702 -0.0293730384509117
v -0.330955499083064 -0.206155240240499 -0.0286242296342142
v -0.050177578772276 0.202861558064969 0.57373627092433
v -0.336653989374935 0.00951773995813182 -0.215152009544276
v -0.245137632629298 0.177431028255371 -0.142095871401259
v 0.0454440339014637 -0.319198014350888 -0.223635552969313
v -0.271661315535331 -0.163487976499653 -0.179584511015397
v -0.275657135396854 -0.251669652920213 -0.058522645792157
v -0.267921492565311 -0.136896960540799 -0.206626568383559
v 0.235269976064153 0.140208068085859 -0.409947592404502
v -0.399988131798403 -0.139385738714456 -0.103420973747301
v 0.282042603290799 0.171685394634939 -0.212008261360072
v -0.327151673398085 -0.0212119647462621 -0.224376880486761
v -0.110335206036824 0.111659161282887 -0.333740232850169
v 0.180959440384022 0.251426495669143 -0.339285280571428
v 0.0324083243488356 0.289103428201997 -0.0879342901922621
v 0.0561254770830762 0.320362531618319 -0.120724975224626
v -0.176773925551124 -0.256935221836898 -0.0305364463156984
v -0.236371082842102 -0.25567798534608 -0.0382812717123261
v -0.27577305428029 -0.150201230167755 -0.193332767962821
v 0.184467400745608 0.266365262898561 -0.144943770476796
v 0.0676100417195011 0.000395155761762096 -0.303130834485938
v 0.340424304853999 0.114555003185057 -0.125710026880491
v 0.352223111042078 0.0954420467218413 -0.351027251180401
v 0.326779770017357 0.125861655621964 -0.306392343300686
v 0.349098523666373 -0.133266739817263 0.029737860084605
v 0.326162395835577 -0.156799823596444 -0.0208194597959917
v 0.182803274948444 0.268062748027038 -0.126231339274647
v -0.20566028356371 0.199541944666338 -0.00251840995602742
v -0.24456324914919 0.18313179408407 0.000221149015216853
v 0.440950600656377 0.0126806529686214 -0.173370622122602
v -0.198379729822558 0.0971077124415129 -0.299149667929877
v 0.382395148387628 -0.0995914078417242 -0.200403921685231
v 0.305077952531606 -0.175456963619344 -0.203153391439333
v -0.360251729938997 -0.13874743903552 -0.184255289268302
v 0.434660815008098 -0.0464695578815375 -0.0838947290546185
v 0.37472543537973 -0.10748813733783 -0.113199997788286
v 0.441798619826549 -0.0151202543471352 -0.0447740503093014
v 0.441128246820325 -0.0367372084162241 -0.0708620683074029
v 0.240544445106094 -0.239409155565981 -0.10702491055965
v -0.374542237018109 0.0630095424793709 -0.0913499703264555
v -0.387052743881467 0.0518254680256047 -0.0914954633312918
v 0.104038824815167 -0.0869058544833393 -0.335574561305768
v 0.0616550375311535 -0.353090214564907 -0.118966137312461
v 0.138419456390303 -0.338004322721067 -0.128907885381929
v -0.405942848697661 -0.0305781387581505 -0.14586831015319
v -0.35828898081114 0.0755916895145055 0.0120011224799337
v 0.309929259006896 0.144026144581108 -0.163954362288217
v -0.256915707621577 0.178394696786939 -0.101674054306892
v 0.167472949695229 0.243034827609804 -0.348794884778917
v 0.161783201925092 0.258159133098435 -0.331999644576512
v 0.145329937838475 -0.0593176833888264 -0.37378718361925
v 0.277240988109416 -0.109416535417594 -0.445710524612135
v -0.0228799277566993 0.209710221166406 -0.0124400356969085
v -0.134674695473036 0.141398190823616 -0.298111187455443
v 0.292635709369909 0.159251752803504 -0.344045719616946
v 0.109975280204365 0.258284085409243 -0.331708265341836
v 0.446798651461941 -0.029656762996188 -0.0881137008135711
v -0.380088624871568 -0.158318456035969 -0.0600212232017267
v -0.0475903709645521 -0.0105960169651872 -0.272512095868744
v 0.229615218508527 0.223876317597794 -0.335565013167554
v 0.293361684342376 0.159308087723454 -0.322192360580726
v 0.120421514417985 -0.0677962391101112 -0.350782647906694
v 0.0952760963171179 0.0666969698684304 -0.327956412128621
v 0.0655040135603916 0.0359746191819146 -0.301373111748483
v -0.109004622205862 0.187768306807273 -0.385920061100402
v -0.317571495732405 0.0923323931308951 -0.214769260189998
v -0.338594427630866 0.099742352354891 -0.127514552185056
v 0.13568812228911 0.300105798545498 -0.111037468237785
v 0.175288743507619 -0.183646232521036 -0.399987457652807
v -0.380590704828632 -0.158298678235263 -0.132566602201305
v -0.33644097779636 -0.193619694834752 -0.13008729614389
v -0.410781162577253 0.0126242196471205 -0.134952073988427
v 0.131455128966824 0.262216052993987 -0.0618233762670652
v 0.0447459654021983 -0.112091163993532 -0.2887185477206
v -0.0463081290810428 -0.241855993117642 -0.387037581612811
v 0.0745310081799095 -0.0150437866458878 -0.309357287460635
v 0.0579514312734678 0.252560519341897 -0.334672142193962
v -0.194045352429846 -0.237066763330022 -0.366625215402781
v -0.168950954395433 0.200567091375048 -0.124228058742211
v -0.0244953183600833 -0.317754976520639 -0.115591734077049
v -0.169606357131805 0.060916522325474 -0.385279673969307
v -0.155366794854628 -0.0591561546846819 -0.368025592640867
v 0.202124419467027 -0.136078351989951 -0.423786501016239
v -0.0154553752695761 0.244238104580346 -0.32066163527203
v 0.0713329079362772 -0.341693671623443 -0.209392646990952
v -0.164574461726836 -0.135168086844726 -0.369881486847714
v 0.0318225069552877 -0.057669974619513 -0.273225452138009
v -0.0620621192285285 -0.260954361384294 -0.113826227807607
v 0.0345472449539938 -0.341613613669294 -0.161166850410939
v 0.186616815095994 0.238048485462994 -0.354683467251519
v -0.246199320833553 -0.143505729568224 -0.409257805259503
v 0.0190806013091192 0.0705360874842592 -0.281632767109914
v -0.0746564859071771 0.140495159440443 -0.337646299077533
v 0.0280587554920523 -0.116526268077689 -0.283168817720917
v 0.00116710448717522 -0.242086868081369 -0.388157775782618
v -0.0574670514136454 -0.158103680625415 -0.307711638227079
v -0.219355752050211 0.203527033050806 -0.0156048538691292
v -0.368907198875238 0.0688878603528234 -0.121799658963646
v -0.178197829187589 -0.0645377663588231 -0.311679961471945
v -0.21308206265327 -0.101914356872122 -0.361138616458932
v 0.0163842626386382 0.029647287498466 -0.268331478280858
v 0.0799889908233102 0.244582942732839 -0.343367946560271
v -0.109719751880729 0.0507534808956917 -0.327943505133404
v 0.0844426119872829 0.0960091725304045 -0.321377883304463
v -0.213730486936047 -0.0922311375573749 -0.419274347588418
v -0.0858659389021161 0.159048129864259 -0.355558700724735
v 0.419740668696116 0.0191195172614293 -0.0156323970180564
v -0.224171594724895 0.181819175886783 -0.143311396627226
v -0.331675830588223 0.107011216128035 -0.165848502999579
v -0.170593933679388 -0.154482442014047 -0.28782923316127
v -0.0746610042480164 -0.216940966415888 -0.178296770100863
v -0.199942544819719 -0.00561120739287038 -0.412259936043865
v -0.104279231272811 0.0332491816580504 -0.322439443169168
v 0.0828892391948264 0.00642031189550804 -0.316996001545526
v -0.137115370790881 -0.0267622925422366 -0.351768128999674
v -0.173335186463335 -0.0472762803018401 -0.386138432164147
v -0.160203565543766 0.00256811926915619 -0.374669249106297
v -0.0178855468099273 -0.321641837028388 -0.0968435832414437
v -0.112676905906349 0.16670688588941 -0.317625479283343
v -0.167381524322676 -0.0605680170136362 -0.37978002565542
v -0.12628969075099 -0.0865079399848959 -0.338612116691435
v 0.109343142432784 0.0234374682964026 -0.341145947102541
v 0.110850805610447 -0.0542617983917622 -0.342163224678612
v 0.195841754199705 0.0904924019978649 -0.41929436485139
v -0.0703552639430593 -0.197004951789552 -0.344934572819446
v -0.198240313236458 -0.151259294050679 -0.396631010980825
v 0.142294917062046 -0.00386320508862445 -0.371417131093536
v -0.167320562671697 -0.0310305411491967 -0.380659984501862
v -0.047315194374446 0.00666450282677777 -0.273439502256669
v 0.0124165435899163 0.270881862575392 -0.308531279252696
v -0.00951533584086087 0.0907922076380985 -0.290285643014089
v -0.0888363156895184 -0.245540839814084 -0.111588815347822
v 0.143166822669341 -0.336663740718446 -0.190484093986846
v 0.32214051841428 0.095359438914038 -0.34828073499903
v -0.215014277069663 0.0641263013542666 -0.427470019575994
v 0.0590513639333894 -0.208104805044599 -0.357459316335546
v -0.127862574331192 -0.191612831624913 -0.343935718169955
v 0.159244847862224 -0.0368372107789845 -0.386885411886251
v -0.136325747284315 0.0853284681650544 -0.354547750073363
v 0.114438696167933 -0.0141846024380552 -0.345727971463728
v 0.0213807350963101 -0.0260063521173065 -0.266600570856823
v 0.0225629221332643 0.125846565557534 -0.321525296291851
v -0.19433496289439 0.177290482534265 0.487661115019009
v -0.0163855823671482 -0.00624001497717404 -0.260695422396487
v -0.135394640248925 0.0283890383307999 -0.351814124652378
v 0.0785281104534427 0.119527924402598 -0.326037097512772
v 0.238695630371373 -0.0417036504098671 -0.456490704038478
v -0.0157535888786523 0.0516540608485875 -0.270923956614182
v 0.0234256225269071 0.190901864665126 -0.383218187027667
v 0.00207304775710699 0.0554146868868428 -0.272033726340452
v -0.0759322667353898 -0.112121719825722 -0.292519154409812
v -0.0866862845933377 0.0139250370844591 -0.305444232902091
v 0.00239612411459135 -0.119669145696324 -0.278398448288258
v 0.18937999651969 0.128271352334198 -0.41464208407314
v 0.016244164380195 -0.0472935949762831 -0.264438739477849
v 0.345895099819667 -0.13589468094759 -0.19111633705416
v 0.265120355204469 -0.123375590908159 -0.441446184505328
v 0.103085358544503 -0.223547685915111 -0.376299084891805
v 0.0360372982298788 0.135502016582871 -0.330701797260253
v 0.070670688970684 0.0533821060955346 -0.306490363835084
v 0.182740202573502 -0.0428676110013144 -0.408676923191058
v -0.0328213338688976 -0.24699532637383 -0.391687956610903
v 0.407099468853849 0.0226184946314557 0.00248679015716165
v -0.0522901987679512 -0.217821751642293 -0.364873410231999
v -0.048277761884677 0.277574500254053 -0.183081593427717
v 0.0314348097627551 0.274424194330644 -0.311362346503694
v 0.0438414329248333 -0.197175023301928 -0.346478637931401
v -0.0947647521601538 0.111934600880313 -0.324418398336912
v -0.0400324733348739 -0.147379197152804 -0.297774217631873
v 0.274165606216337 -0.171878928228976 -0.409464293137399
v 0.0257992857126266 -0.275393514865701 -0.32245107960233
v -0.159999404239267 -0.0453028905790708 -0.373089447003776
v 0.0410597867795442 -0.210391167388945 -0.35915318302895
v 0.0808872070427901 -0.30420180075315 -0.326776429650289
v 0.119988025757506 0.0123729361574389 -0.350912580574231
v 0.172845865342456 0.145301879278143 -0.400646765878886
v -0.28596131330835 -0.21067587859252 -0.132098041675894
v 0.182691938250546 0.00602532686955556 -0.408965708942356
v -0.200737830995928 -0.263678205528695 -0.0636632863459499
v 0.0778996533349795 -0.0453472926670764 -0.312238356187926
v 0.171598894297678 -0.028625360551573 -0.398424761146038
v 0.0610177046999057 -0.137660378810158 -0.305907856432707
v 0.132702474504127 0.0173336441598261 -0.362634338310166
v -0.21402779365175 -0.147740011442657 -0.408926842316493
v -0.0686009493898837 -0.257028373852599 -0.373524440316045
v 0.213456044510757 0.00380942494336583 -0.435038575494504
v 0.310537663923362 -0.14737421193456 -0.377561654508924
v 0.32081088896404 -0.147177451147084 -0.363289365491864
v 0.192171610137057 -0.17588001571831 -0.41512568926712
v 0.279926032574852 0.175075490705887 -0.344037698001694
v 0.162385447441098 0.13687929445179 -0.39084762683711
v 0.0493186907983404 -0.272608613173316 -0.358616610299861
v 0.302730759759593 0.0928251998272105 -0.360802762099193
v -0.205750020075366 -0.153779554743503 -0.321599699225416
v 0.0305501573293729 -0.188615949687251 -0.337962255288398
v 0.190258706029914 -0.0874132724891749 -0.414929877846008
v -0.0657793260600763 0.273774591685679 -0.102618794354017
v -0.0671390754684101 0.271875557249796 -0.137703963091975
v 0.0866984786442829 -0.104298853471251 -0.319662521156851
v -0.129835692243489 -0.0406615571280634 -0.344308664478437
v -0.226968275790466 -0.146031395020515 -0.416380622270341
v -0.214520571703489 -0.0983708896689737 -0.382929238737944
v -0.241023276770824 -0.144452003875006 -0.364478173334243
v 0.1646141902058 0.285277981554301 -0.212323507646704
v 0.0677546783412244 -0.151655785149197 -0.31537812430286
v 0.117387464710787 -0.0849409082290448 -0.34778837557711
v -0.300335677342174 0.135194492401285 -0.0245331563756944
v -0.0331672323595656 -0.0546946448264835 -0.263817499900573
v -0.312227978975572 0.12373995978621 -0.0352529121949674
v 0.012975212497194 0.176228124025037 -0.369614422231936
v -0.0823155763632424 0.0443900802306467 -0.302557464844867
v 0.221054236393141 -0.0405228859313273 -0.44408562238289
v 0.0466247788069525 0.0681597882808365 -0.292141329260773
v -0.176755069771761 -0.221227272534396 -0.373058330577236
v 0.504103385318824 -0.0160187008777886 -0.25042831350534
v -0.115053099651034 -0.093314626087687 -0.327668278684471
v 0.0948091212994935 0.251496728231841 -0.337425352112931
v 0.000884016218996224 0.0382077111246957 -0.266468936468549
v -0.0833267491620585 -0.175237148035604 -0.32340656584968
v -0.0179256883763601 -0.105221862807065 -0.269653902374045
v -0.22730840398472 -0.0401398846398017 0.339670295031127
v -0.0432687391500195 0.184257977751427 -0.37828136372623
v -0.104494116478686 -0.0843836470447137 -0.318487700103386
v 0.0283228595123301 -0.23946537724541 -0.3865089159527
v 0.0538355712581095 -0.16783940941261 -0.32130873933498
v -0.0651617275988793 0.0511382417773652 -0.289631345661262
v -0.0184003306259266 -0.255845688583345 -0.311333415173608
v -0.110307119888491 0.143139058777981 -0.348096471334897
v -0.097370506365945 -0.0356043161369119 -0.314092275399947
v 0.395812067386602 0.0413986876268987 -0.400626187746813
v 0.177978449769217 -0.132713167632058 -0.402647746888351
v -0.00381540988396581 -0.251248959787461 -0.306100534446553
v 0.0995901910313955 -0.102749384022389 -0.331268503133862
v -0.265365804271247 0.13158286940395 0.0733650584484203
v 0.178859320001173 -0.168617974791742 -0.403058209864722
v 0.0574924776056731 0.15638831557594 -0.350787002686488
v 0.0130547540334261 0.0860578243756347 -0.288535811931223
v -0.0936189134200909 -0.0756279123761061 -0.309032161316528
v -0.0335942054768168 0.0588394629689628 -0.276647150113198
v -0.0388042493797561 0.135294693640838 -0.331342866106488
v 0.120930298415049 -0.208489671376365 -0.36865268408931
v 0.0581320480460811 0.051383297373414 -0.296287656136886
v 0.275020456299473 0.0202328951831602 -0.440218628436883
v 0.227022803298181 0.206040720967313 -0.386076176416998
v 0.216259979034902 0.21982381678757 -0.370167485001059
v 0.0105319374674325 0.151166729450682 -0.345904509365417
v 0.0586067575741555 -0.220637496949129 -0.369522569412101
v 0.164548103451595 0.00561268726537265 -0.392059958360252
v 0.0825723954372012 -0.0747618987872313 -0.316254790027919
v -0.0672923272502766 0.124929539701389 -0.32355204168754
v -0.16169198925799 0.0960872482249317 -0.379598078604916
v 0.157606323294886 -0.0540116440322085 -0.385195866287346
v 0.118372432641899 -0.175336927136461 -0.351903875448847
v -0.118761242489414 0.0352768167343127 -0.336199060842309
v -0.173543630590458 -0.109621897449641 -0.382147914482955
v -0.211238653864405 0.0340718289569815 -0.423177087984971
v -0.0888492632207682 -0.236267473723506 -0.362007090944378
v 0.0172761673403531 0.336430127824977 -0.151396843964881
v -0.240301462571969 0.100367874842992 0.330448254083484
v -0.00727050941142143 0.144247533106178 -0.33952230243869
v 0.0349059717562786 -0.00983855444136367 -0.275036286413315
v -0.219508429649157 -0.144726291920624 -0.336725891126943
v -0.218532008658658 -0.126570932307465 -0.340956975922412
v 0.0674018043996638 0.1662073208048 -0.359964008540409
v 0.103450371780566 -0.149738509820175 -0.33555638873793
v 0.110377021530064 0.330675757538695 -0.209430145795966
v 0.21308465924803 -0.0539916862915363 -0.436899678608394
v -0.12648504402648 0.0376816860272307 0.326309442535592
v -0.0346859293937372 0.160200957220543 -0.355130085730802
v -0.0531714168084699 -0.0803026629981995 -0.27495366044599
v 0.156699623360102 -0.159281486807146 -0.382921356968239
v 0.172766488146503 -0.216239276251807 -0.403832025686826
v -0.137757129812615 0.0396795054041906 0.309969283464702
v 0.285584217743096 -0.183337327489695 -0.375461906492345
v -0.151854089121237 -0.127333859974786 -0.358891692146523
v -0.0922143465180543 -0.139581162238001 -0.30601113308431
v 0.147129738157082 0.0168756138459189 -0.375957168364607
v -0.0509525743910829 0.288472724442609 -0.113203097042488
v -0.0744785949408454 -0.130567406807184 -0.29405268573942
v 0.0320985781402817 -0.130503425390619 -0.291970478604672
v 0.133744015418743 -0.119200191706996 -0.362292553011785
v 0.0103767488358114 -0.208957552877941 -0.357076785241671
v 0.0045050081174303 0.0121265117203869 -0.263068242267651
v -0.0322611982056812 0.0815837576297129 -0.286324202150668
v 0.123018031627515 -0.0508519592617271 -0.353340456872387
v 0.154016022782035 -0.0889809782002495 -0.381409410338063
v 0.19850761768441 0.00479980636399879 -0.423656308627406
v -0.178061831579211 -0.141874084252676 -0.381197024509093
v 0.191329560916027 0.0706499643764883 -0.416061618293299
v -0.212866669284492 0.0985299430870733 -0.414057251086407
v 0.192350222704682 -0.103704996411557 -0.416375453168642
v -0.129031023857097 0.0980492984690151 -0.347914739027738
v -0.23722146345334 -0.00585193754233515 -0.44653795438928
v -0.0662442510340311 -0.226515801123561 -0.373159619611424
v 0.0491127852744358 -0.0705469908852931 -0.286370602756983
v -0.0644869202704582 -0.00836116585918898 -0.285548560248883
v 0.12548511957154 -0.0338138439536263 -0.355748612112685
v -0.160508076385924 0.247458397156787 0.378733804538737
v -0.171503033701642 0.0817361687094584 -0.387912622262406
v -0.0836879969753403 -0.0489967292575894 -0.301074570950403
v -0.0262856731920793 0.0952559313668218 -0.2947135862685
v 0.37433073174766 -0.0805652408226536 -0.422028582874896
v 0.367449263056271 -0.0616996477138511 -0.430703143268827
v -0.186484799227905 -0.153693662561539 -0.305414956143508
v -0.250376978815959 0.186920909043153 0.320798757821539
v -0.0282992418767981 -0.233667670249014 -0.379872332016384
v 0.0684239317500378 -0.12219818472783 -0.305577518500262
v 0.12060454839872 -0.117142070001509 -0.35022862355633
v -0.243453131877046 -0.0200954555048882 -0.451762057394634
v -0.21142799188569 -0.111503143520437 -0.414391251379641
v 0.165440653467903 -0.0115654784655341 -0.392816073758418
v 0.0911113469112223 -0.0886400803225818 -0.323835847150472
v 0.12581644715442 0.0883126362642067 -0.356486179223677
v 0.100540373447494 -0.0336258572121984 -0.332910815981575
v 0.0356014001828394 0.16909851822103 -0.362731823816815
v 0.343376690578092 0.0741908272520808 -0.385158640710852
v -0.0423370892705943 -0.208547326295812 -0.356052121644391
v 0.112856660209688 -0.13933172850067 -0.342912323148023
v -0.017168851248091 -0.223921119385996 -0.370837227231374
v -0.2705568561904 0.0711716948602644 0.303850649217013
v -0.0522485830371675 -0.179920026989811 -0.328295398299978
v 0.129798459431678 0.000560241880250003 -0.359904273042328
v -0.0375492982004181 -0.251902734820972 -0.308460964183639
v -0.185201050032904 0.0956219813837538 -0.401226784964411
v -0.184022633402113 -0.00469116535769421 -0.397187956848066
v -0.236773765326757 -0.121194271694664 -0.384738097000339
v -0.00244066225900937 -0.215517079066625 -0.36309304186093
v -0.165435512829297 0.231979580466188 -0.0773061934731692
v -0.00540308457655277 0.115900736965975 -0.312678663116722
v -0.131031781251186 0.07023075677621 0.318798984642013
v 0.0314628955273887 -0.269123925752835 -0.368876432224473
v -0.225190909070911 -0.0441540940625348 -0.412490662011401
v 0.0651357067009353 0.345978926061421 -0.17830747327797
v 0.414724368856564 0.0598902335945091 -0.380721627200957
v 0.387510323184427 0.05331311718508 -0.398848804720892
v 0.0954060750109827 0.143304733225599 -0.345454076951896
v 0.0819581212361265 -0.0294989558773802 -0.316021166838563
v 0.261589204721127 -0.089949509501418 -0.457696802301006
v 0.369417219453703 0.0512578919267292 -0.405653749222956
v 0.167906157716686 0.045863125165951 -0.395243791643819
v 0.207706229120966 -0.175441562063306 -0.427811331942472
v -0.175135108791262 -0.173319771670461 -0.298560336245981
v -0.0449976136632454 0.253643148500575 -0.219482092467119
v -0.0890352547676706 0.207305042362505 -0.401533827505309
v 0.182433626249547 0.0919420214563769 -0.408766419314992
v -0.135868395395407 0.191541335492586 -0.376988630542922
v 0.0191934518474527 -0.111881937784032 0.123103245709856
v 0.0434895330805404 -0.0935290906014164 0.142217110175384
v -0.0318778471949124 0.122768453615516 -0.319271457132744
v -0.25854610049582 -0.0387552008010985 0.351534600292039
v -0.137473145719583 -0.117659146958751 -0.346448625940417
v -0.0944025926924279 -0.0596865371284771 -0.310488910774529
v 0.0410368384666022 0.157829762531501 -0.352075879233639
v -0.0767255863176426 -0.163042077049778 -0.312743848852779
v 0.234369670888123 0.121410595591184 -0.411967387932857
v -0.193758286348971 -0.0199064645459831 -0.406368583909883
v -0.0319609350726291 0.00728683479227082 -0.265729338551701
v 0.292156381849284 -0.183720286215672 -0.341481769199826
v -0.22086552526809 -0.128254566407697 -0.416800102146936
v -0.00232213279257709 -0.0757784925467736 -0.262221752898582
v -0.13797697258564 -0.0973827077276831 -0.34895677621247
v 0.384293369520255 0.0701150740718347 -0.127969366963444
v -0.149766313539382 -0.0778375568305402 -0.361576841330235
v -0.20491614064349 -0.214067748876568 -0.389195015741466
v -0.00704752823669835 0.171205214321592 -0.365116643676847
v -0.0954827591386239 -0.120954276038484 -0.307711775282716
v -0.191529084310641 -0.109736037613104 -0.398765286413862
v 0.160551750904446 0.152760562037038 -0.391679966887882
v -0.0747950025014663 -0.0189222301930619 -0.293724540614956
v 0.369424501333733 -0.12789794350889 -0.306460517060708
v -0.160406136168956 -0.230241573301917 -0.353549189184941
v 0.178079462241091 -0.0118743705982389 -0.40457460273709
v 0.34496820859398 0.10858649800033 -0.277656178762843
v -0.029740240445947 -0.215880316670022 -0.273381836440387
v 0.164430153947385 -0.255451776373211 -0.377557341552726
v 0.17147404335854 0.196614652976258 -0.401509368342278
v 0.151388333838267 -0.221265653549259 -0.393271341468974
v 0.155420706935832 0.0654108204552888 -0.383728008982528
v 0.0476751107793443 0.101927761981235 -0.306786355871536
v -0.215437563760825 -0.00989084061201092 -0.426749788215064
v -0.178530651045374 -0.16066854423318 -0.378907573204127
v 0.00520437745618592 0.193063891097354 -0.38543996723407
v -0.131372367428238 -0.217056938918481 -0.346810657282507
v -0.362016569569622 -0.000654567652809791 -0.189454450599949
v 0.0993072830103308 -0.199423397377909 -0.354779716115121
v -0.182552756943435 -0.0661695249066723 -0.394837773397667
v -0.0460664519237433 0.267615052300237 -0.199390719653074
v -0.0980106162803093 0.0585040579121677 -0.316875681873312
v -0.201774137692585 0.0193446520035906 -0.414193285708834
v 0.146857219475471 0.117866440882324 -0.375898116215913
v -0.13900762930425 0.220022482116755 -0.105299856442848
v 0.0768080432299778 0.335451388084218 -0.147354564714741
v 0.422980818984727 -0.0257866014521283 -0.380572642280488
v -0.0496420052063684 0.219719935586323 0.483935473423693
v 0.0585992044808294 0.340285783505652 -0.155368550179449
v -0.101339828905293 0.234769955190664 -0.111608100751786
v -0.113875904355335 -0.108510242044818 -0.325451740602371
v -0.0488472538409823 0.123310412808503 -0.320247643980387
v -0.0912209396533459 0.191294604366058 -0.387001641981497
v 0.234523551755677 0.0140356380770228 -0.442066635240018
v -0.0746930637165044 0.0218681814033421 -0.294924808393813
v 0.191481003148543 -0.0704664439805213 -0.416536953541206
v 0.0433137598300163 0.00424951115539214 -0.281952998146261
v 0.114636290497364 -0.189877548538316 -0.355118939301539
v -0.0183872822600496 0.129212285884705 -0.325345458610522
v 0.172260654677792 -0.307393390708138 -0.220217383362294
v 0.136201380520907 -0.223730453609646 -0.387603738679142
v 0.291211639280132 0.106145480624563 -0.359792266767058
v 0.0297852627068409 0.180034172223881 -0.373042215187302
v 0.186541740432637 -0.026553449238832 -0.412361856045604
v 0.156621575889062 -0.325790674721587 -0.242902109849725
v 0.280942880359785 0.164973102611554 -0.359702979548868
v -0.0404975587730379 0.171832220375697 -0.366344367029573
v 0.195792504755145 0.051804616077583 -0.419463691244412
v -0.0578204520311567 -0.221798962096445 -0.290670229424649
v -0.0642139839088485 0.156161436317002 -0.351810287488812
v 0.0712277663960266 0.133291131980451 -0.332044452808712
v 0.0135020372353889 -0.177871740372294 -0.327305262824172
v 0.176528096360326 0.130686749873015 -0.40338911706703
v -0.225929840773954 -0.0549592426374573 0.332391650198205
v -0.217380312439413 0.0332975620054185 0.402093328928821
v -0.197193730293083 0.0264878864224127 0.412051842154767
v 0.145883176735189 -0.148340918556891 -0.373122669267641
v 0.145345722122611 0.0773761462127775 -0.374453511059179
v -0.0939153029797394 -0.159948268192715 -0.313856874726763
v -0.0763781167782227 -0.0861918730727744 -0.292974720296334
v -0.0242201521693643 -0.185260033443918 -0.333859479905699
v -0.121661823473901 0.150495151450864 -0.357902553791222
v 0.0281658318603463 0.340118359872607 -0.16696037760642
v 0.127916078628649 -0.0165226639533713 -0.35809321958703
v 0.147146552400211 -0.169180171963857 -0.374251464547274
v 0.109274273704685 -0.165798982657312 -0.343154536268344
v 0.349989859424244 0.0503272867402837 -0.409639998400093
v -0.07646414248158 0.00162364075374888 -0.295441553434116
v -0.222905038736259 -0.160827246877767 -0.33799877628797
v 0.150295934105426 0.134144839724554 -0.379586592959553
v -0.0916153794392713 0.0303182995312099 -0.310492536790139
v 0.241169751511339 0.0439180697501277 -0.430079900565448
v -0.0866158219026826 0.0963366820022171 -0.314369716208861
v 0.0694784536584142 -0.0311371008542178 -0.304713307164759
v -0.105497234422923 0.201111986527876 -0.39807942268906
v 0.298688488451244 -0.0329678227530464 -0.467184666857622
v -0.246828431394517 -0.0755600393371006 0.348142116199782
v 0.130656332032162 -0.0814790269819127 -0.360004488425199
v -0.194237708082066 -0.0358131343797141 -0.406913032177549
v 0.0473191805575531 0.0409749668331024 -0.286895229683374
v -0.366088967403101 0.0710062111355969 -0.172316167675782
v 0.0297304848144649 -0.0742124739764255 -0.273355733252211
v -0.048419254978341 0.233156545900233 -0.358538039303101
v 0.131431918643181 0.183925296080263 -0.385150029631753
v -0.01018672941011 0.231353472483595 0.479103554477667
v 0.388973493130919 -0.0807977490256828 -0.410701166021922
v -0.235858626363712 -0.0319410462345422 -0.417553579631559
v 0.240454531315229 0.212346355210467 -0.136184512374268
v 0.232575099917965 0.220537625128629 -0.123250006137153
v 0.285194313691724 -0.170786467184676 -0.391890507433402
v -0.185805841187322 -0.0501158245760102 -0.398551481303789
v -0.208745008591386 -0.011098549544723 0.371183726028166
v -0.153668616770274 0.0156638987874344 -0.368807674816296
v -0.092829499896382 0.0776744013662032 -0.313851800767799
v -0.268889874356415 -0.201919629540604 0.0961068735954293
v -0.189791921278678 -0.0197481571225417 0.336667644929495
v 0.179756194469849 0.162360323375243 -0.408739336459433
v -0.299335554640457 0.094369934267825 -0.22248164779489
v 0.324538488385436 0.129702918721215 -0.157370538924978
v 0.0853979791361611 0.0767079451346909 -0.320199552593233
v 0.00708960713089257 0.12652232198657 -0.322510216356442
v 0.177089215709596 -0.112725767686262 -0.402287508404428
v 0.143174010477394 0.0949870223903291 -0.372523017285866
v -0.0987873200353892 0.0167183952558163 -0.316869229692629
v 0.0819649072629521 -0.119989953987347 -0.315744315074445
v -0.211151934716484 -0.195869551351875 -0.39725854131135
v -0.175801657835989 -0.0667340084679318 -0.32575211388052
v 0.383800962126643 0.0702639917393941 -0.161817191322142
v -0.1633436753653 -0.00199488338920317 0.326837277663281
v 0.165621101949983 0.10461378862085 -0.393199148185051
v -0.284901729695779 0.125766198531127 0.423232434821123
v -0.00872446145718219 -0.131221208353827 -0.284887023419583
v -0.217462949535711 0.210577438627665 -0.0954792549918876
v -0.345272171952298 -0.0579681852905963 -0.205636167284393
v -0.0410475251831428 0.182344643034583 0.514795979396791
v -0.384234376522992 0.036431471621707 -0.165258213799297
v -0.244843622746294 0.0387749046882763 -0.362051061428751
v 0.317246915850197 -0.122988743483456 -0.419371446561073
v -0.178656306953574 -0.048701011920049 -0.339481256067148
v 0.310941227799948 -0.108877297610267 -0.434556029059018
v 0.191869330422157 -0.010677416231021 -0.417448329519445
v -0.0865280705890176 -0.0241856550007849 -0.304393654976949
v -0.268593435793428 0.0290607774983512 -0.423440233076441
v -0.227333534637806 0.0266562308208321 -0.437673955965341
v -0.187508448737266 0.030798847421869 -0.401121798755838
v -0.0722871354392149 0.114167001940493 0.427327146662588
v -0.0944667489254747 0.121277183335392 0.503135459335523
v -0.0936394900556419 -0.19341360275289 -0.341516606360313
v -0.132178109780363 0.13381941467185 -0.357148060556666
v -0.170708308410115 -0.0879141591893598 -0.381605639835912
v -0.0697479598031318 -0.269370045202424 -0.0882266222939066
v 0.44679886756721 -0.0456710300998413 -0.214792892090044
v 0.431412253601661 -0.050308946716089 -0.189291276779571
v -0.0512939609931459 0.121645226572307 0.383457775045313
v -0.237607039488129 0.00651394916485989 0.375064477562528
v -0.01660025387864 0.311471911197113 -0.184852012423449
v 0.0845988390299475 0.0577802215524733 -0.31842058253668
v -0.0476398502820714 0.151679402515675 0.401713844294079
v -0.100182437364538 0.112435587990576 0.485776770713787
v 0.379840871786903 0.0414599487905717 -0.409643998276302
v 0.023434464327771 -0.167594499213477 -0.317880235314024
v -0.155819691968379 -0.148131744166333 -0.359647256839387
v 0.139394886961608 -0.134800104869442 -0.367286102653738
v 0.147343550943776 -0.0420213060798257 -0.375825913365055
v 0.0109167231635908 0.11472989239376 -0.311384474521355
v -0.0549108838518252 -0.265369238948293 -0.379848999312674
v 0.0494426406115815 0.266195768149892 -0.0658069292168767
v 0.0676219647839766 0.0713477388855776 -0.305889126119052
v 0.0495802030494042 -0.232742567237486 -0.380864121930552
v -0.021393124950393 -0.209775668409109 -0.357362461487787
v -0.243818093407496 -0.183205558012377 0.176453659216483
v -0.225698466267157 -0.0189320464845439 -0.436372188308241
v 0.228536885952961 0.0505945072248674 -0.429099078820687
v -0.0690582051014775 0.207740192848792 -0.40079375846326
v 0.274955602767604 0.0568628941879704 -0.408469917570618
v 0.103014363324046 0.0950273929580385 -0.335806974314309
v -0.0254953201924505 0.178507255072484 -0.372404844100014
v -0.0138452669922221 0.0210398783394374 -0.263798910521706
v -0.0787376805066181 -0.246522917214484 -0.368737754223237
v 0.096137205367946 -0.253797213306972 -0.375479870979521
v 0.295581177046819 -0.153524518324243 -0.389684811090862
v -0.179854673951567 -0.199079719920904 -0.3759411366122
v -0.00855921140007637 -0.174053971304025 -0.323324213308831
v 0.0818442781747238 -0.214406676074567 -0.364498193174087
v 0.0707733026154488 0.182587432581898 -0.375761023628954
v -0.206659263921537 -0.126542465615241 -0.407642056258091
v 0.280157961995704 -0.0255050952871969 -0.465528629513539
v -0.124877371792366 0.312745050730438 0.44112882448044
v 0.220117386864858 -0.0107002312593897 -0.440837495964379
v 0.0268478729608483 -0.202327055162239 -0.351064367230671
v -0.209903988398973 0.100015892629797 -0.399208440970498
v -0.149927934176049 0.165327453148726 -0.365214904040241
v -0.219935417871058 -0.0335704033791266 -0.431333150112916
v -0.11334096149813 0.0664708330871413 -0.331749254793443
v -0.00729559842885776 -0.189973222992306 -0.338608480577268
v -0.122514904292643 0.110000728308081 -0.343010246098466
v -0.177190917062819 -0.125960492472634 -0.383043858033658
v -0.30236411720424 0.137950168728156 0.384271186439806
v -0.0391786940818149 -0.266848931749224 -0.38804286877041
v 0.210471929374214 0.0978043314122757 -0.425934429231188
v 0.0434212504219115 0.121547649246543 -0.31864817249986
v -0.297175633215436 0.130369596708713 0.410618299718825
v 0.204841274321578 0.245458112116848 -0.0680035174394079
v 0.179717433025546 -0.302499647913091 -0.172023542253426
v 0.196096547226264 -0.281979455597673 -0.337064003892987
v 0.228112211916955 -0.243928089236922 -0.362901641619596
v -0.0208489332345873 -0.150459693711169 -0.300798385894398
v -0.255058392242445 0.0518839031176681 -0.397170325223271
v -0.251671555271103 0.0444020641522622 -0.37924521168076
v 0.3586971391844 -0.0801948638119738 -0.432545210139771
v 0.0144461935156202 -0.28180315032401 -0.34510915338231
v 0.153364539420559 0.103395342352997 -0.381898250171211
v 0.205839342244961 0.18731706304697 -0.412934367818262
v -0.00392460984051741 0.182544629885885 -0.375760401147976
v -0.072154734122014 0.0881613291661978 -0.30346151581931
v 0.0387445548974744 -0.173062834466793 -0.32365366287206
v 0.449799432550921 0.0079283391922095 -0.220700348932672
v 0.0879177209130275 0.131478958462748 -0.335460734024325
v 0.320084612187437 0.0199096484716924 -0.440340197170103
v -0.109878528030697 -0.0667734620430967 -0.324429599124246
v -0.217348680813876 0.0833395252692076 -0.248775554077018
v 0.410447025278189 0.0446896639303439 -0.122104109499988
v 0.177173859456391 0.074756156804194 -0.403843942403559
v 0.196431200954664 -0.0461105817256562 -0.421437837471897
v -0.119244436701014 0.195163498128877 -0.395471419815404
v -0.0645001114109095 0.156153828033395 0.50481264867944
v -0.0482876294213259 -0.0611867579549678 -0.271471777425986
v 0.265203088130249 -0.0132066177478243 -0.459446620649334
v -0.226531977405531 0.0178530627939759 0.388507134551776
v -0.0457874249596179 -0.228762828464656 -0.375190660358237
v 0.299785993171696 0.0315502280624195 -0.431381165511787
v 0.100732223793018 -0.134147407411942 -0.331856257061142
v 0.494383938575879 -0.0690352339919261 -0.259411498167654
v -0.0997483954250316 0.116938112147398 0.466707880737727
v -0.109044974581722 0.116491162784759 0.517422855927302
v -0.00510412477094618 -0.203560729696341 -0.35164712699896
v -0.151844985576632 -0.0258433115482917 -0.365895354676778
v 0.0714453228076761 0.345730783093131 -0.199565418328643
v -0.323936460503448 -0.0557743039432859 0.377800687624531
v -0.152112169481285 0.122537744451964 0.373011234991819
v 0.146807736396853 -0.121279092415062 -0.37428943840669
v 0.133048701781108 0.133421961901052 -0.365333126387531
v 0.0130905002843275 0.180051126301672 0.441022061445615
v -0.195990010815886 0.176821281951701 0.338871591245936
v 0.00990806390567659 -0.221997187204256 -0.36951209109098
v 0.119326219430338 0.0545306680954589 -0.350322808411864
v 0.186322217546554 -0.209604101959144 -0.412374317384954
v -0.152099420456216 0.0880597879060004 0.476149035796601
v -0.135551856357145 0.18973935607692 -0.34637598965735
v -0.317360908864638 0.117313380638549 0.00322949336019743
v -0.197228501892996 0.0901431015103364 -0.412046868134901
v -0.146646648651994 0.270386072516397 0.522532923484587
v -0.184925266111475 0.249976175496233 0.515300509434916
v 0.245193927572413 -0.0217954241864421 -0.456637963239332
v 0.178637168975954 0.0248201686145296 -0.405152661797235
v 0.0709213831610463 0.215839171937549 -0.367911336383334
v 0.155615758015952 -0.112137372560998 -0.382524811094804
v -0.0601673024939153 0.187568636755101 -0.381756087250324
v -0.168973559313261 0.129913040302955 -0.335020481448412
v -0.263663212695727 0.00367748709778495 -0.440812236896796
v 0.343928893524136 -0.0122873615954906 0.0701308446077076
v 0.154238572336169 -0.017437294921714 -0.382389523077424
v -0.115725822646888 0.169790366064667 -0.37041068013896
v -0.247103273509548 -0.14266047978685 -0.383468539590443
v 0.202868033856143 0.153577129198215 0.0447651235155219
v 0.265479019967215 0.00460089686909508 -0.450578421237304
v 0.0539339155351931 0.134263698029977 -0.330484589337267
v -0.0204679177500885 0.107532225017687 -0.304875176162121
v -0.078090196757913 0.0883723899057525 0.107167513102881
v 0.200627863943389 -0.121278613094033 -0.423161807172305
v -0.216220825340643 0.224927184818976 0.477536147631647
v 0.219258466204999 0.232200015005136 -0.159763969896191
v -0.158073936903358 0.183550128429387 0.408819997557856
v 0.45080696571324 -0.0135149289611386 -0.103289953816934
v -0.260825947039729 0.177273627576846 0.44779186733509
v 0.16962783639677 0.0885605744768373 -0.396896009691925
v -0.0451583992869093 0.14928603630749 -0.3448747958419
v -0.263123756331453 0.0393599974240926 -0.439175274514181
v -0.419671240738352 -0.0383915833519001 -0.131441322131911
v -0.218215366824403 -0.0980927360728412 -0.403810385092629
v 0.0913140028317843 -0.00662924460048745 -0.32462679050775
v -0.160876033711575 0.0287878904813284 0.387730598784324
v -0.183070962701671 0.0944212802856824 0.349878163672138
v -0.146341978190268 0.035085519555833 0.377868038136517
v -0.0875396537127306 -0.202951547952545 -0.351171394126944
v 0.128248590930056 0.168316994415464 -0.374096632990063
v 0.181313779334675 0.110829447779194 -0.407684385913952
v -0.123000045568788 0.0792141067838292 -0.341369516279548
v 0.0630985926825108 -0.332017983803807 -0.226214729510502
v -0.00352656845775239 0.278681154467948 -0.273174143152441
v 0.116456363852788 0.268935768071472 -0.0684365879983467
v 0.360568874482329 -0.0170357289227052 -0.438569173623468
v -0.0730781940184872 0.13497220647166 0.381382018636948
v 0.210809977392962 -0.267879017184485 -0.341474419569611
v 0.013003459397535 -0.233978252895778 -0.381013141766728
v -0.238919843544813 0.0568607053737829 -0.362679826308346
v -0.017055076561053 0.250367970984852 -0.302643716343586
v -0.095700206990425 -0.232092742729833 -0.344238184032104
v 0.228377138463745 -0.0248661581670292 -0.448429011241841
v -0.243752836691099 0.0141688535066178 -0.452344538108451
v -0.244274253336351 -0.132464535241804 -0.39513010538039
v -0.0873697801073234 0.129275793771058 0.458525086733609
v -0.170898104769627 0.0403510110618985 -0.385806400758684
v 0.0137350113193316 0.221883312395512 0.486434283827003
v -0.162829380728164 0.112130487846312 -0.382257484792885
v -0.18869487439076 0.0130270719421203 0.399246361342143
v 0.336367642936141 -0.14551590502465 -0.162534148623473
v 0.339885889714314 -0.0788998751762413 -0.443640273932398
v -0.185287656177789 -0.0822608930821006 -0.300747509726371
v 0.270117758589874 0.124594042936363 -0.376518271275416
v 0.0435025003116208 0.238066428316447 -0.347939752015879
v -0.161461791344198 -0.0789095904153844 -0.372939694244058
v 0.450758678895886 0.00703576101197592 -0.353626240790255
v -0.146188099778825 0.127168563946995 -0.367967333557702
v -0.0563644343371225 0.161254248595594 0.485707529763903
v 0.00346883519942391 0.223569377641351 0.504320462592571
v 0.128391812623056 0.150239390137155 -0.365630326446836
v 0.0838851039467638 -0.137987152670109 -0.319170336646024
v 0.0599561644284155 -0.108451222764217 -0.29734664843788
v -0.106302826549399 0.275247709923347 0.557672431389121
v 0.100704198288789 0.0088610731151145 -0.33322953769531
v -0.0020551749538315 0.143984906956638 0.437162092743386
v -0.0340638816713157 0.150345294397688 0.450813144498278
v -0.0169857932472096 0.253444246144546 0.516343024457128
v -0.0308764430509848 0.24713460000034 0.534458076746224
v -0.125045901808701 0.0820400852492852 0.472648382350709
v -0.16077926495322 0.258633150415012 0.542039627957581
v -0.0909500150398432 0.2867451448765 0.543181773355921
v -0.0822786952544126 -0.18641659496542 -0.334334799003032
v -0.123452047181261 0.243376480398175 0.547914463061373
v -0.0318234091967963 0.231870369830741 0.490904776711514
v 0.0954058471246318 -0.164270271805212 -0.333708470303613
v 0.113639483431783 -0.252960098131649 -0.376330415707361
v -0.336715551963497 0.0974614262616824 0.0312396683666332
v -0.197574480972513 0.239430024697046 0.527429726690862
v -0.209894879426242 0.00331131854508702 -0.42157718050793
v 0.326786870077827 0.0832908503152177 -0.37346843004661
v -0.461772337110258 -0.0589022664783868 0.284657795853605
v -0.115429235680781 0.289172195385229 0.512479656412947
v -0.0114938003799834 0.124490177435794 0.425714500403764
v -0.140120531408062 0.14340847900905 0.426565493150193
v 0.2464390191056 -0.0983480297858339 -0.45282371361238
v 0.449417706007686 -0.019428474516221 -0.171501110627721
v 0.369750748731502 -0.112041099400015 -0.198654181109877
v 0.304096943770013 0.108227961202216 -0.348805017748183
v -0.163197109193285 0.131301268370833 -0.318339792089125
v -0.248941939131396 -0.175616811935903 -0.3888800822067
v -0.183440211534853 -0.0586882527337983 -0.352211279375051
v -0.122125400524809 0.294043834586265 0.493352781849503
v -0.244080194594986 -0.0382243183124099 0.348101340765619
v -0.203064667301791 0.0577228262420826 0.299970069286541
v 0.419809212643867 -0.0621592356966164 -0.17626021052834
v -0.133974222224057 0.211257070621103 0.429216170890797
v 0.312101544633245 0.0428449615804326 -0.419220186835159
v -0.241010547655346 0.201519297770634 0.328796253029236
v -0.357249929105537 -0.141264635177068 0.34193343417171
v -0.0329940194487902 -0.0709845216281921 0.157277978522899
v 0.322030504504367 0.046652453511969 0.092530643153006
v 0.20703869079023 0.24744509230229 -0.314211142083641
v -0.203770752145902 -0.179508138269879 -0.396065389214303
v -0.365883599270262 -0.0914683902576122 0.366057531878913
v -0.13152681506267 0.0482560967251956 0.385348086212247
v -0.414157108890977 -0.169441324918939 0.302045076376411
v -0.421559675687256 -0.152813192974972 0.307471492386956
v -0.216170170215091 0.067611138509622 0.346744063034323
v -0.0842195561603517 0.196742322753891 0.503693785674607
v 0.109404142438521 -0.121365890739781 -0.339843869325719
v -0.0268222808547762 0.0355173914969022 -0.268309525132568
v -0.245062929115841 0.124730257039285 0.438999691215283
v -0.205382095645329 0.0912578005355501 -0.329175441804242
v 0.192477416928762 -0.192979144463444 -0.415643402732724
v -0.0950590361504394 -0.100192501895954 -0.308817306378776
v -0.161929559629341 -0.117734635358336 -0.369887725993006
v -0.065036576294837 0.156811477977184 0.537098201605214
v -0.0320521044711383 0.196333165956584 0.525781961218564
v 0.0299260016287814 -0.258665617614833 -0.380745211776347
v 0.236857749126195 0.096819876957853 -0.410742271293477
v -0.233950238721421 0.0824657269816872 -0.413778949762613
v -0.185034638989151 0.0746729657859155 -0.400164757038872
v 0.201048581894992 -0.153601159183091 -0.422532702563592
v 0.108449144723151 -0.285734567864945 -0.344716430691791
v 0.0191613823328551 -0.318788606484997 -0.187475719768188
v -0.104215089741242 0.162317923860583 -0.360990814220502
v -0.212421726159672 -0.231757390368847 -0.37299289604773
v -0.282881883499689 -0.107565259770831 0.367275267355706
v -0.083194892903709 0.177903959394236 0.429728775121626
v -0.118418630065857 0.162965749598635 0.429991614154756
v 0.234881316595752 -0.216813208130212 -0.420829263451537
v 0.00885554974980904 0.312830175236598 -0.230160327523241
v -0.00258550941701229 -0.283510736009059 -0.344619643422819
v -0.2134743708934 0.15770764579086 0.471470137794135
v -0.241770595892518 -0.023083532416071 0.354539411319746
v -0.246393613677276 -0.00659321595668332 0.362465401637868
v 0.438905934818979 0.0185987593764749 -0.365807989634203
v -0.442202798905607 -0.172646034567835 0.261603236714637
v -0.0778317527463608 0.139913036839686 0.53780617517969
v -0.0710076542495934 0.148856834835205 0.48911323745547
v -0.176633143465774 0.169059938452942 0.460713186025972
v 0.0127127994322336 0.201435753070972 0.474668675214179
v 0.269654695314012 -0.212124783435993 -0.170375812530031
v 0.225600267047188 -0.256846949893175 -0.165437512022145
v 0.247585304793099 -0.233897420310523 -0.179035037064939
v -0.261634805434182 0.115972082011315 0.428509473930316
v -0.0824272909894331 0.12510250008963 0.442046992462386
v -0.136659476773799 0.149100244494866 -0.367876008208944
v -0.0642805413018959 0.193147796672316 0.561553586200862
v -0.129772092708088 0.0741459510404964 0.437836826956501
v -0.15049318762833 0.294775003426087 0.429889470167254
v -0.323210548324686 0.1148786120531 -0.0862045394718761
v -0.0908230063211348 0.301640586207609 0.449320453188857
v -0.179445600681731 0.104793276183249 0.410490628119025
v -0.0993560876031293 0.141469772935937 0.530622229108726
v -0.394629914870535 -0.10003806674433 0.344725939918167
v -0.127040859137224 0.0761740366135138 0.453735249265978
v -0.139646943236639 0.102632685468739 0.340646464716962
v -0.095428572455089 -0.216824246697231 -0.303048816881378
v -0.179181059946446 0.233004792126396 0.538962051965504
v -0.147581511937459 0.221277886101769 0.526957251427095
v 0.0721717878257812 0.0239101836021527 0.173675720003942
v -0.153407016347264 0.111089283414832 0.47656446638102
v -0.317988220192925 0.114970905564845 0.0506578712707025
v -0.217628491092034 0.227453560034308 0.496513456958659
v 0.0035561118836083 0.245195948760719 0.488925922997
v -0.239798632627249 -0.171375222384596 -0.355572990610614
v -0.345454539322176 0.0904147354201987 -0.0569634229956611
v 0.361462049348951 -0.12127952598623 -0.00987718770621228
v -0.451856964613835 -0.155519444124393 0.254407642724051
v -0.202390059749701 -0.209791937905977 -0.329218320586345
v -0.415360114034435 -0.0670204120753447 0.33473195952294
v -0.309340441071832 0.0833607287415036 0.389459334624314
v 0.0834373207497463 0.230598931135974 -0.352910915828411
v -0.151085935124457 0.132219583717472 0.43563539782455
v -0.0655168774430683 -0.209556447645326 -0.28543620169444
v -0.217367030177815 0.134931139552789 0.444306342182057
v -0.126421554264574 0.156324578935057 0.441110265876886
v -0.164383041246717 0.281027180581521 0.430157674638932
v 0.451512415978031 -0.011209950731689 -0.139502543017566
v -0.224146312322121 0.116093240284414 0.39121370060786
v -0.237335534608068 0.0456963807546346 0.357331895310172
v -0.309881430759334 0.128376893230862 -0.13739538760008
v 0.214686057833014 0.23631093040001 -0.182698314297824
v -0.463865488567178 -0.0552094537506877 0.249127319648031
v 0.391807459812646 -0.0902835173146029 -0.215498086884402
v -0.061193004339637 0.0894544775073518 0.408409505208174
v -0.13624873097617 -0.181178791721184 -0.181693363346163
v 0.0482772727798138 -0.183973159305833 -0.334117089179085
v -0.125628829257052 0.204463003694178 -0.382239510541562
v -0.21659654379011 0.0784268244359347 -0.342819902202876
v 0.202227019100524 0.131763627301342 -0.423273698617453
v 0.0724655423672481 -0.285600895153707 -0.339235989429378
v -0.0985431562778812 -0.22528403444178 -0.319262457456687
v -0.193417427380644 -0.0588319519295885 -0.368007679274454
v -0.239745469079736 0.0427572865272305 -0.448937214952661
v 0.0703966221409039 0.197593099216551 -0.388425766650075
v 0.173426576209894 0.273229832071728 -0.306511435614085
v 0.0610611693815098 -0.24289252534765 -0.391301414122684
v 0.357308388701007 0.00294738843148306 -0.437601114824158
v -0.0676405547243751 0.230196767985494 -0.355864841043129
v -0.182019726660248 0.118063771600531 -0.34263834722895
v -0.194246310821501 0.15800559134923 0.463733698503179
v 0.442663693113093 0.0592832504096362 -0.354153572909754
v -0.0143095090900574 -0.297113341973797 -0.165653032777005
v -0.0315403110402898 0.204976128595356 0.541832853669013
v -0.155583281179307 -0.246374712165685 -0.0939750623389828
v -0.228751613975592 -0.150130148684679 0.313954625619779
v -0.00281126228598486 0.188667651760284 0.476749259673884
v -0.0727469146597858 0.138528900990581 0.453818627065411
v -0.0474246696418591 0.226002636632675 0.563240927070329
v -0.126021327035642 0.0295497554658999 0.355690403360809
v -0.19001961977227 -0.0139063676705356 0.352005333992978
v -0.0649953280006393 0.130941731411949 0.440805919744791
v -0.228371120433615 0.214496887921295 0.466857017311252
v -0.236103156087094 0.196295784495282 0.479873806867351
v -0.0672983142857871 0.148229574576308 0.394717476453042
v 0.142936254586534 0.125991949635451 0.072284971731906
v 0.0213590683285942 0.263479173893648 -0.322472790631237
v -0.140095689062594 0.269460802873564 0.53990823412269
v -0.317029974216393 -0.228480061743912 0.259239207657292
v -0.216115151292845 -0.108630853011688 0.31185765115087
v -0.305245123433454 -0.000715800825704974 0.33617408897494
v 0.136932943309433 0.205821827131118 -0.382156400188302
v -0.114915351596689 0.24073750248015 0.535741853881038
v -0.214108697746358 0.129031347075621 0.424918872761806
v -0.110478976838296 0.307215088902735 0.480541174124296
v -0.185174828636967 -0.11753984794561 0.242811477993134
v 0.311888486711988 0.138958802145608 0.0301736923805863
v -0.0214052129787927 0.111053658861016 0.411922864512002
v -0.163095044210624 0.0287710790355224 0.407971495355807
v -0.119158501132855 -0.25529834263768 -0.0906656350635729
v 0.396325316473891 -0.00888596315758223 0.0158734142192365
v -0.432806446411598 -0.21963622786392 0.227229417836893
v -0.196695997749906 0.218002969914847 -0.0971597046672892
v 0.0919118097192863 0.034997917848849 -0.325178072682675
v -0.172750730046688 -0.194012656076292 -0.305392127913162
v -0.249784210060235 -0.0919551987345126 0.350442527674837
v 0.44718847539682 -0.030066174458394 -0.132726197062104
v 0.025644578870119 -0.0591175036142584 0.175587520502707
v 0.377626011020844 -0.104156889849597 -0.219623758266535
v -0.355263079195964 0.0683526587140569 0.202208479543445
v -0.172793904310968 0.106860383871618 0.447580421052954
v 0.11212465465489 0.0674612532995835 -0.343624476652814
v -0.14854640813998 0.20152815035676 0.487464090196041
v -0.122853386749225 -0.184241068719197 -0.266827289368794
v -0.105400198966052 -0.00803740024597936 -0.322402714856217
v -0.329164538278565 0.105870814834038 -0.0089670634140985
v -0.221117422865834 -0.0114480012863401 -0.360410416226136
v -0.174245045555735 -0.00878436393585507 0.339439275757263
v -0.31321483232824 -0.0757997863907868 -0.238279892104049
v -0.309593027159583 -0.0143472940072279 0.347111571786111
v -0.128465425778835 0.298582797826994 0.47132936156157
v -0.404476020643008 -0.127110735533127 0.329641863962853
v -0.19358139134841 0.149622543263214 0.360839361664556
v -0.198671537566716 0.206147522970176 0.511041411848036
v -0.0692559826713142 0.170753401772498 -0.365904002906598
v -0.38922690100161 0.0296559182413867 0.318908301000139
v -0.310066042353795 -0.156833391421819 -0.187343951570134
v 0.369864128081223 -0.112659385914326 -0.0300702567603166
v -0.46418424963769 -0.182639386942451 0.199656390341136
v -0.274222858252458 -0.144940627202846 0.341636149370613
v -0.283486395020872 0.000368478203168782 0.330490043979828
v -0.326506595712722 -0.166846462288463 0.320239543793976
v 0.377636183186828 0.0757488057692039 -0.247104217638005
v -0.0332271011071092 0.118722799610402 0.425593447584998
v -0.00399253919409037 0.318911587487054 -0.197455407993581
v -0.155942626910668 0.131806793595374 -0.300407188282548
v -0.205431998811741 -0.105889084134915 0.292181775827801
v -0.0422846413431208 0.134464401848471 0.438984994809643
v -0.217605623846986 0.134601757926563 -0.190615639963438
v 0.263477221243345 -0.204212774210868 -0.395265561028784
v -0.207965001091875 -0.14166445351498 0.264659019335885
v -0.0531171363912463 0.0909210491714164 0.382257164590062
v -0.0613145241528223 0.0740452541367526 0.393958771785268
v -0.21658217402138 0.0851288044471792 -0.359716970454709
v -0.133862247599954 0.136466650884439 -0.27856354815524
v -0.103632161321108 0.17759360031238 0.465510379301757
v -0.358241745433102 -0.125656877627305 0.352932135017011
v -0.124039890451579 0.127238591525572 0.504659866423744
v -0.313417883085614 -0.0776449391352655 0.380225479596893
v -0.338278798030445 -0.124337838266109 0.358356166523415
v -0.245562730639624 0.00783892783523387 -0.375221044609654
v -0.240443088179913 -0.129932357735332 -0.424761812611579
v 0.0823321243891833 -0.257788203536952 -0.373183219246293
v 0.133750952350958 -0.342777489627794 -0.210530730075955
v -0.297800770695763 -0.0921690708518869 0.37625659647942
v 0.199279773440161 -0.219383542626523 -0.424019703325998
v -0.276890665074129 -0.0895632610791465 0.369209036324085
v -0.253825669598438 0.0594081154914115 -0.415922388131242
v -0.3215474314773 -0.0961179482051011 0.377267427076586
v -0.00945366072414199 -0.284840799479132 -0.181156711712384
v -0.410837267807104 -0.222277012371647 0.254077828114204
v -0.39672061680811 -0.238119054524049 0.244862359873345
v -0.196274366871234 0.0588371356067363 0.431045299554284
v -0.0393835317276421 0.171348484334783 0.479909951664384
v -0.24580148159279 -0.164438287095985 0.319928390692089
v -0.182056976034904 -0.00170694169721111 0.267704665660392
v -0.130971648232431 0.215327268413717 0.487912374746456
v -0.295697981126759 0.095870152176792 0.403535835768529
v -0.0986099575084293 0.116880598812745 0.44776781891195
v -0.10094838058608 0.117100792361802 0.359349265670464
v -0.126151413362296 0.0760083284424862 0.412718379765416
v -0.307460868115775 0.118894031514326 0.397932970184549
v -0.353828501376061 -0.203192305486982 0.284530203597156
v -0.279020753668747 0.106912296309986 0.417212686974855
v -0.0867030265022432 0.0599757991649012 0.137822177821096
v 0.116040849966993 0.0891871162745923 0.108950981536757
v -0.187688294325971 -0.00357417923969208 0.372259852513073
v -0.0395523319510981 0.100155195152709 0.414785094843938
v -0.0462261228915051 0.100613315335966 0.385086135203355
v -0.310333468041142 -0.0416113186048635 0.366748256823469
v -0.331536504484621 -0.0366128127854417 0.370972496437675
v -0.168590267543273 0.172333477477961 0.42869816453226
v -0.0889881930196931 0.188373889340227 0.520324044357845
v -0.122740960137469 0.230368289067668 0.431827729534744
v -0.111872293659095 0.0777214724345215 0.405188925143178
v -0.0783542450222025 0.192416186016803 0.540704621978537
v -0.13822320601331 0.119840557253407 0.491157736091403
v 0.11534494551054 0.183635799667542 -0.379928888035982
v 0.409290630638586 -0.00908435538288628 0.00218618856232004
v -0.251099457335911 0.183480262061872 0.400815960617338
v -0.0771830915788884 0.0991026236483181 0.415624805834686
v -0.0302856247772865 0.221505691711404 0.474465661222947
v -0.398460968329779 -0.264669552365737 0.199300509724152
v 0.0706921115104881 0.0745363619620444 0.123797421513064
v -0.159831204668147 0.117317312643603 0.462916472182203
v 0.157748537911348 -0.174491436302117 0.0642643120537837
v -0.210575007934197 -0.13935659913385 0.28322037987551
v -0.0740142140808865 0.230172048437831 -0.396130413162505
v -0.201411936209456 0.250419960659184 0.396363951740524
v 0.275829150677927 0.179813334425305 -0.0226175513584155
v -0.0785022977814026 0.285137862523693 0.47364267233991
v -0.458397273352353 -0.125061610114676 0.268271056553011
v -0.203671782390611 0.23947017777769 0.413917421593715
v 0.263377398598003 -0.216505530733838 -0.211760102787748
v -0.263901771766736 -0.218323627704147 -0.123593461225936
v -0.208529721221347 0.162752850297906 0.325628140521394
v -0.481199567562758 -0.104436166286695 0.219382437608674
v -0.403250367695081 -0.156912106028927 0.316606949134686
v -0.453791089794876 -0.118000172563863 0.287814572225608
v -0.40819657329409 -0.107869612268404 0.33267714007355
v -0.43922227822749 -0.22399569584819 0.191099447305998
v -0.243974288044952 -0.124163233142569 0.341224481598481
v -0.251793253556903 -0.141125704625694 0.339416289835944
v -0.168562230334031 0.0193540007115245 0.393378383180281
v -0.0201189214380208 0.167013660261503 0.419895296424008
v -0.424866800466298 -0.00267909265465511 0.228708059054408
v -0.36307979950947 0.0601703076506 0.273493541853068
v -0.255390184711036 -0.195662024369057 0.164406597249313
v -0.326222222735909 0.107750961788195 0.308272831805279
v -0.094989521992897 0.0709860226335464 0.397726492154291
v -0.251524530898675 0.19518987640505 0.371000871155967
v -0.109115905393918 0.0440312524055951 0.382927907320012
v -0.47197747891148 -0.075490826995221 0.254557956775659
v -0.0618009691693884 0.174168271392204 0.423965952120486
v -0.0638375988600447 0.163302657163805 0.558814327518684
v -0.137147581309479 0.146165592972334 0.449526714523471
v -0.061308856301433 -0.266292573699737 -0.361972979711249
v -0.0514873412929324 -0.272094304829257 -0.347858984231322
v -0.0396277598131608 0.239288262175104 0.546280581380961
v -0.195575729468955 0.232999576959557 0.348915681683838
v 0.216371906736526 -0.206791083717464 -0.433000381954829
v -0.210565473349769 0.0972065343569067 -0.382155076311938
v -0.285649447015684 0.0795719541647887 0.391714288186368
v -0.188959356699031 0.191736031293397 0.501493048060253
v -0.26522285398783 -0.195827725930225 0.279603279277592
v 0.225376672765292 -0.100510610066073 0.140113752711363
v -0.219648223720474 -0.15273344415883 0.282023371570652
v -0.338930067935194 -0.210129282083645 0.278748157903421
v -0.198339868076892 0.0242430213654574 0.253258316163606
v -0.230133321200952 0.0351310124125956 0.387802832443637
v -0.226663094120271 0.209971405763674 0.420006233643982
v -0.236700971611204 0.20053520691656 0.431207512984515
v -0.151584114379845 0.0218624085703001 0.300849747761417
v -0.202536397733976 -0.037084570391588 0.315440916138886
v -0.0842017926555007 0.0717311201185881 0.358911286908147
v 0.117866667462471 0.0506431041887622 0.147523410426133
v -0.221834613683219 0.190639234412656 0.490102567747133
v -0.249855474370322 0.187204509572798 0.459909770588069
v -0.0608327158225739 0.161317808931932 0.409812141762728
v -0.296218421775231 -0.140150799572797 0.346990603152473
v -0.474644871688531 -0.165142367544956 0.117516383123155
v -0.127607281752345 0.0491014611744892 0.150313534681647
v -0.255596070560067 -0.0639632304697571 0.354633167104839
v -0.0380324104043655 0.136219265240868 0.396239304444587
v -0.186451105237402 -0.0327390109526132 0.2774981353954
v -0.222013929665529 0.0604313049824515 0.382638247813104
v -0.0226879201944424 0.137444054586136 0.438476191651485
v -0.0786341540753817 0.190359588748147 0.447371337986836
v -0.0969360244888104 0.106631908130349 0.429483521390387
v -0.0657585448930217 0.200196902771901 0.457406538892587
v -0.111494020583139 -0.0217686294130468 0.197806598163132
v -0.452098850084789 -0.0461625254154963 0.298902464692535
v -0.13681021465033 -0.0544806358951581 0.208709782983243
v -0.294502954047285 0.143275170068843 0.376052927271255
v -0.3084723224359 0.128940211084017 0.366357857261059
v -0.223764291031047 0.222870696356917 0.38866017456123
v -0.377844608543751 -0.262165044190785 0.223513284105576
v -0.268327704547469 -0.188002072336117 -0.154688433105483
v -0.393010868426891 0.0161335143263775 0.332781931072294
v -0.345839692177413 -0.0916507261642914 0.374429707028602
v -0.26611306371515 -0.125408842575118 0.352355592108273
v -0.104060745675162 0.242053364441946 0.498652312607807
v 0.0518776740610983 0.070886116523852 0.126629292838499
v 0.189063836080873 0.258706462956669 -0.0754789052871749
v -0.0661348336461599 0.234995360032429 -0.370459919085738
v 0.168945247268069 0.26835411566723 -0.0762970949801796
v -0.0873592153604303 0.262772113365143 0.477909233658877
v -0.345030087126246 0.0225748107195572 0.352943799665714
v -0.4498319680372 -0.134699998582317 0.28156580178609
v -0.404126012989157 -0.212425783552633 0.268173161098712
v 0.234342623369963 -0.233029001201059 -0.397751677970397
v 0.199106030954991 -0.260694559590951 -0.371304786151024
v -0.349946270062683 0.0538745118386584 -0.202386496400762
v 0.322701212864042 0.131518551267778 -0.286333037421311
v -0.328328883490489 0.0170965500554308 0.349903747529758
v -0.396267911115837 -0.272825805385433 0.159412414940214
v -0.41274485341374 -0.254599207228422 0.168868871784755
v -0.478332777799631 -0.125676667172443 0.215156811543674
v -0.440773263623884 -0.225098873327686 0.171059915035143
v -0.296001413296151 -0.203530455191946 0.285518219918983
v -0.395378480566427 -0.25491264042567 0.0961473880678592
v -0.337345574817502 -0.194668864487569 0.293241840144595
v -0.431997536229564 -0.214059079661331 0.0752889592979419
v -0.449598353031198 -0.186714400058975 0.229862983564743
v -0.317201039369763 0.113432636821445 0.290756791289343
v 0.198078615103685 0.013325500073403 0.183591284609603
v -0.159650974352066 0.102374412341296 0.344077955504678
v -0.0139840887747172 0.19958597511806 0.448636572736882
v 0.250817368618175 -0.0555124724734521 0.160457461505951
v 0.00731755352025227 -0.266923146334094 -0.37717322920582
v -0.43170714393301 -0.0191742096686733 0.256599170450992
v -0.26072052917311 0.0330847406952432 -0.39435654445926
v -0.147784140397589 -0.0879955325470639 0.180411444132815
v 0.307271282152142 -0.09403987594324 -0.447181041605322
v -0.0198058613688765 0.0915681812338192 0.105214158649707
v -0.0598228602294977 -0.204857702467717 -0.352514701979414
v -0.211981705015153 -0.125170797285204 0.298885341850435
v -0.0462375275460334 0.0859297651044318 0.402930565128561
v -0.226860449457769 0.172830226199396 0.311640039818395
v -0.470376294179105 -0.0965979157952058 0.254672830014765
v 0.109798925817035 0.271937217793317 -0.3152198480327
v -0.459941389785753 -0.152791061950132 0.234573428819299
v -0.0761343596789557 0.1667881898309 0.415450060144527
v -0.146993952108383 0.127274141929005 0.477182230156061
v 0.419653079180978 -0.0469113209674202 -0.383397326340432
v 0.109411175295122 -0.35853043521484 -0.19790457050251
v 0.281505555719128 0.0674677158082738 -0.394893440753934
v -0.136998834441581 0.144662540163765 0.470967740465883
v 0.435087452953243 -0.0579208814322754 -0.369095892595905
v -0.278829568925719 -0.218382438889442 0.172147574275107
v -0.349704375373235 0.0765620346270641 0.120995972616753
v 0.0493971178067142 -0.166816092544663 0.0698215118222688
v -0.124241002548509 0.220494878072344 0.447698091003032
v 0.121876219266616 0.205816651050141 -0.381296913608539
v -0.255655035857511 0.0876334902599758 0.299198414675269
v -0.187142155740256 0.248275913841059 0.473318261451921
v -0.451760597374886 -0.210689082199796 0.181974533746568
v -0.224367775294228 -0.158802371112747 0.261431895318108
v -0.491103050661158 -0.112866117923325 0.129736525613462
v -0.463626129754164 -0.165403057823837 0.101405834452374
v -0.295996493008024 -0.248886469949127 0.137149830069017
v -0.330030146550977 -0.282347691418219 0.122249961769547
v -0.0763479618655648 -0.214014253301675 -0.361599116930769
v -0.280925036652257 0.0397305375133344 0.302780740486121
v -0.190493933719477 0.0939309626158623 0.400093415778794
v -0.039874891781354 0.166044216856566 0.416340487333276
v -0.160368468986292 0.194350275570265 0.384425278379094
v -0.178153099986686 0.277915186528289 0.398922624702517
v -0.194337171810114 0.144701196497145 0.380350725281006
v -0.255495178952006 -0.197453676946282 0.140152729663185
v -0.237914818436384 0.209215381547211 0.379122419361703
v -0.183745099543911 0.116720089303234 -0.402383416211884
v -0.451052061202033 -0.172580908752685 0.240865654327236
v 0.0536846741321087 0.0858726203384904 0.111665345867289
v -0.0921331443733024 0.269730259507256 0.460153289024279
v -0.188465116736754 -0.131690712085001 0.169881648273138
v -0.132802076289429 -0.0720671421287662 0.174221993385044
v -0.31969978558273 -0.132141151206144 0.354076424609697
v -0.147437883793517 0.0955773051218562 0.105601058381295
v -0.0617293179829704 0.021646272608892 0.170010941457334
v -0.211242498283614 -0.091288406061837 0.307801343404768
v 0.127215391313804 -0.132662693680271 0.10518681185613
v 0.117764091275194 0.31223563460228 -0.119320292923395
v -0.245487020457274 -0.0208799481224819 -0.424946924492278
v 0.205460950262452 -0.134130804013607 0.105957354039692
v -0.403986362578867 -0.259004441117342 0.113285082494288
v -0.197050676153569 0.0209852633843048 0.233505592874264
v -0.204780592547449 -0.142820971303783 0.228824205063108
v -0.173728958656324 0.264280062412247 0.371940058757271
v 0.215610213619556 -0.248873565649281 -0.378644269392297
v -0.18085572323189 -0.0681531923464363 0.264541606779008
v -0.233039120579503 0.20710540331194 0.450796064401073
v -0.273032427003581 -0.0288446106169183 0.349459231713398
v -0.256881319812835 -0.0164250372172158 0.350496706170537
v -0.382523117745818 -0.270942194674561 0.20821131159947
v -0.314336059223586 -0.248027899226079 0.222424224789021
v -0.306201624840843 0.129726287370893 0.296279926565503
v -0.179271228093741 0.102963585116769 0.369401686395572
v -0.395902700771422 0.0238994811723771 0.30058378946907
v 0.235933682578268 -0.0475438801957294 0.172466292733156
v 0.222604290706419 -0.133165013485898 -0.438329034272135
v -0.000446865100449007 -0.279821820814162 -0.362581836664916
v -0.234137297225318 0.0766281451608361 -0.387005190593305
v 0.0785444536426686 -0.240877694370953 -0.39061537316506
v 0.224750938841629 0.1079578993286 -0.42744528429125
v 0.0856072710479306 -0.190490118769775 -0.344372980025355
v -0.172607056496018 -0.00593775329849633 0.2878393282089
v -0.276536212873115 0.0152881824980573 0.318781264136878
v 0.0284769782145275 -0.306845643407406 -0.222148039619284
v -0.0215238836254905 -0.264443637628951 -0.175334284890915
v 0.012931055628793 0.291207694337909 -0.275015925124325
v 0.346881033106972 -0.00806987695241419 -0.447847803935087
v -0.342785439222578 0.0861128484402033 0.328176304990565
v -0.0469880997647999 -0.246480690415912 -0.14527789403581
v -0.373671290788145 -0.00715968704807433 0.355317294658062
v 0.260928023091479 0.0675518742239022 -0.402145683291258
v -0.266319744386526 0.00544143647615232 -0.425133216978342
v 0.237267560625731 0.168808316063702 -0.404582474055956
v -0.43079648901287 -0.0148189892215529 0.300165652662846
v 0.341960962228171 0.0114994137270383 -0.441077579874185
v 0.23044244092223 0.155834954506746 -0.412804830871558
v 0.0588511938238474 -0.254261451936757 -0.379947042245285
v 0.427418781076949 0.0689467089936424 -0.363821206534144
v 0.419279550221508 0.0807990429386713 -0.355032580074489
v -0.244827270064116 -0.0541701773914092 0.34793257083253
v -0.441947602443916 -0.0289753272289093 0.287174199823513
v -0.159435296676422 0.138984771166521 0.0592595257731432
v -0.433792643212471 -0.172166276244572 0.278318168579344
v 0.194446565741575 0.200966525654637 -0.399283019047454
v 0.187410537034368 0.215372104359692 -0.380871911973197
v 0.169643745878285 0.214698054038293 -0.377751684913978
v -0.125985098710881 0.217982024115394 0.469645521135527
v -0.105758134460996 0.297254917730297 0.433923444636416
v -0.376425860420987 0.0319925462302586 0.33544931153928
v 0.204276247753066 0.169823043529183 -0.425600040216323
v -0.461026369700833 -0.0505667016013594 0.233508069522263
v -0.266280615083529 0.079692316931457 0.26975828115904
v -0.259254865674885 0.130082244259534 0.279321215958182
v -0.340921438018165 0.0823244236243609 0.292741180622123
v -0.455294897880277 -0.190198163167634 0.213667155133003
v -0.452231266867476 -0.203821320588476 0.199540233877085
v -0.468408473282882 -0.196253891309717 0.12725108374119
v -0.141077418678787 0.0215593373083315 0.31915833852052
v -0.146225767553979 0.113532290873088 0.355036874465251
v -0.256831755790671 0.0853712611870039 0.370787976186163
v -0.289796391165156 -0.0175595659151006 0.34311820260898
v 0.0982712016336729 0.041773921978439 0.156040519464301
v 0.116398297330845 -0.323104002858676 -0.312572311987096
v -0.289067135818313 -0.227061822507944 0.217467289816859
v -0.416098445056052 0.00800152095020521 0.199770172486529
v 0.0918009271356972 0.0763430956727777 0.122310800036475
v -0.166730157870732 0.115383402764336 0.380973123620982
v 0.0852147612229118 0.0635036144614099 0.134281129171261
v -0.172401777723618 0.0893948021846068 0.330917841231075
v -0.252706919001782 0.0634803570765433 0.24531144953539
v -0.26586894857877 -0.20485418705343 0.179187361262136
v -0.361196527726834 0.0617831501341814 0.220043186625814
v -0.219380326540373 0.124540782604428 0.333878853312703
v -0.173875569513422 0.166355827617841 0.409508307529495
v -0.19258963294393 -0.136148144135589 0.189490663813439
v -0.182300537294585 -0.123826647845447 0.207432162392064
v -0.324167901818464 -0.216907817165164 0.272908826234561
v -0.441111927965434 -0.109995365609695 0.306906452662339
v 0.125917934804129 -0.0823351746885291 0.155419310734453
v -0.495118711506506 -0.0786239290674096 0.140795528925813
v 0.0561699568969465 0.0332030978513849 0.163997920114342
v -0.349156824814402 -0.204605447907638 0.0474668675891084
v 0.150645385221118 -0.234300188340958 -0.402851265774998
v -0.151835105028845 -0.0828603840912802 0.214845660460998
v 0.186994587659751 0.120929133037597 0.0781652959656308
v 0.200148316795708 -0.0839377874002053 0.155977684641754
v -0.226777994595873 -0.106741926360069 -0.395124933777935
v 0.00177141545458762 0.228749205544981 -0.361242716545708
v -0.178021278220029 -0.237477708100794 -0.37265970843859
v 0.40780194497119 -0.121945840743187 -0.380157936286091
v -0.0870810143466766 0.223949529721949 -0.353436550572568
v 0.0761280985363153 0.0371354379491974 0.160162325040035
v -0.406431181790208 -0.260464323377371 0.132749501633622
v 0.125192205355098 0.065403391371659 0.133151215147317
v -0.440751727048631 -0.0315148986589438 0.0552260209289695
v -0.224955126634605 0.047071817564179 0.239727522026783
v -0.140013718732452 0.0704787441013889 0.13031346454018
v 0.134649265366199 0.137363228067985 0.0613465625819923
v -0.473972990378212 -0.0488419435797484 0.120507994843077
v -0.262606066467823 0.159467615176731 0.297419604070518
v -0.452640701076396 -0.0245464981889379 0.101307151946606
v -0.26413467607105 0.0696890851670823 0.260604037822318
v -0.237666011254395 0.0586349737032837 0.230854096033463
v -0.272189885844383 0.0881928953031178 0.254338873709375
v -0.201867312540142 -0.144679715924019 0.107756454151993
v -0.188175727925826 -0.132984971669748 0.119656296423244
v -0.343683284203199 -0.279401577547898 0.105792852438104
v -0.363172338874237 -0.287063250721564 0.138184142549566
v -0.282526282074946 0.0932956456713867 0.239302170345289
v -0.354257421997431 -0.245745728475328 0.242797709359748
v 0.0242040898281987 -0.0984546003190416 0.136480782430668
v 0.248304584975154 -0.118869539719554 0.120398897718115
v -0.447672956373855 -0.022983332070681 0.137713834832241
v -0.408364236432363 0.00913952150099998 0.30018365230698
v -0.487387324639845 -0.152349508506744 0.155437197635237
v -0.490466980258497 -0.134181195126623 0.142378663715652
v 0.204081079373766 0.130395320792495 0.0683598323105329
v 0.303740794240749 -0.13010740719885 -0.410974584846905
v -0.298887582699388 0.0159465601089313 0.324571522481798
v -0.261034546349403 0.0794878830297658 0.326922277014042
v -0.428999938971948 -0.240497766482575 0.111539726069716
v 0.0672495226194357 -0.0190251113005331 0.201191347330377
v 0.0841477618853628 -0.00311460395401956 0.198106934897287
v 0.121528330413504 0.130085158279408 -0.354875344477643
v -0.298700101633839 0.136049766636115 0.354591099730644
v -0.442497648256098 -0.0313512948568304 0.268133893042001
v 0.166127309833888 -0.232369271976763 -0.408990020330847
v -0.185469898188081 0.116602620522852 -0.377799814601281
v -0.251246884324831 0.0531948963496255 -0.459023415283249
v -0.172601098044526 0.127053561544366 -0.368502778234653
v 0.0434148912313258 -0.245273124355523 -0.39225893232542
v -0.0695755510290373 -0.0399329236871699 0.183230536957636
v 0.168019473649273 0.28063470441419 -0.286533941638355
v -0.281417673361653 -0.225401595630208 0.153611091674704
v -0.448167574586925 -0.0686219808318008 0.0342558073328618
v 0.22494344558967 -0.138327788059421 0.101744411001849
v -0.293637582871673 -0.236335062244487 0.168851379601278
v -0.165448443640106 -0.0219655583365045 0.24235563681124
v 0.183261565784884 -0.205105488502143 0.0322558274640868
v -0.386451863352223 -0.281533669357461 0.171581586760495
v -0.489812061074294 -0.11861854413423 0.201674835582568
v -0.169947510403931 -0.00769866755403479 0.305679957915005
v 0.217012597565915 -0.0881036185745861 0.152154143766675
v 0.123672585027648 -0.00255567460286071 0.198704725071265
v 0.00552546762966753 -0.102389326588984 0.131905818730278
v 0.104335050187938 0.00600093754125974 0.191890438149003
v 0.166243687523124 -0.223119392311547 0.0128042455933233
v -0.464223480946398 -0.0392092494207963 0.136280929937738
v 0.124794814780146 -0.0346304056431323 0.199832423244251
v -0.101953981084061 -0.213332024335873 -0.360685354005346
v -0.2394570043236 -0.199868453483773 -0.365455287291322
v -0.228886455004381 -0.16313822677828 0.243009788653714
v -0.290480184069286 -0.0364352676028801 0.356614432766962
v -0.313117185842195 0.0171599356777482 0.336706997873156
v -0.439374727320286 -0.230487445191151 0.102828421024055
v -0.103772725966396 -0.263790249494776 -0.0827070490959478
v -0.182232142250606 0.0218330718446652 0.197375598568684
v 0.204097236579129 0.0624256041828503 0.136734286177616
v 0.222663255455869 0.120926920271688 0.0779360261993061
v -0.149084852074138 0.0406121225207105 0.157926442941529
v 0.136016716664261 0.188266375240211 0.00958392301017458
v -0.246546759785862 0.0367333755845793 0.339424666406713
v -0.389191905236508 0.0344065401261748 0.214752210622851
v -0.268906959571317 0.146539061543907 0.286857762754381
v -0.298372487973935 0.141490108134405 0.309201317906398
v -0.139816897567011 0.0248768993257032 0.17213201699754
v -0.220978545404443 -0.161819272180927 0.201771336135912
v -0.373270397372108 0.0524370335738107 0.162735048851261
v -0.212958613027121 -0.15630882952177 0.142585422106481
v -0.285577528047914 0.099817707021501 0.193719742560674
v -0.299842285350634 0.1047846726079 0.1797486693042
v -0.200293476076157 -0.143376845808785 0.154277018663216
v -0.0909801310621199 0.0434879029734162 0.15419997084566
v -0.367600687987303 -0.200490061689725 0.0436268497700539
v 0.00526929036770994 -0.0622599897592179 0.171275359330001
v -0.439160301071859 -0.00681828509891374 -0.00748765026942129
v -0.197567810963881 0.0323949467219986 0.19312572201043
v -0.423990550055581 -0.128190402067252 0.0657886554804851
v -0.378286764480757 -0.180905563155678 0.0382307045556475
v -0.0642048760442655 0.14291506962388 0.0551413820711531
v 0.0561126432304827 -0.0718884289561802 0.164309729828831
v -0.294611897722585 -0.242786472739937 0.149796435986518
v -0.0721643952607754 -0.10581422239235 0.128471224707417
v 0.142435216622827 0.017839915555618 0.180918885053331
v 0.111417292744428 0.0770034242741679 0.12175479499188
v -0.464681060658035 -0.1175726771459 0.251246895002895
v 0.185195625291264 0.0630677589353111 0.135918691593755
v -0.16945782529296 -0.00399941673240459 0.229052785784249
v -0.161221417632511 -0.00250707879214474 0.211211978593306
v -0.478901124628168 -0.0946923878052834 0.104659955228873
v -0.466236894047499 -0.109045709874878 0.095498838898592
v -0.230121979610216 0.0550659235998978 0.193680337250537
v -0.282010827036462 0.102505551761024 0.112221670882955
v -0.398137635762682 -0.2338006345386 0.0703560105160337
v -0.401751268807855 -0.155838910277976 0.0500980962843056
v 0.221385655311396 -0.172815493702087 0.0655268379184714
v -0.00368334019654825 0.0862680542809301 0.110304670279497
v 0.0356170483140211 0.200469246901922 -0.389869860410684
v 0.243769475754257 -0.22635916122054 -0.383592478452879
v 0.282596985574747 -0.154938831204335 -0.407372843139623
v 0.114838852193647 -0.122220794822842 0.115089519587742
v -0.442878006135991 -0.226777253229571 0.134784352098691
v -0.459461967894091 -0.209649496209446 0.12700905785747
v -0.15439728148146 -0.0941171658124145 0.198102473586154
v 0.0733560937314774 -0.037903105518435 0.196035515840229
v 0.0810791326608929 -0.0526691234486204 0.184280041097817
v -0.36085807854671 0.0652116681214374 0.134319745206739
v -0.312598482568868 -0.24062200574347 0.074970466406594
v -0.440832181552328 -0.0884915680204628 0.0268288591621885
v -0.212999496823482 0.0465088450355206 0.183023219816675
v 0.424047237635088 -0.109751989134066 -0.37341955251618
v 0.217328064371193 -0.124367232167387 0.115547120203845
v 0.180305814100288 -0.158431357877896 0.0798331002734847
v -0.145844612235923 -0.0486580902743701 0.223363507267227
v -0.247083919960041 -0.185895905543623 0.199395522061459
v -0.406097148499026 0.013364983499735 0.260346991546018
v 0.0852975164718154 -0.188859640255282 0.0485863485126288
v -0.32937156120486 -0.266936866221972 0.196261768228133
v -0.0122982940465738 -0.108208158889068 0.125901805436219
v 0.0393876944259008 -0.106571888208011 0.128807854439723
v 0.173169468568925 0.034294219526786 0.164422089247595
v 0.282982222028368 -0.134261200496419 0.104645472685579
v -0.225357667843531 -0.162090488745731 0.0757326944092207
v -0.0150956906936931 0.125857873753475 0.0714133718072852
v 0.180633600568356 -0.0111918585389426 0.200395791356441
v 0.111001369455711 0.156506227630944 0.0418264662637523
v 0.306282272205848 -0.0670446185516126 0.108712668586314
v -0.0118404416063602 0.0615544667369914 0.134318615868307
v -0.239716948154654 0.0512288017472268 0.250405705786277
v 0.238594551351202 0.0965513435422508 0.10219555035203
v -0.18925852054606 0.0203583883609154 0.213387781410729
v -0.412367762382407 0.0122391488398034 0.167683879435347
v -0.270924338157304 0.0853334583796832 0.222546023638368
v -0.274789187482259 -0.221835441234865 0.121605560347079
v -0.30533896963618 -0.127030353487031 -0.214790658112448
v -0.320000407721227 -0.114269244984991 -0.218824014473165
v -0.31388385805323 0.103535697017561 0.167689254660744
v -0.331926533830797 0.0926565063193937 0.155603105958635
v -0.410924250377541 0.0160719087913582 0.121673043376208
v -0.397145043876823 0.0296122518377422 0.133582235514686
v 0.253282669074596 0.151432175464328 0.046057298576848
v -0.302155972112537 -0.259749091683796 0.124254646651795
v -0.151654492059187 -0.225977273149493 -0.342248056447784
v 0.0677098735248906 -0.18579279800066 0.0512363641324935
v -0.454335086495606 -0.0226278396354743 -0.00978923241587007
v -0.221433907839478 -0.159261759853813 0.225504878317626
v -0.362874928095989 -0.286748981870796 0.183258413928239
v -0.447317839021641 -0.0916166440814754 -0.0178165036219449
v 0.0370473749807619 -0.0451110754432984 0.187969489222728
v 0.0704898929881146 0.290889554669039 -0.0913660348820832
v 0.19148531591136 0.0861638959075363 0.112158038436062
v 0.158587354212124 0.135771855712859 0.0632281118845536
v 0.203044771482161 0.0983482244970961 0.100369234935643
v -0.107093567373257 -0.11038964888082 0.125378278512133
v 0.0413397440853324 -0.143568293330786 0.092874984792577
v 0.0567101023991129 -0.210290014351351 0.0276596562634502
v -0.263305006150764 0.097841712999679 0.11250513122219
v -0.249352079775128 0.107963827273651 0.0969634575022445
v -0.258686194753797 0.113531819961157 0.275545236047973
v -0.179615342213231 0.0280675076784782 0.180381889915032
v -0.329618065461413 0.0910224164011133 0.227203271964734
v 0.263016452262192 -0.00618226691697133 0.15159565653314
v 0.290632946654668 -0.0705167360968072 0.12455383064139
v 0.221069085570328 -0.16046577864653 0.0791925704686645
v -0.396296116830294 0.0256037653335461 0.245527920179271
v 0.0970072808537052 -0.126539672777737 0.110687432367159
v 0.256713481138601 0.100049958424983 0.0988282826811789
v -0.117302185450284 -0.0604744842104844 0.177870868179676
v 0.129828335483685 0.164920042357757 0.0329222806018675
v -0.311531992498013 -0.269755138105132 0.125008041018318
v 0.307685481081716 -0.16695667088773 -0.344007838016203
v 0.29499577396257 -0.177473170905656 -0.35910369590952
v -0.313903090639994 0.123014975912528 -0.0714066237748063
v 0.289470224232442 -0.188633431450694 -0.319369314366603
v -0.37309930270243 0.0531910362143428 0.121905372648031
v -0.243651637245078 0.067090024942906 0.19118770172427
v 0.2565843125654 0.0885798680481222 -0.392786857341753
v -0.396627406381662 0.0296755604212127 0.0929157707907141
v -0.0942700862260343 -0.0176414573666906 0.194581215759506
v -0.0579228435422759 -0.0939497104433973 0.138461664199046
v -0.0628551623292098 -0.0805109120372445 0.152058028469939
v -0.245404566979231 0.134223162607012 0.0698367160300273
v -0.491029662591689 -0.09683765637501 0.204670955954999
v -0.0639020340606769 0.00364379171083465 0.182274559990677
v 0.110721680471422 -0.0845964060036579 0.153407829993945
v -0.163079536646369 -0.0974012067819337 0.220459369396067
v -0.42568306475985 -0.000369672649122133 0.0313306436027703
v -0.433524078552102 -0.0166229535518727 0.0425610247089984
v 0.137076235116338 -0.0701608721154733 0.16797316320097
v 0.251593105668923 -0.0363612045429217 0.162089093794049
v -0.239351287327541 0.0757984397560463 0.137530114264564
v -0.202954126895211 -0.223590918558931 -0.34145906937974
v -0.186639353619832 -0.220290466603446 -0.328486249576441
v -0.0760627143982717 -0.11965298694982 0.115315822353272
v -0.0972546822415297 -0.123563184152578 0.11219125662356
v 0.161200447532511 -0.235599854209185 0.000399937310783619
v 0.33668635569975 -0.135058903197011 0.0661091122513565
v 0.2275340548885 -0.196861366736364 0.0406428763194327
v 0.143888311656803 -0.239963587899823 -0.00389075076931674
v -0.107024555676581 -0.252296722809008 -0.10142565853285
v 0.184346506722522 -0.244495348706885 -0.00660043986336728
v -0.0454975627007848 -0.28676700311404 -0.124088776298531
v -0.0589164290966476 0.118691760773287 0.0793783568058344
v 0.0911340404287458 0.15150126513862 0.0469073793459887
v -0.382875100134651 0.045338988873002 0.0487511431363886
v 0.0159933856303845 0.162447229943251 0.0365273852047138
v 0.295555101205009 -0.0369673780793188 0.119262242380307
v -0.303183954827697 0.103340001495736 0.11344822435373
v -0.338931900450938 0.0912699237895126 0.0699047818847293
v -0.218163752332175 -0.158545101790105 0.181651336475087
v -0.384687076812316 0.0484103824451121 0.0271734157433522
v 0.0895788501628784 0.113058297622167 0.0849254957956342
v -0.256340467626895 0.0762744109956078 0.208356488834593
v -0.134356416418133 0.161824399037638 0.0369917559370725
v -0.406792769290249 0.0248393254281471 0.0218250574857305
v 0.300661780181163 0.125284465020567 0.0672063817465597
v -0.355143147433965 -0.262761665180007 0.0881044685736939
v -0.37119884545944 0.0554047846489896 0.0999371595662969
v -0.432949529785735 -0.00901099490783734 0.144629266161749
v -0.0712003198838002 0.223453108417498 -0.411590630103596
v 0.282615890630483 0.0149835489929254 0.132315765552824
v -0.0668058467345105 0.155522389019171 0.0408531670695054
v -0.00561879065979196 0.156778393175814 0.0414951739203511
v -0.324755993367004 -0.224000901577679 0.0625643698671498
v 0.240028875537091 0.162007753598747 0.0351960177224292
v -0.377627570182539 0.0472727481227899 0.18206945552334
v -0.0871933338973248 -0.0476394290543185 0.183490053024483
v -0.0655783311971737 -0.249670516245694 -0.391300890703043
v -0.0421336366501733 -0.09771590496578 0.133845596792963
v -0.163122311459793 0.136087623192759 -0.361840055646844
v -0.125488927273256 0.145889963449943 0.0527194544894432
v -0.167025384064979 -0.176890611360478 0.0556742774995509
v -0.30010836414656 -0.200456214945044 0.0198011298205814
v -0.149875712025298 -0.228713020076803 -0.363795613678547
v -0.294641599978518 -0.190321695270377 0.0618399874640766
v -0.327121799697262 -0.251696533591561 0.077004065006114
v -0.0310051923067408 0.0585713778345652 0.136549848260211
v -0.383175763671494 0.0408323540165624 0.200221923833115
v -0.468964821476723 -0.0585023304402604 0.0855224740012892
v -0.283103618675331 -0.215165741091206 0.0862054200831621
v 0.270628612846687 0.0894835310383266 0.10875908614269
v -0.0399076465499891 -0.0443127225575793 0.174747275644447
v 0.0519894148534988 -0.0334102499069896 0.196292349545412
v 0.264860869057107 -0.0267137444110927 0.149576249631985
v -0.378633783154004 -0.23581366327719 0.0665826559695604
v 0.299526976346474 0.151176332365396 0.0194752481426093
v -0.408477957769301 -0.130268880292549 0.00372082952887913
v 0.328553828816668 -0.146647785061701 -0.347874442474952
v -0.44527771287953 -0.0947770054729713 -0.0562723130838116
v -0.418157670405949 0.0125694235891745 0.0188336774132409
v -0.0211090026340513 -0.0381774603153031 0.179463150586426
v 0.00328361912839233 -0.0104372831474509 0.188871961350619
v 0.268243490147972 0.139938564326284 0.0575760522747706
v -0.0506971801183382 0.132930589091469 0.0653841014304545
v 0.0585537209393478 0.0990430461257832 0.0987967846670828
v -0.282284597715725 -0.206384369640333 0.0185115795973157
v -0.183403490649327 0.0902122770857132 0.111970570007744
v -0.204901957169701 -0.184558997219472 0.0467113249208069
v -0.359652199756556 0.0657803519660032 0.156707912056334
v 0.244052972216403 -0.125894873199162 -0.447155679032618
v -0.359212290731228 0.0724456851396155 0.0480368178959224
v -0.293380256488745 0.110895769965493 0.096451083635924
v -0.250833926722186 -0.175552835531845 0.0830707336008098
v -0.164084972242628 -0.109156210500411 0.126930362947003
v -0.410544642513071 0.0159130070811537 0.100942496517725
v -0.426066154206464 -0.112151417761856 0.00377107400084784
v 0.190370070231038 0.0405524681756376 0.158290770311403
v 0.30622094931011 -0.0235636261615071 0.108357926949363
v 0.193430823700336 -0.0551014839168099 0.182404408063006
v 0.156008326449594 0.0548660688279222 0.143884576411394
v 0.261258818494576 -0.131081281600343 0.109111291313596
v -0.240562614534843 0.0953303606483429 0.109576873732401
v 0.167474195180173 -0.210148694283171 0.027205180176255
v -0.224328933786829 -0.0927871008648036 0.326986577669439
v -0.354370496591509 0.0395540227504454 -0.19766318247622
v 0.144409567237583 -0.229196699450858 0.00816484297188451
v 0.294740036019988 -0.175093480937092 0.0544148822916069
v 0.00853058561149503 -0.171640693950614 0.0641905761038371
v -0.164030720635902 -0.13558990876113 0.094791022812026
v 0.25036292606122 0.203245705811717 -0.0686262271736931
v 0.082040620216159 -0.250602300989634 -0.0144683009411668
v 0.219154295956621 0.00313724722522499 0.184176577917546
v 0.247723914962811 0.203064131384517 -0.0228114445440701
v -0.367949465684933 0.0582638560860559 0.0613983582075922
v -0.26629681896974 0.113439737868652 0.0928746594593153
v -0.315996451261698 0.0999887066510632 0.127959756074181
v 0.0460434585290455 -0.343649145684886 -0.10703093543916
v 0.264458392193994 0.0126903384385259 0.149865781642069
v -0.404958401422772 0.0298350610677284 -0.0297545350972586
v -0.412121499126231 -0.126683576316606 -0.0458650315324759
v 0.279287433277271 -0.0346793070791682 0.135436238989381
v 0.287607751313703 0.139069461734418 0.0542669945503909
v -0.422863963095352 0.00167940280797372 0.0713559040623359
v -0.250303744351004 -0.190415990378469 0.120683086070275
v -0.263907543943848 -0.205001965761107 0.118700290206171
v 0.259083215118903 -0.195109995013104 0.0422282810217561
v 0.109970618376435 0.238608456620646 -0.0400319931904201
v -0.387318254656194 0.0380323733690717 0.167544154260047
v 0.269997186301592 -0.213402774364473 -0.055671119591748
v -0.0939638357828202 0.227331464959049 -0.390886344506078
v -0.103777726074542 0.144190744246947 0.0545747528537676
v -0.0831089702190757 0.14483781436777 0.0538783599548536
v 0.0945882085347314 -0.239193991749431 -0.390733968662536
v -0.428579916995921 -0.0713104377658176 -0.118759426395563
v -0.305154190553658 -0.187976121733082 0.0339243266478706
v -0.184046306067001 -0.18765270846623 0.0435688478873704
v -0.352223619310891 -0.181518502824809 0.0181357628167151
v -0.0931460763474926 -0.14748863251732 0.0862711122278827
v 0.0381455599361327 0.17045608208428 0.0262094104994952
v 0.0602583485977288 0.173695772925626 0.0246733357948851
v 0.074387157404268 -0.147353418066246 0.0895881792530097
v 0.102014332444196 -0.179173665191925 0.0586803473633303
v -0.235389280677227 0.119631931996407 0.084332728587459
v 0.0402221210813118 -0.291869199716764 -0.0514130235585355
v -0.187882480157007 0.0168860184142202 0.266089160561204
v 0.304493421378255 0.151558867371301 -0.0027713767012471
v 0.314101995197902 0.141088761935407 0.0115192057972943
v 0.343171466037778 0.11274145360898 0.0203505462003394
v -0.0453479993561134 0.00977757230299813 0.17531403878677
v 0.103136267683297 -0.192293426473855 0.0458174964910579
v -0.339160018689917 0.0844393888631112 0.207649400282545
v 0.268709053524898 -0.144444014297113 0.0969321578914482
v -0.335784106555889 0.0896621640774002 0.125343892892352
v -0.271338114111974 0.0964028850504159 0.129452713831299
v 0.0469949228417224 -0.059008556448877 0.176271151855718
v 0.0682212442218622 -0.063037683003409 0.173366455841935
v 0.331305118813017 0.101513864671657 0.0708886980506506
v 0.337153126826505 0.116683268498074 0.0371597983766305
v -0.459744248407005 -0.0765307479389436 -0.0546607862828199
v -0.146229617037471 0.148260759300533 0.049913769711931
v -0.454079283328541 -0.0216052903556739 -0.0474885177867682
v 0.0801855409327223 0.124758183446335 0.0728894412611295
v 0.155668127387661 0.189948731179318 0.00705489627991215
v 0.235695037612407 0.215997531579477 -0.055915539509018
v 0.0279596485197851 0.13816636182449 0.0601157204963947
v 0.184466810553408 0.17133142917124 0.0265084392470228
v -0.0583986373269037 0.203584563659237 -0.00625222982208815
v -0.181041395306631 0.106514534915644 0.0953705713324959
v -0.0238789878304685 -0.085553565081332 0.14615882523018
v 0.0482034369800685 0.143331269628468 0.0540318499050944
v -0.304256532663646 0.103423991891978 0.204165239795067
v -0.361736731926166 0.0716026620678877 0.0303885981149082
v -0.345665579436197 0.0798118481277756 0.14378645166896
v 0.137685616877473 0.199489538795557 -0.00270090440051413
v -0.0709659623753621 -0.184549764635196 0.0493242035923443
v -0.130042231854903 -0.180356815794882 0.0525649423746299
v -0.39142542566544 -0.147463595636293 -0.0724217729196926
v -0.418881990781307 -0.121088596584672 -0.0784712738555874
v -0.44553207008598 -0.0343462001064902 0.0313004596654314
v -0.4599867600672 -0.0779129855756523 -0.0288261092228631
v 0.326071171912998 -0.0440156682887107 0.0882406049313479
v 0.274552946666794 0.150656775230136 0.0435201849386659
v -0.244829242699277 -0.178825492476216 0.0507221548655026
v 0.12806383141176 -0.279059749960824 -0.0388648096645176
v -0.348787580861588 0.00420527612526766 -0.202710066815766
v -0.338968897551166 0.0403745127909906 -0.212739790043275
v 0.176651972946069 0.0743229796292182 0.124175574542564
v 0.291102756188202 -0.186207995609861 0.0357665892473021
v 0.166205955813339 0.283313315291848 -0.118789476833346
v 0.181673034080959 0.268162773025846 -0.0909153233513195
v 0.00235758894680031 0.328223136083923 -0.136713353077017
v 0.352054642629865 -0.0942918360293993 0.0625337718432928
v 0.266543167014257 0.187359633467241 -0.0716524367048199
v 0.240600980290899 0.197577487771014 -0.00445118447192898
v 0.329649460981717 0.124601956908123 -0.0422574611916925
v -0.187660847807409 0.152472303489013 0.0485707288341305
v -0.252491873427594 0.124908735249734 0.0797112718477536
v 0.0877248369760227 -0.305651468906292 -0.066137582553531
v -0.198312350605827 0.0976034965688698 0.105172203886494
v 0.358713725685778 0.0147959170193015 0.0555757507199263
v -0.372306771953446 -0.166100432349982 -0.0250645254078844
v 0.278215139355272 -0.196673581106007 -0.335343115373612
v -0.229559730124692 -0.218195688305925 0.0111412680030763
v 0.306205401611612 0.134164547340537 0.0500683554634008
v -0.229868026918367 0.158649977809643 0.0436238834456884
v 0.30106642647829 0.100519099563433 0.0920294897365076
v 0.211920598806157 -0.262981363125506 -0.0362328413427658
v -0.230436603854808 -0.0337201137254112 -0.402081071201307
v -0.195534758145168 -0.200187412604787 0.0291277688986444
v 0.137124309251624 -0.235247987207053 -0.398140464446536
v 0.245606249282845 0.210205121973634 -0.311921844442227
v -0.412352615700078 0.0247424020249572 -0.0842311545276557
v -0.403355982430862 0.0322641267313125 -0.0657174891739844
v -0.43154515900262 0.00158774162689919 -0.103493964179191
v 0.21826401532032 0.216505965748806 -0.0262664831860907
v 0.0928969559375196 -0.142590490207994 0.094906070515785
v 0.320701850520872 -0.134999870995593 0.0826567842852354
v -0.431809352497157 -0.0195357314979988 -0.113188866398135
v 0.254537844331091 -0.218539056362502 0.0121386524763926
v 0.132744378706929 -0.207499503276457 0.0306514893266594
v 0.0773784142353505 -0.267899197723835 -0.0285314763951359
v -0.147523473508198 -0.0297668491169653 0.220469828179051
v -0.177842758983694 -0.203389773871679 0.027562944412121
v 0.279357806275634 -0.171879423577743 0.0658745313115198
v -0.180465646180763 0.136915129500999 0.063523812302069
v 0.0414561580672315 -0.261112341221783 -0.0243955205856755
v -0.334291169104772 0.092601571382275 0.0920872169714896
v 0.240380809628615 0.110296322419168 0.0884301918877893
v 0.253559916834301 0.185037137837599 0.00537106487060198
v -0.425597750339074 0.00880454876356739 -0.052006124793705
v 0.250436065435355 -0.191296358354644 -0.425641172181396
v 0.270557941690562 -0.153590351502844 -0.422899993206243
v 0.195327842437085 0.0279438004930378 0.170645469202842
v 0.20320033967713 0.165894158345513 0.0322301977762387
v -0.335223581364476 -0.191733801272034 0.00985719785999534
v 0.262573643546509 0.192362654801682 -0.0337529110796689
v -0.314391381445322 0.124244102235951 -0.100943886980173
v 0.221189135436254 0.230085138646461 -0.0605821397335194
v 0.126315877598839 0.23216857403441 -0.0341944733747936
v -0.099525955939942 0.20197025542598 -0.00510603085846977
v 0.0704794642199234 0.186989042709728 0.0117177081897585
v -0.241001745737087 -0.260017820300776 -0.060287354289875
v -0.0539815606424266 -0.141946376287526 0.0920283403738956
v -0.0225877538661765 -0.210189081214927 0.0250989437867659
v -0.0379786747663127 -0.148916373061452 0.0841819276549324
v -0.45231847751693 -0.0276442301295628 -0.0869382231925694
v -0.0203267349283152 -0.154969749081371 0.0796990277903988
v -0.199999476056374 -0.144837525853551 0.0921377243348517
v 0.152281530974093 0.267612053408295 -0.069298771178878
v 0.124008232131252 0.179555041584398 0.018647593378644
v -0.0872335850954254 -0.173808394439194 0.0593080765909483
v 0.0606948405549081 -0.139359503689938 0.0974969862681489
v 0.249750138511465 -0.01687693069419 0.16464464440264
v 0.212556926382441 0.186280641269642 0.00959165401810825
v 0.314015918724051 -0.0846226416329766 0.101401925328346
v 0.261461505435025 0.162974471106362 0.0312494775532568
v 0.293384434803278 0.146987227533965 0.0377331414106759
v 0.2920310814383 0.162365948522704 -0.0502935716167955
v -0.386740215961377 0.048380542238634 -0.154035541016726
v -0.324773437361851 0.106864619442807 0.066921903824417
v -0.136838177449163 -0.124187793590595 0.109903893078163
v 0.198733436551189 -0.257413568267655 -0.0187059293522872
v 0.145233574628497 0.0662232265771933 0.13207317771005
v -0.0530948749974733 0.244100739182888 -0.0477581506840803
v -0.146460307053288 -0.109706520616878 0.123507462954715
v 0.257592756164098 0.195832331273746 -0.0883373309769105
v -0.0284555472572201 0.308631153538274 -0.148034602085909
v 0.360254143361838 0.0952906459676468 -0.0338180809224631
v 0.336074360845652 0.120292485364429 -0.0089166032221462
v 0.387663928027623 -0.0709375191504489 0.0228773422479663
v -0.013649898950705 0.234670593785372 -0.0375171558393926
v 0.136747721416782 -0.309922532025255 -0.0713324206897269
v -0.136829030329896 0.237260391598562 -0.052971754310152
v 0.185907345258067 -0.288832231230703 -0.0659546415907638
v 0.102190927720232 0.279785639994485 -0.0801960803696549
v 0.031915140039903 -0.336854297466114 -0.0964831096382942
v -0.428929194684634 -0.110958255261274 -0.051506503065629
v -0.231376869998865 -0.203274396839136 0.0267079197565581
v 0.258654457357383 0.196356148707201 -0.321938996717872
v -0.265455900168139 -0.214041830880531 0.0128625500294743
v 0.287948843825599 0.167928523290266 -0.0119311069966543
v -0.241998830143913 0.147403165536089 0.0560093671027881
v -0.293085300640022 0.13974533087519 0.0344384095433034
v -0.3832907511994 -0.0155109609590679 -0.168564399057729
v 0.31191510596066 -0.170876730493317 -0.0551433918436994
v -0.0905613348316678 0.213699541299973 -0.164682818244257
v -0.345536333655632 0.0877396334019614 0.0501163564618594
v -0.3752996788765 -0.0846488368506496 -0.175471627914568
v -0.0274532514805546 0.310400011095302 -0.129971230434242
v 0.200767871756267 -0.280343763629133 -0.1514348716562
v 0.424461226763817 -0.0547171368642467 -0.0449908272966071
v 0.0323637123788556 0.154991269889695 0.0429566918525125
v -0.315540879325461 -0.215699464922206 -0.106365738535777
v 0.0254635281660429 -0.247123919147661 -0.0136437891650092
v 0.271041541261458 -0.208893498359986 0.00794504420881324
v 0.165830520854104 -0.264690091020542 -0.0261337593400414
v 0.315774245811096 -0.119741169211681 0.0951038531797154
v 0.0947932839064079 -0.264979796248688 -0.0255734008548778
v -0.356134824679726 0.0698064681085014 0.0998152910984932
v -0.329809563704178 0.0934400725080453 0.14061555704363
v 0.362124778385805 -0.119109876032695 0.0239311965721058
v 0.373599296483413 -0.0120365637778217 0.0397481828315449
v -0.0804472602635765 0.165538630299706 0.0306617828402822
v -0.163881179354151 -0.234763338914097 -0.368063800423585
v 0.107873693605275 0.218703354149102 -0.0225675817810453
v 0.0234494959126815 -0.227752637849256 0.00750591765626173
v -0.162214670279358 0.175890348217922 0.0218987608770735
v 0.103498605529169 0.180487491234289 0.0191500053787271
v -0.227642693277755 0.192161209670285 0.000246250836044768
v -0.14034893795786 0.201125896460877 -0.00464066820357414
v 0.240341976396955 -0.216573349530565 0.0219811787712801
v 0.104509421239757 -0.253636866396737 -0.0176251484575334
v -0.0324514937701491 -0.235689370415486 0.000665617040807231
v 0.296949079148328 0.0472263109647723 0.117583236445825
v 0.321124770043489 0.090994961330688 0.0864111147864592
v -0.153046305593663 -0.225563568045358 0.00602450675798308
v -0.227660483151805 -0.246712982469322 -0.0910860964022415
v -0.14601080735165 0.214635162420279 -0.0200353830191986
v 0.261523539675758 -0.221159351584977 -0.121554902122054
v -0.200027242763983 0.209327112565057 -0.0185261591366569
v -0.324619078718996 -0.19213390862874 0.044067440233718
v -0.313207422727585 -0.215957142675674 -0.0173985758513604
v 0.0682771722052848 -0.32538030008781 -0.0866165894623284
v -0.189071008005909 -0.15926012643678 0.0721617203132783
v 0.15866489677657 -0.291368339847263 -0.0524716061995247
v 0.314874952876791 0.139055825558507 -0.0412607354876306
v 0.327943325696019 -0.153768631805221 -0.128642247966693
v -0.0649292399664178 0.255768386378976 -0.0624384709271735
v -0.0116196519868149 -0.257672696307953 -0.0247213515352938
v 0.184310640869482 0.26701544534856 -0.164668298314128
v -0.164745507566235 -0.221765127955146 -0.328816003755049
v 0.310565405708732 -0.171619602309338 -0.158335838459468
v 0.0354796390912543 0.253889957202291 -0.0540347375100693
v -0.460074338486782 -0.0691952390482085 -0.0732332153627961
v 0.150206376642468 0.0878267600962198 0.10970897305269
v -0.189737090300314 -0.216218867722223 0.0116300331124659
v 0.313548349543438 -0.164211565290809 0.0546288431191215
v -0.038744812486872 0.20284063655617 -0.00453962233310327
v -0.395253129006791 -0.143382995367253 -0.053176603109304
v 0.158051567173124 0.291114866452927 -0.159651228424
v 0.0755511187795823 0.318045042524067 -0.119536631013956
v -0.310322819110665 0.112243844391688 0.0831020932249567
v -0.303247290541221 0.123847064765111 0.0654684206277935
v -0.00284221187634242 -0.0788013596649774 0.154944104794255
v -0.342595554623176 -0.168216352098182 -0.16948780190263
v -0.366236898309433 0.0727505831474273 -0.137859516222184
v 0.0523350851880797 -0.305489930027082 -0.293321467866429
v -0.27977997964776 -0.238349921875739 -0.0977270888336258
v 0.187136599646156 -0.294614862769955 -0.145305476250359
v 0.191635632465953 -0.289372886507211 -0.165117824434619
v 0.151709959198296 0.295607583777186 -0.124144974001231
v -0.385056505570807 0.0501070784928049 -0.00715828658058914
v 0.287750455334492 -0.194349633834823 -0.000482983727395401
v -0.252687616140745 -0.236170088544822 -0.0134844592586267
v -0.276087127483483 -0.236127440815278 -0.0240972013981944
v 0.298182904672421 -0.184781220137328 0.017666367387392
v 0.194893924514921 0.256897278984003 -0.116491117013719
v -0.218567359605862 -0.260927962883438 -0.051402400688223
v 0.0719690907051081 -0.297761335480224 -0.0578651459432474
v -0.403249499671651 -0.136082446424231 -0.0857939582181777
v -0.377933068814348 -0.161309595409821 -0.0769187205708446
v -0.401015106588255 0.036962269579033 -0.0869359911940274
v -0.412433529493568 -0.117122502418088 -0.131317067672471
v -0.188674564002915 -0.0624877245486607 -0.290889977134516
v -0.416963011072026 -0.0842260248689846 -0.131984316025042
v -0.364084760199269 -0.174376778800283 -0.0644536051848787
v -0.122883223098248 0.242161670674199 -0.0716906386640033
v 0.318700118349525 -0.163610357858827 -0.0355037839167205
v -0.0296166775093924 -0.249539219758241 -0.0151756207377983
v 0.318704990675469 -0.164788866833871 -0.00131859781336752
v -0.164593814094978 0.216217870905616 -0.0253716054333601
v -0.413170432087059 -0.0677711954936641 -0.136980304116903
v 0.347533814263265 0.10864223730618 0.00262066331514386
v -0.234021984568249 0.200574267311763 -0.0339125539114881
v -0.143148923681217 0.178102152903598 -0.391155120239367
v 0.143469576096315 0.196468849662633 -0.398527389913131
v 0.00301824901988885 -0.226472299318966 0.00942224387308409
v -0.353141547570866 0.081387848389731 -0.00513728653517266
v -0.281825462691825 0.0992197388228254 0.168995227435484
v -0.253057379449508 0.174279284858944 0.0136193742679431
v -0.232837196244313 0.179734305456308 0.0161305986374959
v -0.392538354744277 0.0454301489290176 -0.0745640713109166
v -0.444311061832597 -0.0359980201370229 -0.10087546946902
v -0.421691582557943 0.0161828491948485 -0.101882416703014
v -0.11164165189734 -0.224026978203665 0.00829961337622121
v 0.372313139705703 -0.110150827345014 -0.0526302597346696
v 0.217408834566828 -0.265375992280677 -0.0955269528139625
v 0.125336811826214 -0.339356370528952 -0.112850237284811
v -0.317419390908795 -0.203458672336878 0.0042214958551509
v -0.384753834368521 -0.154091627980437 -0.0388718436224308
v 0.365569544045513 0.0892657709364246 -0.0492469184526894
v 0.202013866296835 -0.279771855668449 -0.304354455682176
v 0.398701208641417 -0.0842596036604724 -0.0498107410996745
v 0.163856286381007 0.213577943141485 -0.0184154551342767
v -0.0778765269177292 -0.210996065607532 0.0228908487081346
v 0.311694248145168 -0.170520698755563 -0.0182009606364288
v 0.171624690210348 0.279321647701581 -0.174537815392238
v -0.349899190279959 0.0858859833743818 -0.0753626535853139
v 0.0157659914942636 -0.326465126934382 -0.0858062979961127
v 0.381429532553715 0.0741779207613673 -0.0926128551529637
v -0.287248010710487 -0.193773871590136 -0.1494532498145
v -0.360796946819877 -0.0913918695401881 -0.19066479574907
v -0.0450685153948457 0.256607169631315 -0.0558688686577341
v -0.297588748322673 0.137479586725398 -0.0456037702847357
v -0.241225737185337 0.16845149289513 0.0311260503951172
v -0.0940803338860881 -0.187332234733648 0.0455092686137277
v 0.212495046010212 -0.269044070179048 -0.0586451331403661
v -0.166987813358438 -0.232547759630669 -0.108301910607461
v -0.0197025398464842 0.296481591196503 -0.0942590436432061
v -0.281461305588168 0.141874250716152 0.053393032448244
v 0.118814840093107 0.326695923223837 -0.174039351340919
v -0.162964539783809 0.203219220814036 -0.00623147843875232
v 0.02602493885238 0.315146437592125 -0.112827587597182
v 0.196919649964446 -0.275678319945825 -0.0489161578799599
v -0.393586311052689 0.0433440996397322 -0.119949768650634
v 0.126918147802079 -0.262841828379949 -0.365949979859311
v 0.257621301649372 -0.22567195789296 -0.0860565772441007
v -0.246062350637349 -0.1593840688771 -0.367956606921254
v 0.135710001761589 -0.346228335950058 -0.176763638735026
v 0.0338693690438202 -0.349469651256043 -0.142713277845331
v -0.327627997267885 -0.163202803500743 -0.17984978281799
v 0.301263028741992 -0.0721777092197558 -0.462943690363997
v 0.276553756736904 0.177991199422131 -0.0410935751181295
v 0.416545646935476 -0.0226238260281302 -0.00589018769518935
v 0.407524349879479 -0.0401709766582597 0.00272098604974773
v -0.033586807116357 -0.178031822221739 0.0551986593145885
v -0.100568845427702 -0.26290209001069 -0.0307089020453193
v -0.184052081377085 -0.0410407729115059 -0.304993953848636
v -0.254319156890351 -0.24611648726613 -0.0282890719555594
v -0.203682291958323 -0.0476088632634273 -0.286360736955861
v 0.347750848814926 -0.0615735130437515 0.0666928297774574
v 0.244363451891265 0.209246913254058 -0.0919251158746177
v 0.219310777868311 0.199156773107192 -0.00297748870028548
v -0.0834751380987192 0.253885868880106 -0.0790653162026694
v 0.0416618347807155 0.239037487647891 -0.0404090750258401
v -0.380500897938106 0.0566159668790561 -0.0726796809607889
v -0.0325524726877376 0.240041674195789 -0.0419970575605475
v -0.422219650982274 -0.00288010588124636 -0.123331042073913
v 0.146938840477483 0.225589847442241 -0.0286623916656433
v 0.0210666608120447 0.217194818189129 -0.370752703182936
v 0.235890418874391 -0.245189066108019 -0.127899268457697
v -0.344010923390382 0.0914053942473986 -0.0208984461645501
v -0.352550720527663 0.0834026608267082 -0.0380264992611437
v 0.181079362941727 -0.228689975002562 -0.415363555599279
v 0.204151908760459 0.237388623491037 -0.0483322689338061
v 0.0517264767122754 0.22524168240841 -0.02879299023784
v -0.00107905704441165 0.204553361820466 -0.00656176962151448
v 0.048791311969056 0.198848805893902 -0.388859149567057
v -0.197486634773282 0.108431322643202 -0.389090673578528
v -0.387774763544343 -0.151427641319421 -0.0932640847265726
v -0.409287593333594 0.0296973478576366 -0.103483148019692
v -0.320791522570961 0.113682931176295 0.0212399526298645
v 0.358594079861979 -0.12402504075948 -0.0451209136440281
v 0.147106569529171 -0.324024313640489 -0.0972755266030123
v 0.0873207429434305 0.260774326946378 -0.0609043483201064
v -0.0569695059420437 0.230542747771396 -0.391461219797911
v 0.0382388800357509 0.215137833453616 -0.370529648921084
v 0.174636821771145 -0.304609831545022 -0.312725158466469
v -0.205034526546413 -0.0665033444257602 -0.39606856995348
v -0.175260449511554 -0.228100611955937 0.00174761692536453
v 0.266235622121132 0.172133354454601 0.0162211976359732
v 0.130209756544269 -0.347865685220755 -0.142874352664528
v 0.294729068937741 -0.187101726092376 -0.109610339318668
v 0.15309440917931 0.2882158895969 -0.105964473354664
v 0.0120036930601742 0.30554434193825 -0.1033451852044
v 0.341765795188083 -0.140176961176014 -0.126488967348875
v -0.32568813136668 0.111791702400131 -0.0662971723259079
v -0.0104463940940413 -0.329571184744511 -0.128438600803835
v 0.39770089308306 0.0573181615326741 -0.0502112269137853
v 0.108490192175272 0.32248175450812 -0.133339858805022
v 0.0456574044884261 0.310027238915388 -0.10883615551642
v -0.189854033480858 0.222181728771011 -0.0482881206200621
v -0.391977800259818 0.0183334201451399 -0.160568929693387
v -0.0799810269603253 0.260145677087172 -0.0996095426976735
v 0.224473342159872 0.229107395166807 -0.111463353689113
v 0.254683774141129 0.198934707460759 -0.10770868707152
v -0.36249070479986 -0.0344464505292242 -0.189534564742234
v -0.353758606787845 -0.017015837703898 -0.197930395731877
v -0.126702224150234 -0.260525211105877 -0.0728344592878271
v 0.197192694407679 0.254204842326371 -0.155494026879393
v 0.293337553507449 0.160784863377262 -0.1122621855806
v -0.329320318216589 -0.148005096783438 -0.193694070332648
v -0.325157764508105 -0.130986967643854 -0.207220422855167
v -0.357269980287387 -0.115623158282378 -0.192768758077327
v -0.349669340845441 0.0882511817181467 -0.141671510298886
v 0.357616762653141 -0.118373848218979 0.0418430371631695
v -0.317817856874533 -0.204898588232547 -0.127287804508195
v -0.0623026392040441 -0.271468260946117 -0.102495525346098
v 0.441391976313001 0.0115516024144249 -0.0892609813976228
v 0.334162107186383 0.120781111551713 -0.142602102716923
v 0.114337589483822 -0.360227464694788 -0.180397806464751
v -0.38992369773944 0.0454577007984539 -0.0255624202064887
v -0.368876738273774 0.0172488079616385 -0.182913674032923
v -0.104058018305189 0.244187467434828 -0.0602381813878862
v -0.16400684373769 -0.260598938589795 -0.0613595111323065
v -0.0385218222251464 -0.22683833986539 -0.290895238874324
v -0.149491031152732 0.159119224875605 -0.383434315951466
v -0.0459155741984216 -0.257550921942063 -0.398792612882397
v 0.28284998061421 -0.196863502843073 0.0192093169428406
v 0.369347835270541 0.0813383706764206 0.0239435665014485
v 0.3575832971592 0.0971304651187728 0.018380482077674
v -0.0797006493650367 -0.269468470918106 -0.035112441398849
v 0.360900172853329 -0.0418330213288061 -0.438119275502541
v 0.231433380918884 0.221969113732413 -0.0965329428884401
v -0.0622957905539642 -0.200123089518555 0.0337434579092098
v -0.000184799683106406 0.244510213758142 -0.0457883647711957
v -0.376800972316721 -0.159371154654315 0.0101430749349143
v -0.292946415002418 -0.240802153941737 -0.0627365590997073
v 0.256477444365399 0.197093624725271 -0.130937189943788
v -0.10176481877283 0.218062258568574 -0.411140991281788
v 0.272736614704667 -0.209382562218179 -0.131261543983376
v -0.358893980071622 0.0767175560146866 -0.0562844711622604
v 0.282587921178237 0.171745344054207 -0.0800295866407804
v -0.303145950793928 0.131982487163634 -0.00267018848872799
v -0.355054006558851 -0.170401587939184 -0.156580848398486
v -0.390876374398169 -0.134031758391667 -0.154932011716321
v -0.203507266509106 -0.0784546991881785 -0.415219427338551
v -0.129644860727982 0.212571302677858 -0.0167890519985411
v -0.119475887500216 0.198473934731932 -0.00194652328521085
v 0.327735529089398 -0.0520614529394515 -0.460587018506249
v -0.391694486125192 -0.14829233402179 -0.114878707654937
v 0.0991838284721342 -0.321617502638128 -0.310505199893515
v 0.440558611042179 0.0380712107020344 -0.364192500115877
v -0.230728923089092 0.0839010897892755 -0.442683798964236
v 0.292601098936068 0.0188275884223132 -0.442581855784685
v 0.00785546227796327 -0.342999078815629 -0.118747075541363
v 0.229928857443509 0.0830632642502095 -0.426275551583471
v -0.0939290448537987 -0.220449454137114 0.012885328474973
v 0.284780294377836 -0.198431414207567 -0.056645164706363
v -0.17466779709467 -0.24931367033946 -0.0937663631547264
v 0.185147903776835 -0.296406214783091 -0.126229644978216
v 0.0959491298082551 -0.355337173512389 -0.129086543283091
v -0.0721112035008475 0.242358614988038 -0.049929808771393
v 0.0469686403478129 0.332292168591645 -0.136844188206701
v -0.0826432119261941 0.227392166882584 -0.0323257101867659
v 0.225771702256452 -0.254745075013291 -0.109330916914918
v 0.411815287079397 -0.0709555161607665 -0.103060827434933
v 0.2583075654579 -0.223992858589893 -0.139087784430756
v 0.400845702378746 -0.0815235427256334 -0.114605069877174
v 0.195052679469307 0.25627502578923 -0.175316476280331
v -0.311332302687049 0.124812296692589 -0.0528942920005315
v -0.300347322283343 0.137232140955789 -0.0999091665315501
v -0.380088741743486 0.0578885857756778 -0.132169225700259
v -0.2903789986165 -0.162698923862862 -0.181002974171415
v -0.391771262791526 -0.0290847199696841 -0.159413849741345
v -0.33869621403936 -0.182496003008949 -0.150411185217123
v 0.265432324266492 0.144816654270133 -0.380731264007527
v -0.182323027556929 -0.262188114077862 -0.0715407319053681
v 0.445607787267045 -0.0010175794542146 -0.0661264657264406
v -0.00790190036465362 -0.313072236935096 -0.161357801174247
v -0.251348038572089 0.181557523328249 -0.122374063502344
v -0.202901108710802 0.221555983392771 -0.0613803061666452
v -0.37674088942825 -0.13765083765066 -0.16987377612826
v -0.306995401080018 0.131412536396987 -0.159081277808904
v -0.303445537436795 -0.201476434035751 -0.13956536729857
v -0.335056382853557 -0.041447139107593 -0.216140930516891
v 0.386610568060425 -0.0199314664033524 0.025858775275288
v -0.2007152901226 0.106753550320727 -0.416238580772175
v 0.0166688950619871 0.203674762799439 -0.392435842752022
v -0.0578851095167294 -0.199049381525187 -0.269956990561367
v 0.277024881078102 -0.184027963239787 0.0506374639822215
v 0.262840000498963 -0.220409206204273 -0.038758063166886
v -0.311876387239941 -0.224394934532147 -0.0855439722134674
v -0.363512785792159 -0.156304339263646 -0.168960834547842
v -0.368638846974878 -0.105321554709315 -0.181944630545678
v 0.282818902867075 -0.197192423433407 -0.117488096154917
v 0.288166970356911 0.0385002662105046 -0.425791627810712
v 0.149294716908682 -0.248982356425227 -0.385026018337893
v -0.154164344773048 -0.24910868738947 -0.0232570178019003
v -0.373322797266235 0.0632017603157738 -0.0559849182117851
v -0.207639589266795 -0.0155334267043487 -0.311033693011164
v 0.291042720916999 -0.191449221582232 -0.075580341694692
v -0.210825374062209 -0.0617222078104307 -0.422493442024326
v 0.398854567504907 0.0553777484156991 -0.0175956207539226
v 0.428875959818834 -0.0523594027071587 -0.0620190065221543
v -0.365459848343949 0.0708112953921973 -0.0725562085394151
v -0.159359129493563 0.130625888702788 -0.382433373147353
v 0.373191792442376 -0.109881545319912 -0.0106258854659812
v 0.385294426739447 -0.097036527193846 -0.0612204159257284
v 0.219540493169461 -0.188785778904348 -0.434243797031304
v 0.359821519958608 -0.122782332164292 -0.066797727211187
v 0.360477921874562 0.0365369200976581 0.0543157549360275
v 0.384264811094055 -0.0982403571690649 -0.04102129703521
v -0.393579996269451 0.0414693111545947 -0.136594809611866
v -0.228839229697735 0.0822900768026053 0.121530754808545
v 0.113475214852546 -0.237067526366602 -0.392549254515434
v -0.372010985298662 -0.121538110181044 -0.178102084821433
v -0.215422573590422 0.0968203431884992 -0.428947548822084
v 0.177454684571535 0.189859372708216 -0.412980878045256
v 0.319361911888837 -0.00527550538004707 -0.458383998795813
v 0.316971891431206 -0.0347891578388104 -0.465642542425935
v -0.288323912419678 -0.137807929160098 -0.205962677719204
v -0.138383693224833 -0.247631022954212 -0.0905626922708401
v 0.234982575347734 0.217622817733667 -0.0726682025977262
v -0.039600111971492 -0.301322477631257 -0.111664385930281
v 0.255986581075056 -0.109166313622137 -0.452428026618972
v 0.471276583064248 -0.0626582660870386 -0.228083011356388
v -0.0160516800821781 -0.319940118238804 -0.140614531848366
v -0.301233960617636 0.134651890277406 -0.0658939991351927
v 0.332779180375241 0.1224507811578 -0.108058223361675
v 0.206589974316945 0.244485334254371 -0.168805236165562
v 0.307412209627738 0.147833564011698 -0.100465003250885
v -0.334975044419722 0.103783953113135 -0.146143132604532
v -0.322740132298156 -0.0434415601688091 -0.229781556529031
v -0.326239668690182 0.111531350666183 -0.131151516306665
v -0.357679974368333 0.0200638478499957 -0.193721387741234
v -0.0666768230961046 0.267898007317018 -0.0824156669655192
v 0.423001797320394 -0.0870567111189573 -0.249699361564836
v 0.0866999024530542 0.326002550415082 -0.131694832018336
v 0.157095607066388 0.194749472112147 -0.403565943714867
v -0.131671255186714 0.233030480998962 -0.0888424543819839
v 0.436248022225475 -0.0454468631616223 -0.102172308070922
v -0.335772441660339 0.0596698043776568 -0.215064932058844
v 0.195527016623565 -0.28584819694307 -0.135066989189604
v -0.21206788644042 -0.17584515829212 -0.327388131148167
v 0.241266026905364 -0.241751645586866 -0.1629856834557
v 0.00181820139812993 -0.288587649938529 -0.197014359913112
v 0.458451991241706 0.0438461120737233 -0.261820720742118
v 0.0128620272036066 -0.303570010950272 -0.201802959162873
v 0.296714935782022 -0.185866305593114 -0.158555770900651
v -0.208233047242644 -0.244789314703045 -0.0980100549003458
v -0.0301307515764985 -0.310796377817305 -0.0944176094656382
v -0.375342019867422 0.000491542034499487 -0.177142705929594
v -0.332864961963226 -0.0606703251006925 -0.218190430746053
v -0.339314175384278 -0.115390016414147 -0.207337916427109
v 0.166225158860571 -0.24670490877788 -0.390783442283566
v -0.152455901623182 0.144042197674898 -0.37966489762738
v -0.246496337320858 -0.154578013103768 -0.421506759522445
v 0.0925662695106533 0.197075700510989 -0.388899233750248
v -0.358178117590167 -0.0551558973655898 -0.193471351779656
v 0.143026488341521 -0.309976959628518 -0.326324383688089
v -0.0534811962965264 -0.277347167889572 -0.0554641914706126
v 0.302586904022966 0.151317346346035 -0.0386333995335574
v 0.384866348268263 0.0844524683407107 -0.371980134330618
v 0.271640315053217 -0.210553658667538 -0.109243787164177
v 0.346450386093698 -0.136297094136568 -0.0750262126610305
v -0.0964423026953018 -0.271418194924891 -0.0486726209529832
v -0.26464690306883 -0.119696289743974 -0.223559494175869
v 0.372767904766769 -0.109562462656597 -0.0940941458360138
v 0.371905185172383 -0.11042372094184 -0.0739162880575735
v 0.304478093072129 0.149304557171188 -0.142555953966971
v 0.117623967961752 -0.34920466819937 -0.127349326443482
v -0.31055936524179 -0.0532178568989975 -0.242220269076978
v 0.424354540782459 -0.057687748057565 -0.114205549814496
v -0.123115233724771 0.207135507448382 -0.407072190143572
v 0.0693576063163125 -0.359184648345353 -0.153941539590493
v 0.39745908176448 0.0572484297056889 -0.0701696070960126
v 0.410509026798399 -0.0716480680919512 -0.0818027519648171
v 0.384684101322986 -0.0977248839377147 -0.122817568228391
v 0.33569238941001 -0.14586897078544 -0.142518049351375
v 0.14359276825831 0.303525063242359 -0.145971398111157
v 0.354630525374914 0.100838399781831 -0.126847762149117
v -0.208088262667243 0.0961268197158341 -0.363749631631324
v -0.23488004280391 -0.0312138422253652 -0.444663504419692
v 0.346845342669614 0.108209715865311 -0.108615071852863
v 0.264368665999407 0.189173899229644 -0.147724531269248
v 0.465883168283461 -0.0993166621920304 -0.266045980629751
v 0.289341420951825 0.163415517667517 -0.13387945897344
v 0.0179640432552519 -0.33597049603633 -0.155310799472622
v -0.0631466414959492 0.276902684324943 -0.120840704102417
v -0.242560677686018 0.191913850849091 -0.107043727862962
v -0.0372276180091781 0.294229291782461 -0.0987292564397454
v 0.481199849959383 -0.0858093496953268 -0.262521777219555
v -0.206184824465451 0.219517701979803 -0.0797322399882287
v -0.294523053710574 -0.0507975732632101 -0.256831035993375
v 0.428649587201529 0.0239651402293998 -0.0539080521016923
v 0.221605586318772 -0.259113197716724 -0.128963962871671
v 0.352909189482975 -0.0617284840525845 -0.441683458254236
v 0.270894755429327 -0.211513298694851 -0.151534045633258
v -0.0417061223591078 0.222230670844497 -0.29651558360457
v -0.205957550180213 -0.0406421130606196 -0.371791132084274
v 0.00349684491771192 0.25069811974589 -0.333489691744747
v 0.396316265354244 -0.0862846514801264 -0.153537416121236
v -0.349783070385033 -0.039123519351555 -0.201652910333923
v -0.0449038558954318 -0.296045359139455 -0.0919891764703089
v -0.225951962559082 0.201459427350724 -0.110011759695259
v -0.285723283757999 -0.0831116203796208 -0.251891283455537
v 0.303792332434721 0.15021595915865 -0.121934116515804
v 0.321061835951639 -0.16074634256409 -0.17107213797097
v 0.500817704399596 -0.0413591263082967 -0.246554555759866
v 0.447479699871256 -0.0297524223992667 -0.11172608483478
v 0.41468581269821 0.0368131128088122 -0.0255402583245153
v 0.385091655268826 -0.097158520382036 -0.100679986072883
v 0.294007753044343 -0.187303732919752 -0.193115567473167
v -0.0437994692401423 -0.269493033286667 -0.138853644161975
v 0.437428543802651 -0.0438250989182819 -0.14662309636007
v 0.390403079360884 0.0651830153194843 -0.109352979583102
v -0.277741771667397 0.15824239240803 -0.0787666299493028
v -0.00601202877548519 0.307472411086079 -0.106416931714209
v 0.33220948293725 -0.14887472164791 -0.205975540326603
v -0.187524122456674 0.226723764515416 -0.0780945900705318
v 0.346403537443102 -0.135470248454562 -0.211929637665803
v -0.102596728069848 0.209690840300135 -0.142432544422656
v 0.248408987144819 0.204347262727235 -0.148859124269667
v 0.333583856220287 -0.148043923280998 -0.182920468649997
v -0.079523089481236 0.257136049694845 -0.138175669988461
v 0.43188754257139 -0.12049111127992 -0.356959804362735
v -0.343480358039658 0.0232488373771133 -0.208236084644877
v 0.363431806926784 -0.118615425344801 -0.109731576729365
v -0.189945116435612 -0.0987674574002042 -0.31080519663358
v -0.258038757071335 -0.103089190281611 -0.239069348179805
v -0.296891081428252 0.141499109972497 -0.13160579199235
v -0.250086209914799 -0.197735848530285 -0.145727716867517
v -0.270172088327562 -0.0940481565571325 -0.247069528335357
v 0.201619517094043 -0.2792899524252 -0.181666106455093
v 0.338359819210556 0.116039628442127 -0.162104189578869
v -0.201651030095823 -0.237623404175032 -0.382596386253974
v 0.493162417502932 -0.0753160388908576 -0.281568141269797
v 0.256812274859582 0.161324499091993 -0.38581815300955
v -0.22703892994095 -0.178445825404 -0.340972734057339
v 0.299925157323544 0.154411619128876 -0.177289929179212
v -0.226045536354322 -0.110222848086219 -0.376761950330277
v -0.243626840963973 0.0616876630177016 -0.381853374224687
v -0.221677130749501 -0.116357972838769 -0.355704155010501
v -0.0795829254853792 0.162066133803659 -0.30359997945636
v -0.0246969363170924 0.248931253022578 -0.279982181644737
v -0.379632602847468 0.0198312660119358 -0.173346002019203
v 0.176969273707285 0.27402755414637 -0.212198048914142
v -0.346352362201259 0.0717291170340786 -0.202629726296756
v -0.0163815985455722 0.236462493603585 -0.350516119926258
v -0.353600708238468 0.0798903649111671 -0.18791400717941
v 0.0923271170331851 -0.353763244286964 -0.20881621173043
v 0.441620584913048 -0.0384596332900816 -0.201832617859548
v 0.398712282227415 -0.0836779957353726 -0.133613926398379
v 0.424832100303643 -0.0571564453346526 -0.136324426561414
v 0.490219001355392 -0.0572200530797043 -0.239606519233911
v 0.158010085403335 -0.321017577550447 -0.223942603816877
v 0.12376899876226 0.322541031909346 -0.193342853672221
v 0.449456945278906 -0.0242672842858378 -0.151054012103441
v 0.485723972300515 -0.00824387992219643 -0.233938736389827
v 0.440211516691931 -0.116034891597124 -0.279686572566205
v 0.356425272821975 -0.125510860046675 -0.199988484893788
v 0.461047129239262 -0.107375026312867 -0.280239701869617
v -0.326221525729415 0.00106189580763778 -0.225674484314457
v 0.100765237471425 0.337804336343492 -0.169432576101365
v -0.249356137943797 -0.181368038734182 -0.162187517108052
v -0.170989365288696 0.183735366335061 -0.141383134584348
v -0.322816805945773 0.0656485431497904 -0.22530696659015
v -0.286820988553088 0.150560566844077 -0.144996049143715
v 0.417682125056812 -0.0648086387723793 -0.196704061871031
v 0.270019315095381 0.162248272894913 -0.373501835161851
v -0.0536223847474256 -0.258770376804953 -0.127079794253612
v 0.403386276202754 0.0526027810625163 -0.391642688863683
v -0.219649058467283 0.074711510673587 -0.327056984944487
v 0.38481231338041 -0.029621093423478 -0.416403559131642
v 0.362115295431303 0.0910396852526336 -0.178780105585045
v -0.104167497781177 0.143895814006933 -0.255377955201233
v -0.267163730874861 0.0908058766214303 -0.232779463838185
v -0.0532330413756491 0.28726899285765 -0.135265522340156
v 0.497069193224382 0.00224676989445236 -0.247594511369644
v 0.450032844514755 -0.00166908565573818 -0.155991689965674
v 0.2849256038289 -0.194591585252107 -0.142227693610661
v -0.245976062368667 -0.22457987241258 -0.114901989602447
v 0.0598835356471896 -0.339481946691858 -0.19246856303153
v 0.415240301740132 -0.00602702295468388 -0.387917539759693
v -0.214318819602159 0.157474773421535 -0.167724547505628
v 0.319533086229706 -0.161754888239075 -0.191072771488596
v 0.449718749574645 -0.103263094593784 -0.26476118506855
v 0.442652768007895 -0.0905526454656448 -0.250515088110763
v 0.258556488437709 -0.222891678518899 -0.179817867418988
v -0.270296467625843 0.165560069616764 -0.0965263878144554
v -0.376695580706358 0.0517250371837558 -0.171852881484343
v -0.0326466571480385 0.230891651696365 -0.347972346284522
v 0.0330979449350382 -0.277741055828531 -0.35525092109186
v 0.181422906856472 -0.298658901133309 -0.206798384312004
v 0.096463002039148 0.333361918902922 -0.149184901499127
v -0.327701988156935 0.108856431388395 -0.185871088047897
v 0.439103112011584 0.0162771768382465 -0.151244560915702
v 0.114669827844097 0.326883926822178 -0.153431436221166
v 0.492106764832964 0.0208514340057318 -0.257795360235591
v 0.41829256259228 -0.0644925514390461 -0.219171467323483
v 0.0220211915567205 -0.15163360478316 -0.303979283903847
v -0.250521426789002 -0.127559185921146 -0.215965288830691
v -0.0209691201296884 -0.278667049719818 -0.166969345460029
v 0.128284552174497 -0.350805320272842 -0.195159285919655
v 0.0831125394843121 -0.345737607968827 -0.226786878876324
v 0.477671980184531 -0.0836118290114551 -0.315149982148323
v 0.399755005222128 -0.113604080449111 -0.392096161259118
v 0.198174972859476 -0.273546640690774 -0.353711238445532
v 0.455144002953846 -0.116266810120385 -0.310535151045746
v 0.440920517004198 -0.12624326913701 -0.308891838689914
v -0.247342232634168 -0.175703443539077 -0.417295270609705
v 0.303117654537685 0.067519442657875 -0.392382103518684
v 0.352932501842369 -0.128767152193034 -0.300859845995736
v -0.207318633283353 0.0974483929322913 -0.233791800447049
v -0.162924815988483 0.124857207367715 -0.269953383827028
v 0.295923392564747 0.158186844853125 -0.279793791043952
v 0.33104368396162 0.122746947177894 -0.253242695644225
v 0.0124991965358147 -0.275166327902116 -0.329603325088002
v 0.267377486952859 0.186716622988437 -0.283003030407511
v 0.0983687828691424 0.238255296439247 -0.348617827479286
v 0.272386373214454 0.181077431992613 -0.22965083065067
v 0.316192888563379 0.134066483010469 -0.32320001925941
v 0.447122484642199 -0.0244411945790293 -0.209004809791085
v 0.433174914248477 0.0220814756857027 -0.108318730811195
v 0.11629781360767 -0.352737428143806 -0.212966487915364
v -0.248230539236008 -0.0372343670463065 -0.288115152307846
v 0.220001086624312 -0.260586433505796 -0.204496621437084
v 0.305624424279022 0.130179880818238 -0.342476793533995
v -0.110067871968396 0.173799470344293 -0.189968407966722
v 0.343218266738743 -0.138615881736726 -0.398084184073295
v 0.172434734483875 0.278871919849008 -0.195044338991401
v 0.209007399537645 -0.272002099508307 -0.165664169357229
v -0.135911038872339 0.198537980723832 -0.131979955199137
v 0.0781289880207558 -0.353098668422278 -0.191666424653202
v 0.187059696320334 -0.294611089978995 -0.184896279039394
v -0.0176478738194069 -0.284488226170802 -0.353896645684407
v -0.25223661625709 -0.00891984057492503 -0.458959038098504
v 0.0870823680938854 0.213047202841857 -0.371604856828456
v -0.0995321906663627 0.201096953063089 -0.159314577915189
v -0.113297476821199 0.201379300616917 -0.139578367094757
v -0.182833405898432 -0.121628008221045 -0.28136758856147
v 0.480897076127392 0.0114811614246794 -0.238247677272069
v -0.25095285894443 -0.0893763704163732 -0.252072619752622
v -0.0106835276246252 -0.268733638085316 -0.192006897770173
v -0.22448352764419 0.0697330703473506 -0.288714727987186
v -0.253976674444472 0.165540561161326 -0.157230711239967
v 0.48730335426123 -0.0805538352826798 -0.295581656688679
v -0.23851966217987 0.0316107571350059 -0.345484060091446
v 0.426477909853911 -0.128094439592104 -0.293921603959312
v 0.258141186843047 0.194960955771464 -0.1657076033259
v -0.188413340876065 0.112796415517348 -0.224987948417271
v 0.310550634595085 -0.157024443555789 -0.358950945948807
v 0.0888007738526627 -0.362279997916717 -0.149123639868946
v 0.230599027867016 0.223457320438538 -0.296235014638816
v 0.1105303580296 -0.334972005072712 -0.100542534452719
v 0.476626850989882 0.0384140180567201 -0.310158923277647
v 0.239437953952797 0.210388427923617 -0.348354624787125
v 0.461097369164975 -0.0766186284218957 -0.343501544052517
v 0.0626943485358595 0.332246432860622 -0.234441444777028
v 0.0100433744724482 0.328673045163803 -0.19974896460474
v 0.302967159467167 0.147839335693448 -0.33391502925855
v 0.459699765576436 -0.0106648864158295 -0.216971511992831
v 0.197929823409603 0.25350685851506 -0.235754458224449
v -0.26343781237719 -0.0467057050882922 -0.279111062750727
v 0.422416559060932 0.00650620647423742 -0.381261336583753
v 0.339397663747635 0.10965498959833 -0.305509535736022
v -0.108902561039169 -0.211045003634792 -0.155198240046424
v 0.374118235920819 -0.130681492561139 -0.394836162816074
v 0.0806200469617474 0.341922018323096 -0.16410766388394
v 0.159356662375459 0.290615735338826 -0.178892180162949
v 0.361244036292024 -0.120412280461274 -0.18315419722349
v -0.30132101560455 0.107609467202449 -0.210036169479874
v 0.21871565917538 0.234104740092414 -0.220783276163292
v 0.0133743230791103 -0.276826012757814 -0.243607116387766
v -0.0229738892707531 -0.248690680824803 -0.186868477339336
v -0.0691202961480255 0.264127161947324 -0.156040887362591
v -0.231222734663897 -0.0829103585939766 -0.257655884775278
v 0.416760573355791 0.0373815229560918 -0.186097768327431
v 0.0551232120242049 -0.323797931175443 -0.241224221354013
v 0.211304015193976 -0.26957297058165 -0.251850211721706
v 0.398548362681687 -0.124256064885368 -0.290948720756591
v -0.0900865449425343 0.146688718867882 -0.265263106150209
v 0.102096218166681 -0.36287755688095 -0.163786576132802
v -0.0382842621192554 -0.273282284259446 -0.333306413515792
v -0.198379439236686 -0.138142172224622 -0.20521486783152
v -0.0726418585296839 0.227756814201096 -0.191010839233386
v 0.179115242458112 -0.29462818813914 -0.333162360150448
v -0.14975360560425 0.154567133909929 -0.193955662958104
v -0.0764220297598581 -0.216299391215639 -0.293349688517035
v 0.272720410304404 0.181356570540995 -0.298229661959907
v -0.104276858321356 -0.193637718038591 -0.276807693403249
v 0.362340324925116 -0.0986937282529265 -0.422808088041754
v 0.48938486764511 -0.0266137854985312 -0.234725848400103
v 0.0427938644927754 0.265085753900051 -0.322064445753923
v -0.226343418021062 0.149617966634247 -0.175785275424531
v -0.016702342039865 0.284554975926257 -0.23508887077391
v 0.304544586041617 0.14914317440723 -0.262595366073287
v 0.215385414191677 0.236602509112773 -0.202190632962532
v -0.151421558948184 -0.221630454481799 -0.120491306997851
v -0.196863870000998 -0.169091507368461 -0.313525246976252
v -0.122200876485493 -0.19338641791747 -0.284780289087259
v 0.0121978319351595 0.33473896804643 -0.175874573089087
v -0.266058043918104 -0.0621378197416288 -0.271384762178297
v -0.291334581012831 -0.029515863792156 -0.259986324028987
v -0.232487596825077 -0.125737873910619 -0.217616530846958
v -0.234209141419753 -0.188504514700516 -0.155372917574625
v -0.168448850213057 0.122127917179811 -0.288638674283851
v -0.0187878040706372 0.263619753498484 -0.267672475888182
v 0.451706305922225 -0.0124794114031888 -0.12076549998081
v -0.0951193647217142 0.173090986079939 -0.315567865730719
v 0.47658624837192 -0.02410063445728 -0.22411654291305
v -0.0112373270016689 0.279756394253187 -0.257070803598471
v 0.117190336657973 0.232396879776748 -0.353963515464261
v 0.453862483790092 -0.0988801626020158 -0.346104684685159
v 0.144952541439082 -0.334016113532784 -0.228052628986969
v 0.133674987159938 0.313351421304083 -0.24364782511862
v 0.405744691794157 0.0227746169615537 -0.39677426911399
v 0.384771101724747 0.0962252046835867 -0.348145437979095
v -0.00928388857269928 0.318675090526026 -0.124012237921951
v 0.107260914521299 0.0401834259468731 -0.339209187212358
v -0.217300746148301 -0.0971624986302944 -0.24510816696992
v 0.155357685889926 0.29460251576917 -0.198469948041268
v 0.26118654454034 -0.208330473791086 -0.363338609674933
v -0.304489888998419 0.00434420152816084 -0.248072654750419
v -0.0230554649416693 -0.302154994796326 -0.149302898643714
v -0.211593980026701 0.171046859608535 -0.154574147217557
v 0.270934605842283 0.18278017770281 -0.210638557449367
v 0.0869658899816177 0.329343899242162 -0.242881732656622
v 0.111484174339404 0.323950431134924 -0.244272963478315
v -0.0267395374931972 -0.23280759692395 -0.200128320357044
v -0.117059425405339 0.139159685895052 -0.286624405770072
v -0.287317489596918 0.117608497350335 -0.204406526627566
v -0.0163620198164671 0.317081311510604 -0.163566162942944
v -0.321018140916358 0.117880705132922 -0.151970546681131
v -0.0537662120970209 -0.206191408913829 -0.278513536632184
v 0.00251566043445988 -0.26190444987374 -0.240285972461321
v 0.209477279460189 -0.271462006618827 -0.221071818894038
v 0.195281122693164 -0.286385945209655 -0.197750967493409
v -0.21759115834036 0.103894047019296 -0.219501811697401
v 0.164151501634788 -0.316127284664773 -0.170516902611485
v 0.185976258587352 0.266244807864249 -0.292284385326941
v 0.327325440998879 -0.153955491996223 -0.23929206827998
v 0.095834851423377 -0.334732100676333 -0.28018223005041
v -0.159382163202367 -0.156415336295796 -0.19925335891658
v -0.102139333162385 0.139266731835577 -0.275413206119926
v -0.131755247934365 -0.2162640199052 -0.331137254103521
v -0.240325039721064 0.0577067153201684 -0.269741976141709
v 0.181088497340974 -0.298529841477425 -0.284809141642843
v 0.0146402020012259 -0.26404687751892 -0.312758358383519
v 0.503494794165035 0.00254117547411432 -0.287990445215219
v -0.207197874371606 0.0886450238184116 -0.312847418048891
v -0.229579097666726 0.120834304439113 -0.203707982617854
v -0.0058693402499243 -0.333868921543801 -0.108438342844529
v 0.505305049056578 -0.0493045490928615 -0.260488635648447
v 0.414370412900219 -0.140963192311156 -0.33275887713911
v -0.198428672362565 -0.113990039770555 -0.319530632882325
v -0.193593161198885 0.104818587277358 -0.332700501364909
v -0.00249026238322801 0.32825798984028 -0.158573718149615
v -0.108963001589741 0.149537689386465 -0.307831833338536
v -0.140169047776798 -0.0608796988209176 -0.35328527961836
v -0.0858770851384322 -0.239217616074649 -0.325415641086012
v 0.490101966235141 0.0283842986034376 -0.270719969920817
v 0.155918229160345 0.272567007045633 -0.315700902239718
v -0.152467975673341 -0.169690970562043 -0.182714666232742
v 0.419734043680471 0.073404656000526 -0.293990897586072
v -0.191876921657168 -0.044205391964147 -0.357027254940922
v 0.0167972024206709 0.304784058260255 -0.255308283953508
v 0.389655316446648 0.0639019309886333 -0.28125762323509
v -0.217472012498324 -0.18032556465517 -0.162952718474879
v 0.318722192949827 -0.16247365190017 -0.276604217681239
v -0.159879379818221 -0.193278092952756 -0.151770347152011
v -0.141785970146454 -0.200254921987645 -0.149121019988635
v -0.172505779602257 0.12878665403815 -0.352221561731519
v 0.0324126009173436 0.33614146465793 -0.209270933382856
v 0.267688249705949 0.182867047617261 -0.356793508512947
v 0.298392989171476 -0.181784207844353 -0.247419693880984
v 0.207733982956116 0.213786928634238 -0.383585626157708
v 0.327428865279114 0.125956765330603 -0.214526147643369
v -0.115329388781595 0.137579071350988 -0.268834697597033
v 0.430144830727478 0.0356197137157693 -0.246292094987585
v -0.212892145126127 0.0826029549839308 -0.271359511270492
v 0.137567268392584 -0.319062361982321 -0.313749496702675
v -0.00947050537619838 -0.246677527064899 -0.235816456319411
v 0.276095376469889 -0.202985862948768 -0.239425072628104
v -0.0871492578185088 0.183452918669638 -0.210456671538308
v 0.0959955352751154 -0.361414827246259 -0.186780856432094
v -0.172586490727316 -0.140241041451863 -0.276188941110055
v 0.279171144262063 0.142382642124026 -0.368167272499632
v -0.052800245632399 0.212767031309579 -0.256348673463239
v 0.410791232462265 -0.071754533644306 -0.144438752325618
v 0.408359827979258 -0.074344310697856 -0.164792390291537
v 0.0333340032941443 -0.298807460458584 -0.25786714294709
v 0.107694381268166 -0.330150901601301 -0.296850160770737
v 0.155206152671252 -0.323442167063573 -0.281252241995335
v 0.180839892207101 -0.300966101694145 -0.263080675717165
v -0.267405134753068 0.153159204722966 -0.169719850807132
v 0.195746682505857 -0.283746152526763 -0.255927106652776
v 0.331144064335107 -0.112852661511289 -0.426804931700438
v 0.0150014732699238 0.193245845940291 0.00547884957467472
v 0.160472048208642 -0.266759557755687 -0.367208086132165
v -0.197291191863067 0.097322073416605 -0.279065602806079
v 0.460841927509997 -0.00772801247844928 -0.343594649035329
v 0.451320276169473 0.0331333466604243 -0.245460595652657
v -0.185022633917074 -0.0807837005243128 -0.339090890203501
v 0.429964498498306 0.0786282748884974 -0.307210464380947
v 0.156157415995049 0.283703905621033 -0.299272354400772
v 0.0696808742723951 0.323716331457564 -0.252847621772704
v 0.438122095118923 -0.0797856705576919 -0.366538865238926
v 0.416360701241879 -0.081210255581526 -0.386717927684643
v 0.331587916695871 0.0914375844952078 -0.357350148732943
v 0.16944591050652 -0.144938571538604 -0.394697950701886
v -0.084861763324079 -0.229092719601351 -0.307225006135607
v -0.00323766216583324 0.263817609591885 -0.301869526979995
v 0.484355768222019 -0.0327309385943804 -0.321124441401216
v -0.12508634355823 0.191735379381569 -0.333540028354995
v -0.097790196421273 0.156077115906365 -0.237917660932864
v -0.0565084862661738 -0.207625674659387 -0.211187309288623
v 0.0423828366806088 -0.301864381497959 -0.275464118976669
v 0.360040325251135 -0.120595251039327 -0.262667258202945
v 0.455115139767295 -0.0619241883721652 -0.224159124618893
v -0.181151908281612 -0.18562083690507 -0.156617127526559
v 0.346867506002669 -0.1352087509402 -0.146973934353124
v -0.0858276769519571 0.156247992404233 -0.251908433899716
v -0.258289004606851 0.0478827357594518 -0.269111366984951
v 0.019451154348478 -0.282455946479427 -0.257770453402065
v -0.25665400243044 0.0121250002390641 -0.391128073906685
v -0.0866645676608115 0.222289388122986 -0.412404375023085
v -0.124272224610176 -0.208458639265851 -0.14722543313974
v 0.452007493111227 0.0253807952655692 -0.352894821245746
v 0.255282028340248 -0.222102222231822 -0.329131826769935
v -0.237425403398343 -0.0988757118974366 -0.242806246578399
v 0.234202771280697 0.218477389567843 -0.256728065502981
v 0.0649773146916482 -0.308630660880295 -0.311023805504148
v 0.124775813739499 -0.31030722887087 -0.326381215403181
v 0.256229204579174 -0.222963501183717 -0.265607450031985
v -0.0133540502354765 -0.238118224534252 -0.250504037597686
v 0.434254084437491 0.0753487884841608 -0.344646265089381
v 0.394498265870343 0.0166428978328215 -0.407533929725027
v -0.160590741792491 -0.158414272259512 -0.271188912952295
v -0.189745713213945 -0.117849895034669 -0.302004581769544
v -0.189937059213857 -0.0805622848429155 -0.285071198448895
v 0.190893888282559 -0.288156488930723 -0.273592329072283
v 0.372945030995953 -0.00242215954965023 -0.4270260167765
v 0.387594984752005 -0.00932912921922662 -0.414461935734101
v 0.433155934036444 0.0804526360548661 -0.324657761878979
v -0.172354399621729 -0.160019893608232 -0.183776805341417
v -0.127000721214856 0.137331188475875 -0.257377264126816
v -0.17561372352878 -0.201580789733994 -0.143071200122797
v -0.188607758175142 -0.0307024057136697 -0.311536882353443
v 0.474183349325793 -0.0725415449008722 -0.327693553705461
v 0.368511969937377 -0.115886068218603 -0.409931652248845
v 0.193927262443501 0.257938562635981 -0.256208485718185
v 0.437688878062167 0.0468040493942532 -0.260625558018839
v -0.143449320284346 0.14591036175275 -0.315208845286319
v -0.207747294183391 -0.130866295809711 -0.326143030691477
v -0.0230231922169044 0.269928561675879 -0.247907443430021
v 0.0428430840752663 0.287421465216826 -0.296622174883865
v 0.0673225039125067 0.266578940239267 -0.320090752019723
v -0.302405297055728 0.0486505454114826 -0.246462971522163
v 0.345447434520167 0.0880282169042685 -0.368930472888859
v 0.12562350936977 0.314690969491677 -0.259850167849853
v 0.386334519990761 0.0668426781198819 -0.236731569582586
v -0.167508290951897 -0.176220115570534 -0.168053997353412
v -0.0764652345302407 -0.274266001540461 -0.0520352850273367
v -0.0332956431428005 -0.209102646697038 -0.259840094750048
v 0.423527294797365 -0.135730758668528 -0.316642112839841
v 0.479431844625139 0.0402977854885772 -0.282268186721554
v 0.467372587499287 -0.100465749952877 -0.3157157775547
v 0.456251292938768 -0.109581985839863 -0.330198840102172
v -0.012245417108316 -0.237875850945254 -0.268861723624042
v -0.0439720310073776 0.220283580059222 -0.319864399858735
v -0.102184157055567 0.198738138585797 -0.330217507758794
v 0.127602826700824 -0.329242326887314 -0.298570460949794
v -0.291819969763832 0.128985964315539 -0.189381955902782
v 0.248234194502913 -0.233617860465187 -0.296226113302296
v -0.287958223166965 0.0356592538300194 -0.259657694714417
v -0.00474163905728637 -0.258598382401202 -0.221010095951296
v -0.286280702918472 0.0621015785880886 -0.251093422173351
v 0.381481722554505 0.0728502311104886 -0.217416164483442
v 0.465049572714454 0.0453124960401992 -0.328242780365693
v 0.303698503476006 0.149288814549096 -0.219667150978827
v 0.255900607837696 0.197860067775504 -0.233512985026921
v 0.339363215764121 0.112780616180172 -0.200641525001602
v 0.474132070992948 0.014672876324479 -0.329642431653486
v -0.272283552842687 0.0742144592296471 -0.247158712135913
v 0.390361053966331 -0.129782430569297 -0.385902111326959
v 0.0226287216250858 -0.292480307597781 -0.236526472928524
v -0.232227380922897 -0.04520047275408 -0.287353293054709
v 0.286564571669808 0.123464748824663 -0.361361545905064
v -0.136240725586281 -0.215090398147087 -0.132823863558619
v -0.10623844085717 -0.203735794469686 -0.174494693063366
v -0.231165866326929 -0.173812845145851 -0.169736709609877
v -0.0915567590142049 -0.201669744904367 -0.204970070001149
v 0.333221171109839 -0.147985347585154 -0.272219139822072
v 0.386291999481545 -0.148312636807925 -0.333176634155661
v -0.227789467156359 0.0888486470303463 -0.234470076966134
v 0.400235913342516 0.0758584127484895 -0.297993037613365
v 0.0779306069600071 0.299206872514109 -0.285128670350533
v 0.133816993072862 0.30468254272299 -0.274309132123005
v 0.364740593381107 0.0371336041313206 -0.417959039749807
v 0.332867378398025 0.120930077251582 -0.273062362836573
v 6.55830675876669e-05 0.315193224474868 -0.214423373419739
v 0.258207334149553 0.19695264332752 -0.301070680606196
v -0.204602621690976 -0.124060910011381 -0.219754472429495
v -0.071126259423932 0.173112471890165 -0.301372244216759
v -0.0640011416121064 0.184126990439058 -0.284522487796191
v 0.450071170649958 -0.064042037491008 -0.354688681947401
v 0.473534975438008 -0.00301852743794667 -0.33105183466494
v -0.200867293473291 0.112915152361636 -0.212521481099012
v -0.0293790026555554 0.300406115498475 -0.180777151811389
v 0.053838627659294 0.252820483925815 -0.0528270629886693
v 0.342239450420234 0.111696031442455 -0.221845617475303
v -0.202547177100874 0.0938433163744614 -0.256284077770152
v 0.148140444775257 0.302082474276788 -0.258031562865416
v 0.316697946046963 0.137374196615746 -0.247684130803694
v 0.449371564691675 0.0565325385821698 -0.277553756592611
v 0.439830443858798 0.0683661934782588 -0.292810064077881
v 0.39294064966727 0.0614457484248107 -0.201093799953286
v -0.194559632737968 -0.154543743507623 -0.189169734470687
v -0.24790983917788 0.118791046393269 -0.20573746366099
v -0.256343972395413 0.129584530106242 -0.195890360044097
v -0.194945487405028 0.161168764379054 -0.163388364781608
v 0.380350667855031 0.0759018913761497 -0.297418306215805
v 0.116827167775813 0.28428999817793 -0.302197269947138
v 0.485109728490651 0.0328116019211954 -0.293252178747514
v 0.303923042265344 -0.174050093237687 -0.326927410452041
v 0.230872963308235 0.221549553372697 -0.276549986199878
v 0.269934326537588 -0.209835139342702 -0.270841345222551
v -0.182729147822451 -0.0819241639951608 -0.320198882108977
v -0.301649202653265 0.0261314218739522 -0.249533680010657
v 0.0135886327494649 -0.271697219626041 -0.275492542531089
v 0.411620521448198 -0.135090789817582 -0.304558291395815
v 0.0844227301510537 0.288892318327398 -0.297523789593579
v -0.0337652670668479 -0.217859312965958 -0.21926308933393
v 0.336849771776695 -0.141258900012022 -0.305989965398108
v 0.458612770389762 0.0599046566575999 -0.297483288106528
v -0.179108923717703 0.15312183713842 -0.171781886777632
v -0.266828106750333 -0.0307050087441072 -0.280678622656897
v 0.204908114514569 0.24652231764921 -0.271654560815854
v -0.259804715815658 0.0293289753129889 -0.278547184965485
v -0.278097579404015 0.0512596218860761 -0.259849785124544
v -0.156490470951998 0.178078420616828 -0.151361613219217
v 0.318678297925446 0.135347659184211 -0.266785570669524
v 0.443263510628175 -0.124098881859355 -0.326062119502657
v -0.14433896732763 -0.180493371316748 -0.347297437537002
v 0.300285218968585 -0.179504601303567 -0.303060679765219
v -0.0693433739646955 0.180771888698294 -0.266695737415254
v 0.369379561614821 0.0839464140698001 -0.258038764334142
v 0.0641192060577319 -0.326389995596243 -0.259722802774994
v -0.234690935488668 -0.0227807320069649 -0.293942678432389
v 0.0852264290481886 -0.338912448055997 -0.262495688757997
v -0.244961879568125 0.040540846186037 -0.285415079525712
v -0.194006070385166 -0.196780533716259 -0.386321812213921
v 0.0555380821499233 0.300076938879712 -0.282039088857395
v 0.496564652822227 0.0180300864860613 -0.287154602118151
v 0.243725348062627 0.208948594890927 -0.269500166260502
v -0.184067530737758 0.125235581820994 -0.20476839082428
v -0.309455748492448 0.124424590519887 0.0338120981724543
v -0.291827831221628 0.142683707675045 0.0109544844379774
v 0.0334280769100132 0.31262797488876 -0.256277290650811
v 0.0946705818040762 0.245784849454209 -0.0466839394182606
v 0.138924115896297 0.28394779050367 -0.303127796788002
v 0.506831717611791 -0.0422525281381304 -0.290992015104909
v -0.0357497629461069 0.27623969120788 -0.208934385909917
v 0.449061641722082 -0.118373415549523 -0.29297789906566
v -0.0146149230185984 0.304736170656302 -0.205501568461731
v 0.478150323014395 0.0368960199304108 -0.265856908819873
v -0.188715927284462 -0.242549776525886 -0.101385927109843
v 0.364014512601529 0.0888951310356492 -0.195105445370009
v -0.275284217734769 0.018598973797834 -0.271720902664316
v 0.268313986627679 0.186538732913581 -0.335771284231667
v 0.47750035313993 0.0263861394959332 -0.321089561822983
v 0.108824621467391 -0.357947190589069 -0.144774196055602
v 0.260108693565266 -0.21868644496626 -0.307547124151478
v 0.312086926963741 -0.171222745776297 -0.0866486492716927
v 0.337944002532238 -0.143361771566885 -0.228508903766813
v 0.200689642396394 -0.280832920527257 -0.0678872906696756
v 0.0942731869238223 -0.348218663825319 -0.245102074875674
v 0.237270770975627 -0.243333517858026 -0.235440123895448
v 0.0641669076847584 0.28840114926966 -0.297261916645928
v -0.0127650242726253 -0.254214942677704 -0.205771622279979
v 0.350966038118267 0.101528839621767 -0.291513810180356
v -0.0332243438558246 0.265740016526926 -0.229280904602264
v 0.281208707726171 0.172403037447194 -0.280135922333411
v -0.273770833766676 0.0364806953593443 -0.26845319381693
v 0.367637530740903 0.0864154475649385 -0.215354885354191
v 0.212036607839019 0.240476795731204 -0.237748404932453
v 0.188184879398472 0.262137689325877 -0.223127478695461
v -0.182725769163309 0.139869248960214 -0.186183221013795
v -0.195296134014724 -0.0925555418143703 -0.267268616855678
v -0.287580390726645 0.146428622460377 -0.162883212270683
v 0.346272830028094 0.107991797518609 -0.259949881573192
v -0.136868875131227 -0.171984885886422 -0.216188221170211
v -0.0741244617083264 0.201374105183668 -0.218047914649856
v -0.0620904567234705 0.234703452526237 -0.207183744822476
v 0.364903847164881 0.0859899327224139 -0.295162959054589
v 0.368789318284202 0.0864912044118256 -0.310303333327408
v -0.0925093993940113 0.155944815421509 -0.309163270958633
v 0.314568335743014 -0.166510221419132 -0.295464895624072
v 0.31155616960878 -0.168539720610164 -0.312842775110906
v -0.152859565536122 0.142596543703289 -0.215132138221162
v 0.21705083617328 0.235224628174539 -0.283672486646259
v 0.399413870362194 0.093583176807697 -0.330319707856067
v 0.184596442303449 0.236023336428726 -0.0392086015902126
v 0.149439321321616 0.300270852399913 -0.237654701562062
v 0.181502635332535 0.269356832506144 -0.241778513962749
v 0.360897380477365 0.0940916490667456 -0.146772586020616
v 0.470297129620067 0.0311722725140853 -0.249515104411341
v -0.220801935415451 -0.137068846685914 -0.206436309466222
v 0.00760355671837636 -0.337327405113495 -0.100219789868156
v 0.0244668842772105 -0.345911663011353 -0.109576023326998
v 0.304701998203008 -0.177987871363857 -0.0718852832810023
v -0.0785795434151324 0.163391079616566 -0.257781234625097
v 0.0671650727682448 -0.339545521095381 -0.100808954945459
v 0.16367433047663 0.286885105968634 -0.265730095853712
v 0.384912497873607 -0.13411795171282 -0.306885038302983
v 0.218226623611183 -0.261744653542232 -0.270688863344237
v -0.0748034099304461 0.180486781252082 -0.248516565752714
v -0.251352890260775 0.0806406877718942 -0.241833422517946
v 0.244912055864673 0.208443653416019 -0.220233328314655
v 0.360352972312938 -0.122133837352939 -0.285524698820349
v 0.103813056266365 0.320278397776757 -0.259816291674513
v -0.205579464629365 -0.030339275782743 -0.293565523280491
v -0.122650578665451 -0.182925357464509 -0.217490232379922
v 0.00793721506504098 -0.266081055499779 -0.259303681453717
v 0.324711162900255 -0.154635181414747 -0.31149306906511
v 0.280286181564398 -0.20062019175275 -0.182919195670744
v -0.0320383818785047 0.248439975793239 -0.260001792969058
v -0.068347453916088 0.188558637439392 0.00964904774446226
v -0.0882941642502211 0.191446384508746 0.00620970824960724
v -0.0506189844083581 0.192316912331281 0.00650326762340562
v 0.219184858984409 0.233115878872191 -0.260955251575262
v 0.312296340747516 0.140958006181744 -0.18350979883098
v 0.102332751514423 0.295604963409388 -0.290024360200264
v 0.252280912737961 0.200601850428085 -0.183344630381303
v -0.0325138704221422 0.290551446885145 -0.194740440532058
v -0.201317451943675 -0.181470485375457 -0.160595567114653
v -0.224726723070813 -0.110711819019682 -0.231903628210467
v 0.139695134092349 -0.340480821167489 -0.246832312244622
v -0.0877412134169709 -0.209479875820085 -0.187920245335526
v 0.0553095095791017 -0.356716549851546 -0.138149739309523
v 0.268901607900872 -0.214337911836193 -0.0904528744780784
v -0.207976192827085 -0.0868423933671821 -0.258173371878166
v 0.161627158365386 -0.312650397440825 -0.0874661917501874
v -0.183603075410153 -0.132665725992718 -0.219085638623918
v 0.234414788156572 -0.246755024747358 -0.213260339535382
v 0.426311594690761 -0.103055925656524 -0.263878919668717
v -0.198131494298414 -0.0638969937252451 -0.281088981743611
v -0.0029559492493227 -0.251744875530089 -0.255354008995975
v -0.259434393647491 0.10529869056803 -0.218352477079165
v -0.173341191060712 -0.13581916041021 -0.238874662208724
v 0.487164150146021 -0.0133485443121424 -0.317612421139434
v 0.316573004825942 0.137071250668576 -0.226650269440838
v -0.011136117388951 0.298211004314928 -0.22462455471243
v -0.126170300328832 -0.195580623159654 -0.165362784570777
v -0.0784047640736863 0.232574576918643 -0.172383264192017
v 0.317281952371608 -0.159395214243907 -0.329955210500248
v -0.0422241699294463 -0.225029031792658 -0.180907027818066
v 0.508982550814649 -0.010004960789172 -0.263815459449312
v 0.507683255901242 -0.0197964453371193 -0.291204225294768
v 0.473494731092434 -0.0207669854239882 -0.331397169117777
v 0.0489710506854705 0.344276035642964 -0.194322735448667
v 0.141104651937521 0.293558263235218 -0.290156498575286
v 0.47083950376411 0.000766501508604077 -0.227224543895184
v 0.462091442938428 0.0103894018354771 -0.342559181588728
v 0.35798327962383 0.0964163794512358 -0.249215571129781
v -0.113666391474541 -0.0316218932097848 -0.329421234527067
v 0.118935035323437 0.321723571590254 -0.228007077525001
v 0.370176836678581 0.00403718010256146 0.0432383501494139
v 0.222134861102353 -0.25856107039308 -0.221698037331246
v -0.319979338889446 0.104943372603435 -0.201616262141446
v 0.232580783142611 0.220682938125236 -0.224829344195757
v 0.50401125060744 -0.0583612610201055 -0.276040071306872
v -0.068267622931909 0.252796979094966 -0.171879718048978
v -0.014870246487499 0.320333787452528 -0.144436122441588
v -0.0751629103661116 -0.226827009343724 0.00747837171224622
v -0.277620857397762 0.00022210727617224 -0.27171868059944
v -0.199202031394545 0.129887287448058 -0.194356681775456
v -0.140899918491395 0.176964846788356 -0.162850602307042
v 0.335252255437387 0.0594685755177436 0.0799149185129726
v 0.361482310073978 0.0569521745306836 0.052469508103696
v -0.0463673760308798 -0.20053286482709 -0.251158669972615
v 0.34752214326982 0.0470304940466862 0.0680825926088227
v 0.262284563718479 0.191273600762109 -0.196926542098499
v -0.0926782619886549 -0.233312131510745 -0.130036489358341
v -0.310662442035333 0.0788442021565417 -0.22875165444439
v -0.0613484395435901 -0.195322216316193 -0.246230672320207
v -0.095556074334355 -0.236456902241005 -0.00254048216774017
v 0.325053666869616 -0.157550840141529 -0.0550873862179089
v 0.199990602945432 -0.28107453469022 -0.236056408038664
v 0.253110821847481 -0.225375664646804 -0.242244929708659
v 0.334888401018191 0.0382378026843091 0.0801061898169064
v -0.0738611343064407 -0.226181330974309 -0.156825129330009
v -0.296750382564698 0.0707189454253364 -0.241842340664676
v -0.287115424340882 0.0872353743165872 -0.233283424804685
v -0.0190756671538116 -0.227989212391792 -0.275173200277914
v 0.339479992711976 -0.143210313605675 -0.0231114510710319
v 0.0203527240888279 -0.278177926163215 -0.294195582447793
v 0.0822381843733897 -0.316150730263398 -0.310663120074569
v 0.224561330889529 -0.254910238133873 -0.291309070813088
v 0.157808133681628 -0.313612529446141 -0.311795090647463
v -0.261430975049524 0.00923601940242014 -0.283060092575908
v 0.387036267873298 -0.0950302176342127 -0.259046788369379
v 0.373747478819133 -0.107099051509433 -0.253134970114857
v 0.353445479997863 -0.128512112493691 -0.228994075096067
v 0.34859678247122 -0.133135143528984 -0.247682458256787
v 0.442107400541364 0.0220059935151707 -0.230684436204518
v -0.0232152521716241 0.289778273144095 -0.213823407344113
v 0.153301750580652 0.293920642779869 -0.277921224206399
v -0.142248172447693 -0.170328059901333 -0.197923355491371
v -0.0452404215558582 -0.238459122371991 -0.298007233168213
v -0.2362875497596 0.0552669899158798 -0.285174537496854
v 0.275787083860802 -0.202338090966991 -0.312929732480457
v 0.380478397896588 0.0953054174533008 -0.331959215665358
v 0.0905611866910386 0.266545071281004 -0.319935153414067
v -0.249994608766487 -0.166473758506256 -0.1768034160307
v 0.0636077983939039 0.234306307930547 -0.350467212534553
v -0.0246051266092795 -0.266587971292444 -0.321099975906577
v 0.296894786029841 -0.120451404326162 -0.426374486584036
v 0.333862691712874 -0.149082381734854 -0.0853628907942364
v -0.175210863391634 -0.243856065739877 -0.013942590194454
v 0.350916801423232 0.104963485043191 -0.0184046168593499
v 0.217783599241788 -0.261174317170018 -0.308740574626488
v -0.198005072701301 0.0701489849217548 0.130706155931185
v -0.233990255182794 -0.0230703372956892 -0.389764454262462
v 0.235055580428991 0.185255240413636 -0.401367573358548
v -0.380770421034026 0.0411527839852441 0.305585607432505
v 0.125550485483623 0.197084342851406 -0.393374417597753
v 0.335723463228886 -0.0631248524025087 -0.452574082111633
v -0.151468173095218 0.158506768725634 -0.33842426055917
v -0.129002947918338 0.148274183061251 -0.308969486196955
v -0.0543710477394969 0.206904781260038 -0.311545363323366
v 0.264384819645481 0.10417769591238 -0.38210852277609
v 0.383987032419149 0.0121717194824994 -0.416721129784056
v 0.328467225340874 0.0468368195345146 -0.414591437438339
v -0.154722366549306 0.144948133880647 -0.329359504313246
v 0.0594771216491429 -0.296377170915524 -0.325225643377876
v 0.0143205275957478 -0.0658962735474742 -0.264909069742723
v 0.11362216701328 -0.0377755029495693 -0.344838686620325
v 0.423080414453714 -0.0593650861952684 -0.0937581263500174
v -0.204707061188796 0.185492275773318 -0.139521158554432
v 0.0700699420742546 0.0895230515035471 -0.31128081851504
v 0.256672603980291 -0.212902456799433 -0.37998793179968
v 0.153231182072873 0.279108080725111 -0.0864626163471893
v -0.105209564639923 -0.201672615771878 -0.350249218405776
v 0.41884841049684 0.0367592218876608 -0.10247781309242
v -0.182307383122225 0.212164710143429 -0.11168317323231
v 0.0951287498619762 -0.0728579109328924 -0.327648469145114
v 0.211254600858484 0.0498145543972532 -0.427163930443003
v -0.135549761168272 -0.206867499899278 -0.310964360441087
v -0.216404597391626 -0.218271055014152 -0.34836816747039
v 0.244117699459277 0.19384844105181 -0.381846661591254
v -0.180780669625091 0.0527572112124124 0.439961704309582
v -0.0701760567354154 0.197166442873235 -0.317817346240668
v -0.203056836158118 -0.0801666468477339 -0.39267614595811
v -0.233560540484277 -0.125681621603343 -0.36840566371828
v 0.43314229097192 -0.0382002678555442 -0.370711764060453
v 0.184263769293188 -0.242839857120456 -0.398863545895747
v -0.119767153322055 0.0935679971234121 0.335127544147258
v -0.367139900675827 -0.247798706069955 0.078552469704403
v -0.0321180970178081 -0.247333253539078 -0.168033111927789
v 0.0733746002403155 -0.338156548548311 -0.241996279317932
v -0.16834355177926 0.125271886311012 -0.389967572736937
v -0.18345722712816 -0.136071607186442 0.0965748428300484
v 0.14192248828353 0.00446742449200379 0.193671846833315
v 0.0896428523806465 0.290986098759582 -0.0920557628314943
v -0.243087722980944 -0.169401674102669 0.0709418111114161
v 0.0357026562973941 -0.0707932028475218 0.164719434200241
v -0.0216848237440977 0.10953173928777 0.0877420751192682
v 0.0241185833792228 0.20258501959119 -0.00475872126930096
v -0.308859933896552 -0.189441922142088 0.0479186515866918
v 0.298399328012549 -0.184599784291857 -0.0897527332107945
v 0.346907209709522 -0.135777486698938 -0.0552089148037562
v -0.386340041463435 -0.153255633519141 0.0257542899970417
v 0.257782856344579 0.128205298193817 -0.387534340289118
v 0.102248070673409 -0.344790522858037 -0.113378276442454
v 0.446951516101396 -0.0211845706386412 -0.066508427993145
v -0.266349815677925 -0.203553508277717 -0.139232728605382
v 0.268082411861034 0.185380388916938 -0.179246236323297
v 0.269120143109969 0.18455829112843 -0.316742469334339
v 0.364384096595019 -0.148424744344461 -0.344707514181562
v 0.144185305671488 -0.257229637092829 -0.373263034145797
v -0.0718938840397349 0.218628322819408 -0.340419836981492
v -0.101694062451407 0.223210286075948 -0.371416325902055
v -0.14187586472659 -0.183770612022467 -0.282875072560384
v 0.286400250849672 0.166936957241374 -0.29342046580854
v 0.242039142897422 -0.238484733012382 -0.199991938385973
v 0.467115262363584 -0.105700778513299 -0.298896343199033
v 0.137382860444216 -0.270711384887821 -0.360244070152386
v -0.195300049280513 -0.199630251663634 -0.144709266650218
v 0.0338392427683369 0.230180523409137 -0.354647277251154
v -0.0846475116309425 -0.205820172805836 -0.287929128786359
v 0.224137597431799 0.223865023534774 -0.352435828077283
v 0.202298340820177 0.250307033295326 -0.292393174018682
v 0.328064140938152 -0.152783005277811 -0.29091612975309
v -0.0632035914849883 0.190615615104681 -0.303476931341955
v 0.356320327960314 0.0978766113550159 -0.22846729610316
v -0.035095898006647 0.234472955277011 -0.277280529373707
v 0.447013804001165 -0.0304490541954581 -0.357260592424848
v 0.170489572518771 -0.312799644088422 -0.250864761638841
v -0.236519705413881 -0.118449558877518 -0.403998839472825
v -0.230709477323389 0.0598705469868786 -0.323897273306497
v 0.240356127581804 0.212729862546704 -0.239575334865285
v -0.0044210317754484 -0.267827897821555 -0.322405115143947
v 0.117365659724844 -0.298123857309312 -0.336883850799496
v -0.0360318048853159 -0.210294849352585 -0.237770298904425
v -0.279550032100883 0.141955438836597 -0.179213082017783
v 0.0712996218294747 -0.165918624564922 -0.324575604262388
v -0.106507578325264 -0.19790210621675 -0.193658967363503
v -0.139440943897879 -0.196510365864098 -0.297308276108555
v -0.17957383523576 -0.137377415667935 -0.292959045258047
v -0.18803713140217 -0.111983028135157 -0.264573502632093
v 0.395435833283134 0.0578510877978443 -0.221966427503441
v 0.168009369344272 -0.310166848236323 -0.295125125921787
v -0.24643021062366 0.0187034212901714 -0.29220826709988
v 0.491120237940316 0.0177562988058645 -0.303202473891823
v 0.282510923089458 -0.19756843021266 -0.278324635298778
v -0.187900583690027 -0.119863856780299 -0.240168254634693
v 0.283103404101076 0.169628185951259 -0.172520929509971
v 0.413496284783283 0.0409103166452832 -0.165170973864498
v 0.0133610560282978 -0.290825141990661 -0.215959198859288
v -0.0618195310531646 -0.213164525729559 -0.193992163881806
v 0.259038598835677 -0.220684624694612 -0.286908395972618
v 0.293625739141813 0.158968816993408 -0.157080858822547
v 0.324353386095374 0.128497635858097 -0.173752557883934
v 0.420795917078509 0.032407749493566 -0.20868062366142
v -0.124288937050612 0.160023009439653 -0.207639434486184
v 0.305351273718168 -0.175246538228653 -0.224565946159257
v 0.0816301019190209 -0.350010137647834 -0.11375692809668
v -0.00331282244897059 -0.326685541286173 -0.0890844262658455
v -0.13126241045395 -0.247990401891929 -0.0223117308363589
v 0.272476761665881 0.178403623853511 -0.00167448441365948
v -0.142411913675964 -0.258687952034008 -0.0573863862789866
v -0.135486379393278 0.188249866582587 -0.146476344901508
v -0.29264431395368 0.143711122707218 -0.0811061447477612
v 0.378112589783336 -0.0328725634635909 0.0351098701345305
v -0.299705210465621 -0.227368444155258 -0.0283595906708609
v -0.193319160020743 -0.233068488794715 -0.00481996441787112
v -0.33660043146453 -0.202284102023648 -0.0713323390953147
v 0.0219391643249854 -0.264541202295328 -0.0279142919738751
v 0.00222041771447481 -0.306817458191 -0.182272510804616
v 0.245731545362854 0.174075292009044 0.0210724538501358
v -0.40482489113806 0.0283944651511686 -0.12636123996506
v 0.392868408495075 -0.0877337441533378 -0.00731993619185491
v -0.0447544139699333 -0.204652615518961 0.0288998355581808
v -0.360520492533406 0.0744842092542008 -0.019789220949993
v 0.159088677017256 -0.319809731566432 -0.151679468327731
v 0.358423712947545 0.0898408906660451 0.0382820987247464
v 0.213204688128975 0.239666584448735 -0.335476662779721
v 0.345324958821246 0.00510086744146734 0.0691286637894731
v -0.0395890138006683 -0.163855064687673 -0.313066614354607
v 0.168309121713157 -0.0656982112331738 -0.394975257233981
v 0.190407481013077 0.261348218309142 -0.203413060762935
v -0.0795759221759017 0.198367272715319 -0.392775145663659
v -0.374887504382548 -0.110795616535713 0.353481676977005
v -0.0271530812871533 0.165746380733879 0.4638862124812
v 0.00865598374589448 -0.32123057716316 -0.169914567658183
v -0.11905163451202 0.282283191062504 0.418534066330714
v -0.287437173274992 -0.0987700281391662 -0.241012134156744
v -0.17285882128104 0.180175240747976 0.371396186025539
v 0.376205018014654 -0.0876573468999512 0.0334325689335709
v -0.205119679203264 0.215933060779142 -0.0422431558403266
v -0.241259374623964 0.19530433597857 -0.0500184361165469
v 0.133058324905023 0.314394435037885 -0.179666274339055
v -0.133452726180058 0.195256815114784 -0.400635618088396
v -0.088493197764817 0.191050082526581 -0.321550537509142
v 0.076230568819984 0.277399209392308 -0.310002744914725
v 0.192285246627641 0.260953022947008 -0.308979737119421
v -0.457418572420794 -0.0593774135972586 0.069708428994693
v 0.317770409530203 -0.15240531710006 0.0687755983140734
v -0.379761452281597 -0.150297091521113 -0.154775432527613
v 0.0290710572940767 0.226718534413872 -0.0303014319513231
v 0.0507944392770395 -0.317544813337203 -0.0771651313083476
v 0.376704258148669 0.0777949719611563 -0.145433030786023
v -0.0484903052658406 0.270676932883263 -0.0703412294501627
v 0.344514765179961 -0.134471250169802 0.0499357690316192
v -0.0314401501318681 -0.262366842720592 -0.0303784676531395
v -0.145155883490534 -0.212139093212309 0.0203066008484151
v -0.325681372995269 -0.211795945596229 -0.0867916393290841
v 0.0921919832005852 0.229749078183563 -0.0321015384399433
v -0.381469095317519 0.0529160348461231 0.00884525152942879
v 0.348883974552894 0.103702528702811 0.0386765658462187
v -0.395589556769409 -0.0476909710034618 -0.155031081420257
v -0.105057753790862 0.226995464199778 -0.0316519492735238
v 0.306175831606065 -0.17522266617752 0.0373419091089401
v -0.0442464442018222 -0.129399762046762 -0.284302371974508
v 0.174497161053503 0.227828864114157 -0.364228352003497
v 0.335318469842716 0.0287534835285069 -0.429896392428958
v -0.266265681731397 0.0216491286593382 -0.441973720632156
v 0.448590062328066 -0.00514279787758709 -0.17664970226691
v 0.169577334925459 -0.0566881681064299 0.182519280434375
v -0.337749954595402 0.0998174097613394 -0.0921548637956253
v -0.0542579216988335 -0.23024213769006 0.00420046841604487
v 0.331346717375401 0.122510729045903 -0.0751798210973364
v 0.239504612377746 -0.241362390267639 -0.0525785634387027
v -0.109562310909714 -0.186780761635686 -0.230982177140636
v 0.413527328698141 -0.0691719509605852 -0.125980443014556
v -0.0530790800003551 0.250056515286061 -0.206536700311805
v 0.336871178642665 -0.146433037047219 0.0327711931359354
v -0.300794484109815 -0.215095880256712 -0.121520797203846
v -0.193279784237373 0.188286980800998 0.0103921048803317
v -0.401853615661333 0.00690034898535803 -0.150409074815373
v 0.393222495017007 0.0567062832152496 0.000985360800535929
v 0.198807771045962 -0.28316863573624 -0.117048887562464
v -0.334168297829342 0.103053809468717 -0.0559868092885547
v -0.331240031506104 -0.098017240826491 -0.217036959148044
v -0.39284901068544 -0.144458298734954 -0.135395660009482
v -0.0960421941270368 -0.202625859361109 0.0300932722547863
v 0.368718063722429 0.0870177019564747 -0.0177901174594981
v 0.371452543084734 0.0835095857141323 0.00282255597246599
v -0.151775109775986 0.227805476283126 -0.0916978361131783
v 0.323705429200314 0.125725317729142 0.0442302404946992
v -0.00892594719444569 0.272290553717861 -0.0694550158444386
v 0.33418674072767 0.015621743034432 0.0805502592130943
v 0.347732359363121 0.0910884293114026 0.0587484970028343
v 0.420469321655999 -0.0392078596031677 -0.0149724695844436
v 0.128729397235772 0.217749716870749 -0.0223207288140357
v -0.159398745183228 -0.257914867244177 -0.0424598979026956
v 0.41052582625681 0.0442800834505438 -0.0840323352530709
v -0.127588857636748 0.22628296792385 -0.0323365473471685
v -0.199301835529642 -0.0437312102202088 0.299050845692424
v 0.338648286331683 0.115238028417178 -0.0572597838908317
v 0.227917615925186 0.209554506450225 -0.0161061415059851
v 0.0360385010542391 -0.293228927903687 -0.292828763397163
v 0.23285209903169 -0.247332917359613 -0.0711454033571246
v -0.35409570323012 -0.183865951587357 -0.120089626102047
v 0.323984224277308 -0.159455088092182 -0.0958383342170672
v -0.344988612947447 0.0894203393094906 0.0146606386013864
v -0.288480007968365 -0.238867003630141 -0.0406597204763146
v -0.256187040053145 -0.25670175873943 -0.0465612725186868
v 0.346543752070069 0.0263318029874797 0.0684694380529065
v -0.396751395765922 0.0391759919242972 -0.0449324431579138
v 0.220150420671796 0.224478787710522 -0.0430621597958695
v 0.00297877501252372 -0.315355811124217 -0.074278575397508
v 0.278606592548688 -0.204581647409878 -0.0405269229801497
v 0.330621890026674 -0.150193686921863 0.0523809183200741
v -0.0796957166340932 -0.196348618871408 0.0373507165370655
v -0.216113385949964 -0.252694868791323 -0.0292881089115995
v 0.353289278353193 -0.0776412293098909 0.0612676334459619
v -0.218807649689523 -0.0154702408057493 -0.298787258523833
v -0.342710322384885 0.0962645260057651 -0.110938202899204
v -0.14723164666186 -0.186522609273718 -0.164227803458567
v 0.0607122430156539 0.238677948353791 -0.0394158093279035
v 0.157694340971891 -0.294266190139037 -0.343292186770345
v -0.077578175692766 -0.193067744044416 -0.238165087450909
v 0.288857372683804 0.164748193045725 -0.191438204794719
v -0.273075507431296 -0.247866756768123 -0.0390894502163615
v -0.274061605201349 0.152613115807426 0.0395913799735892
v -0.368170674159572 -0.0162699725109176 -0.183885527577527
v -0.139981093378602 -0.237317633197179 -0.00869758503146629
v -0.350409435935317 0.0833242358874608 0.0321690723235662
v -0.375758225537148 -0.163966780304925 -0.0949411236091531
v -0.112131714093169 0.214268399195703 -0.01828996798136
v 0.336701386616343 0.109516126450908 0.0549835252065307
v -0.274574868152444 0.159291147892515 -0.017783192071406
v -0.337696353578619 0.0757572334555425 0.363652512244952
v -0.21119033712061 0.236047558298126 0.397066716806635
v -0.213217677940071 -0.156329769373465 0.116380328496427
v 0.275253222460515 0.117702291037161 0.0812834285157797
v -0.109878077054464 0.0406414297757881 0.158047985967945
v -0.225801775450976 0.062376419748241 0.151624032197006
v 0.00591218888794306 0.0543123827146809 0.141474042562738
v -0.298057704836405 -0.231636428655443 0.0785721671295104
v -0.141646142790374 -0.0755026660474242 0.198465330715684
v -0.432344976440803 -0.10880442170189 0.062255182496903
v -0.05333659496883 0.121055485548144 0.429955983056897
v -0.464418152092312 -0.0406360213578858 0.170763575822854
v -0.197200130614441 0.0702016129915467 0.316329126314192
v 0.233402708311943 0.147721243100546 0.0502221774383548
v -0.46020276393084 -0.0289023495217435 -0.0282276931439581
v -0.0414018590949423 0.0259398549091002 0.164838439829015
v -0.404118996022589 -0.022012683085216 0.3404329185408
v 0.0101272716910564 -0.0881125851310291 0.146169253732785
v 0.161054381636882 -0.0424308103643923 0.194720870463861
v -0.350970293732324 0.0750751265851613 0.309395459782748
v -0.331430162804085 0.103594266847343 0.321988945133893
v -0.118468000843386 0.305051291496577 0.423065554991059
v -0.459989896861314 -0.0354057008554092 -0.0685394087991773
v -0.248303123847093 0.1430410146044 0.452168145446153
v -0.244862671137674 -0.175917931926528 0.29971774718222
v -0.475184506040041 -0.184096167223745 0.146245023737085
v -0.173241978770113 0.260785539030752 0.482377020913898
v -0.118825083763828 0.0917107253066043 0.434498449525314
v 0.210561252541935 -0.195486022446652 0.0419905968256997
v -0.47093749262222 -0.146787354356681 0.213702911766846
v -0.138478878381565 0.135265802423678 0.385871280461863
v -0.245487230389364 0.213553299446751 0.35293215644188
v 0.0170631397248818 0.178047275262878 0.0206919132544262
v -0.42368317181314 0.00347172446275708 0.114144364300786
v -0.467152050643171 -0.0830530924067125 0.276177548602246
v -0.0183683980581536 0.130717852258689 0.406124697277151
v -0.156470634315136 0.272538199595061 0.49304690224777
v -0.139703883977106 0.0593214896634634 0.426413537922858
v -0.231027241918356 0.108765089528905 0.341623802595992
v -0.0817810816238809 0.116647870034707 0.0809057188833113
v -0.449382742489271 -0.157421426450154 0.0865860661847203
v -0.0252649018420676 0.195958859020833 0.509491169011502
v -0.153103623640004 -0.0966806543294893 0.141923484367469
v -0.356277418736359 -0.183893655708566 0.0312106935450959
v 0.221119364813798 0.158536276074286 0.0392840119785195
v -0.409224515589095 0.0155399526069169 0.0611448206562157
v -0.440151695770788 -0.224066469196453 0.0895226653113472
v 0.167749059819508 0.0643246059207863 0.13456322142622
v -0.430469094585943 -0.103649266669036 0.0222664028265006
v -0.046184346222415 0.109013106173487 0.0884990002506478
v -0.173180422673736 0.0518724785931563 0.289910467294783
v -0.375273457654354 -0.258967826803095 0.0929491604529899
v -0.298153083384448 0.0990409059004517 0.244447732024346
v 0.293170818844282 0.115654315940748 0.0809637281212694
v 0.10705960761796 0.0659415502415263 0.132844188812177
v 0.165890368208566 -0.0728563572630612 0.165702013005222
v -0.217472567825352 -0.0726242189167016 0.320350860114088
v -0.464718256452013 -0.0403981626582229 0.096406594803213
v -0.341685321827077 0.0840052727481967 0.105593375193257
v -0.100147187091868 0.246348102779022 0.480070485961201
v -0.251070529699707 0.188265594993077 0.424446785968401
v -0.0792505588704474 0.0781499518331518 0.401768385308022
v -0.192323427772998 0.0406775431181713 0.425088320646061
v -0.19286330319456 -0.0733881415919352 0.277817448770876
v -0.128942791807693 -0.0589147905251957 0.189704502938673
v -0.395178689048508 -0.216882115831412 0.058426281549286
v -0.183532087618994 -0.126448705740283 0.152965173164127
v -0.345695373611708 -0.169120545676206 0.317511787905226
v -0.20869973018636 0.130885100165674 0.383912229489052
v -0.0940264775205076 0.0533999413679995 0.374059115688995
v -0.0576913504070589 -0.112227333096512 0.120972130936843
v -0.11262642311103 0.165188862090699 0.499658126670548
v 0.155725003347356 -0.188659568329939 0.0503200935264569
v 0.207513290070604 -0.247097561382103 -0.00648505625312625
v 0.0878032985100671 0.0144753541841894 0.183828862544896
v -0.197058692543416 0.142965732153688 0.397236170030212
v 0.078823055908956 -0.133664534256608 0.103375568460985
v -0.395155937012441 -0.173847178723979 0.307872011581927
v -0.125355789646807 0.107018176591113 0.50246528009081
v -0.2143228044094 0.173721589856127 0.484236201478716
v -0.0758903366696458 0.0320811674192513 0.163396678410098
v -0.284741861119686 0.155058349165281 0.39000904608375
v 0.0325335549721873 -0.121369479087908 0.114234748159243
v -0.332428210398844 0.0914814004578672 0.191944594767072
v -0.176331088423787 0.00458516263593633 0.277940551672672
v -0.105074816106145 0.013549481585754 0.182764409881754
v -0.217365046513514 0.0467863906465477 0.293604434820202
v 0.0961969921235218 0.166899363170503 0.0329010709545239
v 0.0187547531305341 0.0669745214370626 0.129234021726864
v 0.167523284795623 0.125287610883815 0.0739545126367701
v 0.28588702674677 0.164076751179329 0.010037478675789
v -0.325827771163581 -0.153097657480584 0.333541564674847
v -0.258555880985996 0.0181583349941258 0.345551614783521
v 0.036481389762834 -0.157686319371368 0.0785116172202582
v -0.25126277140553 -0.184599132759367 0.238553280737959
v -0.245006090137942 0.0951031015546296 0.354420902001999
v -0.26447553920643 -0.20041323034706 0.205392909931542
v 0.128329038408543 0.150654969727648 0.047794773541236
v -0.117159554684897 -0.00240253760109377 0.193578752466945
v -0.392741158699903 0.0264677074327741 0.264800938576397
v -0.31140842373201 0.0996052251163978 0.225471106419247
v 0.0933753837849396 -0.204112226806703 0.0338271908836085
v -0.237659165750375 -0.152549552667362 0.325656985101017
v -0.20829250705908 0.257575312716919 0.375390324484489
v -0.192447725944265 0.0911345380884739 0.365949978457469
v -0.444750512901931 -0.0279915740349511 0.0679813807834782
v -0.369823609236544 0.0523762523312341 0.235614572490262
v -0.259716272803315 0.081315578338305 0.310878518314648
v 0.124339267775323 -0.236654437820358 -0.00127543163667982
v -0.21211352213429 -0.0302047870646568 0.342136005114859
v -0.431163974308848 -0.0999885887732807 0.0485181473567235
v -0.412490531714637 -0.0895412369759861 0.333333481911646
v -0.261131004660589 -0.171728140648011 0.0625684085099066
v 0.181534022652572 -0.257572913411982 -0.378057109952403
v -0.158366836499622 0.0262737239812466 0.17110433641421
v -0.0751447139372725 0.296551965957441 0.526905863154465
v -0.291328516954747 -0.154465350513471 0.333354762790186
v -0.221658411867735 -0.129879683033219 0.314890565423059
v 0.244270434973805 0.0724407335696393 0.126250900901651
v -0.0447707094519422 0.182026795452964 0.432458929057424
v -0.154878563987273 0.162153793788542 0.0361963115947416
v -0.400228979729262 0.0235329597134352 0.203767002706687
v 0.248009020067338 -0.234819995394629 -0.0359348445248406
v -0.44585755719796 -0.22480955812068 0.117375081251918
v 0.260948922183861 0.12695653209174 0.0716221801206503
v -0.212676823254457 0.18613433396885 0.324507832972455
v -0.184487978320222 0.156375701950063 0.425981512147562
v -0.142632230645627 0.226370133818569 0.398507693953041
v -0.117170306856163 0.0262244893349296 0.17178624946323
v -0.389157047584559 -0.197665283492219 0.0476108148343549
v -0.0789848582023975 0.199832318412186 0.484671515085972
v -0.320318580564401 -0.0236994824282467 0.358889775810117
v -0.480350380528365 -0.111576506604522 0.113984563131508
v -0.082514847710701 0.0143317601630269 0.180403922021215
v -0.385506345979346 0.0407258661263988 0.147188709000336
v -0.147883416261139 0.260976982113057 0.558115388849954
v -0.423137416493448 0.00961025204449057 -0.000784100541037122
v 0.292627191706489 -0.102060240124733 0.118630056089735
v -0.361312754696894 -0.176399707041211 -0.0132303643708709
v -0.388325610924375 -0.150195511279389 -0.0186179658943759
v -0.169358418980852 0.080458092832882 0.460874935119988
v -0.278298423444696 0.166093127078812 0.350075100810826
v -0.156255073855639 -0.037106818291215 0.234381512250192
v -0.146528605967398 -0.167928440257189 0.0650386280260945
v -0.336592929409353 -0.108084645215842 0.368990022888427
v -0.400274240752647 0.0252984462537124 0.171409890020751
v 0.023876594676925 0.121586535591875 0.0759681584239989
v -0.386991037754543 -0.162233363054128 0.0362182727652754
v -0.327801738183193 -0.203652203691527 0.0523212343555406
v 0.192527916442844 0.143379470264733 0.0546382715587131
v -0.270438785207969 0.163845513240062 0.375322331601958
v -0.0490090287332411 -0.0646950172999899 0.163803564876735
v -0.308327189555764 -0.224068755728834 0.0685180631249749
v -0.203319300725794 0.187315111230594 0.496418471503268
v -0.170968377645122 0.24105783525991 0.36877596965553
v 0.103924612854502 -0.0107536196797902 0.202206155000148
v -0.168858748929583 0.0652929711963609 0.454973493825282
v -0.215229832674044 0.0408432699798986 0.276396450150824
v -0.101929855997187 -0.0650317695022841 0.172014889619626
v -0.124570404718721 0.260786386809716 0.41499613006045
v -0.222985426882249 0.144678912711967 0.0578361098100189
v -0.138529269836157 0.0225136190483463 0.366224432882735
v 0.0138594348354197 -0.0458897060536029 0.184847187705858
v -0.136522747436427 -0.0339347081317177 0.211181313008262
v -0.457463977060586 -0.0766055901228745 -0.00487220259887108
v 0.179747530654714 -0.0655022838083113 0.173328551577776
v -0.136657511258029 0.0608730795204196 0.402994514698
v -0.457106536822903 -0.0789454766490116 0.296812069523355
v -0.242725117737262 -0.184443221816451 0.15543839493133
v -0.239687240520781 -0.182785443371756 0.139035957474694
v -0.429202801273105 -0.13401393783902 0.309873001322039
v -0.101200404224225 0.0696198756730456 0.129215359405039
v 0.166454826409061 0.16774975704617 0.0306163243484971
v 0.0814598875580985 0.100401086371567 0.097714468001288
v -0.112655288248078 0.232819490519094 0.46368895060282
v -0.180643062546455 0.00645921141762248 0.384503661024724
v -0.116277406784366 0.250583795684399 0.429451186969641
v -0.41151594235206 -0.139388554172478 0.320820326095262
v -0.0957628054558983 0.29526311171855 0.520708658470203
v 0.0973134957492507 -0.0952348379474406 0.142254239933134
v -0.0941797252465652 0.186500983916777 0.482663552725352
v 0.0518407246825378 -0.115739146184343 0.120101130704219
v -0.299368380892728 0.0479026554072556 0.346607802555151
v -0.240865197377568 0.194477737441385 0.412896487792658
v -0.0548036742807349 0.14601040683673 0.452642809540774
v -0.356989464772516 -0.284253778323495 0.120404100478522
v -0.391422406304815 -0.146556117600749 0.00306520024537951
v -0.0562423756862677 0.0938843851186953 0.103397739738106
v -0.247716204882459 0.143169312673948 0.290358587439024
v -0.199135005329891 -0.135718761568227 0.245853953980812
v -0.237440695245167 -0.0644291512535208 0.340905732752679
v 0.113525322060113 0.0350520914993544 0.163155555475648
v 0.123726512664206 -0.0185788332914351 0.20422722534589
v -0.423800197442178 -0.1153367540102 -0.0312579564225034
v -0.44625165058147 -0.0482486056218661 0.310732395477103
v -0.032569167286977 0.182980002511623 0.495065199096986
v -0.143838358550367 0.0470945647517062 0.390216089299746
v -0.449454194448751 -0.0776829621388011 0.0619460898722906
v -0.17895258491606 0.183964264904402 0.490176643081398
v -0.462750895729027 -0.04113364975929 -0.00946788619493671
v -0.292138874995959 -0.0739998828166969 0.374593359502422
v -0.250193404950225 0.092794102277486 0.386972238405247
v -0.216319683488616 0.220654670278496 0.456549974646766
v -0.145066316842657 0.0163363491409615 0.352619100449057
v -0.407727100688359 -0.00198658944668327 0.329947849815903
v -0.106646291205447 0.0956126540619044 0.421302417073294
v 0.0605275506674392 -0.0486656983394305 0.18685740276007
v 0.234637321017193 -0.150345272137417 0.0893528905773692
v -0.376933662649743 0.0451758687084461 0.27037145241074
v 0.00207534415287314 0.115126659764085 0.0815780620844205
v 0.198863495435263 -0.0232550246221022 0.19631803357946
v -0.267835828351784 0.0791799700124073 0.241855566056047
v 0.0668320128589908 -0.194106045234895 -0.344636505637728
v 0.232175921008329 0.0831031325518603 0.115779301607597
v -0.0880318891206136 0.126264997377045 0.370461868861202
v -0.225417822480534 0.0565789670257953 0.326890949810749
v -0.151084138816589 0.192443969482714 0.456500588488786
v -0.361088916441844 0.0634844759469216 0.178619491727933
v -0.361062692816095 0.028287229758828 0.348156065366745
v -0.334413951289356 0.055787485287209 0.36237925441699
v -0.16692596669145 0.259862212233161 0.52159847531856
v 0.242321665910685 0.124916047049221 0.0739751492324541
v -0.137334114514573 0.0859889796407872 0.324983380554045
v -0.348139305471854 0.0733708544872655 0.276761671764452
v -0.127876294078655 0.0529078276890867 0.318581084242007
v -0.0455368511171014 0.161707421130496 0.0351834713030624
v -0.0801061328148467 0.13844607462589 0.500148527641652
v 0.300771375880004 -0.00588271445578745 0.11387417004975
v -0.318001602884923 0.10235444898678 0.187939219667537
v 0.0938339203008994 -0.0415305893175749 0.194645509751516
v -0.313535147463269 -0.146565870219458 0.340331964754694
v -0.0984926821413004 -0.0939372895602465 0.141619513940022
v 0.263834715435208 -0.0985927728081071 0.135921723742134
v -0.424577967976621 -0.0994495364493343 0.322677888008866
v -0.104306542528218 -0.0511872638697147 0.184393669025377
v 0.288572695844751 0.0929419376058857 0.102494846165616
v -0.303577086809749 -0.248879613332181 0.0863518045308541
v 0.0965782490339585 0.0892512335961998 0.108923133003719
v -0.416889340574532 0.00774778436255948 0.151525947227498
v -0.0304948822396753 -0.00494152693911386 0.17938964098052
v -0.153950898669941 0.00952913238976953 0.310405001033757
v -0.168518371405201 -0.110813300853172 0.148232494390047
v -0.0675343375941932 -0.0683091059171234 0.164262505733277
v -0.0571126013092132 -0.157224482673494 0.0767486437104442
v -0.188750371695254 0.0473832143142141 0.154430267457241
v -0.421159099380583 0.00459025957717459 0.132234260474065
v 0.0824797609806514 -0.104078320780815 0.132658310065942
v 0.0604336271866239 -0.221839779687352 0.0141233465069005
v 0.164507329923355 -0.27705259043876 -0.0372749625650382
v -0.0236168683587525 -0.137578436776475 0.0972114174755936
v -0.235659247939086 0.117565459143872 0.305235821171834
v -0.257630815591547 0.0793110480297882 0.191860258225556
v -0.0214567804324633 0.179134192649737 0.477650938238266
v 0.0694783778841547 -0.162237539167567 0.0744956001106389
v 0.123076189573434 0.0122897185223365 0.186110679417911
v -0.109998140237974 0.171491606063309 0.482046952814415
v -0.158973101523174 0.232883603334218 0.542417972431001
v -0.339629367965009 -0.189084780722841 0.0351020636102963
v -0.0698869915529639 0.12036348224933 0.373312718396381
v 0.127258421411767 -0.26369705742697 -0.0247678685680229
v -0.384152943908398 -0.189761449935856 0.296192242654888
v -0.35936415128188 0.00766736495955685 0.354789475261688
v -0.288976393255708 0.0480986414068037 0.314997781649585
v -0.389173714646195 -0.0709023902952791 0.355051627249215
v -0.268819126862867 0.00762448298828665 0.334209720138369
v -0.414089263772552 -0.198031245328691 0.276742659152248
v 0.0275808271084332 -0.084343408544172 0.150642686576732
v -0.0205042252324903 0.227048112850652 0.544150184094928
v 0.276243503874848 0.104608252749116 0.0947206788877335
v -0.15084296081723 0.107821036411731 0.093477002912184
v -0.445947689785674 -0.0105225727109601 -0.0267823560802263
v -0.366071670192492 -0.16650841053496 0.318997470423617
v -0.137075725228809 0.307974443187356 0.425662226224916
v -0.380008332449538 -0.214215341682097 0.052397860842907
v -0.0959062719378317 0.0841901943172207 0.113462468539722
v -0.0558321888588013 0.180425449134096 0.567536929741545
v 0.160979823955427 0.0145173103959868 0.184667560715645
v -0.162125542340249 0.185297220238574 0.472964587494087
v -0.294819187063268 0.111815561728571 0.411612745902669
v -0.274680907382434 -0.210736914071814 0.221870389551491
v 0.216126695546629 -0.0732543577660928 0.165362192655892
v 0.155187025946873 -0.144218102406049 0.0934855165733207
v -0.266727694871895 -0.18204826690176 0.0793585167389922
v -0.112866187182736 0.0956666578212479 0.485278451806343
v -0.087760527254485 0.179144966361897 0.534756267523182
v -0.277039756545704 -0.214235302649775 0.190583011835352
v -0.205576633412955 0.133973118566711 0.364418285762733
v -0.441987349548839 -0.15609907625406 0.277056418080833
v 0.0825387408247105 -0.173079750012113 0.0638589204759029
v -0.00675203756400328 -0.13091719613336 0.104342095171133
v -0.313177755711564 0.101654964019341 0.1461986102567
v -0.152788937781459 0.128944619448729 0.392153948884085
v -0.24130336568518 0.0403946840482089 0.322307638895639
v -0.131591507261884 0.0267803763056977 0.336068139890356
v -0.486153437975546 -0.0776153306953933 0.205746400650461
v -0.346361635838806 0.0786155814744149 0.164798889995385
v -0.38700571702458 -0.0220752411013981 0.353271454910733
v -0.165074143476305 0.0124959439423342 0.192751950451204
v 0.297444413537031 -0.16182235651615 0.071168864452617
v 0.0356726097984594 0.029308307318961 0.167375405208753
v 0.106887018617052 -0.0296579745518288 0.201715529503977
v -0.187128982850303 -0.173811237817191 0.057973665848312
v -0.0520982629837279 -0.0314539790150437 0.181332669806203
v -0.474510403342308 -0.0628267726483562 0.215519007032783
v -0.230736237040223 -0.160288411588124 0.297410069635443
v -0.169484832602334 0.219522543445431 0.368687725535101
v 0.287937396102748 -0.00204306059253397 0.126633982508608
v -0.0913326184894698 0.155515013715704 0.534089631659194
v 0.101813981709502 -0.230877767891862 0.00237808756718367
v -0.35154694644018 -0.182411097644895 0.304901213213466
v -0.112792834695701 0.159218602262832 0.0397681667491486
v -0.148857947258864 0.208732843467221 0.396174605581745
v 0.231620109883888 0.0317743167318997 0.163278280894864
v 0.0359895949618311 0.0659369882197034 0.130433504354168
v -0.227041255297062 -0.169587580949702 0.147970972156396
v -0.149883970987678 0.132466486878839 0.45696502864304
v -0.466314222065608 -0.0471019071064627 -0.0291767806043699
v -0.156132550540434 0.215650687034918 0.382600150717408
v 0.0999090115510355 0.127224303800377 0.0700433581363901
v -0.12987702252786 0.186605851468738 0.0101605161495409
v -0.465828225551617 -0.0594171886184992 0.269437646457432
v 0.106087312870205 -0.151725162436907 0.0862711050319825
v -0.206698426887365 0.137442407005493 0.346046188108854
v 0.311037344231223 -0.0459011592340574 0.103498974552985
v 0.0989035270551309 0.0535437791772774 0.144469552535702
v 0.139963065402659 -0.154127614973491 0.0844196247801464
v -0.201081872310606 0.234904950745047 0.465011407024468
v 0.154014339643122 0.0282422536235998 0.17030765071847
v -0.18320835653233 0.246671869003642 0.360427766803177
v -0.138262793363469 0.251603331387399 0.401394146641401
v -0.0727827903035201 0.130132693691838 0.0681813871155155
v -0.191158033486534 0.253706494957884 0.418690579594318
v -0.461615020969239 -0.168869343536745 0.21906513891108
v 0.0129265240060386 -0.19945314297466 0.036263280623697
v -0.30498531629923 0.120044996837895 0.275303576590668
v -0.441764979262568 -0.00744915705043409 -0.0503373918189285
v -0.324174512853905 -0.272531047885834 0.0988079151415254
v -0.248080250426513 0.110584686378591 0.422699865004763
v -0.309987407187742 -0.263724375006075 0.141778688845076
v -0.317862387681768 -0.262378608215199 0.0888221193482625
v -0.304688261296024 0.134586354736655 0.334533525084813
v -0.420233569510972 -0.148573074751137 0.0640342681580944
v -0.195515953977724 0.0476551005818992 0.28367743548557
v -0.234893010332457 0.140291496404026 0.298580450225759
v -0.36271900541423 0.0637268693816218 0.114989516371102
v -0.207610861043646 -0.0728182013890109 0.304917040919913
v -0.337443231810208 -0.0169608516594297 0.362517600806937
v 0.177486866527591 -0.120461659078386 0.118342397020108
v -0.165953651314173 0.113785746394372 0.0877534286964924
v 0.111900352315009 -0.22436241438998 0.0141746356700507
v -0.333359906137314 0.0972440367014657 0.358473252429829
v -0.300630527926775 -0.227421529376961 0.251507454046061
v -0.231223234040472 0.0449950292819053 0.308348180191708
v -0.155989603083575 0.0046480231276783 0.342323463606445
v 0.154718084523394 0.168102617870569 -0.390387880326925
v -0.058089772326865 0.211546548891558 0.560205362524239
v -0.0810178013558072 0.159883817643215 0.549468143447641
v -0.345949538149439 -0.192063669758699 -0.0210289862592745
v -0.211869119894966 0.0362812693045961 0.256305550383445
v -0.199985587102114 0.142443106202875 0.434165477740774
v -0.146237470245711 0.287089040706419 0.46490219042489
v -0.0429457193296162 -0.0826045732312099 0.147505243042857
v -0.170757306607749 0.0125592333054287 0.376595702947168
v -0.43561000786434 -0.0191177441656473 0.236902856442097
v -0.355247545929103 -0.0111977719641131 0.362202162063545
v 0.103958189881431 -0.0569786763331447 0.180252908343656
v -0.278907670856482 0.142116641178826 0.431609601092266
v -0.274570853901203 -0.216771549499662 0.102824374746737
v -0.183661596744423 -0.0218257869698051 0.292329706319377
v 0.161288519762305 -0.0202666959246207 0.203019720251183
v -0.143242163957342 0.0580187423995006 0.445230615853334
v -0.14804092004239 -0.185507259278759 0.047680387626845
v -0.21425948519327 -0.196872519585536 0.0336567348855519
v -0.377486257764652 0.0125960263770174 0.345607728491005
v -0.128286608306914 -0.038529428047122 0.201348034043834
v -0.0500798932997553 0.209241888993426 0.465097775248272
v -0.183832750652749 0.257474546086452 0.437791511494001
v -0.346771335391867 -0.271424268857857 0.208614230528337
v -0.256283124884646 -0.195169381748724 0.186955568215481
v -0.350689444519036 -0.288997063983857 0.152729850222725
v -0.167408285668003 0.11602033504713 0.401143666309697
v -0.156904505525909 -0.0580883582593492 0.236734633538183
v 0.077918565365089 -0.215192292021473 0.0237287046969981
v -0.410763848752408 -0.128697417531205 -0.0277267312261959
v -0.343972799541862 0.0802491535463557 0.183038049540321
v 0.239251305710954 -0.163422893541458 0.0765646148734736
v -0.475232533581938 -0.0897367642921426 0.23583274427878
v -0.39629225014292 0.034648080159369 0.0344888186015303
v 0.148286189594377 0.174913345163006 0.0216707681809579
v -0.425504843752006 -0.239128653504672 0.198320932315998
v -0.192510273900263 0.0801662146391503 0.432670129828949
v -0.4609440120167 -0.200326946661182 0.103385904946519
v -0.475564599187733 -0.179482405896101 0.128145209912098
v -0.328111361955224 0.0344512747103863 0.354491584017112
v 0.223217611048021 -0.18442246225666 0.0533756257548069
v 0.174315930000657 0.0500633975714414 0.148706027946672
v -0.187873716064604 0.155498609347037 0.446176065586866
v -0.180472227954711 -0.0152861009236105 0.274820182663693
v 0.211549386204175 0.0388637960336045 0.159591677564218
v 0.180836756197929 0.00623116138279663 0.191388108157287
v -0.20920373361954 0.0323747908044279 0.236318778681652
v -0.203386227237307 0.0810720330355 0.120109418467656
v -0.119972969861162 -0.0864024754518786 0.148497155321836
v -0.413378982843174 -0.125918855837799 -0.0993262356006838
v 0.0451495620997161 -0.181620035714466 0.054860500748956
v 0.0702300886939408 0.147999063208289 0.0481343096448755
v 0.180344880265473 -0.0362857977269727 0.196924662193387
v 0.245491522391432 0.0448651027554926 0.150076393372123
v -0.102327843684018 0.172132992152305 0.430374827216112
v -0.213385492002233 -0.150082469874912 0.244760706073906
v 0.137886944258369 -0.0463404824769404 0.191421639077402
v -0.426009742067764 -0.241118535821021 0.179088729729934
v -0.420595156417591 0.00123212638377272 0.0537400104125225
v -0.344365664965928 -0.0538302932962465 0.378058632363288
v -0.201405253101059 -0.14393044839942 0.173989596026571
v 0.0212323048759854 -0.149563781953411 0.0863970255869418
v -0.429786328623331 -0.0558291038854802 0.325743035387473
v -0.358389944759108 -0.17977917507831 -0.031928111244833
v -0.269367158019266 0.0850919884238652 0.394484875046714
v 0.349892626022493 -0.0278305313448903 0.0638510289258643
v -0.436982703757482 -0.203222739679582 0.240058835164643
v -0.272507763012186 0.0695383394617687 0.339326729502094
v 0.259668904916744 0.113709044209701 0.0850614974503637
v -0.389349832043084 -0.227057313116393 0.258325336362305
v -0.499482636357955 -0.085712828963315 0.164990158015497
v -0.192266730017391 0.0895868372089569 0.418795135735072
v -0.162299311244759 -0.10462675006111 0.183623806627557
v -0.154910411882071 0.0526265026961734 0.29889687357045
v -0.183745659323961 0.172556434169882 0.477243996261605
v 0.102599693561203 0.206701646642824 -0.0109881621179469
v -0.0626726258044805 0.187605939511351 0.438783648245945
v -0.275265167047101 -0.16339528109482 0.325439929907555
v -0.145615820299905 0.287382635108162 0.394593316266308
v -0.402818619230612 -0.057648011459181 0.345505231321311
v -0.279773260516445 0.0633907079180964 0.314443970438659
v -0.424665547624283 -0.205384360566251 0.259014374977753
v -0.266949679428781 0.0748663525073248 0.289409633040397
v 0.321396632798684 0.0682417553802199 0.0930455218489991
v -0.208867495011088 0.0752391883365151 0.367816250156656
v -0.166225314324386 -0.0430992941352173 0.249182306588788
v -0.320395282002058 -0.116262518681454 0.36596956484313
v -0.211474951025017 0.104956666042601 0.0979933112582243
v -0.187985573178474 0.263833485883192 0.405117408728779
v -0.244569349781304 0.19282364202153 0.390985291634249
v -0.202404041059775 0.080336948541392 0.403451706966759
v 0.116716781056468 0.194004604543759 0.00363239132300661
v -0.261765013763958 -0.195388428005179 0.22435902882132
v -0.269447983859534 0.0897200405210736 0.182691921472751
v -0.456558503003144 -0.144074730069564 0.0939295259436581
v -0.497885437954986 -0.119401178935194 0.149739005560528
v -0.270830844827057 -0.00893524130362885 0.341534904372372
v 0.272223950528613 0.0288208480556775 0.141600838193237
v 0.112730813204566 -0.212537719754063 0.0258700102874173
v -0.471309361947156 -0.111212881909465 0.236179883048326
v -0.317007178657358 -0.239365787884579 0.242747510185161
v -0.155479816047076 0.186234104071132 0.437361805154034
v -0.418196691296667 -0.121028619412599 -0.0123398507017981
v -0.419842447380691 0.0150764114041907 -0.0323224643945447
v -0.453099737812587 -0.141820021881425 0.265595654734906
v -0.136522491286375 0.2813980852892 0.505026673127051
v -0.23799855078735 0.104921629854199 0.401131132505226
v 0.169884238273113 0.180286507649945 0.0159959813373001
v 0.124409427154789 -0.147321968243489 0.091484168583399
v -0.301136411656523 -0.212409771022864 0.00221258200435749
v -0.234936694288781 0.137649662883878 0.451467099126381
v -0.328174827912733 0.103268175125039 0.345203304572654
v -0.396768142846483 -0.142221777094784 0.0351485822213891
v -0.152797534194292 0.287385967240209 0.445112135650959
v -0.0699190196738577 0.104234301543855 0.366917018115119
v 0.0660920264998061 0.0607223477265337 0.136771645740842
v -0.302046284344262 0.0357716036930341 0.328878643643166
v -0.0838912063401877 0.193493857197766 0.464315402527822
v -0.0307201632171639 0.13583341777911 0.0611301810313576
v -0.415235804412333 -0.0420069179025383 0.335806455407955
v -0.176544137784249 -0.124347284913792 0.113900401207585
v -0.0656571436365893 0.208097991722298 0.476845136689153
v -0.0881502338920346 0.264752571785319 0.551485058996105
v 0.333910239124687 -0.027404051018127 0.0800146202442636
v -0.26353127051027 -0.103867030847962 0.359052637620924
v -0.0812020154315014 -0.0281813973018081 0.190689331928085
v -0.165681459172209 0.247235506058037 0.553207695403498
v -0.106009170193572 0.103402338662493 0.346690262724163
v -0.24974874963335 -0.224060898040077 0.00368628428990349
v -0.169237085607646 0.201193482703176 0.368372872533844
v -0.273078995962844 -0.0483236641895293 0.358599810191852
v -0.115575092191981 -0.0437494635516272 0.19177445681135
v -0.455276434755832 -0.209461040707014 0.163787329824044
v -0.284690921091934 0.151479271136159 0.360189134047631
v -0.253855013048489 0.0867250794046356 0.345606095012607
v -0.382489029742929 -0.214695201243597 0.271710099100059
v 0.0185866239553512 -0.162803033423344 0.0733535958994111
v -0.0277178846937103 0.150809377540788 0.0461731167268057
v -0.347864055025497 0.06153494852774 0.351914094081047
v -0.180840073420435 0.162329612686606 0.375021648328719
v 0.237531001787128 -0.127810643804332 0.111657422705956
v 0.142935484594673 0.102342249347552 0.0949099975961917
v -0.0991168781242843 0.0600681653439532 0.346858915628694
v -0.0321541316826772 -0.198856905298169 -0.346825297401175
v -0.168499088929318 0.150610703639793 0.0483357711006724
v -0.204027895031138 0.250468138345085 0.355910877780053
v -0.384926331636315 0.041602936173269 0.129005722508469
v -0.201762549573414 -0.145509187909287 0.129242353459169
v -0.375245698717637 -0.13165975138072 0.343161077384953
v -0.481867792234026 -0.064666069299301 0.195800453572977
v -0.499358374793543 -0.105207552319147 0.184314262025632
v -0.25881833648672 0.0997828881237375 0.411495630188977
v 0.223659145802808 -0.0371820779007989 0.182506518099324
v -0.464129679767607 -0.104320664591948 0.271381358489793
v -0.336307561785085 -0.139002863386323 0.346389845127071
v -0.229984869988765 0.219372858416122 0.339330509090049
v 0.0441486509111163 -0.0148441040537619 0.197998649528116
v 0.283274009113435 -0.0494880763580347 0.131563182132825
v -0.284269317187228 -0.2059964902365 0.275548856248202
v -0.0871796836011094 0.142232250546302 0.386214030514949
v -0.238590964811885 -0.172513430684256 0.235714982198143
v -0.373674499720568 -0.177730359891821 0.308513216264808
v -0.333947727167849 -0.0749833793168614 0.380684273211539
v -0.137186147431686 0.0780904485322733 0.478308202645907
v -0.0757599004940359 0.181909357909865 0.550875724497523
v -0.29493155389282 0.139172729846308 0.291242147176893
v 0.027445040495968 0.0541344233107183 0.142689416552887
v -0.299595342562718 -0.235678434357905 0.230305877066743
v -0.41900737107446 -0.114134629067011 0.0419872399670128
v -0.235554646368111 0.228518346080225 0.353258515245329
v -0.213879269649842 -0.0453397687757456 0.326629310802456
v 0.0195808957169411 0.198954622283688 0.455602634343598
v -0.00162090474030786 0.171731222911898 0.0272884712990232
v 0.00412699009077656 0.162473683414791 0.449227718443063
v 0.0330028957472472 0.186644047188149 0.0106869894704509
v 0.207512854865545 -0.219693762093716 0.0180470161080965
v -0.233102130927684 0.0467399530134497 0.374430554853515
v -0.0938130165030345 0.130638687122136 0.0682670584478661
v 0.210541382683427 -0.110431035603297 0.129203021849259
v -0.234491881497827 0.188590894662793 0.317774762488364
v -0.195360867140507 0.0397160605029146 0.171198775288691
v -0.450702956027834 -0.0869493242936698 -0.0760523980470765
v 0.340430184508925 -0.0443545787190528 0.0736325441862859
v 0.202036544796912 -0.182120763280167 0.0569907892321467
v -0.163726968584484 0.179154905104734 0.451089258133104
v -0.229521855393459 -0.0114774399066923 0.367941404509626
v 0.0880696649052938 -0.15774738332641 0.079502833986628
v -0.0777528306539521 0.141051263929692 0.476290139150984
v -0.362298063980797 -0.279936429674127 0.200123194554465
v -0.0786066801253211 -0.00565448796432277 0.189682278141953
v -0.372743298919512 0.0532895342986402 0.141465543151191
v 0.121537123020535 0.209231903951381 -0.0143277051334809
v -0.250699411973723 -0.185831152352835 0.219924854807233
v -0.272279124868069 0.0898136992924823 0.204065598364852
v -0.0941743195116127 0.182360874861832 0.445226776366216
v -0.267695760701185 0.0248315490820818 0.30911174895672
v -0.410417634648813 0.0111069158277556 0.238132704727946
v -0.392048788817263 -0.272538653703583 0.141495484653487
v -0.312488065852466 0.120018045037742 0.351428506212666
v -0.279317991743646 0.155376717309098 0.301130401769432
v -0.152453097415795 0.0415294543232659 0.415656376516916
v -0.481496585340264 -0.0580396968459747 0.137733021767416
v -0.483115003885706 -0.140911254127647 0.199101281779898
v -0.206282404327471 -0.169313359073398 0.0617598497826393
v -0.127097071214945 0.0935683070832811 0.106885474920057
v -0.158064731608947 -0.0175708360179854 0.225326455774104
v 0.290472548507208 0.0294150855108686 0.124599641956979
v -0.302108017324612 -0.110216250351367 0.369936825848391
v -0.363089435249904 -0.220516827889593 0.0531971175348785
v -0.165675234058182 0.0986473874607542 0.102883103347416
v -0.108855512177691 0.239617596464391 0.517818343591251
v -0.0396859516047436 0.0841132260085498 0.112929097669328
v -0.418397264558892 -0.119823870518801 0.322385341459134
v -0.0979864276952102 0.280932287358811 0.444713897017885
v -0.225771524388465 0.0575500632490219 0.363185245675885
v 0.330330726355501 -0.00618296372505114 0.0841490615354771
v -0.212988792726105 -0.0218307404801651 0.356304103070644
v 0.0319697189477506 -0.238402607541599 -0.00357807465405633
v -0.152519842357496 0.0713883478194889 0.466720367173559
v -0.129196438155229 0.153090572710978 0.418692160469092
v -0.257375581271409 0.1979981391722 0.343495020344697
v -0.0144331181898997 -0.0682505846807084 0.162910553315269
v -0.181762212547909 0.00892480278069371 0.230156107377496
v 0.161724182318159 0.0995397359574513 0.0988260244374667
v -0.152494906896174 0.0930688805098964 0.329957599917077
v 0.184531184951364 -0.133296967088816 0.106363621194286
v 0.311010973371164 0.0516228588605061 0.103796188351969
v -0.120368128335355 0.227173089944615 0.503111144603637
v 0.163960640239041 -0.25028976246724 -0.0129580738616625
v -0.102819126218922 -0.162031819032611 0.0708513873865166
v -0.408096676033906 0.0167206879137707 0.185811098338948
v 0.237035890453927 -0.0256591957642571 0.175717680874382
v -0.282830727884081 -0.218087012596528 0.00287388922103244
v -0.0159301436951024 -0.0176050595393301 0.183933505363332
v -0.153639879438985 0.130066918535123 0.413549079140742
v -0.126269298077487 0.119740379498482 0.0786514220509371
v -0.160039676713882 0.0682204974607908 0.132293091591979
v -0.21976891220488 0.119707506095398 0.371596891421866
v -0.0573413818552493 0.036061136068022 0.156921451036099
v -0.346424146113319 -0.279840870996558 0.190732293657207
v -0.292857964698617 -0.17052749729451 0.317868249611454
v -0.0142047431244524 -0.169889698437246 0.064931350439064
v -0.122454490429172 0.160369414981088 0.461717537848542
v -0.281840813604076 -0.196014188960918 0.0777203153058191
v -0.215482137703104 0.0589153560431241 0.313508034400256
v 0.246213848624617 -0.0916807587485308 0.145310040410453
v 0.1831494728195 0.158567490727963 0.0404196082965589
v -0.355677764340731 -0.0717569937652894 0.375734802284906
v 0.266971194914821 -0.0465349545635527 0.147333415475093
v -0.454583593990842 -0.0341014566133489 0.00974300986223123
v 0.235782568549838 -0.0051221190550729 0.176714637481509
v -0.384285382300363 0.0421025667222963 0.107161745335508
v -0.121436727800936 0.0645980675516986 0.135328945144669
v -0.108887221934189 0.10581627272277 0.446017667942596
v -0.270323677661788 -0.213678140877713 0.13788000174464
v -0.464987686705471 -0.200368380267561 0.145591110058325
v -0.190163303727425 -0.134076377428034 0.138122532576139
v 0.147822414082979 0.160971811926093 0.0376690150477856
v 0.13562559506413 0.0397951739081824 0.158739633839632
v -0.125429781473369 -0.137597262335255 0.0963208779982068
v -0.248385840776298 -0.1835938976765 0.280018840536529
v -0.334136871393436 -0.237830991078684 0.250618542513419
v -0.188922830375367 0.0107175794717309 0.251773934620124
v 0.216638962419828 0.0549660741376369 0.144257202895422
v -0.0968946042785393 0.315571769916374 0.464423707955673
v 0.262269763033236 -0.206745630468317 0.0256142969728261
v -0.315728073063857 0.0324441654735506 0.346490928627145
v 0.13787822296105 0.0530812130153401 0.145603522051127
v -0.105502776874564 0.149111445383002 0.394675013641915
v -0.438802972030237 -0.139919708017253 0.0786614404811449
v -0.0945926640341329 0.164126630118741 0.413332834345458
v -0.01825817462533 0.195170000797957 0.00373977209148935
v -0.214657817375483 0.118576667972819 0.0847037866390478
v -0.287056371193851 -0.223474652172869 0.237979218654906
v -0.148461832631216 0.239058856967469 0.391113765019068
v -0.430551339605409 -0.0179548722115596 0.312382642379695
v 0.199891213018896 -0.20759658966509 0.0287433286517908
v -0.453766030923565 -0.0740459607912343 0.013834144767351
v -0.2689812397391 0.155425094323124 0.442695352238817
v -0.453367177546915 -0.12569547739123 0.0896152907337931
v -0.137836231941707 0.133006513336569 0.0653215747998636
v -0.447070748845581 -0.0355373585524075 0.247439166262541
v -0.0618425877052481 0.288658204650353 0.507160611726756
v -0.441859091052653 -0.225680269677953 0.153791169043452
v 0.00164356240189083 0.207267320341123 0.491727024463908
v 0.115841560108221 -0.200196991324545 0.0380497017936622
v -0.211885831225328 0.142458521498423 0.328320155373673
v -0.0497705172121015 0.170197819660019 0.501529594598062
v 0.184662704930505 0.220727877517557 -0.0252599375015311
v -0.250704948448783 0.193937481167198 0.447069843913921
v -0.303362377879403 0.106995403328584 0.261412557626948
v -0.427497082982723 -0.240888549918786 0.160937504443593
v -0.0795075704996743 0.305178504350137 0.505907851065381
v 0.264542917088625 -0.0806793771057912 0.144204665565865
v -0.00911851201700948 -0.0937045453059568 0.139851827439495
v -0.305601982973741 -0.126329157359852 0.359120026581892
v 0.0730968522684119 -0.198635936671706 0.0388686448300314
v -0.00928909102673561 0.241567183588026 0.533882935495299
v -0.458445228287131 -0.137338687548439 0.249017190580952
v -0.16800129114287 -0.0633039689334326 0.250397748845122
v 0.193206412713917 -0.145878010123323 0.0935187684369522
v -0.413885351444011 -0.215230824141684 0.0651639595842988
v -0.136277190694719 0.23334552849321 0.539259775213212
v -0.142852376554643 0.056673038510344 0.30790157262421
v -0.0795885620996377 0.0739145642078724 0.121476285203111
v 0.0875459879118017 -0.0233797876745573 0.20260716625446
v 0.0789146750481638 0.0506726196882685 0.146966583156051
v -0.480528227534446 -0.129433000772014 0.122010382437267
v -0.429381805434425 -0.0164716078817113 0.278987323812792
v -0.336665390306656 -0.239819909728147 0.068317563298292
v -0.360353080764897 0.0483186908075266 0.339440274574092
v -0.110957586982086 0.269836154394595 0.430336475550107
v -0.420657798173973 -0.227286938668705 0.074946478507267
v -0.0154751930532227 0.2441274132039 0.497507977996588
v -0.191061379753121 -0.0242565531057139 0.321594783905427
v -0.106842950286232 0.102709850943564 0.501859849086024
v -0.234939796077337 -0.173971491724109 0.212300324582378
v -0.306050736091746 0.0537295364722359 0.365163716775014
v -0.354586075694335 -0.23299351191586 0.256045060340809
v 0.298452739008016 -0.0529345383501912 0.116639728673596
v -0.422184077936778 0.00102462866493259 0.181293778240886
v -0.442783782574344 -0.0937419977077762 0.00469017475189648
v 0.136859828106886 -0.194093082679522 0.0442459378651178
v 0.204050857455827 0.176132039790906 0.020454936366076
v -0.356477370439706 0.0671625904030579 0.239896557746598
v -0.301804075074992 -0.240932073853734 0.207967632791498
v -0.178320367363011 0.206226577671066 0.515425142546572
v 0.130459135248943 -0.221696108348752 0.0166945786116573
v -0.0313075970756471 0.206588861782925 0.456876342965909
v -0.227737671048824 0.0499688082501188 0.216448228516433
v -0.280732157922937 0.134476840665246 0.277542692981695
v 0.234487496447545 -0.0647168357752441 0.166334628339423
v -0.384639641043667 0.0373275141006854 0.233121664435106
v -0.222185733601789 0.152052428685638 0.311368540305158
v -0.203638929109237 0.0304738255689224 0.214874737655989
v -0.105197106779562 0.253385248146573 0.551936750828903
v -0.165096596236402 0.109675891881098 0.360355592488081
v 0.180950529523401 -0.0771315927758357 0.16202039225134
v 0.279735488100784 -0.1220276582196 0.114869649775093
v 0.145475009424154 -0.256606909725647 -0.0187622345736842
v 0.224208725798554 -0.225176188217471 0.0150220383940757
v -0.369432183104798 0.0473870165414051 0.324198885033029
v -0.154505837139471 0.0180916939932932 0.364820811553974
v 0.133271776571375 0.078447241849449 0.119474982488772
v -0.387136845051559 -0.245508584360539 0.0802571796464736
v 0.220200182658301 0.0935437096117208 0.10527264317843
v -0.314455282852492 0.123043618764444 0.376687373869834
v -0.495479344516943 -0.129855367333615 0.182025140464099
v -0.235932795926485 0.104618159730097 0.376500472491336
v -0.165745535437397 0.0520353116951748 0.148317769290277
v -0.322050405102332 -0.0024104621499987 0.348232717062398
v -0.434382876566212 -0.00916799978323313 0.127355714449059
v -0.478113699646197 -0.0580690199011222 0.105415229722772
v -0.417624809908781 -0.250233983556883 0.147401686054383
v -0.0220728686308425 0.0752462598217929 0.120982810899882
v -0.185267463644453 -0.0872372048001135 0.266558735017063
v -0.165339203121447 0.285616919487504 0.414365282706119
v -0.172065370197811 -0.0992452439556894 0.239073646503894
v 0.276129301335886 -0.0673830482536601 0.138263331409587
v -0.223629008692086 0.130319457250751 0.316805913021358
v -0.278081629566494 0.166630130831853 0.421425997674194
v -0.2080685488271 0.219058070592322 0.338310169694389
v -0.410901082455418 0.0159869967661735 0.0414444876478078
v -0.246857689182995 0.126940725290408 0.286979857606613
v -0.0710989486321622 -0.144885122879364 0.0891892313048086
v 0.270494052104943 0.0585917523541868 0.131736796172901
v 0.0828650524151941 0.178500431437891 0.0214873233253599
v -0.468787996545316 -0.0489863437679254 0.201603153574811
v 0.0946743827383849 -0.217934596336812 0.0215614041230298
v -0.222413967065039 0.0507719564877937 0.395169965333661
v -0.448507251501162 -0.0319034775825416 0.22646095683809
v -0.165964830739322 0.101609333561097 0.463865480151945
v -0.446481642049542 -0.0913106523804037 0.307180883522141
v -0.0706723353851673 0.149204832024388 0.519547228537633
v -0.175454145364339 0.163132456758914 0.0358273153150407
v -0.469501177354468 -0.190580488192602 0.165556035943704
v -0.418054712852505 -0.249138397012297 0.102433054511372
v -0.417842606733021 -0.232090545745715 0.236877457306753
v -0.152858386092143 0.0491139987160868 0.438387610313703
v -0.366558943008986 0.0568016846349372 0.256000270515181
v -0.407517647707415 -0.130968675704784 0.0440883134842789
v -0.192811562230343 0.244359123269481 0.453759132641666
v -0.292072001497642 0.152952247912442 0.337346394879469
v -0.409444781691532 0.0173891917709562 0.140196065125777
v -0.199787795438742 -0.0881027776283324 0.286319703275364
v -0.240447225611014 0.0425620235803234 0.269915707922097
v -0.217938413086346 0.22265644310856 0.407887397917294
v -0.10751927475958 0.284358869033479 0.533983054260585
v -0.0508107947739062 0.0529832671933248 0.142586641455431
v -0.219603063390755 0.216398788808269 0.43730971723915
v -0.401854342374649 0.0240275115448656 0.155290130238006
v -0.223807681791159 0.20373590253373 0.32737882650721
v -0.291858879616614 -0.229867846676315 0.199278822586117
v 0.286798776772955 0.07829826841206 0.113307464646048
v -0.17742830689487 0.270046590857354 0.420861643840724
v -0.418141265040201 -0.250758710244533 0.123109258530767
v 0.00508712113499344 0.179382118665434 0.462622359007939
v -0.160966864449688 -0.0795072505329643 0.23561836937531
v -0.315928553851922 -0.191857578581431 0.297096094334072
v -0.288094587216767 -0.127823813052179 0.356426497230242
v 0.200003060610757 0.0731276807171584 0.125550326210017
v -0.465150682609482 -0.0627725061571549 -0.0171816150679406
v 0.0531233990792103 0.15798152353264 0.0384587997506897
v 0.145705873536282 -0.27212929630163 -0.0320459154570311
v 0.215601116733048 0.0219494305763148 0.174059862812619
v -0.481358204326443 -0.149021162599581 0.131185855603983
v -0.00985017665032962 0.209632073172904 0.508525641278418
v -0.201443569923664 0.141116810143365 0.0610340473424826
v -0.278342991729438 0.121385877432517 0.0845777026006685
v 0.24752969819468 -0.139924261509113 0.0990672002974804
v -0.417569116007754 -0.00229484740184562 0.289380178491355
v -0.199832184762327 0.140937193467219 0.416486989538971
v -0.323074016326264 0.11282107463025 0.364158419926202
v -0.481692470154946 -0.166908955414681 0.141793281538486
v -0.118236728393803 0.0791173445134156 0.121084637865264
v 0.00211278798245048 0.163944829303674 0.427870545686548
v -0.333331086539156 -0.280216560639836 0.155892844449869
v -0.121431655029201 0.111514972712073 0.351156274822872
v -0.232778789323695 -0.166182947150487 0.0869949672013477
v 0.017656243965663 -0.214169915544915 0.0214156504982157
v -0.2714196018492 -0.204292187999694 0.261299563035413
v 0.0929728436653166 0.028288522240386 0.16964332767715
v -0.247549197401631 0.106624436659588 0.292705632973308
v -0.159760084176888 0.274460083931246 0.474001789973586
v -0.144759519270108 -0.0135843674962019 0.207768822745783
v 0.0279002324379543 0.0135949620836477 0.182381894418854
v -0.116294621668933 0.125305493844818 0.366138076972043
v 0.0320905492944491 -0.193113687835035 0.0428618654542019
v 0.034498467654763 -0.204443353017832 0.0317154016125574
v -0.324647245033628 -0.2777720380337 0.140099072137402
v -0.145672284341327 0.248691019423637 0.554725919692363
v 0.206840156491461 0.115499342577325 0.0834795920444269
v -0.0659410980279523 0.0627144553726795 0.133503860021107
v -0.37807808689631 -0.284957631689874 0.149941139753307
v -0.438114123407821 -0.101533570914639 -0.034038207094179
v 0.235496496859316 0.0600940888797108 0.138801527295667
v -0.232589786784402 -0.231931816296364 -0.00412245801045329
v 0.1138624225624 -0.0712744896967133 0.166092268644554
v -0.04735590823876 0.159325456601151 0.465852545488671
v -0.259275784678853 0.0927613706008947 0.281543102608206
v 0.0122924815539866 0.147663363365286 0.0509107035187674
v 0.0512365676365936 -0.196159039293552 0.040684299201219
v -0.287439007988562 -0.233516687688764 0.0947432744729792
v -0.248169776760494 -0.209195903620111 0.019770061606031
v -0.252870797745587 0.0512898299871978 0.264002904266574
v -0.384624731556308 -0.0551687044515943 0.359763078540198
v -0.217835555310762 0.131286235774331 0.0719448880401201
v -0.181527345347352 0.0618702303503544 0.139489103420302
v -0.18298471483229 0.176707840418351 0.0217205193141135
v 0.160171484300194 0.203473056928942 -0.00759576219893853
v 0.189108310526763 -0.17046299636704 0.0683630626493888
v 0.0643990586307055 0.134840860436544 0.062721599941011
v -0.101294577913372 0.170288553571078 0.0267275081776652
v -0.371582416391284 -0.226852292806516 0.260920603472306
v -0.245486876999486 0.0960058295197516 0.316852214199875
v -0.102886023622319 0.302094437239066 0.500562763924267
v 0.121251471311916 0.128078128122218 0.0693149566827383
v -0.0951527264935687 0.0545897778249123 0.389565432958634
v -0.457151375997979 -0.0502985960267964 -0.0859920432034242
v 0.0355929788353928 0.0948953219212554 0.101794686652545
v -0.147864817403605 0.0118050988056862 0.330610266618176
v -0.380523936857344 0.0442560152491718 0.0699743686446851
v -0.257553268309076 -0.190115755236188 0.0991640834197237
v -0.0931933958043407 0.101718892344382 0.0946839897279168
v -0.358356196507328 -0.239648225575586 0.0673718470346616
v -0.443049542654639 -0.01860798060358 0.15797383252383
v -0.000570344118345516 0.0375745334739929 0.158149340933014
v -0.168907463160909 0.172121308364548 0.394022574505227
v -0.448791713040421 -0.073501215981646 0.308423160616754
v -0.454404503036239 -0.0525790914352048 0.0224316716404025
v -0.159722857402701 0.275612980181686 0.381574079424165
v -0.219884819247828 -0.143800825563124 0.299851114683773
v -0.00211518950214131 -0.212631599611088 0.0231997590200893
v -0.457848631207831 -0.0334938399700502 0.153654186353838
v -0.110823743471502 0.10049341381684 0.467220306494719
v -0.1507323322821 0.299701689204661 0.410171721108662
v -0.127656780555775 0.269862815125863 0.556118358322929
v 0.26649144055957 0.0746627528388095 0.121814095106597
v -0.28088538787922 0.0726980286374724 0.381113832963371
v -0.0320666501383426 0.240143260388871 0.509991250607634
v -0.414269992574303 0.0199452907438085 -0.0152045215057182
v 0.197800895086186 -0.120771215557334 0.118398629797487
v -0.474003185102354 -0.160498940292834 0.198584129282455
v -0.120511908715035 0.276501626414378 0.54195876363343
v 0.102586840704651 0.101574470052933 0.0963709139291237
v -0.104113617221852 -0.0789561703367286 0.157223388603083
v -0.365264364096718 -0.268466771092256 0.217356258961463
v -0.109026095137249 0.0837694564539621 0.335730378153437
v -0.24970041953677 0.0108853487858092 0.36447342472341
v -0.0448115363637286 0.233596622658345 0.526546016756138
v -0.0837005309387682 -0.082506886773289 0.152646918055442
v -0.0289398927701404 -0.0565378843612198 0.168482086645146
v -0.176770036742768 -0.148383377740428 0.0825768585365024
v -0.430176287841272 -0.162680469873405 0.291301347652968
v 0.261707463056848 -0.180118979275589 0.0582026183484727
v 0.0634821339795336 -0.174444711650617 0.0625139257517849
v -0.109197885105726 -0.176886813651604 0.05546219502954
v 0.194739452695237 -0.231369494496341 0.00586020351230621
v -0.303650657097419 -0.24430313520744 0.18658111125789
v -0.230706879711867 0.22764209825495 0.370639006980618
v -0.161409678358004 0.0390559717704032 0.290631820624638
v -0.182068149159194 0.18628763630916 0.355126077714017
v 0.285964585376741 0.0629768708037358 0.121912406190279
v -0.38972050395943 -0.119938107537238 0.341458808764553
v -0.42514180730217 -0.21709752874919 0.245341454027536
v -0.0711602876181247 0.0476597364236486 0.148333117842577
v -0.140867692526761 0.101769030279793 0.488567376271709
v 0.0212283235940317 0.106950801611012 0.089746945871712
v -0.206893662993528 0.229814969040951 0.445822251548459
v -0.0891174678933414 0.31135139566762 0.486347358313531
v -0.374663705618545 -0.277489412307356 0.127609721563998
v 0.0666937621129202 0.0107136776841424 0.186776925089118
v -0.478561931938107 -0.0555547917713819 0.167587368347781
v -0.290261632386258 -0.05269564375031 0.366542768673754
v -0.346757886562573 -0.259371310714118 0.225967447603188
v -0.262696654819069 -0.172175339235146 0.317622993052013
v -0.275725404578584 0.117888942933816 0.266942142978708
v -0.182335602195646 -0.103236773182786 0.255417617390978
v -0.471964113895198 -0.0691518858841262 0.236071945939561
v -0.403574532453869 -0.187009752697251 0.293521625856376
v -0.262286388881685 -0.195776110685542 0.245843840994158
v -0.206232332199302 0.148565455577623 0.457552787855157
v -0.136988387903296 0.299385116070284 0.450086211249416
v -0.235444790054024 0.0399509208327552 0.289053658112414
v 0.335610499110977 0.080681142696213 0.0770618967216784
v -0.408438398597482 -0.246156493168543 0.226666432426989
v -0.202922660696041 0.0586963970601185 0.143619783524411
v -0.489148291783243 -0.0696398641540749 0.176201793000748
v -0.40576428957039 -0.198561973741371 0.0549531389953982
v -0.29310464228397 0.102565955278553 0.134478464076191
v -0.365546743948838 -0.0492046404127456 0.371472105621166
v 0.121993149396535 -0.159462651213066 0.0785517595500789
v -0.452524134425804 -0.0267034543508919 0.0868075560928183
v -0.225841147099373 -0.174608177564586 0.0557907365290313
v 0.232199091258854 -0.0839572871441307 0.154351618197058
v -0.206678863229563 -0.147670770584604 0.193860313954394
v -0.0208359222921989 0.0330795172548448 0.160481102512341
v -0.488861863251774 -0.0671863419815785 0.157174838193153
v -0.29390891602552 -0.248830783968782 0.103486444279182
v -0.0146729858800026 0.193800856923413 0.492991383270844
v -0.289346981579831 0.0544689385591005 0.333172861319513
v -0.320086693676579 -0.191556850646542 0.0228989297517187
v -0.499762211604508 -0.0984887608978335 0.144135637744322
v -0.0114411281224275 0.183689691664267 0.434263689547504
v -0.471485709874421 -0.147208632304816 0.111796088553695
v 0.1663482181179 0.0656377800329592 -0.393833922862301
v -0.242102802562062 -0.178539797427131 0.102797058905205
v 0.0499603616914531 0.0190470458127212 0.178302558097192
v -0.265218742911608 0.174209738919218 0.317207709894761
v -0.237711824137144 -0.135057420407914 0.333985647568798
v -0.318248701718994 0.1197307157388 0.324774376727469
v -0.454712131535946 -0.089934796047627 0.0738591338245489
v -0.134548934568384 0.139180478297102 0.487694403218171
v 0.212845224771242 -0.147585717236344 0.0922911898620171
v -0.304688559785206 -0.0596729197429395 0.374429210926576
v 0.213479624361742 0.143451547978122 0.0545872029462186
v 0.00985131302190828 0.00913221606507326 0.182869653899759
v -0.130579818417023 0.297301681488762 0.409903981301457
v 0.091466580870522 -0.0668704750599086 0.170308320837856
v -0.0611892824664744 -0.128136725965384 0.105967174045733
v 0.121625983462329 0.102912356917604 0.0943458638392729
v 0.320350008590019 0.119003180461451 0.0624190856586761
v 0.138703272250049 -0.141462342734362 0.0970223159610916
v -0.157424949141625 0.0800363047540397 0.316404022901881
v 0.206118642574602 -0.0395200169441355 0.189363027761845
v -0.463015537879013 -0.195053223654524 0.181972672759726
v 0.223960692732946 0.17352176535983 0.0233509220361719
v -0.0561029277877175 0.166562874271294 0.522339574036857
v 0.291507458316655 -0.0206182632382826 0.123153679168331
v -0.128190768840638 0.279028898518413 0.523656218080144
v -0.424136786453751 -0.235764264027871 0.217595642414671
v -0.284824623360012 0.102746519123063 0.25475777536196
v -0.447920741243661 -0.1727032704401 0.0853145172041404
v -0.164395756734196 0.289257895204705 0.394346075401637
v -0.495199456493479 -0.0845781001769848 0.187844882471072
v -0.474774533253945 -0.173746589932382 0.182650219110998
v -0.0258263853473101 0.0158627676376488 0.172350834982194
v 0.154514858288703 0.0429910683666698 0.15576431251495
v -0.125617942232785 0.147176182781355 0.398724180183024
v -0.316471517649114 -0.259425955753377 0.181008433433942
v -0.456852910945641 -0.0945746017613955 0.293502373363491
v -0.341945576698492 -0.28687128626494 0.136853691125848
v 0.142758487315836 -0.0295809507098936 0.201906575753958
v -0.32242585249677 0.0862847006018503 0.381137457734218
v -0.400276454523355 0.0227042301942498 0.226064742947939
v -0.329375288169152 0.0945374972080094 0.286111695305985
v -0.371770670439758 -0.172172090194749 0.0295306677833814
v -0.439546916412559 -0.0326151581428062 0.311533260049947
v -0.338004009914537 0.0839760737992084 0.246137702659016
v -0.381924814234999 0.0443484958822315 0.0867032376701609
v -0.273835470955248 -0.0679852150497388 0.365849160208326
v -0.420838230586352 -0.180768451880006 0.287054681181574
v -0.3678456102309 0.0555219289826257 0.198911199253604
v -0.315069152682095 -0.254177206595925 0.200932031827219
v 0.221976992760868 0.106601293593476 0.0922521007908265
v 0.119724533160868 -0.186273028534075 0.0520417181692138
v -0.168339411498811 0.0212398554880827 0.283461305581136
v -0.447517792776279 -0.0649924562193551 0.0500341624594063
f 2697 2992 2416
f 2461 2942 1924
f 1761 1867 2874
f 2697 2416 4625
f 2648 2671 2961
f 2978 2591 368
f 1816 2460 3040
f 1729 2845 1972
f 1966 2502 2347
f 1799 2916 2875
f 2617 1836 1971
f 2563 2686 1812
f 3085 2762 2829
f 2609 2685 1965
f 2393 1727 2630
f 2420 2609 2842
f 684 2439 2644
f 3221 684 2693
f 2514 1844 2774
f 2582 2935 2512
f 1629 2507 2581
f 1306 1942 721
f 2874 2968 1921
f 2690 1860 2779
f 2701 1731 2589
f 2905 1639 5130
f 1848 1563 1638
f 3134 1678 2865
f 2979 2481 2546
f 4282 1590 4218
f 2622 2715 2460
f 2860 3222 3443
f 2867 2776 1890
f 2533 2646 2567
f 3063 1944 2562
f 3012 2766 1746
f 1929 2655 5718
f 1811 2573 2618
f 2605 1815 4676
f 1844 2514 1822
f 4348 2873 559
f 3181 2856 1568
f 2753 2525 2510
f 2758 87 2712
f 3827 1837 2492
f 1786 2926 1737
f 2711 1526 2606
f 3173 1420 4585
f 1868 1629 2925
f 2507 2470 2581
f 1194 3457 1543
f 1671 3051 2523
f 2415 1852 2983
f 4466 2841 1883
f 1671 2675 4274
f 2770 2702 2525
f 3507 3904 2711
f 2577 4261 4219
f 2793 1847 1958
f 3060 2523 1760
f 1658 1781 1757
f 1803 2446 2690
f 2572 2686 1405
f 1826 2518 2866
f 2516 1745 1947
f 1855 2748 2623
f 2806 1996 3040
f 2844 2942 2472
f 621 3444 1677
f 684 2960 2439
f 3052 2760 2485
f 1935 2478 1795
f 2595 1722 2475
f 2896 2752 2841
f 1689 2399 2733
f 1900 1837 2864
f 1895 2679 2967
f 2957 1978 2750
f 1830 1778 1616
f 2866 2701 1826
f 1882 3048 1510
f 2876 2347 1681
f 2376 2567 2646
f 1503 1972 2845
f 2739 2574 1664
f 1775 1733 2542
f 3001 2474 2961
f 2454 2416 2992
f 2997 2922 3548
f 1422 1926 2620
f 2426 758 2484
f 5718 2875 2850
f 1879 1922 1679
f 5718 2651 1929
f 3221 2693 2535
f 1776 1811 2465
f 1777 2695 2455
f 2427 2750 1978
f 2461 2764 2656
f 2569 4676 1760
f 1920 1667 2544
f 3133 3553 818
f 1708 2606 1526
f 2396 2619 1970
f 1745 2896 2841
f 2724 2011 1600
f 1503 2845 2476
f 2791 1695 2779
f 2864 2719 1900
f 2926 4585 1420
f 1690 1854 2430
f 2757 2843 1815
f 2449 4625 2917
f 2916 2661 2850
f 2703 2191 2822
f 2529 3126 2501
f 1638 2854 1848
f 2158 1623 4284
f 1821 2849 2581
f 1670 1775 2542
f 4901 2721 2499
f 2627 2980 1995
f 2782 2629 1908
f 2678 4692 2854
f 3548 1600 1914
f 1604 2438 5007
f 4810 2471 1942
f 4069 5130 1639
f 3068 1418 1389
f 2571 1624 2426
f 1738 2410 2774
f 2580 1667 1920
f 1868 2925 2616
f 962 1491 2717
f 2475 1722 2489
f 2866 2518 2693
f 4458 2526 156
f 2694 1843 1767
f 1615 1894 1699
f 2659 1939 1885
f 2966 3257 2784
f 2801 1611 2476
f 1672 2659 2446
f 2697 1496 2992
f 3181 2397 2856
f 2903 1574 6120
f 3225 1671 3300
f 2824 2590 1753
f 1801 2812 2887
f 2523 2675 1671
f 2450 2462 2506
f 3194 2440 1689
f 2702 2770 1663
f 2462 2010 1901
f 1910 1723 1875
f 1957 1664 2603
f 2557 2550 2900
f 2487 2554 1767
f 2474 2648 2961
f 3328 5426 1416
f 1592 1952 712
f 1576 1646 2618
f 1827 1893 1963
f 1940 1611 2580
f 2437 2447 2588
f 5024 1573 5443
f 2552 2617 2858
f 1856 2904 2736
f 1962 1994 4810
f 2738 1545 2575
f 2540 1784 2376
f 2562 1814 2762
f 1731 2830 2589
f 2517 2509 1786
f 2780 2576 2398
f 4219 608 1754
f 1990 2560 2545
f 2999 1650 1808
f 2910 2640 2409
f 1166 2632 5849
f 621 598 2343
f 2979 2546 1616
f 1887 1970 2619
f 3827 3443 1837
f 1889 1840 1722
f 1911 2628 2910
f 1868 2616 2870
f 3085 2994 4321
f 2644 2693 684
f 2542 2907 1670
f 5433 2470 2501
f 1847 1939 2983
f 1958 2983 1852
f 4142 1963 3622
f 1964 1723 131
f 1650 2999 1931
f 597 1710 607
f 1961 2020 2620
f 2607 5648 5878
f 1854 1658 5151
f 2706 2821 2744
f 2811 2882 5499
f 3716 2025 1107
f 2533 2567 1804
f 1783 1657 1601
f 2775 2678 2733
f 2862 1783 1833
f 2733 1649 1689
f 4502 817 2980
f 2739 2663 2683
f 2480 2438 1604
f 5426 5828 5248
f 2599 1959 2766
f 2894 2716 2544
f 1973 1822 2514
f 1749 1879 1679
f 1803 2714 2446
f 3052 2731 2557
f 6138 5443 1798
f 2451 1847 2793
f 2678 2854 5119
f 1896 2773 2794
f 1867 2473 2968
f 2694 5003 1843
f 4339 2905 5130
f 4267 2190 1695
f 2557 2572 3052
f 2842 1965 1851
f 2997 1828 2966
f 4116 1553 1682
f 2853 2772 1870
f 689 553 982
f 1870 2734 1635
f 1839 2494 2837
f 2893 2001 3468
f 4476 4322 1923
f 2457 2648 5004
f 2875 5718 2761
f 2900 1917 1530
f 2190 559 2873
f 4810 1994 2471
f 1663 5575 2702
f 1787 2585 2985
f 1997 4932 2534
f 1931 2408 1908
f 1931 1908 2629
f 1824 1884 1717
f 2938 1704 3194
f 2429 2975 589
f 589 558 2429
f 2716 1751 549
f 2695 1742 1496
f 2574 2957 1664
f 1798 2664 5878
f 1750 2655 5116
f 5433 3126 1595
f 2474 5004 2648
f 2653 2661 1625
f 2518 2460 1816
f 4274 2675 651
f 1867 2293 1866
f 2943 1639 2399
f 652 549 1751
f 2922 2724 3548
f 622 1886 4116
f 4290 1796 3022
f 2903 2679 2623
f 2859 368 2591
f 1754 1988 2946
f 1926 2586 5117
f 2759 2688 2553
f 1590 4282 2931
f 2912 2998 1804
f 2961 2410 2448
f 1678 1829 1612
f 2552 758 2435
f 1841 2408 2999
f 1777 2550 2731
f 4582 4703 2564
f 1740 1959 1925
f 2698 1617 4401
f 4283 2012 4304
f 1964 2736 2904
f 2599 3012 1732
f 2700 2485 2613
f 2979 2934 2481
f 2485 1658 2613
f 2677 4848 200
f 5163 2677 1878
f 1679 1698 2479
f 1976 2646 2533
f 1946 1767 1843
f 2864 5433 3445
f 2618 2465 1811
f 1674 4818 3040
f 2540 2376 1903
f 2869 2520 1707
f 1977 2642 2615
f 3322 2684 5705
f 2480 1709 2438
f 2934 1359 2908
f 2426 1776 2571
f 712 651 3440
f 1624 2571 1972
f 2656 2517 2461
f 2599 2912 2652
f 1743 1610 1886
f 4192 3752 2409
f 2686 2572 2900
f 1883 2752 2863
f 1833 3998 2548
f 1892 2435 758
f 1503 1624 1972
f 2588 1679 2479
f 1833 1306 3758
f 5028 1905 3411
f 1299 2403 1708
f 1722 2421 2489
f 4741 4806 4850
f 5499 2882 3241
f 2770 1527 2724
f 3048 1882 2573
f 1664 2594 2739
f 2723 3016 1753
f 4253 2483 2716
f 597 1598 1710
f 5007 2848 1559
f 1656 1699 2590
f 1889 1738 2774
f 2900 1812 2686
f 5649 2477 1850
f 1165 6123 1805
f 2552 2482 2484
f 1656 2590 2824
f 2802 1951 2020
f 1368 5689 1480
f 2874 2437 1761
f 2938 5119 1638
f 2695 2697 2455
f 1900 2719 2575
f 2685 1777 1824
f 2800 5007 2438
f 1576 2560 1990
f 1288 2602 2116
f 2458 2623 2679
f 2457 5004 2619
f 1864 2489 1832
f 2706 2744 2515
f 1713 2575 1545
f 4476 1598 597
f 2975 1625 2925
f 5983 3809 3891
f 5013 2646 2583
f 1689 2440 3063
f 1781 1658 2485
f 1623 2158 4285
f 1699 1656 2469
f 2644 2439 1525
f 2616 2916 1799
f 2020 2937 2620
f 2570 2598 1730
f 2582 2512 2706
f 2810 2892 1527
f 3047 1804 2567
f 4993 2784 3257
f 1917 2900 2455
f 1708 2403 2927
f 1504 2481 2934
f 2671 2514 2774
f 1306 1833 1601
f 2895 1766 1865
f 1496 2589 2830
f 1912 2502 1966
f 2581 2864 1821
f 3433 2684 3072
f 2589 2877 2701
f 1680 2772 719
f 1914 1709 1785
f 1775 1670 1795
f 2629 1840 1822
f 559 2190 4267
f 622 2386 2672
f 1864 1971 2475
f 2700 2613 2610
f 1973 2583 1822
f 2457 2396 1903
f 2156 2710 1565
f 2455 2697 1917
f 1752 1866 1640
f 2793 1698 1823
f 1901 2917 2462
f 2754 5277 5745
f 2985 4271 1787
f 5116 2503 2887
f 1821 2864 1837
f 2878 5302 3333
f 4211 4267 1695
f 1861 2737 1892
f 3150 2796 3187
f 1870 5014 2853
f 2907 2542 1960
f 4252 2624 2871
f 2736 1964 131
f 3001 2509 2474
f 1859 2907 2160
f 1624 1559 2547
f 2507 2501 2470
f 5003 2489 2421
f 2420 1954 2622
f 2830 1857 2992
f 2778 1970 1422
f 1420 2397 3181
f 2812 1603 2487
f 2495 2744 2904
f 2569 2403 1299
f 5003 1832 2489
f 1530 1812 2900
f 3064 1351 4401
f 1861 2398 1577
f 2762 1512 2943
f 2451 1823 1901
f 1867 1866 2473
f 2937 2921 1975
f 5003 2782 1843
f 3460 598 1543
f 1737 1980 1734
f 2735 1620 2768
f 622 2672 1886
f 2776 2867 1623
f 1372 607 1710
f 1721 1723 2601
f 2822 3184 1913
f 1976 2583 2646
f 2480 2751 2898
f 558 1948 2429
f 2014 2828 1820
f 1930 1659 4221
f 2544 2743 2649
f 2517 1737 2611
f 1794 2493 1940
f 1815 2605 2757
f 4973 4561 4848
f 2496 2640 1948
f 1964 2904 2601
f 2572 2760 3052
f 1598 1923 1996
f 1525 2439 4211
f 1686 2610 1858
f 1239 5334 5023
f 2765 2605 1299
f 1372 2698 688
f 2975 2429 1625
f 2873 4348 2852
f 5116 2887 1750
f 2556 2938 1638
f 1801 5151 1603
f 1786 1737 2517
f 1542 1674 2715
f 2233 4037 2092
f 1597 1590 2469
f 2456 2509 3001
f 2493 2476 1611
f 4285 1682 2776
f 2621 2821 2512
f 2496 1948 464
f 1740 1614 1545
f 1526 1545 1614
f 1334 2665 4458
f 5119 2854 1638
f 3402 2498 2628
f 2640 1928 2653
f 2478 2858 2617
f 1640 2415 2633
f 2658 1905 2633
f 2435 1836 2617
f 1670 1727 2393
f 1717 1851 1965
f 1821 1837 3443
f 1749 2804 3184
f 1921 1896 2794
f 1981 2931 3059
f 3009 2965 2828
f 1382 2624 3058
f 1832 1775 1864
f 2894 2544 2699
f 1863 2020 1961
f 1659 1930 1855
f 2488 3129 1895
f 1598 1996 1710
f 1944 3063 2440
f 2428 1946 1908
f 1796 131 1910
f 2734 1707 2520
f 1981 1699 2469
f 2403 2523 3051
f 2758 1546 2647
f 1957 2699 1667
f 5259 2593 1140
f 1977 1925 1959
f 2659 1672 1939
f 1862 2670 2898
f 1797 1962 1858
f 3133 2980 575
f 2480 2898 1709
f 1690 2759 2610
f 2877 3053 2420
f 2660 5066 2981
f 2012 2797 5575
f 2862 1833 2548
f 2426 1902 758
f 1995 2980 2824
f 2506 2917 4625
f 4252 2931 4282
f 1784 2540 1899
f 1503 2476 2881
f 1954 2715 2622
f 5163 1878 4860
f 4198 4169 947
f 2611 1915 2461
f 2655 3009 2553
f 721 3758 1306
f 2669 2840 2673
f 1734 2582 2611
f 1635 2520 2621
f 2472 2586 2844
f 4818 2698 2806
f 1795 1971 1864
f 2741 2711 3904
f 1774 2734 1870
f 3001 2448 3173
f 2791 2720 1695
f 4561 93 4577
f 2942 2461 1915
f 4221 3057 1352
f 4582 2564 1806
f 3312 2607 3482
f 1752 1640 2585
f 1709 2898 1785
f 4598 2836 68
f 3717 1853 4025
f 1646 1874 2635
f 2191 2703 1727
f 2950 1938 2565
f 1422 2620 1975
f 1830 2546 2601
f 1717 1858 1962
f 2014 2553 3009
f 3453 1825 5026
f 1684 2488 2753
f 1515 2491 2386
f 3059 2658 2633
f 2864 2470 5433
f 2582 2645 1915
f 2805 1804 2998
f 1757 1781 2067
f 2938 3194 1649
f 2617 1971 2478
f 2594 1611 2801
f 1733 1873 1960
f 1959 2587 2766
f 1884 2731 2700
f 2759 1797 1858
f 1842 2720 1857
f 1645 2495 1856
f 2570 2319 2598
f 1525 4211 1842
f 1980 2712 2674
f 1935 2691 2478
f 1978 2957 2574
f 4348 2643 2852
f 2856 2397 2438
f 1526 1614 1708
f 1938 1760 2565
f 558 464 1948
f 2935 1725 2192
f 2393 1935 1670
f 1911 2409 3752
f 2679 2956 2967
f 2376 1784 2567
f 4284 1623 608
f 688 2698 4401
f 2735 2545 2560
f 2948 2683 2663
f 2687 2319 2570
f 1900 2575 2492
f 4191 4069 1512
f 1977 2843 1925
f 2757 2765 1925
f 2701 1525 1731
f 3744 2854 4692
f 2411 1909 4559
f 553 1848 2854
f 2190 2779 1695
f 4204 4692 2678
f 87 2803 2892
f 2980 2627 4502
f 3752 1293 1911
f 2741 3904 1898
f 2687 1940 1920
f 4323 672 1829
f 1746 2766 2587
f 1973 2514 1916
f 1893 2319 2649
f 1526 2711 1713
f 1887 1924 2844
f 1568 2647 3181
f 2796 5330 5889
f 3375 1929 2651
f 2946 1359 1029
f 2806 3040 4818
f 1597 2469 1656
f 2656 2474 2509
f 2968 2874 1867
f 1615 2825 1894
f 2518 2535 2693
f 1742 3053 1496
f 1963 1893 2743
f 1817 2614 4466
f 2760 2572 1405
f 2724 2892 2803
f 1650 1822 1976
f 1854 2613 1658
f 1935 2393 2691
f 2506 2454 2450
f 1681 2968 2626
f 3048 2482 2552
f 1905 2585 2633
f 2878 2882 5302
f 3402 2459 3375
f 1792 2012 5575
f 1827 2865 1893
f 1629 2558 2975
f 1830 2601 2904
f 2978 3574 694
f 1352 2159 1060
f 2463 2691 2393
f 5426 3328 5828
f 2703 2630 1727
f 4290 3784 1796
f 1577 1839 3173
f 2674 1734 1980
f 2934 2908 1504
f 2706 2515 2645
f 2778 2396 1970
f 3060 1760 1938
f 2589 1496 3053
f 2641 1841 2999
f 2629 2421 1840
f 1677 2880 1895
f 2472 1645 2586
f 2640 2910 1928
f 2355 2448 2410
f 2825 2723 1894
f 2545 2771 2722
f 2907 1960 2604
f 1795 1864 1775
f 2937 2020 1951
f 1789 1809 1787
f 2747 1704 2556
f 2492 1898 4280
f 2634 1405 2686
f 2580 1920 1940
f 2821 2621 1955
f 2739 2801 2663
f 1778 1955 1616
f 2926 1420 3181
f 2653 2850 2661
f 1610 1504 1890
f 2652 2912 3047
f 1670 1935 1795
f 2011 2724 2803
f 1503 2881 2713
f 1821 3443 3136
f 2606 2927 4138
f 1936 3156 4366
f 1938 2950 2417
f 1882 1510 1620
f 4219 2899 608
f 2458 1895 2880
f 4993 4070 2784
f 2760 1781 2485
f 2435 1892 1807
f 2806 1710 1996
f 1737 1768 1980
f 2629 1822 1650
f 2942 2844 1924
f 4339 4204 2775
f 5642 5709 1315
f 1563 1848 689
f 4221 2880 3444
f 2355 1861 1577
f 2540 1903 2396
f 4406 2660 5021
f 2967 2810 2753
f 3555 3056 589
f 2957 2603 1664
f 2687 2649 2319
f 3303 2477 5419
f 1862 2751 1730
f 3016 1672 2446
f 1826 2877 2622
f 3221 2535 4322
f 2857 2894 2699
f 1646 1576 2895
f 1814 2562 1966
f 1826 2460 2518
f 1421 2639 5754
f 2768 2463 2393
f 3047 2567 1784
f 5277 2754 1451
f 2857 1563 1751
f 4274 1952 3925
f 1959 2652 1977
f 1742 2609 3053
f 1851 1657 2842
f 2931 1981 1590
f 4848 4829 4973
f 2829 2762 1814
f 2629 2782 2421
f 2487 1603 2554
f 2450 1860 2462
f 1766 2584 1865
f 2191 1859 2160
f 2546 1721 2601
f 1678 1612 1877
f 1958 1847 2983
f 5795 2639 1165
f 2594 1667 2580
f 3992 4006 3805
f 1930 2853 5014
f 2507 1629 1868
f 1530 1917 2534
f 1721 1875 1723
f 2736 1934 1856
f 2534 2449 1997
f 1988 1754 608
f 1828 2670 1612
f 2732 1865 2584
f 1955 2520 2869
f 2555 5745 5330
f 1896 1681 2347
f 5445 5878 2664
f 2622 2460 1826
f 1959 1740 2587
f 1624 1503 2713
f 3184 2822 2563
f 1674 2460 2715
f 5004 2474 2631
f 2437 2874 2722
f 1615 1699 1981
f 1576 1990 2895
f 1879 1997 1922
f 4304 1792 4070
f 1729 2571 2465
f 1629 2581 2849
f 1299 1708 1614
f 3047 1784 2642
f 2430 5116 2688
f 2759 1858 2610
f 1722 1840 2421
f 1875 3022 1910
f 1725 2935 2674
f 2738 2587 1740
f 3022 1875 1743
f 2765 2757 2605
f 2550 2557 2731
f 2865 2598 2319
f 1645 2515 2495
f 2736 2530 1934
f 5878 5445 2607
f 1383 1724 2343
f 1200 3440 651
f 3175 2777 1363
f 1512 2762 3085
f 1801 2887 2503
f 689 652 1563
f 1778 2744 2821
f 1803 2873 2714
f 1107 3513 3998
f 5655 2654 5328
f 2998 1732 2539
f 2961 2448 3001
f 1635 2621 2192
f 6029 2593 3544
f 1657 1783 1741
f 1890 1553 1886
f 212 1878 200
f 2651 2850 1928
f 2487 1946 2428
f 2703 2768 2630
f 1847 2451 1885
f 2457 2619 2396
f 2733 5119 1649
f 1811 2482 2573
f 3574 5010 2965
f 1749 3184 1879
f 2825 1615 2983
f 1665 292 5056
f 1186 3222 2860
f 2935 2582 1734
f 3016 2446 2714
f 5014 1855 1930
f 4810 1601 1657
f 1787 2994 1789
f 2457 1903 1941
f 2483 2743 2544
f 2994 1787 4271
f 1690 2610 2613
f 2765 1299 1614
f 1852 1866 2293
f 1750 2761 2655
f 1684 2510 2797
f 2530 2736 131
f 2830 1731 1857
f 2821 1955 1778
f 2857 1957 2747
f 1862 1612 2670
f 1378 5300 3316
f 3474 1543 598
f 2651 1928 2498
f 3667 2705 3758
f 2905 2399 1639
f 1785 3548 1914
f 1801 2503 5151
f 3246 2792 3150
f 2514 2671 1916
f 2552 2435 2617
f 4625 1917 2697
f 1512 4069 1639
f 2067 2604 1960
f 3445 1595 5073
f 2908 2867 1504
f 2797 2012 4283
f 1797 2014 1994
f 3512 1349 4414
f 2577 2946 1029
f 1672 3016 2723
f 3051 2927 2403
f 3267 4150 3744
f 2385 1422 1970
f 1902 2547 2780
f 1603 1757 2554
f 2510 2525 2702
f 2926 1786 4585
f 1625 2429 1948
f 2857 2556 1563
f 2495 2904 1856
f 2738 1740 1545
f 2067 1873 2554
f 3300 1389 3225
f 2471 1820 1942
f 1527 2525 2753
f 1944 1966 2562
f 1824 1965 2685
f 1510 3048 2691
f 2931 4252 2658
f 2603 2747 1957
f 1722 1813 1889
f 2594 1957 1667
f 1727 1670 1859
f 2846 2519 3752
f 1656 2824 3133
f 1813 2737 1738
f 4810 1942 1306
f 2723 1753 2590
f 1896 1921 1681
f 1859 1670 2907
f 4304 2710 4283
f 1672 2723 2825
f 2627 2852 2643
f 2802 1863 2625
f 100 2445 4958
f 4676 1815 1951
f 3129 1684 598
f 1894 2590 1699
f 1498 1604 2881
f 2695 2685 1742
f 1576 1882 2560
f 2881 2947 1498
f 2347 2502 1896
f 2757 1925 2843
f 2478 2691 2858
f 1940 2687 1794
f 2454 2506 2416
f 5983 2568 2233
f 1656 3133 1597
f 1913 3184 2804
f 1884 1824 2731
f 2689 2343 1724
f 2355 1738 2737
f 2695 1496 2697
f 1695 1842 4211
f 3130 1770 1555
f 3053 2877 2589
f 2606 3551 2711
f 2748 1725 1574
f 1659 2623 2458
f 2737 2595 1807
f 1405 2634 2160
f 1973 5013 2583
f 2656 2764 2474
f 2426 2547 1902
f 2558 589 2975
f 1342 1798 5648
f 1960 2542 1733
f 1060 2772 2853
f 1680 1029 1774
f 2931 2658 3059
f 1794 2947 2493
f 4138 3551 2606
f 2679 1895 2458
f 2487 1767 1946
f 1863 1934 2530
f 4466 2614 1947
f 2459 1929 3375
f 1657 1741 2842
f 1914 1600 1568
f 2948 2663 1729
f 2641 2516 1841
f 2611 2461 2517
f 4611 2717 1491
f 1899 1975 2615
f 1854 1690 2613
f 2670 1828 1785
f 2896 2559 3126
f 1498 2751 2480
f 1832 1733 1775
f 2456 3001 3173
f 1749 2447 2804
f 2938 1649 5119
f 2880 1659 2458
f 1752 1809 2473
f 2450 2720 2791
f 1809 2626 2473
f 2922 2997 2770
f 2409 2496 4192
f 3322 1363 2777
f 1611 1940 2493
f 4261 2577 1214
f 5066 3221 2981
f 3173 4585 2456
f 2520 1635 2734
f 2771 2545 2735
f 2557 2900 2572
f 2487 1817 2812
f 3998 1833 3758
f 2748 5014 1881
f 684 5066 3511
f 1577 3173 2448
f 2850 2651 5718
f 3622 2483 4253
f 2943 1512 1639
f 2160 2604 2760
f 1829 3257 1612
f 1856 5117 1645
f 1293 694 2628
f 621 2343 2689
f 1890 1886 1610
f 2825 2983 1939
f 2480 1604 1498
f 2732 2574 2683
f 1757 5151 1658
f 2563 4932 3184
f 2472 2942 2515
f 4221 1060 1930
f 4831 2836 3204
f 394 3461 3222
f 2925 1625 2661
f 1792 1663 2784
f 2911 4219 4261
f 3667 2717 1499
f 3034 1602 2911
f 1663 2770 2997
f 2997 1785 1828
f 3440 2950 131
f 2483 1963 2743
f 2489 1864 2475
f 1946 1843 1908
f 1809 1789 2626
f 4676 2565 1760
f 1803 2690 2779
f 2111 5334 3351
f 3706 3891 3837
f 1898 2575 1713
f 2782 1908 1843
f 1512 3085 4191
f 493 4414 1349
f 2670 1785 2898
f 6029 5328 3394
f 1820 2471 1994
f 2530 2625 1863
f 2111 351 4665
f 4138 3225 748
f 2559 2539 5073
f 3784 712 3440
f 2797 4283 2001
f 1965 2842 2609
f 2454 2992 1857
f 2588 1761 2437
f 2470 2864 2581
f 1832 2694 1733
f 1867 1761 2293
f 2539 2559 1745
f 589 2558 3555
f 1777 2455 2550
f 1723 1910 131
f 1865 1874 1646
f 1797 2553 2014
f 3022 1743 2672
f 2479 2293 1761
f 1948 2640 1625
f 1886 2672 1743
f 2895 1865 1646
f 3257 2966 1828
f 2875 2863 2752
f 2999 1808 2641
f 1803 2779 2190
f 1890 1504 2867
f 1659 1855 2623
f 5010 1820 2828
f 2796 5889 1177
f 1836 2475 1971
f 2686 2563 2634
f 2917 1901 1823
f 1576 2573 1882
f 2539 2516 2998
f 1530 2534 4932
f 2690 2446 2659
f 1698 1679 1922
f 1887 2631 1924
f 598 621 3129
f 2752 1799 2875
f 3134 4323 1678
f 2447 1749 2588
f 4290 2672 2386
f 2492 4280 3827
f 1842 1731 1525
f 2975 2925 1629
f 2674 1574 1725
f 2722 2874 1921
f 3047 2912 1804
f 1877 1612 1862
f 3411 2658 4252
f 1828 1612 3257
f 2465 2618 2635
f 2678 2775 4204
f 2550 2455 2900
f 2595 2737 1813
f 2713 2881 1604
f 2496 2409 2640
f 1931 2999 2408
f 1689 3063 2943
f 1635 2192 1881
f 1623 1988 608
f 1926 2385 2586
f 5116 2430 2503
f 3553 3133 575
f 5014 2748 1855
f 2701 2866 2644
f 4401 1617 3513
f 3225 4138 2927
f 1646 2635 2618
f 1510 2691 2463
f 2772 1680 1774
f 2461 1924 2764
f 2855 719 3455
f 2534 4625 2449
f 3052 2700 2731
f 2415 3059 2633
f 2720 2450 2454
f 1995 2824 1753
f 2430 1854 2503
f 1947 2614 1841
f 2773 2502 1766
f 1577 2398 1839
f 2751 1498 2947
f 4598 202 2836
f 2647 2011 2803
f 1898 1713 2741
f 2797 2510 5575
f 2506 2462 2917
f 3574 962 5010
f 2642 1784 1899
f 2602 2607 5445
f 4401 2412 3064
f 2649 2743 1893
f 131 2625 2530
f 1829 672 3257
f 2862 1617 4818
f 2594 1664 1957
f 1885 1901 2010
f 2895 2794 2773
f 1343 3316 5374
f 2761 5718 2655
f 1966 1944 1912
f 2507 2870 2501
f 2465 2635 2948
f 1914 2856 1709
f 1725 1881 2192
f 1754 2946 2577
f 2420 2842 1954
f 5014 1870 1881
f 1830 1616 2546
f 1722 2595 1813
f 2671 2774 2410
f 1601 1833 1783
f 2683 1874 2732
f 2852 2714 2873
f 4893 200 4721
f 1107 2412 3513
f 2675 3060 1200
f 2895 2773 1766
f 4829 2721 4901
f 2739 2683 2574
f 1962 1797 1994
f 4218 1590 1597
f 2529 2896 3126
f 1961 2620 1926
f 1873 1733 2694
f 2947 1794 1730
f 3009 2655 2459
f 2935 2192 2512
f 2801 2845 2663
f 1674 3040 2460
f 2627 1995 2852
f 3507 2711 3551
f 1660 2643 3423
f 2641 2998 2516
f 1681 1921 2968
f 2494 2848 2837
f 2611 2582 1915
f 3484 1927 5422
f 2116 1573 5717
f 1695 2720 1842
f 1814 1789 2829
f 1898 2492 2575
f 1796 1910 3022
f 2907 2604 2160
f 4993 3393 3161
f 2947 2881 2493
f 2539 1745 2516
f 2752 1883 2841
f 2644 1525 2701
f 1816 1996 1923
f 1734 2674 2935
f 2482 1811 2484
f 1768 1737 2926
f 2693 2644 2866
f 1680 719 1214
f 2634 2822 2191
f 2560 1620 2735
f 2627 2643 4502
f 1862 2898 2751
f 1995 3016 2714
f 4676 1951 2565
f 2552 2858 3048
f 2804 2486 1913
f 3998 3758 2705
f 2408 1841 2614
f 2716 2894 1751
f 1863 2802 2020
f 1842 1857 1731
f 2552 2484 758
f 1734 2611 1737
f 2517 2656 2509
f 2732 1874 1865
f 4142 3134 1827
f 2896 2529 2752
f 1844 1822 1840
f 1774 1870 2772
f 4218 1597 818
f 1553 4116 1886
f 2722 1990 2545
f 3300 1671 4274
f 2648 1916 2671
f 1839 2398 2494
f 1595 3126 2559
f 1629 2849 2558
f 1978 2584 2427
f 3129 621 1677
f 1902 2780 758
f 2010 2462 1860
f 2111 1502 351
f 1823 1698 1922
f 3225 3051 1671
f 1850 5300 3071
f 1616 2869 2979
f 1615 1981 3059
f 2355 2410 1738
f 4262 2709 5047
f 2859 2591 1293
f 5013 1941 1903
f 2943 2399 1689
f 2937 1975 2620
f 962 721 1942
f 2615 2843 1977
f 2671 2410 2961
f 1976 1808 1650
f 2803 87 2758
f 1686 1858 1717
f 2778 2540 2396
f 3016 1995 1753
f 1816 1923 2518
f 2846 3752 4192
f 2876 1789 1814
f 3012 1746 3445
f 5411 2555 3030
f 2494 2398 2576
f 2523 2403 2569
f 2732 1978 2574
f 2647 2803 2758
f 2607 2602 3482
f 2523 2569 1760
f 2494 2576 2848
f 2805 2998 2641
f 1892 2780 1861
f 5028 4271 2985
f 1752 2473 1866
f 1674 1542 4818
f 5935 5302 1505
f 2355 1577 2448
f 2609 2420 3053
f 1778 2904 2744
f 2880 1677 3444
f 2857 2747 2556
f 2553 1797 2759
f 2917 1823 1922
f 2625 2950 2802
f 1862 1730 2598
f 2780 2398 1861
f 2479 1958 2293
f 2688 2759 1690
f 2775 2905 4339
f 2761 1750 2863
f 4559 3156 2500
f 2427 1912 1944
f 4553 426 4866
f 5648 2607 6075
f 2678 5119 2733
f 2067 1960 1873
f 2001 3474 1684
f 2376 2646 5013
f 2753 2510 1684
f 3555 2558 2849
f 2722 1921 2794
f 3411 1905 2658
f 2805 1808 2533
f 2921 1815 2843
f 1801 1603 2812
f 4221 1659 2880
f 688 607 1372
f 1823 2451 2793
f 2523 3060 2675
f 2768 1620 2463
f 2773 1896 2502
f 5330 5745 3313
f 2594 2801 2739
f 3240 5248 3087
f 4192 2496 464
f 292 1909 2991
f 2801 2476 2845
f 3316 5300 5374
f 1505 5302 2882
f 1677 1895 3129
f 5003 2421 2782
f 2863 2875 2761
f 1830 2904 1778
f 1422 2385 1926
f 4290 3022 2672
f 2775 2733 2399
f 1889 1844 1840
f 2732 2584 1978
f 3474 2893 1194
f 1781 2760 2604
f 2857 2699 1957
f 2896 1745 2559
f 2800 2837 2848
f 3222 1186 1770
f 2719 2864 3445
f 2598 2865 1877
f 2588 2479 1761
f 2459 2655 1929
f 3194 2750 2440
f 1167 2792 1550
f 2466 1876 450
f 2683 2948 1874
f 2908 1359 2946
f 2440 2750 2427
f 2910 2498 1928
f 1852 2415 1640
f 1804 2805 2533
f 2609 1742 2685
f 2876 1814 2347
f 1553 2776 1682
f 2714 2852 1995
f 553 689 1848
f 1515 2386 1069
f 2870 2616 1799
f 1912 1766 2502
f 560 1825 3453
f 2921 2937 1815
f 1741 1542 2715
f 5300 1850 2477
f 5923 1927 1537
f 2535 2518 1923
f 2647 1568 1600
f 4283 3468 2001
f 2791 2779 1860
f 1576 2618 2573
f 5013 1903 2376
f 1294 2425 4322
f 1971 1795 2478
f 2824 2980 3133
f 1422 1975 2778
f 2415 2983 1615
f 1939 1672 2825
f 2687 2570 1794
f 2848 2576 2547
f 3248 3211 5689
f 3194 1689 1649
f 3052 2485 2700
f 2734 1774 1029
f 2529 2501 2870
f 1684 3129 2488
f 1383 2343 3460
f 2858 2691 3048
f 2594 2580 1611
f 1574 2623 2748
f 2751 2947 1730
f 2544 2716 2483
f 1912 2427 2584
f 1885 2010 2659
f 2631 2764 1924
f 815 2233 4104
f 2599 2652 1959
f 2493 2881 2476
f 1881 1870 1635
f 1824 1717 1965
f 2319 1893 2865
f 1610 1875 1721
f 1990 2794 2895
f 4182 2422 1199
f 2560 1882 1620
f 962 2717 721
f 2720 2454 1857
f 2660 2981 2944
f 1926 5117 1961
f 2778 1899 2540
f 2956 2903 6120
f 1777 2731 1824
f 2869 1616 1955
f 1615 3059 2415
f 2409 1911 2910
f 1826 2701 2877
f 2917 1922 2449
f 5000 3034 588
f 2876 1681 2626
f 1740 1925 2765
f 2677 4829 4848
f 2472 2515 1645
f 1751 1563 652
f 3402 2965 2459
f 2873 1803 2190
f 5117 1856 1934
f 2856 2438 1709
f 2487 2428 1817
f 1852 2293 1958
f 1617 2698 4818
f 3351 5334 1239
f 2655 2688 5116
f 5445 2116 2602
f 2965 3009 2459
f 902 2568 3706
f 2937 1951 1815
f 155 4582 4449
f 2428 1908 2408
f 3064 2025 5016
f 2599 2766 3012
f 1710 2806 1372
f 2747 2603 1704
f 1923 4322 2535
f 1958 2479 2793
f 2764 2631 2474
f 1617 2862 2548
f 3296 2519 2846
f 5117 1934 1961
f 2484 1776 2426
f 1315 5709 3484
f 2634 2563 2822
f 5760 2792 1167
f 1979 1817 4466
f 2735 2486 2771
f 2645 2582 2706
f 1598 4476 1923
f 3445 5073 3012
f 3667 1853 2705
f 2862 4818 1542
f 1955 2621 2520
f 5334 2709 4320
f 2412 1107 2025
f 1851 1717 1962
f 2758 1768 1546
f 1887 2844 2385
f 1873 2694 1767
f 2621 2512 2192
f 3402 2628 694
f 2626 2968 2473
f 2529 2870 1799
f 2735 2768 2486
f 1640 2633 2585
f 5774 1805 3524
f 4219 2911 2899
f 1776 2484 1811
f 2908 2946 1988
f 1964 2601 1723
f 1686 1717 1884
f 1708 2927 2606
f 1553 1890 2776
f 2629 1650 1931
f 1889 1813 1738
f 1973 1941 5013
f 1698 2793 2479
f 1690 2430 2688
f 1060 2853 1930
f 2712 87 6120
f 2724 1600 3548
f 2463 1620 1510
f 5073 2539 1732
f 1980 1768 2712
f 1545 1526 1713
f 1721 2546 2481
f 1809 1752 1787
f 2942 1915 2645
f 2447 2722 2771
f 1530 4932 1812
f 2804 2771 2486
f 5433 1595 3445
f 2934 1707 1359
f 2625 131 2950
f 1527 2753 2810
f 2427 1944 2440
f 2645 2515 2942
f 2659 2010 2690
f 1817 2428 2614
f 2722 2794 1990
f 3048 2573 2482
f 2737 1807 1892
f 2456 1786 2509
f 719 2772 2159
f 2547 1559 2848
f 2994 4271 4321
f 2495 2515 2744
f 3464 3322 5411
f 2770 2525 1527
f 2800 2397 2837
f 1860 2690 2010
f 2829 2994 3085
f 2748 1881 1725
f 2802 2565 1951
f 2465 2948 1729
f 87 2810 2956
f 549 4253 2716
f 2753 2488 2967
f 1766 1912 2584
f 2420 2622 2877
f 3440 2417 2950
f 2447 2437 2722
f 5334 4665 2709
f 1730 1794 2570
f 1976 2533 1808
f 2555 5411 2754
f 200 4848 4721
f 2700 2610 1686
f 1816 3040 1996
f 2870 2507 1868
f 2770 2724 2922
f 3402 3574 2965
f 3784 2491 1700
f 2615 1975 2921
f 2674 2712 6120
f 1757 1603 5151
f 1821 3136 2849
f 1836 1807 2595
f 1604 5007 2713
f 2706 2512 2821
f 2544 1667 2699
f 1851 1962 4810
f 2640 2653 1625
f 1727 1859 2191
f 1741 1783 1542
f 2449 1922 1997
f 2829 1789 2994
f 1610 1721 2481
f 1905 5028 2985
f 3460 1543 3457
f 2800 2848 5007
f 2966 2784 1663
f 1542 1783 2862
f 2997 2966 1663
f 3555 2849 3136
f 1905 2985 2585
f 4765 2840 501
f 5092 691 426
f 2642 1977 2652
f 2563 1812 4932
f 1574 2903 2623
f 2771 2804 2447
f 2583 1976 1822
f 1973 1916 1941
f 1863 1961 1934
f 4280 1898 3904
f 1285 1451 2777
f 2910 2628 2498
f 2595 2475 1836
f 2775 2399 2905
f 1862 2598 1877
f 1954 2842 1741
f 2631 2619 5004
f 2648 1941 1916
f 1750 2887 1883
f 5047 4665 5054
f 2715 1954 1741
f 3034 2911 4261
f 2916 2616 2661
f 2765 1614 1740
f 3375 2651 2498
f 1504 1610 2481
f 2957 2750 1704
f 1875 1610 1743
f 2385 2844 2586
f 3133 818 1597
f 4321 4191 3085
f 2876 2626 1789
f 2649 2687 1920
f 2586 1645 5117
f 4625 2416 2506
f 2486 2768 1913
f 2719 1746 2738
f 2957 1704 2603
f 3752 2519 1293
f 1887 2619 2631
f 1776 2465 2571
f 1979 2812 1817
f 1749 1679 2588
f 2615 2921 2843
f 2738 2575 2719
f 2703 1913 2768
f 3513 2548 3998
f 4860 1878 125
f 2791 1860 2450
f 3267 3744 4692
f 1768 2926 1546
f 1884 2700 1686
f 1889 2774 1844
f 2565 2802 2950
f 1899 2778 1975
f 1777 2685 2695
f 1894 2723 2590
f 1966 2347 1814
f 2948 2635 1874
f 1879 4932 1997
f 817 575 2980
f 2548 3513 1617
f 1887 2385 1970
f 1901 1885 2451
f 2908 1988 2867
f 1151 5186 1218
f 1707 2979 2869
f 2805 2641 1808
f 2576 2780 2547
f 1729 2663 2845
f 1899 2615 2642
f 1963 2483 3622
f 4449 4530 657
f 2355 2737 1861
f 4150 982 553
f 1792 4304 2012
f 2894 2857 1751
f 1981 2469 1590
f 1792 5575 1663
f 2934 2979 1707
f 1847 1885 1939
f 1657 1851 4810
f 3009 2828 2014
f 1827 1963 4142
f 1920 2544 2649
f 2457 1941 2648
f 2694 1832 5003
f 1372 2806 2698
f 1729 1972 2571
f 3051 3225 2927
f 1883 2863 1750
f 4437 2564 2669
f 691 1353 426
f 1879 3184 4932
f 2604 2067 1781
f 3470 5152 3469
f 3161 1593 1726
f 2860 3827 3013
f 4339 5130 3127
f 3056 1513 2665
f 3555 3136 3461
f 5023 3551 4138
f 5028 3411 3552
f 4692 4204 3824
f 3060 1938 2417
f 1069 4984 1515
f 1387 2972 4197
f 4262 3507 4320
f 1559 2713 5007
f 1398 3925 1952
f 2159 3455 719
f 1324 501 3137
f 3926 2504 1398
f 3373 1566 2820
f 4153 380 1386
f 970 3926 1700
f 3474 2001 2893
f 4435 4653 4241
f 2156 3468 2710
f 3134 2865 1827
f 2978 694 2591
f 5709 5316 3484
f 1820 1994 2014
f 4582 1806 334
f 1499 4025 3667
f 2915 5299 5890
f 1435 1433 2996
f 1599 2984 3079
f 1534 3098 1533
f 2095 5498 3182
f 6096 3140 3071
f 3140 5649 1850
f 5437 5676 1243
f 3236 3182 1547
f 5765 5721 5355
f 5304 1036 5449
f 2109 5034 3374
f 6082 5430 2109
f 3027 597 1454
f 3013 4110 1186
f 3064 2412 2025
f 684 3221 5066
f 3027 1294 4476
f 1724 1188 2689
f 2787 559 2666
f 1349 3512 1580
f 5020 4211 2960
f 3902 4990 722
f 4211 5020 4153
f 2859 1293 2519
f 2175 2167 5935
f 748 1160 1239
f 3054 3076 5948
f 2872 1523 1406
f 3423 4348 2787
f 3296 1328 2859
f 5000 627 5153
f 2940 4502 1660
f 963 2150 3877
f 4143 3411 4252
f 1653 1268 2879
f 4191 2872 1406
f 3554 3754 4271
f 4485 2006 4578
f 4993 3257 672
f 2689 3444 621
f 1575 1108 3575
f 5019 340 1880
f 1676 1675 3127
f 4304 1565 2710
f 1267 1770 1186
f 3068 2170 3350
f 2170 3623 3350
f 2767 4765 627
f 4261 2855 1442
f 3460 3457 1383
f 4982 2411 2436
f 228 1492 2823
f 4283 2710 3468
f 2784 4070 1792
f 1551 2914 2982
f 1810 2827 5447
f 3011 2785 3261
f 3328 3260 2826
f 5990 3284 6118
f 1435 2996 3103
f 1419 3367 1606
f 5412 5833 3315
f 5662 954 3893
f 5333 3877 5032
f 953 963 1417
f 4161 3089 1092
f 701 571 5170
f 458 2808 5139
f 1969 113 321
f 3724 3580 3169
f 1632 4771 32
f 374 330 1441
f 3209 2170 141
f 3623 268 3350
f 1398 393 3925
f 4485 2551 2006
f 2587 2738 1746
f 4625 2534 1917
f 2855 4261 1214
f 4501 3441 3070
f 1536 3441 4501
f 4458 2665 2526
f 2585 1787 1752
f 1293 2628 1911
f 254 4533 4751
f 1390 3542 2818
f 430 392 4663
f 4994 2988 1763
f 5000 1602 3034
f 1558 1557 2527
f 5045 423 1644
f 1387 2158 3451
f 3456 1326 228
f 3423 1150 1660
f 722 1327 1326
f 2666 3902 2787
f 2787 3902 722
f 1387 4994 4214
f 1069 622 3373
f 4406 4408 2434
f 1700 1592 3784
f 1499 4611 1158
f 1285 2777 3175
f 2941 5115 5790
f 5179 4957 915
f 408 3754 4638
f 1536 4501 1653
f 4214 4994 1682
f 4709 4439 467
f 1602 5000 5153
f 4477 588 1442
f 1352 3701 3455
f 4274 651 1952
f 1580 3512 4134
f 3300 4274 3068
f 3575 1230 1454
f 1433 5872 5488
f 3118 2121 1562
f 1395 3031 5233
f 1077 3499 3415
f 5627 3793 6139
f 1007 1122 2152
f 1219 5954 3286
f 1101 1180 1035
f 2949 2083 5408
f 3509 989 5310
f 5821 1280 997
f 5333 963 3877
f 1417 963 5333
f 2930 161 4208
f 5216 2380 3866
f 569 5122 3062
f 4738 4647 123
f 377 326 4898
f 417 4746 81
f 4959 4743 4724
f 4936 2400 1967
f 5046 40 7
f 4841 4607 157
f 40 2522 1152
f 3925 3068 4274
f 4190 4600 2749
f 4280 1569 3013
f 4320 3507 3551
f 393 427 3209
f 1796 3784 3440
f 4984 1069 2820
f 1324 3459 5153
f 372 588 1385
f 3904 4262 1569
f 435 4998 1762
f 3701 1188 4998
f 3017 4725 2650
f 3455 435 3386
f 464 1536 1653
f 4214 1682 4285
f 3667 3758 721
f 3027 4476 597
f 4153 4267 4211
f 1660 4502 2643
f 517 1261 4151
f 2929 1523 341
f 228 4691 3371
f 3371 4691 232
f 3423 722 1150
f 780 1386 4365
f 1327 1384 3220
f 4990 3902 780
f 4348 3423 2643
f 930 4153 1386
f 2871 4143 4252
f 818 3553 1661
f 1120 4321 3754
f 2528 2638 258
f 5016 1108 1575
f 4503 4323 3134
f 3027 4112 1294
f 5016 3108 431
f 1589 1351 1575
f 4077 1009 6033
f 2062 2032 693
f 4829 4901 4973
f 3215 5817 5476
f 3164 5839 2251
f 5436 5573 5513
f 6074 3410 3335
f 2796 3150 5330
f 5789 1245 3119
f 3482 5461 3312
f 3533 5273 6146
f 5616 3611 5268
f 1511 3942 3529
f 3789 5254 3663
f 5535 1075 3593
f 5926 5466 5254
f 1027 2306 5940
f 5548 5497 2118
f 3802 2183 1046
f 1448 638 4097
f 4022 4301 4128
f 4230 4135 2373
f 3903 3917 3830
f 1508 710 541
f 2279 4330 5038
f 348 4892 1436
f 4043 4044 3984
f 2030 4225 5169
f 438 4971 4684
f 4302 2005 210
f 36 1728 419
f 3024 4536 4426
f 4661 4511 104
f 445 708 4228
f 4901 4775 4831
f 121 4910 33
f 220 224 149
f 149 4645 4718
f 256 1984 5050
f 3353 2358 1287
f 5048 3138 3515
f 3824 878 3267
f 5048 409 1880
f 2888 3227 1492
f 1490 4483 2891
f 3369 3441 1536
f 2657 543 4976
f 3474 1194 1543
f 3013 1186 2860
f 1622 3061 631
f 1700 1515 970
f 4797 4514 399
f 4716 430 4557
f 1602 2899 2911
f 627 1324 5153
f 588 4477 1385
f 2650 374 1441
f 2893 3468 1119
f 2579 323 2578
f 1119 3468 4642
f 2156 3470 3469
f 2893 1119 1194
f 3451 4284 3459
f 2991 5056 292
f 4845 285 4722
f 1763 4116 1682
f 3515 1628 409
f 4737 1880 409
f 5049 1675 1628
f 4290 2386 2491
f 1880 340 5048
f 1492 2958 2823
f 1266 3442 3058
f 651 712 1952
f 3904 3507 4262
f 464 1653 2879
f 265 3174 1800
f 3667 721 2717
f 207 3174 265
f 302 4866 134
f 353 5026 3449
f 4690 4796 267
f 5029 3803 5695
f 2061 3661 3595
f 1630 5909 2113
f 3590 2090 5349
f 2079 3153 1654
f 2121 5289 5296
f 3077 2906 5447
f 3484 5422 5639
f 2878 3241 2882
f 5911 2920 3483
f 5520 6000 6122
f 3258 703 4118
f 3170 2307 4251
f 3254 1450 3289
f 2336 5576 3086
f 3261 5596 2728
f 3086 5739 5496
f 3207 3203 3326
f 3002 1449 5990
f 1618 3326 3002
f 6054 3005 3004
f 1693 3046 1769
f 1461 5292 5476
f 1626 3046 5401
f 1473 1696 3217
f 5473 5121 1486
f 5248 5828 1613
f 1608 5504 5890
f 5762 2982 3147
f 3147 3084 3151
f 3148 1432 3298
f 3323 2074 2834
f 6142 1447 1443
f 3238 3084 2982
f 1736 6064 6054
f 3255 1769 3252
f 1547 3471 3236
f 2982 2914 3238
f 3077 2995 2906
f 6013 5121 3233
f 3124 3377 3247
f 3203 5231 1694
f 1606 3367 5903
f 1423 3148 3298
f 6054 5888 3011
f 3298 6064 1423
f 5496 2336 3086
f 1549 3143 5488
f 1696 6127 3217
f 1715 5505 3252
f 1696 1446 5292
f 3387 3295 5536
f 5283 5018 3232
f 5361 2928 5946
f 1343 1581 3102
f 1415 2285 3102
f 3471 1347 3236
f 5395 5280 1347
f 3029 1460 5680
f 3289 1416 3254
f 1633 5702 1368
f 2839 5504 6049
f 3211 3377 3212
f 5748 5971 1486
f 3148 5576 2336
f 5696 5351 1693
f 2336 1549 3148
f 5748 5990 2923
f 5583 1371 5917
f 1626 3252 3046
f 1769 1425 1535
f 3098 5477 1439
f 6144 2932 3157
f 5597 1434 1548
f 1183 1212 5653
f 5417 5775 3168
f 5290 3314 1360
f 5971 5746 3079
f 3293 3066 5651
f 3318 1271 3382
f 1715 3252 1626
f 5817 3387 1461
f 2835 3073 5760
f 3140 1850 3071
f 2760 1405 2160
f 5498 5419 5649
f 2191 2160 2634
f 5946 3100 3264
f 3256 3383 3100
f 1769 3046 3252
f 5946 1497 5361
f 5601 5512 3491
f 5953 5018 1793
f 5793 5377 5591
f 1497 2145 5361
f 6098 1246 2044
f 3008 5697 1462
f 1343 1654 3316
f 1581 1343 3193
f 3153 1378 3316
f 2477 3303 5374
f 5760 3072 5791
f 5689 1427 1480
f 1242 1552 6118
f 3260 1694 2826
f 3247 1364 3167
f 3491 1517 5601
f 1218 3313 5745
f 3021 3115 5794
f 3252 5505 3255
f 3404 5665 5646
f 1517 3404 3091
f 2176 1395 5233
f 3180 1463 1263
f 2145 3232 5018
f 5611 5646 1380
f 1380 5646 5665
f 1305 1167 1550
f 1497 3180 1263
f 3090 1431 5839
f 5581 5998 1460
f 5664 3259 5404
f 2878 3334 5921
f 5244 1647 5853
f 2846 2879 1268
f 1719 1378 1647
f 5251 6153 1339
f 1427 3211 3212
f 1242 5340 1552
f 1619 5629 3067
f 5651 3329 1273
f 5617 5580 5347
f 2121 5986 3163
f 3474 598 1684
f 2955 5864 1317
f 5614 1720 5440
f 5691 3543 1201
f 1220 5403 1335
f 3404 1517 1247
f 2652 3047 2642
f 1263 5611 1497
f 5759 5498 3078
f 3428 5549 1222
f 1347 5802 3236
f 3078 5617 1262
f 3310 1375 5404
f 2175 5935 1317
f 5964 6083 1376
f 1196 5415 5637
f 1258 1318 5484
f 5499 3241 1408
f 5812 5507 5289
f 5864 5281 1317
f 2811 5499 3243
f 1477 1015 3192
f 3286 5429 1275
f 1429 5634 3250
f 5237 2236 5517
f 5733 5995 3304
f 1427 5689 3211
f 1914 1568 2856
f 3168 3283 2962
f 5259 1605 1537
f 3228 3224 3218
f 1609 5892 1685
f 5925 5352 3189
f 3325 5944 1520
f 2143 2176 5233
f 5809 5601 1758
f 5325 5659 1247
f 1718 5558 1562
f 5289 2121 3118
f 1582 3033 1243
f 1559 1624 2713
f 5526 1166 5538
f 5429 5320 2133
f 308 1353 31
f 5639 6053 3484
f 3549 5561 5773
f 2919 6129 3249
f 5525 3234 5245
f 5835 5245 1211
f 5848 1290 5572
f 1550 5396 2986
f 1307 5325 2963
f 2116 5717 1288
f 394 2526 1513
f 1307 3045 5659
f 5512 5809 958
f 3237 1408 3110
f 3482 5514 6035
f 6062 5702 1633
f 3293 5340 3405
f 5946 3180 1497
f 1517 3491 3437
f 3119 5751 5789
f 1305 2755 2909
f 5986 5347 5580
f 2924 1015 1477
f 3498 1748 1244
f 2822 1913 2703
f 2675 1200 651
f 5957 5362 1123
f 1301 3534 1270
f 5337 5451 1336
f 5848 5742 3488
f 5451 5312 1336
f 5699 1363 3226
f 3420 3206 5959
f 3566 3446 1402
f 5992 3095 3483
f 1308 5845 5843
f 6153 1308 5843
f 1678 1877 2865
f 2973 3154 1329
f 6001 5992 1257
f 2953 5676 3251
f 6115 5655 5642
f 5328 2654 3394
f 6053 5639 3302
f 3577 1172 3249
f 1424 3433 3073
f 3447 3543 3200
f 2044 5770 1747
f 5513 1245 5436
f 1245 3586 3119
f 1374 2835 2909
f 1927 3484 5316
f 3118 5681 5923
f 3114 5685 1718
f 5964 3311 3431
f 5404 3259 5281
f 1215 3534 6089
f 1336 5312 3201
f 2602 1288 5514
f 1320 5797 5837
f 3095 5443 5799
f 3095 5799 3366
f 1257 1339 6001
f 3497 5543 1605
f 5259 1140 3497
f 5346 2119 2924
f 5997 5938 5471
f 5905 6091 1030
f 3204 2836 202
f 3497 1140 5934
f 1233 5321 5273
f 1605 5259 3497
f 5708 5302 5371
f 5934 5564 5908
f 5380 5397 1358
f 5123 3472 5886
f 5774 3588 5740
f 3259 2167 2175
f 3610 5873 3271
f 5777 5250 3357
f 1475 1476 3480
f 6140 3198 6150
f 5486 3349 1254
f 5710 1428 1254
f 5024 5992 5702
f 5837 3235 1320
f 5648 6075 5271
f 5702 6062 5024
f 5997 3683 5938
f 5259 5316 2593
f 3083 5726 5558
f 3528 3533 6146
f 3497 5934 5861
f 5550 5849 1212
f 5642 5655 3544
f 3479 3363 5553
f 3798 2093 3159
f 1140 6029 5471
f 3574 3402 694
f 1030 5555 5905
f 1605 5507 5812
f 6029 1140 2593
f 1030 5865 5555
f 5564 5471 5938
f 3378 5908 1126
f 1284 3589 3436
f 3499 5635 3415
f 5932 1289 6092
f 3399 6147 1104
f 6121 3787 5993
f 1332 1514 3734
f 3492 5690 5881
f 3490 1300 3263
f 5881 3516 3486
f 3518 3609 5275
f 5227 6041 1004
f 2042 6041 6111
f 5520 1004 1642
f 5427 3767 3673
f 5880 3547 3546
f 927 6111 6041
f 3630 5586 5450
f 5309 5534 1298
f 1004 5520 1362
f 3537 3743 5926
f 1176 788 2195
f 3368 3714 3439
f 5881 5690 1091
f 3645 6152 5548
f 3708 984 966
f 5700 3751 3556
f 5266 5937 5633
f 3263 5690 3492
f 3637 1013 1297
f 3510 3567 5501
f 6111 1250 5236
f 1642 1004 6041
f 5460 967 5808
f 5880 3546 3629
f 1109 5156 5239
f 966 5523 967
f 5379 3751 5455
f 5467 5400 2152
f 3421 1132 3625
f 2193 1205 1133
f 3155 3522 6031
f 1085 3643 5869
f 3941 805 5816
f 850 5470 3941
f 1007 3605 1122
f 6012 1052 3709
f 5314 5636 5711
f 2181 3939 5470
f 850 5510 5470
f 978 3719 3718
f 5976 1116 5420
f 5420 3669 5235
f 3783 5516 3867
f 4089 5202 5173
f 4948 4946 881
f 5097 944 3923
f 2323 974 1034
f 1673 3786 4036
f 3783 3867 3631
f 864 4066 3828
f 1009 901 826
f 2144 813 4120
f 4199 804 5110
f 5768 3737 5472
f 2541 2543 2060
f 3954 725 3733
f 1011 6036 3729
f 764 4136 3185
f 3995 2359 874
f 4147 4080 3197
f 853 4064 909
f 5519 5135 890
f 3921 992 1673
f 2541 4208 796
f 2543 4098 4235
f 3847 5279 3390
f 3847 3390 3867
f 2543 764 2060
f 4161 3697 3089
f 4036 661 1673
f 475 838 74
f 3901 4108 4101
f 5201 5164 5141
f 854 634 1455
f 814 2359 5164
f 4080 4273 4277
f 871 2094 2255
f 2334 4087 812
f 4180 5141 2359
f 3258 611 3170
f 2307 3170 611
f 4251 703 3170
f 3170 703 3258
f 1456 4183 335
f 5147 4195 3842
f 751 865 4020
f 5234 911 858
f 3841 739 3840
f 4131 3965 1448
f 830 638 1448
f 845 2260 808
f 1355 3197 4277
f 3979 2295 4877
f 4334 420 4273
f 2276 886 4117
f 3106 3197 4272
f 2369 720 5005
f 4380 4419 346
f 420 4334 4333
f 3117 4574 3176
f 420 1594 1529
f 2391 4306 4375
f 4840 781 5192
f 4360 2000 647
f 4233 4377 4343
f 2391 2369 4306
f 403 96 4787
f 349 4511 2338
f 51 4886 2704
f 529 1521 4656
f 1819 1703 3123
f 3032 2833 1457
f 1457 346 3032
f 3032 4656 1521
f 2897 4972 355
f 1521 1819 4434
f 5085 316 259
f 3176 4380 4423
f 4367 345 1377
f 355 5091 398
f 1321 4968 2005
f 5155 2364 4445
f 477 4300 4187
f 4822 4774 4943
f 4305 629 2725
f 4393 2370 4333
f 4418 4655 5162
f 469 4668 4972
f 4987 5174 3962
f 108 236 5091
f 442 3120 4396
f 1544 3931 1400
f 176 4570 4467
f 4302 1627 1956
f 576 4536 640
f 4546 4881 4797
f 28 312 4607
f 4881 132 4797
f 2330 4393 503
f 244 99 4834
f 483 4163 752
f 26 5085 117
f 4102 113 3144
f 4532 4756 100
f 5074 71 42
f 230 68 4775
f 355 108 5091
f 378 76 4440
f 468 457 355
f 579 447 4296
f 3772 4517 2522
f 204 252 4762
f 4766 144 3353
f 2395 2389 1644
f 4556 1464 195
f 4730 360 2708
f 106 245 5161
f 4914 4601 4648
f 149 273 4645
f 4438 383 5067
f 283 4739 4597
f 2707 288 4847
f 2067 2554 1757
f 962 3574 1491
f 1330 4819 4722
f 2990 5040 4241
f 3353 144 2358
f 4868 204 34
f 288 4857 4931
f 373 3353 1287
f 5017 4991 2578
f 4847 1142 4531
f 159 4834 4851
f 194 2970 3450
f 194 3450 1949
f 4325 4699 1560
f 79 3380 4789
f 3716 5016 2025
f 3028 2807 2819
f 4267 930 2666
f 5154 817 2940
f 3070 3441 2891
f 2719 3445 1746
f 2925 2661 2616
f 575 817 5154
f 6096 3071 1719
f 3068 3350 1418
f 4262 4320 2709
f 2500 285 4559
f 292 1665 405
f 3554 4638 3754
f 4347 1835 1834
f 6122 3505 5520
f 2077 2153 1088
f 1979 4466 1883
f 5189 4963 146
f 4802 397 130
f 4400 4184 2318
f 2832 337 4488
f 3273 2327 2036
f 4700 4793 110
f 4179 2401 4297
f 4655 4419 5162
f 1819 21 4465
f 3176 4574 4375
f 4302 4912 4453
f 2832 4685 884
f 2391 4375 2954
f 3996 4251 2307
f 1471 4380 3176
f 4656 4367 529
f 3123 21 1819
f 456 2008 1583
f 519 316 458
f 789 2441 757
f 4062 3979 4954
f 1529 1594 4342
f 2612 4354 2531
f 4776 2847 4027
f 1967 2400 2320
f 4087 4273 1529
f 4314 406 4026
f 4223 3823 877
f 4962 1468 604
f 6 3886 2094
f 4161 1092 5170
f 765 4146 2930
f 4155 5097 3923
f 917 860 747
f 805 2314 4120
f 5976 5537 895
f 3037 6066 5372
f 3775 3766 6066
f 6080 3597 5301
f 5354 5764 3708
f 1312 5690 3342
f 5631 1412 1109
f 5741 5534 5309
f 3538 5985 1399
f 1041 3621 1102
f 5412 3315 3486
f 1091 3516 5881
f 1041 6034 1692
f 1412 5631 2201
f 3486 5545 5881
f 3035 5730 5966
f 1123 5362 1805
f 1685 5892 1220
f 5125 6076 5704
f 5479 2973 1329
f 5634 5822 5737
f 5614 1197 3347
f 5629 3066 5845
f 3839 3308 1079
f 3493 5799 6138
f 1368 5702 3239
f 2809 1177 3566
f 3234 6090 5245
f 1609 3110 6158
f 3049 5558 1718
f 1315 3484 6053
f 1643 5664 3290
f 1484 2149 1465
f 5701 5477 6005
f 4676 2569 2605
f 3383 3264 3100
f 3311 5964 3310
f 3408 1244 5296
f 3078 5498 5649
f 5271 1068 5563
f 3247 3167 3203
f 1376 1291 3272
f 1647 1378 3317
f 2878 3333 3334
f 1376 6083 1291
f 3395 1434 5956
f 5580 6096 3114
f 5839 1431 2251
f 2251 3190 3164
f 5514 3149 5424
f 1420 2837 2397
f 1534 5802 1346
f 3282 6124 3281
f 1463 3180 3264
f 3217 5299 2915
f 2728 3011 3261
f 5347 1748 3498
f 1473 2915 1810
f 6153 958 5794
f 3066 3293 3382
f 1443 3054 6142
f 2785 3103 2984
f 1613 3087 5248
f 2826 5231 3151
f 1626 5476 5292
f 1618 5121 3003
f 5416 6114 5262
f 5577 5528 3076
f 1423 1425 5576
f 3092 1473 1810
f 6114 5981 5262
f 3003 6013 5405
f 3207 3003 5405
f 3055 3143 1447
f 2815 5862 5416
f 6142 2906 5862
f 3055 1567 3143
f 3003 3326 1618
f 3076 5528 3092
f 3326 3020 3002
f 1447 1445 1443
f 1567 3055 5262
f 5981 6114 5859
f 1432 3148 1549
f 1425 1423 1535
f 2995 6013 3233
f 5739 3255 5505
f 1715 5292 1446
f 5488 1432 1549
f 3086 1425 3255
f 6013 3003 5121
f 5872 1433 1435
f 5488 3143 1567
f 5577 3294 5739
f 3294 5577 3054
f 5577 3076 3054
f 5262 5981 1567
f 3405 3318 3293
f 1447 3143 1445
f 2839 6049 2914
f 2995 3077 1487
f 3146 6114 5473
f 1697 3367 1419
f 3261 2785 1606
f 5416 5262 2815
f 5401 5351 5692
f 5447 2906 5948
f 5762 1487 3077
f 1810 3076 3092
f 3002 5990 5748
f 5299 6081 1608
f 2827 2839 1551
f 6114 5416 5473
f 6142 5948 2906
f 1487 3147 5405
f 5447 5948 1810
f 6049 5828 2914
f 6049 3006 1613
f 6049 5504 3006
f 6013 2995 1487
f 5903 1273 5596
f 2826 3084 3328
f 5416 5862 3233
f 5121 1618 1486
f 5862 2995 3233
f 1433 5488 1567
f 3367 1697 6118
f 5859 6114 3146
f 5859 3079 2984
f 5859 3146 3079
f 3103 5888 1435
f 6054 6064 3005
f 3004 5888 6054
f 1425 3086 5576
f 1736 6054 3011
f 1486 1618 5748
f 5596 5696 2728
f 1433 1567 5981
f 1423 6064 1535
f 3233 5121 5473
f 1447 6142 2815
f 3217 3256 5299
f 2336 5496 1445
f 3046 5351 5401
f 5405 3151 3207
f 6127 3383 3256
f 1461 3387 6127
f 5441 1518 2933
f 2839 5890 5504
f 2826 3151 3084
f 567 1199 3726
f 3006 5504 1608
f 5426 3254 1416
f 3151 5405 3147
f 1618 3002 5748
f 5262 3055 2815
f 5981 5859 2996
f 5739 3086 3255
f 5496 5739 3294
f 5488 3298 1432
f 1445 1549 2336
f 5299 1608 5890
f 5476 5817 1461
f 5576 3148 1423
f 3092 5528 1446
f 3298 3005 6064
f 5577 5739 5505
f 1608 6081 5738
f 1416 3260 3328
f 2827 1810 2915
f 1473 1446 1696
f 1551 5762 5447
f 1478 2149 5857
f 5701 1467 3097
f 3341 5280 1373
f 5962 3000 3008
f 3270 1292 1652
f 3157 6051 6058
f 3162 1346 5785
f 3182 3236 1534
f 3094 5591 3087
f 3094 3006 5738
f 3094 3087 1613
f 1361 3042 2964
f 5953 1793 5775
f 3168 2962 5417
f 3146 5473 1486
f 3151 5231 3207
f 3238 5828 3328
f 2831 1876 4182
f 3068 1389 3300
f 1541 3149 1288
f 2982 5762 1551
f 3254 5426 3240
f 5828 6049 1613
f 5762 3147 1487
f 3328 3084 3238
f 2815 3055 1447
f 1606 5903 3261
f 2923 1697 5746
f 2984 2996 5859
f 3298 5488 3005
f 1419 1599 5746
f 5401 5476 1626
f 5651 3066 3327
f 3004 3005 5872
f 5340 1242 3405
f 1443 5496 3294
f 2996 2984 3103
f 5981 2996 1433
f 6142 5862 2815
f 2984 1599 2785
f 5817 3215 1619
f 1715 1446 5528
f 5888 2785 3011
f 2914 1551 2839
f 5447 2827 1551
f 5377 5361 2145
f 5775 5258 5953
f 5292 1461 1696
f 5536 3295 3112
f 3264 3383 5536
f 1347 3471 5395
f 1683 3000 6051
f 5910 5697 3000
f 5441 1459 1518
f 1652 3090 5839
f 5336 5867 5399
f 3007 5701 5356
f 3193 1343 5374
f 5493 6097 2868
f 3010 3162 5910
f 3346 1182 3414
f 5257 5680 1460
f 5653 6045 6148
f 6030 3029 3019
f 1467 3015 3097
f 5242 3472 5123
f 1651 3270 1652
f 3000 6058 6051
f 1519 5785 1484
f 3162 5877 1346
f 3152 2079 1654
f 1519 1484 1465
f 2158 1387 4285
f 5867 1651 6084
f 6051 3157 5356
f 3000 5697 3008
f 1381 5419 2095
f 3019 5399 6030
f 5258 5387 3240
f 1361 3291 3042
f 2964 5917 5382
f 1416 3289 5282
f 3289 1360 5282
f 5256 3323 1500
f 3167 5256 3020
f 2962 5917 2964
f 5405 6013 1487
f 1697 1419 5746
f 2838 3318 3405
f 3005 5488 5872
f 3004 5872 1435
f 1445 3143 1549
f 1445 5496 1443
f 5888 3004 1435
f 5479 5435 2973
f 1443 3294 3054
f 1599 1419 1606
f 5505 5528 5577
f 5447 5762 3077
f 5948 6142 3054
f 5738 5793 3094
f 3387 5536 3383
f 2928 5361 5793
f 6127 3256 3217
f 3326 3003 3207
f 5361 5377 5793
f 2928 3100 5946
f 3383 6127 3387
f 5018 5377 2145
f 5775 1793 3168
f 5018 5953 5377
f 1793 5018 5283
f 5258 3240 3087
f 2301 5283 2756
f 2301 3168 1793
f 1534 3236 5802
f 1262 5347 3251
f 3033 3392 1243
f 1465 1478 1462
f 1478 5857 5336
f 1691 3392 3471
f 5676 2953 1582
f 1346 5877 3098
f 1346 3098 1534
f 2149 1478 1465
f 1292 3414 5788
f 3010 5877 3162
f 5697 1519 1465
f 2932 3007 3157
f 3346 5280 1182
f 1534 1533 3182
f 1683 3010 5910
f 6045 1286 6148
f 1460 5998 5257
f 2951 1654 3102
f 3000 1683 5910
f 5688 3116 1548
f 5886 5380 5123
f 1459 5441 2932
f 5697 5910 1519
f 5581 5688 1485
f 3088 5493 6050
f 1459 2932 5680
f 3015 1669 3097
f 3015 1467 2933
f 3090 3472 1431
f 2951 2285 5547
f 2951 3102 2285
f 6005 5356 5701
f 3007 2932 5441
f 5547 6083 5423
f 3152 1654 2951
f 2932 6144 5680
f 5387 1450 3240
f 3042 5417 2964
f 5258 5591 5953
f 3073 3072 5760
f 3212 3377 3124
f 3323 1329 2838
f 5387 3042 1450
f 3239 5435 1368
f 5473 5416 3233
f 3124 3247 1694
f 1360 1427 3212
f 2923 6118 1697
f 5990 6118 2923
f 5746 5971 2923
f 3079 3146 5971
f 1500 3405 3284
f 1552 3367 6118
f 6064 1736 1535
f 1552 5903 3367
f 5591 5258 3087
f 5583 5917 2962
f 2301 2986 3283
f 2756 1305 2986
f 1446 1473 3092
f 3100 2928 6081
f 1626 5292 1715
f 2928 5793 5738
f 1769 3255 1425
f 5692 3215 5401
f 2755 1305 2756
f 3217 2915 1473
f 6081 5299 3256
f 6081 2928 5738
f 1463 1758 1263
f 1378 3071 5300
f 3303 5901 3193
f 3140 5617 3078
f 5010 2828 2965
f 1465 1462 5697
f 5356 6005 1683
f 3555 3461 1513
f 6042 5125 3406
f 3193 5374 3303
f 5356 3157 3007
f 6051 5356 1683
f 3392 1260 5395
f 5788 3414 1759
f 5441 1467 3007
f 2868 2251 1431
f 6030 5867 6084
f 5788 3090 1292
f 1316 2285 1415
f 6030 5399 5867
f 6084 5839 3164
f 2868 6097 2251
f 5597 5552 1291
f 3268 5552 5663
f 6097 5688 5581
f 6097 5493 3088
f 5688 6097 3088
f 5552 5969 5663
f 5242 6132 5493
f 1292 3090 1652
f 1292 3270 3414
f 1431 3472 5242
f 5680 5257 1459
f 3029 3164 3190
f 5257 5247 1518
f 1518 1459 5257
f 1669 5901 1439
f 5423 3431 3152
f 1439 3097 1669
f 2285 1316 3395
f 2933 1467 5441
f 1581 3015 1415
f 5477 5701 3097
f 2951 5423 3152
f 5853 1591 5244
f 3049 5685 5244
f 5547 2285 3395
f 1533 1381 2095
f 1316 5247 3395
f 3191 5398 1481
f 5332 5454 3279
f 1369 5298 5736
f 5298 5481 5736
f 1318 3093 5120
f 3282 2108 5323
f 5352 3249 1172
f 3036 5729 3216
f 2108 3234 5323
f 1371 3187 5574
f 2756 2986 2301
f 5396 5583 3283
f 2830 2992 1496
f 3240 5426 5248
f 3254 3240 1450
f 5387 5775 5417
f 6001 1339 1344
f 3260 5282 3124
f 5689 5479 2834
f 3238 2914 5828
f 5417 3042 5387
f 3291 1450 3042
f 1342 2176 6138
f 5769 1619 3215
f 5971 3146 1486
f 3382 1271 5845
f 2838 1500 3323
f 1344 3239 6001
f 5692 5696 3329
f 5696 5692 5351
f 3329 5696 5596
f 5596 3261 5903
f 958 5809 3021
f 3046 1693 5351
f 5528 5505 1715
f 1693 2728 5696
f 3246 5583 5396
f 2099 3232 1380
f 3309 2755 5944
f 3149 5382 5424
f 3249 6088 3577
f 5723 1430 3036
f 1318 3041 1648
f 2284 3359 1367
f 5870 5782 5661
f 3303 5419 1381
f 3256 3100 6081
f 3295 3115 3021
f 5738 3006 1608
f 5611 1380 3232
f 1758 3091 1263
f 5793 5591 3094
f 5283 2301 1793
f 5244 5685 1719
f 1562 5681 3118
f 5923 5812 3118
f 1669 3193 5901
f 1373 5280 3346
f 3140 3078 5649
f 3163 1562 2121
f 1439 5901 1533
f 1767 2554 1873
f 2955 5853 1647
f 1759 5886 5788
f 5280 3341 1347
f 5877 6005 5477
f 3162 1519 5910
f 5867 5857 1651
f 6005 5877 3010
f 3098 5877 5477
f 3341 5802 1347
f 3341 5785 5802
f 2251 6097 3190
f 1484 5785 3341
f 3392 3253 1260
f 3253 1401 1358
f 5788 5886 3472
f 6045 1212 2632
f 5653 6148 6050
f 5581 3190 6097
f 3407 5663 5969
f 1291 6083 5956
f 5931 3116 3088
f 5380 5550 1183
f 5653 6132 1183
f 2868 5242 5493
f 6132 5653 6050
f 1548 1485 5688
f 6083 5547 5956
f 5663 1337 3268
f 1316 2933 1518
f 1415 3015 2933
f 6083 5964 5423
f 1434 5998 1485
f 1295 1157 6074
f 1434 5247 5998
f 5324 5720 1157
f 5901 3303 1381
f 5123 6132 5242
f 1183 6132 5123
f 1415 3102 1581
f 1581 1669 3015
f 1415 2933 1316
f 1647 5244 1719
f 3431 5864 2079
f 3109 5637 1331
f 5391 5787 3502
f 6078 3093 3279
f 3044 1452 6068
f 5973 3361 1345
f 5365 3228 3339
f 5371 1164 5362
f 6096 5685 3114
f 3102 1654 1343
f 2577 4219 1754
f 1669 1581 3193
f 3078 1262 5759
f 3153 2079 3317
f 1571 5288 3201
f 3304 5835 1211
f 5492 5530 5288
f 5288 1370 3201
f 5492 5288 1248
f 3044 5391 1452
f 1370 1509 3201
f 1481 1430 5723
f 1481 1369 1430
f 3044 5398 5391
f 5737 5822 3339
f 3150 1371 3246
f 5729 3036 1571
f 3417 3219 5729
f 3219 3216 5729
f 5729 5451 3417
f 5382 1361 2964
f 3159 3420 3798
f 3249 3250 2919
f 5699 3340 1365
f 5782 5870 5974
f 2108 6090 3234
f 3073 3433 3072
f 5514 3482 2602
f 2909 3309 1374
f 1541 5290 3291
f 6035 5424 5574
f 5424 5917 5574
f 1257 5251 1339
f 6032 1360 3289
f 3211 3248 3377
f 1368 5435 5479
f 1364 3377 3248
f 5282 3212 3124
f 5282 1360 3212
f 1361 1541 3291
f 5424 6035 5514
f 3168 2301 3283
f 1168 1307 2143
f 1427 1360 3314
f 3289 1450 6032
f 5435 3239 1344
f 1329 2834 5479
f 2923 5971 5748
f 3247 3377 1364
f 3207 5231 3203
f 3203 3167 3020
f 1449 5256 1500
f 1271 5843 5845
f 1242 3284 3405
f 6118 3284 1242
f 3239 5702 5992
f 5769 5692 3327
f 5843 1339 6153
f 3329 5651 3327
f 5692 5769 3215
f 1552 5340 1273
f 6062 5717 1573
f 3327 3066 5769
f 1273 5903 1552
f 5911 2963 3437
f 3115 3295 5817
f 5791 3072 2555
f 5705 6165 3322
f 2938 2556 1704
f 2099 5944 2755
f 3200 3485 5671
f 2909 1167 1305
f 3313 1218 5186
f 3322 3464 2684
f 1796 3440 131
f 3464 5411 3030
f 5338 6124 3145
f 3798 3420 5277
f 2777 5411 3322
f 3376 6046 3266
f 1285 3798 1451
f 3199 5652 2108
f 5382 3149 1361
f 5661 5365 3219
f 5661 3219 3417
f 2093 1285 1365
f 5567 5925 1227
f 5723 6078 1481
f 5822 5634 6105
f 3041 5120 1528
f 3340 3281 1365
f 3340 3282 3281
f 1429 5585 1350
f 3041 1528 3339
f 1199 4436 4379
f 5571 1522 5221
f 1273 5340 5651
f 3021 3112 3295
f 1758 3112 5809
f 1247 1437 5665
f 3295 3387 5817
f 3115 5817 1619
f 1517 3437 5325
f 5646 5611 1263
f 2915 5890 2827
f 1497 5611 2145
f 5601 5809 5512
f 5819 5573 5436
f 3485 3577 3432
f 5646 1263 3091
f 3232 2145 5611
f 6096 5617 3140
f 5316 1537 1927
f 5289 5507 3408
f 1691 3471 1547
f 5617 6096 5580
f 5498 5437 1547
f 2477 5374 5300
f 5437 5498 5759
f 5580 3163 5986
f 3008 5336 5399
f 5857 1482 1651
f 1482 5857 2149
f 5867 5336 5857
f 3019 5962 5399
f 1484 3341 1373
f 1260 3253 5397
f 3008 5399 5962
f 5962 6144 6058
f 3392 3033 3253
f 1401 5348 1358
f 1401 5532 5348
f 6050 5931 3088
f 5395 1260 1182
f 6148 5931 6050
f 3268 1295 5222
f 1157 5744 6074
f 1286 1222 1337
f 6144 5962 3019
f 1212 5849 2632
f 3335 5222 1295
f 5597 5956 1434
f 5969 5597 1548
f 5969 5552 5597
f 3272 3268 5222
f 1291 5956 5597
f 5222 5961 3272
f 5956 5547 3395
f 1222 5324 1337
f 5222 3335 5961
f 1291 5552 3272
f 5324 1222 5720
f 1434 1485 1548
f 1317 5281 2175
f 5720 5549 3299
f 1127 1458 2119
f 5773 5686 5987
f 5247 1316 1518
f 1378 1719 3071
f 3097 1439 5477
f 5404 1375 5664
f 5773 6125 5686
f 1304 5850 1196
f 6078 5723 5120
f 1259 3278 3348
f 5947 1331 6043
f 5661 5782 3228
f 5870 5661 3417
f 5415 3331 6043
f 1591 2811 3083
f 2811 1591 5587
f 2882 2811 1505
f 5986 5296 1748
f 5371 5302 2167
f 2095 3182 1533
f 5822 3041 3339
f 1648 3041 5822
f 5947 5388 6155
f 1350 5517 1483
f 5484 5654 1258
f 5815 5337 1336
f 3331 3018 6043
f 6094 5481 5298
f 1428 3242 1570
f 5398 5787 5391
f 3381 3412 3107
f 1253 3307 3242
f 3307 3501 1345
f 1369 5492 1430
f 1481 3277 1369
f 1481 5398 3277
f 1430 5492 1248
f 5391 1259 1452
f 4025 1853 3667
f 1336 1509 5815
f 1571 5312 5729
f 5312 1571 3201
f 5288 5530 1370
f 3242 1428 1253
f 6094 1254 5481
f 1211 6090 1584
f 3361 3307 1345
f 5298 3277 3043
f 1053 1253 5893
f 3359 5733 1367
f 5572 5742 5848
f 1248 1571 3036
f 1509 2284 5815
f 1393 1210 5835
f 3304 1393 5835
f 3216 5723 3036
f 3319 5451 5337
f 5974 5870 3319
f 1509 5973 2284
f 1570 5481 1428
f 3242 3361 1570
f 5566 5959 1151
f 5338 2093 6124
f 5770 3403 1201
f 3159 3206 3420
f 3065 3340 5699
f 1450 3291 6032
f 3283 5583 2962
f 3150 3187 1371
f 5760 5791 2792
f 1451 3798 5277
f 1694 5231 2826
f 1694 3247 3203
f 1360 6032 5290
f 5417 2962 2964
f 1361 3149 1541
f 1329 3154 2838
f 1368 5479 5689
f 5769 5629 1619
f 1546 3181 2647
f 2728 1693 1736
f 5717 6062 1633
f 2920 3491 5512
f 5692 3329 3327
f 958 5251 5512
f 1257 3483 2920
f 3405 1500 2838
f 2963 5325 3437
f 5794 3115 3067
f 5340 3293 5651
f 5256 2074 3323
f 5812 1537 1605
f 2435 1807 1836
f 2547 2426 1624
f 3340 5974 3199
f 3432 3433 5671
f 5421 6088 6129
f 3224 5782 3065
f 1285 2093 3798
f 3224 3065 3226
f 5421 3224 3226
f 5120 3093 6078
f 6020 5484 1648
f 6020 5654 5484
f 3339 3228 5737
f 3218 2919 5737
f 2919 3250 5634
f 1350 3454 5517
f 1609 6158 5221
f 2758 2712 1768
f 1756 5726 3243
f 5665 3404 1247
f 5794 958 3021
f 6153 5251 958
f 3264 3180 5946
f 5601 3091 1758
f 2963 2143 1307
f 6098 2044 5573
f 5944 5751 3309
f 2143 5233 1168
f 6063 2835 1374
f 5352 3250 3249
f 3485 1172 3577
f 3408 5507 3192
f 2953 3406 5532
f 1748 5347 5986
f 5676 5759 3251
f 3190 5581 1460
f 3251 5759 1262
f 1262 5617 5347
f 6076 5125 1015
f 1759 3414 1182
f 1358 5550 5380
f 5785 1519 3162
f 2953 3498 6042
f 1462 1478 5336
f 3253 3033 1401
f 1166 5849 5538
f 1157 1453 5744
f 1460 3029 3190
f 1157 1295 5324
f 3335 1295 6074
f 1222 5549 5720
f 3299 1127 5936
f 2175 5281 3259
f 5961 1376 3272
f 3153 3316 1654
f 5281 3311 5404
f 1643 3259 5664
f 5961 1375 3310
f 1376 3310 5964
f 5547 5423 2951
f 3277 5298 1369
f 3278 3271 3348
f 6162 3465 3331
f 5484 1318 1648
f 1528 5365 3339
f 5637 5415 6043
f 3201 1509 1336
f 1196 5850 6162
f 1304 5237 5425
f 5679 5508 3348
f 3310 1376 5961
f 1719 5685 6096
f 1164 1165 5362
f 6129 2919 3218
f 3347 3354 5614
f 1272 5425 5237
f 3109 5332 1258
f 3109 1331 5332
f 5947 6155 3502
f 3347 5482 1227
f 5403 1720 5841
f 3433 3432 2684
f 3432 5705 2684
f 5454 1331 5947
f 3467 3075 1226
f 5873 3610 1354
f 3467 5508 3075
f 5644 6028 5710
f 1430 1248 3036
f 1469 5641 5656
f 3277 3044 3043
f 1270 3534 5893
f 5736 5481 1570
f 3277 5398 3044
f 3043 6166 6094
f 3359 2284 5973
f 6028 1270 5893
f 3230 5644 3349
f 3349 5486 5656
f 5893 3534 5836
f 5492 5736 5530
f 1211 1367 3304
f 5710 6028 1253
f 1393 5315 1210
f 1254 6094 5486
f 3349 5644 5710
f 5848 3488 5500
f 3839 1079 1068
f 5396 1550 3246
f 3218 3224 5421
f 1167 2909 2835
f 3566 5589 3446
f 3030 3072 2684
f 1541 1288 5717
f 6032 3291 5290
f 2834 2074 3248
f 2116 5445 1573
f 3312 6075 2607
f 3312 6171 6075
f 3248 5689 2834
f 2834 1329 3323
f 5734 1271 3154
f 2074 3167 1364
f 3020 3326 3203
f 3067 1308 5794
f 3067 5629 1308
f 1271 5734 5843
f 5422 5681 5726
f 1310 1143 3403
f 5634 5737 2919
f 5671 3433 1424
f 5791 3150 2792
f 2792 3246 1550
f 5737 3228 3218
f 3226 1363 6165
f 3340 3065 5974
f 3065 5782 5974
f 3283 2986 5396
f 1424 5313 5485
f 5440 1197 5614
f 3228 5365 5661
f 5585 5482 3454
f 3228 5782 3224
f 5585 3454 1350
f 5365 1528 3219
f 3302 3110 1685
f 3237 3243 5499
f 2143 3493 2176
f 5809 3112 3021
f 3493 2143 2963
f 3091 3404 5646
f 3264 5536 1463
f 3325 5659 5789
f 5944 3325 5751
f 2044 1747 5513
f 1310 1410 1143
f 1374 1241 6063
f 6063 1241 5313
f 5923 5422 1927
f 1015 2924 6076
f 3406 5125 5704
f 5649 5419 2477
f 1683 6005 3010
f 5714 3192 1015
f 6042 1244 5714
f 5802 5785 1346
f 1759 5397 5886
f 5336 3008 1462
f 1652 6084 1651
f 1652 5839 6084
f 1244 3408 5714
f 1691 5437 1243
f 5397 1759 1260
f 5849 5348 5538
f 1183 5123 5380
f 5886 5397 5380
f 3346 1482 1373
f 5397 3253 1358
f 5680 3019 3029
f 5680 6144 3019
f 3116 5969 1548
f 1295 3268 5324
f 3116 5688 3088
f 1403 5375 5526
f 5931 3407 5969
f 5931 6148 3407
f 5686 1522 5571
f 1458 6076 2119
f 5957 5561 3549
f 5936 1127 2119
f 5864 3431 3311
f 5961 3335 1375
f 5686 3452 1522
f 1684 2797 2001
f 3317 1378 3153
f 5499 1408 3237
f 3431 2079 3152
f 6125 5241 5686
f 1284 3288 6125
f 3431 5423 5964
f 3290 5252 5795
f 3107 3075 5508
f 5255 3292 3379
f 3122 1124 5856
f 5541 3292 5255
f 1323 1124 5541
f 5508 3467 6068
f 5255 5728 6155
f 5508 5679 3107
f 3454 5482 5594
f 1483 6105 1350
f 3502 1259 5391
f 3440 1200 2417
f 3243 3237 1756
f 5987 3334 5773
f 5925 3578 3354
f 2647 1600 2011
f 5302 5935 2167
f 3302 1756 3237
f 5567 1227 5585
f 6129 6088 3249
f 1197 5885 5439
f 1201 5483 5691
f 5313 3586 1747
f 3338 5425 1272
f 5950 5830 5707
f 3348 5508 1452
f 3348 3271 5679
f 3271 5873 5679
f 3075 3412 1469
f 3107 5679 5873
f 3278 6155 5728
f 5787 5398 3191
f 3107 5873 3381
f 6079 3171 5952
f 1301 1270 1322
f 3171 6145 5952
f 1322 1270 3231
f 6089 1366 1215
f 6100 3231 5952
f 5736 5492 1369
f 1248 5288 1571
f 3231 3230 5952
f 6079 5641 3171
f 5632 3356 2132
f 1366 6168 3435
f 5675 1215 3435
f 1253 1428 5710
f 5656 6079 3230
f 3230 3349 5656
f 5572 1290 1319
f 5900 3488 5742
f 3279 3093 5332
f 6095 5315 1393
f 5995 5733 1290
f 3030 2555 3072
f 1365 3281 2093
f 1365 1285 3175
f 3159 2093 5338
f 1079 5579 5378
f 5305 6171 1402
f 3175 5699 1365
f 6165 5421 3226
f 5186 3324 5589
f 3313 5186 5889
f 3324 1216 5618
f 5186 5589 5889
f 5282 3260 1416
f 5271 1342 5648
f 3312 1402 6171
f 1068 1079 5563
f 3045 5436 1245
f 5845 3066 3382
f 5734 5435 1344
f 2664 5443 1573
f 5325 1247 1517
f 2664 1798 5443
f 5629 5769 3066
f 3154 2973 5734
f 1364 3248 2074
f 5911 3437 3491
f 5665 1437 1520
f 6053 1220 1315
f 5671 3485 3432
f 3030 2684 3464
f 1483 6020 6105
f 3189 3485 3160
f 1528 3216 3219
f 1528 5120 3216
f 5671 5485 3200
f 1429 3250 5567
f 5221 1522 5713
f 5440 5221 5713
f 1335 1315 1220
f 3160 5925 3189
f 6138 5799 5443
f 5024 5443 3095
f 5878 5648 1798
f 5512 5251 2920
f 3031 5563 5307
f 5563 5378 5307
f 3091 5601 1517
f 1758 1463 3112
f 5789 5659 3045
f 3325 5789 5751
f 1241 3119 3586
f 1241 5751 3119
f 1380 1520 2099
f 3302 1685 6053
f 1582 1243 5676
f 1335 5403 6115
f 1718 5685 3049
f 2924 3275 5346
f 1458 5526 5704
f 5681 1562 5558
f 1458 1403 5526
f 1015 5125 5714
f 5419 5498 2095
f 3406 2953 6042
f 3408 3192 5714
f 1182 1260 1759
f 5348 5550 1358
f 5348 5849 5550
f 1401 3033 1582
f 1182 5280 5395
f 1126 3524 1421
f 3472 3090 5788
f 5861 5908 3275
f 5908 3378 3275
f 3407 6148 1286
f 5395 3471 3392
f 5704 6076 1458
f 3407 1286 1337
f 5938 5409 5564
f 5241 1283 3452
f 5936 2119 5966
f 1165 1805 5362
f 3049 5244 1591
f 1647 3317 2955
f 3278 3502 6155
f 5332 3093 1258
f 5728 3610 3271
f 5255 5388 3018
f 3417 5451 3319
f 3109 5654 5694
f 5654 2236 5694
f 3454 5594 1272
f 5517 3454 1272
f 5856 5945 3475
f 3093 1318 1258
f 5856 5584 5945
f 5925 3160 3578
f 1220 6053 1685
f 6105 1429 1350
f 5439 3473 5594
f 6105 5634 1429
f 6105 6020 1648
f 5439 5482 3347
f 3473 5916 3195
f 1227 3354 3347
f 5517 2236 1483
f 1335 5642 1315
f 5594 3473 3338
f 3473 3195 3338
f 1335 6115 5642
f 5830 931 5707
f 5728 5255 3379
f 1240 1162 6150
f 5830 3627 931
f 5787 5454 3502
f 1240 3539 1162
f 3230 6079 5952
f 6068 3043 3044
f 3271 3278 5728
f 1452 5508 6068
f 1322 3231 6100
f 5952 6145 6100
f 3231 5644 3230
f 3231 1270 5644
f 1476 5641 3363
f 6079 5656 5641
f 1413 3564 1252
f 5814 3642 5598
f 1469 1226 3075
f 5656 5486 1226
f 1413 2132 3356
f 5814 1187 3642
f 6168 6073 5900
f 5337 5652 3199
f 1215 1366 3435
f 1345 1319 3359
f 1319 5733 3359
f 3158 1319 3501
f 1366 5598 3642
f 3361 5973 1370
f 1392 5500 5667
f 3145 5525 6046
f 1366 3642 6168
f 1276 3306 5525
f 6046 5338 3145
f 5411 2777 1451
f 2555 2754 5745
f 3145 6124 5323
f 6165 1363 3322
f 3576 3670 5630
f 5589 5618 3446
f 1177 3187 2796
f 3566 1177 5589
f 3324 5618 5589
f 5574 5917 1371
f 5583 3246 1371
f 1409 5579 3520
f 2986 1305 1550
f 3314 5290 5717
f 1480 1427 3314
f 3839 3235 5837
f 1480 1633 1368
f 3314 5717 1633
f 5461 6035 2809
f 5574 3187 2809
f 6171 1068 6075
f 1308 5629 5845
f 2664 1573 5445
f 3112 1463 5536
f 5843 5734 1344
f 5892 1720 5403
f 5483 1143 5655
f 5709 3544 2593
f 3200 3160 3485
f 2835 6063 3073
f 1747 3447 5485
f 3200 3543 3160
f 6088 6165 5705
f 5691 5403 5841
f 1374 5751 1241
f 5403 1220 5892
f 3491 2920 5911
f 3366 3483 3095
f 3483 3366 5911
f 5659 5325 1307
f 5659 1437 1247
f 5734 2973 5435
f 2963 3366 3493
f 5574 2809 6035
f 3366 5799 3493
f 5307 5378 6098
f 1245 5789 3045
f 5513 5573 2044
f 2909 2755 3309
f 1520 1437 3325
f 2756 5283 2099
f 5296 5986 2121
f 1381 1533 5901
f 5296 1244 1748
f 5296 5289 3408
f 5714 5125 6042
f 6042 3498 1244
f 5348 5532 5538
f 1401 1582 5532
f 5543 3497 5861
f 2119 6076 2924
f 5375 5549 3428
f 1691 1243 3392
f 1547 5437 1691
f 3428 6045 2632
f 3116 5931 5969
f 1403 3299 5549
f 1453 3299 5936
f 5853 1317 5935
f 5754 5346 3378
f 1403 5549 5375
f 1453 5720 3299
f 3378 5346 3275
f 1164 5371 1643
f 5774 5740 3589
f 5744 1453 5730
f 1895 2967 2488
f 87 2892 2810
f 464 2879 4192
f 3060 2417 1200
f 5250 5553 3381
f 1235 5232 6087
f 1333 5771 3285
f 5541 3122 3292
f 1196 5637 5694
f 3438 3538 1340
f 3458 5985 5883
f 5694 5637 3109
f 5454 5332 1331
f 5454 5787 3279
f 1333 3285 5584
f 5120 3041 1318
f 3452 1283 5240
f 3333 5708 3549
f 5320 3689 3640
f 5482 5585 1227
f 1227 5925 3354
f 3195 3438 1340
f 3195 4992 3438
f 5482 5439 5594
f 5725 5645 1161
f 5942 1414 1302
f 6149 3707 5515
f 5524 5724 5515
f 6150 5950 6140
f 3707 3276 1341
f 3379 5607 5674
f 1240 1070 3539
f 5988 5246 1162
f 1240 6150 6057
f 5777 3357 3565
f 5787 3191 3279
f 3357 3276 3565
f 1226 6166 3467
f 3075 3107 3412
f 5388 6043 3018
f 1323 5541 3018
f 3349 5710 1254
f 1322 3336 1301
f 5486 6166 1226
f 1252 3671 5763
f 3434 3262 1252
f 1192 1322 6100
f 5298 3043 6094
f 1213 769 6085
f 3262 2132 1413
f 3363 5641 1469
f 1476 1475 3171
f 5610 5632 2132
f 6073 5967 5900
f 3363 3479 1476
f 3363 1469 3412
f 3171 5641 1476
f 5675 3435 5742
f 6028 5644 1270
f 6168 5900 3435
f 6089 1301 6061
f 3534 1301 6089
f 3501 3307 1053
f 1290 5848 1392
f 5323 6124 3282
f 3435 5900 5742
f 3304 5995 1393
f 3304 1367 5733
f 1367 1584 2284
f 5836 1215 5675
f 3319 3199 5974
f 5245 5835 1276
f 5245 6090 1211
f 1276 5835 1210
f 6110 1163 1184
f 5972 5874 1289
f 5972 5602 5874
f 5330 3313 5889
f 5566 3420 5959
f 3340 3199 3282
f 5411 1451 2754
f 1086 3210 1391
f 1979 1883 2887
f 3126 5433 2501
f 5760 1167 2835
f 5959 5930 5284
f 1216 3235 5618
f 1311 2166 3324
f 1409 5378 5579
f 3428 2632 5375
f 1633 1480 3314
f 5024 6062 1573
f 1339 5843 1344
f 2963 5911 3366
f 5558 3049 3083
f 1408 6158 3110
f 3163 3114 1718
f 3577 6088 5705
f 5819 3031 5307
f 3354 3578 5841
f 5585 1429 5567
f 3493 6138 2176
f 3045 1307 1168
f 5461 3482 6035
f 6115 5691 5483
f 6115 5403 5691
f 1685 3110 1609
f 5573 5307 6098
f 1246 6019 1410
f 1756 3302 5639
f 5543 3192 5507
f 5726 5639 5422
f 5642 3544 5709
f 3498 2953 3251
f 1537 5316 5259
f 5708 5371 5362
f 3498 3251 5347
f 1212 1183 5550
f 1127 3299 1403
f 5966 5754 3035
f 2734 1359 1707
f 2556 1638 1563
f 1222 1286 3428
f 6123 1165 2639
f 1165 1164 5795
f 5936 5730 1453
f 1453 1157 5720
f 3589 1123 5774
f 3378 1421 5754
f 6123 3524 1805
f 5791 5330 3150
f 1283 3478 5240
f 3243 5726 3083
f 3364 5555 1180
f 1283 3288 6160
f 3436 3364 1284
f 1277 3572 5776
f 5771 1024 3285
f 5584 1303 5945
f 5255 3018 5541
f 3122 5856 3475
f 3018 3331 1323
f 3689 5771 3640
f 1522 1185 5713
f 5240 3478 2134
f 1399 5985 3458
f 5584 3285 1303
f 5728 3379 3610
f 5669 5261 3399
f 5674 3610 3379
f 3276 3707 3565
f 1354 3381 5873
f 5725 3565 3707
f 1354 5250 3381
f 3198 6140 3480
f 3198 6057 6150
f 5607 3276 5674
f 3479 3480 1476
f 5607 1341 3276
f 1354 5674 3357
f 3357 5674 3276
f 3610 5674 1354
f 5725 1161 5922
f 5777 3565 5922
f 3356 5928 1112
f 3356 3355 1413
f 6140 5707 3396
f 1475 3280 5610
f 5610 3280 5632
f 5610 6145 1475
f 3356 1112 3355
f 1192 3434 3336
f 3671 1153 5814
f 3358 3396 5707
f 3280 3358 5632
f 5866 3356 5632
f 3262 1413 1252
f 3671 1252 3564
f 5598 5763 5814
f 5530 3361 1370
f 6145 5610 1265
f 6028 5893 1253
f 3158 1053 5836
f 6100 1265 1192
f 6168 6154 6073
f 3564 1064 3671
f 3564 6008 1064
f 6008 5772 6085
f 5337 3199 3319
f 5500 1392 5848
f 3158 5836 5675
f 1319 3158 5572
f 1290 1392 5995
f 5667 5767 5315
f 5667 5315 6095
f 1276 5525 5245
f 1584 5652 5815
f 1210 3576 3397
f 3165 6092 1391
f 3710 3628 3508
f 3591 3670 5891
f 3306 3397 3210
f 1825 4958 14
f 3210 5630 5410
f 5323 3234 3145
f 5630 3670 3427
f 3376 3206 3159
f 1311 3430 2166
f 2702 5575 2510
f 2113 5904 1630
f 5305 3235 3839
f 5892 1609 1720
f 5240 1203 1185
f 1609 5221 5440
f 6088 5421 6165
f 5713 5885 1197
f 5436 1168 5819
f 3403 1143 5483
f 6115 5483 5655
f 5960 3653 6019
f 3588 3524 5409
f 1537 5812 5923
f 5841 3578 5691
f 3578 3543 5691
f 5471 5564 5934
f 5555 3364 3436
f 3114 3163 5580
f 5740 5905 5555
f 6014 3683 5997
f 5908 5564 1126
f 5252 3290 3410
f 5795 1164 3290
f 5324 3268 1337
f 5663 3407 1337
f 3290 1164 1643
f 1123 5561 5957
f 3035 5754 2639
f 1421 6123 2639
f 5966 5346 5754
f 5302 5708 3333
f 5966 5730 5936
f 1126 5409 3524
f 3354 5841 5614
f 5987 5571 1195
f 3589 5561 1123
f 5241 3452 5686
f 3331 3465 1323
f 3370 5584 5856
f 5694 2236 5237
f 1354 3357 5250
f 6159 5342 1024
f 5654 6020 2236
f 3640 5771 1333
f 1399 5850 1304
f 1399 1304 5425
f 5320 1256 3689
f 5954 5327 1256
f 3347 1197 5439
f 5241 3288 1283
f 3288 1284 3364
f 1282 3822 5366
f 3195 1340 3338
f 1197 5440 5713
f 3475 6093 3122
f 3475 1181 5524
f 6112 5776 3504
f 5945 1414 1181
f 1110 1278 1302
f 5694 1304 1196
f 5515 1341 5524
f 1209 5326 1115
f 3398 5882 3540
f 1235 6087 6102
f 5942 5724 5524
f 1251 3525 5278
f 3379 3292 5607
f 5988 5613 5246
f 5988 3320 5613
f 1162 5246 5950
f 1265 2132 3262
f 6140 5950 5707
f 3479 5553 3198
f 5553 6057 3198
f 5656 1226 1469
f 6140 3396 3480
f 5267 3579 2286
f 6061 5763 5598
f 3545 3579 2247
f 1112 3517 5772
f 1112 5772 3355
f 3579 5267 2247
f 1148 5967 5506
f 3425 1213 1269
f 5967 1054 5506
f 5598 1366 6089
f 6100 6145 1265
f 6154 1187 1232
f 5406 3401 6156
f 5598 6089 6061
f 5891 5767 3639
f 5891 3670 5735
f 5967 6073 1054
f 5530 5736 1570
f 1215 5836 3534
f 3670 3591 1184
f 5652 5337 5815
f 3210 3266 3306
f 3306 3266 6046
f 3210 1086 3266
f 3734 1514 5635
f 3145 3234 5525
f 5630 3210 3397
f 1086 3206 3376
f 3159 5338 3376
f 1853 1107 2705
f 5667 5317 5767
f 5889 5589 1177
f 5735 5767 5891
f 5999 5384 1111
f 1289 5930 6092
f 3426 5909 5621
f 1311 3324 5186
f 1309 3206 1086
f 1151 1218 5566
f 1402 3312 5461
f 3308 5621 5579
f 1320 3235 1216
f 3189 1172 3485
f 5960 6019 1246
f 3577 5705 3432
f 3526 3528 3476
f 3403 5483 1201
f 1410 5657 1143
f 5440 1720 1609
f 3586 5313 1241
f 3403 5770 1310
f 1421 3378 1126
f 5328 3544 5655
f 3477 6091 5905
f 1217 6146 6091
f 5908 5861 5934
f 3275 2924 1477
f 5564 5409 1126
f 3737 3700 5472
f 1039 940 1117
f 2167 3259 1643
f 5252 6074 5744
f 2119 5346 5966
f 3035 5252 5730
f 3035 5795 5252
f 3478 1283 6160
f 5587 1591 5853
f 3520 5904 3527
f 1421 3524 6123
f 3334 3333 3549
f 3364 1180 6160
f 3465 5883 3550
f 1124 1323 3550
f 3550 5883 3370
f 2674 6120 1574
f 1303 1110 1414
f 3370 5883 2280
f 5388 5255 6155
f 1124 3122 5541
f 3292 6093 5607
f 1275 2133 4992
f 3286 5444 1219
f 3288 5241 6125
f 1185 1522 3452
f 5524 1181 5942
f 1341 5515 3707
f 3489 5805 5895
f 1024 5771 6159
f 5907 1078 3587
f 6162 3331 5415
f 5907 5327 1078
f 1209 5134 3763
f 5515 5724 6149
f 5725 3707 6149
f 1341 6093 5524
f 1155 1032 2096
f 6087 1277 6112
f 3539 5988 1162
f 1161 5645 6117
f 5980 3320 5988
f 5553 3363 3412
f 5724 6102 6149
f 1084 1155 2102
f 1162 5950 6150
f 3481 5612 3627
f 3614 1145 3615
f 3481 5613 1274
f 3262 3434 1192
f 1221 5854 5669
f 5844 5261 5669
f 1084 6147 5261
f 5928 3517 1112
f 1236 3362 5267
f 1178 1128 5970
f 1128 3626 5344
f 5025 6039 918
f 1128 3545 5970
f 5951 2247 1103
f 5707 5858 3358
f 5344 3579 3545
f 5612 1104 1236
f 2247 5951 3545
f 1064 5600 1153
f 6085 3532 6008
f 3360 1213 3425
f 1103 5919 3360
f 5406 3532 6085
f 5970 5951 3425
f 5951 1103 3360
f 6156 3401 6004
f 1064 6008 3532
f 1229 6154 1232
f 1229 6073 6154
f 6061 3336 3434
f 1229 3561 6073
f 3400 3666 1130
f 5772 1269 6085
f 1313 3558 3606
f 5457 3632 5228
f 5588 3819 3658
f 1313 5829 3558
f 5317 3495 5599
f 1232 6004 5559
f 1232 5559 1229
f 3694 1206 3666
f 3495 3287 5599
f 5389 5535 1332
f 3306 1276 3397
f 1238 5972 3508
f 2166 3430 5874
f 1238 5602 5972
f 1154 1065 5647
f 3446 5305 1402
f 3446 5618 5305
f 5837 3308 3839
f 3508 3628 5229
f 5319 2090 1225
f 3590 3584 5335
f 5660 5602 5363
f 5660 1216 2166
f 3584 880 5335
f 1171 3612 3613
f 5354 1137 5306
f 5660 3562 1216
f 5284 3430 1311
f 5305 5618 3235
f 1168 5233 5819
f 1087 5518 3613
f 1151 5284 1311
f 5904 2113 3616
f 6019 3526 1410
f 1395 5563 3031
f 5307 5573 5819
f 5997 5471 6029
f 3476 1217 6014
f 5841 1720 5614
f 5363 3638 3916
f 5681 5558 5726
f 5905 3588 3477
f 5740 3436 3589
f 6146 5273 5865
f 3526 3494 5432
f 5409 3477 3588
f 3549 5708 5957
f 3520 5621 1630
f 1068 6171 3839
f 1195 1408 3241
f 3478 1101 5444
f 4992 2133 3438
f 3589 1284 5561
f 1185 5916 5885
f 1185 1203 5916
f 5342 5805 3489
f 1323 3465 3550
f 3292 3122 6093
f 6162 5415 1196
f 5907 6159 3689
f 2280 1050 3640
f 1050 5320 3640
f 5221 6158 5571
f 1058 5516 5605
f 2133 1050 3438
f 1101 1219 5444
f 5342 6159 3587
f 1101 6163 1219
f 1035 5321 3685
f 6160 1101 3478
f 2133 5320 1050
f 2139 1255 1303
f 5856 3550 3370
f 5985 3538 1050
f 1255 2139 3489
f 6093 1341 5607
f 1110 1138 1278
f 3743 3537 6040
f 2104 1145 3614
f 6107 1159 5326
f 2157 935 3614
f 5926 2147 3537
f 6112 3504 5645
f 5922 1240 5777
f 5922 1070 1240
f 6087 5232 1277
f 935 5927 2104
f 3481 5830 5246
f 935 823 5927
f 3523 5278 5927
f 3481 1274 5612
f 5562 3619 1155
f 6061 1301 3336
f 3619 5368 1032
f 5344 2286 3579
f 1281 5230 1207
f 1236 2286 5612
f 5919 5272 3360
f 3396 3358 3280
f 3280 3480 3396
f 3480 3479 3198
f 3480 3280 1475
f 3545 5951 5970
f 1104 6147 2129
f 3362 5876 5887
f 5600 1064 3532
f 3434 5763 6061
f 5763 3671 5814
f 3606 3400 1313
f 1204 3760 5560
f 5970 3425 3517
f 3389 1169 3495
f 5557 1204 5560
f 1153 1187 5814
f 5503 3787 6037
f 3694 6004 3401
f 5767 5317 3639
f 5506 3495 5317
f 5599 3639 5317
f 5599 2851 3639
f 5733 1319 1290
f 1038 3639 2851
f 3561 1229 3606
f 3287 5389 2851
f 6095 1393 5995
f 5891 3639 1038
f 3818 1134 5390
f 1586 5932 3165
f 3427 2234 5410
f 6168 3642 6154
f 1163 3500 2234
f 5229 5285 3332
f 1391 6092 1309
f 3165 5932 6092
f 1309 6092 5930
f 1100 5647 3628
f 5874 3430 1289
f 1100 3710 1586
f 1086 3376 3266
f 1184 3591 6110
f 1586 2234 3500
f 5229 1238 3508
f 1072 5263 960
f 1100 3628 3710
f 3430 5930 1289
f 3165 2234 1586
f 5972 5932 3710
f 5647 1077 1154
f 3330 5706 2264
f 6007 5879 3244
f 5495 5392 5879
f 3692 2252 5379
f 1111 1225 5999
f 5959 1309 5930
f 5797 3426 5837
f 5378 5563 1079
f 5495 5989 5392
f 5989 5827 5392
f 3612 1171 5797
f 1065 5462 5263
f 5319 3330 1179
f 3584 3590 985
f 5285 5706 5595
f 3638 5384 3916
f 1586 3500 1100
f 6171 5305 3839
f 5621 5909 1630
f 1151 1311 5186
f 1087 1225 1494
f 880 3684 5335
f 1111 5384 5595
f 1410 3476 5657
f 5471 5934 1140
f 6014 5657 3476
f 3477 5938 3683
f 1756 5639 5726
f 1477 5543 5861
f 1246 6098 5960
f 5321 1036 3685
f 1195 6158 1408
f 1195 5571 6158
f 5916 4992 3195
f 1203 2134 1275
f 6160 3288 3364
f 5773 3334 3549
f 1124 3550 5856
f 1399 3458 5850
f 5366 3822 5965
f 3822 5355 5965
f 3286 2134 5444
f 2134 3478 5444
f 2133 1275 5429
f 5899 3496 5327
f 1035 5273 5321
f 1036 3865 5449
f 5921 3334 5987
f 1255 5895 1138
f 3489 5895 1255
f 1256 5327 5907
f 3587 3762 5342
f 987 1138 5895
f 1110 1255 1138
f 1110 1303 1255
f 2139 1024 3489
f 3565 5725 5922
f 1340 1399 5425
f 3370 2280 1333
f 3699 5721 5765
f 5954 5899 5327
f 1278 6040 6048
f 2157 823 935
f 5942 1302 1235
f 1302 5232 1235
f 5645 6149 6102
f 3525 1082 1159
f 6087 6112 6102
f 1278 6048 5232
f 5882 1221 6119
f 3320 6119 3399
f 5261 5844 1084
f 5553 3412 3381
f 6119 1221 5669
f 5876 1156 6103
f 3360 5272 1213
f 2286 1236 5267
f 5230 5743 3602
f 6057 5250 5777
f 5887 3618 1103
f 3399 5261 6147
f 3517 1269 5772
f 5267 5887 2247
f 5246 5613 3481
f 769 5406 6085
f 3627 5830 3481
f 5025 5919 3769
f 5600 6156 5991
f 2795 5588 3764
f 3531 769 3741
f 3400 1130 1313
f 1130 1021 3658
f 3658 1021 5588
f 1021 6017 5588
f 1204 3531 3741
f 5315 5767 5735
f 5559 3400 3606
f 5559 3694 3666
f 5503 5818 1417
f 6110 5635 3499
f 6110 3591 3734
f 3591 1038 3734
f 5389 5390 5535
f 5836 1053 5893
f 1345 3501 1319
f 3500 1163 3499
f 3710 3508 5972
f 3165 5410 2234
f 5999 1225 1087
f 3500 1077 1100
f 3430 5284 5930
f 5874 5602 5660
f 5780 3613 3612
f 3499 1077 3500
f 3499 1163 6110
f 1216 3324 2166
f 5623 1063 5452
f 5349 2090 5306
f 1179 5354 5306
f 3415 5287 1154
f 6066 718 3775
f 6066 5796 718
f 5319 1179 5306
f 3597 1137 5301
f 5755 3634 3601
f 5595 5706 3330
f 5394 3779 1300
f 3315 5275 5545
f 6000 2078 6122
f 6157 5590 1095
f 5413 6157 1095
f 6086 2151 3547
f 6157 5239 5590
f 6157 5413 3573
f 6086 2078 2151
f 5033 3605 3849
f 5521 5376 5880
f 3177 3673 5383
f 3177 3849 3673
f 1314 1175 5276
f 3569 2681 3535
f 3421 6137 1088
f 2151 5731 3546
f 1125 1135 5467
f 6137 5502 1088
f 866 1133 5467
f 3099 3505 6122
f 3099 5996 3516
f 5989 5779 933
f 5460 6151 3843
f 3419 3843 5236
f 6041 5227 927
f 6080 5963 6007
f 3761 990 5963
f 5813 5963 6080
f 2131 1001 5798
f 968 3779 5394
f 1001 2131 3675
f 927 3761 1250
f 5881 5545 3492
f 3609 5918 3245
f 3490 3492 5275
f 968 995 3779
f 5833 5412 1089
f 3590 5349 985
f 3601 5909 3655
f 1630 5904 3520
f 5378 1409 5960
f 5378 5960 6098
f 3601 2113 5909
f 3419 5813 5301
f 880 5755 3684
f 3597 3244 1249
f 3244 5879 5392
f 3330 5319 1111
f 3330 2264 3703
f 985 3321 3584
f 6019 3494 3526
f 3653 3527 3494
f 5797 3655 3426
f 5999 1087 3613
f 6091 3477 3683
f 3476 1410 3526
f 1342 5271 1395
f 1246 1310 2044
f 6019 3653 3494
f 3477 5409 5938
f 5740 3588 5905
f 1203 1275 4992
f 5899 1083 3496
f 3592 3783 5765
f 5768 5668 3594
f 3689 6159 5771
f 5273 3533 1233
f 3762 1078 6167
f 5921 3241 2878
f 3656 5805 5366
f 5326 1209 6107
f 1138 987 6040
f 1394 1641 3817
f 1082 1394 1159
f 3656 5459 987
f 6159 5907 3587
f 1181 1414 5942
f 2280 3640 1333
f 3656 5965 5459
f 5895 3656 987
f 5355 3592 5765
f 6126 5418 1234
f 3817 1641 5266
f 5134 1115 6172
f 5459 5958 5466
f 5134 6172 5418
f 6126 1234 1281
f 6057 5553 5250
f 3763 2104 5927
f 5369 3748 1094
f 1281 3615 1145
f 1064 1153 3671
f 5844 5854 1207
f 3627 2286 5344
f 1240 6057 5777
f 3741 918 1204
f 5669 5854 5844
f 5025 3741 5272
f 5272 5919 5025
f 1274 1104 5612
f 5562 3602 5955
f 3517 5928 5970
f 5267 3362 5887
f 931 5858 5707
f 1252 5763 3434
f 3694 5557 1206
f 5560 3632 5457
f 5373 3748 1061
f 5478 4015 3506
f 3787 5503 5333
f 6037 2795 5503
f 6039 5783 1094
f 6004 1232 5991
f 1054 6073 3561
f 5675 5572 3158
f 5967 1148 3488
f 5967 3488 5900
f 1206 5557 5560
f 1071 6121 5993
f 3409 5829 3819
f 5390 3409 3818
f 3409 5390 5389
f 3593 5722 3596
f 3409 3819 3818
f 3427 5410 5630
f 3959 3955 760
f 1065 5263 1072
f 5263 3959 960
f 5523 3766 967
f 960 3959 760
f 3628 5647 3372
f 3628 3372 5229
f 1033 3803 2245
f 3803 907 2245
f 1149 3647 5778
f 5647 1100 1077
f 921 5372 3766
f 3753 1085 3863
f 1314 1176 1175
f 3503 788 1314
f 5276 5386 5156
f 6086 3547 5295
f 3599 658 3177
f 5238 3535 5487
f 5631 6157 3573
f 2151 3546 3547
f 5475 1572 3570
f 2682 5487 3535
f 6000 5520 1642
f 2078 5731 2151
f 6086 6122 2078
f 6086 5295 3099
f 3766 3775 967
f 984 5700 3556
f 5354 5301 1137
f 3751 1139 3556
f 5455 3692 5379
f 3863 4038 5796
f 3692 5285 3416
f 6012 3713 1412
f 2152 1125 5467
f 2152 1122 1125
f 6137 5683 5546
f 3673 3849 5427
f 5400 5467 1133
f 3709 1052 5400
f 3850 3605 1007
f 3629 3767 5427
f 3391 5625 6070
f 6025 2141 5758
f 3641 5322 3844
f 5453 1136 5868
f 6139 5431 5627
f 5800 2077 1013
f 5800 5568 2077
f 5568 2153 2077
f 1176 2195 1131
f 971 5620 3649
f 3368 5823 3714
f 1007 2152 1052
f 6133 1007 1052
f 1122 2682 1125
f 1572 5412 5996
f 6152 5833 5548
f 5620 971 3365
f 2118 3645 5548
f 5996 3486 3516
f 5833 5842 3315
f 3582 1074 5975
f 3099 5295 5996
f 6152 3794 5842
f 3568 5030 5475
f 5030 3608 5475
f 3547 3570 5295
f 3713 6012 3503
f 1047 1005 5501
f 5880 3629 5450
f 5427 3850 3630
f 5376 5413 3568
f 5376 3568 3570
f 3713 3503 1314
f 5427 3849 3850
f 5431 2146 971
f 3644 5303 5402
f 6133 5586 3630
f 5586 2201 5450
f 3503 1205 788
f 1205 2193 788
f 5620 5497 1170
f 1047 3439 5727
f 996 3677 3675
f 687 5716 6135
f 3608 5497 5548
f 3245 5458 3609
f 5798 4029 2131
f 1081 3812 1023
f 3794 5616 5268
f 1300 3413 3263
f 1250 5963 5813
f 1179 5764 5354
f 5764 984 3708
f 2083 5879 6007
f 6082 2109 1692
f 1579 2042 6151
f 5741 1312 5534
f 5392 5827 1249
f 5408 5270 2238
f 6007 3244 6080
f 3419 5236 5813
f 5811 1224 3521
f 967 3775 5808
f 5518 1171 3613
f 5518 3684 3581
f 3708 966 3843
f 966 5460 3843
f 5827 5989 3521
f 1224 5924 3584
f 1224 3584 3321
f 1300 3779 3413
f 6059 5458 3245
f 5716 687 4029
f 5798 5716 4029
f 1001 2088 5798
f 3779 6034 3413
f 3413 3342 3263
f 2088 3509 5310
f 5534 1312 3342
f 6111 6151 2042
f 5918 687 3245
f 5475 3608 1089
f 3518 5918 3609
f 5236 6151 6111
f 6059 1237 3736
f 2113 3634 3616
f 3581 3601 3655
f 3581 1171 5518
f 3655 5797 1171
f 3562 5660 5363
f 5335 1494 3590
f 985 5225 3321
f 5306 1137 5349
f 5563 1395 5271
f 3684 5518 5335
f 1137 5225 5349
f 1079 3308 5579
f 3308 5837 3426
f 880 5924 5465
f 1201 3543 3447
f 5507 1605 5543
f 3653 1409 3520
f 1117 2106 5668
f 3653 5960 1409
f 5709 2593 5316
f 1039 5226 940
f 5432 3494 2110
f 6163 1083 5899
f 3685 1036 3845
f 5304 5605 3845
f 1275 2134 3286
f 1219 5899 5954
f 5472 3700 1117
f 5565 3993 3742
f 3526 5432 3528
f 5432 3657 3533
f 3729 5608 1011
f 3179 1083 3845
f 5921 5987 1195
f 3865 3594 3595
f 5438 5516 3783
f 3743 5466 5926
f 897 6036 1011
f 5805 5342 1282
f 5342 3762 1282
f 3762 3750 1282
f 3663 5254 5466
f 3750 5438 3592
f 5355 3822 3592
f 5366 5805 1282
f 5438 3783 3592
f 3763 5927 5278
f 1277 6048 3572
f 6102 5724 1235
f 1145 2104 1099
f 3763 1099 2104
f 6147 2102 2129
f 3603 5264 3598
f 3525 1159 6107
f 5670 1070 1161
f 1281 5854 3615
f 3626 3627 5344
f 3760 5884 3632
f 1269 1213 6085
f 5670 3398 3540
f 3748 5884 1094
f 5562 1084 5844
f 1070 5670 3540
f 3741 5025 918
f 1070 5922 1161
f 1098 5407 5039
f 5407 4201 5039
f 5368 6161 3603
f 5919 1103 3618
f 5876 6103 5286
f 6156 6004 5991
f 5560 5457 1206
f 5600 5991 1153
f 6004 3694 5559
f 3531 3401 5406
f 3531 5557 3401
f 2795 3764 5818
f 5818 3764 1028
f 6156 5600 3532
f 3819 6037 3818
f 5317 5500 1148
f 5315 5735 1210
f 5675 5742 5572
f 1075 5223 3593
f 1075 1071 5223
f 2851 1332 1038
f 5029 6067 3803
f 5778 3647 6108
f 5462 1065 1154
f 3427 1163 2234
f 1065 1072 3372
f 5647 1065 3372
f 3416 5229 3372
f 3556 5523 984
f 1514 3593 3596
f 3734 1038 1332
f 5462 1141 3788
f 3415 1154 1077
f 3788 3959 5263
f 5225 985 5349
f 3415 5635 3596
f 718 3599 5383
f 6131 2042 1579
f 6131 6000 1642
f 2201 5586 1412
f 6131 3776 1097
f 5731 2078 1097
f 1397 5383 3673
f 3652 5929 3761
f 984 5764 5700
f 984 5523 966
f 5285 5229 3416
f 5523 921 3766
f 5293 955 840
f 1013 5875 5800
f 3265 1016 2081
f 1175 1093 5912
f 3836 3641 3844
f 1017 5509 3836
f 788 1176 1314
f 3850 3849 3605
f 5521 2201 3573
f 5487 658 5238
f 5673 5902 3914
f 1135 1051 866
f 5897 6170 5860
f 5509 6070 3668
f 6170 5897 2081
f 2081 1059 6170
f 6128 3688 5428
f 2081 1016 1059
f 2080 2141 6025
f 1208 6025 5758
f 3836 5509 3641
f 5467 1135 866
f 3795 1106 3536
f 1131 5568 1231
f 5800 5875 3424
f 6056 3636 5753
f 3424 3636 6056
f 3424 3560 3636
f 3625 1118 3421
f 3560 5984 5715
f 2153 1131 2195
f 1175 5912 5276
f 1059 3836 6170
f 5358 1136 977
f 5823 3815 3768
f 3305 5820 6109
f 3365 3927 2118
f 1005 5912 3510
f 3305 2085 5753
f 3305 5753 2107
f 5620 1170 3649
f 5838 3582 2225
f 3794 3957 5842
f 3570 1572 5295
f 5842 3957 3518
f 5838 1074 3582
f 3570 3568 5475
f 3629 3630 5450
f 3516 3505 3099
f 1091 1362 3505
f 1093 2085 3510
f 1170 5497 5030
f 1170 5030 1095
f 5880 5450 5521
f 5620 2118 5497
f 3573 2201 5631
f 5239 5156 5627
f 5156 5386 3793
f 1093 1231 2085
f 3881 822 5268
f 971 2146 3806
f 5975 996 3675
f 6010 5339 1074
f 1027 5940 998
f 5979 3927 3365
f 3541 989 3509
f 5268 3957 3794
f 1637 5533 5628
f 5842 5833 6152
f 5918 3957 822
f 3957 5918 3518
f 5643 5442 3922
f 5716 2066 1426
f 857 5626 6026
f 1300 5458 5394
f 1045 3834 5977
f 5920 996 5434
f 5643 3922 3691
f 5370 6130 2945
f 2088 1223 3509
f 2118 3927 3645
f 1362 5520 3505
f 6122 6086 3099
f 5309 1041 1102
f 3708 3843 3419
f 5354 3419 5301
f 990 5786 2083
f 1249 5827 3321
f 3621 1692 2109
f 2949 5879 2083
f 5811 5924 1224
f 5827 1224 3321
f 5490 5784 3418
f 1062 852 5810
f 913 3781 5622
f 3781 3893 5622
f 1279 5832 5318
f 5268 822 3957
f 5318 5832 3693
f 1298 1041 5309
f 6059 3736 5394
f 3609 5458 3490
f 5821 5393 1280
f 5236 1250 5813
f 5929 3652 1102
f 6041 2042 1642
f 3856 968 3736
f 1237 5539 3736
f 3374 1020 5786
f 3856 729 968
f 5518 1087 1494
f 5595 3330 1111
f 5622 4279 1006
f 2061 4073 1056
f 1494 2090 3590
f 3597 1249 5225
f 3613 5780 5999
f 3601 3634 2113
f 3616 3634 1039
f 3616 1039 3700
f 2106 1055 1056
f 1055 3848 1056
f 3683 6014 1217
f 5997 3394 6014
f 3715 4279 2202
f 3394 5657 6014
f 5770 3447 1747
f 1146 3737 2110
f 5954 1256 5429
f 1068 5271 6075
f 1039 3634 964
f 1256 5320 5429
f 5449 3661 1058
f 5516 3662 3867
f 5605 5304 1058
f 1083 3685 3845
f 1058 3661 3662
f 3594 1233 5768
f 846 3789 3663
f 1217 3528 6146
f 1217 3476 3528
f 3179 5438 6167
f 3594 4073 3595
f 6164 3702 5826
f 987 5459 3743
f 3664 5721 846
f 3822 3750 3592
f 3712 3519 936
f 3559 1296 6172
f 6048 6040 3537
f 1278 1138 6040
f 6126 1281 1145
f 3702 6164 897
f 6117 3398 5670
f 3774 5357 1531
f 3399 1274 3320
f 1099 3763 5134
f 3626 5858 931
f 3615 1221 5353
f 3626 1178 5858
f 5668 5472 1117
f 1096 1012 5569
f 928 3825 3755
f 3614 5353 2157
f 1234 5230 1281
f 5896 3790 5269
f 3602 5844 1207
f 3614 3615 5353
f 3602 5743 5955
f 1084 5562 1155
f 5286 5494 3769
f 3425 5951 3360
f 5506 1054 3389
f 5772 6008 3355
f 3532 5406 6156
f 3399 6119 5669
f 918 3760 1204
f 1032 5368 3603
f 5562 5844 3602
f 1221 3615 5854
f 3598 3506 5783
f 6103 5350 5286
f 5272 769 1213
f 1187 5991 1232
f 3666 3400 5559
f 3401 5557 3694
f 5818 5503 2795
f 3759 953 1417
f 5991 1187 1153
f 3769 5494 5783
f 3642 1187 6154
f 5029 3529 3942
f 5317 1148 5506
f 6121 1134 3818
f 3287 1169 3409
f 1072 2252 3416
f 5389 3287 3409
f 5364 759 907
f 2264 5700 3703
f 3530 5695 1141
f 5455 2264 5706
f 3955 2245 5834
f 3942 4018 6067
f 1391 3210 5410
f 1141 5695 3788
f 5635 6110 3734
f 3877 2220 6108
f 3638 5602 1238
f 2240 978 3607
f 3607 3704 2240
f 3753 1003 1085
f 718 5796 3599
f 3419 5354 3708
f 6080 5301 5813
f 5706 3692 5455
f 5796 6066 3037
f 5383 3599 3177
f 5319 1225 1111
f 5731 3767 3546
f 1494 5335 5518
f 3684 3601 3581
f 3703 1179 3330
f 3863 5582 3753
f 3703 5764 1179
f 5306 2090 5319
f 2090 1494 1225
f 3638 1238 3332
f 1135 5402 1051
f 5402 5303 2275
f 5297 3690 866
f 3720 1080 3571
f 3720 3725 1080
f 866 3690 1133
f 3850 1007 6133
f 3690 3625 1133
f 3910 5761 5542
f 1051 5297 866
f 3835 1264 5474
f 5546 1297 5502
f 5897 5293 2081
f 2081 5293 3265
f 1118 3910 5542
f 5329 999 3723
f 999 5480 5914
f 5914 3723 999
f 3914 5902 920
f 5860 5322 5673
f 955 3914 920
f 6069 4255 3918
f 5913 977 1106
f 5840 4193 952
f 6128 5875 2265
f 6170 3844 5860
f 6170 3836 3844
f 1017 3836 1059
f 2077 5502 1013
f 5568 5800 6056
f 1136 5933 5868
f 3795 3646 5913
f 5875 1013 3637
f 959 3949 2073
f 959 5358 994
f 3636 5715 2107
f 5715 3536 2107
f 2124 3991 994
f 1005 5386 5912
f 3611 3881 5268
f 1047 5906 3439
f 3611 3582 5975
f 3768 3815 1076
f 5627 3649 5590
f 5627 5431 3649
f 5431 971 3649
f 3768 3686 3947
f 5975 3881 3611
f 5475 1089 1572
f 3927 5619 3791
f 3518 5275 3315
f 5545 3486 3315
f 1572 1089 5412
f 3927 3791 3645
f 1113 1023 5533
f 5156 3793 5627
f 5339 5434 1074
f 5339 2207 5434
f 3568 1095 5030
f 5413 5376 5521
f 1091 1312 1362
f 5339 6052 2207
f 998 5940 6052
f 996 5975 1074
f 5616 3791 2225
f 5628 1027 998
f 996 5920 3677
f 3583 3541 6006
f 1426 1237 6135
f 1113 1081 1023
f 5682 974 3857
f 5716 5798 2066
f 3665 3950 3749
f 6169 3922 3583
f 3677 1223 1001
f 3677 6169 6006
f 3677 5920 6169
f 5643 5224 5345
f 5682 3857 5609
f 3522 5318 2126
f 3654 2207 3691
f 6006 1223 3677
f 3583 5442 911
f 5310 3155 2066
f 5838 5619 1637
f 995 1014 5367
f 927 5227 3652
f 3342 5690 3263
f 5690 1312 1091
f 1004 5741 5227
f 3761 5963 1250
f 3342 1298 5534
f 5309 1102 5227
f 5929 3621 3374
f 1096 5490 847
f 5929 3374 5786
f 5569 3862 5784
f 1249 3321 5225
f 1249 3244 5392
f 5784 3862 3781
f 3761 5929 990
f 913 5622 4989
f 1642 2042 6131
f 5609 5832 5393
f 3650 5318 3693
f 2126 3728 857
f 3413 6034 1298
f 5626 3864 6026
f 857 6026 3856
f 5539 3856 3736
f 1044 5308 3650
f 5609 3585 3944
f 5626 5977 3864
f 6151 5236 3843
f 1298 6034 1041
f 1692 3621 1041
f 1579 3776 6131
f 3859 1014 3864
f 2202 3848 1055
f 3916 5384 5999
f 1039 1117 3700
f 5924 880 3584
f 1062 5810 847
f 2238 5260 6038
f 2138 913 5811
f 991 5989 5495
f 2137 5847 3837
f 6101 1006 5226
f 3715 2202 1055
f 5472 5668 5768
f 3616 1146 5904
f 3685 6163 1035
f 3685 1083 6163
f 3845 5605 3179
f 5621 3520 5579
f 5605 5438 3179
f 3617 3732 6104
f 6163 1101 1035
f 4073 5668 2106
f 5909 3426 3655
f 5776 823 3504
f 3822 1282 3750
f 935 2104 3614
f 1302 1278 5232
f 3661 2061 5511
f 1058 3662 5516
f 5355 3664 5965
f 3702 897 1641
f 3594 3865 1233
f 3595 3661 5449
f 5954 5429 3286
f 6104 3848 3617
f 3742 6164 5826
f 5355 5721 3664
f 3742 1114 6164
f 1641 1394 3789
f 5633 3712 936
f 5958 5459 5965
f 1082 5926 5254
f 2178 1531 1031
f 1115 5326 3519
f 3523 3572 1251
f 3399 1104 1274
f 1145 1099 6126
f 3572 3537 1251
f 3600 1531 5357
f 3682 3809 3681
f 1031 5824 2178
f 1098 5039 5687
f 5976 3874 5385
f 6172 1057 3559
f 3672 1073 6009
f 5743 2084 5955
f 3633 3559 5852
f 1234 5418 1296
f 916 5604 938
f 3320 5980 6119
f 5988 3539 5980
f 3539 3540 5980
f 5604 3814 938
f 5884 6039 1094
f 5369 1061 3748
f 6103 2096 1032
f 3748 5373 3632
f 820 4201 824
f 3531 1204 5557
f 3666 6113 1130
f 5264 5478 3506
f 5369 1094 3506
f 1169 3287 3495
f 3831 3929 5478
f 6037 3787 6121
f 6017 6113 5457
f 3780 3974 800
f 1130 3658 1313
f 3658 5829 1313
f 3829 5036 4015
f 3558 3389 3561
f 5829 1169 3558
f 5993 3647 1511
f 3647 1149 1511
f 3530 5722 3529
f 2851 5389 1332
f 3529 5029 3530
f 6060 5452 6065
f 6065 1025 6060
f 5463 5372 921
f 6065 5452 2240
f 3612 1320 3562
f 1141 5831 3530
f 5660 2166 5874
f 3703 5700 5764
f 5372 5582 3037
f 1088 2153 1132
f 5297 3835 3910
f 2195 2193 1132
f 3644 3535 2681
f 3713 1109 1412
f 1144 5303 2681
f 1144 922 5303
f 1205 3503 3709
f 1051 5402 2275
f 2195 1132 2153
f 1144 950 922
f 1019 718 5383
f 5314 2172 3391
f 5033 3849 3177
f 5314 5711 2172
f 5400 1205 3709
f 3914 5897 5860
f 5322 5603 5943
f 5603 1048 5943
f 5474 3391 6070
f 920 3800 3571
f 5474 1264 3391
f 1264 5314 3391
f 792 957 5792
f 5529 949 5329
f 5625 6002 6016
f 1264 3679 5314
f 5914 5803 3723
f 5249 843 5851
f 2141 2080 3265
f 2265 5875 3637
f 6128 3560 3424
f 840 3797 3563
f 5249 5615 5758
f 5758 2141 843
f 5542 5761 1017
f 5761 5509 1017
f 5753 2085 1231
f 888 3368 975
f 5501 1005 3510
f 1131 1231 1093
f 5820 5453 5868
f 1132 3421 1088
f 5984 3846 3795
f 5758 843 5249
f 986 976 5606
f 4193 3882 952
f 1297 5546 1016
f 5683 5542 6106
f 3882 3801 4255
f 5683 1118 5542
f 5453 977 1136
f 975 6109 5820
f 5453 1106 977
f 5868 888 975
f 3768 1076 3686
f 5753 3636 2107
f 5868 5933 888
f 5400 1133 1205
f 2225 5619 5838
f 5732 5933 3687
f 6143 5527 1076
f 3792 5544 896
f 5806 3714 3947
f 5413 5521 3573
f 3714 3768 3947
f 3714 5823 3768
f 1637 6010 5838
f 3582 3611 2225
f 5727 3439 5806
f 3368 5906 975
f 5979 5619 3927
f 5434 2207 3654
f 5979 5533 5619
f 3691 2207 3765
f 5620 3365 2118
f 5628 1023 1027
f 3654 5920 5434
f 3693 3944 1044
f 1279 3522 3676
f 1426 6031 1237
f 997 1280 1279
f 5609 3693 5832
f 3665 3876 3950
f 3922 5442 3583
f 5107 6141 3749
f 3898 3951 3816
f 3777 3665 858
f 5274 790 3740
f 2066 2088 5310
f 6034 995 6082
f 5270 3727 2238
f 5367 3859 965
f 3859 6015 965
f 5430 3648 5034
f 6015 3747 867
f 5227 5741 5309
f 3621 2109 3374
f 6038 5495 2949
f 6038 1062 991
f 5034 5270 1020
f 6007 990 2083
f 5034 1020 3374
f 6038 852 1062
f 3862 3893 3781
f 3933 3821 3999
f 3541 6130 5370
f 3834 3833 5977
f 3650 2126 5318
f 857 5539 2126
f 867 5712 5693
f 1237 6031 5539
f 729 1014 995
f 1692 6034 6082
f 3648 5693 906
f 1102 3652 5227
f 5779 847 3418
f 5226 1006 3715
f 3862 1043 3893
f 1043 973 919
f 973 1043 3862
f 5810 5855 1096
f 3521 5989 933
f 928 3755 5855
f 919 6021 5847
f 1410 1310 1246
f 3418 847 5490
f 1146 3700 3737
f 3533 3528 5432
f 5668 4073 3594
f 3520 3527 3653
f 6091 3683 1217
f 6163 5899 1219
f 3595 4073 2061
f 5565 3742 3699
f 1146 2110 3527
f 3921 3733 972
f 5449 1058 5304
f 1078 3762 3587
f 3631 3390 5565
f 6167 5438 3750
f 3994 5511 3810
f 897 1011 5266
f 1024 5342 3489
f 3390 3993 5565
f 1082 2147 5926
f 2147 3525 1251
f 3733 725 3981
f 5958 3663 5466
f 5958 3664 3663
f 3664 846 3663
f 5232 6048 1277
f 3523 5776 3572
f 3523 823 5776
f 6117 5645 3504
f 3600 3669 1031
f 3525 2147 1082
f 1115 5134 1209
f 3398 2157 5353
f 5633 936 3817
f 1115 1057 6172
f 5243 6033 771
f 1031 1531 3600
f 5752 852 5260
f 5531 3738 3755
f 5752 928 852
f 5226 3715 940
f 3781 913 2138
f 928 5810 852
f 3519 1057 1115
f 5235 5537 5420
f 3813 2182 5678
f 5420 5537 5976
f 3971 6009 3773
f 3519 3873 1057
f 3712 5633 3711
f 3971 5414 6009
f 2084 3771 1098
f 5278 1209 3763
f 5687 3619 5955
f 5687 5368 3619
f 5852 1116 5385
f 5824 1031 3669
f 5687 5039 5368
f 2654 5655 1143
f 3853 4028 5756
f 6103 1032 5350
f 5494 5286 5350
f 6039 5025 3769
f 6116 4083 3757
f 1061 5036 3759
f 6113 3666 1206
f 2795 3819 5588
f 3606 1229 5559
f 1130 6113 1021
f 3606 3558 3561
f 1417 5818 3759
f 3780 5807 3974
f 918 6039 5884
f 2069 3780 800
f 5032 6108 3647
f 5778 4018 1149
f 5032 5993 3787
f 5722 5223 3529
f 5722 3593 5223
f 5722 3530 5831
f 5287 1141 5462
f 6121 1071 1134
f 1511 5223 1071
f 981 929 5804
f 5592 3756 875
f 5364 907 908
f 3607 5291 3704
f 3718 2120 6134
f 2120 5939 6134
f 5939 5464 3937
f 1139 5463 921
f 6060 5623 5452
f 3832 5804 980
f 3678 978 5452
f 3678 1090 3719
f 5695 3803 1033
f 1090 905 3719
f 760 3955 1090
f 1090 3955 5834
f 5523 3556 921
f 5402 1125 3644
f 3569 5238 5869
f 2682 3535 3644
f 2681 5303 3644
f 5372 5463 3705
f 2252 1072 5623
f 3869 2144 2314
f 4199 5110 2144
f 5372 6066 3766
f 5636 950 948
f 950 850 948
f 950 5510 850
f 1532 2216 5510
f 6012 6133 1052
f 5297 1051 3946
f 6012 5586 6133
f 3630 3850 6133
f 2275 5303 922
f 2681 1532 1144
f 5470 3939 3941
f 3630 3629 5427
f 4038 3599 5796
f 1744 1019 5383
f 5402 1135 1125
f 5510 1144 1532
f 2216 1532 3643
f 5510 2216 5470
f 5529 5329 5570
f 5761 3835 5474
f 5761 3910 3835
f 5625 2172 1046
f 956 957 5468
f 3910 3690 5297
f 3725 5294 6072
f 3901 600 2256
f 3914 5860 5673
f 1080 3725 6072
f 986 1002 6069
f 843 840 3563
f 3620 1208 5758
f 2087 2209 2089
f 5160 2256 600
f 3688 5606 5428
f 2087 2089 2082
f 6069 3918 976
f 1106 2222 3536
f 1131 2153 5568
f 5615 1002 986
f 1049 976 993
f 3625 2193 1133
f 1231 5568 6056
f 3510 2085 3567
f 3722 5249 1026
f 1106 5453 2222
f 3305 2222 5820
f 1136 5358 2073
f 5868 975 5820
f 5715 3795 3536
f 5715 5984 3795
f 3439 3714 5806
f 3947 1081 5825
f 2225 3611 5616
f 5527 5448 1008
f 5727 5806 2146
f 5825 1081 1113
f 3793 1005 1047
f 6010 1074 5838
f 3793 5386 1005
f 5239 5631 1109
f 3686 3812 1081
f 5527 988 1076
f 5239 6157 5631
f 5616 6152 3645
f 3691 3922 3654
f 5616 3794 6152
f 1027 5672 2306
f 3812 988 3745
f 5906 6109 975
f 5501 3567 6109
f 5030 5497 3608
f 3777 858 5345
f 6077 4008 937
f 6077 5968 6052
f 6006 3541 3509
f 5920 3654 6169
f 5345 969 3777
f 790 6136 3740
f 969 3740 3816
f 5650 2097 784
f 5310 989 3676
f 5367 6082 995
f 585 740 5446
f 5270 5408 1020
f 856 4894 2242
f 5693 5712 934
f 3747 5747 585
f 906 3778 3727
f 990 6007 5963
f 5719 3854 5341
f 5226 1039 964
f 5270 906 3727
f 5034 3648 906
f 5855 1012 1096
f 3999 5145 2086
f 2126 3650 3728
f 1044 3650 3693
f 3541 5370 989
f 3933 2003 3821
f 2097 86 735
f 1014 3859 5367
f 2097 3935 784
f 3648 867 5693
f 5308 1045 3728
f 5941 784 3935
f 968 729 995
f 2097 735 3935
f 5308 3728 3650
f 3682 3796 2137
f 3657 2110 3737
f 5465 5755 880
f 581 1114 972
f 671 666 2278
f 5784 3781 2138
f 4037 3954 4036
f 919 5982 6021
f 1117 940 2106
f 6167 1078 3496
f 1078 5327 3496
f 3418 5784 2138
f 6022 5924 5811
f 3700 1146 3616
f 5765 3631 3699
f 5826 5721 3699
f 1056 3848 6104
f 5662 5847 2137
f 3810 992 3847
f 5983 2092 3786
f 3867 3390 3631
f 3848 2202 3681
f 815 4823 3101
f 5385 5896 5852
f 1114 3808 6036
f 6040 987 3743
f 2288 4046 1040
f 846 5721 5826
f 3664 5958 5965
f 2063 4076 3907
f 5976 5385 1116
f 3808 581 3785
f 2178 3873 3712
f 1221 5882 5353
f 5633 3817 5266
f 5341 5949 5719
f 5166 2173 904
f 2173 4075 2278
f 5622 1006 4989
f 5235 3855 2269
f 826 901 939
f 5235 2269 5537
f 2164 3940 5243
f 2174 2168 3940
f 916 5677 5604
f 1531 3711 3774
f 6009 5414 726
f 3790 3771 2084
f 1032 1155 3619
f 5269 5743 5331
f 5955 2084 1098
f 5955 1098 5687
f 5269 2084 5743
f 1156 3362 2129
f 3362 1156 5876
f 1098 3771 5407
f 5684 3780 3757
f 5369 5036 1061
f 5980 5882 6119
f 1094 5783 3506
f 5783 5494 3598
f 6161 3831 5264
f 1061 3759 1028
f 800 3974 6018
f 3974 5703 6018
f 3506 3598 5264
f 3764 5228 1028
f 5703 6011 3897
f 868 786 5807
f 3759 5036 953
f 1028 3759 5818
f 5722 5831 3596
f 2220 2150 3972
f 5364 5592 3870
f 759 5834 2245
f 3756 5522 3830
f 5623 6060 2252
f 1514 5535 3593
f 1063 3678 5452
f 760 1090 3678
f 2220 3782 6108
f 1139 5379 1025
f 5291 1003 3753
f 760 3678 1063
f 5291 6134 1003
f 3937 6134 5939
f 5463 1025 6065
f 753 2068 3915
f 6016 6003 3680
f 6016 6002 6003
f 5297 3946 3835
f 2172 5625 3391
f 3679 5636 5314
f 3556 1139 921
f 1139 3751 5379
f 3719 978 3678
f 5804 3945 980
f 2216 1003 2181
f 5711 5636 948
f 1003 2216 1085
f 1051 2275 3946
f 5510 950 1144
f 850 3941 948
f 3938 2050 2296
f 5293 840 2141
f 3939 805 3941
f 1532 2681 3569
f 6070 5509 5474
f 5322 5871 5603
f 3915 925 3992
f 2050 804 5158
f 2183 2311 660
f 3805 949 5529
f 3992 837 4006
f 746 839 2196
f 3992 925 837
f 2224 3915 3805
f 3797 955 920
f 2180 3805 1048
f 5851 1026 5249
f 955 5293 5897
f 5293 2141 3265
f 600 723 5190
f 4193 4047 4050
f 6025 2265 3637
f 1208 3688 2265
f 5468 2180 1048
f 2073 3949 3651
f 3846 5984 1049
f 1131 1093 1176
f 888 5823 3368
f 1231 6056 5753
f 959 2073 5358
f 2265 6025 1208
f 2087 2082 5915
f 3801 3882 5150
f 4005 1026 5915
f 898 5840 3820
f 3918 5519 993
f 5851 843 3563
f 976 1049 5606
f 4005 5915 2082
f 2325 1000 5150
f 2254 2213 4090
f 5851 3563 2098
f 1049 5428 5606
f 4047 2114 859
f 2114 2115 859
f 5750 848 5915
f 5501 5906 1047
f 3991 3911 871
f 5758 5615 3620
f 3721 5201 5141
f 889 2274 869
f 3687 2073 3651
f 5933 5823 888
f 3846 1042 3646
f 887 5204 4125
f 3731 5732 5894
f 1008 5448 747
f 1218 5745 5277
f 988 5527 3745
f 5527 1008 3745
f 5544 3875 896
f 5672 3812 3745
f 3691 3765 5489
f 5431 6139 2146
f 5727 6139 1047
f 5489 5643 3691
f 6143 3815 3731
f 3567 3305 6109
f 5672 1027 1023
f 5940 6077 6052
f 5801 2177 3038
f 3791 5616 3645
f 3900 5489 5456
f 3166 3770 3951
f 3816 3777 969
f 4155 5311 5097
f 3840 3975 5311
f 5234 3665 3749
f 1407 3952 4117
f 3975 3269 5097
f 5682 3860 1034
f 5339 998 6052
f 858 5442 5345
f 5339 6010 998
f 3166 861 3841
f 861 730 3841
f 911 5442 858
f 2126 6031 3522
f 5107 2297 6141
f 3770 3840 5311
f 5265 5234 3749
f 3676 997 1279
f 3928 5821 2945
f 3858 3804 4288
f 974 683 6024
f 5626 857 3728
f 5198 732 3909
f 3944 4002 1044
f 6006 6169 3583
f 5666 784 4002
f 3859 3986 6015
f 6034 3779 995
f 6026 1014 729
f 3604 3778 934
f 4896 3861 4894
f 3778 3604 5551
f 5551 5752 5260
f 5779 1062 847
f 927 1250 6111
f 3919 1012 3466
f 2173 2278 904
f 5650 5766 3999
f 5863 162 4088
f 5977 3986 3864
f 1045 5308 5941
f 4149 794 4826
f 4002 3944 5666
f 3935 735 783
f 784 5666 5650
f 5941 3834 1045
f 5712 5446 934
f 3833 783 5749
f 5918 822 4029
f 3486 5996 5412
f 5458 1300 3490
f 5918 4029 687
f 919 3919 5982
f 5847 6021 3837
f 919 973 3919
f 940 3715 1055
f 6022 913 4989
f 3617 3786 3732
f 3631 5565 3699
f 2110 3494 3527
f 4073 2106 1056
f 5662 3893 1043
f 6021 3706 3837
f 5622 3893 954
f 5983 2233 2092
f 5438 5605 5516
f 3847 992 5279
f 992 3921 5279
f 3810 6104 3732
f 661 4036 3954
f 581 3981 3785
f 992 3732 1673
f 992 3810 3732
f 4046 4186 1040
f 5633 5937 3711
f 4130 2374 2375
f 936 1159 3817
f 936 5326 1159
f 1251 3537 2147
f 6172 1296 5418
f 3854 3738 5341
f 2242 5446 856
f 863 2959 2271
f 3940 2168 4077
f 2140 849 961
f 3739 2288 914
f 844 2021 4057
f 2218 4033 3814
f 2164 2140 2174
f 3855 5491 5556
f 5743 5230 5331
f 2263 590 2379
f 3398 6117 2157
f 1296 3559 3633
f 5418 6126 1099
f 5331 1296 3633
f 5638 5359 3895
f 2335 787 5578
f 5039 6161 5368
f 5896 3633 5852
f 5896 5385 3672
f 1156 2096 6103
f 5359 824 3895
f 3814 5414 3971
f 3814 5604 5414
f 5360 4084 3895
f 1028 5228 5373
f 1274 5613 3320
f 3760 918 5884
f 786 4048 5703
f 3372 1072 3416
f 6108 5032 3877
f 5373 1061 1028
f 6017 5457 5228
f 6011 5703 4048
f 4083 3929 787
f 3897 6018 5703
f 3942 6067 5029
f 908 6067 4018
f 3818 6037 6121
f 3942 1511 1149
f 1075 5390 1134
f 5535 1514 1332
f 5595 3332 5285
f 3705 3704 5582
f 5593 3903 3782
f 5593 2128 3903
f 724 5103 873
f 907 6067 908
f 1033 3788 5695
f 3955 1033 2245
f 5463 1139 1025
f 981 759 929
f 2180 2224 3805
f 1046 6002 5625
f 3802 948 5816
f 5636 3679 922
f 4007 2050 5158
f 4071 746 2196
f 2296 2050 4007
f 3421 1118 5683
f 3938 2296 6047
f 3719 2120 3718
f 4120 813 2311
f 813 3938 660
f 5711 3802 2172
f 4007 746 2296
f 3939 5464 805
f 2314 2144 4120
f 3265 2080 1297
f 2314 2136 3869
f 5902 5570 5329
f 3988 792 5792
f 3723 3800 5329
f 2855 1214 719
f 3571 2098 3797
f 949 4006 999
f 3563 3797 2098
f 4101 592 723
f 5468 957 2180
f 4255 3801 3918
f 1026 898 3722
f 2115 945 4256
f 6069 1002 3820
f 5343 2089 2256
f 3725 3956 5294
f 3688 1208 3620
f 5757 5698 3875
f 5135 5201 3721
f 5913 3646 994
f 3795 3846 3646
f 5757 869 4125
f 3949 889 3651
f 994 3646 2124
f 3911 5135 3721
f 3991 871 2101
f 5894 5544 3731
f 889 869 3875
f 3991 2101 959
f 869 2274 887
f 5101 2212 4251
f 6 5126 2056
f 2255 2094 3886
f 3687 5894 5732
f 1076 3815 6143
f 915 3038 2177
f 4008 5781 2177
f 3649 1170 5590
f 5627 5590 5239
f 4008 2306 5781
f 5790 5698 2941
f 5489 5274 5224
f 3567 2085 3305
f 894 5968 937
f 2306 6077 5940
f 5781 1008 2177
f 1008 747 2177
f 894 5456 5968
f 5179 860 5790
f 915 860 5179
f 988 3812 3686
f 911 6130 3541
f 3038 5658 5801
f 5658 894 937
f 5658 6099 4009
f 911 5234 6130
f 3900 4009 790
f 5177 5219 3852
f 3876 3665 3777
f 5177 6136 5219
f 5177 3166 3898
f 5456 894 3900
f 5968 6077 937
f 3975 1407 3269
f 1279 5318 3522
f 5188 3909 2237
f 3770 2253 3951
f 3888 944 3807
f 3840 751 1472
f 6130 5234 5265
f 1034 974 5682
f 5898 1034 3860
f 5898 3948 1034
f 872 535 162
f 3807 1348 2135
f 1348 3804 3858
f 5898 6141 3948
f 4664 5749 5035
f 3747 3730 5747
f 3864 1014 6026
f 965 6015 867
f 668 2305 3861
f 3727 5551 5260
f 3778 5551 3727
f 5253 2282 5747
f 5446 740 856
f 5747 2282 2103
f 3746 2242 3997
f 1012 5855 3466
f 2949 2238 6038
f 3890 5719 5949
f 900 5540 2309
f 5855 5810 928
f 2949 5408 2238
f 5650 5666 5766
f 5310 3676 3155
f 670 86 2086
f 2086 2097 5650
f 5832 1279 1280
f 3585 5666 3944
f 3833 3834 783
f 5430 5367 965
f 5430 6082 5367
f 585 5712 3747
f 5446 3746 934
f 668 263 2305
f 783 932 5749
f 5035 5749 932
f 6059 3245 6135
f 5847 5662 1043
f 737 5540 2169
f 1983 4166 5127
f 5540 4004 2169
f 4003 2173 2362
f 3891 3682 3837
f 6021 5381 3706
f 3796 954 2137
f 2431 2362 4014
f 5569 973 3862
f 3418 2138 933
f 3179 6167 3496
f 3715 1006 4279
f 3521 1224 5827
f 6022 4989 6101
f 954 3796 4279
f 5924 6022 5465
f 1036 5321 3865
f 1035 5865 5273
f 1035 1180 5865
f 4208 2060 2930
f 4104 2233 902
f 6104 2061 1056
f 5511 2061 6104
f 3706 3976 902
f 3750 3762 6167
f 972 3733 581
f 3845 1036 5304
f 4823 4146 1655
f 2930 3185 765
f 3808 1114 581
f 3014 5216 3981
f 3813 5197 2182
f 5146 2091 816
f 5111 4137 791
f 4270 4092 1982
f 2091 2127 3866
f 6055 5357 914
f 5146 3735 2091
f 6055 1040 3813
f 782 3826 3746
f 4106 681 2273
f 2242 4894 2310
f 4014 5127 609
f 2374 4130 4270
f 4132 3912 3908
f 2148 3924 5556
f 961 2174 2140
f 2163 844 1010
f 3739 5608 2288
f 2164 5556 2140
f 1057 3873 6044
f 5243 3940 6033
f 2218 3814 882
f 895 5537 2269
f 3853 1073 3874
f 2263 5167 590
f 3519 3712 3873
f 6044 5824 1116
f 844 4059 2021
f 844 697 4059
f 2117 3872 882
f 3559 1057 6044
f 770 2117 939
f 3853 771 4028
f 2084 5269 3790
f 5420 1116 5824
f 5852 6044 1116
f 5269 5331 3633
f 2287 662 5638
f 726 3790 5896
f 5677 3771 3790
f 662 2287 4060
f 2335 2165 4016
f 3814 3971 882
f 938 5360 916
f 2218 4054 3871
f 3895 2287 5638
f 3895 4084 2287
f 6161 820 3831
f 5228 3632 5373
f 4201 6161 5039
f 868 5807 5684
f 5333 5503 1417
f 2102 6147 1084
f 5829 3409 1169
f 786 4049 4048
f 3895 824 5360
f 5522 908 4018
f 4015 5478 6116
f 2128 5593 3972
f 4030 2266 3917
f 4030 4154 2266
f 724 5203 803
f 5831 5287 3596
f 3788 5263 5462
f 724 803 5103
f 3596 5287 3415
f 5098 1765 586
f 3756 3830 875
f 542 610 5096
f 5834 905 1090
f 3756 5364 908
f 5780 5363 3916
f 2264 3751 5700
f 5780 3612 3562
f 4941 5158 804
f 3832 5939 2120
f 2240 5452 978
f 2183 5554 1046
f 3782 2220 5593
f 2220 3972 5593
f 3972 3897 2128
f 2240 3705 6065
f 813 2144 5110
f 5869 5238 4038
f 5869 3643 3569
f 3643 1085 2216
f 5804 6071 3945
f 3803 6067 907
f 5603 3680 5468
f 3938 813 5110
f 805 5464 2314
f 5464 2136 2314
f 5542 1017 6106
f 5110 2050 3938
f 5792 957 4000
f 5464 5939 980
f 2311 5816 4120
f 6134 5291 3718
f 3535 5238 3569
f 5487 5033 658
f 3939 2181 3937
f 2181 6134 3937
f 5487 1022 5033
f 792 3988 3920
f 1680 1214 2577
f 6047 5554 660
f 4089 4941 804
f 4063 744 2289
f 6016 3680 5871
f 4023 741 839
f 5761 5474 5509
f 2183 5816 2311
f 6003 956 3680
f 746 4023 839
f 5816 805 4120
f 5570 5673 5943
f 5603 5871 3680
f 2249 1999 613
f 5902 5329 3800
f 753 3915 2224
f 2249 5142 1999
f 6047 2296 4071
f 3720 3571 3800
f 2296 746 4071
f 956 6003 5994
f 2098 3571 1080
f 956 5994 4000
f 5914 5480 5978
f 3800 3723 3720
f 945 2115 2114
f 923 945 2114
f 5840 952 3820
f 952 4255 3820
f 5529 5943 1048
f 2082 3913 4005
f 5603 5468 1048
f 848 2087 5915
f 945 2089 5343
f 5715 3636 3560
f 6025 3637 2080
f 2254 2325 4050
f 977 5913 5358
f 4031 3801 5150
f 5204 887 3886
f 887 2255 3886
f 5135 5519 4031
f 2094 4180 6
f 5101 2184 776
f 2941 2186 5115
f 706 5126 3964
f 706 2056 5126
f 634 854 5126
f 5179 5196 4957
f 5801 4008 2177
f 5196 5179 5115
f 5781 5672 3745
f 3792 5448 6143
f 5448 5527 6143
f 5801 5658 937
f 5628 5533 1023
f 860 917 5790
f 1637 5619 5533
f 5979 1113 5533
f 3815 5823 5732
f 5727 2146 6139
f 5979 3806 1113
f 3900 894 4009
f 1953 605 4085
f 6099 5658 4945
f 6077 2306 4008
f 4009 894 5658
f 6099 3851 4009
f 3740 6136 3898
f 3816 3740 3898
f 5224 5274 969
f 6130 5265 2945
f 3975 5097 5311
f 3777 3816 3876
f 3816 3951 3876
f 3952 2276 4117
f 5188 3888 3807
f 2235 3943 795
f 3860 5393 5821
f 1280 5393 5832
f 3841 730 739
f 5821 997 5370
f 3958 4227 263
f 5430 965 3648
f 4896 856 2277
f 585 2103 740
f 867 3648 965
f 2309 3738 5531
f 4032 2387 668
f 5879 2949 5495
f 4004 5540 4213
f 6027 900 2309
f 798 3343 2235
f 5863 4869 162
f 3909 2135 5198
f 86 2214 932
f 2297 3888 4127
f 784 5941 4002
f 2244 4776 794
f 86 932 735
f 3944 3693 5609
f 86 2097 2086
f 5609 5393 5682
f 3833 3986 5977
f 3935 783 3834
f 86 4140 2214
f 4664 4141 2282
f 5446 2242 3746
f 1869 1937 4166
f 2363 891 4074
f 5166 904 6023
f 3976 3899 2246
f 3976 5381 3899
f 2246 3899 4099
f 3899 5381 671
f 4099 4074 665
f 3466 3854 5719
f 4099 4075 4074
f 3285 2139 1303
f 3921 661 3733
f 3682 3891 3809
f 3657 5432 2110
f 2362 2431 4003
f 5768 3657 3737
f 2127 3729 3808
f 1180 1101 6160
f 5511 3662 3661
f 3994 3867 3662
f 3994 3847 3867
f 3994 3810 3847
f 4146 161 2930
f 6036 6164 1114
f 3981 581 3733
f 2178 3712 3711
f 1040 4186 3813
f 3739 5937 5608
f 849 2140 3924
f 2380 5193 4072
f 5111 4136 4137
f 4894 4895 2310
f 3738 2309 737
f 3919 3890 5982
f 3854 3466 5855
f 3755 3854 5855
f 3774 3739 914
f 849 3907 3906
f 4130 4264 4270
f 849 3906 961
f 4145 4078 3906
f 1009 4077 2271
f 1009 864 3828
f 6044 3873 5824
f 5556 3924 2140
f 2148 5678 3924
f 916 3771 5677
f 5235 5491 3855
f 3912 4132 863
f 826 6033 1009
f 2260 4281 4247
f 2260 2262 4281
f 5756 3773 3853
f 727 845 2021
f 939 2117 5756
f 3672 3874 1073
f 4033 4084 938
f 4033 2392 4084
f 2392 2287 4084
f 895 771 3853
f 697 2163 901
f 3871 2392 4033
f 3871 4033 2218
f 3874 5976 895
f 4144 2344 4215
f 2344 807 4215
f 5896 5269 3633
f 2344 5624 807
f 4201 820 6161
f 3831 828 3929
f 1073 3853 3773
f 3672 5385 3874
f 882 3971 2117
f 3769 5783 6039
f 6017 5228 3764
f 2179 5578 5638
f 3782 5778 6108
f 5407 3771 916
f 5036 3829 953
f 3829 2069 953
f 4015 5036 5369
f 6018 2150 800
f 3757 4083 5684
f 4016 2165 5102
f 4010 5215 842
f 963 953 2069
f 3829 3757 2069
f 3829 6116 3757
f 6011 4048 2333
f 963 2069 800
f 3596 5635 1514
f 5695 3530 5029
f 2150 963 800
f 875 879 5592
f 1033 3955 3959
f 842 4079 2283
f 842 5215 614
f 3756 5592 5364
f 3607 3718 5291
f 5470 2216 2181
f 950 5636 922
f 5816 948 3941
f 2136 3945 3869
f 5522 3756 908
f 948 3802 5711
f 905 2120 3719
f 905 3832 2120
f 660 3938 6047
f 3265 1297 1016
f 3802 5816 2183
f 5939 3832 980
f 905 981 3832
f 2289 744 728
f 4941 742 5158
f 905 5834 981
f 4222 4079 4953
f 5105 3920 3988
f 5554 6003 6002
f 3571 3797 920
f 4023 2249 741
f 4023 746 4063
f 3970 4875 4876
f 3797 840 955
f 3920 5105 2125
f 2098 5750 5851
f 2142 3878 837
f 5978 5480 3878
f 3892 951 941
f 2031 555 653
f 3892 2112 951
f 832 2223 870
f 5914 5978 3990
f 5554 6047 5994
f 949 3805 4006
f 5343 5160 2211
f 5750 1026 5851
f 5750 5915 1026
f 612 5469 4019
f 3913 5840 4005
f 4064 853 2325
f 1002 5615 3722
f 4050 5150 3882
f 4050 2325 5150
f 877 4266 4223
f 3820 4255 6069
f 2211 4256 5343
f 5606 3620 986
f 2124 3646 1042
f 869 887 4125
f 887 2274 2255
f 994 5358 5913
f 4090 745 4062
f 5840 898 4005
f 4223 2295 2294
f 3918 993 976
f 3721 2094 871
f 890 5135 3911
f 4031 5201 5135
f 3560 5428 5984
f 3949 2274 889
f 3721 871 3911
f 2124 3911 3991
f 896 3875 5698
f 2184 2322 776
f 2359 3995 4180
f 3995 673 634
f 634 673 1455
f 2274 2101 2255
f 889 5544 3651
f 4272 1355 1455
f 5196 4276 4948
f 2186 3996 4934
f 747 5448 917
f 3894 5196 5115
f 825 2056 706
f 5968 5456 3765
f 3038 4945 5658
f 5115 2186 3894
f 3812 5672 1023
f 4067 3963 730
f 3842 730 861
f 5180 5147 5219
f 4195 601 4067
f 3900 5274 5489
f 885 1404 3889
f 2323 683 974
f 3950 5107 3749
f 4067 4987 3963
f 5175 5174 601
f 4067 730 3842
f 3962 736 1404
f 5219 6136 3851
f 736 3962 4085
f 5198 3932 4139
f 3948 2323 1034
f 3770 5311 2253
f 4155 3950 2253
f 911 3541 3583
f 2276 4207 3887
f 3952 675 2281
f 3884 1634 3345
f 6024 683 4088
f 4895 4894 756
f 2103 2277 740
f 4227 3958 4022
f 3746 3604 934
f 2277 2103 5846
f 3746 3997 782
f 3997 6027 782
f 4004 4213 4212
f 2238 3727 5260
f 1012 973 5569
f 1045 5977 5626
f 4869 798 872
f 798 2235 872
f 162 4869 872
f 535 2003 3933
f 535 3933 4133
f 732 2237 3909
f 5208 670 64
f 670 5145 64
f 670 2086 5145
f 2214 5035 932
f 5766 5182 3999
f 6141 5898 3928
f 1045 5626 3728
f 3868 926 5766
f 5749 5253 3833
f 5145 4826 64
f 64 794 5208
f 3834 5941 3935
f 4664 2282 5253
f 4826 2002 4149
f 3965 1607 799
f 4896 4894 856
f 3826 3825 5752
f 5693 934 3778
f 6027 5531 782
f 671 5982 3890
f 4003 892 2363
f 5983 3891 2568
f 4099 3899 2278
f 4146 4823 161
f 3681 2202 3796
f 1655 725 3101
f 3755 3738 3854
f 2169 4001 737
f 3733 661 3954
f 4136 701 4137
f 3285 1024 2139
f 4824 796 4208
f 2060 764 3185
f 3742 3993 1114
f 3993 972 1114
f 3919 5719 3890
f 964 3634 5755
f 2233 815 4037
f 1673 661 3921
f 5449 3865 3595
f 3706 2568 3891
f 5166 2362 2173
f 5216 3785 3981
f 2292 2541 796
f 5765 3783 3631
f 3993 5279 972
f 3101 4823 1655
f 816 5111 2291
f 3735 2127 2091
f 4264 2063 766
f 5608 3735 2288
f 2269 771 895
f 3924 5678 2182
f 1531 2178 3711
f 5341 3738 737
f 4001 5341 737
f 3825 928 5752
f 2273 5166 899
f 731 665 676
f 902 3976 2246
f 2363 4075 4003
f 2363 4074 4075
f 2278 4075 4099
f 5166 2273 2362
f 5172 2404 4215
f 5172 5136 2404
f 4054 2218 3872
f 2182 849 3924
f 3774 5937 3739
f 3906 4078 961
f 4145 5108 785
f 1338 2029 2374
f 3873 2178 5824
f 844 4057 1010
f 2148 6055 5678
f 2148 5357 6055
f 5756 2117 3773
f 2406 1773 5167
f 895 3853 3874
f 5243 2269 3855
f 4028 771 6033
f 2117 3971 3773
f 2163 697 844
f 3790 726 5677
f 4060 4055 862
f 4084 5360 938
f 5360 5407 916
f 3814 4033 938
f 726 5414 5677
f 1010 770 2163
f 2179 662 667
f 3598 5494 5350
f 3769 5919 3618
f 5369 3506 4015
f 2179 5638 662
f 5203 797 803
f 3782 3830 5522
f 2335 5578 2179
f 2287 2392 4060
f 2102 1156 2129
f 3830 3782 3903
f 3936 2352 5195
f 3974 5807 786
f 5684 4083 4016
f 3936 4052 2352
f 3936 2058 4052
f 4154 4010 2266
f 6011 873 3897
f 2333 5203 724
f 2057 4011 2058
f 3917 879 875
f 4953 4941 4222
f 1071 1075 1134
f 5804 3832 981
f 875 3830 3917
f 3917 3903 4030
f 5158 744 4007
f 1033 3959 3788
f 5464 3939 3937
f 5158 742 744
f 5869 3863 1085
f 2289 664 5142
f 3945 4100 3869
f 3945 6071 4100
f 3704 3705 2240
f 2136 5464 980
f 4199 4089 804
f 594 2283 4079
f 5869 4038 3863
f 804 2050 5110
f 839 5105 3988
f 4941 4953 742
f 4941 4089 4222
f 742 4953 2219
f 3668 6016 5871
f 4000 2196 5792
f 3668 5625 6016
f 5994 4071 4000
f 4071 2196 4000
f 5322 3641 5871
f 3988 2196 839
f 3641 3668 5871
f 5105 839 741
f 2068 753 893
f 22 2249 613
f 2035 4053 893
f 2035 2112 4053
f 883 707 5138
f 2224 2180 792
f 2142 2223 3878
f 793 3970 3811
f 925 924 2142
f 925 2068 924
f 925 2142 837
f 3920 2224 792
f 2114 4047 3989
f 2223 777 870
f 2228 924 3892
f 3892 941 2228
f 4050 3882 4193
f 5750 2098 6072
f 74 3966 475
f 3720 3723 5803
f 848 5294 2087
f 6072 2098 1080
f 4256 3823 5200
f 3823 2211 983
f 2056 5204 3886
f 889 3875 5544
f 3875 869 5757
f 604 4147 3197
f 4125 825 2322
f 909 4962 692
f 2294 745 2213
f 2213 859 2294
f 859 5200 2294
f 874 673 3995
f 1000 2325 853
f 890 3911 2124
f 1000 853 5164
f 5519 1042 993
f 5519 3801 4031
f 1455 5109 854
f 1042 890 2124
f 4119 2076 802
f 3964 855 2076
f 2210 2212 5101
f 814 692 874
f 5126 854 3964
f 4147 4275 4080
f 4275 4334 4080
f 814 5164 853
f 2210 706 3964
f 5790 917 896
f 5790 5115 5179
f 776 706 2210
f 5544 5894 3651
f 5544 3792 3731
f 3894 4276 5196
f 4934 62 3894
f 62 13 2155
f 5640 2186 2941
f 2322 825 776
f 62 4276 3894
f 917 5448 3792
f 4957 4945 3038
f 2332 2064 2185
f 2186 2184 3996
f 738 5180 881
f 4946 2185 738
f 4946 704 2185
f 738 4194 5113
f 4194 2064 5175
f 2064 551 5175
f 4946 4276 704
f 5224 969 5345
f 4127 5188 2237
f 1953 643 605
f 750 4163 4341
f 2253 3950 3876
f 3765 6052 5968
f 736 5187 1404
f 5187 3889 1404
f 5187 5159 682
f 4127 3888 5188
f 2281 4207 2276
f 3665 5234 858
f 3807 2135 5188
f 4127 2237 2323
f 3898 6136 5177
f 3943 2162 2407
f 6024 3868 3857
f 6024 926 3868
f 732 4869 5863
f 5430 5034 2109
f 3826 782 3825
f 3730 6015 3986
f 3826 5551 3604
f 3861 4032 668
f 5786 5408 2083
f 4895 3934 900
f 4895 756 3934
f 162 535 4133
f 3969 829 618
f 3883 4045 4158
f 3883 705 4045
f 2013 650 774
f 2402 2188 3422
f 2047 4463 4164
f 717 2349 1228
f 4139 3932 2883
f 2349 570 2161
f 4288 4198 2316
f 926 4133 5182
f 5766 5666 3868
f 829 3674 2051
f 5035 4141 4664
f 5035 2215 4141
f 2387 1607 668
f 86 670 4140
f 3747 5712 867
f 4141 5846 2282
f 4032 4896 2277
f 5446 5712 585
f 665 2246 4099
f 940 1055 2106
f 3865 5321 1233
f 1655 4146 3014
f 5935 1505 5587
f 5983 3786 3809
f 3786 3617 3809
f 3681 3796 3682
f 3185 4136 763
f 3789 3702 1641
f 4136 764 701
f 3105 701 5170
f 4137 4206 791
f 3101 3954 4037
f 5213 4104 902
f 5213 665 731
f 4036 2092 4037
f 5216 5193 2380
f 4046 2288 5146
f 3810 5511 6104
f 2092 4036 3786
f 5157 1092 3089
f 4206 4092 4270
f 4206 4137 3105
f 3185 2930 2060
f 5185 5218 5149
f 5218 4213 3934
f 4032 3861 4896
f 5624 3872 770
f 808 602 4057
f 3982 2262 2028
f 1010 807 5624
f 3908 961 4078
f 2168 3908 3912
f 1773 2816 4167
f 5170 1092 3105
f 4072 5111 816
f 4172 2052 4368
f 2168 2174 3908
f 5148 693 903
f 864 633 4066
f 2182 3907 849
f 4415 910 1967
f 2406 5108 1773
f 2406 2263 4132
f 4057 602 807
f 2021 4059 727
f 939 901 2163
f 4059 4066 727
f 4028 826 5756
f 2368 4258 4247
f 4057 2021 808
f 4057 807 1010
f 5624 4054 3872
f 4060 667 662
f 4281 4259 4178
f 2404 2221 4215
f 4055 4144 5217
f 4144 2221 5217
f 663 669 2299
f 2221 2404 2194
f 2299 669 5104
f 5359 5578 828
f 824 5359 820
f 5360 824 5407
f 4016 787 2335
f 6009 1073 3773
f 5624 2344 4054
f 2165 2335 755
f 2179 755 2335
f 5578 787 828
f 5677 5414 5604
f 5478 3929 6116
f 3831 820 828
f 3782 5522 5778
f 873 4030 2128
f 873 6011 724
f 5194 2341 5212
f 3974 786 5703
f 724 6011 2333
f 4048 4123 2333
f 2057 522 599
f 3870 6071 929
f 3972 6018 3897
f 879 5143 810
f 4953 614 610
f 614 5096 610
f 3972 2150 6018
f 614 5215 5096
f 879 3917 2266
f 4079 614 4953
f 811 6071 3870
f 594 4079 4222
f 1048 3805 5529
f 5143 2266 4010
f 742 728 744
f 2289 5142 4063
f 811 3870 810
f 811 4100 6071
f 4100 811 5173
f 5582 3863 3037
f 2196 3988 5792
f 4071 5994 6047
f 811 810 2283
f 4063 746 4007
f 4063 4007 744
f 943 5105 741
f 2144 3869 4199
f 5554 6002 1046
f 613 1998 22
f 3668 6070 5625
f 946 2125 943
f 5570 5902 5673
f 943 2249 22
f 5902 3800 920
f 946 22 713
f 3915 2068 925
f 4114 768 4906
f 3970 2248 4093
f 2035 893 3838
f 2125 946 3838
f 777 2228 941
f 837 5480 4006
f 837 3878 5480
f 4053 3892 924
f 4053 924 2068
f 806 4114 4906
f 3920 2125 753
f 749 648 4081
f 475 777 941
f 654 5190 723
f 2031 2378 555
f 2031 4148 838
f 612 2261 5469
f 3979 4062 745
f 603 2360 4062
f 3989 3913 923
f 3823 4256 2211
f 1002 3722 898
f 4329 4907 2019
f 3913 2082 923
f 4064 2254 4090
f 877 4907 587
f 4377 4233 1594
f 4272 673 3106
f 4050 4047 2254
f 2211 5160 696
f 983 4907 877
f 5201 4031 1000
f 5126 6 634
f 4446 4314 710
f 5204 825 4125
f 853 909 814
f 604 3197 3106
f 4272 1455 673
f 2101 2274 3949
f 603 4954 2279
f 5204 2056 825
f 603 5038 1468
f 4087 841 812
f 1355 4272 3197
f 802 556 2308
f 5181 2229 2171
f 4119 2212 2076
f 855 556 802
f 855 802 2076
f 854 855 3964
f 2212 2210 2076
f 2441 2200 2497
f 3258 757 611
f 5698 5790 896
f 2941 5698 5640
f 2184 5640 2322
f 5640 5757 2322
f 5640 5698 5757
f 3792 6143 3731
f 4276 4946 4948
f 2185 704 2332
f 2200 5168 2206
f 5168 2064 2332
f 3851 790 4009
f 6099 4945 881
f 738 5113 5180
f 5113 5147 5180
f 881 4945 4948
f 3962 546 4085
f 2276 3887 886
f 5489 3765 5456
f 4195 4067 3842
f 5147 5113 4195
f 3852 861 5177
f 5219 5147 3852
f 5147 3842 3852
f 3842 861 3852
f 4085 605 736
f 3749 6141 5265
f 4088 4133 926
f 732 5863 2237
f 6024 4088 926
f 4020 4327 751
f 4020 682 675
f 3166 5177 861
f 2945 5821 5370
f 5107 3950 4155
f 3884 2232 1634
f 1634 3883 4158
f 2971 3969 618
f 3958 263 1987
f 2305 756 3861
f 2241 5218 3934
f 3958 1987 4131
f 756 4894 3861
f 3934 756 2241
f 5185 4012 4212
f 3825 782 5531
f 6027 2309 5531
f 3755 3825 5531
f 3997 2310 6027
f 3969 5031 829
f 4460 2726 4303
f 4002 5941 5308
f 4826 5145 3821
f 4159 4383 513
f 2316 947 2187
f 3933 3999 5182
f 2945 5265 3928
f 717 831 2847
f 4133 3933 5182
f 3343 2883 2187
f 4383 566 4103
f 5137 4129 619
f 5253 5749 4664
f 829 2244 4149
f 2244 829 2051
f 2002 2407 2971
f 3868 3585 3857
f 2971 774 3969
f 2214 2215 5035
f 2002 618 4149
f 2315 4227 4022
f 830 1474 2208
f 2215 1479 799
f 2730 629 532
f 3747 6015 3730
f 3965 4131 1607
f 649 5149 4229
f 4212 4213 5218
f 4012 4106 4004
f 6027 2310 900
f 4001 2169 899
f 4001 5949 5341
f 3997 2242 2310
f 5185 3967 2055
f 891 711 5220
f 2278 3899 671
f 4074 676 665
f 891 699 711
f 3977 4823 815
f 3977 161 4823
f 6023 5949 4001
f 2302 5220 796
f 2278 666 904
f 731 2302 4824
f 731 676 2302
f 2246 5213 902
f 3105 1092 4092
f 2374 2029 2375
f 2127 3785 3866
f 3785 5216 3866
f 763 765 3185
f 4136 5111 4072
f 5220 2302 891
f 2292 4098 2541
f 764 571 701
f 4824 161 3977
f 2543 571 764
f 2292 5220 819
f 4104 5213 3977
f 791 766 2291
f 4145 785 4078
f 1129 4092 5157
f 4076 2063 4130
f 2380 816 2091
f 4092 1092 5157
f 4385 2662 639
f 671 5381 5982
f 5949 666 3890
f 899 2169 4106
f 2169 4004 4106
f 5185 5149 835
f 2021 845 808
f 2260 4247 4210
f 3872 2117 770
f 2043 5167 4167
f 766 2063 5197
f 4264 4206 4270
f 5678 6055 3813
f 4186 4046 2291
f 4237 3953 4278
f 771 2269 5243
f 801 4109 4145
f 4109 4278 5108
f 4278 1773 5108
f 4130 2063 4264
f 2959 863 2379
f 2029 2432 4237
f 3906 4056 4145
f 2029 4237 4109
f 4077 2168 3912
f 785 5108 2406
f 1010 5624 770
f 3855 2164 5243
f 862 655 663
f 5136 4258 2065
f 2105 4039 4258
f 903 693 2028
f 4055 3871 4144
f 807 602 5172
f 4210 5136 5172
f 2404 2065 2194
f 845 2028 2262
f 5191 655 2194
f 4055 4060 2392
f 2404 5136 2065
f 4281 4178 2368
f 5104 755 667
f 667 2299 5104
f 787 3929 828
f 828 820 5359
f 2299 4060 862
f 5264 3603 6161
f 2405 495 4181
f 3780 5684 5807
f 873 2128 3897
f 2352 2333 4123
f 851 4202 5194
f 803 797 2351
f 4986 803 2351
f 2122 530 4042
f 4263 5096 5215
f 4123 5195 2352
f 2150 2220 3877
f 797 4052 2513
f 2341 2303 5195
f 542 4331 4121
f 3903 2128 4030
f 4079 842 614
f 6071 5804 929
f 2283 594 811
f 929 759 5364
f 2831 60 19
f 811 594 5173
f 5202 4199 3869
f 5202 4089 4199
f 5582 3704 3753
f 3704 5291 3753
f 5173 594 4222
f 5994 6003 5554
f 4089 5173 4222
f 542 586 1765
f 4063 5142 4023
f 4618 4162 4220
f 1705 4369 300
f 2249 943 741
f 713 1998 5199
f 946 943 22
f 2452 4618 5095
f 707 4093 2248
f 707 713 5199
f 2452 715 4316
f 2248 5138 707
f 60 4369 1705
f 60 567 4369
f 4879 5094 2290
f 3811 2377 4879
f 2377 4906 544
f 2035 3838 883
f 3838 946 883
f 3811 4879 793
f 3838 893 2125
f 4226 4336 5041
f 777 475 3966
f 4019 2313 612
f 4019 942 2313
f 1507 749 592
f 475 2227 838
f 2228 2142 924
f 942 4909 2199
f 777 2223 2228
f 4842 4108 3968
f 832 870 4019
f 838 4520 4082
f 3966 942 870
f 3968 1507 4842
f 654 73 5190
f 2272 2199 4909
f 3878 2223 832
f 3878 832 5978
f 2087 5294 2209
f 3990 5978 5469
f 3990 2100 5803
f 3725 3720 5803
f 5190 73 696
f 723 4081 654
f 723 592 4081
f 5190 5160 600
f 859 2115 5200
f 4101 723 600
f 600 3901 4101
f 4157 5037 587
f 2360 4064 4090
f 3989 5840 3913
f 3989 4193 5840
f 4256 5200 2115
f 73 2373 2019
f 503 4393 539
f 4021 4344 4160
f 983 877 3823
f 4907 983 4111
f 496 576 563
f 580 4373 2987
f 2101 3949 959
f 4275 539 4334
f 3197 4080 4277
f 6 4180 634
f 603 2279 5038
f 5519 890 1042
f 5164 2359 5141
f 4147 604 1468
f 5141 4180 2094
f 5109 556 855
f 5141 2094 3721
f 2332 704 2155
f 812 841 3985
f 1355 2334 5109
f 2308 5181 802
f 854 5109 855
f 1455 1355 5109
f 841 720 4269
f 2308 556 812
f 5181 4119 802
f 704 62 2155
f 2171 2204 789
f 4948 4945 4957
f 4251 2212 703
f 2307 4934 3996
f 3038 915 4957
f 299 2954 1583
f 703 2212 4119
f 703 4119 4118
f 757 2497 611
f 2171 2371 2204
f 1583 2008 4489
f 2040 5011 4489
f 757 2441 2497
f 5168 4268 551
f 747 860 915
f 917 3792 896
f 2155 2206 2332
f 2200 2441 4376
f 3889 5187 682
f 3963 739 730
f 865 751 739
f 3889 4020 865
f 551 4268 547
f 4194 738 2185
f 865 3963 885
f 885 3889 865
f 752 4376 647
f 3841 3840 3770
f 751 3840 739
f 4376 646 647
f 739 3963 865
f 5174 546 3962
f 4987 4067 601
f 4163 483 4341
f 751 4327 1472
f 1472 1407 3975
f 3269 944 5097
f 3269 3930 944
f 4288 2316 3932
f 2316 2187 2883
f 3343 798 2883
f 3269 1407 4117
f 4088 683 5863
f 761 3884 3343
f 2297 5107 3923
f 1634 4158 5009
f 4051 827 2361
f 4051 679 827
f 2407 2162 2971
f 3883 2231 705
f 5198 4139 732
f 3930 3807 944
f 761 2232 3884
f 773 2788 2789
f 774 650 2154
f 3948 6141 2297
f 2788 4388 508
f 3948 2297 4127
f 2232 2361 3883
f 2361 2232 4051
f 3858 5198 2135
f 649 4227 2315
f 756 2305 2241
f 2305 4229 2241
f 2003 2407 2002
f 700 2231 2354
f 5009 3345 1634
f 3969 2154 5031
f 5009 3943 3345
f 370 2918 2667
f 5208 4140 670
f 5208 4129 4140
f 5208 4776 4129
f 2161 2189 1228
f 5609 3857 3585
f 5253 5747 3730
f 5253 3730 3833
f 4129 4027 619
f 4129 4776 4027
f 831 1228 2208
f 4131 4097 3958
f 831 2208 1474
f 5137 2214 4140
f 3826 3604 3746
f 2315 4188 649
f 830 4200 1474
f 619 4027 1474
f 263 4227 4229
f 4022 4128 2315
f 629 4305 532
f 737 2309 5540
f 900 4213 5540
f 4166 1983 1869
f 4213 900 3934
f 699 891 2363
f 1540 699 892
f 5185 835 3967
f 5381 3976 3706
f 666 6023 904
f 5220 711 819
f 2302 676 891
f 676 4074 891
f 4075 2173 4003
f 765 763 5193
f 5266 1641 897
f 3014 725 1655
f 3014 3981 725
f 4293 4235 4098
f 725 3954 3101
f 571 4161 5170
f 711 494 819
f 4146 765 3014
f 2060 4208 2541
f 815 4104 3977
f 961 3908 2174
f 1982 2374 4270
f 5491 5235 3669
f 3813 4186 5197
f 5357 2148 3600
f 779 1539 4382
f 702 779 4098
f 5193 5216 3014
f 5357 3774 914
f 6023 4001 899
f 5128 1540 4068
f 681 1983 4014
f 1067 1539 494
f 5127 4014 1983
f 1539 819 494
f 779 5100 4293
f 635 4236 5100
f 3931 3089 1991
f 480 577 910
f 2406 5167 2263
f 3799 4392 4300
f 3978 4239 590
f 5167 2043 590
f 4247 5136 4210
f 939 2163 770
f 2260 4210 808
f 2374 1982 1338
f 4186 766 5197
f 4411 2043 4167
f 4056 3906 3907
f 3828 4066 4059
f 633 5148 903
f 2368 574 2105
f 633 2379 5148
f 864 2271 2959
f 863 4132 2263
f 602 808 4210
f 655 2221 2194
f 655 5217 2221
f 663 655 5191
f 2194 2065 2324
f 2221 4144 4215
f 2027 851 2165
f 2065 4209 2324
f 2299 667 4060
f 4055 2392 3871
f 2004 2405 617
f 2004 669 663
f 2004 617 669
f 786 868 4049
f 5212 4049 5194
f 842 5143 4010
f 4202 851 677
f 2352 5203 2333
f 842 2283 5143
f 810 5592 879
f 2513 4242 557
f 2267 2268 4042
f 2321 3144 636
f 810 3870 5592
f 4242 2321 4189
f 557 5183 2351
f 4331 4729 4196
f 610 4121 2219
f 610 542 4121
f 5212 5195 4123
f 5103 4154 4030
f 2046 4154 4986
f 4986 4263 2046
f 4010 4154 2046
f 4326 19 1705
f 4189 557 4242
f 5943 5529 5570
f 19 583 2831
f 713 22 1998
f 4875 5095 4618
f 613 1999 616
f 713 883 946
f 4618 2414 4162
f 4093 5095 4875
f 2452 2414 4618
f 4289 115 2414
f 613 1974 1998
f 4879 2290 4017
f 1554 4605 5112
f 2423 533 768
f 4114 4353 2423
f 2112 2035 5138
f 2378 2031 4082
f 4518 4548 4838
f 2248 793 5138
f 2112 3892 4053
f 754 1554 5112
f 951 2290 2227
f 1554 1325 4605
f 3966 870 777
f 2223 2142 2228
f 2313 3968 612
f 838 2227 4520
f 2089 923 2082
f 2114 3989 923
f 1507 2030 749
f 3901 2261 4108
f 4111 983 696
f 2261 2100 3990
f 4230 648 4361
f 5469 2261 3990
f 696 73 4111
f 710 778 541
f 4446 348 4314
f 3956 2261 3901
f 4064 2325 2254
f 781 4840 5037
f 4330 539 4275
f 4260 4329 4205
f 4377 2370 4343
f 4277 2334 1355
f 4277 4273 4087
f 5162 4233 4418
f 2334 4277 4087
f 556 5109 2334
f 4266 587 5037
f 2295 4266 4877
f 4344 2987 4687
f 4269 550 3985
f 2279 2205 4985
f 1468 5038 4147
f 4333 539 4393
f 2370 520 4343
f 4231 4338 5005
f 1377 345 563
f 692 604 3106
f 909 4064 2360
f 4373 4389 2987
f 4231 4233 5162
f 841 4087 1529
f 841 4269 3985
f 1471 4375 4306
f 2371 5042 4243
f 5042 2371 550
f 550 2229 3985
f 3258 4118 789
f 299 4183 4243
f 299 4243 5042
f 2177 747 915
f 5168 2332 2206
f 13 2307 979
f 2497 2200 2206
f 4195 5113 4194
f 6099 881 5180
f 4243 4183 1456
f 5219 3851 5180
f 886 3804 1348
f 675 3952 4327
f 1472 3975 3840
f 4288 3932 3858
f 675 4327 4020
f 886 1348 3930
f 546 5174 551
f 885 4987 1404
f 4085 546 1953
f 885 3963 4987
f 3841 3770 3166
f 3851 6099 5180
f 546 750 1953
f 682 4020 3889
f 1472 4327 1407
f 591 2070 3960
f 591 3960 3887
f 682 5159 593
f 2187 761 3343
f 3923 3888 2297
f 3923 944 3888
f 2187 2023 761
f 4117 3930 3269
f 2231 700 705
f 537 4174 827
f 2235 795 872
f 537 4295 4174
f 4388 454 508
f 1892 758 2780
f 774 2154 3969
f 795 2003 535
f 795 2407 2003
f 3883 1634 2232
f 835 5149 649
f 2103 585 5747
f 799 1607 2387
f 1987 263 668
f 5185 2055 4012
f 2055 4065 4012
f 4158 4045 2402
f 4045 2188 2402
f 3884 3345 3343
f 4869 4139 798
f 795 535 872
f 1831 370 4429
f 2208 5178 830
f 2051 534 717
f 4776 2244 2847
f 4131 1987 1607
f 566 3983 509
f 2189 2226 5178
f 2971 2162 774
f 4356 2612 584
f 835 649 4188
f 638 5140 4097
f 637 4356 584
f 1228 2349 2161
f 714 3885 4584
f 1228 2189 2208
f 5218 5185 4212
f 4229 4227 649
f 4229 5149 2241
f 635 767 4236
f 1018 2382 2239
f 5100 1991 4293
f 3697 4235 4293
f 5220 2292 796
f 666 5949 6023
f 666 671 3890
f 699 2363 892
f 4293 4098 779
f 763 4136 4072
f 5556 5491 2148
f 4382 1539 2239
f 3977 731 4824
f 4161 571 4235
f 571 2543 4235
f 5556 2164 3855
f 5193 763 4072
f 516 5206 568
f 4092 4206 3105
f 516 1982 1129
f 2662 5176 639
f 4014 2273 681
f 3172 4385 639
f 4014 2362 2273
f 4661 217 5072
f 892 2431 4068
f 2379 633 2959
f 2814 1668 772
f 1009 3828 901
f 4096 2032 772
f 2043 4411 4317
f 2379 590 4239
f 3908 785 4132
f 4250 4318 2814
f 785 2406 4132
f 4951 4959 16
f 4318 491 642
f 5214 2718 4172
f 4247 4258 5136
f 3908 4078 785
f 4096 4178 4259
f 4307 2320 4432
f 4258 4039 4209
f 4239 5148 2379
f 2032 3982 693
f 4259 2262 3982
f 2032 4096 3982
f 5108 4145 4109
f 910 4415 480
f 1967 2320 4413
f 4109 801 2029
f 4066 633 903
f 4095 4249 459
f 903 2028 727
f 862 663 2299
f 1588 1396 3196
f 3659 476 440
f 5217 862 4055
f 2105 574 4176
f 5172 602 4210
f 4178 574 2368
f 4177 1588 4176
f 4240 2324 4209
f 4249 4095 2511
f 5043 3274 2511
f 5043 4397 2304
f 851 2027 677
f 5144 617 3987
f 495 2405 4240
f 5144 5104 669
f 459 495 531
f 617 4181 3987
f 4123 4048 4049
f 2069 3757 3780
f 851 5194 5102
f 4049 868 5102
f 5194 4202 2341
f 5102 868 4016
f 5102 5194 4049
f 2122 2303 2341
f 2267 4257 3987
f 5203 2352 4052
f 797 2513 557
f 2513 641 4242
f 4224 2321 4242
f 4833 489 4102
f 4447 3274 2304
f 2046 5215 4010
f 4224 3144 2321
f 1969 321 595
f 2466 412 1876
f 5096 586 542
f 2351 797 557
f 4030 873 5103
f 2831 4182 60
f 5183 586 4263
f 4986 5103 803
f 4986 4154 5103
f 1945 3580 583
f 1945 583 4331
f 2414 115 4292
f 883 5138 2035
f 4017 951 2112
f 2422 4182 1876
f 2414 2452 4316
f 4162 686 4220
f 5142 2249 4023
f 60 4182 567
f 4292 115 4590
f 768 533 504
f 4876 806 3811
f 715 300 4316
f 2831 450 1876
f 2422 1876 412
f 707 883 713
f 4448 2419 4499
f 4340 528 4518
f 4336 4226 4838
f 4605 2018 2884
f 5094 4226 5041
f 4548 4185 485
f 715 1998 1974
f 504 4448 4499
f 4499 2419 4416
f 2290 5094 5041
f 4156 4838 485
f 4470 419 4416
f 4148 74 838
f 870 942 4019
f 5469 832 4019
f 2467 1933 1325
f 74 4909 942
f 555 5112 2016
f 5112 538 2016
f 5112 4605 538
f 4520 2290 5041
f 4842 4101 4108
f 3966 74 942
f 66 4308 3984
f 941 951 2227
f 848 6072 5294
f 66 369 4361
f 3082 90 4310
f 4232 4363 4205
f 3956 2100 2261
f 3956 3725 2100
f 2272 4909 653
f 749 2030 5169
f 4135 4361 1488
f 3984 4497 369
f 2373 4135 685
f 348 1436 4314
f 73 2019 4111
f 4223 2294 5200
f 541 4157 1508
f 406 1436 4378
f 2209 3956 3901
f 73 654 2373
f 1529 4342 841
f 4260 4446 1508
f 4275 4147 5038
f 603 4962 2360
f 5037 4157 781
f 4269 720 2369
f 5005 4338 4306
f 692 814 909
f 2370 4393 520
f 3106 874 692
f 1377 576 640
f 4373 580 4026
f 634 4180 3995
f 4306 2369 5005
f 2369 2372 4269
f 1529 4273 420
f 1468 4962 603
f 420 4377 1594
f 2229 2308 3985
f 3985 2308 812
f 4375 4574 2954
f 4338 4419 1471
f 720 4342 5005
f 550 2372 5042
f 789 757 3258
f 4118 4119 5181
f 646 2441 2204
f 1456 548 4243
f 2372 2391 5042
f 646 2204 548
f 335 4183 4489
f 5184 578 4341
f 512 2902 519
f 979 2307 611
f 5011 335 4489
f 416 4400 378
f 2000 483 647
f 2000 5184 483
f 886 3930 4117
f 593 675 682
f 2123 736 605
f 5159 5187 2123
f 2253 3876 3951
f 2270 2281 675
f 4376 2441 646
f 76 378 4872
f 643 1953 709
f 643 645 605
f 4352 573 443
f 5089 5084 573
f 4352 5089 573
f 683 2323 2237
f 4900 179 319
f 3121 4563 410
f 2023 4169 679
f 3121 1897 4563
f 3960 3804 3887
f 773 2789 4198
f 1516 679 4169
f 2231 2361 2354
f 5009 2013 2162
f 2013 774 2162
f 835 4061 3967
f 4390 444 2532
f 4301 5140 584
f 4061 507 3967
f 2230 2049 532
f 4128 4301 4168
f 1147 2075 5031
f 2667 2729 4534
f 370 2667 4534
f 2188 4345 2047
f 4158 2402 2013
f 5031 3674 829
f 2235 3345 3943
f 4869 732 4139
f 2323 3948 4127
f 3422 2188 2047
f 3674 5031 2075
f 4107 445 714
f 566 4584 3983
f 4165 2350 708
f 794 4149 2244
f 794 4776 5208
f 4022 5140 4301
f 2189 5178 2208
f 507 4305 5176
f 3967 507 833
f 626 2059 4246
f 2230 4188 2315
f 4235 3697 4161
f 3089 1544 5157
f 5193 3014 765
f 2029 801 2375
f 2401 4299 4297
f 2568 902 2233
f 801 4056 2375
f 3120 4248 4599
f 4092 1129 1982
f 5206 1129 5157
f 1991 4236 3931
f 4236 767 734
f 701 3105 4137
f 568 2401 4179
f 164 280 2499
f 892 4068 1540
f 5012 498 1772
f 4065 4106 4012
f 4065 1869 1983
f 819 1539 702
f 4370 497 2312
f 4246 5127 4166
f 532 2049 2730
f 912 635 4455
f 609 5127 2059
f 3907 4076 4056
f 2816 1773 3953
f 4250 2814 4368
f 4096 4259 3982
f 4076 2375 4056
f 3978 623 4239
f 5171 1668 642
f 4077 6033 3940
f 2217 3879 2337
f 590 2043 3978
f 1668 4318 642
f 4239 2033 5148
f 5171 1037 3660
f 775 4178 4096
f 772 4324 2814
f 4368 4171 4172
f 4171 5214 4172
f 775 4096 772
f 3953 1773 4278
f 3907 5197 2063
f 4264 766 791
f 4186 2291 766
f 476 1037 510
f 253 527 4371
f 574 4319 4177
f 3188 510 1037
f 510 4371 5124
f 4874 4550 111
f 5165 2267 3987
f 3196 1396 4238
f 4874 111 479
f 4178 4319 574
f 3196 4115 4176
f 2340 1587 4238
f 4240 2405 2324
f 2027 5104 5144
f 5172 4215 807
f 4257 2027 5144
f 5212 4123 4049
f 4447 2304 1356
f 3274 5043 2304
f 4257 5144 3987
f 1357 4315 4011
f 4039 4115 531
f 677 530 4202
f 851 5102 2165
f 1587 628 3337
f 530 4257 2267
f 677 2027 4257
f 677 4257 530
f 2046 4263 5215
f 4833 1379 489
f 4224 641 4833
f 4315 641 540
f 4315 1379 4833
f 473 4713 545
f 636 4173 5098
f 4173 1765 5098
f 4263 2351 5183
f 3169 1969 3724
f 2058 540 2513
f 4833 4102 4224
f 2466 4950 412
f 586 5096 4263
f 2266 5143 879
f 1974 613 616
f 586 5183 5098
f 4729 4331 583
f 1945 4331 542
f 4162 484 686
f 567 3726 4289
f 664 2289 10
f 2219 4953 610
f 583 3580 450
f 4436 1199 2422
f 4292 4590 4244
f 4875 3970 4093
f 567 4182 1199
f 4875 4618 4220
f 943 2125 5105
f 4379 353 453
f 4379 3453 353
f 453 115 3726
f 2125 893 753
f 4876 4875 4220
f 484 5122 4353
f 5199 4093 707
f 484 4353 686
f 504 4340 768
f 4017 2112 5138
f 4499 4651 528
f 4518 4838 4226
f 4017 5138 793
f 4879 4017 793
f 5112 555 754
f 528 4651 4548
f 5041 4336 4082
f 716 4113 1554
f 716 485 4113
f 4470 2419 2969
f 439 209 58
f 4044 4399 4497
f 544 4226 5094
f 2227 475 941
f 271 315 4955
f 4340 4906 768
f 4044 4497 3984
f 4603 18 488
f 4399 488 2331
f 4416 2419 4470
f 2272 678 2030
f 4108 612 3968
f 4308 4225 4043
f 4230 4361 4135
f 3081 1489 4310
f 710 1508 4446
f 592 4101 4842
f 2256 2209 3901
f 4111 2019 4907
f 4329 2019 4013
f 4911 4844 39
f 2022 1488 4310
f 2022 4135 1488
f 587 4260 4157
f 2205 2279 4954
f 4223 5200 3823
f 4330 4275 5038
f 2205 3979 4877
f 541 778 659
f 4985 2205 5192
f 923 2089 945
f 2205 4954 3979
f 5192 582 4985
f 5037 4840 4877
f 2205 4877 4840
f 4269 2372 550
f 529 1377 640
f 4062 2360 4090
f 2056 3886 6
f 993 1042 3846
f 4342 720 841
f 5005 4342 4231
f 1594 4233 4231
f 3123 1703 2366
f 469 4873 4668
f 582 4021 4160
f 2295 3979 745
f 4840 5192 2205
f 552 4330 4985
f 539 4330 552
f 398 5091 4543
f 4402 4512 309
f 211 4453 474
f 4558 4374 2549
f 474 4357 515
f 2171 2229 2371
f 4419 4338 5162
f 2229 5181 2308
f 1457 2833 487
f 4360 548 1456
f 611 2497 979
f 548 2371 4243
f 4424 4507 4929
f 2034 4374 4558
f 20 438 4969
f 490 1956 1627
f 1956 2005 4302
f 2696 519 458
f 512 519 4381
f 4268 2200 4376
f 2064 4194 2185
f 4341 483 5184
f 2000 335 5184
f 2000 4360 1456
f 601 5174 4987
f 335 2000 1456
f 547 752 4163
f 579 4296 2270
f 601 4195 5175
f 547 750 546
f 547 4163 750
f 4195 4194 5175
f 5174 5175 551
f 2799 4184 4400
f 579 4294 447
f 645 2123 605
f 5139 2808 76
f 378 61 416
f 2270 675 593
f 5159 579 593
f 2070 446 4170
f 2123 645 536
f 2123 5187 736
f 643 709 4094
f 4294 579 536
f 4294 460 447
f 433 4184 2799
f 446 443 4203
f 2070 680 446
f 4296 2250 2270
f 4203 2788 773
f 3930 1348 3807
f 680 443 446
f 5089 2381 4405
f 2789 2788 1516
f 4169 2789 1516
f 2316 4198 947
f 773 4198 4126
f 3121 2054 1897
f 700 2354 4024
f 2883 3932 2316
f 4463 2047 698
f 2354 2361 827
f 3960 4170 4126
f 4203 443 4350
f 1516 2788 508
f 4587 2538 279
f 1147 5031 2154
f 4164 3422 2047
f 827 4174 2354
f 679 4051 2023
f 2730 401 629
f 2730 2048 448
f 1448 3965 4200
f 1448 4097 4131
f 2730 2049 2048
f 833 1937 1869
f 1448 4200 830
f 4188 2230 4061
f 4496 514 5118
f 2600 526 462
f 4303 4164 4460
f 2600 4933 526
f 650 2013 2402
f 4035 4303 322
f 4035 743 4303
f 322 4303 2726
f 2161 570 4159
f 3674 534 2051
f 2729 2726 4534
f 4164 4463 4460
f 4463 4105 4429
f 534 2349 717
f 2729 4228 322
f 534 570 2349
f 5846 2387 4032
f 4940 3961 3983
f 4168 2049 4128
f 4103 566 4356
f 35 509 3983
f 4168 2048 2049
f 2350 4228 708
f 4623 4567 202
f 5140 638 637
f 5178 638 830
f 2226 4103 637
f 3885 4623 4940
f 4103 4356 637
f 227 3980 4921
f 1937 4246 4166
f 1937 4385 4246
f 401 4387 4505
f 1937 2662 4385
f 2813 626 4358
f 401 1992 629
f 626 4246 4358
f 2442 2338 2312
f 4098 2292 702
f 2239 1067 1018
f 2045 1066 1018
f 2798 2400 4537
f 577 480 1791
f 910 4461 1967
f 568 2432 516
f 4599 2443 4297
f 796 4824 2302
f 2239 2382 4455
f 2382 630 4455
f 205 4597 4739
f 1539 1067 2239
f 2045 1018 1067
f 702 1539 779
f 4511 4661 524
f 4208 161 4824
f 2401 568 5206
f 5206 1544 2401
f 3120 4299 1400
f 516 2432 1338
f 4248 521 366
f 283 4597 4537
f 4750 4959 4960
f 5012 1772 3172
f 497 2442 2312
f 497 5006 2442
f 2059 4068 609
f 1869 2055 833
f 639 5012 3172
f 4591 4450 349
f 1772 4370 2813
f 4591 2442 5006
f 4591 5006 403
f 2217 2052 4172
f 3978 5214 623
f 1338 1982 516
f 421 3352 3799
f 2032 2062 4324
f 2033 623 2062
f 577 2443 910
f 4750 4743 4959
f 727 2028 845
f 2052 2217 2346
f 1668 2814 4318
f 4411 2816 477
f 693 2033 2062
f 2379 863 2263
f 2781 4456 523
f 4187 4411 477
f 2052 4250 4368
f 2346 625 2130
f 2346 4298 4250
f 1668 775 772
f 2346 2130 4298
f 476 3660 1037
f 642 1037 5171
f 4319 775 5171
f 1668 5171 775
f 4319 4178 775
f 5124 476 510
f 4286 2342 2353
f 4550 4784 111
f 3659 1588 4177
f 727 4066 903
f 3659 3660 476
f 2405 5191 2324
f 2324 5191 2194
f 4240 4039 531
f 2027 755 5104
f 1438 1356 2304
f 624 2268 3274
f 1438 2304 4397
f 473 489 1379
f 4833 641 4315
f 2268 624 4042
f 4095 3337 5043
f 4202 530 2122
f 2268 5165 2511
f 113 4102 4564
f 557 4189 5183
f 10 4729 4326
f 4292 4244 484
f 1945 4173 3580
f 715 2452 5095
f 4316 4289 2414
f 4906 2377 806
f 2016 678 555
f 4353 5122 569
f 352 2198 4814
f 4906 4340 544
f 4470 5027 4843
f 5094 4879 2377
f 2199 2313 942
f 2199 2272 1507
f 4013 4205 4329
f 4135 2022 685
f 4308 4043 3984
f 2256 2089 2209
f 4081 592 749
f 4081 4230 654
f 592 4842 1507
f 90 4363 4232
f 25 2037 2326
f 4446 4205 4363
f 1436 406 4314
f 1508 4157 4260
f 4386 4970 413
f 520 496 563
f 4655 4418 4367
f 1583 4183 299
f 4334 4273 4080
f 563 576 1377
f 1703 1819 1521
f 1703 529 640
f 4343 520 345
f 457 468 1755
f 4231 5162 4338
f 4334 539 4333
f 884 4685 4291
f 4344 580 2987
f 4971 24 4684
f 4377 420 4333
f 4021 778 580
f 564 350 4924
f 1471 4306 4338
f 487 1755 3023
f 4231 4342 1594
f 4419 4380 1471
f 5091 236 178
f 4291 515 4420
f 4268 4376 752
f 4268 5168 2200
f 5184 335 5011
f 61 4834 159
f 4489 2008 2040
f 645 4349 536
f 5211 417 81
f 4400 416 5090
f 644 643 4094
f 4203 773 4170
f 573 5084 371
f 5089 4405 5084
f 319 179 385
f 385 4937 4538
f 3960 4126 3804
f 4885 4937 385
f 4900 4949 179
f 680 4175 4352
f 761 2023 4051
f 5118 4412 4496
f 679 537 827
f 4035 572 2075
f 29 4581 4933
f 29 4870 4581
f 5176 2662 507
f 3961 336 35
f 2531 4354 444
f 4301 584 2531
f 410 8 5118
f 2847 2051 717
f 3821 2003 2002
f 2667 2918 4927
f 1228 831 717
f 4584 4383 714
f 4159 570 4107
f 2387 5846 4141
f 4141 799 2387
f 638 2226 637
f 5099 4498 4505
f 507 4061 4305
f 277 690 4944
f 4494 411 414
f 2813 4370 1066
f 63 4786 217
f 4382 635 5100
f 4455 630 912
f 4355 4245 2382
f 609 2431 4014
f 1018 1066 4355
f 4237 2432 4040
f 4396 767 404
f 4248 366 4599
f 523 4237 4040
f 2432 2029 1338
f 4236 734 3931
f 1544 4299 2401
f 4297 577 4179
f 366 521 283
f 1983 681 4065
f 507 2662 833
f 2662 1937 833
f 497 498 5006
f 4245 4355 2312
f 2443 366 4461
f 4750 4806 4743
f 625 4589 2039
f 4437 1806 2564
f 3982 2028 693
f 4942 478 282
f 4741 4724 4806
f 1009 2271 864
f 2959 633 864
f 4317 3978 2043
f 2346 4428 625
f 2814 4324 4368
f 4324 4171 4368
f 4903 4586 59
f 3188 491 4337
f 4398 4508 4395
f 1396 1588 4286
f 463 4757 4981
f 491 4298 4337
f 3659 4286 1588
f 845 2262 2260
f 2262 4259 4281
f 2405 2004 5191
f 4115 4039 2105
f 294 2317 2342
f 2317 2353 2342
f 4181 4249 5165
f 4696 4542 4586
f 2065 4258 4209
f 3987 4181 5165
f 4397 4430 4571
f 4249 495 459
f 4011 2057 599
f 2268 2267 5165
f 522 2122 4042
f 2341 4202 2122
f 5203 4052 797
f 2351 4263 4986
f 4315 1357 1379
f 4287 4173 636
f 4467 4570 294
f 5195 2303 3936
f 2057 2058 3936
f 4189 5098 5183
f 4326 1705 616
f 664 4326 1999
f 1974 300 715
f 2466 450 3724
f 19 4729 583
f 115 4289 3726
f 595 364 4950
f 10 4326 664
f 1999 5142 664
f 1999 4326 616
f 5087 180 4682
f 484 4162 4292
f 4162 2414 4292
f 5199 1998 715
f 1198 2419 4448
f 686 4114 344
f 3229 3142 4468
f 5106 3062 5122
f 5106 3142 3229
f 1198 2026 2339
f 528 4340 504
f 4113 4185 4469
f 4544 352 4814
f 716 1554 754
f 4336 4838 4156
f 4416 419 4490
f 1325 2017 2018
f 1325 1933 2017
f 1325 1554 2467
f 4500 4399 4044
f 126 4738 209
f 2740 1818 271
f 5094 2377 544
f 4707 290 4662
f 4232 4013 685
f 5169 4225 4308
f 2884 4044 538
f 4081 648 4230
f 696 5160 5190
f 696 983 2211
f 18 4955 4602
f 2327 3080 4454
f 90 3082 4454
f 1488 4361 369
f 4232 4205 4013
f 648 5169 66
f 369 3081 1488
f 5169 4308 66
f 3080 348 4363
f 4454 3082 2036
f 5052 4911 39
f 361 139 4700
f 2022 4232 685
f 4844 361 4956
f 80 4641 5093
f 1436 4892 4378
f 587 4329 4260
f 5037 4877 4266
f 4386 4384 4841
f 4892 348 3080
f 4373 4451 4389
f 4378 2037 2367
f 2490 4384 4386
f 4418 345 4367
f 778 4026 580
f 4026 406 4373
f 4378 2367 406
f 345 520 563
f 4418 4233 4343
f 4417 4488 1755
f 1321 2005 21
f 4655 4656 346
f 3117 4423 4445
f 4424 4929 4576
f 884 337 2832
f 4970 4841 4971
f 4291 2034 884
f 4558 4424 4576
f 2330 503 4160
f 4892 3080 2327
f 552 582 503
f 4420 4374 2034
f 474 4452 4351
f 4351 4427 502
f 490 2832 486
f 4453 1627 4302
f 4452 4425 4427
f 4402 4938 2913
f 4924 4925 4615
f 147 203 5081
f 4445 456 3117
f 1404 4987 3962
f 4367 1377 529
f 1457 487 1466
f 4465 1956 490
f 2902 5011 2040
f 316 2902 2040
f 2171 789 4118
f 490 1627 4685
f 474 515 211
f 2549 4924 4444
f 486 4434 4465
f 38 4615 4820
f 515 4357 2913
f 4972 108 355
f 709 750 4341
f 260 2364 398
f 546 551 547
f 2364 468 398
f 4851 23 5062
f 259 316 2040
f 5085 4543 117
f 5011 2902 512
f 316 26 458
f 4346 4872 2318
f 433 2381 4335
f 5159 536 579
f 4898 326 417
f 5159 2123 536
f 447 4372 4296
f 326 4746 417
f 4349 645 511
f 4169 2023 947
f 4352 4372 4335
f 680 2070 481
f 371 4515 4350
f 481 2070 591
f 446 4203 4170
f 371 4350 573
f 4139 2883 798
f 4563 4538 8
f 4885 333 4747
f 333 4486 4747
f 4949 4592 333
f 4496 2538 4587
f 461 5129 1845
f 2053 2345 4592
f 4528 4853 8
f 4175 4372 4352
f 481 591 4207
f 4126 4170 773
f 461 29 1688
f 3156 292 4366
f 705 4345 4045
f 4422 461 1688
f 29 4933 1688
f 4587 279 461
f 2232 761 4051
f 4024 4091 700
f 833 2055 3967
f 638 5178 2226
f 2049 2230 4128
f 4390 422 1687
f 584 5140 637
f 461 279 29
f 4422 1688 2600
f 2847 2244 2051
f 4429 4105 1831
f 2600 462 1831
f 4534 4429 370
f 4164 4303 743
f 4933 2600 1688
f 462 370 1831
f 3422 743 1147
f 1147 743 2075
f 4165 570 534
f 2729 418 455
f 1147 2154 650
f 650 2402 3422
f 2075 743 4035
f 4623 202 4598
f 1474 4200 619
f 4149 618 829
f 4027 2847 831
f 509 4356 566
f 3204 4767 4831
f 4551 12 4860
f 452 227 362
f 4246 4385 4358
f 5099 325 4498
f 4382 2239 4455
f 63 3208 4617
f 639 674 5012
f 4355 1066 4370
f 4068 2431 609
f 1967 4413 4415
f 366 283 4461
f 2798 4960 4951
f 523 3953 4237
f 4433 442 4396
f 2059 626 2045
f 477 4456 421
f 767 635 912
f 324 4960 2798
f 4442 4884 4750
f 524 404 365
f 4245 2338 365
f 365 2338 4511
f 1400 4299 1544
f 4245 2312 2338
f 1991 3697 4293
f 4370 1772 497
f 2059 2045 5128
f 2413 402 498
f 4942 4835 4967
f 4392 301 2337
f 3879 2217 4172
f 2032 4324 772
f 4172 2718 3879
f 143 16 281
f 2130 2257 4337
f 4298 4318 4250
f 4298 491 4318
f 4307 3880 3352
f 4171 2062 623
f 2320 2400 4951
f 4456 2781 421
f 2781 480 4415
f 2781 1791 480
f 2243 4428 301
f 2346 2217 4428
f 693 5148 2033
f 2257 2039 4569
f 2257 4359 4337
f 4324 2062 4171
f 4337 4298 2130
f 4586 233 59
f 253 4359 387
f 1396 2353 4238
f 2015 440 476
f 4397 4571 1438
f 176 4467 4332
f 1396 4286 2353
f 2015 4332 440
f 4177 4319 3660
f 4395 4508 4696
f 440 4332 2342
f 4508 4542 4696
f 459 1735 1587
f 4238 1587 1735
f 624 4447 599
f 531 4115 1735
f 4115 3196 1735
f 284 4686 4902
f 3337 4430 4397
f 459 1587 4095
f 522 2303 2122
f 473 5055 4713
f 4287 3144 113
f 3144 4224 4102
f 4369 567 4289
f 3580 4173 3169
f 3144 4287 636
f 595 3724 1969
f 453 353 4468
f 1825 560 4958
f 686 344 4220
f 10 728 4196
f 728 10 2289
f 4846 4742 359
f 192 4952 145
f 4590 115 453
f 1705 19 60
f 4326 4729 19
f 3449 3229 4468
f 3142 5106 4244
f 5199 5095 4093
f 4468 3142 453
f 4416 3385 4651
f 3448 2339 2026
f 5106 4313 3062
f 4416 4490 3385
f 3062 449 569
f 544 4518 4226
f 449 1198 4448
f 4156 485 716
f 3385 4490 4469
f 4492 4602 4935
f 2017 4459 2018
f 4647 4699 4325
f 4500 4044 2884
f 3223 1933 2467
f 4148 4909 74
f 2036 2327 4454
f 4935 4844 4911
f 66 4361 648
f 4602 488 18
f 56 4641 80
f 3273 25 2326
f 4043 4225 2016
f 4225 678 2016
f 5169 648 749
f 157 4971 4841
f 90 4454 3080
f 234 312 28
f 4026 710 4314
f 39 2258 3273
f 781 541 659
f 2326 4378 4892
f 4687 287 496
f 2367 482 4451
f 2326 2327 3273
f 781 4157 541
f 2832 4488 4417
f 345 4418 4343
f 4367 4656 4655
f 1321 21 3123
f 576 287 4536
f 640 3024 2366
f 486 4417 2833
f 311 289 210
f 4434 486 2833
f 4434 1819 4465
f 4302 210 4912
f 4434 2833 3032
f 399 289 4546
f 4527 2897 457
f 2897 355 457
f 2034 4576 884
f 2005 1956 21
f 4160 4687 2330
f 4160 4344 4687
f 4864 4891 5060
f 4558 4576 2034
f 502 441 4512
f 4685 211 4291
f 4453 211 1627
f 4512 4402 502
f 5053 4733 441
f 4351 4452 4427
f 4291 211 515
f 4917 4773 203
f 4507 4464 4873
f 4727 3202 23
f 4813 288 4931
f 1466 487 3023
f 1466 4380 1457
f 4380 346 1457
f 108 273 236
f 4434 3032 1521
f 1755 4488 457
f 519 2902 316
f 4462 259 2008
f 2064 5168 551
f 4462 260 259
f 316 5085 26
f 4462 456 4445
f 1583 4574 456
f 456 4574 3117
f 50 4857 4482
f 99 249 4783
f 2364 5155 468
f 2364 4462 4445
f 483 752 647
f 4381 519 2696
f 2364 260 4462
f 460 518 447
f 4346 565 4872
f 643 644 645
f 4294 4349 2356
f 4335 4372 518
f 4349 4294 536
f 2356 460 4294
f 4335 518 433
f 235 49 184
f 4296 4372 4175
f 4175 680 481
f 443 680 4352
f 5044 4515 371
f 4496 4091 514
f 454 4900 319
f 2070 4170 3960
f 454 4515 4900
f 4592 4486 333
f 2952 4295 537
f 385 4563 1897
f 5084 5211 2053
f 385 4538 4563
f 4535 1845 1846
f 410 4563 8
f 410 4295 3121
f 4198 2789 4169
f 705 4034 4345
f 4697 4792 4897
f 2013 5009 4158
f 698 4105 4463
f 4587 461 1845
f 2187 947 2023
f 5947 6043 5388
f 4767 168 3069
f 2189 513 2226
f 4356 509 2612
f 4921 3980 876
f 1687 422 876
f 1837 1900 2492
f 3961 4598 68
f 4870 57 4779
f 4034 700 4091
f 1845 4535 4587
f 4345 2188 4045
f 526 4593 11
f 4234 4295 410
f 4422 5129 461
f 526 4594 4593
f 705 700 4034
f 2354 4174 4024
f 4228 2350 322
f 1831 4422 2600
f 4164 743 3422
f 513 4103 2226
f 2277 5846 4032
f 534 3674 572
f 4165 534 572
f 1474 4027 831
f 570 4165 4107
f 3965 799 1479
f 4940 4623 4598
f 2592 4567 4623
f 2763 4567 2592
f 35 3983 3961
f 513 4383 4103
f 4159 714 4383
f 200 1878 2677
f 2612 509 35
f 4596 82 4624
f 498 5012 2413
f 414 452 362
f 3980 4504 4387
f 1992 401 4505
f 4807 96 4431
f 404 912 630
f 494 711 1540
f 277 5099 4505
f 2531 444 4168
f 819 702 2292
f 734 4396 3120
f 2443 577 4297
f 4856 4661 5072
f 477 2816 4456
f 4856 524 4661
f 5072 521 4856
f 4936 1967 4461
f 4248 442 4856
f 4433 4396 404
f 283 4936 4461
f 1991 5100 4236
f 767 4396 734
f 3208 30 4617
f 767 912 404
f 629 1992 2725
f 4431 403 402
f 2413 4431 402
f 4245 365 630
f 400 691 276
f 4498 733 1992
f 4504 411 277
f 1066 626 2813
f 4498 1992 4505
f 421 4415 4413
f 2718 5214 4317
f 301 4428 2337
f 4428 2217 2337
f 4959 4724 16
f 4456 3953 523
f 4456 2816 3953
f 16 4432 4951
f 4741 4795 4724
f 2320 4307 4413
f 4432 2320 4951
f 16 143 4432
f 4398 4371 527
f 253 2041 4359
f 510 2041 4371
f 5171 3660 4319
f 3660 3659 4177
f 3188 2041 510
f 4568 4529 37
f 2041 4337 4359
f 4491 4815 4753
f 4286 440 2342
f 2041 253 4371
f 4508 17 4542
f 4430 3337 628
f 176 4395 4696
f 4542 4908 4586
f 4395 176 4332
f 4542 327 4908
f 4177 4176 574
f 4467 2342 4332
f 4529 4803 4491
f 440 4286 3659
f 4176 1588 3196
f 624 599 522
f 669 617 5144
f 4430 4757 4571
f 3274 4447 624
f 2340 2317 4981
f 506 473 1379
f 284 4902 189
f 4430 4981 4757
f 4920 4532 4693
f 506 1438 318
f 1356 1438 506
f 489 545 4102
f 540 4011 4315
f 3169 4173 4287
f 300 1974 616
f 636 4189 2321
f 4590 453 3142
f 3449 4540 4509
f 4244 4590 3142
f 100 4756 4905
f 560 3453 412
f 4468 353 3449
f 4846 4540 4595
f 126 439 186
f 2423 768 4114
f 4353 4114 686
f 4796 9 596
f 5086 4752 3448
f 806 2377 3811
f 4082 2031 838
f 754 2378 4156
f 1325 2018 4605
f 4580 3223 1728
f 754 555 2378
f 4156 2378 4336
f 4185 4651 3385
f 4421 2017 1933
f 4658 3487 4738
f 2740 2017 4421
f 1173 4964 4216
f 2745 225 5065
f 2 4152 222
f 1728 36 4904
f 1933 4580 4421
f 836 15 4988
f 103 4086 133
f 4044 4043 538
f 4232 2022 90
f 2022 4310 90
f 451 4911 5052
f 5065 4660 315
f 488 4602 4492
f 4043 2016 538
f 2037 4378 2326
f 2037 25 80
f 361 291 139
f 142 4740 139
f 142 15 4740
f 25 4649 80
f 20 1321 3178
f 4451 4373 406
f 582 5192 659
f 105 4759 5060
f 4426 413 3024
f 778 710 4026
f 580 4344 4021
f 4864 5060 4635
f 4864 4811 4865
f 4881 4760 132
f 437 4886 51
f 4478 27 2704
f 5093 75 482
f 640 4536 3024
f 2490 4426 4536
f 346 4419 4655
f 399 4546 4797
f 2913 4357 4402
f 4733 171 4471
f 4912 210 289
f 132 4760 1849
f 3023 1755 5155
f 4357 474 4351
f 21 1956 4465
f 5060 4891 4800
f 234 72 4635
f 4759 4635 5060
f 2832 4417 486
f 4474 4809 4734
f 4620 132 1849
f 4733 4474 4734
f 398 4543 260
f 502 5053 441
f 502 4357 4351
f 4402 309 4938
f 170 4312 4832
f 486 4465 490
f 4312 4668 4873
f 502 4402 4357
f 4734 69 4579
f 211 4685 1627
f 564 4924 2549
f 4924 4615 38
f 4830 5053 4427
f 4444 4424 2549
f 303 4732 4790
f 91 4670 4782
f 4507 4424 4444
f 4423 4380 1466
f 5155 1755 468
f 3176 4423 3117
f 260 4543 5085
f 5078 4727 4744
f 108 4645 273
f 1755 487 4417
f 487 2833 4417
f 4464 4444 38
f 4488 4527 457
f 3023 4423 1466
f 3176 4375 1471
f 512 578 5184
f 456 4462 2008
f 23 4813 4931
f 2954 299 2391
f 578 4094 709
f 511 645 644
f 4349 511 4346
f 416 4748 377
f 511 565 4346
f 460 4184 433
f 5090 2381 2799
f 4440 4834 61
f 4346 2318 2356
f 2053 5044 5084
f 2799 2381 433
f 2250 481 4207
f 4405 417 5211
f 2250 4175 481
f 454 2054 508
f 4388 2788 4203
f 508 2952 1516
f 85 49 46
f 319 1897 2054
f 4900 4515 5044
f 81 4746 184
f 4746 235 184
f 4034 1846 4345
f 332 4853 4871
f 4126 4288 3804
f 4126 4198 4288
f 4871 57 332
f 57 4880 4779
f 57 138 4880
f 537 1516 2952
f 4870 188 57
f 4764 4974 4928
f 8 4852 4528
f 4852 181 4528
f 698 2047 4345
f 3821 5145 3999
f 336 3961 68
f 4301 2531 4168
f 230 231 336
f 2048 444 4390
f 448 1687 876
f 4764 4928 174
f 526 4933 4594
f 4535 4496 4587
f 4535 4091 4496
f 2918 11 297
f 168 165 77
f 4022 3958 4097
f 223 2763 418
f 4927 418 2667
f 2763 455 418
f 4228 2729 455
f 4927 223 418
f 4140 4129 5137
f 619 4200 1479
f 714 445 3885
f 4577 4573 4721
f 227 452 3980
f 4061 835 4188
f 2711 2741 1713
f 278 227 4551
f 3980 452 4504
f 362 4650 414
f 4504 4505 4387
f 414 411 452
f 278 4551 4860
f 4681 691 400
f 325 733 4498
f 325 4807 4431
f 4644 3214 4712
f 691 198 1353
f 4654 32 53
f 4878 4688 247
f 230 2499 280
f 3208 63 4560
f 2655 2553 2688
f 4802 96 397
f 2045 1067 5128
f 403 4787 4591
f 4246 2059 5127
f 422 4541 4939
f 365 4511 524
f 5072 205 4739
f 5072 217 205
f 217 4786 205
f 4040 568 4179
f 4786 63 4785
f 217 104 63
f 404 524 4433
f 197 4802 4854
f 1991 3089 3697
f 1400 3931 734
f 4505 4504 277
f 4951 2400 2798
f 4307 3352 4413
f 3402 3375 2498
f 2039 2130 625
f 478 2039 4589
f 478 4589 282
f 2718 4317 4187
f 282 4795 4741
f 421 2781 4415
f 3880 4392 3799
f 2901 4646 305
f 4884 4761 307
f 3880 143 301
f 1 4967 137
f 1037 642 3188
f 1 407 4942
f 107 183 327
f 407 478 4942
f 387 4568 253
f 17 4508 527
f 5205 4265 4888
f 5205 809 4265
f 37 107 17
f 4550 4910 121
f 2015 5124 4398
f 3337 4397 5043
f 4542 107 327
f 2353 2340 4238
f 4569 478 407
f 2015 4398 4395
f 5055 473 506
f 4874 479 294
f 4981 628 2340
f 4981 4430 628
f 4636 255 4713
f 4686 4636 4713
f 5055 4902 4686
f 189 4757 463
f 364 4693 4532
f 364 226 4950
f 318 4571 4634
f 1379 1357 1356
f 506 318 5055
f 4173 1945 1765
f 4287 1969 3169
f 4920 71 4756
f 4902 4634 189
f 545 4564 4102
f 4564 4755 321
f 300 4369 4316
f 4923 4540 5026
f 560 226 4958
f 226 100 4958
f 4532 100 226
f 4540 4923 4595
f 4682 180 192
f 4905 5074 4758
f 5087 14 2445
f 2026 4313 3448
f 353 3453 5026
f 5027 4470 2969
f 4758 106 180
f 4682 192 145
f 4816 4608 186
f 4311 3229 4509
f 4311 359 5086
f 45 4752 5086
f 229 2339 3448
f 4311 4509 359
f 359 45 5086
f 267 5189 4683
f 806 344 4114
f 225 2745 4904
f 225 218 5065
f 4113 2467 1554
f 3448 4752 229
f 4752 4657 229
f 225 4659 218
f 2969 2419 1198
f 1173 1174 4964
f 5079 4659 123
f 4698 2508 4964
f 315 1818 5065
f 186 4608 126
f 4882 133 4965
f 363 4935 4602
f 538 4605 2884
f 4613 4707 4660
f 2884 2018 4500
f 836 389 834
f 2745 5065 1818
f 4662 290 4545
f 271 1818 315
f 4459 271 18
f 2030 1507 2272
f 4660 4662 315
f 18 4603 4459
f 4310 1488 3081
f 4310 1489 3082
f 2367 4451 406
f 4451 4384 4389
f 482 2367 5093
f 4978 3698 4
f 496 520 2330
f 4389 287 2987
f 4969 4684 437
f 3178 3024 413
f 210 4968 311
f 3032 346 4656
f 4635 72 4864
f 2366 1703 640
f 2704 166 4881
f 438 4684 4969
f 3023 4445 4423
f 1521 529 1703
f 4619 350 564
f 4607 4841 75
f 28 4641 234
f 520 4393 2330
f 122 199 4673
f 122 3635 199
f 310 309 396
f 122 4673 160
f 309 4828 4938
f 4715 396 4471
f 4873 469 4507
f 38 4444 4924
f 4837 4745 4521
f 4837 4521 5081
f 304 4925 4828
f 4917 4926 4773
f 261 158 4667
f 334 4530 4582
f 4521 167 303
f 4718 4645 4668
f 4521 4745 167
f 4645 108 4972
f 273 224 237
f 4727 5078 237
f 4488 337 4527
f 23 4931 5062
f 26 249 2808
f 578 709 4341
f 236 237 5078
f 99 4744 4851
f 565 695 2696
f 511 644 695
f 4929 4527 4576
f 4744 4727 23
f 5139 2696 458
f 2054 2952 508
f 709 1953 750
f 410 5118 514
f 4562 373 4481
f 4405 4898 417
f 4405 2381 4898
f 46 4849 187
f 46 4481 4849
f 4405 5211 5084
f 4350 443 573
f 4350 4515 4388
f 49 85 184
f 4184 2356 2318
f 4034 4091 4535
f 119 3039 5059
f 5129 4105 698
f 4024 4174 4234
f 4852 182 4897
f 4412 5118 4853
f 8 4538 4852
f 4974 3557 4671
f 2726 4460 4534
f 175 296 138
f 4594 4933 4581
f 4594 4581 4726
f 2532 4541 4390
f 4584 3885 4940
f 336 4443 35
f 165 4639 297
f 2592 455 2763
f 336 68 230
f 4939 12 4921
f 1988 1623 2867
f 4860 125 278
f 4860 12 5163
f 4354 4443 2532
f 4354 2532 444
f 4726 4764 150
f 4726 4779 4764
f 4581 4779 4726
f 4764 174 150
f 279 4870 29
f 714 4159 4107
f 4848 4561 4721
f 4639 4525 223
f 4639 168 4525
f 93 3069 4632
f 4567 223 4525
f 445 4228 455
f 513 2189 2161
f 418 2729 2667
f 4305 4061 532
f 4305 2725 5176
f 4944 690 242
f 690 411 4494
f 278 362 227
f 2725 733 674
f 78 4859 83
f 4859 4650 362
f 4812 4771 295
f 32 4812 53
f 2388 3205 1495
f 5092 4494 276
f 4617 30 4604
f 4553 130 242
f 4480 250 248
f 414 4650 276
f 4504 452 411
f 4688 4547 4441
f 2725 674 5176
f 4787 4802 197
f 4787 96 4802
f 2312 4355 4370
f 4943 30 3208
f 4802 130 4854
f 4822 4516 4774
f 4854 130 302
f 4817 5080 4805
f 521 5072 4739
f 4786 47 205
f 4560 4450 197
f 4553 4866 302
f 4560 349 4450
f 4936 283 4537
f 4591 4787 4450
f 3120 1400 734
f 733 2725 1992
f 4787 197 4450
f 4850 4835 4741
f 301 281 2243
f 47 4785 4915
f 4510 1701 436
f 625 4428 2243
f 2039 2257 2130
f 4977 4510 436
f 283 521 4739
f 143 281 301
f 4248 4856 521
f 4967 1 4942
f 4817 434 5080
f 434 436 354
f 4040 2432 568
f 2901 4778 4646
f 4936 4537 2400
f 47 4915 324
f 30 4774 4604
f 143 4307 4432
f 143 3880 4307
f 4888 4265 4714
f 375 4815 4491
f 4568 527 253
f 809 425 4265
f 4569 4359 2257
f 4569 387 4359
f 375 4803 1
f 375 4491 4803
f 4913 109 327
f 17 4568 37
f 4815 92 4753
f 4569 2039 478
f 4753 37 4491
f 4769 4570 4903
f 37 4529 4491
f 4874 4570 4769
f 479 463 2317
f 4332 2015 4395
f 4550 121 4784
f 479 2317 294
f 2353 2317 2340
f 4855 4706 470
f 387 4569 407
f 124 809 5205
f 4337 2041 3188
f 4902 5055 318
f 4571 4757 4634
f 4713 255 545
f 4950 226 560
f 189 4634 4757
f 4637 4693 4755
f 4696 4586 4903
f 3580 3724 450
f 4436 412 3453
f 284 4711 4728
f 4637 4755 255
f 545 255 4564
f 2342 4467 294
f 4509 3229 3449
f 545 489 473
f 4920 4756 4532
f 4693 4637 4920
f 4379 3726 1199
f 4509 4540 4846
f 100 4905 2445
f 5161 606 106
f 14 4958 2445
f 267 4657 4690
f 4436 3453 4379
f 4890 4796 4690
f 5087 4682 1411
f 4923 5026 1825
f 1411 4923 5087
f 4799 4595 1411
f 4601 4890 4539
f 4648 215 216
f 4601 4914 4890
f 543 2561 2566
f 5069 4483 4614
f 5086 4313 4311
f 4983 1711 5069
f 344 806 4876
f 569 2423 4353
f 4890 9 4796
f 4752 4539 4690
f 4657 352 229
f 2026 449 3062
f 754 4156 716
f 3062 4313 2026
f 2508 1621 4964
f 225 58 4659
f 678 2272 653
f 58 225 4904
f 2339 229 4544
f 4955 18 271
f 4955 363 4602
f 4545 290 4882
f 36 4843 186
f 4882 291 270
f 4956 2258 39
f 4490 1728 3223
f 2467 4469 3223
f 4580 4904 2745
f 4459 4603 4500
f 4904 439 58
f 389 1891 834
f 2036 3082 5052
f 103 4707 4613
f 3082 1489 5052
f 270 363 4545
f 488 4399 4603
f 2018 4459 4500
f 5052 1489 451
f 2331 488 4492
f 3273 2036 39
f 4205 4446 4260
f 291 4882 4965
f 4839 65 5088
f 4839 4740 821
f 4793 5082 56
f 270 4545 4882
f 451 2331 4492
f 451 1489 2331
f 3896 1636 2692
f 110 4956 4700
f 1489 3081 2331
f 112 4641 56
f 4700 5088 4793
f 39 4844 4956
f 4684 24 4886
f 4830 4514 4475
f 505 3635 4391
f 4536 287 2490
f 4389 4384 2490
f 24 4971 157
f 4607 75 28
f 4971 438 4970
f 4427 5053 502
f 312 4635 4759
f 4425 4452 4912
f 210 2005 4968
f 40 1152 7
f 471 3772 40
f 3178 1321 3123
f 3698 4791 4811
f 72 4811 4864
f 4475 4514 4731
f 4731 4797 132
f 118 4715 196
f 5046 266 4760
f 5046 7 266
f 7 254 266
f 4514 4797 4731
f 441 4733 4471
f 4523 4772 196
f 118 4679 310
f 4523 4715 171
f 5053 4474 4733
f 69 4391 122
f 4715 118 396
f 4734 4579 171
f 4828 310 304
f 147 4925 304
f 4820 4627 38
f 303 4801 170
f 204 4762 4630
f 4801 91 4782
f 4312 170 4781
f 304 310 4679
f 171 4579 4523
f 4471 171 4715
f 4667 158 2993
f 4420 515 2913
f 155 1802 4709
f 350 4619 4938
f 303 167 4801
f 4668 4645 4972
f 4312 4781 4718
f 4790 4521 303
f 4615 147 5081
f 167 91 4801
f 4558 2549 4424
f 5078 178 236
f 249 244 2808
f 4744 4783 5078
f 4744 99 4783
f 4527 337 4576
f 23 3202 4813
f 4872 5139 76
f 275 4813 3202
f 4633 224 220
f 275 237 224
f 249 117 4783
f 117 178 4783
f 4872 565 5139
f 4783 178 5078
f 76 244 4440
f 237 275 4727
f 178 117 4543
f 117 249 26
f 565 2696 5139
f 4780 4808 4562
f 4744 23 4851
f 4777 48 4643
f 4748 416 61
f 579 2270 593
f 2808 244 76
f 4748 61 159
f 4400 2318 378
f 518 4372 447
f 518 460 433
f 377 4748 4643
f 4562 4808 373
f 5051 4481 129
f 326 4643 4918
f 48 4780 4918
f 2053 4592 4949
f 5044 371 5084
f 2054 454 319
f 4484 4555 4768
f 4350 4388 4203
f 4484 4849 4555
f 5068 4937 4885
f 85 41 4486
f 85 46 187
f 2054 3121 2952
f 5068 4885 4747
f 4435 4241 4403
f 1846 4034 4535
f 514 4024 4234
f 179 333 4885
f 4606 3557 296
f 4671 4628 4827
f 175 4606 296
f 2538 332 188
f 4853 4528 4871
f 4723 4559 285
f 4628 1190 79
f 4726 4887 4594
f 214 70 4887
f 4764 4779 4974
f 5132 4723 285
f 150 174 4899
f 214 4887 150
f 1640 1866 1852
f 2762 2943 3063
f 4973 4831 4919
f 2841 4466 1745
f 4829 2677 2721
f 4541 2532 231
f 448 401 2730
f 4767 4525 168
f 4921 422 4939
f 208 4672 67
f 4672 208 4524
f 4672 4524 4593
f 297 11 4524
f 297 4524 165
f 2350 4165 572
f 708 4107 4165
f 223 4567 2763
f 223 4927 4639
f 200 4893 213
f 4541 422 4390
f 231 4443 336
f 212 200 213
f 4883 4812 4878
f 4654 213 163
f 164 5163 12
f 4551 227 4921
f 198 4681 4441
f 4712 3214 1702
f 4812 32 4771
f 4409 4863 386
f 1702 153 31
f 295 386 4547
f 78 4883 247
f 198 691 4681
f 104 349 4560
f 242 130 397
f 2338 2442 349
f 2442 4591 349
f 4431 96 403
f 4807 325 5099
f 4943 197 4854
f 140 4884 4442
f 140 4761 4884
f 4943 4854 4822
f 4854 302 4822
f 217 4661 104
f 876 3980 4387
f 242 690 191
f 4806 4689 4850
f 4743 4806 4724
f 4805 4967 4835
f 4817 4977 434
f 436 5067 354
f 4795 2243 281
f 4805 5080 4967
f 3128 3213 1202
f 137 4815 375
f 5080 124 137
f 92 4888 4124
f 809 116 425
f 4714 4265 428
f 4568 17 527
f 4815 5205 92
f 429 88 428
f 246 1780 4858
f 4570 4874 294
f 124 4815 137
f 1780 620 314
f 4769 4910 4550
f 5083 59 233
f 2807 3028 4669
f 3028 1585 4669
f 4769 4903 59
f 318 1438 4571
f 5083 201 4916
f 5083 5077 201
f 4629 4975 3125
f 111 189 463
f 4916 33 4910
f 4758 180 4905
f 4728 4636 4686
f 111 463 479
f 4755 4693 364
f 4756 5074 4905
f 1411 4595 4923
f 4564 255 4755
f 5210 4952 192
f 5026 4540 3449
f 42 71 3125
f 5207 4728 4629
f 3173 2837 1420
f 14 5087 4923
f 3125 5207 4629
f 5161 172 606
f 219 9 4735
f 596 2566 4614
f 216 4701 4648
f 4914 9 4890
f 4648 4742 215
f 4601 4742 4648
f 4601 4539 45
f 229 352 4544
f 219 596 9
f 4816 5027 4814
f 4614 2566 5069
f 2740 271 4459
f 4904 4580 1728
f 4313 5106 4311
f 4698 5002 2508
f 4699 4647 3487
f 5002 1490 156
f 1299 2605 2569
f 2111 4665 5334
f 394 156 2526
f 4608 52 1173
f 123 4659 209
f 218 4660 5065
f 4608 1173 4658
f 103 4613 2
f 270 291 361
f 2974 4473 358
f 218 4613 4660
f 209 439 126
f 123 4966 5079
f 4911 451 4492
f 4911 4492 4935
f 126 4658 4738
f 4793 5088 65
f 218 4659 5079
f 4700 4956 361
f 3896 1105 173
f 5088 4700 139
f 5082 43 112
f 287 4687 2987
f 65 5082 4793
f 4731 4809 4475
f 7 313 254
f 4912 399 4425
f 4620 3 262
f 4969 1321 20
f 4865 4891 4864
f 3635 505 3514
f 25 2258 4649
f 4922 3695 3772
f 110 4793 56
f 496 2330 4687
f 471 40 5046
f 3698 4978 3896
f 4452 474 4453
f 4619 564 4374
f 3514 4751 4472
f 1189 254 4751
f 4809 262 69
f 4425 4514 4830
f 4475 4809 4474
f 1849 4760 266
f 3635 356 199
f 4667 4930 4773
f 310 4828 309
f 4667 2993 4930
f 4702 34 4710
f 34 204 4710
f 4710 91 95
f 350 4925 4924
f 4615 5081 4820
f 196 4715 4523
f 5081 4521 4790
f 4615 4925 147
f 4312 4718 4668
f 4420 4619 4374
f 4762 4788 4633
f 4420 2913 4619
f 4670 4710 204
f 4790 4820 5081
f 4702 3463 34
f 337 884 4576
f 1596 3141 95
f 4702 4710 95
f 167 4745 95
f 4482 4766 4808
f 149 4718 347
f 61 378 4440
f 3202 4727 275
f 4527 4929 2897
f 4857 4766 4482
f 4872 378 2318
f 4929 469 2897
f 469 4972 2897
f 398 468 355
f 97 275 4633
f 376 2395 129
f 326 4918 4746
f 4777 50 48
f 4481 5051 4849
f 5044 2053 4949
f 4918 4643 48
f 4898 2381 5090
f 377 4643 326
f 4486 2345 184
f 187 4484 55
f 85 4486 184
f 41 55 84
f 129 1287 376
f 1846 5129 698
f 514 4091 4024
f 4747 4486 41
f 179 4949 333
f 4900 5044 4949
f 279 188 4870
f 4804 4867 5059
f 296 4880 138
f 385 179 4885
f 4538 4937 182
f 4880 3557 4974
f 2348 2383 2384
f 221 3380 79
f 4528 181 4717
f 4528 4717 4871
f 4717 175 138
f 4697 5068 84
f 4593 70 4672
f 4798 5132 4845
f 4628 2384 1190
f 2726 2729 322
f 3135 4628 4671
f 11 2918 462
f 1578 2348 390
f 1936 2464 3156
f 94 70 214
f 94 214 4763
f 2464 1949 2500
f 4973 4919 4561
f 3983 4584 4940
f 4775 68 2836
f 2592 445 455
f 231 230 280
f 4721 4573 4893
f 164 12 4939
f 4921 876 422
f 1687 448 2048
f 238 4577 93
f 2734 1029 1359
f 4672 70 94
f 4632 4825 382
f 67 94 4819
f 208 165 4524
f 208 77 165
f 3961 4940 4598
f 4927 297 4639
f 2350 4035 322
f 4927 2918 297
f 4810 1306 1601
f 212 125 1878
f 231 2532 4443
f 77 3069 168
f 169 125 212
f 78 400 4650
f 247 4681 400
f 4650 4859 78
f 4921 12 4551
f 247 4688 4681
f 4654 53 169
f 4771 1632 5061
f 295 4771 4770
f 5061 317 4770
f 1918 5001 4719
f 4712 1702 31
f 3214 2388 1495
f 4610 4441 4547
f 2388 4719 3205
f 1524 4778 154
f 4689 128 4612
f 3205 3026 1943
f 63 104 4560
f 4944 5099 277
f 4944 4807 5099
f 2038 4616 2365
f 30 4943 4774
f 4511 349 104
f 4537 324 2798
f 4597 47 324
f 3208 4560 197
f 191 690 4494
f 307 4612 128
f 302 130 4553
f 4944 397 4807
f 4944 242 397
f 4553 242 191
f 308 193 134
f 674 639 5176
f 4884 128 4750
f 4915 140 4442
f 4479 154 4778
f 4479 4516 154
f 2337 3879 4392
f 4805 4835 4850
f 4516 193 154
f 92 4124 183
f 383 3128 1202
f 4803 4529 387
f 327 109 4908
f 4265 425 428
f 4916 4910 5083
f 233 5077 5083
f 5207 4920 4637
f 4794 4669 298
f 3125 4920 5207
f 4629 4711 4609
f 111 4784 189
f 4874 4769 4550
f 5077 4506 201
f 4629 4728 4711
f 256 3183 620
f 3125 71 4920
f 4950 560 412
f 364 4532 226
f 245 4758 5074
f 106 5210 192
f 321 4755 364
f 121 33 4609
f 4711 121 4609
f 4254 257 1464
f 257 195 1464
f 606 172 195
f 4799 5071 216
f 4730 102 5071
f 215 4799 216
f 4890 4690 4539
f 4690 4657 4752
f 4961 219 4735
f 596 4963 4796
f 359 4742 45
f 5069 3070 4483
f 2026 1198 449
f 4549 1764 1711
f 3441 3369 1334
f 5002 4698 615
f 146 1490 615
f 2198 52 4814
f 4843 419 4470
f 4843 5027 4816
f 5079 4152 2
f 270 4844 363
f 4421 4580 2745
f 1933 3223 4580
f 15 821 4740
f 2036 5052 39
f 142 291 4965
f 2886 3429 268
f 4844 270 361
f 15 142 4965
f 25 3273 2258
f 110 2258 4956
f 4839 4978 65
f 4811 43 4
f 4978 4 65
f 5088 4740 4839
f 821 4695 4839
f 834 1891 306
f 4649 2258 110
f 269 5008 4588
f 269 2886 268
f 105 5060 4800
f 313 4533 254
f 413 4426 4386
f 4426 2490 4386
f 5093 4641 28
f 4620 262 4731
f 4635 312 234
f 80 4649 56
f 471 27 4800
f 413 20 3178
f 3123 2366 3178
f 4716 2009 2300
f 4649 110 56
f 4533 2300 4751
f 505 1189 3514
f 4533 4716 2300
f 3696 2608 472
f 1907 1950 1390
f 4472 356 3514
f 356 4674 199
f 356 3635 3514
f 4809 4731 262
f 2704 4886 4478
f 147 304 4917
f 3 505 4391
f 3 1189 505
f 4579 122 160
f 4679 4926 4917
f 4772 152 5
f 4828 4925 350
f 350 4938 4828
f 330 4328 136
f 3463 274 272
f 4732 303 170
f 3463 4702 3462
f 152 5064 5
f 4703 155 4999
f 4749 4837 203
f 1802 4439 4709
f 171 4733 4734
f 196 5 148
f 4749 203 4773
f 272 4583 4868
f 4627 4820 4790
f 4627 4832 4464
f 4868 4583 4979
f 4790 4732 4627
f 4732 4832 4627
f 4861 97 4788
f 4482 4780 48
f 4931 4857 50
f 91 167 95
f 2707 4857 288
f 237 236 273
f 373 1287 129
f 2345 2053 5211
f 220 149 347
f 220 4630 4762
f 149 224 273
f 4788 252 4862
f 2395 4526 2389
f 4481 373 129
f 1644 2524 4836
f 4481 46 4562
f 1662 2468 1904
f 2345 4486 4592
f 4834 4440 244
f 5062 4931 50
f 4643 4748 4777
f 4780 4482 4808
f 2358 4487 1287
f 1904 4493 4487
f 55 41 187
f 84 55 4821
f 187 41 85
f 2395 376 4526
f 390 3135 5133
f 182 4937 5068
f 1846 698 4345
f 4897 182 4697
f 5059 3039 5133
f 84 4747 41
f 4853 332 4412
f 4804 181 4897
f 4804 5059 175
f 54 44 4768
f 221 339 2390
f 4429 4460 4463
f 4899 4798 4763
f 332 57 188
f 4412 332 2538
f 4717 181 4804
f 4827 4789 174
f 339 1968 2006
f 339 1190 338
f 4723 2411 4559
f 4845 4722 4819
f 4722 2500 1949
f 2516 1947 1841
f 4541 231 280
f 4923 1825 14
f 4831 4767 4919
f 3204 202 4525
f 77 4632 3069
f 4825 208 67
f 4561 4919 93
f 67 382 4825
f 4672 94 67
f 4410 243 2977
f 4939 280 164
f 4285 2776 1623
f 4893 4410 5063
f 5019 5061 4997
f 163 213 5063
f 5163 164 2721
f 4688 4441 4681
f 247 4883 4878
f 53 83 169
f 5061 1632 4997
f 53 4883 83
f 4441 4644 4712
f 4719 4996 1918
f 4364 5063 251
f 317 5019 5131
f 5019 1880 5131
f 4441 4712 198
f 2559 5073 1595
f 4863 82 386
f 379 2453 4575
f 2958 575 5154
f 379 5131 4737
f 276 4494 414
f 276 691 5092
f 4624 4996 4596
f 4624 2453 4996
f 4866 308 134
f 2038 3050 4616
f 2038 391 4622
f 2388 3214 4596
f 4689 4805 4850
f 5092 426 191
f 3880 3799 3352
f 2413 325 4431
f 4480 1702 1495
f 248 153 4480
f 248 193 153
f 193 248 154
f 4915 177 140
f 307 2901 305
f 1834 3139 492
f 239 1716 432
f 4803 387 407
f 2433 241 2807
f 4589 2243 4795
f 425 424 428
f 1384 1327 4990
f 1384 1440 3186
f 92 5205 4888
f 4908 233 4586
f 314 5161 4889
f 4910 4769 5083
f 59 5083 4769
f 4506 4652 201
f 2807 4669 4794
f 4621 4705 4394
f 1585 3132 380
f 257 4254 4952
f 89 4916 135
f 3113 4600 4254
f 33 4916 89
f 33 89 246
f 4609 246 4975
f 1984 500 5050
f 4728 5207 4636
f 135 4916 201
f 3113 2749 4600
f 360 4254 4600
f 4756 71 5074
f 1780 127 620
f 106 192 180
f 4686 284 4728
f 42 4889 245
f 5210 257 4952
f 5210 606 257
f 606 195 257
f 4254 1464 3113
f 172 3183 195
f 42 4858 4889
f 9 4914 4735
f 215 4846 4595
f 4952 4254 4947
f 4952 4947 145
f 620 127 256
f 4799 145 5071
f 368 1556 4626
f 4914 4648 4701
f 5057 4556 2328
f 4041 2198 4683
f 2891 3441 1334
f 4701 4735 4914
f 4549 1538 3297
f 4698 1174 4041
f 4843 36 419
f 4448 504 533
f 4216 1621 3487
f 3487 4647 4738
f 5079 4613 218
f 209 4738 123
f 5027 4544 4814
f 5079 2 4613
f 4473 2111 3351
f 4843 4816 186
f 2329 1555 3061
f 1560 5070 1622
f 4469 4490 3223
f 126 4608 4658
f 2886 389 358
f 427 2504 2790
f 1891 389 2886
f 123 4647 4966
f 1636 2608 3696
f 427 393 2504
f 1105 4978 4839
f 821 836 834
f 1105 4839 4695
f 4978 1105 3896
f 43 72 112
f 72 234 112
f 43 5082 4
f 75 4841 4384
f 472 2790 2861
f 4641 112 234
f 3695 4517 3772
f 2522 40 3772
f 4517 3695 3696
f 4517 3696 472
f 4968 4969 437
f 4517 2521 2522
f 413 4970 20
f 2521 1950 1907
f 2521 2861 1950
f 166 27 471
f 4886 105 4478
f 2521 4517 472
f 2818 2820 4663
f 262 4391 69
f 4579 69 122
f 4427 4425 4830
f 441 4471 4512
f 657 2727 4449
f 1989 1802 155
f 4217 4694 3074
f 5022 2727 331
f 286 4749 4930
f 2668 4437 136
f 4702 3141 3462
f 1596 4694 4217
f 4694 2993 3074
f 2669 330 136
f 4781 4801 4782
f 2956 6120 87
f 5 261 148
f 4926 4679 148
f 4679 4917 304
f 4328 330 374
f 4217 334 415
f 334 1806 415
f 4999 4708 501
f 2668 274 3462
f 4788 4862 4861
f 3194 1704 2750
f 4862 252 4979
f 272 4868 34
f 3463 272 34
f 329 151 1142
f 4487 4526 376
f 4861 288 97
f 4526 1986 2389
f 220 4762 4633
f 4766 3353 4808
f 4861 1142 4847
f 5045 3973 4768
f 423 2395 1644
f 48 50 4482
f 4531 1932 2358
f 4531 144 4847
f 4487 1932 1904
f 2381 5089 4335
f 4808 3353 373
f 5090 377 4898
f 5090 416 377
f 2468 2527 3025
f 4493 1904 3025
f 4493 4526 4487
f 5045 1644 4836
f 4836 2197 3973
f 5045 4836 3973
f 2707 144 4766
f 4768 3973 3905
f 4522 2394 632
f 4640 4435 1493
f 4821 54 4792
f 3025 4754 4493
f 4754 4653 1986
f 4555 5045 4768
f 4821 44 54
f 4974 4779 4880
f 3905 632 384
f 84 4821 4697
f 129 423 5051
f 44 55 4484
f 5059 4867 119
f 84 5068 4747
f 1993 2424 101
f 1831 4105 4422
f 2298 384 2394
f 1771 1593 1968
f 2006 1968 4578
f 2538 4496 4412
f 174 4928 4827
f 4899 214 150
f 5133 1578 390
f 4897 181 4852
f 4853 5118 8
f 138 57 4871
f 1771 1968 338
f 79 4827 4628
f 194 2464 4678
f 2464 1936 4678
f 4763 4798 4845
f 114 5132 4798
f 4845 4819 4763
f 4763 214 4899
f 114 4980 5132
f 194 243 2970
f 285 2500 4722
f 114 4899 4789
f 4831 4973 4901
f 4410 251 5063
f 77 208 4825
f 2970 243 4573
f 2970 4573 4577
f 1799 2752 2529
f 4632 3450 238
f 67 1330 382
f 67 4819 1330
f 114 4798 4899
f 93 4632 238
f 4939 4541 280
f 5063 213 4893
f 163 32 4654
f 4410 2977 251
f 317 4575 4409
f 4997 340 5019
f 4364 4997 1632
f 4770 4409 295
f 4770 4771 5061
f 295 4547 4878
f 4654 169 212
f 4364 4736 4997
f 381 2929 4680
f 341 1918 1919
f 379 4680 1919
f 1676 2929 381
f 1676 1406 2929
f 4572 3205 1943
f 1495 3205 4572
f 4719 3026 3205
f 2453 1919 4996
f 4688 4878 4547
f 400 78 247
f 4778 1524 4666
f 391 3026 2939
f 1524 248 250
f 426 1353 4866
f 4689 4817 4805
f 154 248 1524
f 250 4666 1524
f 250 293 4666
f 4689 4612 4817
f 1702 3214 1495
f 4644 4610 4596
f 4480 1495 4572
f 307 4761 2901
f 177 4761 140
f 4516 134 193
f 4438 3128 383
f 1202 4407 2976
f 177 4604 4761
f 4646 4778 4666
f 4646 4510 305
f 4646 2071 4510
f 2071 2365 4616
f 177 4617 4604
f 2007 239 116
f 2071 4616 1701
f 4705 4506 470
f 116 239 432
f 1327 4691 1326
f 4913 4706 109
f 4513 2817 395
f 4513 240 2817
f 4513 2007 240
f 4394 2989 4794
f 4753 183 107
f 4568 387 4529
f 1585 380 1782
f 4706 4913 4058
f 2989 2433 4794
f 124 561 809
f 109 4855 4908
f 425 432 424
f 3104 762 4404
f 2597 1790 2596
f 183 4124 4913
f 4122 2433 4058
f 2597 4408 1790
f 4621 258 4705
f 4913 4124 4058
f 183 4913 327
f 4858 4975 246
f 2676 3174 500
f 2638 2676 2444
f 1984 2676 500
f 1984 4704 2444
f 245 5074 42
f 3131 2978 4626
f 5057 3096 4554
f 4735 4701 102
f 4947 360 4730
f 4961 102 2708
f 2259 1556 1985
f 146 615 5189
f 4539 4752 45
f 216 102 4701
f 4961 4735 102
f 1560 5209 554
f 1871 4554 4677
f 4041 615 4698
f 4483 1490 2505
f 2508 2329 1621
f 1871 4677 2259
f 1621 5070 4699
f 3130 1555 2329
f 2885 4552 1502
f 554 4325 1560
f 358 3351 3429
f 962 1942 1820
f 156 394 3130
f 1239 3429 3351
f 1560 4699 5070
f 4325 4966 4647
f 351 1560 1622
f 363 4844 4935
f 5209 351 1502
f 306 173 4695
f 2111 4473 1502
f 2742 2527 1557
f 4965 4988 15
f 4965 133 4988
f 290 4707 103
f 836 4988 388
f 388 1506 2974
f 139 4740 5088
f 4811 4791 4865
f 3209 141 393
f 1152 4495 313
f 4607 312 157
f 105 4886 24
f 1189 3 1849
f 4791 3695 4922
f 2692 1636 3696
f 2692 3698 3896
f 1152 313 7
f 141 3925 393
f 2692 4791 3698
f 3695 2692 3696
f 3695 4791 2692
f 4716 4557 2009
f 4495 1788 313
f 2636 264 2786
f 2637 4197 120
f 1712 4557 430
f 4471 396 4512
f 4391 3635 122
f 396 118 310
f 3 4391 262
f 166 471 5046
f 1189 4751 3514
f 4523 160 4772
f 4474 4830 4475
f 4674 98 1191
f 1191 4673 199
f 3384 2727 5022
f 4530 4449 4582
f 185 1802 1989
f 185 206 1802
f 148 4679 118
f 1802 206 4439
f 203 4837 5081
f 4930 2993 4694
f 3388 3384 5022
f 264 2637 120
f 203 147 4917
f 2972 4708 467
f 3017 4675 4725
f 2993 656 3074
f 2993 158 656
f 95 3141 4702
f 2669 2564 2840
f 3141 4217 415
f 415 1806 2668
f 152 3388 5022
f 5 196 4772
f 148 118 196
f 136 4328 274
f 1596 4217 3141
f 5064 5022 331
f 5064 152 5022
f 4765 2673 2840
f 274 3463 3462
f 4583 272 4328
f 252 4788 4762
f 1441 2673 2767
f 4477 1557 1558
f 4868 4979 252
f 2357 328 329
f 2357 2072 4725
f 204 4868 252
f 1986 2746 2389
f 329 1142 4862
f 4675 328 2357
f 4670 91 4710
f 4766 4857 2707
f 50 4777 5062
f 1986 4653 2746
f 159 4851 5062
f 4519 4867 4792
f 1993 1872 2424
f 4867 4519 119
f 4792 4867 4897
f 632 3905 3973
f 4606 175 5059
f 138 4871 4717
f 1578 5114 101
f 4827 79 4789
f 2390 2551 4980
f 2390 339 2006
f 2383 5152 1771
f 338 1968 339
f 4105 5129 4422
f 339 221 1190
f 101 2348 1578
f 2384 4628 390
f 4578 1593 1666
f 1771 5152 525
f 4593 4594 4887
f 4980 3380 2390
f 5152 2424 1872
f 77 4825 4632
f 1330 1949 3450
f 382 3450 4632
f 3450 2970 238
f 1949 2464 194
f 2464 2500 3156
f 1909 292 4559
f 163 1632 32
f 4678 243 194
f 4678 1936 2977
f 1470 4736 190
f 295 4878 4812
f 381 4680 4737
f 1675 1706 3127
f 4719 2388 4996
f 3138 878 3515
f 381 1675 1676
f 5001 1918 4995
f 4575 317 5131
f 1661 1193 818
f 134 4516 4822
f 2388 4596 4996
f 31 153 308
f 4996 1919 1918
f 4863 4624 82
f 31 198 4712
f 4409 386 295
f 4575 2453 4863
f 2892 2724 1527
f 4479 4604 4774
f 4479 4778 2901
f 4612 4977 4817
f 4516 4479 4774
f 1791 4040 4179
f 3442 1266 4407
f 3058 1193 1266
f 307 305 4612
f 2433 2989 4058
f 4691 228 1326
f 4565 2638 2528
f 3028 4631 3132
f 780 3902 930
f 1780 246 89
f 265 499 3108
f 135 201 4652
f 620 172 314
f 1556 1538 1985
f 4652 4704 135
f 4190 4976 543
f 4976 4190 2749
f 127 89 135
f 127 1780 89
f 1800 3174 2676
f 5050 4566 3183
f 2749 3113 4554
f 5057 4554 3113
f 4799 4682 145
f 314 4858 1780
f 1985 2657 4976
f 4677 4626 2259
f 1764 1653 4501
f 2657 2561 543
f 1770 1267 1555
f 1513 2526 2665
f 2508 5002 3130
f 554 5209 4552
f 5209 1502 4552
f 4152 554 4552
f 4152 4552 222
f 1506 2885 2974
f 4325 554 4966
f 1506 222 2885
f 363 4955 4545
f 133 290 103
f 358 389 2974
f 4955 4662 4545
f 4320 5023 5334
f 4588 306 269
f 4716 1788 430
f 254 1189 266
f 392 2818 4663
f 3209 5008 2170
f 392 430 1788
f 1390 2818 392
f 1160 3429 1239
f 4791 4922 4865
f 4881 51 2704
f 4663 1712 430
f 289 311 4546
f 4800 4891 471
f 4197 2972 467
f 4800 4478 105
f 2300 4472 4751
f 4800 27 4478
f 4197 4362 1387
f 343 2786 342
f 2009 2636 2786
f 2009 4557 2636
f 3384 1989 2727
f 4674 342 98
f 4674 356 342
f 342 2024 98
f 656 331 657
f 656 158 331
f 4674 1191 199
f 4801 4781 170
f 4782 347 4781
f 347 4630 220
f 286 4694 1596
f 347 4782 4630
f 3017 1558 2527
f 2767 5000 372
f 4583 2072 320
f 374 2650 4725
f 1442 588 3034
f 4667 4926 261
f 372 2650 1441
f 1385 4477 1558
f 274 4328 272
f 151 1932 4531
f 4979 329 4862
f 4675 2357 4725
f 1142 4861 4862
f 4675 3017 2527
f 1932 151 1662
f 4493 1986 4526
f 323 5058 4522
f 288 4861 4847
f 3905 384 4519
f 3905 4519 54
f 4562 235 4780
f 235 4918 4780
f 5040 1383 4241
f 2742 3025 2527
f 4847 144 2707
f 2298 5114 3039
f 3557 4606 3135
f 2394 5058 5114
f 4538 182 4852
f 3554 5028 3552
f 5114 1578 3039
f 2383 1771 338
f 1888 2411 4723
f 5058 2579 1993
f 1888 2436 2411
f 517 4151 5056
f 79 1190 221
f 2411 4982 2991
f 4485 562 3111
f 4899 174 4789
f 3512 405 1665
f 2977 243 4678
f 4980 4723 5132
f 4282 4218 3058
f 3156 4559 292
f 3380 221 2390
f 1949 1330 4722
f 1330 3450 382
f 190 4736 4364
f 1470 1561 4736
f 4572 250 4480
f 3026 5001 2939
f 1919 4680 341
f 153 1702 4480
f 4547 386 4610
f 2365 2071 4666
f 386 82 4610
f 1701 5067 436
f 1701 4438 5067
f 3026 4719 5001
f 1661 3227 1193
f 2817 232 395
f 92 183 4753
f 428 88 4714
f 232 2889 3371
f 561 2007 116
f 424 429 428
f 241 2433 4122
f 4124 4888 4122
f 88 2819 241
f 4122 4058 4124
f 429 424 466
f 470 4506 5077
f 4706 4855 109
f 470 2989 4394
f 1779 1585 1782
f 298 4669 1779
f 2528 4720 2596
f 3027 1230 4112
f 3028 3132 1585
f 3104 1230 762
f 5066 2660 3511
f 1790 4408 5021
f 4112 1230 3104
f 762 1108 4404
f 465 4112 3104
f 172 5161 314
f 1328 3297 1538
f 4858 42 4975
f 606 5210 106
f 4711 284 4784
f 5050 5075 4566
f 4609 33 246
f 5071 4947 4730
f 5071 145 4947
f 314 4889 4858
f 620 3183 172
f 2259 1985 1871
f 1711 4501 3070
f 1406 2680 4069
f 195 3183 4556
f 4554 3096 4677
f 1538 1556 1328
f 1871 1985 4976
f 1556 368 1328
f 4961 543 219
f 4614 2505 146
f 5069 2561 4983
f 4216 3487 4658
f 4458 156 1490
f 1490 5002 615
f 4483 3070 2891
f 4321 4271 3754
f 4190 2708 4600
f 4041 1174 2198
f 2885 4473 2974
f 4966 4152 5079
f 4110 631 1186
f 4086 222 1506
f 4271 5028 3554
f 351 5054 4665
f 306 4588 173
f 4473 3351 358
f 982 1739 689
f 472 2608 2790
f 1239 5023 748
f 139 291 142
f 43 4811 72
f 2504 3926 3624
f 2504 393 1398
f 4716 4533 1788
f 4362 4197 2637
f 2790 3624 2861
f 1390 392 4495
f 3772 471 4922
f 4546 311 51
f 1849 266 1189
f 75 5093 28
f 4362 4994 1387
f 1152 2522 1907
f 2988 4994 4362
f 343 2009 2786
f 180 5087 4905
f 652 1739 1349
f 264 2024 2786
f 264 206 2024
f 3161 1726 4070
f 206 120 4439
f 2673 4765 2767
f 5064 331 158
f 331 2727 657
f 264 2636 2637
f 2636 2890 2637
f 2636 4557 2890
f 2972 3137 4708
f 4449 2727 1989
f 3137 501 4708
f 4709 4999 155
f 1442 3386 4477
f 4709 4708 4999
f 3386 435 1557
f 1441 330 2673
f 374 4725 2072
f 1385 1558 3017
f 374 2072 4328
f 1142 151 4531
f 4487 376 1287
f 1762 2742 1557
f 3057 2689 1188
f 3025 2742 4754
f 3455 3386 2855
f 384 2298 119
f 2389 2524 1644
f 4653 2990 4241
f 2742 1762 4754
f 4642 3469 1872
f 1349 549 652
f 4640 2197 4836
f 4555 4849 5051
f 2197 4640 1906
f 5133 3135 4606
f 3039 119 2298
f 5058 323 2579
f 632 2197 4522
f 175 4717 4804
f 296 3557 4880
f 1593 525 1726
f 2348 101 2424
f 3111 2436 4485
f 2551 1888 4980
f 5133 3039 1578
f 3111 4982 2436
f 4578 562 4485
f 5056 4151 4134
f 3111 562 4503
f 4457 1561 1470
f 3512 4414 405
f 1936 4366 2418
f 4845 5132 285
f 405 4414 4366
f 5019 317 5061
f 317 4409 4770
f 1470 4414 4457
f 4638 2939 408
f 190 4364 251
f 3344 878 3138
f 190 2418 1470
f 5163 2721 2677
f 4575 5131 379
f 4624 4863 2453
f 2680 1676 3127
f 341 4995 1918
f 293 2038 2365
f 2997 3548 1785
f 1943 3026 391
f 2939 5001 408
f 308 4866 1353
f 4409 4575 4863
f 3214 4644 4596
f 561 116 809
f 3050 3128 4438
f 4622 3050 2038
f 1834 1835 4622
f 4347 3213 1835
f 4616 3050 4438
f 1266 1193 3227
f 561 5080 434
f 1326 1150 722
f 561 354 2007
f 1060 2159 2772
f 4691 3220 232
f 2817 2976 2889
f 240 2007 354
f 2817 240 2976
f 2787 722 3423
f 1716 3186 432
f 4794 2433 2807
f 4855 233 4908
f 466 1440 4365
f 466 3186 1440
f 4365 4631 466
f 4855 470 5077
f 1838 4408 2597
f 4631 2819 429
f 4631 3028 2819
f 466 424 3186
f 1384 3186 1716
f 298 4394 4794
f 4720 2528 258
f 1230 3575 762
f 1790 5021 2537
f 4565 2676 2638
f 465 1790 2537
f 258 2638 5076
f 3108 3717 265
f 2944 5021 2660
f 3108 3716 3717
f 2944 1294 4112
f 4309 499 4565
f 3717 1107 1853
f 4652 2444 4704
f 2638 2444 5076
f 1800 2676 4565
f 4406 5021 4408
f 4025 207 3717
f 543 4961 4190
f 1158 4025 1499
f 4677 3096 3131
f 4975 42 3125
f 4975 4629 4609
f 3183 4566 4556
f 543 2566 219
f 2328 4556 4566
f 3296 2859 2519
f 219 2566 596
f 1352 3455 2159
f 1711 3070 5069
f 5069 2566 2561
f 1490 146 2505
f 394 3222 1770
f 622 1069 2386
f 5189 615 4041
f 4964 1174 4698
f 3487 1621 4699
f 3373 622 4116
f 52 1174 1173
f 631 1267 1186
f 2861 2203 1950
f 1389 1418 748
f 1560 351 5209
f 821 15 836
f 268 3429 1160
f 1636 4588 357
f 3624 2203 2861
f 4533 313 1788
f 343 342 356
f 1592 1398 1952
f 4290 2491 3784
f 120 467 4439
f 4214 4285 1387
f 970 1515 4984
f 3555 1513 3056
f 2009 343 2300
f 4703 501 2840
f 4437 2669 136
f 5064 261 5
f 3388 4772 4673
f 4530 656 657
f 5064 158 261
f 4667 4773 4926
f 4773 4930 4749
f 320 329 4979
f 320 2357 329
f 320 2072 2357
f 1986 4493 4754
f 435 1762 1557
f 1441 2767 372
f 558 3369 1536
f 1762 2990 4754
f 4477 3386 1557
f 2358 144 4531
f 4754 2990 4653
f 3553 575 2958
f 328 151 329
f 1928 2850 2653
f 328 2468 1662
f 4675 2527 2468
f 4998 5040 2990
f 1382 2871 2624
f 4069 4191 1406
f 712 3784 1592
f 1383 4403 4241
f 3905 54 4768
f 1121 4403 3457
f 5059 5133 4606
f 2524 4640 4836
f 3469 4642 3468
f 1593 4578 1968
f 1666 562 4578
f 5152 2383 2424
f 2551 2390 2006
f 525 1593 1771
f 2411 2991 1909
f 1726 3470 1565
f 1665 5056 4134
f 3063 2562 2762
f 2158 4284 3451
f 3992 3805 3915
f 3998 2705 1107
f 562 1666 367
f 962 1820 5010
f 4819 94 4763
f 4573 243 4410
f 1561 340 4736
f 4366 292 405
f 2977 190 251
f 5048 3515 409
f 4138 748 5023
f 3554 3552 492
f 163 5063 4364
f 1632 163 4364
f 878 3344 3267
f 1569 4280 3904
f 1523 2872 1120
f 1763 1682 4994
f 694 1293 2591
f 4995 341 1523
f 4151 4142 3622
f 4995 1523 1120
f 4859 362 278
f 4859 125 169
f 4070 4993 3161
f 134 4822 302
f 1835 3128 3050
f 193 308 153
f 1388 4347 1834
f 2038 293 1943
f 4622 3139 1834
f 3139 391 2939
f 3139 4622 391
f 293 4572 1943
f 4347 3301 1444
f 293 250 4572
f 1382 3058 3442
f 5205 4815 124
f 354 561 434
f 1382 3301 2871
f 1444 3301 1382
f 3127 1706 4339
f 47 4597 205
f 1701 4616 4438
f 4785 4617 177
f 4646 4666 2071
f 1202 3213 1444
f 3371 1492 228
f 558 589 3369
f 3127 5130 2680
f 3220 395 232
f 4280 3013 3827
f 1716 3220 1384
f 1716 395 3220
f 1716 239 395
f 3136 3443 3461
f 3132 4365 1386
f 4990 1440 1384
f 2989 4706 4058
f 380 5020 1782
f 2989 470 4706
f 465 2769 2596
f 3827 2860 3443
f 2940 3456 5154
f 1838 4720 4621
f 1782 5020 2536
f 2537 5021 2944
f 298 4621 4394
f 2528 4309 4565
f 258 5076 4705
f 499 1800 4565
f 499 265 1800
f 672 4323 367
f 4404 4309 2769
f 431 499 4309
f 1351 3064 1575
f 2666 559 4267
f 4151 1261 4142
f 4309 4404 431
f 1501 5075 500
f 1501 500 3174
f 499 431 3108
f 4611 5015 1158
f 4611 1491 1564
f 3444 2689 3057
f 2259 4626 1556
f 1564 5015 4611
f 4730 2708 102
f 4549 1711 4983
f 3131 1564 1491
f 3096 2328 1631
f 368 2859 1328
f 5073 1732 3012
f 3297 1268 1764
f 1985 1714 2657
f 1714 1985 1538
f 4963 5189 267
f 4963 4614 146
f 156 3130 5002
f 2505 4614 4483
f 4983 1714 4549
f 5189 4041 4683
f 2329 2508 3130
f 1569 4110 3013
f 2981 2425 2944
f 1418 3350 1160
f 4695 173 1105
f 1622 631 5054
f 268 3623 269
f 4695 821 834
f 1636 173 4588
f 3926 970 3624
f 1891 2886 269
f 2425 2981 3221
f 3542 4984 2818
f 343 356 4472
f 2890 4557 1712
f 4204 4339 1706
f 1566 3373 1763
f 1566 4663 2820
f 4134 3622 4253
f 1324 4765 501
f 2818 4984 2820
f 264 120 206
f 120 4197 467
f 4926 148 261
f 4772 3388 152
f 98 185 3384
f 3451 3459 3137
f 3459 1324 3137
f 334 4217 3074
f 4151 3622 4134
f 95 4745 1596
f 4745 286 1596
f 2024 206 185
f 4745 4837 286
f 3459 4284 2899
f 2810 2967 2956
f 1515 1700 2491
f 3455 3701 435
f 2855 3386 1442
f 3025 1904 2468
f 1724 1383 5040
f 1352 3057 3701
f 3057 1188 3701
f 5017 2578 323
f 2746 4640 2524
f 3461 3443 3222
f 3824 3267 4692
f 1194 4991 3457
f 5017 1121 4991
f 4991 1121 3457
f 4555 5051 423
f 367 4503 562
f 2384 390 2348
f 1666 1593 3393
f 5657 2654 1143
f 3161 3393 1593
f 101 5114 1993
f 338 2384 2383
f 1872 3469 5152
f 493 4457 4414
f 1872 1993 2579
f 2991 517 5056
f 4150 3267 3344
f 1454 607 1589
f 1739 982 493
f 2783 982 3344
f 2783 4457 493
f 1561 2783 3138
f 5048 1561 3138
f 684 3511 2960
f 1406 1676 2680
f 293 2365 4666
f 4691 1327 3220
f 1444 3213 4347
f 4785 63 4617
f 2038 1943 391
f 2888 1266 3227
f 4407 1266 2888
f 2901 4761 4479
f 4407 2888 2889
f 2439 2960 4211
f 930 4267 4153
f 2958 1492 1661
f 2976 383 1202
f 305 4510 4977
f 930 1386 780
f 241 4714 88
f 380 3132 1386
f 4721 4561 4577
f 436 434 4977
f 3511 2536 2960
f 4705 470 4394
f 2434 2536 4406
f 4153 5020 380
f 466 4631 429
f 4365 3132 4631
f 4855 5077 233
f 367 4323 4503
f 2960 2536 5020
f 4993 672 3393
f 298 1779 1838
f 3575 1108 762
f 5016 3716 3108
f 2596 1790 465
f 5057 2328 3096
f 1631 5075 5015
f 5075 5050 500
f 5075 1631 4566
f 2978 3131 1491
f 1538 4549 1714
f 1158 207 4025
f 3297 1764 4549
f 1631 5015 1564
f 3056 2665 3369
f 1631 1564 3096
f 3297 1328 3296
f 3096 1564 3131
f 3113 1464 5057
f 2749 4554 1871
f 1871 4976 2749
f 2846 1268 3296
f 1565 4070 1726
f 1268 3297 3296
f 1464 4556 5057
f 1764 1268 1653
f 4501 1711 1764
f 3461 394 1513
f 1490 2891 4458
f 4963 596 4614
f 1173 4216 4658
f 1334 3369 2665
f 4190 4961 2708
f 1770 3130 394
f 1569 5047 4110
f 1334 4458 2891
f 360 4600 2708
f 3061 1267 631
f 1060 4221 1352
f 1947 1745 4466
f 4683 4657 267
f 3061 1555 1267
f 4683 2198 352
f 4816 52 4608
f 388 389 836
f 358 3429 2886
f 3551 5023 4320
f 4665 5047 2709
f 2408 2614 2428
f 5054 631 4110
f 4110 5047 5054
f 4966 554 4152
f 472 2861 2521
f 5047 1569 4262
f 388 4988 1506
f 427 357 3209
f 1661 3553 2958
f 2916 2850 2875
f 4988 4086 1506
f 2974 389 388
f 1418 1160 748
f 5008 3209 357
f 4401 3513 2412
f 4253 1580 4134
f 5008 357 4588
f 5008 269 3623
f 3925 141 3068
f 2170 3068 141
f 2608 357 427
f 1389 748 3225
f 1398 1592 3926
f 1907 2522 2521
f 2504 3624 2790
f 1907 1390 4495
f 3624 970 2203
f 1849 3 4620
f 4322 4476 1294
f 3623 2170 5008
f 3350 268 1160
f 1763 2988 1566
f 306 1891 269
f 1700 3926 1592
f 2890 1712 2988
f 1907 4495 1152
f 4495 392 1788
f 3542 2203 970
f 4362 2890 2988
f 98 2024 185
f 688 1351 1589
f 1712 1566 2988
f 2940 817 4502
f 343 4472 2300
f 98 3384 1191
f 1950 2203 3542
f 3137 2972 3451
f 970 4984 3542
f 2899 5153 3459
f 4252 4282 2624
f 627 5000 2767
f 4143 3552 3411
f 1739 652 689
f 1387 3451 2972
f 627 4765 1324
f 2800 2438 2397
f 4703 4999 501
f 467 4708 4709
f 2393 2630 2768
f 3017 2650 1385
f 334 3074 4530
f 1602 5153 2899
f 4192 2879 2846
f 4703 2840 2564
f 2673 330 2669
f 2978 1491 3574
f 372 5000 588
f 4998 2990 1762
f 1854 5151 2503
f 1662 1904 1932
f 1662 151 328
f 2926 3181 1546
f 4998 435 3701
f 4487 2358 1932
f 323 4522 1906
f 5045 4555 423
f 4403 1493 4435
f 1385 2650 372
f 1194 1119 4991
f 1724 5040 1188
f 2872 4191 4321
f 1383 3457 4403
f 2579 4642 1872
f 1493 1121 5017
f 4642 2579 2578
f 1493 4403 1121
f 4998 1188 5040
f 1906 5017 323
f 1906 1493 5017
f 688 4401 1351
f 1565 3470 2156
f 2746 4435 4640
f 2156 3469 3468
f 1493 1906 4640
f 2578 1119 4642
f 2746 4653 4435
f 2746 2524 2389
f 1726 525 3470
f 5114 5058 1993
f 1536 464 558
f 2578 4991 1119
f 3470 525 5152
f 2436 1888 2551
f 1888 4723 4980
f 517 4982 2936
f 1666 3393 367
f 4485 2436 2551
f 2348 2424 2383
f 1665 4134 3512
f 4573 4410 4893
f 493 982 2783
f 4366 4414 2418
f 4150 3344 982
f 2991 4982 517
f 1628 381 409
f 517 2936 1261
f 3111 2936 4982
f 5049 878 3824
f 2783 3344 3138
f 4737 409 381
f 1675 5049 1706
f 1739 493 1349
f 1919 2453 379
f 1706 5049 3824
f 1120 408 4995
f 1406 1523 2929
f 2418 4414 1470
f 3515 5049 1628
f 878 5049 3515
f 3134 4142 1261
f 1675 381 1628
f 408 5001 4995
f 78 83 4883
f 83 4859 169
f 2929 341 4680
f 3460 2343 598
f 492 4638 3554
f 1388 3552 4143
f 3373 4116 1763
f 1565 4304 4070
f 492 3552 1388
f 2871 3301 4143
f 408 1120 3754
f 1444 1382 3442
f 2888 1492 3371
f 492 3139 4638
f 1388 4143 3301
f 5154 2823 2958
f 2976 4407 2889
f 3456 1150 1326
f 3456 2940 1150
f 2889 2888 3371
f 1202 1444 3442
f 3227 1661 1492
f 722 4990 1327
f 2823 3456 228
f 2976 240 383
f 305 4977 4612
f 4323 1829 1678
f 3186 424 432
f 1660 1150 2940
f 1589 607 688
f 4513 239 2007
f 429 2819 88
f 2787 4348 559
f 1706 3824 4204
f 1580 4253 549
f 930 3902 2666
f 4720 2597 2596
f 4669 1585 1779
f 4621 4720 258
f 1779 1782 2434
f 1294 2944 2425
f 1782 2536 2434
f 1838 2434 4408
f 4621 298 1838
f 2944 4112 2537
f 1454 1230 3027
f 2769 4309 2528
f 2536 3511 4406
f 2597 4720 1838
f 4406 3511 2660
f 2456 4585 1786
f 2769 2528 2596
f 207 1501 3174
f 1575 3575 1589
f 2555 5330 5791
f 1108 5016 431
f 4582 155 4703
f 5016 1575 3064
f 5076 4652 4506
f 4611 1499 2717
f 2903 2956 2679
f 3131 4626 4677
f 256 4704 1984
f 4218 818 1193
f 207 1158 1501
f 5015 1501 1158
f 5076 2444 4652
f 4404 2769 3104
f 1589 3575 1454
f 3058 4218 1193
f 5015 5075 1501
f 1107 3717 3716
f 553 3744 4150
f 1580 549 1349
f 4404 1108 431
f 3134 2936 4503
f 2912 1732 2998
f 1579 5460 5808
f 4038 658 3599
f 1744 1397 1097
f 5460 966 967
f 3776 5808 1019
f 3673 3767 1397
f 5450 2201 5521
f 3679 1264 3946
f 1022 5487 2682
f 1362 1312 5741
f 1022 3605 5033
f 5276 5156 1109
f 5731 1097 1397
f 1097 3776 1744
f 2152 5400 1052
f 1314 5276 3713
f 3835 3946 1264
f 2275 922 3679
f 6109 5906 5501
f 788 2193 2195
f 5683 6106 5546
f 1088 5502 2077
f 5502 6137 5546
f 6106 1017 1059
f 3536 2222 2107
f 1175 1176 1093
f 1621 4216 4964
f 2885 222 4552
f 3061 1622 5070
f 569 449 533
f 2745 1818 4421
f 1818 2740 4421
f 1728 4490 419
f 2561 2657 4983
f 2657 1714 4983
f 1174 52 2198
f 186 439 36
f 5114 2298 2394
f 390 4628 3135
f 4522 5058 2394
f 4671 3557 3135
f 44 4821 55
f 384 119 4519
f 5134 5418 1099
f 6112 5645 6102
f 936 3519 5326
f 1032 3603 5350
f 6107 1209 5278
f 5927 823 3523
f 2157 3504 823
f 1237 6059 6135
f 2066 3155 1426
f 3736 968 5394
f 6135 5716 1426
f 687 6135 3245
f 3155 6031 1426
f 1001 3675 3677
f 5798 2088 2066
f 4193 3989 4047
f 5606 3688 3620
f 4090 2213 745
f 2360 4962 909
f 5150 1000 4031
f 3918 3801 5519
f 604 692 4962
f 2294 2295 745
f 1016 5546 6106
f 843 2141 840
f 6128 5428 3560
f 3641 5509 3668
f 4447 1356 1357
f 2267 4042 530
f 522 2057 2303
f 641 4224 4242
f 1587 3337 4095
f 4042 624 522
f 3912 2271 4077
f 3828 697 901
f 2291 5111 791
f 4145 4056 801
f 1043 919 5847
f 5811 913 6022
f 954 4279 5622
f 3796 2202 4279
f 5465 964 5755
f 5490 5569 5784
f 933 2138 5811
f 933 5779 3418
f 3785 2127 3808
f 3866 2380 2091
f 5652 6090 2108
f 5815 2284 1584
f 3175 1363 5699
f 1210 5735 3576
f 3521 933 5811
f 5465 6101 964
f 4167 2816 4411
f 2511 4095 5043
f 1016 6106 1059
f 5122 4244 5106
f 1122 1022 2682
f 658 4038 5238
f 3775 718 1019
f 1440 4990 780
f 492 1388 1834
f 5048 340 1561
f 4997 4736 340
f 3134 1261 2936
f 2899 4284 608
f 3034 4261 1442
f 3221 4322 2425
f 597 607 1454
f 4988 133 4086
f 4705 5076 4506
f 1388 3301 4347
f 4321 1120 2872
f 4449 1989 155
f 2820 1069 3373
f 2786 2024 342
f 222 4086 2
f 3456 2823 5154
f 4407 1202 3442
f 2680 5130 4069
f 1561 4457 2783
f 2468 328 4675
f 3384 3388 1191
f 4282 3058 2624
f 4221 3444 3057
f 4963 267 4796
f 2599 1732 2912
f 135 4704 127
f 2819 2807 241
f 4513 395 239
f 232 2817 2889
f 354 5067 240
f 4622 1835 3050
f 4638 3139 2939
f 4503 2936 3111
f 632 2394 384
f 320 4979 4583
f 4694 286 4930
f 2890 4362 2637
f 2704 27 166
f 4891 4865 4922
f 2837 3173 1839
f 4473 2885 1502
f 4626 2978 368
f 4112 465 2537
f 2769 465 3104
f 425 116 432
f 128 4689 4806
f 137 4967 5080
f 137 375 1
f 4610 82 4596
f 3056 3369 589
f 2977 2418 190
f 2418 2977 1936
f 4887 70 4593
f 632 3973 2197
f 2197 1906 4522
f 2072 4583 4328
f 4437 2668 1806
f 415 2668 3462
f 1566 1712 4663
f 4695 834 306
f 4660 4707 4662
f 1622 5054 351
f 367 3393 672
f 5050 3183 256
f 265 3717 207
f 2676 1984 2444
f 383 240 5067
f 198 31 1353
f 4479 4761 4604
f 5131 1880 4737
f 238 2970 4577
f 4834 99 4851
f 3388 4673 1191
f 286 4837 4749
f 4514 4425 399
f 4452 4453 4912
f 1950 3542 1390
f 2608 427 2790
f 1636 357 2608
f 1621 2329 5070
f 4947 4254 360
f 127 4704 256
f 4566 1631 2328
f 4365 1440 780
f 4122 4888 4714
f 1835 3213 3128
f 1979 2887 2812
f 4789 3380 114
f 1190 2384 338
f 4484 4768 44
f 4630 4782 4670
f 3074 656 4530
f 4760 166 5046
f 173 1636 3896
f 1779 2434 1838
f 5161 245 4889
f 4714 241 4122
f 4737 4680 379
f 53 4812 4883
f 159 4777 4748
f 4813 97 288
f 2668 136 274
f 185 1989 3384
f 5053 4830 4474
f 4922 471 4891
f 5207 4637 4636
f 5080 561 124
f 4553 191 426
f 213 4654 212
f 114 3380 4980
f 4593 4524 11
f 129 2395 423
f 4849 4484 187
f 5062 4777 159
f 224 4633 275
f 3462 3141 415
f 4816 4814 52
f 5071 102 216
f 215 4742 4846
f 412 4436 2422
f 121 4711 4784
f 4785 177 4915
f 4650 400 276
f 4928 4974 4671
f 230 4775 2499
f 279 2538 188
f 182 5068 4697
f 3121 4295 2952
f 97 4633 4788
f 275 97 4813
f 4781 347 4718
f 4627 4464 38
f 4832 4732 170
f 4734 4809 69
f 2367 2037 5093
f 4955 315 4662
f 2329 3061 5070
f 4448 533 449
f 4742 4601 45
f 4799 215 4595
f 2445 4905 5087
f 255 4636 4637
f 4508 4398 527
f 1 4803 407
f 4884 307 128
f 47 4786 4785
f 4248 3120 442
f 5006 402 403
f 5092 191 4494
f 411 690 277
f 125 4859 278
f 4901 2499 4775
f 2592 4623 3885
f 2918 370 462
f 4887 4726 150
f 448 876 4387
f 4174 4295 4234
f 49 235 4562
f 184 2345 81
f 2954 4574 1583
f 4832 4312 4873
f 512 5184 5011
f 204 4630 4670
f 4507 469 4929
f 309 4512 396
f 4673 4772 160
f 24 4759 105
f 437 311 4968
f 4620 4731 132
f 112 56 5082
f 2490 287 4389
f 3081 369 4497
f 290 133 4882
f 4499 4416 4651
f 5386 5276 5912
f 4244 5122 484
f 1411 4682 4799
f 4369 4289 4316
f 463 4981 2317
f 364 595 321
f 4249 2511 5165
f 17 107 4542
f 4510 2071 1701
f 324 4915 4442
f 2243 4589 625
f 3352 421 4413
f 282 4835 4942
f 4387 401 448
f 442 4433 4856
f 4960 324 4442
f 3931 1544 3089
f 397 96 4807
f 35 4443 2612
f 4234 410 514
f 4928 4671 4827
f 445 2592 3885
f 4697 4821 4792
f 4792 54 4519
f 5211 81 2345
f 4746 4918 235
f 2250 4296 4175
f 2808 458 26
f 99 244 249
f 178 4543 5091
f 4938 4619 2913
f 1321 4969 4968
f 4579 160 4523
f 4 3698 4811
f 157 312 4759
f 24 157 4759
f 65 4 5082
f 5093 2037 80
f 4970 4386 4841
f 4459 2017 2740
f 2 4086 103
f 4904 36 439
f 4185 4113 485
f 485 4838 4548
f 209 4659 58
f 245 106 4758
f 4379 453 3726
f 176 4903 4570
f 5055 4686 4713
f 4634 4902 318
f 4238 1735 3196
f 37 4753 107
f 1587 2340 628
f 642 491 3188
f 623 2033 4239
f 4795 281 4724
f 4835 282 4741
f 3879 2718 4300
f 4358 4385 3172
f 197 4943 3208
f 4610 4644 4441
f 202 4567 4525
f 4639 165 168
f 708 445 4107
f 4534 4460 4429
f 4525 4767 3204
f 2407 795 3943
f 4897 4867 4804
f 3932 5198 3858
f 4562 46 49
f 695 644 4094
f 4094 4381 695
f 5085 259 260
f 5155 4445 3023
f 4444 4464 4507
f 4881 166 4760
f 2370 4377 4333
f 289 399 4912
f 437 4684 4886
f 437 51 311
f 4363 90 3080
f 348 4446 4363
f 369 66 3984
f 4113 4469 2467
f 4518 544 4340
f 359 4509 4846
f 2339 4544 2969
f 3229 4311 5106
f 113 1969 4287
f 636 5098 4189
f 3936 2303 2057
f 189 4784 284
f 16 4724 281
f 4960 4442 4750
f 4589 4795 282
f 3172 1772 2813
f 497 1772 498
f 3799 477 421
f 4597 324 4537
f 1791 4179 577
f 498 402 5006
f 444 2048 4168
f 93 4919 3069
f 3674 2075 572
f 462 526 11
f 4097 5140 4022
f 3821 2002 4826
f 5129 1846 1845
f 1897 319 385
f 460 2356 4184
f 2008 259 2040
f 695 565 511
f 4489 4183 1583
f 564 2549 4374
f 4420 2034 4291
f 496 287 576
f 20 4970 438
f 2832 490 4685
f 51 4881 4546
f 3024 3178 2366
f 4021 582 659
f 587 4907 4329
f 2327 2326 4892
f 4497 4399 2331
f 2313 2199 3968
f 2331 3081 4497
f 5041 4082 4520
f 4469 4185 3385
f 1198 2339 2969
f 4313 5086 3448
f 4196 4729 10
f 3274 2268 2511
f 2058 2513 4052
f 2368 4247 4281
f 5124 2015 476
f 4392 3880 301
f 4750 128 4806
f 4392 3879 4300
f 630 365 404
f 635 4382 4455
f 4317 5214 3978
f 1544 5206 5157
f 3172 2813 4358
f 2836 4831 4775
f 4200 3965 1479
f 4870 4779 4581
f 5089 4352 4335
f 2799 4400 5090
f 2356 4349 4346
f 4873 4464 4832
f 4384 4451 482
f 4062 4954 603
f 678 4225 2030
f 352 4657 4683
f 3724 595 2466
f 4196 728 2219
f 4011 599 1357
f 4181 495 4249
f 4371 4398 5124
f 4696 4903 176
f 2052 2346 4250
f 4960 4959 4951
f 2443 4461 910
f 5012 674 2413
f 2413 733 325
f 4299 4599 4297
f 5214 4171 623
f 524 4856 4433
f 2059 5128 4068
f 2531 584 2612
f 2612 4443 4354
f 2161 4159 513
f 679 1516 537
f 3909 5188 2135
f 4207 2281 2250
f 647 646 4360
f 2295 4223 4266
f 659 778 4021
f 4384 482 75
f 951 4017 2290
f 2227 2290 4520
f 4500 4603 4399
f 2466 595 4950
f 113 4564 321
f 4011 540 2058
f 4039 4240 4209
f 523 4040 1791
f 4167 5167 1773
f 2413 674 733
f 4299 3120 4599
f 4206 4264 791
f 4355 2382 1018
f 3422 1147 650
f 4390 1687 2048
f 4388 4515 454
f 4207 591 3887
f 578 512 4381
f 4268 752 547
f 4360 646 548
f 2391 299 5042
f 503 582 4160
f 556 2334 812
f 781 659 5192
f 533 2423 569
f 4336 2378 4082
f 2969 4544 5027
f 4220 344 4876
f 2219 4121 4196
f 4121 4331 4196
f 742 2219 728
f 540 641 2513
f 1735 459 531
f 4115 2105 4176
f 4599 366 2443
f 4317 4411 4187
f 626 1066 2045
f 1129 5206 516
f 4076 4130 2375
f 2382 4245 630
f 5128 494 1540
f 4383 4584 566
f 4035 2350 572
f 532 4061 2230
f 2230 2315 4128
f 2231 3883 2361
f 4088 162 4133
f 3887 3804 886
f 2281 2270 2250
f 2696 695 4381
f 2229 550 2371
f 874 2359 814
f 4985 582 552
f 2373 654 4230
f 848 5750 6072
f 4909 4148 653
f 653 555 678
f 4518 528 4548
f 528 504 4499
f 715 5095 5199
f 616 1705 300
f 1765 1945 542
f 5195 5212 2341
f 2179 667 755
f 617 2405 4181
f 1357 599 4447
f 4300 477 3799
f 5128 1067 494
f 681 4106 4065
f 2182 5197 3907
f 4098 2543 2541
f 1540 711 699
f 2215 5137 1479
f 2215 2214 5137
f 3943 5009 2162
f 2055 1869 4065
f 2971 618 2002
f 1407 4327 3952
f 578 4381 4094
f 789 2204 2441
f 13 4934 2307
f 5181 2171 4118
f 2372 2369 2391
f 5164 5201 1000
f 4330 2279 4985
f 539 552 503
f 685 4013 2019
f 685 2019 2373
f 832 5469 5978
f 4651 4185 4548
f 793 2248 3970
f 4100 5202 3869
f 755 2027 2165
f 495 4240 531
f 1356 506 1379
f 4059 697 3828
f 4278 4109 4237
f 4187 4300 2718
f 4028 6033 826
f 779 4382 5100
f 4003 2431 892
f 5149 5218 2241
f 2305 263 4229
f 2215 799 4141
f 3868 5666 3585
f 3858 2135 1348
f 4012 4004 4212
f 668 1607 1987
f 683 2237 5863
f 790 5274 3900
f 3851 6136 790
f 2204 2371 548
f 13 62 4934
f 2497 2206 979
f 874 3106 673
f 4047 2213 2254
f 3820 1002 898
f 4148 2031 653
f 893 4053 2068
f 583 450 2831
f 4100 5173 5202
f 3929 4083 6116
f 5191 2004 663
f 4258 2368 2105
f 1791 2781 523
f 3912 863 2271
f 2380 4072 816
f 3729 6036 3808
f 3101 4037 815
f 3789 846 3702
f 5213 731 3977
f 2282 5846 2103
f 2235 3343 3345
f 1479 5137 619
f 2155 979 2206
f 825 706 776
f 13 979 2155
f 2210 5101 776
f 2076 2210 3964
f 871 2255 2101
f 877 587 4266
f 612 4108 2261
f 3970 4876 3811
f 2224 3920 753
f 3598 5350 3603
f 2344 4144 4054
f 5381 6021 5982
f 816 2291 4046
f 3729 2127 3735
f 553 2854 3744
f 846 5826 3702
f 665 5213 2246
f 3730 3986 3833
f 932 783 735
f 5693 3778 906
f 2253 5311 4155
f 4155 3923 5107
f 4946 738 881
f 2322 5757 4125
f 62 704 4276
f 3894 2186 4934
f 6069 976 986
f 898 1026 4005
f 5101 3996 2184
f 957 956 4000
f 2311 813 660
f 810 5143 2283
f 4083 787 4016
f 882 3872 2218
f 5217 655 862
f 2148 5491 3600
f 2174 3940 2164
f 5166 6023 899
f 926 5182 5766
f 6038 5260 852
f 974 6024 3857
f 3952 2281 2276
f 5274 3740 969
f 988 3686 1076
f 3745 1008 5781
f 2184 2186 5640
f 5914 3990 5803
f 981 5834 759
f 3802 1046 2172
f 5359 5638 5578
f 4054 4144 3871
f 900 2310 4895
f 826 939 5756
f 5937 1011 5608
f 3993 3390 5279
f 3681 3809 3617
f 4767 3069 4919
f 899 4106 2273
f 64 4826 794
f 3919 973 1012
f 5394 5458 6059
f 937 4008 5801
f 4957 5196 4948
f 3806 5825 1113
f 5101 4251 3996
f 945 5343 4256
f 6056 5800 3424
f 3968 2199 1507
f 1003 6134 2181
f 3644 1125 2682
f 2252 3692 3416
f 5364 3870 929
f 5032 3647 5993
f 2102 2096 1156
f 2096 2102 1155
f 3735 5146 2288
f 2577 1029 1680
f 3817 1159 1394
f 3848 3681 3617
f 3522 3155 3676
f 3466 5719 3919
f 3986 3859 3864
f 5898 3860 3928
f 3815 5732 3731
f 6139 3793 1047
f 2306 5672 5781
f 2222 5453 5820
f 1049 993 3846
f 859 2213 4047
f 5933 5732 5823
f 952 3882 4255
f 3569 3643 1532
f 980 3945 2136
f 957 792 2180
f 4015 6116 3829
f 3711 5937 3774
f 5937 5266 1011
f 3662 5511 3994
f 3732 3786 1673
f 5768 1233 3657
f 3837 3682 2137
f 822 2131 4029
f 857 3856 5539
f 997 989 5370
f 5650 3999 2086
f 740 2277 856
f 5034 906 5270
f 3342 3413 1298
f 5821 3928 3860
f 3676 989 997
f 3951 3898 3166
f 3654 3922 6169
f 5628 6010 1637
f 6012 3709 3503
f 1106 3795 5913
f 2073 3687 1136
f 3620 5615 986
f 955 5897 3914
f 4006 5480 999
f 5554 2183 660
f 956 5468 3680
f 2275 3679 3946
f 5683 6137 3421
f 5372 3705 5582
f 2264 5455 3751
f 6065 3705 5463
f 978 3718 3607
f 759 2245 907
f 1075 5535 5390
f 868 5684 4016
f 6009 726 3672
f 1207 5854 1281
f 991 1062 5779
f 3572 6048 3537
f 4046 5146 816
f 3669 5420 5824
f 5279 3921 972
f 1277 5776 6112
f 3657 1233 3533
f 991 5779 5989
f 847 5810 1096
f 6026 729 3856
f 3860 5682 5393
f 3315 5842 3518
f 5643 5489 5224
f 5752 5551 3826
f 3621 5929 1102
f 5495 6038 991
f 6010 5628 998
f 3928 5265 6141
f 3568 5413 1095
f 3686 1081 3947
f 1136 3687 5933
f 3722 5615 5249
f 5984 5428 1049
f 5160 5343 2256
f 5673 5322 5943
f 1297 1013 5502
f 3605 1022 1122
f 1118 3625 3690
f 6060 1025 5379
f 5287 5831 1141
f 5287 5462 1154
f 3819 5829 3658
f 1054 3561 3389
f 5286 3618 5876
f 5896 3672 726
f 6044 5852 3559
f 5490 1096 5569
f 914 1040 6055
f 2288 1040 914
f 1303 1414 5945
f 954 5662 2137
f 964 6101 5226
f 4989 1006 6101
f 6151 5460 1579
f 3490 3263 3492
f 4002 5308 1044
f 6000 1097 2078
f 6031 2126 5539
f 5643 5345 5442
f 2207 6052 3765
f 3806 2146 5825
f 5912 1093 3510
f 5806 3947 5825
f 3991 959 994
f 3687 3651 5894
f 3844 5322 5860
f 2080 3637 1297
f 949 999 5329
f 5803 2100 3725
f 5276 1109 3713
f 1744 3776 1019
f 5225 1137 3597
f 960 760 1063
f 5778 5522 4018
f 1071 5993 1511
f 6037 3819 2795
f 5264 3831 5478
f 3632 5560 3760
f 3362 1236 2129
f 3748 3632 5884
f 5407 824 4201
f 5670 1161 6117
f 5278 3525 6107
f 3600 5491 3669
f 3789 1394 5254
f 5254 1394 1082
f 3729 3735 5608
f 5865 1030 6146
f 5770 1201 3447
f 3601 3684 5755
f 1238 5229 3332
f 3505 3516 1091
f 1397 3767 5731
f 3675 3881 5975
f 3509 1223 6006
f 6022 6101 5465
f 5786 1020 5408
f 5825 2146 5806
f 996 1074 5434
f 1089 3608 5548
f 5590 1170 1095
f 3547 5376 3570
f 3881 3675 2131
f 5875 6128 3424
f 6128 2265 3688
f 3956 2209 5294
f 1118 3690 3910
f 2107 2222 3305
f 5929 5786 990
f 960 1063 5623
f 2851 5599 3287
f 5588 6017 3764
f 3787 5333 5032
f 1269 3517 3425
f 5876 3618 5887
f 5353 5882 3398
f 3540 5882 5980
f 1234 1296 5331
f 897 6164 6036
f 3699 3742 5826
f 3496 1083 3179
f 5657 3394 2654
f 5363 5602 3638
f 5384 3332 5595
f 3581 3655 1171
f 5548 5833 1089
f 3767 3629 3546
f 2131 822 3881
f 5996 5295 1572
f 5808 3775 1019
f 5383 1397 1744
f 1223 2088 1001
f 971 3806 3365
f 3806 5979 3365
f 5545 5275 3492
f 2193 3625 1132
f 5906 3368 3439
f 1412 5586 6012
f 5808 3776 1579
f 3037 3863 5796
f 5741 1004 1362
f 6000 6131 1097
f 3177 658 5033
f 5379 2252 6060
f 5932 1586 3710
f 3495 5506 3389
f 5562 5955 3619
f 5230 1234 5331
f 5459 5466 3743
f 3791 5619 2225
f 5275 3609 3490
f 927 3652 3761
f 3547 5880 5376
f 5932 5972 1289
f 1149 4018 3942
f 3540 3539 1070
f 3656 5366 5965
f 3638 3332 5384
f 5285 3692 5706
f 6080 3244 3597
f 1072 960 5623
f 3564 1413 3355
f 2247 5887 1103
f 5230 3602 1207
f 5612 2286 3627
f 5524 6093 3475
f 3538 3438 1050
f 5805 3656 5895
f 1203 5240 2134
f 5916 1203 4992
f 3524 3588 5774
f 5713 1185 5885
f 5797 1320 3612
f 3916 5999 5780
f 1511 3529 5223
f 6095 5995 1392
f 5667 5500 5317
f 5891 1038 3591
f 1021 6113 6017
f 1206 5457 6113
f 1178 5970 5928
f 1178 5928 5866
f 3545 1128 5344
f 3262 1192 1265
f 5883 5985 2280
f 3475 5945 1181
f 5907 3689 1256
f 5694 5237 1304
f 164 2499 2721
f 6029 3394 5997
f 5363 5780 3562
f 5904 1146 3527
f 3426 5621 3308
f 5630 3397 3576
f 1391 1309 1086
f 3670 1184 3427
f 3389 3558 1169
f 3355 6008 3564
f 3618 5286 3769
f 5406 769 3531
f 5858 1178 5866
f 2129 1236 1104
f 1235 5724 5942
f 6149 5645 5725
f 1399 1340 3538
f 5850 3458 6162
f 3458 5883 3465
f 1185 3452 5240
f 5526 5375 1166
f 5865 1180 5555
f 6029 3544 5328
f 5819 5233 3031
f 1391 5410 3165
f 1163 3427 1184
f 5735 3670 3576
f 3501 1053 3158
f 1148 5500 3488
f 5272 3741 769
f 1192 3336 1322
f 1178 3626 1128
f 5830 5950 5246
f 1414 1110 1302
f 5985 1050 2280
f 5584 3370 1333
f 1805 5774 1123
f 6091 6146 1030
f 1591 3083 3049
f 3241 5921 1195
f 5513 1747 3586
f 1520 5944 2099
f 3200 5485 3447
f 1320 1216 3562
f 3187 1177 2809
f 3566 5461 2809
f 3199 2108 3282
f 5277 5566 1218
f 3306 6046 5525
f 3307 1253 1053
f 3171 1475 6145
f 5866 5928 3356
f 3627 3626 931
f 1251 5278 3523
f 3504 2157 6117
f 5594 3338 1272
f 6125 5561 1284
f 5517 1272 5237
f 5654 3109 1258
f 3458 3465 6162
f 3317 2079 5864
f 5795 3035 2639
f 1166 5375 2632
f 1127 1403 1458
f 3346 3270 1482
f 3192 5543 1477
f 3118 5812 5289
f 1342 6138 1798
f 2044 1310 5770
f 5422 5923 5681
f 3483 1257 5992
f 5992 6001 3239
f 5461 3566 1402
f 5277 3420 5566
f 3206 1309 5959
f 1276 1210 3397
f 3281 6124 2093
f 6046 3376 5338
f 1392 5667 6095
f 3358 5858 5866
f 5632 3358 5866
f 5454 5947 3502
f 3160 3543 3578
f 5439 5885 3473
f 5925 5567 5352
f 5853 5935 5587
f 6043 1331 5637
f 3417 3319 5870
f 3278 1259 3502
f 3436 5740 5555
f 5744 5730 5252
f 6074 5252 3410
f 1477 5861 3275
f 6045 3428 1286
f 1437 5659 3325
f 1395 2176 1342
f 3237 3110 3302
f 2755 2756 2099
f 3083 2811 3243
f 2920 5251 1257
f 5699 3226 3065
f 6166 5486 6094
f 5987 5686 5571
f 5587 1505 2811
f 3290 5664 3410
f 5404 3311 3310
f 3410 5664 1375
f 1651 1482 3270
f 2953 5532 1582
f 3406 5704 5538
f 5676 5437 5759
f 3586 1245 5513
f 1172 3189 5352
f 1747 5485 5313
f 6063 1424 3073
f 5256 3167 2074
f 3232 2099 5283
f 3242 3307 3361
f 5973 1345 3359
f 1254 1428 5481
f 5610 2132 1265
f 6166 3043 6068
f 3338 1340 5425
f 1643 5371 2167
f 5885 5916 3473
f 1370 5973 1509
f 5853 2955 1317
f 3311 5281 5864
f 1375 3335 3410
f 5532 3406 5538
f 1380 5665 1520
f 1168 5436 3045
f 5421 6129 3218
f 1424 6063 5313
f 5485 5671 1424
f 1271 3318 3154
f 3095 5992 5024
f 1308 6153 5794
f 3149 5514 1288
f 6090 5652 1584
f 1570 3361 5530
f 3216 5120 5723
f 3467 6166 6068
f 5822 6105 1648
f 1718 1562 3163
f 5864 2955 3317
f 1259 3348 1452
f 5362 5957 5708
f 5552 3268 3272
f 2149 1484 1373
f 3182 5498 1547
f 2149 1373 1482
f 5751 1374 3309
f 1483 2236 6020
f 3318 2838 3154
f 5990 1449 3284
f 5717 5290 1541
f 1694 3260 3124
f 1500 3284 1449
f 5284 1151 5959
f 5352 5567 3250
f 1367 1211 1584
f 6078 3191 1481
f 5773 5561 6125
f 3191 6078 3279
f 1467 5701 3007
f 5526 5538 5704
f 5953 5591 5377
f 3329 5596 1273
f 1619 3067 3115
f 3002 3020 1449
f 5451 5729 5312
f 5247 1434 3395
f 5257 5998 5247
f 6050 5493 6132
f 5653 1212 6045
f 5917 5424 5382
f 1439 1533 3098
f 1485 5998 5581
f 5890 2839 2827
f 5476 5401 3215
f 1736 3011 2728
f 3318 3382 3293
f 3006 3094 1613
f 5962 6058 3000
f 3270 3346 3414
f 1431 5242 2868
f 3164 3029 6030
f 6084 3164 6030
f 1535 1736 1693
f 1606 2785 1599
f 3147 2982 3084
f 5387 5258 5775
f 6058 6144 3157
f 1696 1461 6127
f 3103 2785 5888
f 1535 1693 1769
f 3079 5746 1599
f 5948 3076 1810
f 2906 2995 5862
f 3020 5256 1449
