v 0.199845641417099 -0.276910942424993 -0.127405621842767
v 0.180405208519176 -0.312866545899322 0.361259555562963
v 0.152818611731444 -0.00562926327486922 -0.0383503588356295
v 0.150010105572592 -0.0512069358278981 0.363546730232451
v 0.247000342043106 -0.12431947751917 0.143852053185483
v 0.196016064109393 -0.283258895181789 0.133691440025865
v 0.195040197428129 -0.0687659634023156 -0.110206315115065
v 0.165160412346947 -0.120582136527724 0.365890394781961
v 0.167481674238069 -0.050587952869894 0.152237288024698
v 0.104412152176717 -0.343878710781806 -0.00492300082944431
v 0.0872341269695583 -0.180800303909227 -0.210273503086535
v 0.0845965531244697 -0.279293109969939 -0.121759318905517
v 0.0779477126521951 -0.357271259928139 0.252511835142544
v 0.146651489100821 -0.326896326646097 0.13004830761676
v 0.274114951460171 -0.186852632469837 -0.00960231889623559
v 0.202244073152563 -0.285318072021703 -0.00537829093496261
v 0.227382395574848 -0.211733021936309 0.264795375502254
v 0.183205681520983 -0.313469564421279 0.255313988674494
v 0.0909936255878152 -0.208774275131924 0.432314197777109
v 0.0723032287229125 -0.30332266636706 0.373495988512761
v 0.0994230127362785 0.0541851039281741 0.0646920153080433
v 0.102265513140252 0.0571772762909507 -0.0553813143734139
v 0.103166095308478 -0.0411887275476784 -0.191083875131399
v 0.179872279365941 -0.142864130628245 -0.12825472064993
v 0.0887680822051713 0.00798859820783392 0.282568248912588
v 0.0913747788485108 -0.0376565643740867 0.379763697187508
v 0.164916307574556 -0.208550530589246 0.360525318491669
v 0.150975786323933 -0.0483400553043071 0.272391891335562
v 0.222094776974822 -0.120026767783742 0.271761802569329
v 0.248776527529265 -0.111182283384644 0.00530548135507298
v 0.16115909827438 -0.0240151062926548 0.044533714730183
v 0.264243282239855 -0.21413336489411 0.144183976650393
v 0.0975072500420503 0.00820554175486718 0.162894502070821
v 0.101843849700315 0.0828182632609452 -0.115746795920803
v 0.123384542284395 0.0232425311403749 -0.247797291659882
v 0.131620250756029 0.158736807214719 -0.135831965397424
v 0.225806322072951 0.103526651379857 -0.315705693039623
v 0.161115136895684 0.195064891200869 -0.399194676014061
v 0.119597679488108 0.314711412303791 -0.341495959598337
v 0.123249898468933 -0.000175404566766749 -0.361512877876844
v 0.176266278296318 0.0459893606598191 -0.437674399199343
v 0.148536423410587 0.119833758534824 -0.476112537083719
v 0.200229460895152 -0.445455332612777 -0.122582517555493
v 0.17437443159478 -0.45374771067374 0.368433101130671
v 0.102229324266341 -0.463161879992246 -0.0235454738188471
v 0.0990338430277107 -0.452627301818516 -0.119959281265219
v 0.0929469738403889 -0.468545375113409 0.277102088004259
v 0.189538856567253 -0.450287303427997 -0.0168427570090545
v 0.170886761210134 -0.463059545716697 0.273852012852096
v 0.088350312421422 -0.455087724544803 0.367939303187538
v 0.160649960665914 0.269358270552885 -0.307385993327383
v 0.120254228115874 0.292661038071138 -0.182021702238541
v 0.164058713148508 0.227213598078036 -0.1717547984657
v 0.22214618107676 0.291255709454323 -0.282217953902767
v 0.254326724232382 0.330902655597427 -0.237993700890429
v 0.251253005608766 0.295785017744552 -0.190763644970322
v 0.224250087319625 0.254171192553803 -0.220660685529923
v 0.0162406508965115 -0.191332536447273 -0.211220739452425
v 0.0169883584832421 0.199171224454583 -0.425258136276416
v 0.0185263512079343 0.117979022956033 -0.496294588489571
v 0.0170833190793468 -0.0664761494617701 -0.26969985723003
v 0.0169766381098402 -0.0142979395941876 -0.298585508398464
v 0.0139926564763923 -0.0445233971223063 -0.366952854769184
v 0.0183425755910935 0.0431345163003629 -0.451906307905001
v 0.0139750091599495 0.323259918145903 -0.33195402626592
v 0.0126225794040203 0.388210065618425 -0.270864112979115
v 0.0152684568133399 -0.314489855981262 -0.0502395942633563
v 0.0147669785418361 -0.271205936232621 -0.119523913148147
v 0.0142780841778503 0.107808511060146 -0.0205473389747767
v 0.0150790005440687 0.11532286580915 -0.0793444846797284
v 0.0126919954683757 0.181994911956162 -0.0573889863276381
v 0.0142618565274209 0.287307178924357 -0.160977450979268
v 0.014553122149202 0.350335606946848 -0.221089577785371
v 0.0198586981730376 -0.327905979134653 0.280276532513342
v 0.018713930933075 -0.426289765091339 0.124682854240939
v 0.0164427189553912 0.0677609072678384 0.0682597513230043
v 0.0173846821407102 0.0297480768240544 0.158690564258548
v 0.0196058966609008 -0.279319431232058 0.376957115512733
v 0.01797359800954 -0.206792736820565 0.446990570607118
v 0.0182533301944278 0.0382532279547581 0.288123255954475
v 0.0168394702527416 -0.0377365605441339 0.37966080887315
v 0.104533230765588 0.422803684688536 -0.244761966338669
v 0.12306814507589 0.411377678548909 -0.287894324905128
v 0.0952324395510746 0.426184260909366 -0.271889641241186
v 0.136345786717074 0.409132999266823 -0.258742791194682
v 0.0790728876149769 0.372957629054371 -0.231343102165939
v 0.0625003873031013 0.356709701942304 -0.226333219641038
v 0.107428288771986 0.355692816010171 -0.289958568895292
v 0.102878127384979 0.341028832956708 -0.294819886718757
v 0.055396702730985 0.365263763617825 -0.263379229045141
v 0.0697295265688178 0.375113412249389 -0.263547432269877
v 0.13290186441149 0.323052434778158 -0.258978341567749
v 0.122175773110919 0.347406362503187 -0.24106092768863
v 0.117399499038046 0.334893042145109 -0.214341491448876
v 0.166656202159901 0.340403933147765 -0.235518662549124
v 0.0882054839482535 -0.350118197465639 0.0325256829544839
v 0.0846527597682168 -0.364759102043543 0.214157342235007
v 0.115499423789824 -0.361479834022139 0.125797573849772
v 0.0179847819361081 -0.347534216316545 0.021135341432616
v 0.0190783249899077 -0.363640178167247 0.219977367325804
v 0.107146457596303 -0.116202897516127 0.423715361760272
v 0.0758044674539758 -0.10534191775253 0.444217070444297
v 0.0754177531423411 -0.133804991787153 0.452121579430248
v 0.0172011492644641 -0.104957287689143 0.448325255115228
v 0.017283907784395 -0.144951749130677 0.47128091201775
v 0.0460842012568348 -0.137445227632135 0.481605920929819
v 0.0466227551316188 -0.147586109452481 0.476200646452388
v 0.0174590165020669 -0.142563016444748 0.493605460312988
v 0.0173634871106018 -0.158100639706311 0.483489992765594
v -0.170505745005205 -0.280751751327309 -0.123866962084074
v -0.143250305483687 -0.318114545918333 0.359124151008306
v -0.12035963517411 -0.0124450468984593 -0.0403857569483246
v -0.114283767564518 -0.0556788200330711 0.362539576593295
v -0.208248628696044 -0.128693978342578 0.144514110255876
v -0.163392584457723 -0.287665418541506 0.133411415026085
v -0.160495880362686 -0.0755026782909222 -0.111877420129736
v -0.129411282183026 -0.125315560636751 0.364466050338911
v -0.13008908704028 -0.0560977084134823 0.152854128292366
v -0.0690496072857809 -0.347161299132495 -0.00106398041718242
v -0.0549638478618698 -0.18181044320225 -0.212443731229666
v -0.0553531697771703 -0.279202459520359 -0.122153027708682
v -0.0386454273792314 -0.356128503244834 0.252233934420552
v -0.112569192351506 -0.330594579557172 0.13049554523987
v -0.242381870026459 -0.190104771624041 -0.00781140824147161
v -0.165878103034924 -0.290461729183949 -0.00535693524522874
v -0.200093719174398 -0.218429395679087 0.265950280113986
v -0.150592879555452 -0.31737202363834 0.257588728379125
v -0.0551635362028982 -0.212494469837249 0.43087561298034
v -0.0330655188347422 -0.305121464640772 0.371266712096015
v -0.0650064987401553 0.0469718398153497 0.0656656149675222
v -0.0721239719837805 0.0471115132289001 -0.0580054506566751
v -0.0685974673015542 -0.044101187434241 -0.192667223723784
v -0.147557334667759 -0.14813552930981 -0.128684933775136
v -0.0521957465502984 0.00255643075323149 0.282712549139596
v -0.0581739344362399 -0.0370975486394611 0.380953244225678
v -0.130050006827626 -0.213811124764858 0.360079009978846
v -0.114386807674741 -0.0538470394811253 0.271851272109697
v -0.185111409828316 -0.124265216401969 0.270955341000926
v -0.206993304822506 -0.115610057744031 0.00702257354694475
v -0.124912323069351 -0.0300469291839809 0.0445366293044591
v -0.234174713158619 -0.218656564349971 0.142406255468181
v -0.0601076756375778 0.00114036054513696 0.163628827983279
v -0.0719787995063077 0.0761744180892974 -0.118177244185902
v -0.0905185659465563 0.0235854626666267 -0.249195410052716
v -0.102028316818164 0.154833739158124 -0.137899017318406
v -0.194753766377834 0.102842384513054 -0.322427042678491
v -0.12786346236108 0.195031960875106 -0.399540875239718
v -0.0913801234407405 0.314470560590012 -0.341122588036735
v -0.0874518050170914 0.00584300438972794 -0.363166840010492
v -0.137979692226949 0.048708822470906 -0.44114006541312
v -0.112295515675639 0.121928485968239 -0.479147340106271
v -0.163800435461544 -0.453745340684135 -0.126059735781913
v -0.134132907263061 -0.460784374746938 0.365223376113046
v -0.0678624198707065 -0.464582379627314 -0.0251194524466495
v -0.0645309811509299 -0.455725364720805 -0.120491400233144
v -0.0527617058771347 -0.46743608136401 0.273909757159471
v -0.154725601668038 -0.455390477645737 -0.0191400347133228
v -0.129514892541128 -0.463329599580169 0.26959797014173
v -0.0498337150954068 -0.459544372733293 0.366562127129843
v -0.131741808365873 0.266590237838049 -0.307232255742946
v -0.0913780648306696 0.290706719392608 -0.181645227998654
v -0.134407919041888 0.224517781244473 -0.172066584719019
v -0.193130648581752 0.28745354124341 -0.280770884880355
v -0.229635975110191 0.327030941302147 -0.235664803470417
v -0.221168451734726 0.292578392224375 -0.189810748930196
v -0.193720024021421 0.249575577375466 -0.220476803960122
v -0.0778265946551333 0.41816996926092 -0.238615878154466
v -0.0991393302880419 0.411768382431767 -0.2807389482779
v -0.0706055369438924 0.423463741891208 -0.26590679498219
v -0.111442097783799 0.406317078376903 -0.251720149121485
v -0.0499392342816881 0.370634294254257 -0.228570387581689
v -0.03404196147644 0.354572192183936 -0.225883151924161
v -0.07930937840645 0.357107584535656 -0.290375796757822
v -0.0743941333125331 0.341019302009701 -0.294628432875737
v -0.0283638100702837 0.365363900507843 -0.262755706637033
v -0.0417060594179115 0.375006900903528 -0.263437699734836
v -0.103734967409045 0.323242234144167 -0.256847381437129
v -0.0940522866754987 0.347520281169265 -0.238341605866677
v -0.0886564489791716 0.331542895807205 -0.212564168695919
v -0.139632815665848 0.339668518140081 -0.234686617096868
v -0.0500973044671023 -0.353251917364089 0.036117142404837
v -0.0465661684154995 -0.365552097299273 0.212827936381656
v -0.0802481003452374 -0.364449617248333 0.126640089469819
v -0.0719169274233782 -0.119208287324285 0.420792958055398
v -0.0418198310777602 -0.105770566452607 0.443160940498559
v -0.0410528861356118 -0.135252022492581 0.448385732251983
v -0.012056617366622 -0.136890969604461 0.479505474720049
v -0.0131033917377764 -0.147909817466263 0.474229195886421
v 0.169388321937847 -0.306815319198717 0.131779455343949
v 0.137956354120521 -0.32680801943378 0.0647789473312495
v 0.157471346916391 -0.335084638343659 0.025052536553374
v 0.200381289692478 -0.274709829672495 0.0657191522901043
v 0.168029638519975 -0.30475747297801 0.0673730899780827
v 0.189390262477974 -0.291636688160982 0.196490756076552
v 0.138366992288331 -0.356736171184669 0.228781447114867
v 0.124551142068558 -0.34066120767279 0.193166139151688
v 0.154647068184782 -0.320003831894422 0.192096191010829
v 0.147016494888136 -0.277432045561682 -0.161283701845896
v 0.0844563710209566 -0.223946544394606 -0.17547928755871
v 0.130085332198571 -0.156027720662886 -0.173432530310859
v 0.185781966625476 -0.19677992255781 -0.12662486863573
v 0.139349277313562 -0.207966424543623 -0.167344336388999
v 0.18488023403933 -0.106065919922666 -0.124089604876334
v 0.0890405946807315 -0.117902734000834 -0.207017485790982
v 0.149262049162243 -0.0570544759071464 -0.149126660842919
v 0.134223558281843 -0.108877417950078 -0.167903918166653
v 0.170571504247902 -0.253069986094472 0.359154624516018
v 0.127506158325551 -0.205540822552041 0.398562055769349
v 0.0863174529916107 -0.250430197508036 0.417638919883806
v 0.132868740698784 -0.310219728698535 0.394293952293664
v 0.131877411318444 -0.250361546802448 0.394567093860076
v 0.230495710399883 -0.156237910137748 -0.0736714535454086
v 0.243260351865682 -0.226269408192655 -0.0094627539954488
v 0.241687053040645 -0.280379745551548 -0.0741194048201455
v 0.228375062391339 -0.206997607917871 -0.0758613721726149
v 0.27085337982993 -0.201624500083337 0.0699239133709896
v 0.226127191920802 -0.251957203489271 0.137720036634008
v 0.234004105473096 -0.240254595047442 0.0671959163334931
v 0.278485166376415 -0.166618148377421 0.145897822766072
v 0.277393856097542 -0.146902762191065 -0.00769123850023075
v 0.254632135191443 -0.122766822098086 0.0747088063972269
v 0.293154370916098 -0.161414943409875 0.0717062157858417
v 0.2250890516865 -0.0903304985931469 -0.0567628262049623
v 0.237105556702649 -0.119598581573412 -0.0722764556190524
v 0.21320106058537 -0.313405981241438 0.315329071371991
v 0.22280613457449 -0.260471417418091 0.262991798878543
v 0.199877122420027 -0.210542608161746 0.317342436131215
v 0.202195055057066 -0.255771775364212 0.316747335399884
v 0.163427769393894 -0.16322599181766 0.363407613185335
v 0.241552145933949 -0.165013820112752 0.271775676519111
v 0.202010690773689 -0.118177872863889 0.325792195048517
v 0.20303697553725 -0.164466524438803 0.320669893370722
v 0.233168472535179 -0.123075803460597 0.209356400765924
v 0.253228216709098 -0.217417267666269 0.209295531249032
v 0.25845909473767 -0.16502286566394 0.210266326800922
v 0.223310150604263 -0.2585652648052 0.20278496723886
v 0.130905951347055 0.0213094469827071 -0.0445866053133968
v 0.0956678130393301 0.0618290475971573 0.0113629871589059
v 0.125649050105199 0.0172392180688807 0.0554668192602851
v 0.15457853401876 -0.0106742268659349 -0.00142109183757803
v 0.123140800333673 0.0274664886730471 0.00747850412767241
v 0.167777504157362 -0.0395504519128982 0.0958295202457042
v 0.101325420304259 0.0310622394307716 0.112977454943546
v 0.131705717319167 -0.0183708542138996 0.158379929417046
v 0.13164564057743 -0.00185884702324785 0.10476056370453
v 0.148628536234331 -0.0479710200920486 0.325898279552703
v 0.118990343856658 -0.0185370607482547 0.277195902541631
v 0.0935224697014626 -0.0014264193824892 0.339385320542363
v 0.128890690317539 -0.0379304624026247 0.380407548742934
v 0.121799251781508 -0.0213694225636377 0.332968429993435
v 0.0901955400321002 0.00607711923725919 0.221495078453888
v 0.15924614558109 -0.0514505158348466 0.212741713206362
v 0.124377560806121 -0.0208740403652443 0.217504759183844
v 0.205277676077795 -0.069598998834548 0.0258027924535263
v 0.206394374194631 -0.0867689203404179 0.146363235661056
v 0.210555020487606 -0.0814047478232508 0.0843322418258077
v 0.186660830127029 -0.0832227557220348 0.270448276557619
v 0.159542610010165 -0.0799662348205546 0.369154432873891
v 0.179256666386316 -0.0793843452222179 0.325630578486823
v 0.133021212136479 0.0177381623674593 -0.131911004612172
v 0.176640805372587 -0.0322698451275784 -0.0723984806511981
v 0.156842894963137 -0.00584519283495517 -0.106575910655522
v 0.196327227319056 -0.0863763422740687 0.209610200229388
v 0.192347083986735 -0.0527823978639772 -0.0271573358471884
v 0.0988292639917378 0.00140422130596948 -0.208633808544112
v 0.138425316355482 0.0520553445544658 -0.170096279074312
v 0.0944596383806995 0.0677296377731094 -0.0971614151272923
v 0.120341611653405 0.034218209871058 -0.151420724121974
v 0.177788936900631 0.0653928479149016 -0.281426426293472
v 0.197320809279348 0.133016603345645 -0.215340588156695
v 0.117821704971542 0.116084749380339 -0.125948383558918
v 0.169559717990936 0.0849463862902188 -0.192132453042276
v 0.127181260068577 0.0113176644803327 -0.32068568877196
v 0.15168715462162 0.0190007439228514 -0.396587478392454
v 0.212485895940449 0.0750525575459063 -0.395457876814819
v 0.172579488119262 0.045438408318473 -0.352793028547023
v 0.167394320747572 0.0865454683131747 -0.463973510803109
v 0.162268887658128 0.147804889692834 -0.4519100745997
v 0.205251992330531 0.145055227760798 -0.35698850817691
v 0.200033591475286 0.114142295477088 -0.425938964454029
v 0.201394153271492 -0.458047602138529 -0.0676063308881166
v 0.144537670018313 -0.471053854040954 -0.00828692837580108
v 0.0905632050892788 -0.472825329243089 -0.0733735177601967
v 0.150457334566439 -0.462237977290237 -0.133184495364546
v 0.146797065475148 -0.50008515458557 -0.0703212107757457
v 0.129305632726103 -0.463971313731669 0.377739392308962
v 0.0852159288481045 -0.469729148455285 0.323879579683775
v 0.131499541849625 -0.479311606286254 0.265302305941377
v 0.177284299674774 -0.468995231007065 0.321070840110544
v 0.12938998171468 -0.500604432319872 0.32490388881343
v 0.186608514593385 -0.395254863277277 0.369589194601824
v 0.179043161288481 -0.404081487813675 0.26496777891401
v 0.21454533142804 -0.402777782825188 0.316773066008952
v 0.0434929815338264 -0.346468222752534 0.3204828814159
v 0.0856951706249965 -0.420025304848249 0.269264264751153
v 0.081385841180994 -0.395957330800082 0.37189578526452
v 0.0545184375578641 -0.414671374909207 0.321867917597125
v 0.134647767785818 -0.421425369626555 0.240631911720126
v 0.132798347903423 -0.396509697625126 0.407550151393919
v 0.196256276320329 -0.384254428148794 -0.0128200383555633
v 0.211795720641377 -0.377172661002215 -0.130180557496341
v 0.24096455530283 -0.382298147614852 -0.0697896982766938
v 0.0911901626788013 -0.383579798890338 -0.121385028521375
v 0.151657505824987 -0.383264429136968 -0.162177129138657
v 0.101134650976177 -0.409209362712823 -0.0173789931434878
v 0.149177365840886 -0.406271107895959 0.0155089538121504
v 0.0621891766759605 -0.325833699128698 -0.0670568789922656
v 0.0616252309887011 -0.403876203414104 -0.0685480318920435
v 0.166383315152945 0.227647872141574 -0.335884847824116
v 0.176172344984019 0.229111859560214 -0.242154151719945
v 0.14442276787343 0.203247439809732 -0.151872301124821
v 0.18587804724792 0.184312112737319 -0.254307493059108
v 0.140582891311453 0.256061581707421 -0.15041271119905
v 0.19661665016024 0.235026023315893 -0.203777761306626
v 0.250095747388328 0.269286562601289 -0.196478052373106
v 0.199662286544696 0.294645057865584 -0.181579477126419
v 0.198220847134096 0.257277007317379 -0.178090537612095
v 0.190470277566609 0.285466454252971 -0.294667544380762
v 0.228377182340925 0.262068595706532 -0.264338835056985
v 0.193736255713137 0.24795844285192 -0.257014172847478
v 0.2468941845526 0.319030013500511 -0.265285727867285
v 0.26710931800983 0.320260429077005 -0.208042914223938
v 0.268216676430668 0.294911226775716 -0.23295224357567
v 0.0144555198508837 0.0933459957210759 0.024330274791687
v 0.0623912115862156 0.0684684718237339 0.0681944653957652
v 0.0610270959519463 0.0996850536123006 -0.0290740576778789
v 0.063231393045803 0.0939762458396941 0.0223875203206597
v 0.0176471878174825 0.0492613497334879 0.22374232045058
v 0.0578896408796857 0.0342229721950874 0.287664723992189
v 0.0595590789697178 0.0248705420499109 0.161454778813164
v 0.0546055769351406 0.0320131906957242 0.222518185412272
v 0.0174149799965439 0.000778724168451484 0.337461201393932
v 0.0540538728449036 -0.0376228945410157 0.379357592670815
v 0.0565487194424743 0.00132587024707425 0.337947236899523
v 0.0150598316333735 -0.297064283198652 -0.0833355346104164
v 0.0454320772862462 -0.269142568795131 -0.119550178762262
v 0.0537220295352127 -0.32240601977343 -0.0386156070467709
v 0.0452396904689419 -0.30099627030983 -0.0764890877406453
v 0.019794964399694 -0.310129798953934 0.328425733833569
v 0.0419747037922489 -0.332783850496346 0.27399164742805
v 0.0412498395724734 -0.281548599683628 0.375510282044188
v 0.0340414600990907 -0.314930947824484 0.324481233107385
v 0.0175503062594263 0.0443911566553225 0.1124637349109
v 0.061998862258151 0.043217011016253 0.113527491610315
v 0.0153371215574261 0.104526516249034 -0.0626988451819895
v 0.0627293084042505 0.105096442036482 -0.0826947795467828
v 0.0620101755129534 0.098795270392789 -0.0680582798040082
v 0.0145358165859245 0.138707990892489 -0.0662707512499415
v 0.0800789230549909 0.181175664276708 -0.0813061167039215
v 0.0717756665825624 0.134177309402697 -0.0802438244273368
v 0.0152594359763298 0.26406173650674 -0.376819407141497
v 0.0718132594697092 0.320059065684974 -0.334560856889769
v 0.136703671163763 0.266227612589499 -0.374909083276038
v 0.0941512256801832 0.201263220007289 -0.422411260636263
v 0.0839558066097731 0.264775720572149 -0.37791950754728
v 0.0180128829438371 0.152471838937095 -0.466056282043894
v 0.100364486780371 0.120417544958614 -0.496253076697146
v 0.0979515154577448 0.154308281714182 -0.463369020555175
v 0.0189882332111043 -0.244146942160804 0.41550619688707
v 0.0542422813899317 -0.208594610112753 0.446961816778416
v 0.0477165140216388 -0.245312016599081 0.415708531333357
v 0.0150346573359293 -0.235841641871434 -0.162447777461134
v 0.048571005931223 -0.190442926082118 -0.214343128822233
v 0.044196278251575 -0.232243841302714 -0.166484422357473
v 0.0180571220468557 -0.130667179978501 -0.253621689220649
v 0.0567761362542631 -0.060294505326622 -0.241693235606807
v 0.0525805499875056 -0.12666891082185 -0.237530905654785
v 0.0167496491593811 -0.0284383487108689 -0.279111806127704
v 0.0716430879262535 -0.0089236544181684 -0.281290125419971
v 0.0623999000789952 -0.022880666914155 -0.254106840204848
v 0.0164176383082535 -0.0295916123297142 -0.327619808367001
v 0.0863206772327671 -0.0333577878510809 -0.364568870144767
v 0.0784383261804139 -0.0221140242257028 -0.319942582894966
v 0.0170169422572801 -0.00197121665854287 -0.40987723924961
v 0.105472311063004 0.0429189141086484 -0.449416604910538
v 0.0960828440683762 0.00191719885891459 -0.41004402218926
v 0.0187156752131807 0.0817762180169184 -0.494458815061417
v 0.106427520407976 0.0801826227418828 -0.487023357527167
v 0.061474225424417 0.289164684704604 -0.170020254567537
v 0.0135960062620729 0.232869364722255 -0.11199379599618
v 0.0862123287193441 0.236310678534681 -0.118248508168067
v 0.142109095013836 0.296447623084017 -0.333121090063295
v 0.151897621949522 0.265577574926619 -0.355118071698093
v 0.136777374361455 0.414606548423149 -0.276268696514252
v 0.110469908344271 0.423351525235055 -0.283122519909352
v 0.0991943452105119 0.431275073450005 -0.256212086571374
v 0.124921038928898 0.421874125105645 -0.24754991095061
v 0.121719673484186 0.433791549069667 -0.266110046579574
v 0.120474866865606 0.329363039587535 -0.280862708761684
v 0.10298403640699 0.34282840178327 -0.288334282244764
v 0.122015388888465 0.350269767702406 -0.272044893724243
v 0.125850384191035 0.334216432561023 -0.247516423757773
v 0.117053053896327 0.336881953835649 -0.271989836493124
v 0.102674909232775 0.363210053775385 -0.226910960444741
v 0.0719774633291854 0.360281885249783 -0.229064825721351
v 0.0841266975098002 0.342098480414552 -0.214182832146007
v 0.117137354070434 0.339184667446546 -0.223784631321651
v 0.0954326845646408 0.349270075698629 -0.220831894868547
v 0.0771026838952106 0.353497368282061 -0.284139227603518
v 0.062213402853112 0.36442824100382 -0.26078552131296
v 0.0889229456251011 0.364019543342642 -0.280033396498507
v 0.0823205131385382 0.351821473664418 -0.277508500395868
v 0.0519336251755113 0.369276029463936 -0.242939505392952
v 0.066867077804594 0.379207473754734 -0.245049524110891
v 0.0589582104561723 0.368521992774211 -0.24376834366187
v 0.148340582296494 0.332883386261741 -0.221168743107306
v 0.148112058307236 0.328210859571299 -0.246152383371964
v 0.12991823539821 0.335173982377308 -0.231647521576936
v 0.212106055258378 0.342803554411054 -0.239627815865777
v 0.150763768873218 0.304350342813548 -0.285085371724966
v 0.190616096608877 0.318953035091325 -0.270202541706216
v 0.117419529310203 0.321712547209739 -0.204851082033009
v 0.197142592788812 0.324339306523414 -0.211802145486268
v 0.0421652197141112 0.352849123028149 -0.223505985119151
v 0.0145474248138969 0.323018202387106 -0.196264402094838
v 0.0584656599168004 0.327977537198082 -0.203116702816264
v 0.0428206088380741 0.378305385175313 -0.26982183058038
v 0.107377689112839 0.337681526171314 -0.312312450999531
v 0.0133674800222346 0.361125229836394 -0.30021093688675
v 0.0649301538773727 0.356768059592863 -0.301170896740469
v 0.014568485420894 0.375947223814972 -0.243397978509202
v 0.0377860633510017 0.375926494951633 -0.242373422100525
v 0.129433408109723 0.316811546596403 -0.303229325825466
v 0.117028368725163 0.386758409935505 -0.293720610442215
v 0.133269262833028 0.382113034506601 -0.251511504154771
v 0.133831952250466 0.38157456309759 -0.274586114612054
v 0.0826179808094847 0.4030186686101 -0.269227472903949
v 0.0992821268544172 0.394926123191528 -0.287058685160405
v 0.0910529544534891 0.403308790355601 -0.234490523382526
v 0.0805950537335562 0.406928229343259 -0.24882969114556
v 0.11460378112638 0.393855524354176 -0.234930753553712
v 0.0827327589348613 -0.354624311069352 0.227747261778109
v 0.103838622477927 -0.366443439006977 0.180600733491999
v 0.134069100085625 -0.341913787181131 0.128144975157516
v 0.114954882872074 -0.351957792685402 0.186682464742028
v 0.0195584837823703 -0.343704301774429 0.249284677597037
v 0.0568451791147005 -0.36328238706953 0.218725548062682
v 0.0487989407850033 -0.345647748409074 0.243734958920796
v 0.0941666778771977 -0.338534584692899 0.016552693144802
v 0.0573687568998028 -0.346563802647575 0.0239447671292978
v 0.0159261755396586 -0.326969084125146 -0.0173602044245266
v 0.0554620606620714 -0.324674807161822 -0.00897515638895962
v 0.108273741263091 -0.362047320660236 0.0676785773074383
v 0.123309897319953 -0.342120616349484 0.0672629969448677
v 0.0187018109710772 -0.398071884767182 0.178361604563376
v 0.0790361194395602 -0.3998660643697 0.123674348557517
v 0.0725844375259074 -0.391743312529593 0.18187890322247
v 0.0187181078442292 -0.384955164972778 0.0709341234889023
v 0.0699163625012858 -0.377838432459865 0.0687595826975587
v 0.0990660338216019 -0.103041525278442 0.434037221624665
v 0.0776488067723307 -0.119133737503808 0.452191589923295
v 0.0967698177415491 -0.127618978828748 0.43317545675171
v 0.0895763718606533 -0.114874479184981 0.443042605089103
v 0.0861540917335949 -0.165586623755695 0.440601764181196
v 0.127974845441712 -0.118677495181204 0.401668641812229
v 0.120291755908909 -0.155769018571712 0.407423815892419
v 0.0875722599535793 -0.0731266588249942 0.413899496277504
v 0.123265846005119 -0.0806333288985657 0.406662467599986
v 0.0468871547170447 -0.104264414079027 0.44693363380149
v 0.0169558174952174 -0.0734201718425646 0.415977317767735
v 0.0514908333166681 -0.0731590988145668 0.414893635622277
v 0.0492627856216093 -0.14411997381856 0.469173614623733
v 0.0168731244836643 -0.17050842716134 0.471852885028838
v 0.0542709128509754 -0.169721648311058 0.467159496850714
v 0.0570140100723004 -0.125115890458335 0.469407135010531
v 0.0471162476325481 -0.144571064167461 0.47979301166748
v 0.0577107132850839 -0.140400096812773 0.467242822279252
v 0.0616516076993036 -0.13124916915959 0.46583823178583
v 0.0169927400008582 -0.128504938572084 0.47545264904445
v 0.0326428366066771 -0.141229268561701 0.489959503794772
v 0.0395814544020719 -0.126644238314724 0.473855903436809
v 0.0344289550699413 -0.154907883220729 0.481097903064276
v 0.0171146772059153 -0.147723848830298 0.476834727212111
v 0.041705772510959 -0.147630713779187 0.473659421538045
v 0.0182468336329816 -0.153733476240698 0.491093476449512
v 0.0322372821005975 -0.153213118484055 0.49048722403498
v -0.166824683469933 -0.280018600209279 0.0655280156776937
v -0.121660691448745 -0.341636326722348 0.0263043572012023
v -0.102517379565216 -0.332954183860897 0.065589009492213
v -0.135981646130513 -0.310886476124625 0.131878960134923
v -0.133332910137895 -0.310394588967952 0.0676971106936591
v -0.0907344860270532 -0.343171451422286 0.193337750144972
v -0.102150050364276 -0.356939477258267 0.229370061100092
v -0.157696583972426 -0.295674071331594 0.196462301046951
v -0.121838589480834 -0.322982614021714 0.19242475533208
v -0.15608278068117 -0.200979797289335 -0.126480620422166
v -0.0977591085218115 -0.159189477808853 -0.175053895098082
v -0.0542322907467302 -0.224371162578927 -0.177955158240557
v -0.117316162980088 -0.280322196932012 -0.160124801038462
v -0.108628278166349 -0.210142235672469 -0.169291711027484
v -0.113514765825866 -0.0630821716775731 -0.150002009767391
v -0.0557091019450867 -0.120178728945152 -0.209605802879898
v -0.14990912092131 -0.112682913678702 -0.124282942273974
v -0.100293759900309 -0.113178230345357 -0.169363718447112
v -0.0948284011257123 -0.3137801435862 0.392018847988691
v -0.0468601545419818 -0.25091528857189 0.410634481043698
v -0.0928059528982514 -0.211185724591629 0.399494935928918
v -0.13601267671161 -0.258144062163886 0.358008950556206
v -0.0969100951628368 -0.255535454192621 0.395242599838899
v -0.209122014676255 -0.286772282600071 -0.0721603553225579
v -0.209258761275782 -0.229841054283001 -0.00849049836424625
v -0.201006084443134 -0.160092753220678 -0.0739218330281452
v -0.203754196831102 -0.21161602292105 -0.0762782908776863
v -0.194510554576415 -0.256573762195079 0.137014600473302
v -0.243421045815644 -0.208082988475786 0.0700242507280063
v -0.202379079874066 -0.245636266538812 0.0667773442959359
v -0.212244826229118 -0.126293572972641 0.0750823330193717
v -0.237815176903854 -0.148656804486531 -0.00495122493997517
v -0.241598223630249 -0.168355662933067 0.145661468838984
v -0.249695919485105 -0.163756683196012 0.0703860741243802
v -0.189769790993778 -0.095292016390489 -0.0574540702482656
v -0.203718555958395 -0.124325910692897 -0.072558195315254
v -0.165845698797328 -0.215070315055268 0.316510104248313
v -0.190305635589236 -0.2641222735852 0.264760836229109
v -0.180850795997128 -0.320530415160097 0.31531088696378
v -0.170239742116754 -0.259958800657635 0.316081819368003
v -0.16561209156255 -0.122805359008637 0.324781248995907
v -0.202626630138688 -0.167747765865253 0.269990567815188
v -0.127948793723291 -0.16828066537568 0.362465735298418
v -0.166782071004419 -0.168888111621621 0.319660148217625
v -0.225723782159716 -0.223492097174203 0.209290404037556
v -0.197443195564358 -0.128111391417469 0.209492355806395
v -0.226553451900172 -0.170349685493011 0.21081960148337
v -0.191553147271602 -0.262855109642281 0.202178674188385
v -0.120366363427 -0.017464152535909 -0.00250560571257209
v -0.090534661976671 0.0101676916690385 0.055848774282143
v -0.063087293520382 0.0502513457427724 0.0107444932851096
v -0.0998101265120111 0.0133487479452035 -0.0470669157596366
v -0.0899709137129382 0.0187284945999465 0.00668306456343167
v -0.0945885484879573 -0.0244586268766969 0.159049302196454
v -0.0650921931186744 0.024575680455228 0.113955336221754
v -0.130308866412926 -0.0450516722374588 0.0964323204937976
v -0.0950673667568681 -0.00807652617494331 0.105486395385638
v -0.0935658186463295 -0.0412213101131711 0.379758156993541
v -0.0585881074620953 -0.00427632174225325 0.339060492886658
v -0.0823360851403113 -0.0243833969387333 0.276726187486566
v -0.112095756784552 -0.053592678595209 0.324810142523914
v -0.0848573403309829 -0.0281524595105666 0.331115273142785
v -0.122375138748949 -0.0569869471375854 0.212852141700899
v -0.0536436162154996 -7.72511837710648e-05 0.222374257901039
v -0.0875581152507392 -0.0267336509637087 0.21782373437571
v -0.168404955969852 -0.091752901116163 0.147070893832781
v -0.166904655137384 -0.0743946329116576 0.0259087522896878
v -0.171155371760819 -0.0859069494625087 0.0849938238572767
v -0.12368284292454 -0.0845154335148877 0.367589664670151
v -0.149984249384707 -0.0882177017905534 0.269855582541104
v -0.142978087477429 -0.0842843731792475 0.324615457590022
v -0.144291689242902 -0.0379471800109165 -0.0750938532642076
v -0.100520090152797 0.01222731784985 -0.133425271310858
v -0.125281716146705 -0.0117097766383068 -0.109461414268423
v -0.159620064955758 -0.0915772961259978 0.209639633515749
v -0.157100231323014 -0.0581979105472281 -0.0285024036802104
v -0.0647041153977974 0.0598112366649617 -0.0996464906965131
v -0.107220748772751 0.0481188321083252 -0.172397214639518
v -0.0650843234248211 -7.20051163175345e-05 -0.210239878343305
v -0.0885694633505555 0.0298369218489834 -0.152942666948481
v -0.087921391571233 0.110888040935482 -0.128473948095509
v -0.168757426898744 0.130631914136975 -0.217040721290765
v -0.145843466633435 0.0667507330646406 -0.283718520130931
v -0.139472054247029 0.0822916752840325 -0.193991623235926
v -0.170831834150244 0.0758865434164327 -0.399807746155714
v -0.114335759440641 0.0226948922114876 -0.399206978364639
v -0.0925852053689663 0.0155890122688713 -0.321729088795985
v -0.135669259414063 0.0486326753237451 -0.355719744642318
v -0.17650050952793 0.146112384226979 -0.361446596210515
v -0.125553796234908 0.151094473734958 -0.454554953347674
v -0.130256429442103 0.089396914845957 -0.467419480572343
v -0.163153699932021 0.117554637239679 -0.430818726078111
v -0.114365991992856 -0.470709687560638 -0.135344139264609
v -0.0577151223992648 -0.469866887475223 -0.0737238412337377
v -0.110202460070327 -0.473692531768025 -0.0105618791210978
v -0.166031488720439 -0.465450051323884 -0.0704718646390493
v -0.109811429932885 -0.503754328145212 -0.070111736845636
v -0.135428983563679 -0.472818718682753 0.316116990842659
v -0.090860092637246 -0.478458023417726 0.260995650996583
v -0.0460930859871553 -0.471169180653856 0.321299843736988
v -0.0915942100421743 -0.473106814772841 0.375720355920719
v -0.0872947273060848 -0.504516260838008 0.318158757742175
v -0.138148494223899 -0.405254302646268 0.265123571708123
v -0.145996037384062 -0.401525187521779 0.368272519602259
v -0.173683406792712 -0.408616717806316 0.315864446219004
v -0.0425968508239047 -0.399712022097184 0.370858704102167
v -0.0455309156501093 -0.419234845180083 0.267788753589622
v -0.00407092404087362 -0.347391610794639 0.319806221265125
v -0.015224192480809 -0.416096678868195 0.32059950814341
v -0.0937520983666097 -0.420158581659401 0.23963793477145
v -0.0935264952890586 -0.401780405621281 0.406007686116438
v -0.175747058645925 -0.384369564783052 -0.131144221417917
v -0.160368402867111 -0.390218378684741 -0.0137571029302442
v -0.203807692639392 -0.389856865289163 -0.0707589160294985
v -0.0592452743341338 -0.38537637606125 -0.119640049585853
v -0.116225941788954 -0.386651698715314 -0.161358038506304
v -0.0673259964048861 -0.411303048719525 -0.0180909283267449
v -0.114625145889576 -0.411338675331542 0.0143997507511213
v -0.0317043069560812 -0.323791992321138 -0.0658671194619948
v -0.029050475005732 -0.402750103295517 -0.068052905135414
v -0.114978181891373 0.200222963253099 -0.152906409180283
v -0.146844435663101 0.225546716150495 -0.24266937697335
v -0.136501167091847 0.225743452405719 -0.336280862411423
v -0.158024062309627 0.181306688699586 -0.2557408636978
v -0.170548272828575 0.293310116224057 -0.181032556502284
v -0.217890096972216 0.265760974786066 -0.195114221398304
v -0.165840182915409 0.23346260935282 -0.202872022905463
v -0.111099938878296 0.253821782296504 -0.15058388946049
v -0.168173735536817 0.255000188043707 -0.177229656048401
v -0.197975008239333 0.258870968445231 -0.263175543100153
v -0.161309268600585 0.282553167653967 -0.293493488354545
v -0.162426389484888 0.24723086513576 -0.255184315109363
v -0.245177993652474 0.312578395195693 -0.206657026962545
v -0.21958146448096 0.313908032561012 -0.263540366891732
v -0.236346987813022 0.288939497744193 -0.23218062182786
v -0.0304229076022298 0.0807192043567845 -0.0301459354354555
v -0.0290078918642504 0.0641263159326495 0.0694065968079837
v -0.0321824672148444 0.083872895845549 0.0226400080929593
v -0.0229193158584381 0.0197074732295155 0.162567589110929
v -0.0216317911029189 0.0306045264795627 0.288634254796306
v -0.0187557205897962 0.024753584615467 0.224572131119708
v -0.0205883370024062 -0.0373113418242284 0.379958294221265
v -0.0221007447883618 0.00117165509402604 0.338806514626234
v -0.0230357190598044 -0.318095008920004 -0.0372899563838203
v -0.0160100669722317 -0.268888626592152 -0.119900754058719
v -0.0150693834424767 -0.299916826506137 -0.0762905290956287
v -0.00197377346119823 -0.282271691340835 0.374308111512053
v -0.00232567643725491 -0.332680927644327 0.273831738386616
v 0.00553363921014398 -0.315499409789098 0.324057459657417
v -0.0262497240643395 0.0382465229625817 0.114159510609203
v -0.0315609887414073 0.0985017948972426 -0.0868628068244801
v -0.0307119502526574 0.0887575470950769 -0.0676075575206386
v -0.0505827906881294 0.17647158412875 -0.085918048276388
v -0.0415697695679086 0.128620108686942 -0.0845222685966889
v -0.0600078636941307 0.201102990495268 -0.422293868572813
v -0.1063028959383 0.265461590578043 -0.375016982963238
v -0.0440455866055548 0.320908465998453 -0.334963731448207
v -0.0534367153894203 0.264758465076531 -0.377943284368669
v -0.0633643703826052 0.121211583641203 -0.497537155862235
v -0.0616142010531538 0.154145387698072 -0.463645480554367
v -0.0188697822977785 -0.21084509958794 0.445874157352333
v -0.00955160183575788 -0.246176735337894 0.413658866260216
v -0.0161242774012282 -0.190649357449619 -0.215401953702952
v -0.0140616189365172 -0.2323400160562 -0.167394939864823
v -0.0232050860401966 -0.0613300569113047 -0.243494222667356
v -0.0198553035489001 -0.128533991253918 -0.242389267605133
v -0.0379514180366401 -0.00750455362024631 -0.281464623345775
v -0.0288889952316611 -0.0227588194293966 -0.254880468543327
v -0.0509041421855433 -0.0220817942672 -0.365941057763612
v -0.0447645659474165 -0.0183756773673368 -0.318521190427823
v -0.0684591628940163 0.0456807529798045 -0.451589030622395
v -0.0600402986749838 0.00654078832894515 -0.412085762837108
v -0.0692149716597648 0.0819219290418989 -0.488876761390878
v -0.0325180915502692 0.287509266983965 -0.170332073063382
v -0.0574104261819438 0.234330840532418 -0.118831120960173
v -0.113018049944587 0.294787565571684 -0.332273332039003
v -0.121871481654927 0.264184676377584 -0.355063235277478
v -0.0977976217902656 0.417311996077722 -0.240904318564504
v -0.0732316867928362 0.426730805996409 -0.249445151552553
v -0.0862257145628506 0.423730632859268 -0.276061044945493
v -0.111099675731354 0.4132631876011 -0.26780221640462
v -0.0954970459906893 0.432489399285641 -0.257694779853216
v -0.0962581709129557 0.334282963034209 -0.245261255557199
v -0.0923175881532361 0.350856948546918 -0.269303870075315
v -0.074149070506341 0.343048918855597 -0.288229921451993
v -0.0913627520636691 0.328911902691666 -0.279049646823077
v -0.087796481147709 0.3370985391648 -0.270165059380994
v -0.0892108821661939 0.33940487558185 -0.221696466170113
v -0.0552613492752873 0.339831730433074 -0.213195408923055
v -0.0437629490888308 0.357383172776179 -0.228932324454532
v -0.0731865616954576 0.360782172055801 -0.225039736207345
v -0.0665699546303663 0.346817328369074 -0.21949237856827
v -0.0605999596217178 0.365415089715161 -0.281527934698636
v -0.0348710456145694 0.364359467903303 -0.260641680909895
v -0.049519757577465 0.354542630350089 -0.284895651422285
v -0.054536783998237 0.352631692484085 -0.278457730651564
v -0.0387382940849425 0.377323111112904 -0.243523024329228
v -0.0248515979237063 0.368792232747731 -0.241413593105043
v -0.0311759672234046 0.36613356697471 -0.242555801118651
v -0.118966363233518 0.330500287386949 -0.244475731433871
v -0.120198916997442 0.330840179025136 -0.220711537642864
v -0.100906157799031 0.335186503336511 -0.229510411553444
v -0.121888133361705 0.302276173470635 -0.283020231701133
v -0.186317033802135 0.33967974053424 -0.239537011637152
v -0.162609619251669 0.314227441013583 -0.268370739070132
v -0.0888065319540853 0.319245952713104 -0.203722327167058
v -0.170151911698628 0.324260623025526 -0.211021475088603
v -0.0132749178655084 0.351148717311239 -0.223574985710131
v -0.0294695481216985 0.326478861426145 -0.202716968094186
v -0.0790330321452161 0.336387477948458 -0.311360848046695
v -0.0156388970038964 0.377591163913566 -0.268411755505051
v -0.0375522182775006 0.357456556623455 -0.301448978858548
v -0.00907847933339631 0.373504241018437 -0.241955501654047
v -0.100356235390807 0.314712546101644 -0.301247190465748
v -0.105772216020275 0.380542954148909 -0.246942216669982
v -0.0915292322174437 0.387612362989412 -0.288850500296487
v -0.107246599539507 0.380257460623515 -0.271180062346212
v -0.0553883674626684 0.402727508011441 -0.266196674901194
v -0.0710993027551173 0.396565434751889 -0.285670939723662
v -0.0635979232596642 0.399844058728901 -0.230225640450397
v -0.0538212316402046 0.404007259633221 -0.244720157022681
v -0.086940455346962 0.390679589032522 -0.230200953074988
v -0.0995042839166764 -0.345335455179195 0.128792760605438
v -0.0683574337002544 -0.368713939293759 0.180537468269108
v -0.0432067484564636 -0.354418448141708 0.22630770972034
v -0.080563906956197 -0.354828688643782 0.186957723178776
v -0.0185692998201684 -0.363374600938493 0.218093604053156
v -0.00979565646892253 -0.345265188962209 0.24353307714803
v -0.02080217939643 -0.349048417096271 0.0257844668225542
v -0.0566555230421223 -0.343446791917481 0.0204924137920232
v -0.0222060030554265 -0.329531577047614 -0.00715654671166835
v -0.0718403060107068 -0.366305467206313 0.0692953073816739
v -0.0872283616579297 -0.346815276089267 0.0683242698910885
v -0.0424082486559285 -0.401791270794 0.124679529211977
v -0.0356098431823022 -0.392912739792138 0.181504413860233
v -0.0327225945228767 -0.380341262494565 0.0702996856787829
v -0.061885801837657 -0.130170784655742 0.430078671308866
v -0.042749848397497 -0.120613833612673 0.448623606340481
v -0.0641278836845474 -0.105269988761958 0.431440297640079
v -0.0547435736431178 -0.116871396803326 0.439977699869242
v -0.0926034411229 -0.122736060936774 0.399273311195895
v -0.0511313910405333 -0.168077353801541 0.436580834456309
v -0.0852333360537261 -0.159995454681308 0.405413569568313
v -0.0545078537010903 -0.0730710249885412 0.415371663525359
v -0.0872778123063929 -0.0847551482797791 0.403029398256726
v -0.0125729049311263 -0.104327351112871 0.44590381078406
v -0.0177601752611222 -0.073096645701003 0.414984283364133
v -0.0140856241975699 -0.144534553663997 0.464541463161938
v -0.0194943218808626 -0.171982984022266 0.460906125720458
v -0.0246094029120194 -0.140215384140685 0.465339871242485
v -0.0130988929286274 -0.144009357186173 0.47784697577146
v -0.022733970862806 -0.124528607674517 0.46751709054936
v -0.0280552717438006 -0.130937222241819 0.463800768427131
v 0.000294564923148585 -0.140638859074332 0.488135316652598
v -0.00530659174776798 -0.126338538977688 0.472262332268085
v -0.000587831065406175 -0.15530561128168 0.480315198743706
v -0.00655941020570324 -0.146155454703087 0.471814902530169
v 0.0016735916775847 -0.151593197402527 0.488388435063187
v 0.182608489520951 -0.295284866574519 0.13265409760536
v 0.17040343158253 -0.303291859578853 0.09890616701935
v 0.184181215016717 -0.289822921933963 0.0666218094610818
v 0.198950660314833 -0.278395638135252 0.100404907613916
v 0.184694299872694 -0.291203393868755 0.0995934547340223
v 0.145901745005881 -0.325073738630236 0.0978442956925476
v 0.151968984371228 -0.31747238920054 0.0665089825420048
v 0.156973700213293 -0.317690279991582 0.130909522547488
v 0.157054615691782 -0.314894659235924 0.0983674574219187
v 0.132671664720356 -0.346123835557375 0.0185392600581568
v 0.161586220996803 -0.3143920428832 0.041223782077593
v 0.12588125150314 -0.333665213491777 0.0324056217333958
v 0.142585365140505 -0.328048027672832 0.037694228312725
v 0.197894980116121 -0.273395963282685 0.0300772383546356
v 0.177527596755377 -0.312544226119004 0.014180323947833
v 0.179973336116909 -0.29352386313174 0.0359333088717088
v 0.192861382648764 -0.287001553321295 0.165622045371069
v 0.172424088918601 -0.306123683621478 0.193982229926542
v 0.163879377771386 -0.311964306317008 0.163388023748957
v 0.178360184197599 -0.299645358542806 0.164410608910091
v 0.160600298067458 -0.338686515454674 0.237580904868812
v 0.144887643095217 -0.334955093320586 0.215109006456909
v 0.182945647342685 -0.297023676313974 0.226307890228098
v 0.165534670846222 -0.316996826968563 0.219515389071852
v 0.105522020330358 -0.35317088710863 0.220062631823728
v 0.137378917751352 -0.331335653753559 0.192893631274951
v 0.111164570444736 -0.36255721202182 0.237046569577482
v 0.123173456194063 -0.346607261569338 0.218384945689917
v 0.139225154226858 -0.332425333447304 0.161577698710347
v 0.150325609848691 -0.323335337368258 0.162463242809607
v 0.176908344917625 -0.276850959832007 -0.14662394033646
v 0.144093896806135 -0.239577190036788 -0.159738943099096
v 0.163106651490706 -0.199639329031321 -0.147123298486421
v 0.191684365481666 -0.233309094820903 -0.125592275681394
v 0.169652999680992 -0.234401101785122 -0.143824206216678
v 0.0847767416213806 -0.245529360431586 -0.149112547975529
v 0.113201543875134 -0.218204024761341 -0.180374699677704
v 0.115415332610165 -0.278914716659696 -0.147794784749882
v 0.113314491677686 -0.243108106192913 -0.160129105508638
v 0.107488896890828 -0.168223179783711 -0.19376229950285
v 0.13334791314066 -0.180463737720929 -0.171246812909865
v 0.0861320437577941 -0.204432243199035 -0.198172180104878
v 0.110981417880642 -0.193982026679282 -0.19172154049402
v 0.181561084214337 -0.166970208627371 -0.127698180838544
v 0.154486190023242 -0.146899323177865 -0.151377114695996
v 0.157715672078095 -0.170978197270213 -0.150128346925618
v 0.191331316640742 -0.0878503632907382 -0.119584817734935
v 0.158796726699537 -0.10633981520406 -0.146241966308756
v 0.140540032295086 -0.0839421751545691 -0.160394543222001
v 0.172229153000933 -0.06306513450468 -0.130322201525613
v 0.164752220967309 -0.0859524184350525 -0.139730340751827
v 0.130600260272757 -0.132539607348072 -0.172265081954797
v 0.181066967434891 -0.123412783365862 -0.127032957124332
v 0.155198370777096 -0.125977721955051 -0.150162126179076
v 0.0865873591024908 -0.150845645040908 -0.209937611726795
v 0.110883636474006 -0.112886186842431 -0.188441198461308
v 0.107559800881276 -0.141520296724673 -0.192584815868632
v 0.127240184738745 -0.0499072571976132 -0.168678584136778
v 0.094541331601537 -0.0821566598139155 -0.201220171514391
v 0.117325008702634 -0.0819461743253968 -0.181184035659718
v 0.174605192817401 -0.279947268974125 0.359455688474953
v 0.15237015491729 -0.251401924899858 0.376716004004046
v 0.133086187655203 -0.276909305407692 0.393994006765835
v 0.157882145200061 -0.311728231813958 0.377332454495192
v 0.155416173224731 -0.278324485886995 0.376564211038473
v 0.146454804813772 -0.206725591703949 0.379794155492254
v 0.129926460587421 -0.227374687817227 0.39601015427237
v 0.167378048342103 -0.230069612381593 0.359620144745772
v 0.149391509356669 -0.228420797308785 0.377932388444877
v 0.0903670110751743 -0.229779983121809 0.427840570787206
v 0.110099461122307 -0.250993153557846 0.411843521410188
v 0.108852237223773 -0.206430602804228 0.416086621694108
v 0.109808881493779 -0.227960378445988 0.413077538351062
v 0.102446443965404 -0.307145519059464 0.392357091055997
v 0.0799206252186681 -0.270313572306351 0.39532425333814
v 0.10676696281655 -0.274762752093683 0.403043012968504
v 0.2066109029812 -0.199780723761414 -0.102880841791323
v 0.231935521120298 -0.241562157324474 -0.0764670082807758
v 0.221728869793243 -0.278562793213523 -0.104783633917051
v 0.211223888277853 -0.236053483020871 -0.103334105514592
v 0.204664536858217 -0.146373277462222 -0.102006497531694
v 0.228979162082095 -0.179133968342662 -0.0747689068957075
v 0.204816429914645 -0.170189224018931 -0.10258841032554
v 0.260920166527376 -0.205666959520223 -0.00940320924240226
v 0.246292068784365 -0.217573529352004 -0.0461588674557289
v 0.25618857119728 -0.171720153404232 -0.0435121768423124
v 0.252307433484212 -0.19299030335824 -0.0450511295095215
v 0.227605043311699 -0.283646614040924 -0.0417289207824399
v 0.221275915162391 -0.249946448888777 -0.00918945392882109
v 0.236175263680949 -0.247071791366985 -0.0443108473973289
v 0.216589656454235 -0.258300824437287 0.0660281419123401
v 0.229933053830647 -0.246630656960749 0.103254960551795
v 0.209898508413617 -0.268732138950225 0.135323094747856
v 0.213416244858862 -0.263499418028874 0.101507967568992
v 0.238140676300297 -0.233697642749982 0.0297476373601157
v 0.218639641251709 -0.254608877598705 0.0292178776011839
v 0.273780490835063 -0.194521310880019 0.0304394054823331
v 0.252301433854754 -0.221282967199776 0.0686153240106434
v 0.256537580527533 -0.213784636611325 0.0303317893541731
v 0.244480995756599 -0.233454281577077 0.140772927269253
v 0.267968710145528 -0.20874996975432 0.108204705295728
v 0.248315612974148 -0.228108513751111 0.105552345385452
v 0.267760069349958 -0.143038806537149 0.145044046919407
v 0.289892334995933 -0.164890553711182 0.111045228836941
v 0.274654495939986 -0.142256567074471 0.0722856587143602
v 0.252614472217847 -0.12426476751409 0.109906235539177
v 0.2741670436168 -0.143369620018949 0.110151186944798
v 0.289601918847508 -0.182279125574986 0.0710036168895011
v 0.27641477717824 -0.191650342038448 0.145675634399562
v 0.283869372841789 -0.18821105593128 0.109811591988779
v 0.281111309469973 -0.167577627855888 -0.00944627415096834
v 0.2891915118794 -0.156430679045989 0.0302045642017046
v 0.290830715746125 -0.176401024145881 0.0294653593956345
v 0.253873069263359 -0.118500625406023 0.0393024557406508
v 0.267383255776307 -0.127876881180074 -0.00308127311223497
v 0.27383466380434 -0.137052608501337 0.03350455621248
v 0.21209056579631 -0.0786668452978358 -0.0855259586447909
v 0.235854966398485 -0.103929085220047 -0.0675207320070346
v 0.210778809690986 -0.110937702489087 -0.0994587592057607
v 0.216110994872204 -0.0938584147635555 -0.0961668010659958
v 0.258411716696298 -0.133139282277524 -0.0411628532475665
v 0.23823399713004 -0.101379795260856 -0.026668225727411
v 0.253039748291898 -0.116198018469839 -0.0363588256157603
v 0.233114613570865 -0.137185343688781 -0.0730826140836317
v 0.257133600810787 -0.151996664830902 -0.0420661726391184
v 0.20686069362655 -0.12753898971233 -0.101225644842623
v 0.19881869765772 -0.313711969239955 0.341275673320421
v 0.205661276229523 -0.282776886921703 0.317276264720408
v 0.186215232306117 -0.254357811572248 0.339330305051684
v 0.19047871656796 -0.28125083458012 0.340015526625405
v 0.202045998998839 -0.281286869140885 0.259759044047242
v 0.218208339565372 -0.258591364290259 0.291788307507219
v 0.202710759312635 -0.314267497567708 0.286554480838936
v 0.210403641810163 -0.283566789224926 0.289503244731559
v 0.216303455428841 -0.21147431518047 0.292808141801459
v 0.200253577572463 -0.232425832121138 0.316789698709743
v 0.228304859440109 -0.236651219742817 0.264431394101359
v 0.216087014140504 -0.234202358550495 0.291779937706681
v 0.182288365915312 -0.20967830962856 0.339758176402038
v 0.183674576826974 -0.23123907986075 0.339329023028817
v 0.164468972429204 -0.141533984855362 0.364460572952571
v 0.183078293375617 -0.164362419504257 0.342436535231037
v 0.204205392034029 -0.140838165907795 0.323453489857432
v 0.184569682812265 -0.119442516126375 0.346963032999443
v 0.184070753831884 -0.14177197950705 0.344310537087443
v 0.201521194051178 -0.187883009883656 0.318785311136115
v 0.163675374607221 -0.185926553919975 0.362009501455286
v 0.182399953541829 -0.187217723283737 0.340943286313418
v 0.235811659982557 -0.189544584408338 0.268267262307518
v 0.223666711642951 -0.164192231191518 0.297687056397181
v 0.22151101484758 -0.189007668288683 0.295509006707953
v 0.214692787324591 -0.118054776088152 0.300456132947248
v 0.235392840279911 -0.140569825476824 0.272437319757104
v 0.222345024784295 -0.140135988492194 0.300022624063129
v 0.240010349518932 -0.123752703174137 0.176925067669723
v 0.250575130715929 -0.141834232627871 0.210335694578519
v 0.268527522097624 -0.165862243067345 0.178729941370809
v 0.258827354163774 -0.142480468598025 0.178114128361679
v 0.251486444002592 -0.165322532960239 0.241833935135185
v 0.227141021572605 -0.122155080401531 0.240991932003006
v 0.243502354494595 -0.141478111395365 0.241996230634638
v 0.237790179978152 -0.213539288333991 0.236183918605905
v 0.253838367344329 -0.190423662871204 0.208119569496951
v 0.242810734372736 -0.189004491895709 0.237609487241113
v 0.260220105610336 -0.217071151039856 0.178279560767148
v 0.268261903412571 -0.192811528499204 0.178857874277519
v 0.223768896433869 -0.255616849720479 0.170729905218458
v 0.205341560614233 -0.275601636815582 0.199183955167751
v 0.207481386392275 -0.272494200365893 0.167707212192819
v 0.242917283035214 -0.240452126681127 0.207560037576632
v 0.24193732960529 -0.237075318594909 0.17447335538471
v 0.223540564640307 -0.26081265443773 0.233552884961847
v 0.237379796494688 -0.239702171473175 0.236700856902704
v 0.203305873717174 -0.279639732151334 0.229594812055099
v 0.143388915270241 0.0062547800815701 -0.0406573937243374
v 0.125174725876977 0.0270440360138526 -0.0175609580349385
v 0.138027949916363 0.00912340247703763 0.00463150394704982
v 0.153038576014436 -0.00697358122393534 -0.0223235692549061
v 0.138737139835326 0.0102550726712277 -0.0177124404008188
v 0.0964844233447562 0.0609049142759692 -0.0184691513314012
v 0.109339373542767 0.044834960369214 0.00902909577570145
v 0.117411149374206 0.0373480448710288 -0.049756137599793
v 0.11168254213816 0.0441882444614011 -0.0189262678146718
v 0.111625866269336 0.0359625171539786 0.059745021565672
v 0.123592758167808 0.0239887315822792 0.0315461274477813
v 0.0968937760748544 0.0590810562683792 0.0386216767458563
v 0.109721267368342 0.0420016032709931 0.0348621760629544
v 0.157378879446011 -0.0167574055512765 0.0208541318050609
v 0.142092242070766 -0.00271784272347538 0.050727855344804
v 0.139437698961361 0.00457802205003835 0.0273180233641455
v 0.168791570685425 -0.0460408252704242 0.123436298067238
v 0.148889353108615 -0.0200006172639371 0.100575146229769
v 0.132864455410235 -0.0112915857456763 0.130926954583143
v 0.14924329646189 -0.0338884137231999 0.155389742207672
v 0.150232705922789 -0.0280320238621004 0.127343725064435
v 0.128864945810512 0.00817406895558636 0.079697960015895
v 0.164943354103054 -0.0319214354302739 0.069512785376607
v 0.145827695950649 -0.0111370322449899 0.0750653953321541
v 0.10051843627712 0.0432671925675078 0.088773853665072
v 0.115901415147504 0.0150347783383357 0.108797478635346
v 0.113959135920319 0.0262004503607409 0.0840554869593244
v 0.114589749074964 -0.0043916093859731 0.161065231196868
v 0.100695803846874 0.0187474644633425 0.137518525104631
v 0.116415825823108 0.00428450843943509 0.134307599631862
v 0.149084132397471 -0.0493766461561826 0.347953668715348
v 0.134766027502926 -0.0343100603506674 0.328794281661904
v 0.125986635822483 -0.0259220195765531 0.358563524659171
v 0.142293392302934 -0.0439422855334892 0.372502304589647
v 0.137311112611383 -0.037566833531284 0.35214944673438
v 0.134584514332763 -0.0328365520678021 0.274570753131381
v 0.11930776413285 -0.019196079973372 0.305699761666189
v 0.148984916507524 -0.047785166753143 0.300360672217965
v 0.133699000438241 -0.0329172719805439 0.302664672648961
v 0.091558473601301 0.00644767746573128 0.312434647648774
v 0.109228029139697 -0.00842300116850902 0.337432949592441
v 0.103852383187988 -0.00505079555044842 0.279951813526989
v 0.105429086308449 -0.00617816875063366 0.309080478752963
v 0.110151808289931 -0.0379775103534482 0.380384993299404
v 0.0924258503770898 -0.0195128150669003 0.360235254803579
v 0.110781508214657 -0.0198145645242669 0.361039925744406
v 0.128549858890115 -0.0210444944157839 0.187447247607888
v 0.141589731146435 -0.0355917021281115 0.215052756862222
v 0.163993407882991 -0.0519639316280089 0.182225611751982
v 0.146036761983278 -0.0359038680255626 0.184840546415312
v 0.0937897344470026 0.00497791725969233 0.191253623019223
v 0.107341227483433 -0.00707749816998814 0.219774343243346
v 0.111254659050898 -0.00741510384663254 0.189778949400164
v 0.120789880522386 -0.0195390942518853 0.247656272790008
v 0.0882488884333412 0.00774885642436152 0.252207451699232
v 0.104517325048841 -0.00570159648828813 0.250078089697749
v 0.154561050417476 -0.0499331517940366 0.24302011135366
v 0.137375260033706 -0.0341640890909608 0.245200803295107
v 0.232859170641219 -0.102439541889463 0.0789282375257829
v 0.209645738056867 -0.0848595054475577 0.115081336483908
v 0.226528168316712 -0.105545763494861 0.144443045722257
v 0.231021849410522 -0.10470389796651 0.111754869550666
v 0.227683833626863 -0.0915236131408132 0.015306802897563
v 0.209063032964825 -0.0762777787000449 0.0544538408037029
v 0.231895540225702 -0.0981021374974918 0.0465240796593379
v 0.188567478125879 -0.0602675925108478 0.0902110867340179
v 0.182649296330577 -0.0467167154206924 0.0358886853229169
v 0.186362787069056 -0.0539493683574189 0.0623892554219325
v 0.186645671287076 -0.0683289411172801 0.149107572036166
v 0.188758816468024 -0.0651689797520381 0.119183049807838
v 0.204650560097545 -0.10157305822043 0.270713288636592
v 0.182853261536586 -0.0814461810405733 0.298884674955231
v 0.193310800555348 -0.097296238118909 0.32608633942059
v 0.200282611847138 -0.0990555741631841 0.299674144883533
v 0.163466401733435 -0.0632448887708075 0.325202297799277
v 0.168576735153913 -0.0653067340353598 0.271022153462861
v 0.165574556462778 -0.0641642509751982 0.299151593344689
v 0.156039752075103 -0.0620469977098847 0.36806146181553
v 0.172995656441256 -0.0782681976257821 0.349494940278273
v 0.162065453443978 -0.0623152833046671 0.348415357704304
v 0.16365785880373 -0.0995399938397861 0.368225591809396
v 0.18105921138734 -0.0978096350705309 0.349069291676391
v 0.125219298931507 -0.00777529924644098 -0.162898401578477
v 0.14443365359596 0.00678591494506732 -0.120101242421941
v 0.159088832325693 -0.0282265977981409 -0.132695060647447
v 0.141471800769398 -0.0180355157932139 -0.149519577142366
v 0.142073243904067 0.00925689943770837 -0.0745609838776835
v 0.119396705047011 0.0367958178377471 -0.0944805828697042
v 0.12963466438066 0.0236362051993886 -0.0838600033449451
v 0.16298589662854 -0.0163886926817486 -0.0524910354652059
v 0.167965786433882 -0.0192408588171706 -0.0910459795953178
v 0.153753907092903 -0.004547031229664 -0.0650603884262787
v 0.188801671795006 -0.0502707729830251 -0.0930006198650244
v 0.175733957660813 -0.0388857946583216 -0.114563020805155
v 0.191167737342872 -0.0850361121554127 0.240579090785519
v 0.177652512560767 -0.0685010377125978 0.210877837222532
v 0.17270472598639 -0.0670318956153822 0.241457356960431
v 0.214923591606618 -0.104668452003219 0.209076832091266
v 0.209458169867506 -0.103500676352233 0.240442468613517
v 0.201687501721974 -0.0870373095007059 0.178021244607955
v 0.220853473138726 -0.105341679515844 0.176948589761861
v 0.182661236953693 -0.069120748596044 0.179869271198418
v 0.210096638334539 -0.0729651518394668 -0.0424949056547543
v 0.199442578955247 -0.0617053887854937 -0.00150916826224221
v 0.219937321745413 -0.0829610295447244 -0.0144510337704773
v 0.184693128982348 -0.0431740514368192 -0.0509534196291887
v 0.199568830321512 -0.0620370295178152 -0.0687763413291088
v 0.173308366955908 -0.0316140877532153 -0.0127342953946175
v 0.168771029492162 -0.0247794823937397 -0.0343811665334236
v 0.178060129770975 -0.0391570377575183 0.0107533780223221
v 0.0965811344133087 -0.0151374173679098 -0.197898917945366
v 0.115183432218387 0.0178113473891406 -0.180758553876654
v 0.123422996595323 0.0266603167136796 -0.141610493023315
v 0.11396787075572 0.00493105692766849 -0.170956513690856
v 0.134343419261908 0.0391865819973496 -0.207803607133192
v 0.12821500171559 0.0424160779231773 -0.159836747177557
v 0.109017031611746 0.0113732094696252 -0.223341713805461
v 0.122725301392813 0.0271993226250777 -0.193519529034479
v 0.0949714957042988 0.0732981727662993 -0.109178597458339
v 0.109865692460846 0.0513744381832671 -0.12264733393581
v 0.124685919470463 0.0675530595297349 -0.139024807984959
v 0.114716890608283 0.0585156079625256 -0.132068905813334
v 0.0976984657198402 0.0636676348491048 -0.0801669185257588
v 0.114081728366722 0.0460629924512191 -0.108592826938379
v 0.151718813191851 0.0458381143058137 -0.263586561298784
v 0.177110771394253 0.0746491453705136 -0.236681287066357
v 0.152762622439779 0.0665052371506185 -0.18096992710216
v 0.153206956289926 0.0560619554143237 -0.222387219353274
v 0.216965382799325 0.119050447858746 -0.26562507083531
v 0.185026231755234 0.107389399312617 -0.203304388567435
v 0.204151237743893 0.0829803922356658 -0.299346853076282
v 0.199822006164923 0.0945710615946556 -0.251352713814672
v 0.125053964406748 0.137013965224567 -0.130701903990925
v 0.146899120292839 0.0998462804679383 -0.154674968655378
v 0.162520815738609 0.145226886977372 -0.172648139176661
v 0.155829136696637 0.121656361916259 -0.16343264806845
v 0.109894267342581 0.0973626094562619 -0.121008191211002
v 0.135928017636254 0.0814231078381796 -0.146460369402672
v 0.126228658274793 0.0189933973759236 -0.289459014345853
v 0.15007653764185 0.0287634920897589 -0.334216708891623
v 0.177311729061882 0.0556397222827991 -0.320470534566924
v 0.151696728579008 0.0374080853448942 -0.301846161105356
v 0.136178197885662 0.00785798896406983 -0.37661402966735
v 0.163853297977326 0.0338482809340764 -0.37781154455423
v 0.12556325456961 0.00425119171062374 -0.34503919872666
v 0.145322933913109 0.0196383515765986 -0.359044377839545
v 0.195004335446975 0.0604670944457352 -0.418959098323461
v 0.193503247492734 0.061179149750897 -0.373348093415148
v 0.165268203113533 0.0327564290556579 -0.417020179310893
v 0.180742588924391 0.0481622611300633 -0.39814441929102
v 0.224759914634622 0.088775406924286 -0.360344005278005
v 0.203063467521152 0.0720250995005501 -0.339926378064585
v 0.214495248196923 0.0937207433357301 -0.414497235095673
v 0.209120901343045 0.131399623012851 -0.397160266031147
v 0.225120230282407 0.124799256322333 -0.336968393394149
v 0.22588690121144 0.109821130985023 -0.381267965253717
v 0.175660964426863 0.0655090133697565 -0.453673821522408
v 0.183599129929628 0.0979268446746692 -0.445157873754127
v 0.194942986676558 0.0779896302572694 -0.435454516921644
v 0.154802290808281 0.130786195779543 -0.466316095760086
v 0.183292390980659 0.132973349919523 -0.438046829084345
v 0.157643750536325 0.105399007045316 -0.471496045722522
v 0.171207940034332 0.115793612838435 -0.45494215694376
v 0.182927187356707 0.167985957589329 -0.377281020994415
v 0.164262748522296 0.168726638076565 -0.430224086816978
v 0.187760332143901 0.152261459808985 -0.412286638214461
v 0.203846599364021 -0.454406677587585 -0.0999633063852722
v 0.175108269268229 -0.482112257389205 -0.068385114417108
v 0.147405796317927 -0.486665564932242 -0.106095442560118
v 0.180488218042237 -0.456698461987631 -0.132197701771667
v 0.17745211928021 -0.474315623718568 -0.101500621051676
v 0.17182607074347 -0.463630490354893 -0.00849158328556585
v 0.143764233539898 -0.493315622680647 -0.0336537589949777
v 0.197425980854427 -0.456708350598802 -0.0371551546713224
v 0.174809751012187 -0.480289740202159 -0.0356766511221442
v 0.0937771643251902 -0.470529463628823 -0.0434695569788265
v 0.115237627810843 -0.495454965911281 -0.0731049163009373
v 0.118338038285685 -0.471222236703734 -0.0132615603798698
v 0.11433077283384 -0.48906842280193 -0.0390279825980592
v 0.120591713782893 -0.459590947797999 -0.128905148894921
v 0.0902862742687841 -0.46660951681218 -0.103056255598128
v 0.11682621509034 -0.48420572888164 -0.10659753481388
v 0.155737361157351 -0.461343862881926 0.376789304180145
v 0.128706274577208 -0.485853878923785 0.354155789094131
v 0.155728072706791 -0.490855442699881 0.322944028308839
v 0.17803894452916 -0.46413408431573 0.349597652005666
v 0.155495065514621 -0.480961377108677 0.353124570134204
v 0.0822414591386565 -0.46514625315924 0.351050510226212
v 0.104063803337018 -0.489275068550183 0.323574895492473
v 0.10423629564372 -0.462871532802202 0.376036106784366
v 0.103507384334649 -0.48046251837274 0.352202329407613
v 0.107779184844489 -0.477720623010229 0.268763101604981
v 0.129013365759153 -0.499162656171637 0.291088288518287
v 0.0874896327501914 -0.472398727782167 0.296698916788397
v 0.103934120565825 -0.493054315945025 0.293449881593021
v 0.174502348944728 -0.467036194465345 0.293517138802642
v 0.155628887607375 -0.474050774189046 0.266364464586954
v 0.154825099784165 -0.487648219366349 0.293157888570793
v 0.222024720409451 -0.356457794161664 0.313442525999447
v 0.199512629106385 -0.401935591091442 0.287030539518651
v 0.181533359513525 -0.361479381423289 0.261203331332145
v 0.203684343356222 -0.358011541600172 0.284870575750671
v 0.186721649549498 -0.353821732818179 0.36481307490946
v 0.210589636751282 -0.399107926421901 0.346757682033601
v 0.211291978772975 -0.354301519445532 0.342401284075167
v 0.197311406627654 -0.439769519874623 0.317774888420429
v 0.181750202647215 -0.430747870553212 0.370265117943613
v 0.197103254854606 -0.436410018563554 0.347494570672505
v 0.176604674693566 -0.44037113682082 0.267926126104349
v 0.19072314938297 -0.4393947275974 0.289457307449653
v 0.0527755705941462 -0.32887939295615 0.349497882331155
v 0.047512065030875 -0.378490768532908 0.319965653466047
v 0.0626059793605725 -0.403863487470254 0.350861660248438
v 0.0767723733641306 -0.353230726737479 0.372609692045912
v 0.0575388472450336 -0.364264958483508 0.35029421596003
v 0.0849582789883876 -0.387381263072709 0.266506109249696
v 0.065153983765289 -0.418356553345192 0.291787293001161
v 0.0548259272180769 -0.35372251519246 0.288624614791163
v 0.0603447438437822 -0.383692046408271 0.288596713940542
v 0.0665018494160522 -0.446336203484473 0.324134137912151
v 0.0887571239604296 -0.449434883719885 0.273346236324967
v 0.0735845168188798 -0.449092419954517 0.29565741806059
v 0.0851799112131112 -0.43122767300708 0.370340276376608
v 0.0687942142862149 -0.438606534824468 0.351734515299759
v 0.160203397635956 -0.411973496722882 0.247430717600516
v 0.135887727719873 -0.3861758155203 0.236013557148274
v 0.16136866126891 -0.373169879096146 0.243160693596241
v 0.133948770913803 -0.453662386682145 0.248759637893083
v 0.159749009773427 -0.447302911884214 0.251593507535536
v 0.108258361070592 -0.421453219539076 0.251496805141524
v 0.108303594017162 -0.451738682674167 0.256892856194368
v 0.108136747044929 -0.388817074539598 0.246943535882392
v 0.103116134758059 -0.394628031972394 0.39325029504845
v 0.13213888220782 -0.351894163886796 0.405649478837816
v 0.0999667237696342 -0.351095145277851 0.396213483118474
v 0.132255830939244 -0.435524294628342 0.39582743072827
v 0.104941470184752 -0.432327447118838 0.387011212680108
v 0.163010759578804 -0.394627609279712 0.393764128625162
v 0.160686900740263 -0.432123439151509 0.389880852412398
v 0.161990383573432 -0.353204800137924 0.385858532949836
v 0.199590633161264 -0.336860944044172 -0.0108371694850284
v 0.219655049833312 -0.381904247958392 -0.0385784450812161
v 0.247576178466173 -0.329008799539609 -0.0712777251429451
v 0.223539160842764 -0.33170371103861 -0.0392784973415595
v 0.224068188605324 -0.426531002021815 -0.0679794688004666
v 0.192504265814495 -0.423636705340013 -0.0143042456130246
v 0.211967798026048 -0.42405174563526 -0.0373301447738906
v 0.208666457507076 -0.419044704201057 -0.126528772091985
v 0.239759503288613 -0.380513282885622 -0.103888311832872
v 0.227463371495673 -0.424854627022952 -0.10061537728549
v 0.209289372120665 -0.326647721395737 -0.132494891595932
v 0.236848070585628 -0.327087824999833 -0.1054258999345
v 0.14759761463726 -0.328065785603794 -0.16839241424079
v 0.117845027951469 -0.381438454619593 -0.145509768850037
v 0.089019991527541 -0.332898587891697 -0.121763416119882
v 0.115689088801957 -0.329178517634758 -0.147334308768436
v 0.185005627183493 -0.378542793427831 -0.154471799856204
v 0.181054796047655 -0.326470960490338 -0.15685754248741
v 0.153082306452335 -0.428107500139175 -0.151371584354147
v 0.185150004345667 -0.422392495434063 -0.14687498315642
v 0.0947717255406167 -0.425192212985499 -0.120769823541026
v 0.120451152592072 -0.425219029588367 -0.14017542427425
v 0.102317868490205 -0.373976723100661 -0.0122952675769266
v 0.122395723253069 -0.408655152815294 0.00391472345263733
v 0.153247473850247 -0.367679831274008 0.019223337529263
v 0.125277083189551 -0.373615719541155 0.00974520159962512
v 0.14704424621097 -0.442004573127687 0.0074891601022348
v 0.100980293808879 -0.441140078397926 -0.0207094938198798
v 0.12106843593142 -0.441983120105979 -0.00251087656979155
v 0.175825174779871 -0.393914141960529 0.00729629775646259
v 0.173540679690554 -0.432584589261061 0.0040825817490989
v 0.178658383500408 -0.35097429813052 0.0100830440399742
v 0.0663946009052105 -0.392760724460273 -0.0977257591988538
v 0.0633161570678336 -0.360126097316313 -0.0666386740788546
v 0.0672984076581758 -0.307484901601904 -0.0941133161155662
v 0.0682124250919829 -0.345156013542184 -0.0969074339547825
v 0.0696854149859951 -0.443938651995974 -0.0719732772601519
v 0.0720751972242273 -0.434993882007857 -0.100626346288788
v 0.079437909199342 -0.408243577774744 -0.0412600155549871
v 0.0809105447197164 -0.443683572648605 -0.0424125229634206
v 0.0796468261248722 -0.339019357261573 -0.0410760281268852
v 0.0819282526077182 -0.369827643766046 -0.0393861344936417
v 0.167502052011553 0.211511390504754 -0.36264490416094
v 0.178341164192721 0.204749603150326 -0.303576474842904
v 0.199907936737383 0.163298196476192 -0.309788302538812
v 0.183119413330866 0.185842002770022 -0.338528031466652
v 0.171356593442959 0.24479671646143 -0.278791000976219
v 0.174382867876891 0.211750623764872 -0.243409943993841
v 0.158857240461669 0.245491593283563 -0.317620690019742
v 0.170303205398852 0.225196912907265 -0.285381081181075
v 0.153152735977122 0.218132848767249 -0.160443103500019
v 0.167874551752354 0.192036958740078 -0.193408005448156
v 0.171434491701915 0.223970849063731 -0.20416775626457
v 0.167136382139437 0.210576010192878 -0.199094922386328
v 0.198952080291452 0.159213405849122 -0.232156514755703
v 0.137370702662718 0.181783639085423 -0.143406607175717
v 0.168145970843608 0.170018281472402 -0.183261473810251
v 0.215807920574397 0.142991857285378 -0.28637912585983
v 0.128289485507554 0.273539919905454 -0.165180894591585
v 0.169005010318167 0.257359567336578 -0.163848550006522
v 0.201561675982736 0.276183865911063 -0.172833049771599
v 0.158774116103444 0.293208265025691 -0.182513913526396
v 0.163787870882619 0.276449493152567 -0.167313614236941
v 0.178982468454663 0.230509469596942 -0.18826596686632
v 0.196813653227109 0.243401318329407 -0.187496700994271
v 0.153384651020437 0.238695900716546 -0.153733976586489
v 0.173523122834052 0.241278141760629 -0.172621866760259
v 0.236019444462681 0.260965324874959 -0.208463844544735
v 0.22712907272959 0.259757569782138 -0.184291994549014
v 0.213355186946551 0.243212880906431 -0.214274932121702
v 0.220069490056474 0.250020481937637 -0.197003837703099
v 0.232563970109199 0.29476987151198 -0.185217263825776
v 0.255386249440841 0.284333408105002 -0.190502131313737
v 0.232493079768296 0.276738808843173 -0.179307276384755
v 0.182650685323021 0.240556396209683 -0.248733831677213
v 0.19472526632972 0.236826548249087 -0.22883374210867
v 0.181418167457621 0.23011448519259 -0.215941732193025
v 0.17476200065916 0.278037104121513 -0.298442797116022
v 0.190541104083972 0.265799513495949 -0.281376257863745
v 0.178479035214 0.258285796348096 -0.27903639500605
v 0.224959363511409 0.278573102146319 -0.277754926135054
v 0.208782982387575 0.254587894078041 -0.263713858397884
v 0.208224270720377 0.28962544844643 -0.289644698611843
v 0.206554078519938 0.270948020756353 -0.282196571750159
v 0.227372117104407 0.255007662791173 -0.240473391983237
v 0.210481221903107 0.24428452225926 -0.23887771587758
v 0.233201625777495 0.304204746132631 -0.276262805163188
v 0.261509213579078 0.30692877883594 -0.252667970527509
v 0.249952557253018 0.276758984058423 -0.25107401724961
v 0.244855596309641 0.291678441560468 -0.26601983541353
v 0.265522633823711 0.326542847097034 -0.225192157964422
v 0.276681620216346 0.312059075724763 -0.217668262168085
v 0.254536843848169 0.328352742500497 -0.25035752447863
v 0.269551585140288 0.317534632646132 -0.23775151953716
v 0.263222103379817 0.283324576113784 -0.212803236875325
v 0.261331683279512 0.308089235929941 -0.197299262226473
v 0.270534103617678 0.298185857893763 -0.20202884911901
v 0.244624159809436 0.270495545965957 -0.228091209584497
v 0.0134895626377802 0.105551470601982 0.00296936258826144
v 0.0394035402362945 0.0946038547478081 0.0232850543228645
v 0.0623703510589196 0.10175191457625 -0.00297227961751701
v 0.0386212669109619 0.112635070830771 -0.0225995594639234
v 0.0394090251620724 0.108586848266043 0.0018494890289609
v 0.0398180193351355 0.0686369607637334 0.0680487533960618
v 0.063200341197267 0.0820395728729603 0.04568777777595
v 0.015535199740144 0.0804070297664014 0.0461193176872993
v 0.0396989592628934 0.081519211487546 0.0456077411412553
v 0.0812670315865398 0.0800725949046258 0.0170209424573902
v 0.083584818106002 0.0667914247863591 0.0690641284594757
v 0.083239589194785 0.0757914694545273 0.0440130331162816
v 0.0807546706422597 0.0785164767074276 -0.039417254692515
v 0.0798453668086132 0.0797211308517142 -0.0120724027389636
v 0.0175280627589323 0.0376449238433208 0.188918405642298
v 0.0365326808969651 0.0466053997046923 0.222280292089133
v 0.0562296705066327 0.024246643090812 0.190019516240447
v 0.0385477937069914 0.0281765241682179 0.159300533240215
v 0.0369770535637 0.0345940574271273 0.188423377744271
v 0.039405160348407 0.0402058884574176 0.288531608034139
v 0.0549079378163016 0.0351587534181381 0.255458125081263
v 0.0180309800985601 0.0517122995251566 0.258643169642205
v 0.0381403011372958 0.0497353734759835 0.257331557270412
v 0.0725991419614915 0.0189190147481865 0.22239451465944
v 0.0732959896147168 0.0208727402546087 0.28491342178206
v 0.0716593399489166 0.0212568153044826 0.253908174974107
v 0.0791544145503306 0.0180878282478297 0.16275671744719
v 0.0756804770959538 0.0157457099760018 0.191313375584751
v 0.0179611526822461 0.020242685356046 0.313944017133736
v 0.0370766376486158 0.0010114594238329 0.337441983187151
v 0.058671878214082 0.0223968357016427 0.315423434843469
v 0.0382885325689897 0.0211311114055814 0.314128643018637
v 0.0354456419385424 -0.0377533735804898 0.379454314558314
v 0.0551416862033735 -0.0187169480600596 0.359302120528138
v 0.0170077831894948 -0.0187930965998036 0.35929006252604
v 0.0361416645325957 -0.0187858308274551 0.359162224198619
v 0.075715878766556 0.00123582065315177 0.339018847925602
v 0.0726780745306765 -0.0374515450761754 0.37952928184086
v 0.0739350204045173 -0.018872655472774 0.35971273377463
v 0.0763517105819011 0.0168350066503502 0.31466857297779
v 0.0151990612528747 -0.306559631515733 -0.066425708958617
v 0.0307824124411553 -0.29773061878436 -0.0813827882605147
v 0.0491511869074845 -0.311965177681086 -0.05554200102682
v 0.0333225223001133 -0.31666201889041 -0.0471487699127975
v 0.0319498260981963 -0.308024823374627 -0.0635642720254078
v 0.0296151259387358 -0.269923849096852 -0.119248909977378
v 0.0453275366516673 -0.286680187522536 -0.0984194276665037
v 0.0148858348162188 -0.285417297736311 -0.100964662717184
v 0.0302477946590591 -0.285139468314699 -0.10007333239443
v 0.0563084488586113 -0.308425674965686 -0.0710475426509584
v 0.0623968939065669 -0.269719523599409 -0.119248670012111
v 0.0586398164467257 -0.290468469254603 -0.0951604393019128
v 0.0779377953491462 -0.329339896235979 -0.0271542013994669
v 0.0670452020636989 -0.321485987540582 -0.0472742097533033
v 0.0197098721282522 -0.295773900524612 0.353548577336814
v 0.0272538018190473 -0.310493108893066 0.32698617210006
v 0.0378625091255703 -0.298539834205952 0.350160411776668
v 0.0298875324384828 -0.279468888798494 0.376735647078766
v 0.0286330941895824 -0.295987062796738 0.352738327227473
v 0.0305786639289054 -0.328076101386635 0.278342574419162
v 0.0368471153171563 -0.325504731005444 0.297917545289534
v 0.0198731682815945 -0.32007361770336 0.302845058546805
v 0.0284239535545477 -0.320335047167097 0.300973344180632
v 0.0383086392582049 -0.327013806282297 0.322313907631813
v 0.0560867621379348 -0.341899480085138 0.265766245849369
v 0.0458513935880992 -0.335595745607194 0.292455256663873
v 0.0552731738760699 -0.286544317820597 0.372327231630944
v 0.0468391855669473 -0.307998274516591 0.348215744200358
v 0.0171036530152336 0.0554587954601442 0.0901988883520433
v 0.0400773793649513 0.0447134362118645 0.112739966529132
v 0.0621376688354047 0.0553262941912576 0.0906124545197084
v 0.0399918870220405 0.0560779852300835 0.0902033389398133
v 0.0612274943736624 0.0324083438490848 0.136743073165062
v 0.0176805792777713 0.0353619642384732 0.135147088676824
v 0.0397427865808512 0.0351271147940303 0.135675406742075
v 0.0830645559399269 0.0403926200331655 0.114937866715603
v 0.081674448277238 0.0270436805610801 0.137813645258933
v 0.0831032653865864 0.0532060870997259 0.0916771728994305
v 0.0150739969987797 0.109927105174676 -0.0730470442257342
v 0.0393720301802003 0.106301620768941 -0.0632642107867178
v 0.0607842147236661 0.0996545854456618 -0.0785004337420412
v 0.0408139134155109 0.113246540474635 -0.0798342967230063
v 0.0397160912207366 0.109361306315322 -0.0744478811537247
v 0.0613435553339631 0.096491405209895 -0.051186693449643
v 0.0152138378792941 0.104639006158631 -0.0443983793158065
v 0.0386185597919958 0.107194686097851 -0.0462597900411847
v 0.0790933572061799 0.0844757559659635 -0.0789689421632502
v 0.0805288130105319 0.080308775643435 -0.0619206270114247
v 0.0810081710429069 0.0946510330679966 -0.0977401041913784
v 0.0774007317542061 0.0869061099617393 -0.090480677643892
v 0.0136719278844561 0.156749504311822 -0.052102561882232
v 0.0461247172870458 0.137287448138668 -0.0657536521910812
v 0.0751713614097825 0.156286324882665 -0.0794346206428526
v 0.0479660462752141 0.182775476206768 -0.0665645518549122
v 0.0482386051721921 0.157563711263551 -0.0581008032848702
v 0.0678420378607039 0.117084863214148 -0.0828022398708328
v 0.0150761038094633 0.12576295161769 -0.0795384828220787
v 0.0434370060760375 0.123672491861003 -0.0770696029747269
v 0.0940354816429525 0.127184603376735 -0.102011942478514
v 0.0878362468829027 0.108544855067175 -0.100380439328039
v 0.10569312909424 0.171234279646956 -0.106928335373768
v 0.100173422453264 0.148454248047141 -0.103494497081785
v 0.0161504393156929 0.230700310396531 -0.401638358196889
v 0.0504196164020003 0.264199585743285 -0.377236900794154
v 0.0893925317164186 0.232311713837356 -0.400437770462838
v 0.0561527901829523 0.199922429404734 -0.424878777533741
v 0.0535244510208537 0.231224908436535 -0.401484118416758
v 0.0434797354912497 0.322327095375791 -0.332629545176886
v 0.0778254457822432 0.294611914057334 -0.354998584725164
v 0.0144906234690988 0.295715246388 -0.352747323735928
v 0.0468765069127767 0.295354519335359 -0.353471788157947
v 0.128827433765259 0.294424462787476 -0.360383844802185
v 0.114256751708677 0.266256945225171 -0.379053671611165
v 0.0976624586386493 0.317124849647493 -0.337802634765579
v 0.105757105372331 0.294121308292385 -0.35739348676305
v 0.129914679084765 0.203524202926365 -0.417960161158977
v 0.146097895742615 0.233666416666551 -0.386659580219749
v 0.122317399001077 0.233929939862518 -0.397778213052186
v 0.0182988234912328 0.134779763438253 -0.482973511325941
v 0.0591441253197252 0.153083166582251 -0.465705501527114
v 0.0983875947932569 0.136023370626317 -0.480614956280247
v 0.061760959917349 0.118492981367623 -0.499505080906084
v 0.0601742886679709 0.134870976110815 -0.483303560628857
v 0.0968684109048595 0.175805049274491 -0.443659714511451
v 0.0176146595404131 0.173803962960089 -0.447045020880818
v 0.0579302920465159 0.174475884005054 -0.446290076402107
v 0.133373481756422 0.156212772222808 -0.461035269833136
v 0.133411169302611 0.177678506249841 -0.44011055172731
v 0.130677413693639 0.122086606322717 -0.487436995400925
v 0.130654497402348 0.13718347991403 -0.475750406347639
v 0.0184713457243742 -0.225696415768134 0.431847202493568
v 0.0327750874440451 -0.244294061202284 0.415749121543685
v 0.0512333787582299 -0.226942363933101 0.432119401911843
v 0.0357648746066178 -0.20707161529581 0.447424343328119
v 0.0343779555501302 -0.225841884285281 0.43213683863362
v 0.0441902481508163 -0.263751929243288 0.397094094536704
v 0.0193712191757551 -0.262047470043896 0.397457150696132
v 0.0311800088334727 -0.262176947988435 0.397530966913722
v 0.0649828120575481 -0.247455725493141 0.415911119861114
v 0.0596332809108784 -0.267455821894271 0.396082982052187
v 0.0732559282908206 -0.20993217290704 0.443559144909917
v 0.0701335883319852 -0.228834698767165 0.432118925388655
v 0.0147798658320835 -0.254504719230934 -0.140147977845968
v 0.0289188192750165 -0.234864113050242 -0.163644056746299
v 0.0446556895918678 -0.251133255609582 -0.142716027233612
v 0.0290410172150317 -0.253348213160881 -0.140858627017087
v 0.0318191495940429 -0.191164483046963 -0.212056935987017
v 0.0451867880754437 -0.212008693780761 -0.190020206643696
v 0.0155347072865518 -0.214819057170478 -0.186105261593194
v 0.029720307452741 -0.214153705339847 -0.187252155607529
v 0.0621344676868026 -0.228602092109924 -0.170358163125357
v 0.066945692465194 -0.187828267745156 -0.215207938640815
v 0.0633941901853411 -0.208650172364608 -0.193731850988804
v 0.0623377053706724 -0.248337257573625 -0.144507184931008
v 0.0172166689067096 -0.163305526631449 -0.235898584627748
v 0.0370477420351387 -0.129765419405013 -0.250254331558948
v 0.0524543614497048 -0.162099833062718 -0.233014994510226
v 0.0355086551821504 -0.163896953606303 -0.237065300320999
v 0.0380970204851344 -0.0640747646498561 -0.259849686809437
v 0.0543942822721049 -0.0913598233556528 -0.239895302350876
v 0.0170399115646248 -0.0969089228097108 -0.264137643873844
v 0.0371106027517118 -0.0946561561261414 -0.255934052298699
v 0.0698121131625346 -0.122679809313255 -0.223376987205024
v 0.0772431869437717 -0.0532946528091066 -0.219689977168814
v 0.0734861293679915 -0.0863054406568268 -0.221300059714707
v 0.0688940227979645 -0.15781698099754 -0.223776709367218
v 0.0166043196667195 -0.0443442297335555 -0.273871987558821
v 0.0412341373379347 -0.0278965544400103 -0.271117709299535
v 0.0579567261126292 -0.0375404926850427 -0.245189257637283
v 0.038747953311747 -0.042128781801907 -0.264483936524142
v 0.0446217276056929 -0.0123362238586086 -0.293952916920075
v 0.0684787660954082 -0.015482148598422 -0.26637048191639
v 0.0169233304281906 -0.0178536687974642 -0.286229202441538
v 0.0438128634158476 -0.0190539638013392 -0.280840899805563
v 0.0807767626424348 -0.0116870418094108 -0.232538539026926
v 0.0965972898121732 0.00275762566152365 -0.264789246814274
v 0.0899097889598614 -0.0027954090705553 -0.246317202243654
v 0.0771418733748636 -0.0283136417617471 -0.222449833790646
v 0.0168046365109286 -0.0204065323879589 -0.312043844847214
v 0.0481830008390667 -0.0287098572392016 -0.325931985466928
v 0.075188224145817 -0.0107154453876309 -0.300518526918799
v 0.0465953377384019 -0.0175042614517006 -0.30943752213182
v 0.0521263530721902 -0.0448800103269409 -0.366999782394762
v 0.0818773412330558 -0.03399822572428 -0.340802102860823
v 0.0155709711869069 -0.0403554670986074 -0.34483512179099
v 0.0499031519966682 -0.04269259227823 -0.34442242571185
v 0.104668696145635 -0.00748530544612847 -0.316561271955707
v 0.109278985959143 -0.0146661062062884 -0.363112119495495
v 0.105791376190546 -0.0153262614934036 -0.339664398854323
v 0.101599367606543 0.00145558092443716 -0.290756403207302
v 0.0153998283211694 -0.0267483292378185 -0.389903307793238
v 0.0578229713465924 -0.0010677229920328 -0.409525803800943
v 0.0908357461856027 -0.0182600582448287 -0.38892273508337
v 0.0552016878993207 -0.0246052102112348 -0.388855782837885
v 0.062853880460924 0.0426343471894554 -0.451117450679428
v 0.101250428135487 0.0232031625752773 -0.429860418839556
v 0.0178794597162131 0.0212052384445455 -0.430884818692134
v 0.0605868385623977 0.0214391573484608 -0.430470874669837
v 0.128350813212891 0.00770685787154094 -0.407609345377995
v 0.145215592636468 0.039977600884012 -0.44914267721367
v 0.137980444272206 0.0237944286530096 -0.42838958091385
v 0.118323811584787 -0.00604030505531731 -0.385891957939932
v 0.0185914303373358 0.0639561764179286 -0.472520644841245
v 0.064766975194539 0.0809648329675321 -0.490931738892049
v 0.106559427993951 0.0616173337045841 -0.468639837234154
v 0.0639854398077572 0.0624973408070317 -0.471247532985773
v 0.105413788009255 0.101050880422718 -0.499323882280508
v 0.018710899414383 0.0999807618506812 -0.506272749742904
v 0.0643013195611455 0.0997509264460593 -0.505867179661194
v 0.141198259179097 0.080793714996785 -0.478779994487203
v 0.136606109172752 0.102261991785185 -0.488214490484216
v 0.144793587027408 0.0605978700301551 -0.464846039232804
v 0.0826110900250019 0.207282601820934 -0.0943178253534464
v 0.0458190443989499 0.2329597385394 -0.114895500325844
v 0.0130778375712043 0.205813406805156 -0.0848598101827986
v 0.0472812948125215 0.206734329547891 -0.0891789391553042
v 0.12098340403523 0.219434499052501 -0.123770347476018
v 0.111659684016722 0.196903102311233 -0.112997307833419
v 0.114789123867506 0.250286282996254 -0.137371570175078
v 0.135057150554047 0.232855809678122 -0.137936226336897
v 0.0894231622357945 0.291724743716105 -0.176701632424491
v 0.0702800686795966 0.263970168366978 -0.146701744333751
v 0.0988121039262225 0.269664766403377 -0.156063478364547
v 0.0141072362992169 0.260686545028857 -0.138410623803699
v 0.0357162191214344 0.287261425455834 -0.164244346463693
v 0.040852923687909 0.261143970442551 -0.140729188761782
v 0.148569896939717 0.265022974363958 -0.365921369427429
v 0.158359477132959 0.250467435356638 -0.351634046734941
v 0.157514619747068 0.238879743918829 -0.37039847058935
v 0.134566074763177 0.308045166749008 -0.340070005349415
v 0.148141992687129 0.280727927484373 -0.346888422909872
v 0.141702376604643 0.289292990082411 -0.355819194309428
v 0.149106749687711 0.282130921008048 -0.323058734934462
v 0.153411993889355 0.265602436051159 -0.33603610664326
v 0.139691034489592 0.412924903911254 -0.266070944511495
v 0.130696070674615 0.425867938568809 -0.27223910003728
v 0.125014482271204 0.430493006696022 -0.256567630688952
v 0.131859019751074 0.415452510613335 -0.253566967592085
v 0.132255323757463 0.422709398612238 -0.262206777943826
v 0.118233817274185 0.418155517907618 -0.287500912030692
v 0.116937634123744 0.43091968060311 -0.275499168860678
v 0.129489952751886 0.41355539617482 -0.283171961735377
v 0.124975230978814 0.424326087294568 -0.280441010457707
v 0.0972618263544867 0.430472755424577 -0.264827350216475
v 0.111025749829227 0.43711483758237 -0.26010227304047
v 0.10175519806821 0.427047769467998 -0.277570692786982
v 0.107353260758264 0.435545500318197 -0.270111162709007
v 0.113892121446399 0.424096986667729 -0.24495302396799
v 0.101657236172999 0.428303159298064 -0.248585567157867
v 0.114063325710441 0.432433839486645 -0.251947829346995
v 0.127497328515432 0.325784032919202 -0.269808348171395
v 0.117566378258057 0.333004814358551 -0.274979611012252
v 0.12240625617761 0.334879403284862 -0.259659900998273
v 0.128396167563843 0.329707071406592 -0.251962552771304
v 0.124157177377232 0.330991433475787 -0.263405045346639
v 0.102347044121722 0.341229772618849 -0.290476913410341
v 0.11043350594704 0.339179528050739 -0.282288816239452
v 0.112360922175936 0.334417933432227 -0.290151855860835
v 0.110572202919222 0.336414115023201 -0.285047395234124
v 0.115430768486123 0.352708007742335 -0.282766786338272
v 0.117548670568462 0.342174412860598 -0.270984273185845
v 0.104639863654173 0.347170920050981 -0.288559004628725
v 0.111972333991457 0.344131877178879 -0.282066754457632
v 0.123888277799567 0.339026633280616 -0.244329026541949
v 0.124159456465093 0.348719730792195 -0.257383009404198
v 0.121685976510561 0.339989196478282 -0.257283647750947
v 0.113224095796604 0.356086087784805 -0.233621077781268
v 0.0987599088926857 0.35437476210339 -0.223923758239525
v 0.107998874827851 0.343771264985673 -0.221247126467596
v 0.118131778036897 0.341925720940755 -0.231887570973598
v 0.109944997459526 0.348389479519404 -0.227607514469961
v 0.0752875452612315 0.364574802132099 -0.230310166897918
v 0.082744770936153 0.35509429153394 -0.223060634107578
v 0.090419530091321 0.3693170035132 -0.225691335241241
v 0.086149451741257 0.360129268858858 -0.22443626605287
v 0.0716943370646922 0.349057792401729 -0.219304242324143
v 0.0909556328199623 0.345702614991737 -0.217683925154266
v 0.0682760741085044 0.35833703308916 -0.22777732827967
v 0.0784426405076346 0.352054988394786 -0.221402440338279
v 0.117618333941629 0.337874520184026 -0.21823203186982
v 0.100279063966777 0.336767271206434 -0.213071198402363
v 0.105078598384611 0.340584805339845 -0.217248512346376
v 0.0900877491393026 0.346836961601765 -0.291872097617454
v 0.0796165300150069 0.351084072269287 -0.279684539512799
v 0.092901688965296 0.347214379526092 -0.285439459165981
v 0.0912537535067501 0.346104407561676 -0.287571711478563
v 0.0593027336200418 0.363863355567435 -0.261548684424987
v 0.0717094373163732 0.357972978661587 -0.268714171993402
v 0.0651689374867336 0.359075627451679 -0.273712755127304
v 0.0687339066461981 0.357300286457581 -0.270464851758583
v 0.0791560760029619 0.369471328987342 -0.271387102109892
v 0.08552147211183 0.355707542683538 -0.277304529104591
v 0.0657528759932515 0.367592684733048 -0.260989093373722
v 0.0753400791938008 0.361492259070331 -0.268610730684193
v 0.097728243904189 0.359270321784688 -0.288600009488112
v 0.0950703884104097 0.351021739954499 -0.285647256198737
v 0.0510072328403749 0.369807315648812 -0.253451891783879
v 0.0558174637010601 0.367602168582732 -0.243534763999254
v 0.0577721804517492 0.36836830391932 -0.252651579570988
v 0.0547748741397842 0.367795388203594 -0.252832839020532
v 0.0640987439863347 0.365124360959647 -0.23597646521508
v 0.0558743791571884 0.363779101313676 -0.233887281988746
v 0.0607816898700409 0.363905598277743 -0.235010965389677
v 0.0713497265584075 0.376644238773451 -0.237140588498102
v 0.0623224806382039 0.371916674873 -0.244362766363781
v 0.0675334533437337 0.368638158154401 -0.236899566021336
v 0.0655219618115732 0.378954727809502 -0.254485074759704
v 0.0613000666797477 0.371478100835241 -0.252882304436993
v 0.12704419993059 0.33445536322812 -0.238489785706486
v 0.136612183470706 0.331428812904698 -0.237542143509409
v 0.139419990316205 0.323386341972681 -0.251160251363915
v 0.131564398383202 0.329734071648402 -0.243515034008055
v 0.124125884844765 0.337024188484765 -0.227245004209901
v 0.123704306824361 0.338122297003995 -0.234894323852128
v 0.133551258052441 0.332242300991201 -0.216850666844742
v 0.1365041331099 0.335069572163667 -0.226000506176379
v 0.1276877171518 0.336370149261006 -0.221295045059886
v 0.158019829547258 0.335247726821369 -0.24020584717194
v 0.159977353187282 0.336834252532217 -0.227959267138988
v 0.145605142741282 0.334204540358593 -0.23226739939681
v 0.166279989942711 0.325823425922753 -0.257802337116031
v 0.166652768192579 0.309025906490508 -0.278589929050567
v 0.141445971497927 0.314405827918057 -0.270456334305052
v 0.153397745099628 0.317560635761362 -0.263962166217904
v 0.184562797163967 0.343560938797755 -0.23868878291085
v 0.204437521963005 0.335875647287016 -0.253783509407028
v 0.178033487056792 0.336317432718634 -0.24898865394403
v 0.222537183106793 0.322417563081555 -0.270817809031395
v 0.239123812887784 0.338996356740279 -0.239740590858978
v 0.232035458499203 0.336740983325151 -0.257288710461868
v 0.190388400604266 0.302666483823257 -0.287959180246996
v 0.213154288313912 0.307137883333169 -0.283235058516039
v 0.156765191666013 0.291664529218974 -0.300406482776831
v 0.172150083431757 0.295520145070907 -0.294446588948019
v 0.117248916368153 0.3295688376399 -0.21057059735309
v 0.153387310183248 0.320843949883549 -0.206857533701497
v 0.168021641264986 0.330347763814706 -0.217815630935791
v 0.143755620891848 0.327540393254867 -0.212849965981965
v 0.199359973421878 0.308790399933462 -0.196998915114724
v 0.117544419373368 0.309245959913834 -0.195079980533283
v 0.156858901101603 0.308709292026121 -0.196308291243949
v 0.240886625903521 0.32087937181697 -0.210027526338459
v 0.236657965709193 0.309262540476575 -0.196546924090899
v 0.209960131864888 0.336385092747576 -0.226099795428289
v 0.241513020760633 0.332291716104182 -0.222673665628078
v 0.181261979231711 0.339457012949861 -0.227072498767341
v 0.0535645831229824 0.354665577702681 -0.224883557553414
v 0.0478024027954617 0.340928618191506 -0.214245207809015
v 0.0738447043063591 0.337080944624668 -0.210300367257688
v 0.0613168419492819 0.344942885811813 -0.216767832833578
v 0.0145364110491096 0.337081570845135 -0.209599682550688
v 0.0337337142635809 0.324385529361164 -0.198563988718448
v 0.02873269590142 0.351292414477351 -0.222049084166278
v 0.0314333900692258 0.338528207864583 -0.211068326302466
v 0.0583654285415545 0.309756646095568 -0.187688916097039
v 0.0145006672967233 0.30694517116166 -0.180301710454175
v 0.0341869477362837 0.307904041270098 -0.183078108731322
v 0.0877162060179313 0.323688088530174 -0.20232982768992
v 0.0859609674598413 0.309777459762877 -0.192053517399698
v 0.093499058762509 0.331897398308609 -0.208718994800147
v 0.029728601852421 0.385491662100311 -0.271199823437125
v 0.0516918441744493 0.369797513575955 -0.284140679983729
v 0.038980140534354 0.360306356379709 -0.300825423446314
v 0.013016299985955 0.375672275794763 -0.285797869465955
v 0.0348017466098041 0.374633997428365 -0.286177993281268
v 0.0736063493993756 0.357240589655511 -0.291213768695812
v 0.0504299280600373 0.370553599059999 -0.266503072159303
v 0.0602922779877424 0.363544856283427 -0.279020579970402
v 0.104249807680617 0.340810401332044 -0.302192055404727
v 0.0888596751742067 0.346480345371894 -0.309523911641332
v 0.0889669681597285 0.349033868227451 -0.29923725231906
v 0.0674490412209024 0.338968718845106 -0.317420165701402
v 0.112210511889596 0.328961416602664 -0.325753104460978
v 0.091867234569585 0.334673112226627 -0.32205216859622
v 0.0136659436803295 0.343992694948598 -0.315009292829443
v 0.0411386956554236 0.342647222081323 -0.315446538543384
v 0.0388300049562344 0.364770133538026 -0.232599631058182
v 0.026845061199487 0.376859436157286 -0.24306744668496
v 0.0146572728435604 0.363139291830781 -0.232161324323522
v 0.0270984800676768 0.364001729343378 -0.232372371252636
v 0.0462229277308423 0.372900626780332 -0.242374039111938
v 0.0484937306624019 0.364417339286834 -0.232985581763944
v 0.03846445659934 0.38127223128373 -0.255580188351143
v 0.0457166665574786 0.374508324685782 -0.254503205749033
v 0.0140062091790578 0.389073218257375 -0.255747548908009
v 0.0277478537878629 0.386595759358497 -0.256093950967887
v 0.119926262669305 0.327433015159222 -0.309915832400727
v 0.135446086454622 0.307827775256569 -0.318000023778573
v 0.126438571668821 0.319981288264975 -0.323993696562208
v 0.12433989133755 0.323738295655591 -0.290550439261108
v 0.115165135539106 0.331648087015145 -0.298474682824372
v 0.138645965479144 0.307807007153845 -0.294192422344844
v 0.132653524817444 0.317632482877711 -0.280421582535572
v 0.144706942401714 0.296379204712441 -0.309625836177991
v 0.111697806984486 0.370203137876059 -0.291768973995108
v 0.124311035485322 0.384125335897358 -0.284329899230494
v 0.128774480906853 0.364023389565631 -0.273907849003058
v 0.119486167904853 0.367348068902741 -0.283457701964605
v 0.137761327414717 0.399129084966976 -0.275276159794924
v 0.120789684933986 0.4017133450601 -0.291689767331502
v 0.128342067621424 0.399860794171462 -0.283620767136339
v 0.135713226302519 0.398005357911012 -0.256014294139477
v 0.137881083280617 0.379360732165463 -0.263049548544903
v 0.141557594392841 0.397418414872465 -0.264951993792659
v 0.128143315926623 0.364754574130568 -0.246604436781866
v 0.132140286362183 0.361972537776899 -0.260007526290063
v 0.0755432126004408 0.38812578482826 -0.266639581012855
v 0.0908565926847938 0.39902348295013 -0.277919008625583
v 0.0943074527874072 0.378012775491618 -0.283536718178252
v 0.0849222339906442 0.382992660882769 -0.274769684899907
v 0.103678859303251 0.411021046367379 -0.287852181345145
v 0.0893474752424512 0.416875681961709 -0.271310941428256
v 0.0956769435302885 0.414768494969798 -0.280235144506255
v 0.107656547661021 0.390863628182867 -0.29466138225006
v 0.112679438432538 0.406916813998011 -0.293117961776338
v 0.102027768082917 0.373514060931646 -0.292516653524891
v 0.084323069978903 0.387497943820913 -0.231703090421946
v 0.0837333157236867 0.405242087752871 -0.240167736912338
v 0.0731901267431551 0.39181482304979 -0.246288627408599
v 0.0769313965003581 0.390041518335146 -0.237801349174562
v 0.0887129168989385 0.420954702513088 -0.252054874795764
v 0.0986554873250683 0.415439823069703 -0.240281304417196
v 0.0913529682264404 0.41853182324377 -0.244203935857231
v 0.0797426781375037 0.405909596766892 -0.258962602813491
v 0.0881064662001328 0.419212253090886 -0.261592509025192
v 0.0724117102497108 0.391184075120654 -0.256348800422596
v 0.123993327184449 0.387300622890274 -0.243745867477065
v 0.108447617096176 0.377462997558266 -0.230217591223077
v 0.118736935544292 0.370325279279848 -0.238739173574179
v 0.120103850189363 0.409185689625728 -0.241541534061955
v 0.127991685966826 0.402925494283607 -0.248812893802586
v 0.102377061843837 0.399436238800071 -0.232137361135279
v 0.10923027931225 0.413086095397077 -0.238432679647968
v 0.0959890909899407 0.383969034334479 -0.227445056177135
v 0.118426669275791 -0.346686963358329 0.190705665489131
v 0.127367621314006 -0.345892850076855 0.157784598933032
v 0.140141975199754 -0.334448205422864 0.129172980191958
v 0.132763920455575 -0.339316859424605 0.160010513262885
v 0.0800781900907 -0.352544014476512 0.235898983630561
v 0.101305240650692 -0.35715675381236 0.212583489449538
v 0.100911400363633 -0.354461484844515 0.21748570582388
v 0.0951213281384765 -0.368168298503194 0.202875608212402
v 0.110842593770142 -0.358015623445747 0.182817559718243
v 0.0840854967248387 -0.360033382812114 0.220395863959893
v 0.0997214342771225 -0.361969139099532 0.206468282831269
v 0.126379420396796 -0.350281918100391 0.1270343399946
v 0.111182709239864 -0.363423512569108 0.153976436135697
v 0.120807169557235 -0.353334910695502 0.155549573707568
v 0.0458696887027455 -0.338867576573811 0.256734782760025
v 0.064559846694021 -0.348929865818214 0.236534719905869
v 0.0621447050956471 -0.345653320308818 0.248376398551598
v 0.0197444385086277 -0.335553312465461 0.263264532540855
v 0.0337766038983874 -0.344258386410451 0.248144161905089
v 0.0322505520320318 -0.33585536717521 0.261597575882722
v 0.0384393851220287 -0.363387904098671 0.21974132155803
v 0.0519270953005948 -0.353710207236953 0.23207115030386
v 0.0193309542321446 -0.352551543559965 0.235584889341682
v 0.0357368693423925 -0.352781369872023 0.234824967304454
v 0.0732019538515977 -0.363817823449559 0.216648356444566
v 0.0677351003652968 -0.355926907765067 0.227443383550077
v 0.0556689259514046 -0.323926238778109 -0.0236883365617311
v 0.0352279159163307 -0.325850600315937 -0.0154886883808947
v 0.0153584173770219 -0.320983435536799 -0.0340661592150017
v 0.0342270073840387 -0.323267260909094 -0.0313695202433022
v 0.0988329765714382 -0.335575769200346 0.00692750087554265
v 0.0749976187172853 -0.330326350029823 0.00232514177984304
v 0.0780491665923152 -0.32819159944678 -0.0106073504459698
v 0.075275645442453 -0.347970912092372 0.0281390041318415
v 0.055176080278618 -0.335104914224979 0.00628865815557249
v 0.0907663707625216 -0.345023447564208 0.0251274168568109
v 0.0732598880496814 -0.338519509920159 0.0141155461132222
v 0.0169735196742666 -0.335461235457469 0.000682470215373125
v 0.0380301476854934 -0.346638069575117 0.0216243920836904
v 0.0362273085409622 -0.334567318499287 0.00179459250865398
v 0.12934444946326 -0.334344211936266 0.0657264236618361
v 0.110962092695664 -0.343872740674734 0.0386699971471052
v 0.116280823031843 -0.337127866488957 0.0342886900811965
v 0.131941779405884 -0.341019680271369 0.0977591602467191
v 0.13863494794028 -0.333350771876118 0.0976978870630894
v 0.113733311170603 -0.361612939740888 0.0963203089340098
v 0.116899931028953 -0.350762976413175 0.0683421153974012
v 0.124161039988938 -0.349770323827823 0.0975067667989712
v 0.0980504635424059 -0.356939710376874 0.0455875566341121
v 0.106022515880897 -0.350697059860793 0.0429582327986649
v 0.0187972503420313 -0.379018164438093 0.200351399289422
v 0.0464298657948681 -0.395460567811388 0.179372412185533
v 0.0642232623199093 -0.376369058215725 0.201793491633886
v 0.0422218870728667 -0.378171105272344 0.201127217409796
v 0.0529211287031464 -0.419600984390513 0.124999222828516
v 0.0774217612025026 -0.39976706825562 0.155428156765259
v 0.0188472946094443 -0.420785924364041 0.154187028331542
v 0.0507695355521337 -0.413315330354193 0.155070051713461
v 0.0917894056417858 -0.380322611644119 0.181727203870894
v 0.0992992472035081 -0.378435039349045 0.12443144086907
v 0.0961449321763243 -0.37907608156331 0.15383921802239
v 0.0833378465535672 -0.374562158342867 0.202754027064308
v 0.0186213502233704 -0.409124459395442 0.0967284414021889
v 0.0449428260603765 -0.38247131666689 0.0702697674936759
v 0.0768851934107592 -0.394916380594327 0.0931052362898246
v 0.0491687068776894 -0.404044187005087 0.0956268657789737
v 0.0629105759952782 -0.361201781016445 0.0451415720201417
v 0.0186082308106273 -0.364509755805931 0.0448104689432534
v 0.041224057717827 -0.363070770996696 0.0448154838568534
v 0.0926153385575623 -0.372802280343641 0.0667510055374447
v 0.0826308725168339 -0.359538500596216 0.046119375791871
v 0.0989504306263135 -0.379694762756309 0.0934229968188001
v 0.103907823153503 -0.109664005719963 0.427864943037716
v 0.0926021690468457 -0.110015984788073 0.440709841338219
v 0.0915307546552496 -0.119413803035385 0.440025482291024
v 0.102901248890783 -0.121767438072648 0.427447762555148
v 0.0970735498713502 -0.11490467841766 0.434659175421567
v 0.0778433240460396 -0.112889725409862 0.450753933218963
v 0.0844848760886361 -0.115768988537033 0.4476358970298
v 0.0900399037230388 -0.101431520927248 0.438770952957324
v 0.0858386673360111 -0.109490346691399 0.445394875770626
v 0.0880738342805129 -0.131111243520607 0.441261456430773
v 0.0770773892406884 -0.12543676576247 0.451908318277794
v 0.0847994284342016 -0.12237271599272 0.445802797381422
v 0.105741660448409 -0.139117736292688 0.422778287395847
v 0.125810629657442 -0.135815290098062 0.402577973643178
v 0.115158164523483 -0.117237845651278 0.415439220725571
v 0.112511031863663 -0.129355982974123 0.417119402081587
v 0.081122165159345 -0.147792690324767 0.445978145901829
v 0.101996222174 -0.161993736037501 0.425124348410576
v 0.0947324469648728 -0.144444460042227 0.43323066352571
v 0.124570183082116 -0.182039483806537 0.40205748821137
v 0.0899045665013007 -0.186924009652408 0.437111544032399
v 0.106482783191488 -0.183591187039047 0.419958502481704
v 0.142723011821315 -0.160575774737597 0.383987496831404
v 0.144002936521681 -0.183525685367696 0.382294345328158
v 0.145493398095131 -0.120037397071857 0.384412068727128
v 0.144235359040186 -0.139685694384391 0.384275916865057
v 0.126781488611618 -0.101273661994356 0.403024881023841
v 0.108976404306569 -0.0936673658531227 0.423139362786795
v 0.113976194211669 -0.104731034435401 0.417489526342159
v 0.141994655867048 -0.0803434862436638 0.386211064012108
v 0.143851686727966 -0.100327659538321 0.385857425022722
v 0.12784741763381 -0.0572853105475605 0.395356319486473
v 0.143200437350842 -0.0600690174937209 0.383503274594228
v 0.0904056377309179 -0.0554850681511471 0.39781358441749
v 0.106178331069239 -0.0730824664088651 0.414776788107017
v 0.109976816883679 -0.0555931954276856 0.399177653852056
v 0.0821428089583614 -0.0894127079293114 0.428950212034521
v 0.097952793799634 -0.0890320547388138 0.427847797541102
v 0.0321061096503128 -0.104731605715527 0.447991802852328
v 0.0494493163595516 -0.0895111507813791 0.431369893179093
v 0.0341162317108188 -0.0733716905812818 0.415597185670095
v 0.0171002216238056 -0.0898870984527532 0.43274698356659
v 0.0332284844731507 -0.089783886305935 0.432334069206466
v 0.0692918134377527 -0.0730515055625219 0.414194323238898
v 0.0613574271190566 -0.104135708182609 0.445444566723557
v 0.0658624669190363 -0.0894766241428842 0.43023130736189
v 0.0529978279687971 -0.0558290122675536 0.397588145421229
v 0.0714910934227925 -0.0557314529105252 0.397296820903299
v 0.0168446108155382 -0.0559672694310605 0.398312690061162
v 0.034838532884459 -0.0559684011188143 0.398005564725803
v 0.0554680141688069 -0.189269475981981 0.459345704192491
v 0.0358733675884584 -0.170054863119486 0.474627374264912
v 0.0174557172940989 -0.188506412692352 0.461809437434498
v 0.0366195045504561 -0.188372830654421 0.462402539862866
v 0.0707054030843243 -0.168455340554377 0.455354605003394
v 0.0734104843673619 -0.189061087499352 0.451143310992781
v 0.061570301856235 -0.140556035973258 0.462634852254678
v 0.0514979855412301 -0.152302695043416 0.469893160758478
v 0.0665517447290154 -0.151034236007946 0.458388901603431
v 0.0172635103805952 -0.154443853463836 0.469827370932068
v 0.0340946736087646 -0.145322336359171 0.471313936369306
v 0.0350989506841738 -0.153870930631978 0.473677573177084
v 0.0695445298422209 -0.124624863834569 0.458233696826167
v 0.0611173074497283 -0.135640334593284 0.46609112496267
v 0.0647655246493131 -0.135315839249438 0.46140864613296
v 0.0686123395220626 -0.129966359332303 0.458662750385019
v 0.0648457042637739 -0.116033961038544 0.458875825232778
v 0.0605526987013935 -0.127493226151812 0.46696321436824
v 0.0692347441229409 -0.119396611170387 0.458693424635928
v 0.0465034609142534 -0.140666348979678 0.481096893454164
v 0.0548904982277992 -0.138497614486097 0.47382462992078
v 0.0507463987004114 -0.132472666485879 0.477457914564378
v 0.0536197302931365 -0.134878600469905 0.474922801617179
v 0.0516100693470533 -0.144931247962006 0.472433343652923
v 0.0468368610926995 -0.146895688000745 0.477109442175806
v 0.0545952284554257 -0.141806492267739 0.472730496519485
v 0.0434724006412316 -0.116392228390156 0.461587240135708
v 0.0497774912371658 -0.124787263749562 0.472526179971591
v 0.0557185544968382 -0.11540266677137 0.460324413241986
v 0.0171818091130954 -0.117733544612206 0.462835456292734
v 0.0284765289171558 -0.128025404604445 0.475078625133291
v 0.0304796617926264 -0.117338891862202 0.462568777201171
v 0.0244308551796268 -0.143088745505981 0.492773096890249
v 0.0357847617096053 -0.134732333523063 0.483494771117811
v 0.016829955786927 -0.137020554004358 0.485735546496583
v 0.026329595159971 -0.136650230568404 0.485090374094399
v 0.0406115630336334 -0.139106228358822 0.485653040106272
v 0.0444090426308954 -0.132711626459077 0.480869150992314
v 0.0459122734179337 -0.144162620663454 0.471283098762898
v 0.0296807214209293 -0.148051362575819 0.476270847019511
v 0.0172524926151585 -0.143988889151432 0.474056657797591
v 0.0319811701894899 -0.144713435331556 0.474433179654336
v 0.0509988880448086 -0.144430965585233 0.469875223300811
v 0.0566222722055387 -0.140860244974999 0.466074451864428
v 0.0415460941416276 -0.151358832803015 0.478334468689484
v 0.0374801378903024 -0.151139872826527 0.47762252449688
v 0.0463730281971308 -0.148717833028243 0.475159279922852
v 0.0170701398143982 -0.152872893343144 0.480639918031357
v 0.0263414877220212 -0.156926427943766 0.482948307234288
v 0.0276637958384602 -0.152503490245777 0.479816163286896
v 0.0313263506438367 -0.148146316436862 0.492594671498489
v 0.0396992229045389 -0.149325584799554 0.485600091768356
v 0.0390530427252375 -0.144614989874908 0.486860833417384
v 0.0186741232562618 -0.148322632693066 0.493635155597296
v 0.0258311577107368 -0.153701668647169 0.490867981362128
v 0.0247606586208204 -0.148781483791406 0.493616780767077
v 0.0336011224858834 -0.155933373022452 0.485873013292336
v 0.0180100702829671 -0.157807495637707 0.48773971392178
v 0.0262645330058462 -0.157715886512755 0.487179217202482
v 0.0406032789530323 -0.152090409495963 0.482221875540972
v -0.165873869677464 -0.283269527660221 0.100118786070783
v -0.150014313408802 -0.295252902053786 0.0666569398132053
v -0.136476873889435 -0.308040122660666 0.0990152673990261
v -0.149583372559236 -0.299535519897501 0.132560190582165
v -0.151176482271756 -0.296020312243644 0.0995021759482467
v -0.141598875873503 -0.318541609953511 0.0146421477211692
v -0.12597113909596 -0.320901465571288 0.0421905829039034
v -0.163447140721432 -0.278796585003541 0.0300969465715297
v -0.144914061093341 -0.29936535888277 0.03624190063409
v -0.0881460325640138 -0.345068892579644 0.0360128487185909
v -0.116794329883549 -0.323397609484919 0.067141411283565
v -0.0970138298628807 -0.352455246796974 0.0214859476089925
v -0.106155990421342 -0.336171919185778 0.0397523688479034
v -0.123206727528959 -0.321568222388638 0.131199337260812
v -0.111326633325682 -0.329553237263276 0.0983722083580952
v -0.122770884432669 -0.319528972893157 0.0986900434504577
v -0.130815868085118 -0.315507748635081 0.163566858680453
v -0.140223646225853 -0.30962129413108 0.194161469973783
v -0.160661277414917 -0.291133321861613 0.165401293655236
v -0.1457038455701 -0.303452662192907 0.164402166521931
v -0.105360332696223 -0.335512881181302 0.161989647493284
v -0.103995359126168 -0.333883599814387 0.193169519839734
v -0.11683845842978 -0.326620209711511 0.162786511196406
v -0.073690367621211 -0.361482593154553 0.237159710359762
v -0.111161826486739 -0.336608391490918 0.215703093487254
v -0.0701621489514377 -0.351867634166627 0.221151586502855
v -0.0883046160865635 -0.346802823909159 0.218964566475927
v -0.153689900251795 -0.302688280639629 0.226557764996154
v -0.126235991107114 -0.339869135172193 0.237895915270661
v -0.133536897489875 -0.320214201740784 0.21995149018025
v -0.162769119750187 -0.236994540845371 -0.124371017209863
v -0.132594278524173 -0.203091871789965 -0.147724087417145
v -0.114155652317316 -0.24099361249042 -0.162334006538161
v -0.145500926190059 -0.279758367478227 -0.142556916226196
v -0.139617855075185 -0.237332764648171 -0.143605427304301
v -0.122021645590913 -0.151313459420622 -0.152365136646753
v -0.101813079185897 -0.183168754236631 -0.172923843513107
v -0.15057652723218 -0.17170501122989 -0.12796656647586
v -0.126246622153788 -0.174907317385997 -0.150995572628928
v -0.0546710941217781 -0.205102026239435 -0.200392939792686
v -0.0828121842042654 -0.219245713243433 -0.183365103702383
v -0.0752773856427109 -0.170161826927569 -0.195878921769183
v -0.0794859048769619 -0.195446538956854 -0.194057460112202
v -0.0865376859757776 -0.279881983388836 -0.149204827539625
v -0.0556814697264729 -0.245697319226111 -0.151576618820841
v -0.0847511003149231 -0.243701430675751 -0.165095260729126
v -0.135937406470326 -0.0701755214424901 -0.130687796323608
v -0.105698209927771 -0.0890003469919723 -0.161598168762705
v -0.124416526690082 -0.111913067943411 -0.147129860370065
v -0.154322524885261 -0.0956373003697515 -0.119113020937511
v -0.12931641468338 -0.0923157833756302 -0.140335642183992
v -0.0605801823493122 -0.0848281487947379 -0.203300344099503
v -0.0773003662697298 -0.116013898424369 -0.190433436839421
v -0.0918472842877568 -0.0545439264708741 -0.169878386059103
v -0.0829248242572441 -0.0857044603576677 -0.18285407656308
v -0.0974955526461023 -0.136226445627979 -0.173848048099534
v -0.0537644054368514 -0.152455959595474 -0.212338719976626
v -0.0746859900672406 -0.144030429100169 -0.194676891621271
v -0.1474883914057 -0.129298242786159 -0.127443855051439
v -0.121787765912851 -0.130924669481305 -0.151161699161138
v -0.12041826999845 -0.316361972282071 0.375308068670542
v -0.0961462320671718 -0.280775032733682 0.391585010214713
v -0.117358043510632 -0.256504352145174 0.376081395967525
v -0.13944896647101 -0.284973099757873 0.357653368192061
v -0.119442658349379 -0.283038061044089 0.374792501399239
v -0.0406479388616938 -0.271602803988054 0.391063191567085
v -0.0728909105956981 -0.254624566124084 0.409519111095056
v -0.063600700783932 -0.30953392329333 0.389398610019244
v -0.067814219901013 -0.276272385421778 0.397526874913558
v -0.0743194738015489 -0.211845419104593 0.417502316615413
v -0.0958550375645727 -0.233413136549603 0.398487332798594
v -0.0532194153934296 -0.233433404800199 0.42598479897397
v -0.0751572740984063 -0.234006549030668 0.415762007490381
v -0.132804404598226 -0.235252049396264 0.358987316895085
v -0.111558892743938 -0.212220301343168 0.379958369595904
v -0.114664733368905 -0.233853625401546 0.378154828904055
v -0.195208432866057 -0.283191071627853 -0.101314777445381
v -0.206452509500886 -0.245005982764621 -0.0754704515130752
v -0.178582579504962 -0.204161718875705 -0.102456651794608
v -0.184123468834609 -0.239893603917935 -0.101754906031533
v -0.186390266941686 -0.253995107952292 -0.00897148496795482
v -0.216461403462232 -0.221571657534629 -0.0456415989181534
v -0.187861862669885 -0.288634839137376 -0.0424794739752993
v -0.200702253460885 -0.249492563486611 -0.0441584510780862
v -0.225250133501816 -0.173783464695614 -0.0423465991014071
v -0.201204109586979 -0.183305186850474 -0.0747322440012125
v -0.231597657030649 -0.210836627336394 -0.00868318827040149
v -0.224927024567287 -0.197311128696446 -0.0446363946023248
v -0.173434450446849 -0.15149619074534 -0.102190255674621
v -0.175089263479975 -0.174932187276385 -0.102557204676985
v -0.177731338547355 -0.273264071976768 0.134847000217089
v -0.197816240373301 -0.251647766737166 0.102604425203765
v -0.183840876494998 -0.263572386997422 0.0656831916393072
v -0.180819897389464 -0.268439101888113 0.101040129138232
v -0.235113455223728 -0.213540470027929 0.107113517337844
v -0.222302253003515 -0.227004273750321 0.0682739999572228
v -0.213543134000635 -0.238096062247993 0.139725060248562
v -0.216405203005046 -0.233163685226026 0.104674667234588
v -0.206633781944733 -0.238852891230593 0.02976460805799
v -0.248889113078403 -0.20137333865193 0.0306001400438049
v -0.227802235035073 -0.2195569455937 0.0304400846802328
v -0.185357403004545 -0.259685259324676 0.0291684729656034
v -0.210639482117644 -0.128117318436346 0.109969517493793
v -0.231114888021063 -0.145350072271863 0.0720853042319636
v -0.246029803823189 -0.165887096041146 0.109140817767026
v -0.228740664468542 -0.14680652963828 0.145363740650822
v -0.229161214725458 -0.147043040655503 0.10891335382812
v -0.223188391743559 -0.132769913603539 0.000254842410775714
v -0.247333160101264 -0.158227881120592 0.0319950715522921
v -0.21134206594929 -0.122318689683514 0.0406641062424275
v -0.229565371962309 -0.140777012331687 0.0357053770830695
v -0.256951003302888 -0.186026174542054 0.0705376096212994
v -0.244129703655972 -0.167708083776421 -0.00705074207153625
v -0.256993923525724 -0.179371011608725 0.0306174452467357
v -0.243674390905908 -0.195059919585229 0.143762052274647
v -0.247006717645009 -0.190112082910334 0.108891537445219
v -0.176919568040238 -0.116786246897722 -0.0997289327675464
v -0.201040074862273 -0.108936108535178 -0.0677599868165999
v -0.17924078444055 -0.0834035090319242 -0.0874222700192589
v -0.18135900151164 -0.0998572535494104 -0.0964244019344956
v -0.202847549092714 -0.140900097957004 -0.0739278028040133
v -0.174284567966159 -0.133026017078541 -0.101537813745062
v -0.223111739562168 -0.136214597366727 -0.0400067686764515
v -0.227110770392737 -0.153185334690269 -0.0423971345402361
v -0.199499143116406 -0.106188980040921 -0.0259293285420052
v -0.213663531620131 -0.121279472061174 -0.0345836822385684
v -0.152617218324339 -0.259236285880121 0.338129153166992
v -0.175811849996677 -0.287063853715305 0.316133807589488
v -0.161828071020947 -0.31948198464052 0.338747367118585
v -0.156751060175544 -0.286238065586419 0.338201978626012
v -0.147699989613429 -0.21465112884601 0.339006714885096
v -0.167359515347305 -0.236800550007575 0.316115976385946
v -0.149704864201196 -0.236148782013787 0.338444233837649
v -0.200490162073398 -0.242586034288314 0.266442305802436
v -0.1862646328413 -0.26180593023431 0.292714551623215
v -0.183674304718955 -0.215979329601303 0.292196318367958
v -0.184617633090011 -0.2383462107127 0.291985564524736
v -0.170170058270734 -0.318486301492342 0.28973032360621
v -0.171002804355507 -0.285690359961282 0.261326212606419
v -0.181194307795489 -0.287002910752372 0.2913097486582
v -0.148528848913456 -0.124209336782173 0.345800794810236
v -0.167783545379182 -0.145345340825954 0.322446324330017
v -0.147327654999742 -0.169233750811789 0.341532405685665
v -0.128823273401201 -0.146408237656175 0.363232206794147
v -0.148104725650512 -0.146575095533149 0.343263404595378
v -0.197854238498724 -0.144239815791356 0.271371300185948
v -0.186325999706008 -0.167853856506713 0.296320563056362
v -0.177893295639952 -0.122443056916686 0.299525229174567
v -0.18528051412007 -0.144180038388909 0.298944895724624
v -0.165934328927336 -0.192301498224326 0.317766863426514
v -0.200832155561776 -0.19350418346251 0.267227306962618
v -0.184377177389098 -0.192385631616224 0.293634927332605
v -0.128456616658919 -0.191139621056587 0.361394605819528
v -0.147104403319084 -0.192162853986633 0.340161058295049
v -0.238250100050188 -0.170736004520143 0.178716023930401
v -0.216066308337203 -0.146943023104878 0.210832413434036
v -0.203849586136673 -0.128801885815704 0.177519525210219
v -0.224208274210188 -0.147489070090685 0.178754578955108
v -0.231857906208763 -0.222100693697768 0.177261021234698
v -0.227634744047458 -0.19698649102426 0.209013195289721
v -0.242185174573279 -0.198092027354692 0.177737881587346
v -0.215209475631602 -0.169113781315798 0.241283114771799
v -0.214606753984169 -0.221813572412876 0.238546405471601
v -0.214919096185507 -0.195547266827523 0.239054210646118
v -0.190668508772991 -0.126674930681275 0.240549218683161
v -0.20714981679722 -0.14569103565585 0.241632076432071
v -0.173932755443595 -0.280045910137394 0.198896449338434
v -0.192487910928561 -0.260060541435231 0.17005464441907
v -0.175697719746185 -0.276819085734744 0.167275390884124
v -0.190355814316819 -0.264465426483665 0.233377064921902
v -0.171970703124887 -0.284082781716194 0.229879831984935
v -0.211076950354819 -0.244835002119018 0.206480378706181
v -0.208394654673743 -0.24553179935639 0.237536469005559
v -0.21154692700797 -0.241676654660735 0.173557680447563
v -0.119856590026637 -0.0138556735840069 -0.0239681727725322
v -0.104360270376936 0.00141969634013949 0.00369788663849159
v -0.0930122128253242 0.0181959944996204 -0.0191934651173334
v -0.111454666669447 -0.00109333357436856 -0.0428931797906236
v -0.105999088612889 0.00246902138459392 -0.0193154735081327
v -0.106501731178996 -0.00933812584599166 0.0508864211231578
v -0.0894306141111888 0.0160566329712473 0.0314603712096399
v -0.122110050064804 -0.0232095440089385 0.0203520621333508
v -0.104794371371678 -0.002641216455884 0.0269975546240692
v -0.0633989125937899 0.0502133269762058 0.0391077307982099
v -0.076569719897162 0.034850061079064 0.00835284415108385
v -0.0768761214077531 0.0286567485702808 0.0604134745413878
v -0.075931499068606 0.0334629294508671 0.0350522757304389
v -0.0870643100843962 0.0285575119301998 -0.0524558751108114
v -0.065182286757515 0.0487046413409485 -0.020122249330106
v -0.0800509096344692 0.0339448461068444 -0.0205994232628153
v -0.112035162449427 -0.0396729046813761 0.156014848392651
v -0.0958856178502478 -0.017422731395229 0.131662861960105
v -0.111957358462249 -0.0259033438818612 0.101218191740371
v -0.131218896707181 -0.051505965473549 0.124117820890746
v -0.11303206460814 -0.0338382200852959 0.128038111498883
v -0.0637626736341348 0.0119178963290301 0.138308217044914
v -0.0795452207817465 0.00861223925160979 0.109645813651139
v -0.0774360716897392 -0.0108600271458379 0.161795403521027
v -0.0795286419864485 -0.00217866711504591 0.135088147106884
v -0.0929234101897036 0.00167718461233074 0.0803217810758964
v -0.0651182375775262 0.0367058307149448 0.0898419496975431
v -0.0783290769727826 0.0195567323321571 0.0848960250489307
v -0.127931759633858 -0.0376138612506154 0.069887355467937
v -0.109449444141539 -0.0173017115292169 0.0755337612354384
v -0.106257867307385 -0.0483661823536722 0.371225968979622
v -0.0893291672294688 -0.0321094598160046 0.356632176607903
v -0.098136577787375 -0.0403867660910582 0.327418145703594
v -0.112895127610712 -0.0545648558612747 0.346807958132326
v -0.100932790706193 -0.043145382917627 0.350693124603575
v -0.0599250235448493 -0.0172008831971547 0.362279886013043
v -0.0716681595979515 -0.0164383569391704 0.33492099667793
v -0.0766199343788039 -0.0380787659631566 0.381506474787627
v -0.076009061878595 -0.0226947899669646 0.360530986622281
v -0.0671898860345283 -0.0108461558727654 0.279678612656539
v -0.0825473514614263 -0.0254082440812284 0.304555316811113
v -0.054575595142098 0.000262069283389422 0.311468475839974
v -0.0684855941990078 -0.0125845040851448 0.307876842077367
v -0.112589453412223 -0.0532516539312244 0.299481570961868
v -0.0979767067535709 -0.0385506349554912 0.274034872053153
v -0.0971155031243626 -0.0387985424686755 0.301662932334639
v -0.126890414588656 -0.0575102649432412 0.182632918186826
v -0.104730648823187 -0.0412978157236812 0.215240772901116
v -0.0915351408964051 -0.0269958702042484 0.187990157190107
v -0.108985885190953 -0.0416517192427446 0.185290940101271
v -0.0841165173189906 -0.0253438610679461 0.247661706163852
v -0.117841648191184 -0.0554456954724445 0.242809519255451
v -0.100669208714804 -0.0398466653203481 0.245066223625386
v -0.0518108690988343 0.00190835957546407 0.252878772388266
v -0.0706077240103709 -0.013074775849533 0.220307788177593
v -0.0679248086114272 -0.0115610253103946 0.250336750227717
v -0.0568249061207563 -0.00125185902427013 0.19219205789113
v -0.0742552507878365 -0.0135501566856212 0.190473852328332
v -0.188164618341654 -0.110262450455379 0.145183758058342
v -0.170677455657478 -0.0895436175127836 0.11582492580567
v -0.192019052689309 -0.106424856299259 0.0795624333355565
v -0.190865286836241 -0.108964651443237 0.112379530968823
v -0.150294547659062 -0.0652893106641763 0.0908264342757933
v -0.148986083723438 -0.0735718792320764 0.149757224139465
v -0.150612828516139 -0.070255969701397 0.119897274559906
v -0.145490544559924 -0.0521011148212393 0.0358341241216516
v -0.169866367542402 -0.08083679353742 0.0549437924678939
v -0.148428780800659 -0.0590772180399459 0.0627525257869311
v -0.187787602955438 -0.0959436013158247 0.0159435346104647
v -0.19112312314371 -0.102192731410664 0.0473200629595292
v -0.156973232718793 -0.102056678716779 0.325068996578097
v -0.146290231549735 -0.0864432261861575 0.298084979448053
v -0.167892126344843 -0.106224986272838 0.270041505593043
v -0.163656187700587 -0.103749109218252 0.298830862997035
v -0.127854483614383 -0.104161490576146 0.366670680860068
v -0.136955401116918 -0.083045383497826 0.348249988633635
v -0.145013540002952 -0.102566158537175 0.347834486064647
v -0.127244895124695 -0.0683067593537282 0.324193636032809
v -0.120029157827578 -0.0666468580849526 0.366605958361798
v -0.125978822878489 -0.0672059369539424 0.347244342547238
v -0.131920203858924 -0.0706064038722348 0.270474080932101
v -0.12898178589183 -0.069502816303955 0.298372277140899
v -0.12323567206489 -0.0350417027827106 -0.133767938921471
v -0.112603174342288 0.000928835964726844 -0.122586078316309
v -0.0893743593980071 -0.0121391663973946 -0.163822648113679
v -0.1039410167542 -0.0246213553701734 -0.149591446541791
v -0.157700928259098 -0.0547739437501833 -0.0965326460487307
v -0.136048981688364 -0.0250716819215054 -0.0938468893414687
v -0.14267028948092 -0.0445334640984454 -0.117049972854052
v -0.112125014763297 0.002943033088602 -0.0776878745949096
v -0.130515495493482 -0.0227651219673827 -0.0548539906504916
v -0.122424321218604 -0.0109238779346788 -0.0677286876779039
v -0.0921703402805261 0.031069701651106 -0.0983292514240583
v -0.101752364199466 0.0178691357170389 -0.0877003795049931
v -0.140813930020853 -0.0738622820205808 0.210939218776524
v -0.154489325599808 -0.0901057698299985 0.240247429432412
v -0.13598443026542 -0.0723406502811055 0.241189533132155
v -0.164595215358638 -0.0922439178716457 0.178454021294656
v -0.145521706657942 -0.0744803071548171 0.180272709934009
v -0.178538787829118 -0.109750379378499 0.209105928355048
v -0.184013985929834 -0.110445251448834 0.177443438949631
v -0.172864860387964 -0.108308114637135 0.240039781574927
v -0.162480810212676 -0.0668204847458451 -0.00205585011565589
v -0.174631988554679 -0.0779980426169446 -0.0436824612666526
v -0.182028698166221 -0.0877398199702882 -0.0145716826592596
v -0.138547883948712 -0.0376309210693921 -0.0139941583544852
v -0.142016568828383 -0.0448732756233354 0.0101303693960855
v -0.151085679069194 -0.0487714821063245 -0.0530709591847432
v -0.13526506359578 -0.0309732881839621 -0.0362460928821617
v -0.166366832462229 -0.0670477599071276 -0.0710689184683839
v -0.0911759343750135 0.0209728957267912 -0.143702519483891
v -0.0807137603459482 0.015256447645372 -0.183049216119627
v -0.0623746983240351 -0.0172217149058183 -0.199528377055318
v -0.0791755296634106 0.00205842416088921 -0.173089750371213
v -0.0680276289257116 0.0548681185237201 -0.0828383030895754
v -0.0805210400601738 0.0447304714290701 -0.12405306944288
v -0.0851267271999777 0.0395290662362756 -0.111172089647942
v -0.0949434529747632 0.0620024850654475 -0.14108590102105
v -0.0967383908470038 0.037560392610565 -0.162421863931355
v -0.0651828219805833 0.0660453075552274 -0.111559876877205
v -0.0856745287548426 0.052159709770286 -0.13378840850998
v -0.0757742014788808 0.0105530985852951 -0.224862853584344
v -0.102110688916534 0.0374318696135114 -0.209712506688275
v -0.08951810549272 0.0248710051298891 -0.195617163949567
v -0.122046049058068 0.0633267194394698 -0.18302135671096
v -0.146811727053254 0.0737843728254693 -0.238587240381248
v -0.119452746495931 0.0467362961302753 -0.265308232668467
v -0.121870859378293 0.0548707874642646 -0.224245216730104
v -0.0799261142752924 0.091440071604565 -0.123500814016069
v -0.116985291014988 0.0957612206891389 -0.156710968573649
v -0.105924024223176 0.0766732721046262 -0.148565229418486
v -0.133179433700579 0.142022191110048 -0.17430550048805
v -0.155653534418632 0.105003701959615 -0.205043565106451
v -0.0953069626536364 0.132498559852206 -0.133108884110847
v -0.126188861883888 0.118087984853251 -0.165301771191819
v -0.172178547889736 0.0846516446063182 -0.302651373785981
v -0.190810782373695 0.11701567661516 -0.267782097982175
v -0.170981832248992 0.0936031509301923 -0.253372515450708
v -0.14239543071224 0.0585025067411 -0.323301084335004
v -0.114778095996497 0.0326157642213875 -0.336061921261555
v -0.0926052841340788 0.0214772441290504 -0.290530413669943
v -0.117921707238133 0.0401023156288764 -0.303557715868847
v -0.185775461686619 0.0897673508544692 -0.36793516134488
v -0.154467191643323 0.0632733030206161 -0.377490287836925
v -0.164926180594879 0.0751092076332289 -0.344954412280846
v -0.127166824373804 0.0356977512771166 -0.420194867999287
v -0.126322168920775 0.037144583636482 -0.380599930493552
v -0.155441480662586 0.0625222491592398 -0.422887162429045
v -0.141833328375749 0.0505054726848227 -0.4016681366924
v -0.0901412932076265 0.00993863205229628 -0.346392374671057
v -0.0997491481089511 0.0126971217012438 -0.378695923937431
v -0.109112205479553 0.0240554788758276 -0.361069095537801
v -0.196543408424427 0.124509467060937 -0.343884549053521
v -0.173794963019937 0.133233475135082 -0.40149895721321
v -0.17379886262124 0.0951958567813658 -0.418732836931479
v -0.189205810864786 0.109864159498029 -0.388483274431943
v -0.127251102776338 0.169628506138406 -0.429867818152421
v -0.14798020992062 0.137545541408921 -0.443337222795414
v -0.151228743269188 0.168614165374797 -0.379242608550149
v -0.153464158003051 0.155009753239042 -0.41554769633906
v -0.121091700529776 0.10797663134187 -0.474788170717989
v -0.146353122039665 0.101206291468889 -0.449270643212854
v -0.119306945300662 0.133401580513136 -0.470064998935859
v -0.13511098607115 0.119190172059016 -0.4591262536533
v -0.137802810072911 0.0683455317487032 -0.457170053729803
v -0.15615049261959 0.0806442890385948 -0.439437790720831
v -0.144194696725185 -0.46518872916649 -0.135398863942525
v -0.111019916400075 -0.496817062983171 -0.107545791793981
v -0.140805716563239 -0.490510450180175 -0.0708511341239835
v -0.167814366103265 -0.462571543186103 -0.102999337936028
v -0.141630684866834 -0.48339145967247 -0.103910206049704
v -0.0559890679781603 -0.466003229982834 -0.101813838204952
v -0.0801231192398267 -0.492673267425017 -0.0733511639165492
v -0.0843278258823068 -0.466958856213144 -0.130713353078778
v -0.080480146918622 -0.48694698259483 -0.10558140260027
v -0.0840385765562956 -0.473389209158584 -0.0152966294954797
v -0.109690000176933 -0.493020082675907 -0.0368194086499119
v -0.0617280703798703 -0.46832507535464 -0.0456228220057003
v -0.0814217950110575 -0.487162544208689 -0.0415179416079811
v -0.162526474828441 -0.462456944122518 -0.0397657698773942
v -0.137281194912432 -0.467760912323324 -0.0108128371950358
v -0.140582758735253 -0.48453029722194 -0.0384612264308811
v -0.137225099848786 -0.469347101362728 0.344888486451219
v -0.113629871670227 -0.496569071413183 0.316748181947154
v -0.0892024357143216 -0.49514135177442 0.35174319833353
v -0.117314208962666 -0.4700686531408 0.374193200400427
v -0.114923669583254 -0.48715473445014 0.346747449269013
v -0.11449033615188 -0.473747656104956 0.26199740654095
v -0.088558631400342 -0.498954291807555 0.284489457730698
v -0.134869232311104 -0.470415151960985 0.287983762670461
v -0.115292569131389 -0.490493084083396 0.286831440311641
v -0.0477768382939934 -0.471948404905542 0.293580068005711
v -0.0649922821988489 -0.490267209523644 0.319932734198034
v -0.0674859818408168 -0.476269955652478 0.264822749878324
v -0.0645854157094817 -0.490624671718402 0.288554500591342
v -0.0657406052060752 -0.469258182629175 0.374284639347466
v -0.0436666629042044 -0.468159671204766 0.348644200819121
v -0.0637578585057049 -0.486182002221644 0.350421064943706
v -0.141741430614967 -0.363185056791646 0.264102238330892
v -0.159131495790681 -0.40564870106191 0.286674417775368
v -0.182434435153062 -0.364101065925132 0.313896391931376
v -0.165345332497086 -0.362376324103225 0.286497858880843
v -0.15599738426352 -0.444522761969971 0.315224249149167
v -0.133214694478392 -0.439995885396268 0.266946935712422
v -0.149385239379447 -0.442491688869275 0.287412714154525
v -0.141352002613534 -0.437324482691936 0.368253225990258
v -0.169327059735892 -0.405833386997436 0.345546564665613
v -0.15611773991171 -0.442432327372031 0.345137697420788
v -0.146668742426075 -0.359855997543336 0.363301090502342
v -0.169526993715238 -0.361852896674584 0.340885877560491
v -0.0378141420001372 -0.356016211861517 0.371213788060606
v -0.0237995427656259 -0.406499877445186 0.349747607902407
v -0.00817052576907259 -0.379673150125273 0.319069620503219
v -0.0135605760101818 -0.330429143075562 0.348366726114202
v -0.018553168367455 -0.366373460509644 0.349239653077091
v -0.0272386453926872 -0.447922735212345 0.322268907840553
v -0.0466992163819239 -0.435747989012561 0.369270501336916
v -0.0300859915956423 -0.44155810767859 0.350173791783013
v -0.0484258119161387 -0.448564228845533 0.271002038410821
v -0.0252908644319171 -0.418528230206957 0.290413311602725
v -0.0337312468754053 -0.449227270936128 0.293535681587611
v -0.0150872142359756 -0.353758256766573 0.288133021491972
v -0.045104852579546 -0.386459703735595 0.265702283689398
v -0.020545205632886 -0.383767163315103 0.287739810104979
v -0.096903049763797 -0.385504501119967 0.236111784929725
v -0.119186976910798 -0.411543814874259 0.247246770146125
v -0.122737971570579 -0.37362786520187 0.244327872271305
v -0.067796179810769 -0.420116272638152 0.250071745369657
v -0.0687869694322139 -0.387640112204785 0.246310435070648
v -0.0923309105236597 -0.452261519921841 0.246415936888958
v -0.0675527181785563 -0.450382006104113 0.254367222466349
v -0.116556953944769 -0.4458663436386 0.250343898387667
v -0.0931074324743019 -0.356016137348384 0.403997571474259
v -0.0642217666533043 -0.399398700366405 0.39208309635281
v -0.061005411624146 -0.35449948537246 0.394443178341905
v -0.123130899146746 -0.400396001542722 0.392310695113627
v -0.122658834221176 -0.358247106024745 0.384381769227357
v -0.0935933663102694 -0.442202018773887 0.394049047289519
v -0.121253234139418 -0.438919163304562 0.387818983304016
v -0.0664974555220268 -0.438905634501901 0.38646078091323
v -0.207729037870391 -0.337470580960551 -0.0706197967782564
v -0.183010346795537 -0.388527142894346 -0.0395980658409402
v -0.162791260587775 -0.342896458174244 -0.0108182665774776
v -0.18519459271432 -0.338266470863642 -0.0393383410029529
v -0.175911916550051 -0.332706018095791 -0.12885769013626
v -0.203228039242502 -0.38846862945621 -0.104778196120279
v -0.202396760326534 -0.334960385723994 -0.102873575312365
v -0.187960087196403 -0.433831203559516 -0.0703688832447985
v -0.17197230719045 -0.427171138001195 -0.130110179530025
v -0.190971481482736 -0.432777179727372 -0.103358816285562
v -0.157289034611294 -0.429181178826563 -0.0161238047063671
v -0.17632561590656 -0.430332992338366 -0.0394303760534406
v -0.0585881633042589 -0.333518489113537 -0.119036864109483
v -0.086058801632194 -0.384932362336398 -0.142326981637509
v -0.116014884717626 -0.331616970995115 -0.162698364079351
v -0.0858917760627834 -0.330735061880739 -0.141784369137359
v -0.117380747757122 -0.435247605712146 -0.154555052365041
v -0.0612289316939496 -0.427868089779895 -0.120801205505016
v -0.0861622183216452 -0.430658488489513 -0.140998752178238
v -0.148780030220548 -0.384635607049257 -0.156197529727767
v -0.148344203314854 -0.430723569189864 -0.152497641906817
v -0.147685004942918 -0.331669276100558 -0.150753688519309
v -0.118424646566346 -0.373588852933485 0.0193316058312622
v -0.0881871564290083 -0.412442443860972 0.00282862665959167
v -0.0712128348914353 -0.375900519795097 -0.0146132939398872
v -0.0923110613394517 -0.378451432297352 0.00849647515427918
v -0.140684681620526 -0.399527733394506 0.00632132660634929
v -0.142815368286425 -0.357005267171674 0.0102094916346178
v -0.112219965201977 -0.445999094360855 0.00601243108894504
v -0.13870335316703 -0.437489068527535 0.00232801870365802
v -0.0644935193574887 -0.444223323195567 -0.0198309780655712
v -0.0858923103953801 -0.445044292512434 -0.00345445311171921
v -0.0373022446260643 -0.306774032319944 -0.093344846930613
v -0.0320886938826596 -0.35839463505907 -0.0656101037270135
v -0.0341516690495484 -0.392709702135921 -0.0967358587532992
v -0.0373374195484867 -0.344572684040717 -0.0953239219530513
v -0.0464705348953375 -0.408006569192199 -0.0413260423560125
v -0.0495396857565041 -0.335624133261992 -0.0394522221846959
v -0.0505981081295238 -0.368714313118967 -0.0393525507096839
v -0.0361809806654704 -0.442516393820642 -0.07181371546474
v -0.04702792460334 -0.443105134024365 -0.0423650382609603
v -0.0383750241369107 -0.435130864495791 -0.100214312238171
v -0.172702562518353 0.161248116589809 -0.312137641170539
v -0.149781909016808 0.202154561429199 -0.304622884417422
v -0.136432313652798 0.210491861140121 -0.363050907699186
v -0.153620953578757 0.184500632872946 -0.339854193529158
v -0.171170557679368 0.15647559673783 -0.233904136215224
v -0.190801964557291 0.140231710225508 -0.288813768324338
v -0.107882993977051 0.178416647173855 -0.144948061550494
v -0.138951959461815 0.188985319544097 -0.194423896305805
v -0.13909459399435 0.166989339252302 -0.184643004410174
v -0.14205381983212 0.22079211994217 -0.204480772300412
v -0.145683233102335 0.208429746364124 -0.244259165355947
v -0.123665491371729 0.215325329079266 -0.161041709010537
v -0.138082071012067 0.207428713549455 -0.199648084036282
v -0.129630803404768 0.243005067230067 -0.317907432606408
v -0.143364312550966 0.240642115902529 -0.279900828156544
v -0.141786954848934 0.221855730939646 -0.286253951821824
v -0.129924335991022 0.291600454927219 -0.182189726159409
v -0.171749129674826 0.274322547551636 -0.172122130338873
v -0.139237395525497 0.255146063553319 -0.163630310964467
v -0.099146734544217 0.271583579219217 -0.16509968925954
v -0.134392515288806 0.274548297159731 -0.167050881498626
v -0.223724515145996 0.280882002097164 -0.18924658449624
v -0.19629854518374 0.257161285392297 -0.183404655996668
v -0.203034601629514 0.292903403950352 -0.184305977093047
v -0.2017597314958 0.274559937066815 -0.178454132092489
v -0.181796279750633 0.241475878980686 -0.213701875501941
v -0.16685217352025 0.24089001998012 -0.186733876316101
v -0.205415662964972 0.256446447568763 -0.207936427240077
v -0.189296113271802 0.247486504559013 -0.196402891964582
v -0.123617065784528 0.236197742965004 -0.154147477137064
v -0.149171381446291 0.228017643962344 -0.188124059344608
v -0.143571459498126 0.238875735749159 -0.172460683479334
v -0.164115113281356 0.234708899113197 -0.228041728263333
v -0.15283005684905 0.236738555626663 -0.249021799410096
v -0.151836587280021 0.226753967724047 -0.215958216161627
v -0.196481864502891 0.25095869815868 -0.239918813012375
v -0.177836732044924 0.253279849755087 -0.261962968645135
v -0.178696687592772 0.242358324028939 -0.238412026262055
v -0.179110063984349 0.286298885980518 -0.288179769504736
v -0.160398502245145 0.264430016481454 -0.279434797315004
v -0.19545588541619 0.275126508193985 -0.276410448243686
v -0.176735483152835 0.268590769684529 -0.280629514619267
v -0.145835096764589 0.274808506979881 -0.298170188920857
v -0.148734647188823 0.255296343657186 -0.279179570770785
v -0.219219824928956 0.27242755380027 -0.250123247281992
v -0.233311094327024 0.302065082216815 -0.251230456088634
v -0.204805911519366 0.299634766566869 -0.274766651544671
v -0.21576036225596 0.287334490618916 -0.26473553681959
v -0.229434835321507 0.277818285847905 -0.211982696293059
v -0.212328111286107 0.266246243798504 -0.227224081602439
v -0.233430966437867 0.303316321689787 -0.196345745836896
v -0.248565027820235 0.300618430045894 -0.217454877855893
v -0.238820304517033 0.291497550601603 -0.201723434190107
v -0.228597670968941 0.323854185170616 -0.248234304714679
v -0.24359445602796 0.322072097476952 -0.222766738181775
v -0.244274524773346 0.311655251318677 -0.236009516539143
v -0.00894196164365677 0.0952015947029634 -0.0234201442275516
v -0.0304899650185856 0.0814780021155197 -0.00484367762868231
v -0.0108331715431867 0.0931182367918209 0.0253156880190991
v -0.0106995609179597 0.0982809721906217 0.00154268233780303
v -0.048311101793015 0.0663004443030243 0.0161185988492483
v -0.0501808150114964 0.0648473418606184 -0.0413464897631949
v -0.0485359167857853 0.064420878868103 -0.0135536507606252
v -0.0495904105256798 0.0604153577569527 0.0702957346351597
v -0.0318074032392389 0.0778705687663233 0.0476116461269411
v -0.0501857413814879 0.06756855409808 0.0449764220448028
v -0.00680803936138054 0.0664407037600279 0.0687666078158316
v -0.00859718618319205 0.0795368773352127 0.0467440414528748
v -0.00347199824616597 0.0266747365028279 0.160967937513032
v -0.0208346491095415 0.0198396138315044 0.192348193585183
v -0.000695319826305056 0.0368861815483441 0.224524628806313
v -0.00157250780472992 0.0278041203990677 0.190786675375204
v -0.0363712032124148 0.0124709952556015 0.223822944350963
v -0.0411211970921839 0.00986255393329743 0.163300272644604
v -0.038931450973176 0.00977250389171291 0.192793660881011
v -0.0369823786086153 0.016325523423332 0.285679472768066
v -0.0188126230456424 0.0294033070642452 0.257032237278911
v -0.035432543153976 0.0154844429496265 0.255117865129285
v -0.00299776795435412 0.0378542720398006 0.289177170644533
v -0.00197327323835778 0.0439813486152304 0.258679513826366
v -0.0228528423290635 0.0203513337181751 0.316042884876555
v -0.00232375398878504 0.000806763612231569 0.33786519570383
v -0.00238646247860976 0.0200451671915962 0.314509708214796
v -0.0418987349759433 0.00178216322566385 0.340371086407945
v -0.0404497201003828 0.0136833577583963 0.315124430249339
v -0.0393971065662107 -0.0369445870559809 0.380453114664679
v -0.0214739006938674 -0.0182886161134806 0.360117705506762
v -0.0407270606263475 -0.0177669706521834 0.361014599787631
v -0.00182490169760628 -0.0376106785285119 0.37974123053241
v -0.00220716020455868 -0.0186536194462965 0.359553309207758
v -0.00281518070893192 -0.315098740783871 -0.0468182198602802
v -0.0187002057909851 -0.309840627675503 -0.0549658751261132
v -0.000653981160003343 -0.297167219287171 -0.0813174169208866
v -0.00154423836736225 -0.307032487860937 -0.0633767424263269
v -0.0260291734292789 -0.30686656277821 -0.0704591739524585
v -0.0459488284940949 -0.327778771356098 -0.0245093346357723
v -0.0365366248681632 -0.31841189570081 -0.0458791732531083
v -0.0330929917760904 -0.269409005452203 -0.11974682638935
v -0.0156109171118641 -0.286145072835737 -0.0984368862411555
v -0.0289255030523245 -0.289791669459119 -0.0950242215505496
v -0.000113217432349158 -0.269784193288048 -0.119416619621465
v -0.000493656250161693 -0.284844064403041 -0.100105177098987
v 0.00933800250491678 -0.279817344687611 0.376147490296382
v 0.00157809959402625 -0.299279199245153 0.349411217172345
v 0.012340885085014 -0.310815553326129 0.326747312942055
v 0.010791349393469 -0.296352725201793 0.35234626768738
v 0.00119190561107916 -0.327743566027512 0.321763875210888
v -0.0159216961656343 -0.287727245739746 0.37048591297801
v -0.00743774313802278 -0.309122709781427 0.347167893009499
v -0.0165549326995582 -0.341515821947266 0.265506529915769
v 0.00286874081066317 -0.325739967512606 0.297679998213689
v -0.00613886809225685 -0.335771617512185 0.292126614491801
v 0.00912222021901152 -0.328076441695061 0.278261819460742
v 0.0113198678500446 -0.320509848081067 0.300835315390802
v -0.0274243106363301 0.050927497777863 0.0915442811329999
v -0.0047939211667748 0.0421052137077138 0.113100007664244
v -0.00564133391558478 0.053740875215793 0.0907316336657896
v -0.0469852360751158 0.0342870282644628 0.1158564363314
v -0.0479868919045299 0.0473231001587252 0.0928085773635238
v -0.024351997040564 0.0253641636461994 0.136505030621131
v -0.0446547856099256 0.0199448370326675 0.138355273236688
v -0.00401567955639329 0.0321876347825308 0.13588676032693
v -0.00993911082122305 0.110041632126749 -0.0805165825236152
v -0.0301908965209168 0.0925572484928053 -0.0789968985447304
v -0.00853694047901222 0.0988414684864449 -0.0620269266442045
v -0.00920306387144423 0.105134815736 -0.0726399150015834
v -0.0486088375997156 0.0741127887200547 -0.081148280602952
v -0.0507460906534738 0.087046976236434 -0.100830111389654
v -0.0472939831688299 0.0782487584756182 -0.0935695645662138
v -0.0304311816761431 0.0830934274720217 -0.051620359606328
v -0.0500207499053036 0.0688911807285076 -0.0639514987340639
v -0.00797649455359311 0.0937862898275256 -0.0457726114974533
v -0.0216664585725624 0.180402986445466 -0.0674227454191082
v -0.0448635984205542 0.150785646348667 -0.0851487162621666
v -0.0166057765338892 0.134133851165747 -0.0683443782177898
v -0.0196740098231187 0.154460780167876 -0.0614784074012141
v -0.0639866623624523 0.121282099901304 -0.105391855407314
v -0.0761081051366669 0.166873515822358 -0.109865707236432
v -0.0703043731491018 0.143279555534106 -0.106969059255477
v -0.0371633969143751 0.111101600117932 -0.0866497430020744
v -0.0575921004878174 0.101866764047417 -0.103544037029002
v -0.0129439872546194 0.120513923753564 -0.0788011260514653
v -0.0221226513343994 0.199877464197631 -0.424837873131415
v -0.0571243141063663 0.232182730997897 -0.400431226820078
v -0.0198960757474881 0.264267795431707 -0.377239777356877
v -0.0212201472068737 0.231207454195652 -0.401459139778745
v -0.114552555428513 0.233000293284834 -0.386964858472821
v -0.0837723208582922 0.265918911193448 -0.379139133308588
v -0.0957613260615586 0.20326710644064 -0.417826763064585
v -0.0902598861122291 0.233576305004494 -0.397942136415264
v -0.0702805965281971 0.318892510152323 -0.338695753960026
v -0.0488971221378657 0.295009290224276 -0.35513630065071
v -0.0995304985626576 0.293798705075786 -0.360205507430219
v -0.0767032788722863 0.294188792279143 -0.357432069717821
v -0.0155532419845338 0.322702232959206 -0.332791807247711
v -0.0179142915349912 0.295601946818404 -0.353547273546673
v -0.0246668517328662 0.118895628539172 -0.500147186918407
v -0.0617226994524587 0.136361995582967 -0.481471238496835
v -0.0230435601107071 0.153101833131041 -0.465934767075805
v -0.0235312789950036 0.135075155971756 -0.483752264369456
v -0.0964678551150809 0.154996451556687 -0.460403375481783
v -0.0939515548035657 0.123322896673412 -0.489454812380211
v -0.0941178028127905 0.137699118006241 -0.477105856181848
v -0.0611518351815659 0.175505893545262 -0.443495001336207
v -0.0967396092709068 0.177004990348404 -0.438992896674674
v -0.022602088312548 0.174409748105179 -0.446322810383568
v 3.29702518079848e-05 -0.208238748833911 0.446182324264496
v -0.0143307626072662 -0.228472978308939 0.430494905362756
v 0.00524015176663333 -0.244746560590082 0.414804572046054
v 0.00253050447627966 -0.226628441355329 0.431221704241393
v -0.0264307789375013 -0.248552455558913 0.412219270314867
v -0.0374197831703618 -0.212425268721468 0.441353198400589
v -0.0329501354910604 -0.231140866100626 0.429705539143487
v -0.00530251206595288 -0.264442023228696 0.395385117360113
v -0.0205422689192459 -0.268483350290828 0.393265213362544
v 0.00759753160938166 -0.262519517350958 0.396726565561993
v -0.0151650941261999 -0.251073595695997 -0.143474971113957
v 0.00117416979521726 -0.234900451385522 -0.164055965297042
v 0.000506758013620446 -0.253308238894361 -0.141189597523885
v -0.0319622173593269 -0.228815919813499 -0.171929235480004
v -0.0329932261814369 -0.24831492676268 -0.145878095029873
v -0.0345692206202819 -0.188324688099212 -0.216937563858157
v -0.013990167295286 -0.212193362619356 -0.190983880324612
v -0.0320672665536014 -0.2089944265179 -0.19532527047275
v 0.000662262454523538 -0.191237126230776 -0.212476874539911
v 0.00138675096192495 -0.21423566738724 -0.187699812341398
v -0.0190711959300719 -0.162556942040703 -0.234727773485612
v -0.00232795782278264 -0.130801142414429 -0.252507351866565
v -0.00105193869299657 -0.163507602208429 -0.236534580581315
v -0.0367008888453686 -0.124532322832612 -0.226799882512073
v -0.0359017943518955 -0.158826822702884 -0.226117155468988
v -0.0434021601243495 -0.0549712089800899 -0.221486340581927
v -0.0210559792500756 -0.0929237271591832 -0.243015177034838
v -0.039873625068201 -0.0882512307547239 -0.223852316557881
v -0.00457625267309056 -0.0646310602277504 -0.261573588561622
v -0.00400429593350256 -0.095963794246702 -0.259510361220901
v -0.0244360433192462 -0.0379920763651045 -0.246258961500676
v -0.0076467348839722 -0.0276111881715811 -0.271272378509394
v -0.00515959911237313 -0.0422010951153866 -0.264620220832662
v -0.0472046589594925 -0.0122143659236848 -0.233765148363323
v -0.0433849278903051 -0.0294722957053158 -0.223892977542247
v -0.0631335685013717 0.00391558151200897 -0.265602771046936
v -0.0349145958081731 -0.0147689058483569 -0.266899434850991
v -0.0564525492989978 -0.00260235541005582 -0.247358549276777
v -0.0107664722335744 -0.0113207230947161 -0.293654407209798
v -0.0100734735012787 -0.0184418092189042 -0.28086032593347
v -0.0414210292838916 -0.00827852008759873 -0.300068479688169
v -0.0155512100150804 -0.0266381170073714 -0.323959307311304
v -0.0130430249494025 -0.0159694902520846 -0.308538367669598
v -0.0702683489940867 -0.00280976540473561 -0.316813534241576
v -0.0677999134040722 0.00406875255333428 -0.291228559571976
v -0.0736449161655774 -0.00705873483907511 -0.364627472363535
v -0.0476152432808369 -0.0247940365848135 -0.340276692971256
v -0.0703261956899231 -0.00736776261103437 -0.340507964433524
v -0.021188055203865 -0.0356662599165064 -0.366101325545081
v -0.0180761967397043 -0.0360218624184558 -0.342327011181843
v -0.0554459169872681 -0.0115662153544148 -0.390767122150785
v -0.0228526579561605 0.00220392642142735 -0.410957860122055
v -0.022009992030452 -0.020153369424144 -0.39032226487884
v -0.0915675360315862 0.0119751080929916 -0.409979149586262
v -0.0822198867842892 -0.000376085342628537 -0.387862098803949
v -0.107723547553148 0.0429193402128036 -0.4520063555878
v -0.0645979273579704 0.0266865276300473 -0.432016187268978
v -0.100668007421884 0.0272135954466617 -0.431062353464346
v -0.0260832518324934 0.0444564023313657 -0.45239101662991
v -0.0244827895837628 0.023857845060722 -0.431834212869904
v -0.069418282092314 0.0638320427234267 -0.470692936398792
v -0.0274489977633134 0.081949546804457 -0.491919245111487
v -0.026874773280887 0.0638591214048652 -0.472389068137576
v -0.104087024960275 0.0831114044958682 -0.48147081066019
v -0.107443316883283 0.0632497778985359 -0.467692508710723
v -0.0682098824830175 0.102307306983546 -0.500942294803091
v -0.0996842376429836 0.104094637787039 -0.490639894799068
v -0.0269298358743804 0.100401181096537 -0.506699244701804
v -0.0182538977759466 0.231703591179665 -0.114664591302712
v -0.0536601517252805 0.204917372397123 -0.0956787736988079
v -0.0210857024985459 0.20644521621444 -0.0867879731026625
v -0.00682499841467629 0.286109781754679 -0.164784762713467
v -0.0415132360165778 0.262927927289536 -0.14649333667278
v -0.0125006468560064 0.260828774726519 -0.140269894154319
v -0.0855682367022692 0.248124163397653 -0.137761683207567
v -0.0604621948257994 0.289889105604902 -0.176556996634845
v -0.0698039957201364 0.267952798649968 -0.156057258909721
v -0.0915652062994588 0.216608276423379 -0.124842327397244
v -0.105555524115705 0.230237263587085 -0.138591194338543
v -0.0822288866551393 0.193556840903659 -0.114807085162702
v -0.128169072556367 0.248931747650049 -0.351776071492549
v -0.11825842025164 0.263861802936749 -0.365915791694251
v -0.1266008108537 0.23779961265069 -0.370641024198394
v -0.120062640869768 0.280135881395306 -0.322430571312646
v -0.118596272519746 0.279298281919269 -0.346533971839579
v -0.123996172854816 0.263835141593565 -0.335941998015812
v -0.105708009509022 0.30679288195698 -0.339303587703281
v -0.112236070538444 0.2881991866848 -0.355492866294771
v -0.106139504370279 0.412494728700425 -0.24644264229487
v -0.0976608486637327 0.427305861751442 -0.247978296607231
v -0.103437206395339 0.423464663895649 -0.26269193487205
v -0.114023508254653 0.409985195987024 -0.258566224845013
v -0.106296311113773 0.420843812094191 -0.253303309495281
v -0.0751649787027186 0.423605664181042 -0.242124601917772
v -0.0847335795630712 0.43267983294083 -0.252577690048034
v -0.0868776174627379 0.419241733454119 -0.23850871817558
v -0.0867839368337103 0.42717898606402 -0.245119570863544
v -0.0764055744231265 0.426291077333192 -0.271449046063065
v -0.0907673785208856 0.430942310621253 -0.267876873343754
v -0.0721258685873801 0.426119856771072 -0.257934966606616
v -0.0808153780584471 0.433157363828282 -0.262281479642576
v -0.105860633109367 0.413609538750046 -0.275952436262339
v -0.0946670054906646 0.418693255849587 -0.279870479180826
v -0.100394151098628 0.423647643047228 -0.271598727722083
v -0.0990235670691884 0.330047020413049 -0.249844869149838
v -0.0933937392452493 0.335244357612454 -0.257535476215983
v -0.0883590700826594 0.333004533624799 -0.27323434576264
v -0.0984120941495198 0.325537909593309 -0.267776624292817
v -0.0950467518541746 0.331175842711752 -0.261395297232964
v -0.0959081822885624 0.349048438223535 -0.254163429933452
v -0.0882467100153491 0.342561926159179 -0.268938209552397
v -0.0947760699617797 0.339202854440193 -0.242036662598059
v -0.0929930014460196 0.340482846159615 -0.254913373608958
v -0.0760953608641619 0.347818696360165 -0.288811368493233
v -0.0813221217985356 0.339360403158726 -0.281244265909356
v -0.0870907195696249 0.353262917190731 -0.281976423576113
v -0.0830717310683196 0.344506714281583 -0.281187919710617
v -0.0833845848335387 0.333876672986739 -0.288863640000874
v -0.0736684161207238 0.34144237039933 -0.290426002511057
v -0.0814875288076062 0.336262202426243 -0.283827582233801
v -0.0897968517203217 0.342124042289887 -0.229577921215037
v -0.0791668041584199 0.342946431280907 -0.219642710276132
v -0.0697745082082344 0.351700520941124 -0.222653862641129
v -0.0843972974714741 0.355105645787288 -0.231242425306775
v -0.0814617743037284 0.347259858009414 -0.225724941410256
v -0.0712960530085424 0.334560010956462 -0.211615213447446
v -0.0621148397522928 0.343300166954682 -0.216462650316794
v -0.0891226484395431 0.33583859614978 -0.216426038581528
v -0.0759372564123088 0.338602210477414 -0.215427805347441
v -0.0399438290920216 0.355806320492513 -0.227417744829644
v -0.0540910213148887 0.35232226386591 -0.222089764358409
v -0.0429774905668078 0.346800634414595 -0.218643013112803
v -0.0497742885460374 0.349499682542736 -0.22058731223892
v -0.0610976580626586 0.366956333632633 -0.222723611286373
v -0.0467294388187576 0.361902240993334 -0.229127979479355
v -0.0573166230419464 0.357629387749992 -0.222657316115032
v -0.064522418007797 0.347781709941408 -0.286244553181216
v -0.0519921437053188 0.352256055049419 -0.280693753025915
v -0.0624114399412725 0.348364133423447 -0.292853044476581
v -0.0629999716888997 0.347058593017242 -0.288630534997448
v -0.0694800591055226 0.361328972861379 -0.29067452984308
v -0.0575418860485526 0.356716781066972 -0.278511227121818
v -0.066835903888376 0.352067517644781 -0.286907067934815
v -0.0378411197643552 0.367597562579305 -0.261325307436293
v -0.0444882281004514 0.358510682676585 -0.269099040633376
v -0.0507622179554464 0.370362504634706 -0.272365870068692
v -0.0471647193294885 0.362371487629826 -0.269993786532151
v -0.0379762226429132 0.3592449622066 -0.273516395295333
v -0.0319637375311123 0.363607985356555 -0.26120034557637
v -0.0415740456073695 0.357228491338855 -0.270241273901702
v -0.0302831930302996 0.36668154139027 -0.251792641472518
v -0.0282287253991616 0.366076491532653 -0.242159177885318
v -0.024287009746818 0.369456577762777 -0.251938003309245
v -0.0273523143992704 0.366226618315543 -0.251687337412486
v -0.0375555903075672 0.377830926204957 -0.253465708609063
v -0.0342779541149901 0.369949724733432 -0.243137659688139
v -0.0332003005966772 0.370464891963697 -0.252094384831148
v -0.0360285892163649 0.362970778319437 -0.235116142519949
v -0.0428046404777049 0.374567526437059 -0.235117797749328
v -0.0395281528364316 0.36645262127626 -0.235839544554207
v -0.0278879893556412 0.362294190509351 -0.233107987964628
v -0.0326753915707572 0.361903701959822 -0.23414273050322
v -0.110202861479382 0.324315081751279 -0.249046140007192
v -0.107118644052642 0.333069713718282 -0.235614474172639
v -0.0971323928367909 0.334388898636717 -0.236206218120102
v -0.102020372587487 0.330469086146783 -0.24142348386117
v -0.131593987539388 0.337384163075892 -0.227709245193422
v -0.107984981947315 0.333897001425246 -0.224264725076315
v -0.129869318027149 0.336362107268946 -0.238922218421769
v -0.116412238154279 0.33554188293843 -0.231170651520782
v -0.0956179405030154 0.336445544031309 -0.225134439968652
v -0.105412325633517 0.330168161864329 -0.215594283276501
v -0.0996025959125404 0.334474840684975 -0.219621705838266
v -0.0941715283333788 0.337904539717275 -0.232636331767155
v -0.112571309195664 0.313363177925282 -0.268098691790355
v -0.137907735643341 0.306287686863282 -0.2765722804506
v -0.138496634257023 0.322643792495294 -0.255108390629131
v -0.124764380715879 0.316131196663864 -0.261462452313907
v -0.161557748086565 0.299120640463995 -0.286393067444013
v -0.127864965488418 0.289133281526436 -0.299177145252907
v -0.143169272840389 0.292600530752553 -0.293077517288388
v -0.195076237490663 0.316696659370358 -0.26921852201156
v -0.184668713417534 0.302807518414607 -0.281666023037174
v -0.213904195584588 0.336468730759058 -0.238046840472229
v -0.177826743377122 0.328155315035863 -0.252116376706741
v -0.205717963808095 0.329640378842164 -0.25551566280912
v -0.158818879804704 0.340229276805366 -0.237376067956202
v -0.151620440943223 0.331203425010685 -0.246528368822569
v -0.1403903975016 0.329663596950221 -0.217304883309004
v -0.125377096063271 0.31942292894937 -0.206309555888364
v -0.088596589893941 0.326734995274612 -0.209095295857407
v -0.115714824807102 0.325705030222004 -0.212088214930411
v -0.184203951314617 0.33770022546796 -0.224627279331351
v -0.154593667407496 0.33850524042664 -0.226261840021442
v -0.21583327171203 0.319812123067947 -0.207660721417014
v -0.21686987313612 0.330443017189806 -0.220411862204414
v -0.17130819895743 0.308055466223671 -0.196434172522025
v -0.209130578772896 0.307660465775592 -0.195305034338625
v -0.0888516163944025 0.307097942992017 -0.194336381730868
v -0.128561330009345 0.30728154057506 -0.195872372614967
v -0.0449320774527961 0.335093612362588 -0.209592749810272
v -0.0188662153769522 0.339560790156953 -0.213915605343119
v -0.0249307422697826 0.352881716110704 -0.224569965777052
v -0.0324921044207646 0.343112568069345 -0.216274955965322
v -0.0587819610441061 0.321653236025533 -0.201528754213834
v -0.0645606357505606 0.329726827933455 -0.207599447198991
v -0.0293635758484774 0.308290084057758 -0.187615990656232
v -0.057021873573309 0.307886553809259 -0.191576550883586
v -0.00466284152183665 0.323683724982189 -0.19845182908204
v -0.00516896086333675 0.307070234128607 -0.1832443397009
v 0.000355084031776797 0.350188043626492 -0.222250182211305
v -0.0024108515568605 0.337752798933004 -0.210985467222041
v -0.0119943801948405 0.360804705619293 -0.300761782183683
v -0.0246828086116108 0.37026944691561 -0.283728293536214
v -0.00374250868401471 0.386022904683478 -0.270056050838452
v -0.00843728736692879 0.375626331201631 -0.28584158543186
v -0.0399739905024414 0.339647135949449 -0.317787332655167
v -0.0137240938324122 0.343035739712423 -0.315565216538489
v -0.0847265478767724 0.328065290032229 -0.324306303053946
v -0.0612945735751074 0.347056330814315 -0.310021727245613
v -0.0647021684740373 0.335844502757461 -0.322656989902927
v -0.0461111461949355 0.358091629376486 -0.291713867076139
v -0.0759182694511484 0.340309070853019 -0.301760403683414
v -0.0613203412104707 0.349941407692455 -0.29994683061089
v -0.0233471112547587 0.370411094206427 -0.265443764655292
v -0.0331086438055249 0.363915141748211 -0.278760726937283
v 0.00237187163507281 0.374566689592997 -0.243072793967273
v -0.00973027444840491 0.362421797987114 -0.232705391704298
v 0.00215984615101713 0.362645535888711 -0.232420989847888
v -0.0111881382870853 0.380474417917909 -0.253387978139199
v 0.000144691164308946 0.385299593411446 -0.254613529429025
v -0.018398744841468 0.37161711001727 -0.241190157575933
v -0.0190193271890183 0.374512140086952 -0.252468956986872
v -0.0201147795218985 0.362723794320114 -0.232506815706868
v -0.106426999582148 0.30567995302512 -0.316456115455118
v -0.0904450907722551 0.324592755375503 -0.307889972220084
v -0.0972164717550965 0.317292411945236 -0.322158944920563
v -0.109711932314876 0.305893633362274 -0.292188070767593
v -0.115784597864292 0.294222871170112 -0.308233857563219
v -0.0953198727819984 0.322510378143858 -0.288584599623958
v -0.103700015528873 0.316547517821455 -0.278267018456073
v -0.0861960431723289 0.330316522652247 -0.296950942964632
v -0.100753509332692 0.363368793153705 -0.270839469630162
v -0.0984370710819428 0.383806201321432 -0.280349400274026
v -0.0851972429162478 0.371625158904473 -0.290229381416322
v -0.0933408857873725 0.36712596103421 -0.282019622044477
v -0.0994967991037266 0.364162532936107 -0.242923596282537
v -0.110269361436217 0.378231846871026 -0.258857692917697
v -0.102640859306659 0.362163489734598 -0.2560498112157
v -0.112180759875392 0.39772613454998 -0.270447914491835
v -0.110251715243169 0.395636400608748 -0.250019613341143
v -0.115750991930185 0.394740049360706 -0.260053179813852
v -0.0961405621784905 0.401954322226672 -0.284920809553276
v -0.103329925029459 0.399457776279549 -0.277904976653958
v -0.0651033014170179 0.379725451876862 -0.285097781360219
v -0.0616505999799713 0.400388921008482 -0.276867150789641
v -0.0474103601577804 0.38801054683918 -0.265660008368209
v -0.055480831998493 0.384283303018466 -0.275450967480355
v -0.081850455673037 0.392863526790753 -0.290773367694541
v -0.0750311322686833 0.376488800699767 -0.292773629265945
v -0.0783932264395464 0.412272385882933 -0.283035033024642
v -0.0879256262041518 0.407689117824785 -0.286679056782557
v -0.063770789750535 0.415508011767242 -0.266335561447093
v -0.0686836943583787 0.415248056050102 -0.27693515175565
v -0.0452845107236153 0.389751810859471 -0.243762840508537
v -0.0565443940871293 0.401978195596885 -0.23603696482946
v -0.0559399777627343 0.384701538213199 -0.228550530927937
v -0.0487495540579891 0.387562902157151 -0.234902013158465
v -0.0537856905369858 0.40342924201705 -0.255062669651703
v -0.0447436855817883 0.389824819557528 -0.254394894401671
v -0.0630753562907609 0.416950662708375 -0.246320975689826
v -0.0638858114267964 0.41530242458349 -0.255714553579239
v -0.071890085760728 0.411217674152893 -0.23488784057042
v -0.0649648116763409 0.414430594114567 -0.238692657807512
v -0.0797288590885916 0.374924324062892 -0.226727048084455
v -0.0965134958795181 0.385042743675541 -0.239088541008058
v -0.0901742853246634 0.368842840177822 -0.235190290865717
v -0.0746998690145508 0.395902906411144 -0.227551176267672
v -0.0673633552896273 0.381063867314751 -0.223967818941486
v -0.0933109304194893 0.405307119568604 -0.235758283110729
v -0.0822553759187411 0.408825316575093 -0.232750948704091
v -0.101816748885507 0.39999534538971 -0.242987346842527
v -0.105817553141679 -0.338008786679584 0.129727122278637
v -0.0929650271614434 -0.34878838942673 0.15831709135342
v -0.08445860001279 -0.349494821031008 0.190801845790109
v -0.0986227526033934 -0.342303329269839 0.160483890139887
v -0.0760404149183584 -0.365940925173826 0.154468760076392
v -0.0759754534803173 -0.360622949777762 0.182948671635159
v -0.0915294671383942 -0.353523332099088 0.127780276260032
v -0.0861023329774949 -0.356083865631824 0.156083762878852
v -0.0454284125268114 -0.360365856646899 0.218783302537171
v -0.0635704503682603 -0.359288856763737 0.210912689864648
v -0.0580211889524439 -0.36997439693214 0.201839364529036
v -0.0625439957094584 -0.364096780849204 0.205250583646531
v -0.0413943897017476 -0.351150857058417 0.236001007475614
v -0.0637204934223399 -0.354645054602652 0.216920420928815
v -0.0257933732867277 -0.348228032313194 0.23631191941453
v -0.00648487670597766 -0.338551628655344 0.256574941772313
v -0.0229502824426201 -0.344978683753211 0.248125352674284
v -0.03490967668222 -0.364181160166942 0.215561768803511
v -0.013302171713798 -0.353426454055278 0.231742155547418
v -0.0289286569128276 -0.355701379722161 0.22668182191629
v 0.00531341737809766 -0.344104466324013 0.248034549417182
v -0.000249244783188785 -0.363399005587829 0.219451721649911
v 0.00291037666246924 -0.352645649308993 0.234662587844972
v 0.00721659585801974 -0.335745532829311 0.261517132022763
v -0.00293194788577632 -0.328011941667866 -0.01475329278234
v -0.0238887924345447 -0.324047430510551 -0.0220649121392351
v -0.00339887011087384 -0.321547256257565 -0.0309787319619839
v -0.00191991345239872 -0.348102374759458 0.022580076516868
v -0.0203088232252931 -0.338193694394908 0.00804256301606885
v -0.00199720728837524 -0.336454955151575 0.00271490286882231
v -0.0525612662226756 -0.348704706947689 0.0288092665591272
v -0.0405922720598913 -0.334009942569342 0.0049499227808833
v -0.0378647031756996 -0.351056156473877 0.0309262055962498
v -0.0371321294583954 -0.341960739481684 0.0167104462778126
v -0.0621661515920057 -0.343070003913298 0.011582502275732
v -0.0445754884852962 -0.331584419405161 -0.00835084477551701
v -0.0724380564146214 -0.348982366947083 0.0412848425102685
v -0.0939186530270007 -0.340395940089342 0.0665308957096969
v -0.0781397379656482 -0.345491733188452 0.0374516849787792
v -0.0600435566881189 -0.360409741727155 0.0486753926640839
v -0.0810290422407691 -0.355796180540361 0.0694012548767623
v -0.0678774155656638 -0.355103674250773 0.0457311300342425
v -0.0969263574634364 -0.34511689740216 0.0986001660369094
v -0.0780607202891493 -0.365165637595925 0.0975182593056019
v -0.0888816481527739 -0.353642558483927 0.0984900088972602
v -0.103842147110897 -0.33766176245695 0.0983880918663544
v -0.0265913494587238 -0.377021127557433 0.201057641580344
v -0.00909653477428481 -0.395988542248973 0.178683104280847
v -0.00453757174150032 -0.378446983282866 0.200673865271709
v -0.0554769528268034 -0.382098141238046 0.181454580657537
v -0.0459394655430617 -0.37576875582037 0.20182279034003
v -0.0634195860357202 -0.380965104989917 0.125390462418216
v -0.0407983828294944 -0.401370217842725 0.155871780477722
v -0.0603054132946827 -0.381197203521256 0.154273467670925
v -0.0156763241677562 -0.420707886063948 0.125818290267262
v -0.0134875890081351 -0.414319989118284 0.155534682188953
v -0.0400066241156877 -0.397169868305627 0.0945716986032399
v -0.00763574323077681 -0.383888646614545 0.0707281493349155
v -0.0119625659871148 -0.405121565230074 0.0966837110903882
v -0.0556716113153948 -0.37620959966387 0.0687232278806452
v -0.0626669605121218 -0.382738525432563 0.0949074422854414
v -0.0254910210090664 -0.363615174787922 0.046989973862208
v -0.0449093564405795 -0.362631720070079 0.0488225663544111
v -0.00398564567886262 -0.364420596572696 0.0456817603805516
v -0.0679076139695472 -0.12459688771117 0.42456735600399
v -0.0566876204292711 -0.121554169399746 0.436903198501758
v -0.0577960386900002 -0.111993559494891 0.43796424610872
v -0.0687335931674271 -0.112409129007606 0.424970230747354
v -0.0621289488837669 -0.117260397018625 0.4317608103226
v -0.04247158213842 -0.126871225613338 0.448416977720282
v -0.0495049670947766 -0.117746945450475 0.444075471209032
v -0.0533278732075995 -0.133248642260295 0.437827456175458
v -0.0500037103516271 -0.124277253148567 0.442387840123366
v -0.0554847483258767 -0.102965156838929 0.436752644610026
v -0.0434337344229912 -0.114039796296412 0.448208268980773
v -0.0512087720410937 -0.111184335326397 0.442706446328172
v -0.0799319891599784 -0.120738943834944 0.412720852724137
v -0.0905759981391854 -0.139953103912702 0.400367698272185
v -0.0707425744309557 -0.142335925660582 0.419902010543289
v -0.0773384103728998 -0.132793919910857 0.41438330456366
v -0.107464304744915 -0.165517052591651 0.382784898261137
v -0.109977096395004 -0.124523993597041 0.382560326878212
v -0.10883669722468 -0.144343246612285 0.382665454633335
v -0.0895413065765762 -0.187030292087567 0.401287840217152
v -0.108883081993938 -0.188806376191653 0.3817835865681
v -0.0539713697146187 -0.189487710013603 0.432995566115597
v -0.067020239812363 -0.165346754251174 0.422290481565558
v -0.0713948816120617 -0.18773024686519 0.418319472648802
v -0.0465218899871937 -0.149905304877694 0.441889621218065
v -0.0598838257387458 -0.147128179129092 0.429890984511459
v -0.0733515883922099 -0.0969715504597295 0.419600198582649
v -0.0912325254839382 -0.105287296379671 0.400267521464927
v -0.0785328235750705 -0.108169343287319 0.414444509987679
v -0.0480901740746826 -0.0901477566944195 0.428298372159206
v -0.0721326991696029 -0.0749526222400012 0.414179592175988
v -0.0634005838971869 -0.0907565188253707 0.426297556220603
v -0.0928008180710826 -0.0601679942939213 0.394283567931765
v -0.0571586314923812 -0.0555240236168317 0.398996766049084
v -0.0766540918736244 -0.0562672909490531 0.40064412493032
v -0.106355570445387 -0.0844987601047667 0.384236269835073
v -0.107910661191769 -0.0638657431060203 0.382322411064793
v -0.108252317455107 -0.104656294201683 0.383821809504158
v -0.000255145934584662 -0.0733180149121935 0.415578178503301
v -0.0153783229992725 -0.0895617624232259 0.43090954559854
v 0.00227707949422797 -0.104699156238042 0.447401050966826
v 0.000931699655715925 -0.0897647593305417 0.432039656004739
v -0.0194957570145745 -0.0556735023998206 0.397986497017685
v -0.00120262671890107 -0.0558754956422239 0.398169015140426
v -0.0357874503318192 -0.0730327688936508 0.414666387358505
v -0.0381518259035429 -0.0555855414022932 0.398041388919037
v -0.0272155204428896 -0.104332092323654 0.444324111094397
v -0.0318732846644776 -0.0897269969991426 0.429731258497965
v -0.00107908555160476 -0.171759536483607 0.466449292719653
v -0.0202167936724346 -0.191215997076414 0.455518374698992
v -0.00133753277774591 -0.189727773529799 0.459048413203102
v 0.001515040455715 -0.145684380467723 0.468641142123451
v -0.0169492846347203 -0.15526984072529 0.462273217183098
v 0.000552096952252045 -0.155470113112554 0.466415207809179
v -0.0358932784834364 -0.170616495009408 0.450422110431938
v -0.0283497889044243 -0.141992498707901 0.457753921798846
v -0.0324232697528237 -0.152993585510388 0.453148030911959
v -0.0378629709850388 -0.190972510204322 0.446805041023074
v -0.03122969600747 -0.135810991650308 0.457811712659032
v -0.0275752426605556 -0.1354241926168 0.46368971971786
v -0.0353906828326937 -0.125263033170351 0.455378582413815
v -0.0346469153068105 -0.130648586275809 0.45545370281663
v -0.0133524006166295 -0.146591752494067 0.475844029756759
v -0.0206641435798287 -0.137766261957809 0.471627529540631
v -0.018210314240087 -0.14523987530784 0.470637615497789
v -0.020896386565498 -0.14140126586601 0.470876474797684
v -0.0165062003965948 -0.131946313826724 0.475306767208482
v -0.0270636674782974 -0.126870929556167 0.465558637405063
v -0.0124751139269279 -0.140103015185424 0.47901280396739
v -0.019702927835481 -0.134173723681706 0.473106185716961
v -0.0309648058048813 -0.115929270672411 0.457440105040519
v -0.0350238163236954 -0.119900856490104 0.456203475845951
v -0.0151241168993144 -0.124857151771745 0.469936027588691
v -0.00898102765591855 -0.11640510883879 0.460003232868122
v -0.0212036831626914 -0.11579362475857 0.458065712805073
v -0.0067679455748337 -0.13860453103518 0.483286735347874
v -0.00215353285658117 -0.133955727719472 0.482247887662626
v -0.0103493528312063 -0.132178745582147 0.478911425783731
v 0.00555862467722158 -0.127668464894766 0.474388287989772
v 0.00850519481712963 -0.142140200502227 0.492267929800075
v 0.00699662945659815 -0.135739822791047 0.48495046379649
v 0.00392285773561495 -0.117222585057164 0.461777773762715
v 0.00490750187712795 -0.146710303908077 0.47507232771502
v -0.0104579814075704 -0.14379775529041 0.468886301487449
v 0.00317986149648129 -0.144289199505023 0.471318440217614
v 0.00794196052103987 -0.157301630889519 0.482882336667645
v -0.00317542472403725 -0.150921466638274 0.475934836569477
v 0.00645325399051249 -0.152271727084123 0.479224300069543
v -0.0169725873280791 -0.144435473431414 0.468007283136174
v -0.00792171207833949 -0.151472324430452 0.476808263744045
v -0.0115862009282199 -0.14845881595918 0.472282470565283
v -0.0227266983886238 -0.140459537528558 0.46334677150504
v -0.0056112489963188 -0.148698463751587 0.483106860739252
v 0.00190032470291694 -0.146616043007527 0.489858853871528
v -0.00501829918632767 -0.143999202839275 0.484016114019468
v 0.000768433966157588 -0.15600036293876 0.485424098020036
v -0.00651072467971576 -0.151852431146269 0.480686872669975
v 0.0100577236066176 -0.152990465029298 0.490600194081219
v 0.00935607338241432 -0.157331570352733 0.487524135749003
v 0.00982876177549547 -0.148425782169042 0.493636673699384
f 739 735 736
f 189 736 735
f 192 738 737
f 739 737 738
f 190 741 740
f 743 740 741
f 736 189 743
f 742 743 189
f 745 747 191
f 744 191 747
f 746 747 190
f 741 190 747
f 748 192 750
f 737 750 192
f 191 749 745
f 750 745 749
f 752 754 194
f 751 194 754
f 753 189 754
f 735 754 189
f 195 756 755
f 758 755 756
f 194 757 752
f 758 752 757
f 759 196 762
f 760 762 196
f 761 762 195
f 756 195 762
f 764 742 753
f 189 753 742
f 196 763 760
f 764 760 763
f 769 765 766
f 198 766 765
f 768 769 201
f 767 201 769
f 771 773 199
f 770 199 773
f 772 773 198
f 766 198 773
f 200 775 774
f 777 774 775
f 199 776 771
f 777 771 776
f 201 767 778
f 780 778 767
f 779 780 200
f 775 200 780
f 782 785 203
f 781 203 785
f 784 785 205
f 783 205 785
f 200 786 779
f 788 779 786
f 203 787 782
f 788 782 787
f 790 791 204
f 789 204 791
f 774 791 200
f 786 200 791
f 205 783 792
f 794 792 783
f 204 793 790
f 794 790 793
f 796 799 207
f 795 207 799
f 210 798 797
f 799 797 798
f 208 801 800
f 803 800 801
f 207 802 796
f 803 796 802
f 209 805 804
f 807 804 805
f 806 807 208
f 801 208 807
f 797 810 210
f 808 210 810
f 809 810 209
f 805 209 810
f 201 811 768
f 814 768 811
f 214 813 812
f 814 812 813
f 816 817 212
f 815 212 817
f 778 817 201
f 811 201 817
f 213 819 818
f 821 818 819
f 212 820 816
f 821 816 820
f 812 824 214
f 822 214 824
f 823 824 213
f 819 213 824
f 825 828 192
f 738 192 828
f 827 828 217
f 826 217 828
f 213 829 823
f 830 823 829
f 830 825 748
f 192 748 825
f 832 833 216
f 831 216 833
f 818 833 213
f 829 213 833
f 217 826 834
f 836 834 826
f 216 835 832
f 836 832 835
f 219 838 837
f 841 837 838
f 839 221 841
f 840 841 221
f 842 844 216
f 835 216 844
f 843 844 219
f 838 219 844
f 847 845 846
f 220 846 845
f 216 831 842
f 847 842 831
f 850 848 839
f 221 839 848
f 846 220 850
f 849 850 220
f 223 852 851
f 854 851 852
f 203 781 853
f 854 853 781
f 220 855 849
f 857 849 855
f 852 223 857
f 856 857 223
f 820 212 859
f 858 859 212
f 845 859 220
f 855 220 859
f 787 203 860
f 853 860 203
f 212 815 858
f 860 858 815
f 225 862 861
f 864 861 862
f 207 795 863
f 864 863 795
f 866 868 226
f 865 226 868
f 867 868 225
f 862 225 868
f 227 870 869
f 872 869 870
f 226 871 866
f 872 866 871
f 863 874 207
f 802 207 874
f 873 874 227
f 870 227 874
f 876 879 229
f 875 229 879
f 877 231 879
f 878 879 231
f 227 880 873
f 882 873 880
f 229 881 876
f 882 876 881
f 884 885 230
f 883 230 885
f 869 885 227
f 880 227 885
f 888 886 877
f 231 877 886
f 230 887 884
f 888 884 887
f 892 889 890
f 233 890 889
f 892 891 837
f 219 837 891
f 893 895 230
f 887 230 895
f 894 895 233
f 890 233 895
f 234 897 896
f 898 896 897
f 230 883 893
f 898 893 883
f 900 843 891
f 219 891 843
f 899 900 234
f 897 234 900
f 217 901 827
f 903 827 901
f 194 751 902
f 903 902 751
f 234 904 899
f 905 899 904
f 834 905 217
f 901 217 905
f 906 907 226
f 871 226 907
f 896 907 234
f 904 234 907
f 908 757 902
f 194 902 757
f 226 865 906
f 908 906 865
f 910 913 237
f 909 237 913
f 912 913 240
f 911 240 913
f 238 915 914
f 917 914 915
f 917 910 916
f 237 916 910
f 918 239 921
f 919 921 239
f 920 921 238
f 915 238 921
f 240 911 922
f 924 922 911
f 239 923 919
f 924 919 923
f 926 929 242
f 925 242 929
f 929 927 928
f 244 928 927
f 239 930 923
f 932 923 930
f 242 931 926
f 932 926 931
f 934 935 243
f 933 243 935
f 918 935 239
f 930 239 935
f 938 936 927
f 244 927 936
f 243 937 934
f 938 934 937
f 246 940 939
f 943 939 940
f 249 942 941
f 943 941 942
f 945 947 247
f 944 247 947
f 946 947 246
f 940 246 947
f 951 948 949
f 248 949 948
f 247 950 945
f 951 945 950
f 952 249 954
f 941 954 249
f 953 954 248
f 949 248 954
f 955 958 244
f 928 244 958
f 957 958 252
f 956 252 958
f 251 960 959
f 961 959 960
f 244 936 955
f 961 955 936
f 962 964 247
f 950 247 964
f 963 964 251
f 960 251 964
f 252 956 965
f 966 965 956
f 247 944 962
f 966 962 944
f 221 967 840
f 970 840 967
f 255 969 968
f 970 968 969
f 972 973 254
f 971 254 973
f 848 973 221
f 967 221 973
f 976 931 974
f 242 974 931
f 254 975 972
f 976 972 975
f 968 978 255
f 977 255 978
f 974 242 978
f 925 978 242
f 980 982 257
f 979 257 982
f 886 982 231
f 981 231 982
f 985 946 983
f 246 983 946
f 257 984 980
f 985 980 984
f 258 987 986
f 988 986 987
f 246 939 983
f 988 983 939
f 231 981 878
f 990 878 981
f 990 987 989
f 258 989 987
f 991 260 994
f 992 994 260
f 792 994 205
f 993 205 994
f 916 237 997
f 995 997 237
f 260 996 992
f 997 992 996
f 999 1000 261
f 998 261 1000
f 237 909 995
f 1000 995 909
f 205 993 784
f 1002 784 993
f 1002 999 1001
f 261 1001 999
f 1003 1005 257
f 984 257 1005
f 965 1005 252
f 1004 252 1005
f 233 1006 894
f 1007 894 1006
f 257 979 1003
f 1007 1003 979
f 1008 1009 255
f 969 255 1009
f 889 1009 233
f 1006 233 1009
f 252 1004 957
f 1010 957 1004
f 255 977 1008
f 1010 1008 977
f 223 1011 856
f 1013 856 1011
f 254 971 1012
f 1013 1012 971
f 1014 1015 261
f 1001 261 1015
f 851 1015 223
f 1011 223 1015
f 240 1016 912
f 1017 912 1016
f 261 998 1014
f 1017 1014 998
f 1012 1018 254
f 975 254 1018
f 922 1018 240
f 1016 240 1018
f 1019 265 1022
f 1020 1022 265
f 1022 1021 991
f 260 991 1021
f 1023 266 1026
f 1024 1026 266
f 1025 1026 265
f 1020 265 1026
f 1030 1027 1028
f 267 1028 1027
f 266 1029 1024
f 1030 1024 1029
f 1021 1032 260
f 996 260 1032
f 1028 267 1032
f 1031 1032 267
f 269 1034 1033
f 1036 1033 1034
f 1036 1035 1023
f 266 1023 1035
f 1038 1040 270
f 1037 270 1040
f 1039 1040 269
f 1034 269 1040
f 1044 1041 1042
f 271 1042 1041
f 270 1043 1038
f 1044 1038 1043
f 1035 1046 266
f 1029 266 1046
f 1042 271 1046
f 1045 1046 271
f 1048 1050 273
f 1047 273 1050
f 1033 1050 269
f 1049 269 1050
f 274 1052 1051
f 1054 1051 1052
f 273 1053 1048
f 1054 1048 1053
f 1056 1058 275
f 1055 275 1058
f 1057 1058 274
f 1052 274 1058
f 269 1049 1039
f 1060 1039 1049
f 275 1059 1056
f 1060 1056 1059
f 1061 1064 275
f 1059 275 1064
f 1063 1064 279
f 1062 279 1064
f 277 1066 1065
f 1067 1065 1066
f 275 1055 1061
f 1067 1061 1055
f 278 1069 1068
f 1071 1068 1069
f 1070 1071 277
f 1066 277 1071
f 279 1062 1072
f 1074 1072 1062
f 1073 1074 278
f 1069 278 1074
f 1076 1079 281
f 1075 281 1079
f 1077 284 1079
f 1078 1079 284
f 1081 1083 282
f 1080 282 1083
f 281 1082 1076
f 1083 1076 1082
f 283 1085 1084
f 1087 1084 1085
f 282 1086 1081
f 1087 1081 1086
f 284 1077 1088
f 1090 1088 1077
f 1090 1085 1089
f 283 1089 1085
f 1092 1095 286
f 1091 286 1095
f 1095 1093 1094
f 289 1094 1093
f 1097 1099 287
f 1096 287 1099
f 286 1098 1092
f 1099 1092 1098
f 288 1101 1100
f 1103 1100 1101
f 287 1102 1097
f 1103 1097 1102
f 289 1093 1104
f 1106 1104 1093
f 1101 288 1106
f 1105 1106 288
f 225 1107 867
f 1110 867 1107
f 292 1109 1108
f 1110 1108 1109
f 1112 1113 291
f 1111 291 1113
f 861 1113 225
f 1107 225 1113
f 289 1114 1094
f 1116 1094 1114
f 291 1115 1112
f 1116 1112 1115
f 1108 1118 292
f 1117 292 1118
f 289 1104 1114
f 1118 1114 1104
f 1120 1123 294
f 1119 294 1123
f 1122 1123 296
f 1121 296 1123
f 1127 1124 1125
f 295 1125 1124
f 294 1126 1120
f 1127 1120 1126
f 1128 1130 287
f 1102 287 1130
f 295 1129 1125
f 1130 1125 1129
f 296 1121 1131
f 1132 1131 1121
f 287 1096 1128
f 1132 1128 1096
f 1133 1135 292
f 1109 292 1135
f 755 1135 195
f 1134 195 1135
f 288 1136 1105
f 1137 1105 1136
f 292 1117 1133
f 1137 1133 1117
f 295 1138 1129
f 1139 1129 1138
f 1136 288 1139
f 1100 1139 288
f 195 1134 761
f 1140 761 1134
f 295 1124 1138
f 1140 1138 1124
f 1143 1122 1141
f 296 1141 1122
f 1143 1142 808
f 210 808 1142
f 1144 1145 286
f 1098 286 1145
f 1141 296 1145
f 1131 1145 296
f 291 1146 1115
f 1147 1115 1146
f 286 1091 1144
f 1147 1144 1091
f 1142 1148 210
f 798 210 1148
f 1146 291 1148
f 1111 1148 291
f 300 1150 1149
f 1152 1149 1150
f 214 822 1151
f 1152 1151 822
f 1153 1155 281
f 1082 281 1155
f 1150 300 1155
f 1154 1155 300
f 301 1157 1156
f 1158 1156 1157
f 281 1075 1153
f 1158 1153 1075
f 1151 1160 214
f 813 214 1160
f 1157 301 1160
f 1159 1160 301
f 198 1161 772
f 1164 772 1161
f 1164 1162 1163
f 303 1163 1162
f 1165 1166 301
f 1159 301 1166
f 765 1166 198
f 1161 198 1166
f 284 1167 1078
f 1168 1078 1167
f 301 1156 1165
f 1168 1165 1156
f 1162 1170 303
f 1169 303 1170
f 1167 284 1170
f 1088 1170 284
f 305 1172 1171
f 1174 1171 1172
f 191 744 1173
f 1174 1173 744
f 1175 1177 282
f 1086 282 1177
f 1176 1177 305
f 1172 305 1177
f 300 1178 1154
f 1179 1154 1178
f 282 1080 1175
f 1179 1175 1080
f 1173 1180 191
f 749 191 1180
f 1149 1180 300
f 1178 300 1180
f 1181 1184 303
f 1163 303 1184
f 1183 1184 307
f 1182 307 1184
f 283 1185 1089
f 1186 1089 1185
f 303 1169 1181
f 1186 1181 1169
f 305 1187 1176
f 1188 1176 1187
f 283 1084 1185
f 1188 1185 1084
f 307 1182 1189
f 1190 1189 1182
f 1171 1190 305
f 1187 305 1190
f 1192 1194 309
f 1191 309 1194
f 1072 1194 279
f 1193 279 1194
f 1195 310 1198
f 1196 1198 310
f 1192 309 1198
f 1197 1198 309
f 1202 1199 1200
f 311 1200 1199
f 310 1201 1196
f 1202 1196 1201
f 1203 1205 270
f 1043 270 1205
f 1200 311 1205
f 1204 1205 311
f 279 1193 1063
f 1206 1063 1193
f 270 1037 1203
f 1206 1203 1037
f 1208 1211 313
f 1207 313 1211
f 1210 1211 316
f 1209 316 1211
f 314 1213 1212
f 1215 1212 1213
f 313 1214 1208
f 1215 1208 1214
f 315 1217 1216
f 1219 1216 1217
f 1219 1213 1218
f 314 1218 1213
f 1209 1222 316
f 1220 316 1222
f 1221 1222 315
f 1217 315 1222
f 1223 1225 310
f 1201 310 1225
f 1212 1225 314
f 1224 314 1225
f 318 1227 1226
f 1228 1226 1227
f 1228 1223 1195
f 310 1195 1223
f 1230 1232 319
f 1229 319 1232
f 1231 1232 318
f 1227 318 1232
f 314 1224 1218
f 1234 1218 1224
f 319 1233 1230
f 1234 1230 1233
f 1236 1238 321
f 1235 321 1238
f 1237 319 1238
f 1229 1238 319
f 322 1240 1239
f 1242 1239 1240
f 321 1241 1236
f 1242 1236 1241
f 315 1243 1221
f 1245 1221 1243
f 1240 322 1245
f 1244 1245 322
f 319 1237 1233
f 1246 1233 1237
f 1246 1243 1216
f 315 1216 1243
f 324 1248 1247
f 1251 1247 1248
f 326 1250 1249
f 1251 1249 1250
f 1253 1255 325
f 1252 325 1255
f 1254 1255 324
f 1248 324 1255
f 238 1256 920
f 1258 920 1256
f 325 1257 1253
f 1258 1253 1257
f 1249 1260 326
f 1259 326 1260
f 914 1260 238
f 1256 238 1260
f 1265 1261 1262
f 328 1262 1261
f 330 1264 1263
f 1265 1263 1264
f 1267 1269 329
f 1266 329 1269
f 1262 328 1269
f 1268 1269 328
f 251 1270 963
f 1272 963 1270
f 1272 1267 1271
f 329 1271 1267
f 1263 1274 330
f 1273 330 1274
f 959 1274 251
f 1270 251 1274
f 1278 1275 1276
f 332 1276 1275
f 329 1266 1277
f 1278 1277 1266
f 1280 1282 333
f 1279 333 1282
f 1276 332 1282
f 1281 1282 332
f 1285 953 1283
f 248 1283 953
f 333 1284 1280
f 1285 1280 1284
f 1271 329 1286
f 1277 1286 329
f 948 1286 248
f 1283 248 1286
f 335 1288 1287
f 1291 1287 1288
f 337 1290 1289
f 1291 1289 1290
f 1293 1295 336
f 1292 336 1295
f 1288 335 1295
f 1294 1295 335
f 1298 1183 1296
f 307 1296 1183
f 1298 1293 1297
f 336 1297 1293
f 1289 1300 337
f 1299 337 1300
f 1296 307 1300
f 1189 1300 307
f 1302 1305 339
f 1301 339 1305
f 1304 1305 341
f 1303 341 1305
f 340 1307 1306
f 1309 1306 1307
f 1309 1302 1308
f 339 1308 1302
f 1310 1312 294
f 1126 294 1312
f 1307 340 1312
f 1311 1312 340
f 341 1303 1313
f 1314 1313 1303
f 294 1119 1310
f 1314 1310 1119
f 1318 1315 1316
f 343 1316 1315
f 325 1252 1317
f 1318 1317 1252
f 1319 1321 330
f 1264 330 1321
f 1316 343 1321
f 1320 1321 343
f 243 1322 937
f 1323 937 1322
f 1323 1319 1273
f 330 1273 1319
f 1317 1324 325
f 1257 325 1324
f 933 1324 243
f 1322 243 1324
f 345 1326 1325
f 1329 1325 1326
f 346 1328 1327
f 1329 1327 1328
f 1330 1332 326
f 1250 326 1332
f 1331 1332 345
f 1326 345 1332
f 267 1333 1031
f 1334 1031 1333
f 326 1259 1330
f 1334 1330 1259
f 1335 346 1336
f 1327 1336 346
f 1027 1336 267
f 1333 267 1336
f 1341 1337 1338
f 348 1338 1337
f 349 1340 1339
f 1341 1339 1340
f 1342 1344 346
f 1328 346 1344
f 1338 348 1344
f 1343 1344 348
f 271 1345 1045
f 1346 1045 1345
f 1346 1342 1335
f 346 1335 1342
f 349 1339 1347
f 1348 1347 1339
f 1041 1348 271
f 1345 271 1348
f 1353 1349 1350
f 351 1350 1349
f 354 1352 1351
f 1353 1351 1352
f 1355 1357 352
f 1354 352 1357
f 1350 351 1357
f 1356 1357 351
f 353 1359 1358
f 1361 1358 1359
f 352 1360 1355
f 1361 1355 1360
f 1351 1364 354
f 1362 354 1364
f 1363 1364 353
f 1359 353 1364
f 1365 356 1369
f 1366 1369 356
f 1369 1367 1368
f 357 1368 1367
f 1370 1372 354
f 1352 354 1372
f 356 1371 1366
f 1372 1366 1371
f 1374 1073 1373
f 278 1373 1073
f 354 1362 1370
f 1374 1370 1362
f 1367 1376 357
f 1375 357 1376
f 278 1068 1373
f 1376 1373 1068
f 1381 1377 1378
f 359 1378 1377
f 360 1380 1379
f 1381 1379 1380
f 1384 1304 1382
f 341 1382 1304
f 1378 359 1384
f 1383 1384 359
f 209 1385 809
f 1386 809 1385
f 1382 341 1386
f 1313 1386 341
f 1379 1388 360
f 1387 360 1388
f 804 1388 209
f 1385 209 1388
f 1390 1392 362
f 1389 362 1392
f 1391 336 1392
f 1292 1392 336
f 363 1394 1393
f 1396 1393 1394
f 1396 1390 1395
f 362 1395 1390
f 1397 1399 199
f 776 199 1399
f 1398 1399 363
f 1394 363 1399
f 1400 1297 1391
f 336 1391 1297
f 199 770 1397
f 1400 1397 770
f 1402 1404 365
f 1401 365 1404
f 1403 363 1404
f 1393 1404 363
f 366 1406 1405
f 1408 1405 1406
f 1408 1402 1407
f 365 1407 1402
f 1409 1411 204
f 793 204 1411
f 1410 1411 366
f 1406 366 1411
f 363 1403 1398
f 1412 1398 1403
f 204 789 1409
f 1412 1409 789
f 1414 1416 368
f 1413 368 1416
f 1405 1416 366
f 1415 366 1416
f 1418 1420 369
f 1417 369 1420
f 1419 1420 368
f 1414 368 1420
f 265 1421 1025
f 1423 1025 1421
f 1423 1418 1422
f 369 1422 1418
f 366 1415 1410
f 1424 1410 1415
f 1424 1421 1019
f 265 1019 1421
f 371 1426 1425
f 1428 1425 1426
f 369 1417 1427
f 1428 1427 1417
f 372 1430 1429
f 1432 1429 1430
f 1431 1432 371
f 1426 371 1432
f 1433 1435 273
f 1053 273 1435
f 1434 1435 372
f 1430 372 1435
f 1427 1436 369
f 1422 369 1436
f 273 1047 1433
f 1436 1433 1047
f 1438 1440 374
f 1437 374 1440
f 1429 1440 372
f 1439 372 1440
f 375 1442 1441
f 1444 1441 1442
f 1444 1438 1443
f 374 1443 1438
f 1445 1447 274
f 1057 274 1447
f 1446 1447 375
f 1442 375 1447
f 372 1439 1434
f 1448 1434 1439
f 274 1051 1445
f 1448 1445 1051
f 1452 1449 1450
f 377 1450 1449
f 1451 375 1452
f 1441 1452 375
f 1453 1455 357
f 1368 357 1455
f 1450 377 1455
f 1454 1455 377
f 277 1456 1070
f 1457 1070 1456
f 357 1375 1453
f 1457 1453 1375
f 1446 375 1458
f 1451 1458 375
f 1065 1458 277
f 1456 277 1458
f 1462 1340 1459
f 349 1459 1340
f 1461 1462 380
f 1460 380 1462
f 1464 1204 1463
f 311 1463 1204
f 1459 349 1464
f 1347 1464 349
f 1465 1466 313
f 1214 313 1466
f 1199 1466 311
f 1463 311 1466
f 379 1468 1467
f 1469 1467 1468
f 313 1207 1465
f 1469 1465 1207
f 380 1460 1470
f 1472 1470 1460
f 1472 1468 1471
f 379 1471 1468
f 1363 353 1475
f 1473 1475 353
f 1191 1475 309
f 1474 309 1475
f 1477 1478 382
f 1476 382 1478
f 1358 1478 353
f 1473 353 1478
f 309 1474 1197
f 1480 1197 1474
f 382 1479 1477
f 1480 1477 1479
f 384 1482 1481
f 1485 1481 1482
f 387 1484 1483
f 1485 1483 1484
f 1487 1489 385
f 1486 385 1489
f 1488 1489 384
f 1482 384 1489
f 386 1491 1490
f 1493 1490 1491
f 385 1492 1487
f 1493 1487 1492
f 1483 1496 387
f 1494 387 1496
f 1491 386 1496
f 1495 1496 386
f 1501 1497 1498
f 389 1498 1497
f 392 1500 1499
f 1501 1499 1500
f 1503 1505 390
f 1502 390 1505
f 1498 389 1505
f 1504 1505 389
f 1507 1509 391
f 1506 391 1509
f 1509 1503 1508
f 390 1508 1503
f 1499 1512 392
f 1510 392 1512
f 391 1511 1507
f 1512 1507 1511
f 1513 394 1517
f 1514 1517 394
f 1516 1517 397
f 1515 397 1517
f 1521 1518 1519
f 395 1519 1518
f 1514 394 1521
f 1520 1521 394
f 1523 1525 396
f 1522 396 1525
f 1519 395 1525
f 1524 1525 395
f 397 1515 1526
f 1528 1526 1515
f 1528 1523 1527
f 396 1527 1523
f 399 1530 1529
f 1532 1529 1530
f 1502 1532 390
f 1531 390 1532
f 1534 1536 400
f 1533 400 1536
f 399 1535 1530
f 1536 1530 1535
f 1540 1537 1538
f 401 1538 1537
f 400 1539 1534
f 1540 1534 1539
f 1531 1542 390
f 1508 390 1542
f 1538 401 1542
f 1541 1542 401
f 403 1544 1543
f 1546 1543 1544
f 1546 1545 1533
f 400 1533 1545
f 395 1547 1524
f 1549 1524 1547
f 1549 1544 1548
f 403 1548 1544
f 1551 1552 404
f 1550 404 1552
f 1518 1552 395
f 1547 395 1552
f 1545 1554 400
f 1539 400 1554
f 1554 1551 1553
f 404 1553 1551
f 1555 1558 392
f 1500 392 1558
f 407 1557 1556
f 1558 1556 1557
f 397 1559 1516
f 1560 1516 1559
f 392 1510 1555
f 1560 1555 1510
f 406 1562 1561
f 1563 1561 1562
f 1526 1563 397
f 1559 397 1563
f 1556 1566 407
f 1564 407 1566
f 1565 1566 406
f 1562 406 1566
f 1567 1570 407
f 1557 407 1570
f 1568 410 1570
f 1569 1570 410
f 409 1572 1571
f 1573 1571 1572
f 407 1564 1567
f 1573 1567 1564
f 1574 1576 321
f 1241 321 1576
f 1575 1576 409
f 1572 409 1576
f 318 1577 1231
f 1578 1231 1577
f 321 1235 1574
f 1578 1574 1235
f 1568 1580 410
f 1579 410 1580
f 1226 1580 318
f 1577 318 1580
f 1581 412 1584
f 1582 1584 412
f 1561 1584 406
f 1583 406 1584
f 1587 1210 1585
f 316 1585 1210
f 1587 1582 1586
f 412 1586 1582
f 322 1588 1244
f 1589 1244 1588
f 1589 1585 1220
f 316 1220 1585
f 1591 1575 1590
f 409 1590 1575
f 322 1239 1588
f 1591 1588 1239
f 406 1583 1565
f 1592 1565 1583
f 409 1571 1590
f 1592 1590 1571
f 414 1594 1593
f 1596 1593 1594
f 396 1522 1595
f 1596 1595 1522
f 415 1598 1597
f 1600 1597 1598
f 1600 1594 1599
f 414 1599 1594
f 1601 1603 379
f 1471 379 1603
f 1602 1603 415
f 1598 415 1603
f 1605 1586 1604
f 412 1604 1586
f 379 1467 1601
f 1605 1601 1467
f 1527 396 1606
f 1595 1606 396
f 1604 412 1606
f 1581 1606 412
f 1608 1611 417
f 1607 417 1611
f 1609 419 1611
f 1610 1611 419
f 1612 1614 399
f 1535 399 1614
f 1614 1608 1613
f 417 1613 1608
f 418 1616 1615
f 1617 1615 1616
f 1612 399 1617
f 1529 1617 399
f 1618 1620 352
f 1360 352 1620
f 1619 1620 418
f 1616 418 1620
f 419 1609 1621
f 1622 1621 1609
f 352 1354 1618
f 1622 1618 1354
f 414 1623 1599
f 1626 1599 1623
f 1625 1626 421
f 1624 421 1626
f 1548 403 1628
f 1627 1628 403
f 1593 1628 414
f 1623 414 1628
f 1629 1630 417
f 1613 417 1630
f 1627 403 1630
f 1543 1630 403
f 1632 1631 1624
f 421 1624 1631
f 417 1607 1629
f 1632 1629 1607
f 418 1633 1619
f 1635 1619 1633
f 382 1476 1634
f 1635 1634 1476
f 389 1636 1504
f 1637 1504 1636
f 1615 1637 418
f 1633 418 1637
f 1638 1639 410
f 1569 410 1639
f 1497 1639 389
f 1636 389 1639
f 1634 1640 382
f 1479 382 1640
f 1579 1640 410
f 1638 410 1640
f 1644 1641 1642
f 424 1642 1641
f 391 1506 1643
f 1644 1643 1506
f 384 1645 1488
f 1647 1488 1645
f 424 1646 1642
f 1647 1642 1646
f 425 1649 1648
f 1650 1648 1649
f 384 1481 1645
f 1650 1645 1481
f 1643 1652 391
f 1511 391 1652
f 1651 1652 425
f 1649 425 1652
f 1653 427 1656
f 1654 1656 427
f 1537 1656 401
f 1655 401 1656
f 385 1657 1492
f 1659 1492 1657
f 427 1658 1654
f 1659 1654 1658
f 424 1660 1646
f 1661 1646 1660
f 385 1486 1657
f 1661 1657 1486
f 401 1655 1541
f 1662 1541 1655
f 1641 1662 424
f 1660 424 1662
f 1666 1663 1664
f 429 1664 1663
f 404 1550 1665
f 1666 1665 1550
f 386 1667 1495
f 1669 1495 1667
f 429 1668 1664
f 1669 1664 1668
f 1670 1671 427
f 1658 427 1671
f 1667 386 1671
f 1490 1671 386
f 1553 404 1672
f 1665 1672 404
f 1672 1670 1653
f 427 1653 1670
f 1651 425 1675
f 1673 1675 425
f 1513 1675 394
f 1674 394 1675
f 387 1676 1484
f 1677 1484 1676
f 425 1648 1673
f 1677 1673 1648
f 429 1678 1668
f 1679 1668 1678
f 387 1494 1676
f 1679 1676 1494
f 394 1674 1520
f 1680 1520 1674
f 1680 1678 1663
f 429 1663 1678
f 1681 1684 196
f 763 196 1684
f 1683 1684 434
f 1682 434 1684
f 1686 1687 432
f 1685 432 1687
f 1687 1681 759
f 196 759 1681
f 1689 1691 433
f 1688 433 1691
f 1691 1686 1690
f 432 1690 1686
f 434 1682 1692
f 1694 1692 1682
f 1694 1689 1693
f 433 1693 1689
f 340 1695 1311
f 1697 1311 1695
f 432 1685 1696
f 1697 1696 1685
f 1699 1700 436
f 1698 436 1700
f 1306 1700 340
f 1695 340 1700
f 437 1702 1701
f 1704 1701 1702
f 436 1703 1699
f 1704 1699 1703
f 1690 432 1706
f 1696 1706 432
f 1705 1706 437
f 1702 437 1706
f 1707 1710 337
f 1290 337 1710
f 1709 1710 441
f 1708 441 1710
f 439 1712 1711
f 1713 1711 1712
f 337 1299 1707
f 1713 1707 1299
f 1715 1717 440
f 1714 440 1717
f 1716 1717 439
f 1712 439 1717
f 441 1708 1718
f 1720 1718 1708
f 440 1719 1715
f 1720 1715 1719
f 1723 746 1721
f 190 1721 746
f 1722 439 1723
f 1711 1723 439
f 1725 1683 1724
f 434 1724 1683
f 1721 190 1725
f 740 1725 190
f 1728 1726 1727
f 443 1727 1726
f 434 1692 1724
f 1728 1724 1692
f 1730 1716 1722
f 439 1722 1716
f 1727 443 1730
f 1729 1730 443
f 445 1732 1731
f 1734 1731 1732
f 1701 1734 437
f 1733 437 1734
f 446 1736 1735
f 1738 1735 1736
f 1737 1738 445
f 1732 445 1738
f 1739 1741 433
f 1693 433 1741
f 1740 1741 446
f 1736 446 1741
f 437 1733 1705
f 1742 1705 1733
f 433 1688 1739
f 1742 1739 1688
f 1746 1743 1744
f 448 1744 1743
f 446 1735 1745
f 1746 1745 1735
f 1747 1749 440
f 1719 440 1749
f 1744 448 1749
f 1748 1749 448
f 443 1750 1729
f 1751 1729 1750
f 440 1714 1747
f 1751 1747 1714
f 1745 1752 446
f 1740 446 1752
f 1726 1752 443
f 1750 443 1752
f 1754 1757 450
f 1753 450 1757
f 1756 1757 452
f 1755 452 1757
f 451 1759 1758
f 1761 1758 1759
f 450 1760 1754
f 1761 1754 1760
f 452 1755 1762
f 1764 1762 1755
f 1763 1764 451
f 1759 451 1764
f 452 1765 1756
f 1768 1756 1765
f 1766 455 1768
f 1767 1768 455
f 1770 1771 454
f 1769 454 1771
f 1762 1771 452
f 1765 452 1771
f 208 1772 806
f 1774 806 1772
f 454 1773 1770
f 1774 1770 1773
f 1775 1776 229
f 881 229 1776
f 800 1776 208
f 1772 208 1776
f 1778 1777 1766
f 455 1766 1777
f 229 875 1775
f 1778 1775 875
f 455 1779 1767
f 1781 1767 1779
f 450 1753 1780
f 1781 1780 1753
f 1782 1783 258
f 989 258 1783
f 1777 1783 455
f 1779 455 1783
f 1784 1785 249
f 942 249 1785
f 258 986 1782
f 1785 1782 986
f 1786 457 1788
f 1787 1788 457
f 1784 249 1788
f 952 1788 249
f 1780 1790 450
f 1760 450 1790
f 1789 1790 457
f 1787 457 1790
f 1792 1795 459
f 1791 459 1795
f 1793 460 1795
f 1794 1795 460
f 457 1796 1789
f 1798 1789 1796
f 459 1797 1792
f 1798 1792 1797
f 1284 333 1800
f 1799 1800 333
f 1786 1800 457
f 1796 457 1800
f 1802 1801 1793
f 460 1793 1801
f 333 1279 1799
f 1802 1799 1279
f 360 1803 1380
f 1806 1380 1803
f 463 1805 1804
f 1806 1804 1805
f 1807 1808 454
f 1773 454 1808
f 1387 1808 360
f 1803 360 1808
f 462 1810 1809
f 1811 1809 1810
f 454 1769 1807
f 1811 1807 1769
f 1804 1814 463
f 1812 463 1814
f 1813 1814 462
f 1810 462 1814
f 451 1815 1763
f 1818 1763 1815
f 467 1817 1816
f 1818 1816 1817
f 1821 1819 1820
f 465 1820 1819
f 1758 1821 451
f 1815 451 1821
f 1823 1825 466
f 1822 466 1825
f 1820 465 1825
f 1824 1825 465
f 1826 467 1828
f 1816 1828 467
f 1823 466 1828
f 1827 1828 466
f 1829 1831 459
f 1797 459 1831
f 1819 1831 465
f 1830 465 1831
f 469 1833 1832
f 1834 1832 1833
f 459 1791 1829
f 1834 1829 1791
f 1836 1838 470
f 1835 470 1838
f 1837 1838 469
f 1833 469 1838
f 465 1830 1824
f 1840 1824 1830
f 470 1839 1836
f 1840 1836 1839
f 1844 1813 1841
f 462 1841 1813
f 473 1843 1842
f 1844 1842 1843
f 1845 1846 467
f 1817 467 1846
f 1841 462 1846
f 1809 1846 462
f 472 1848 1847
f 1849 1847 1848
f 1849 1845 1826
f 467 1826 1845
f 1842 1852 473
f 1850 473 1852
f 1851 1852 472
f 1848 472 1852
f 1853 1855 470
f 1839 470 1855
f 1854 466 1855
f 1822 1855 466
f 1858 1856 1857
f 475 1857 1856
f 470 1835 1853
f 1858 1853 1835
f 472 1859 1851
f 1861 1851 1859
f 475 1860 1857
f 1861 1857 1860
f 1854 1862 466
f 1827 466 1862
f 1859 472 1862
f 1847 1862 472
f 477 1864 1863
f 1867 1863 1864
f 1867 1865 1866
f 480 1866 1865
f 478 1869 1868
f 1871 1868 1869
f 1870 1871 477
f 1864 477 1871
f 1872 479 1875
f 1873 1875 479
f 1874 1875 478
f 1869 478 1875
f 1865 1878 480
f 1876 480 1878
f 479 1877 1873
f 1878 1873 1877
f 1879 1882 480
f 1866 480 1882
f 1880 484 1882
f 1881 1882 484
f 482 1884 1883
f 1885 1883 1884
f 1885 1879 1876
f 480 1876 1879
f 1887 1889 483
f 1886 483 1889
f 1888 1889 482
f 1884 482 1889
f 484 1880 1890
f 1892 1890 1880
f 483 1891 1887
f 1892 1887 1891
f 1894 1897 486
f 1893 486 1897
f 1897 1895 1896
f 489 1896 1895
f 1899 1901 487
f 1898 487 1901
f 486 1900 1894
f 1901 1894 1900
f 488 1903 1902
f 1905 1902 1903
f 487 1904 1899
f 1905 1899 1904
f 1895 1908 489
f 1906 489 1908
f 1907 1908 488
f 1903 488 1908
f 1910 1913 491
f 1909 491 1913
f 1912 1913 493
f 1911 493 1913
f 492 1915 1914
f 1917 1914 1915
f 491 1916 1910
f 1917 1910 1916
f 1918 1920 487
f 1904 487 1920
f 1919 1920 492
f 1915 492 1920
f 493 1911 1921
f 1922 1921 1911
f 487 1898 1918
f 1922 1918 1898
f 495 1924 1923
f 1927 1923 1924
f 1926 1927 498
f 1925 498 1927
f 1929 1931 496
f 1928 496 1931
f 1930 1931 495
f 1924 495 1931
f 1933 1935 497
f 1932 497 1935
f 496 1934 1929
f 1935 1929 1934
f 498 1925 1936
f 1938 1936 1925
f 497 1937 1933
f 1938 1933 1937
f 500 1940 1939
f 1942 1939 1940
f 486 1893 1941
f 1942 1941 1893
f 1944 1946 501
f 1943 501 1946
f 1945 1946 500
f 1940 500 1946
f 502 1948 1947
f 1950 1947 1948
f 501 1949 1944
f 1950 1944 1949
f 1941 1952 486
f 1900 486 1952
f 1951 1952 502
f 1948 502 1952
f 1954 1956 504
f 1953 504 1956
f 1955 477 1956
f 1863 1956 477
f 505 1958 1957
f 1960 1957 1958
f 504 1959 1954
f 1960 1954 1959
f 1961 1963 501
f 1949 501 1963
f 1962 1963 505
f 1958 505 1963
f 1964 1870 1955
f 477 1955 1870
f 501 1943 1961
f 1964 1961 1943
f 1966 1969 507
f 1965 507 1969
f 509 1968 1967
f 1969 1967 1968
f 1971 1973 508
f 1970 508 1973
f 1973 1966 1972
f 507 1972 1966
f 505 1974 1962
f 1976 1962 1974
f 1976 1971 1975
f 508 1975 1971
f 1977 509 1978
f 1967 1978 509
f 1957 1978 505
f 1974 505 1978
f 493 1979 1912
f 1982 1912 1979
f 511 1981 1980
f 1982 1980 1981
f 502 1983 1951
f 1984 1951 1983
f 1921 1984 493
f 1979 493 1984
f 1975 508 1986
f 1985 1986 508
f 1947 1986 502
f 1983 502 1986
f 1980 1988 511
f 1987 511 1988
f 508 1970 1985
f 1988 1985 1970
f 498 1989 1926
f 1992 1926 1989
f 515 1991 1990
f 1992 1990 1991
f 1994 1995 513
f 1993 513 1995
f 1936 1995 498
f 1989 498 1995
f 514 1997 1996
f 1999 1996 1997
f 513 1998 1994
f 1999 1994 1998
f 1990 2002 515
f 2000 515 2002
f 2001 2002 514
f 1997 514 2002
f 2004 2007 517
f 2003 517 2007
f 2006 2007 519
f 2005 519 2007
f 518 2009 2008
f 2011 2008 2009
f 2011 2004 2010
f 517 2010 2004
f 2012 2014 513
f 1998 513 2014
f 2013 2014 518
f 2009 518 2014
f 519 2005 2015
f 2016 2015 2005
f 513 1993 2012
f 2016 2012 1993
f 2020 1968 2017
f 509 2017 1968
f 2020 2018 2019
f 522 2019 2018
f 2021 521 2023
f 2022 2023 521
f 2023 2017 1977
f 509 1977 2017
f 518 2024 2013
f 2026 2013 2024
f 521 2025 2022
f 2026 2022 2025
f 2018 2028 522
f 2027 522 2028
f 2008 2028 518
f 2024 518 2028
f 484 2029 1881
f 2031 1881 2029
f 504 1953 2030
f 2031 2030 1953
f 514 2032 2001
f 2033 2001 2032
f 1890 2033 484
f 2029 484 2033
f 2034 2035 521
f 2025 521 2035
f 1996 2035 514
f 2032 514 2035
f 1959 504 2036
f 2030 2036 504
f 521 2021 2034
f 2036 2034 2021
f 2038 2041 525
f 2037 525 2041
f 2040 2041 528
f 2039 528 2041
f 526 2043 2042
f 2045 2042 2043
f 525 2044 2038
f 2045 2038 2044
f 2047 2049 527
f 2046 527 2049
f 2048 2049 526
f 2043 526 2049
f 2052 2050 2039
f 528 2039 2050
f 527 2051 2047
f 2052 2047 2051
f 2057 2053 2054
f 530 2054 2053
f 2056 2057 532
f 2055 532 2057
f 531 2059 2058
f 2061 2058 2059
f 2061 2054 2060
f 530 2060 2054
f 2062 2064 526
f 2048 526 2064
f 2063 2064 531
f 2059 531 2064
f 532 2055 2065
f 2066 2065 2055
f 526 2042 2062
f 2066 2062 2042
f 534 2068 2067
f 2071 2067 2068
f 537 2070 2069
f 2071 2069 2070
f 2072 535 2075
f 2073 2075 535
f 2074 2075 534
f 2068 534 2075
f 536 2077 2076
f 2079 2076 2077
f 2079 2073 2078
f 535 2078 2073
f 2080 537 2082
f 2069 2082 537
f 2081 2082 536
f 2077 536 2082
f 2084 2086 539
f 2083 539 2086
f 2053 2086 530
f 2085 530 2086
f 536 2087 2081
f 2089 2081 2087
f 539 2088 2084
f 2089 2084 2088
f 2091 2092 540
f 2090 540 2092
f 2076 2092 536
f 2087 536 2092
f 530 2085 2060
f 2094 2060 2085
f 540 2093 2091
f 2094 2091 2093
f 542 2096 2095
f 2098 2095 2096
f 507 1965 2097
f 2098 2097 1965
f 2099 2101 532
f 2056 532 2101
f 2100 2101 542
f 2096 542 2101
f 543 2103 2102
f 2104 2102 2103
f 2104 2099 2065
f 532 2065 2099
f 2097 2106 507
f 1972 507 2106
f 2105 2106 543
f 2103 543 2106
f 2010 517 2110
f 2107 2110 517
f 2109 2110 546
f 2108 546 2110
f 2113 2111 2112
f 545 2112 2111
f 517 2003 2107
f 2113 2107 2003
f 537 2114 2070
f 2116 2070 2114
f 545 2115 2112
f 2116 2112 2115
f 546 2108 2117
f 2118 2117 2108
f 2080 2118 537
f 2114 537 2118
f 2119 2122 491
f 1916 491 2122
f 2121 2122 549
f 2120 549 2122
f 2125 2123 2124
f 548 2124 2123
f 491 1909 2119
f 2125 2119 1909
f 528 2126 2040
f 2128 2040 2126
f 2124 548 2128
f 2127 2128 548
f 549 2120 2129
f 2130 2129 2120
f 2050 2130 528
f 2126 528 2130
f 2131 2133 539
f 2088 539 2133
f 2117 2133 546
f 2132 546 2133
f 542 2134 2100
f 2135 2100 2134
f 539 2083 2131
f 2135 2131 2083
f 2136 2137 522
f 2019 522 2137
f 2095 2137 542
f 2134 542 2137
f 546 2132 2109
f 2138 2109 2132
f 522 2027 2136
f 2138 2136 2027
f 543 2139 2105
f 2141 2105 2139
f 511 1987 2140
f 2141 2140 1987
f 2142 2143 525
f 2044 525 2143
f 2102 2143 543
f 2139 543 2143
f 548 2144 2127
f 2145 2127 2144
f 525 2037 2142
f 2145 2142 2037
f 2140 2146 511
f 1981 511 2146
f 2123 2146 548
f 2144 548 2146
f 2150 2121 2147
f 549 2147 2121
f 2149 2150 555
f 2148 555 2150
f 2152 2153 553
f 2151 553 2153
f 2147 549 2153
f 2129 2153 549
f 554 2155 2154
f 2157 2154 2155
f 2157 2152 2156
f 553 2156 2152
f 2158 555 2160
f 2148 2160 555
f 2159 2160 554
f 2155 554 2160
f 2164 2159 2161
f 554 2161 2159
f 559 2163 2162
f 2164 2162 2163
f 2166 2167 557
f 2165 557 2167
f 2161 554 2167
f 2154 2167 554
f 558 2169 2168
f 2171 2168 2169
f 2171 2166 2170
f 557 2170 2166
f 2162 2174 559
f 2172 559 2174
f 2173 2174 558
f 2169 558 2174
f 2175 2178 559
f 2163 559 2178
f 2177 2178 563
f 2176 563 2178
f 561 2180 2179
f 2181 2179 2180
f 559 2172 2175
f 2181 2175 2172
f 2183 2185 562
f 2182 562 2185
f 2184 2185 561
f 2180 561 2185
f 563 2176 2186
f 2188 2186 2176
f 562 2187 2183
f 2188 2183 2187
f 2190 2192 565
f 2189 565 2192
f 2179 2192 561
f 2191 561 2192
f 2194 2196 566
f 2193 566 2196
f 565 2195 2190
f 2196 2190 2195
f 2198 2200 567
f 2197 567 2200
f 566 2199 2194
f 2200 2194 2199
f 561 2191 2184
f 2202 2184 2191
f 567 2201 2198
f 2202 2198 2201
f 2204 2207 569
f 2203 569 2207
f 2205 572 2207
f 2206 2207 572
f 2209 2211 570
f 2208 570 2211
f 569 2210 2204
f 2211 2204 2210
f 571 2213 2212
f 2215 2212 2213
f 570 2214 2209
f 2215 2209 2214
f 572 2205 2216
f 2218 2216 2205
f 2213 571 2218
f 2217 2218 571
f 2220 2223 574
f 2219 574 2223
f 2221 577 2223
f 2222 2223 577
f 2225 2227 575
f 2224 575 2227
f 574 2226 2220
f 2227 2220 2226
f 576 2229 2228
f 2231 2228 2229
f 575 2230 2225
f 2231 2225 2230
f 577 2221 2232
f 2234 2232 2221
f 2229 576 2234
f 2233 2234 576
f 579 2236 2235
f 2238 2235 2236
f 515 2000 2237
f 2238 2237 2000
f 574 2239 2226
f 2241 2226 2239
f 2236 579 2241
f 2240 2241 579
f 580 2243 2242
f 2244 2242 2243
f 574 2219 2239
f 2244 2239 2219
f 2237 2246 515
f 1991 515 2246
f 2243 580 2246
f 2245 2246 580
f 2248 2251 582
f 2247 582 2251
f 2250 2251 584
f 2249 584 2251
f 576 2252 2233
f 2254 2233 2252
f 582 2253 2248
f 2254 2248 2253
f 583 2256 2255
f 2257 2255 2256
f 2252 576 2257
f 2228 2257 576
f 584 2249 2258
f 2260 2258 2249
f 2260 2256 2259
f 583 2259 2256
f 2261 2263 483
f 1891 483 2263
f 2235 2263 579
f 2262 579 2263
f 583 2264 2259
f 2265 2259 2264
f 483 1886 2261
f 2265 2261 1886
f 2266 2267 575
f 2230 575 2267
f 583 2255 2264
f 2267 2264 2255
f 579 2262 2240
f 2268 2240 2262
f 575 2224 2266
f 2268 2266 2224
f 2271 1930 2269
f 495 2269 1930
f 2271 2270 2247
f 582 2247 2270
f 2272 2273 580
f 2245 580 2273
f 2269 495 2273
f 1923 2273 495
f 577 2274 2222
f 2275 2222 2274
f 580 2242 2272
f 2275 2272 2242
f 2270 2276 582
f 2253 582 2276
f 2276 2274 2232
f 577 2232 2274
f 500 2277 1945
f 2280 1945 2277
f 589 2279 2278
f 2280 2278 2279
f 2282 2283 588
f 2281 588 2283
f 1939 2283 500
f 2277 500 2283
f 572 2284 2206
f 2286 2206 2284
f 588 2285 2282
f 2286 2282 2285
f 2278 2288 589
f 2287 589 2288
f 2284 572 2288
f 2216 2288 572
f 2292 2289 2290
f 591 2290 2289
f 489 1906 2291
f 2292 2291 1906
f 2293 2295 569
f 2210 569 2295
f 2290 591 2295
f 2294 2295 591
f 588 2296 2285
f 2297 2285 2296
f 569 2203 2293
f 2297 2293 2203
f 1896 489 2298
f 2291 2298 489
f 2296 588 2298
f 2281 2298 588
f 478 2299 1874
f 2302 1874 2299
f 593 2301 2300
f 2302 2300 2301
f 2303 2304 589
f 2279 589 2304
f 1868 2304 478
f 2299 478 2304
f 571 2305 2217
f 2306 2217 2305
f 589 2287 2303
f 2306 2303 2287
f 2300 2308 593
f 2307 593 2308
f 2212 2308 571
f 2305 571 2308
f 2310 2312 595
f 2309 595 2312
f 2289 2312 591
f 2311 591 2312
f 2313 2315 593
f 2301 593 2315
f 595 2314 2310
f 2315 2310 2314
f 570 2316 2214
f 2317 2214 2316
f 593 2307 2313
f 2317 2313 2307
f 591 2311 2294
f 2318 2294 2311
f 570 2208 2316
f 2318 2316 2208
f 2319 2322 565
f 2195 565 2322
f 2321 2322 599
f 2320 599 2322
f 558 2323 2173
f 2324 2173 2323
f 565 2189 2319
f 2324 2319 2189
f 2326 2327 597
f 2325 597 2327
f 2323 558 2327
f 2168 2327 558
f 598 2329 2328
f 2331 2328 2329
f 2331 2326 2330
f 597 2330 2326
f 2320 2334 599
f 2332 599 2334
f 2333 2334 598
f 2329 598 2334
f 2335 601 2339
f 2336 2339 601
f 2338 2339 604
f 2337 604 2339
f 2341 2343 602
f 2340 602 2343
f 2336 601 2343
f 2342 2343 601
f 2345 2347 603
f 2344 603 2347
f 602 2346 2341
f 2347 2341 2346
f 604 2337 2348
f 2350 2348 2337
f 603 2349 2345
f 2350 2345 2349
f 2351 2353 603
f 2349 603 2353
f 2352 598 2353
f 2328 2353 598
f 606 2355 2354
f 2356 2354 2355
f 603 2344 2351
f 2356 2351 2344
f 2358 2360 607
f 2357 607 2360
f 2359 2360 606
f 2355 606 2360
f 2362 2333 2352
f 598 2352 2333
f 607 2361 2358
f 2362 2358 2361
f 2363 2366 606
f 2359 606 2366
f 2365 2366 610
f 2364 610 2366
f 2367 2368 602
f 2346 602 2368
f 606 2354 2363
f 2368 2363 2354
f 2370 2371 609
f 2369 609 2371
f 602 2340 2367
f 2371 2367 2340
f 610 2364 2372
f 2374 2372 2364
f 609 2373 2370
f 2374 2370 2373
f 612 2376 2375
f 2378 2375 2376
f 324 1247 2377
f 2378 2377 1247
f 2379 2381 527
f 2051 527 2381
f 2380 2381 612
f 2376 612 2381
f 613 2383 2382
f 2384 2382 2383
f 527 2046 2379
f 2384 2379 2046
f 2377 2386 324
f 1254 324 2386
f 2385 2386 613
f 2383 613 2386
f 615 2388 2387
f 2390 2387 2388
f 2390 2389 1261
f 328 1261 2389
f 2391 2393 540
f 2093 540 2393
f 2392 2393 615
f 2388 615 2393
f 2396 2394 2395
f 616 2395 2394
f 540 2090 2391
f 2396 2391 2090
f 2389 2398 328
f 1268 328 2398
f 2395 616 2398
f 2397 2398 616
f 616 2399 2397
f 2401 2397 2399
f 2401 2400 1275
f 332 1275 2400
f 2078 535 2403
f 2402 2403 535
f 2394 2403 616
f 2399 616 2403
f 618 2405 2404
f 2406 2404 2405
f 2406 2402 2072
f 535 2072 2402
f 2400 2408 332
f 1281 332 2408
f 2405 618 2408
f 2407 2408 618
f 620 2410 2409
f 2412 2409 2410
f 335 1287 2411
f 2412 2411 1287
f 2413 2415 595
f 2314 595 2415
f 2414 2415 620
f 2410 620 2415
f 2418 2416 2417
f 621 2417 2416
f 2418 2413 2309
f 595 2309 2413
f 2411 2420 335
f 1294 335 2420
f 2417 621 2420
f 2419 2420 621
f 2421 623 2424
f 2422 2424 623
f 2423 339 2424
f 1301 2424 339
f 584 2425 2250
f 2427 2250 2425
f 623 2426 2422
f 2427 2422 2426
f 2429 2430 624
f 2428 624 2430
f 2425 584 2430
f 2258 2430 584
f 2432 1308 2423
f 339 2423 1308
f 624 2431 2429
f 2432 2429 2431
f 613 2433 2385
f 2435 2385 2433
f 2435 2434 1315
f 343 1315 2434
f 2063 531 2437
f 2436 2437 531
f 2382 2437 613
f 2433 613 2437
f 2439 2392 2438
f 615 2438 2392
f 531 2058 2436
f 2439 2436 2058
f 2434 2440 343
f 1320 343 2440
f 2438 615 2440
f 2387 2440 615
f 627 2442 2441
f 2444 2441 2442
f 345 1325 2443
f 2444 2443 1325
f 2156 553 2447
f 2445 2447 553
f 2446 2447 627
f 2442 627 2447
f 612 2448 2380
f 2449 2380 2448
f 553 2151 2445
f 2449 2445 2151
f 1331 345 2450
f 2443 2450 345
f 2375 2450 612
f 2448 612 2450
f 629 2452 2451
f 2454 2451 2452
f 2454 2453 1337
f 348 1337 2453
f 2170 557 2457
f 2455 2457 557
f 629 2456 2452
f 2457 2452 2456
f 2459 2446 2458
f 627 2458 2446
f 557 2165 2455
f 2459 2455 2165
f 2453 2460 348
f 1343 348 2460
f 2458 627 2460
f 2441 2460 627
f 631 2462 2461
f 2464 2461 2462
f 2464 2463 1349
f 351 1349 2463
f 2465 632 2468
f 2466 2468 632
f 2467 2468 631
f 2462 631 2468
f 633 2470 2469
f 2472 2469 2470
f 632 2471 2466
f 2472 2466 2471
f 2463 2474 351
f 1356 351 2474
f 2473 2474 633
f 2470 633 2474
f 2478 2475 2476
f 635 2476 2475
f 1365 2478 356
f 2477 356 2478
f 566 2479 2199
f 2481 2199 2479
f 2476 635 2481
f 2480 2481 635
f 631 2482 2467
f 2483 2467 2482
f 2193 2483 566
f 2479 566 2483
f 356 2477 1371
f 2484 1371 2477
f 2482 631 2484
f 2461 2484 631
f 637 2486 2485
f 2488 2485 2486
f 2488 2487 1377
f 359 1377 2487
f 2489 2491 496
f 1934 496 2491
f 2490 2491 637
f 2486 637 2491
f 2492 2493 623
f 2426 623 2493
f 496 1928 2489
f 2493 2489 1928
f 2487 2494 359
f 1383 359 2494
f 2494 2492 2421
f 623 2421 2492
f 2495 2497 621
f 2419 621 2497
f 2496 362 2497
f 1389 2497 362
f 488 2498 1907
f 2499 1907 2498
f 2499 2495 2416
f 621 2416 2495
f 2501 2502 639
f 2500 639 2502
f 1902 2502 488
f 2498 488 2502
f 2504 1395 2496
f 362 2496 1395
f 639 2503 2501
f 2504 2501 2503
f 2505 2507 639
f 2503 639 2507
f 2506 365 2507
f 1401 2507 365
f 492 2508 1919
f 2509 1919 2508
f 639 2500 2505
f 2509 2505 2500
f 2511 2512 641
f 2510 641 2512
f 1914 2512 492
f 2508 492 2512
f 2514 1407 2506
f 365 2506 1407
f 641 2513 2511
f 2514 2511 2513
f 2515 2517 641
f 2513 641 2517
f 2516 368 2517
f 1413 2517 368
f 2519 2149 2518
f 555 2518 2149
f 641 2510 2515
f 2519 2515 2510
f 2522 2520 2521
f 643 2521 2520
f 555 2158 2518
f 2522 2518 2158
f 1419 368 2524
f 2516 2524 368
f 2521 643 2524
f 2523 2524 643
f 643 2525 2523
f 2527 2523 2525
f 371 1425 2526
f 2527 2526 1425
f 563 2528 2177
f 2529 2177 2528
f 2520 2529 643
f 2525 643 2529
f 2531 2532 645
f 2530 645 2532
f 2186 2532 563
f 2528 563 2532
f 1431 371 2534
f 2526 2534 371
f 645 2533 2531
f 2534 2531 2533
f 2535 2537 645
f 2533 645 2537
f 2536 374 2537
f 1437 2537 374
f 562 2538 2187
f 2539 2187 2538
f 645 2530 2535
f 2539 2535 2530
f 2541 2542 647
f 2540 647 2542
f 2182 2542 562
f 2538 562 2542
f 2544 1443 2536
f 374 2536 1443
f 647 2543 2541
f 2544 2541 2543
f 2545 2547 647
f 2543 647 2547
f 2547 2546 1449
f 377 1449 2546
f 2548 2549 567
f 2201 567 2549
f 2540 2549 647
f 2545 647 2549
f 635 2550 2480
f 2551 2480 2550
f 567 2197 2548
f 2551 2548 2197
f 2546 2552 377
f 1454 377 2552
f 2550 635 2552
f 2475 2552 635
f 2555 1461 2553
f 380 2553 1461
f 2555 2554 2451
f 629 2451 2554
f 2557 2558 650
f 2556 650 2558
f 380 1470 2553
f 2558 2553 1470
f 604 2559 2338
f 2561 2338 2559
f 650 2560 2557
f 2561 2557 2560
f 2562 2563 597
f 2330 597 2563
f 2348 2563 604
f 2559 604 2563
f 2554 2564 629
f 2456 629 2564
f 2564 2562 2325
f 597 2325 2562
f 2321 599 2567
f 2565 2567 599
f 2465 2567 632
f 2566 632 2567
f 652 2569 2568
f 2570 2568 2569
f 599 2332 2565
f 2570 2565 2332
f 2471 632 2572
f 2566 2572 632
f 2571 2572 652
f 2569 652 2572
f 654 2574 2573
f 2577 2573 2574
f 657 2576 2575
f 2577 2575 2576
f 2579 2581 655
f 2578 655 2581
f 2580 2581 654
f 2574 654 2581
f 656 2583 2582
f 2585 2582 2583
f 655 2584 2579
f 2585 2579 2584
f 2575 2588 657
f 2586 657 2588
f 2587 2588 656
f 2583 656 2588
f 659 2590 2589
f 2593 2589 2590
f 2593 2591 2592
f 662 2592 2591
f 660 2595 2594
f 2597 2594 2595
f 2590 659 2597
f 2596 2597 659
f 2601 2598 2599
f 661 2599 2598
f 2595 660 2601
f 2600 2601 660
f 2591 2604 662
f 2602 662 2604
f 2599 661 2604
f 2603 2604 661
f 2606 2609 664
f 2605 664 2609
f 2608 2609 667
f 2607 667 2609
f 2613 2610 2611
f 665 2611 2610
f 664 2612 2606
f 2613 2606 2612
f 2615 2617 666
f 2614 666 2617
f 2611 665 2617
f 2616 2617 665
f 2607 2620 667
f 2618 667 2620
f 2620 2615 2619
f 666 2619 2615
f 2603 661 2624
f 2621 2624 661
f 671 2623 2622
f 2624 2622 2623
f 2626 2627 669
f 2625 669 2627
f 2621 661 2627
f 2598 2627 661
f 670 2629 2628
f 2631 2628 2629
f 2631 2626 2630
f 669 2630 2626
f 671 2622 2632
f 2634 2632 2622
f 2629 670 2634
f 2633 2634 670
f 2638 2633 2635
f 670 2635 2633
f 674 2637 2636
f 2638 2636 2637
f 2641 2639 2640
f 673 2640 2639
f 2635 670 2641
f 2628 2641 670
f 2619 666 2644
f 2642 2644 666
f 2644 2640 2643
f 673 2643 2640
f 2646 2645 2636
f 674 2636 2645
f 666 2614 2642
f 2646 2642 2614
f 676 2648 2647
f 2650 2647 2648
f 2589 2650 659
f 2649 659 2650
f 2652 2654 677
f 2651 677 2654
f 2653 2654 676
f 2648 676 2654
f 2612 664 2657
f 2655 2657 664
f 677 2656 2652
f 2657 2652 2656
f 659 2649 2596
f 2658 2596 2649
f 664 2605 2655
f 2658 2655 2605
f 2660 2662 679
f 2659 679 2662
f 2661 676 2662
f 2647 2662 676
f 2663 2665 607
f 2361 607 2665
f 2664 2665 679
f 2660 679 2665
f 610 2666 2365
f 2667 2365 2666
f 607 2357 2663
f 2667 2663 2357
f 2669 2670 680
f 2668 680 2670
f 2372 2670 610
f 2666 610 2670
f 676 2661 2653
f 2672 2653 2661
f 680 2671 2669
f 2672 2669 2671
f 2656 677 2676
f 2673 2676 677
f 2675 2676 682
f 2674 682 2676
f 680 2677 2671
f 2678 2671 2677
f 677 2651 2673
f 2678 2673 2651
f 609 2679 2373
f 2680 2373 2679
f 2680 2677 2668
f 680 2668 2677
f 2682 2342 2681
f 601 2681 2342
f 609 2369 2679
f 2682 2679 2369
f 2684 2683 2674
f 682 2674 2683
f 2684 2681 2335
f 601 2335 2681
f 665 2685 2616
f 2688 2616 2685
f 684 2687 2686
f 2688 2686 2687
f 2689 2690 682
f 2675 682 2690
f 2610 2690 665
f 2685 665 2690
f 650 2691 2560
f 2692 2560 2691
f 2692 2689 2683
f 682 2683 2689
f 2693 2694 415
f 1602 415 2694
f 2556 2694 650
f 2691 650 2694
f 2686 2696 684
f 2695 684 2696
f 415 1597 2693
f 2696 2693 1597
f 2697 2700 419
f 1610 419 2700
f 2699 2700 687
f 2698 687 2700
f 633 2701 2473
f 2702 2473 2701
f 419 1621 2697
f 2702 2697 1621
f 2704 2705 686
f 2703 686 2705
f 2469 2705 633
f 2701 633 2705
f 2706 2708 671
f 2623 671 2708
f 686 2707 2704
f 2708 2704 2707
f 2710 2709 2698
f 687 2698 2709
f 2706 671 2710
f 2632 2710 671
f 1625 421 2713
f 2711 2713 421
f 684 2695 2712
f 2713 2712 2695
f 687 2714 2699
f 2715 2699 2714
f 2715 2711 1631
f 421 1631 2711
f 2716 2717 674
f 2637 674 2717
f 2714 687 2717
f 2709 2717 687
f 2712 2718 684
f 2687 684 2718
f 2645 2718 674
f 2716 674 2718
f 652 2719 2571
f 2721 2571 2719
f 686 2703 2720
f 2721 2720 2703
f 2664 679 2723
f 2722 2723 679
f 2568 2723 652
f 2719 652 2723
f 2724 2725 662
f 2592 662 2725
f 2659 2725 679
f 2722 679 2725
f 2720 2726 686
f 2707 686 2726
f 662 2602 2724
f 2726 2724 2602
f 660 2727 2600
f 2730 2600 2727
f 2730 2728 2729
f 692 2729 2728
f 2731 691 2733
f 2732 2733 691
f 2594 2733 660
f 2727 660 2733
f 657 2734 2576
f 2736 2576 2734
f 691 2735 2732
f 2736 2732 2735
f 692 2728 2737
f 2738 2737 2728
f 657 2586 2734
f 2738 2734 2586
f 2739 2742 669
f 2630 669 2742
f 2741 2742 694
f 2740 694 2742
f 2729 692 2744
f 2743 2744 692
f 669 2625 2739
f 2744 2739 2625
f 656 2745 2587
f 2746 2587 2745
f 692 2737 2743
f 2746 2743 2737
f 694 2740 2747
f 2748 2747 2740
f 656 2582 2745
f 2748 2745 2582
f 673 2749 2643
f 2752 2643 2749
f 2752 2750 2751
f 696 2751 2750
f 2754 2741 2753
f 694 2753 2741
f 2639 2754 673
f 2749 673 2754
f 2755 2756 655
f 2584 655 2756
f 2753 694 2756
f 2747 2756 694
f 696 2750 2757
f 2758 2757 2750
f 655 2578 2755
f 2758 2755 2578
f 2759 2761 667
f 2608 667 2761
f 2731 2761 691
f 2760 691 2761
f 2763 2751 2762
f 696 2762 2751
f 667 2618 2759
f 2763 2759 2618
f 654 2764 2580
f 2765 2580 2764
f 696 2757 2762
f 2765 2762 2757
f 691 2760 2735
f 2766 2735 2760
f 654 2573 2764
f 2766 2764 2573
f 2767 699 2770
f 2768 2770 699
f 2769 482 2770
f 1883 2770 482
f 2774 2771 2772
f 700 2772 2771
f 699 2773 2768
f 2774 2768 2773
f 2778 2775 2776
f 701 2776 2775
f 2772 700 2778
f 2777 2778 700
f 2780 1888 2769
f 482 2769 1888
f 2776 701 2780
f 2779 2780 701
f 701 2781 2779
f 2783 2779 2781
f 624 2428 2782
f 2783 2782 2428
f 2785 2786 703
f 2784 703 2786
f 2775 2786 701
f 2781 701 2786
f 436 2787 1703
f 2789 1703 2787
f 703 2788 2785
f 2789 2785 2788
f 2782 2790 624
f 2431 624 2790
f 1698 2790 436
f 2787 436 2790
f 2791 2793 441
f 1709 441 2793
f 2409 2793 620
f 2792 620 2793
f 705 2795 2794
f 2796 2794 2795
f 441 1718 2791
f 2796 2791 1718
f 2797 706 2800
f 2798 2800 706
f 2799 2800 705
f 2795 705 2800
f 620 2792 2414
f 2802 2414 2792
f 706 2801 2798
f 2802 2798 2801
f 2803 2805 706
f 2801 706 2805
f 2805 2804 1872
f 479 1872 2804
f 2807 2808 708
f 2806 708 2808
f 2808 2803 2797
f 706 2797 2803
f 699 2809 2773
f 2811 2773 2809
f 2811 2807 2810
f 708 2810 2807
f 2804 2812 479
f 1877 479 2812
f 2812 2809 2767
f 699 2767 2809
f 2813 2815 703
f 2788 703 2815
f 445 1731 2814
f 2815 2814 1731
f 700 2816 2777
f 2817 2777 2816
f 703 2784 2813
f 2817 2813 2784
f 2819 2820 710
f 2818 710 2820
f 2771 2820 700
f 2816 700 2820
f 2822 1737 2814
f 445 2814 1737
f 710 2821 2819
f 2822 2819 2821
f 710 2823 2821
f 2825 2821 2823
f 1743 2825 448
f 2824 448 2825
f 2826 2827 708
f 2810 708 2827
f 2818 2827 710
f 2823 710 2827
f 705 2828 2799
f 2829 2799 2828
f 708 2806 2826
f 2829 2826 2806
f 2824 2830 448
f 1748 448 2830
f 2794 2830 705
f 2828 705 2830
f 2832 2835 713
f 2831 713 2835
f 2834 2835 715
f 2833 715 2835
f 2836 714 2839
f 2837 2839 714
f 713 2838 2832
f 2839 2832 2838
f 715 2833 2840
f 2842 2840 2833
f 714 2841 2837
f 2842 2837 2841
f 2844 2846 717
f 2843 717 2846
f 713 2831 2845
f 2846 2845 2831
f 519 2847 2006
f 2849 2006 2847
f 2849 2844 2848
f 717 2848 2844
f 2850 2851 497
f 1937 497 2851
f 2015 2851 519
f 2847 519 2851
f 718 2853 2852
f 2854 2852 2853
f 497 1932 2850
f 2854 2850 1932
f 2845 2856 713
f 2838 713 2856
f 2855 2856 718
f 2853 718 2856
f 715 2857 2834
f 2859 2834 2857
f 717 2843 2858
f 2859 2858 2843
f 2861 2862 720
f 2860 720 2862
f 2840 2862 715
f 2857 715 2862
f 2863 2865 534
f 2074 534 2865
f 2864 2865 720
f 2861 720 2865
f 545 2866 2115
f 2867 2115 2866
f 2863 534 2867
f 2067 2867 534
f 2858 2868 717
f 2848 717 2868
f 2111 2868 545
f 2866 545 2868
f 2869 2872 460
f 1794 460 2872
f 2871 2872 722
f 2870 722 2872
f 618 2873 2407
f 2874 2407 2873
f 2874 2869 1801
f 460 1801 2869
f 2864 720 2876
f 2875 2876 720
f 2404 2876 618
f 2873 618 2876
f 722 2870 2877
f 2878 2877 2870
f 720 2860 2875
f 2878 2875 2860
f 463 2879 1805
f 2881 1805 2879
f 637 2485 2880
f 2881 2880 2485
f 2883 2884 724
f 2882 724 2884
f 1812 2884 463
f 2879 463 2884
f 718 2885 2855
f 2887 2855 2885
f 724 2886 2883
f 2887 2883 2886
f 2880 2888 637
f 2490 637 2888
f 2852 2888 718
f 2885 718 2888
f 726 2890 2889
f 2892 2889 2890
f 714 2836 2891
f 2892 2891 2836
f 2894 2896 727
f 2893 727 2896
f 2895 2896 726
f 2890 726 2896
f 2898 2900 728
f 2897 728 2900
f 2894 727 2900
f 2899 2900 727
f 2841 714 2902
f 2891 2902 714
f 2902 2898 2901
f 728 2901 2898
f 2901 728 2905
f 2903 2905 728
f 2877 2905 722
f 2904 722 2905
f 730 2907 2906
f 2908 2906 2907
f 728 2897 2903
f 2908 2903 2897
f 2909 2911 469
f 1837 469 2911
f 2910 2911 730
f 2907 730 2911
f 722 2904 2871
f 2912 2871 2904
f 469 1832 2909
f 2912 2909 1832
f 473 2913 1843
f 2915 1843 2913
f 2915 2914 2882
f 724 2882 2914
f 2917 2918 732
f 2916 732 2918
f 1850 2918 473
f 2913 473 2918
f 2921 2895 2919
f 726 2919 2895
f 732 2920 2917
f 2921 2917 2920
f 2914 2922 724
f 2886 724 2922
f 2919 726 2922
f 2889 2922 726
f 2923 2925 727
f 2899 727 2925
f 2906 2925 730
f 2924 730 2925
f 2926 2927 732
f 2920 732 2927
f 2923 727 2927
f 2893 2927 727
f 475 2928 1860
f 2929 1860 2928
f 732 2916 2926
f 2929 2926 2916
f 730 2924 2910
f 2930 2910 2924
f 2930 2928 1856
f 475 1856 2928
f 738 6 739
f 735 739 6
f 193 737 736
f 739 736 737
f 743 742 740
f 14 740 742
f 741 193 743
f 736 743 193
f 747 746 744
f 10 744 746
f 193 741 745
f 747 745 741
f 16 748 749
f 750 749 748
f 745 750 193
f 737 193 750
f 754 735 751
f 6 751 735
f 197 753 752
f 754 752 753
f 18 755 757
f 758 757 755
f 752 758 197
f 756 197 758
f 762 761 759
f 13 759 761
f 197 756 760
f 762 760 756
f 763 14 764
f 742 764 14
f 760 764 197
f 753 197 764
f 1 765 768
f 769 768 765
f 767 769 202
f 766 202 769
f 12 770 772
f 773 772 770
f 202 766 771
f 773 771 766
f 774 777 11
f 776 11 777
f 771 777 202
f 775 202 777
f 24 778 779
f 780 779 778
f 202 775 767
f 780 767 775
f 7 781 784
f 785 784 781
f 206 783 782
f 785 782 783
f 779 788 24
f 787 24 788
f 782 788 206
f 786 206 788
f 11 789 774
f 791 774 789
f 206 786 790
f 791 790 786
f 792 794 23
f 793 23 794
f 790 794 206
f 783 206 794
f 2 795 798
f 799 798 795
f 211 797 796
f 799 796 797
f 800 803 27
f 802 27 803
f 796 803 211
f 801 211 803
f 804 807 19
f 806 19 807
f 211 801 805
f 807 805 801
f 20 808 809
f 810 809 808
f 810 797 805
f 211 805 797
f 768 814 1
f 813 1 814
f 812 814 215
f 811 215 814
f 24 815 778
f 817 778 815
f 215 811 816
f 817 816 811
f 818 821 15
f 820 15 821
f 816 821 215
f 819 215 821
f 16 822 823
f 824 823 822
f 215 819 812
f 824 812 819
f 828 827 738
f 6 738 827
f 218 826 825
f 828 825 826
f 16 823 748
f 830 748 823
f 825 830 218
f 829 218 830
f 15 831 818
f 833 818 831
f 218 829 832
f 833 832 829
f 834 836 32
f 835 32 836
f 832 836 218
f 826 218 836
f 841 840 837
f 5 837 840
f 838 222 841
f 839 841 222
f 32 835 843
f 844 843 835
f 844 842 838
f 222 838 842
f 831 15 847
f 845 847 15
f 842 847 222
f 846 222 847
f 849 30 850
f 848 850 30
f 222 846 839
f 850 839 846
f 851 854 7
f 781 7 854
f 853 854 224
f 852 224 854
f 857 856 849
f 30 849 856
f 855 224 857
f 852 857 224
f 15 820 845
f 859 845 820
f 859 858 855
f 224 855 858
f 24 787 815
f 860 815 787
f 858 860 224
f 853 224 860
f 861 864 2
f 795 2 864
f 863 864 228
f 862 228 864
f 18 865 867
f 868 867 865
f 228 862 866
f 868 866 862
f 869 872 17
f 871 17 872
f 866 872 228
f 870 228 872
f 27 802 873
f 874 873 802
f 228 870 863
f 874 863 870
f 879 878 875
f 8 875 878
f 232 877 876
f 879 876 877
f 873 882 27
f 881 27 882
f 876 882 232
f 880 232 882
f 17 883 869
f 885 869 883
f 232 880 884
f 885 884 880
f 887 29 888
f 886 888 29
f 884 888 232
f 877 232 888
f 837 5 892
f 889 892 5
f 891 892 235
f 890 235 892
f 29 887 894
f 895 894 887
f 235 890 893
f 895 893 890
f 896 898 17
f 883 17 898
f 893 898 235
f 897 235 898
f 899 32 900
f 843 900 32
f 235 897 891
f 900 891 897
f 751 6 903
f 827 903 6
f 236 902 901
f 903 901 902
f 32 899 834
f 905 834 899
f 901 905 236
f 904 236 905
f 17 871 896
f 907 896 871
f 236 904 906
f 907 906 904
f 18 757 865
f 908 865 757
f 906 908 236
f 902 236 908
f 913 912 909
f 3 909 912
f 241 911 910
f 913 910 911
f 22 914 916
f 917 916 914
f 915 241 917
f 910 917 241
f 21 918 920
f 921 920 918
f 921 919 915
f 241 915 919
f 31 922 923
f 924 923 922
f 919 924 241
f 911 241 924
f 925 929 9
f 928 9 929
f 245 927 926
f 929 926 927
f 923 932 31
f 931 31 932
f 926 932 245
f 930 245 932
f 21 933 918
f 935 918 933
f 245 930 934
f 935 934 930
f 938 937 936
f 33 936 937
f 934 938 245
f 927 245 938
f 939 943 4
f 942 4 943
f 941 943 250
f 940 250 943
f 28 944 946
f 947 946 944
f 250 940 945
f 947 945 940
f 948 951 25
f 950 25 951
f 945 951 250
f 949 250 951
f 26 952 953
f 954 953 952
f 954 941 949
f 250 949 941
f 9 928 957
f 958 957 928
f 253 956 955
f 958 955 956
f 959 961 33
f 936 33 961
f 955 961 253
f 960 253 961
f 25 950 963
f 964 963 950
f 253 960 962
f 964 962 960
f 965 966 28
f 944 28 966
f 962 966 253
f 956 253 966
f 840 970 5
f 969 5 970
f 968 970 256
f 967 256 970
f 30 971 848
f 973 848 971
f 256 967 972
f 973 972 967
f 975 31 976
f 931 976 31
f 972 976 256
f 974 256 976
f 9 977 925
f 978 925 977
f 256 974 968
f 978 968 974
f 29 979 886
f 982 886 979
f 982 980 981
f 259 981 980
f 946 985 28
f 984 28 985
f 980 985 259
f 983 259 985
f 986 988 4
f 939 4 988
f 259 983 987
f 988 987 983
f 878 990 8
f 989 8 990
f 981 259 990
f 987 990 259
f 23 991 792
f 994 792 991
f 994 992 993
f 262 993 992
f 22 916 996
f 997 996 916
f 992 997 262
f 995 262 997
f 998 1000 3
f 909 3 1000
f 262 995 999
f 1000 999 995
f 784 1002 7
f 1001 7 1002
f 993 262 1002
f 999 1002 262
f 28 984 965
f 1005 965 984
f 263 1004 1003
f 1005 1003 1004
f 894 1007 29
f 979 29 1007
f 1003 1007 263
f 1006 263 1007
f 5 969 889
f 1009 889 969
f 263 1006 1008
f 1009 1008 1006
f 957 1010 9
f 977 9 1010
f 1008 1010 263
f 1004 263 1010
f 856 1013 30
f 971 30 1013
f 1012 1013 264
f 1011 264 1013
f 7 1001 851
f 1015 851 1001
f 264 1011 1014
f 1015 1014 1011
f 912 1017 3
f 998 3 1017
f 1014 1017 264
f 1016 264 1017
f 31 975 922
f 1018 922 975
f 264 1016 1012
f 1018 1012 1016
f 23 1019 991
f 1022 991 1019
f 1020 268 1022
f 1021 1022 268
f 35 1023 1025
f 1026 1025 1023
f 1026 1024 1020
f 268 1020 1024
f 1029 34 1030
f 1027 1030 34
f 1024 1030 268
f 1028 268 1030
f 1032 1031 996
f 22 996 1031
f 268 1028 1021
f 1032 1021 1028
f 1033 1036 35
f 1023 35 1036
f 1035 1036 272
f 1034 272 1036
f 37 1037 1039
f 1040 1039 1037
f 272 1034 1038
f 1040 1038 1034
f 1043 36 1044
f 1041 1044 36
f 1038 1044 272
f 1042 272 1044
f 1046 1045 1029
f 34 1029 1045
f 272 1042 1035
f 1046 1035 1042
f 35 1047 1033
f 1050 1033 1047
f 276 1049 1048
f 1050 1048 1049
f 1051 1054 40
f 1053 40 1054
f 1048 1054 276
f 1052 276 1054
f 41 1055 1057
f 1058 1057 1055
f 276 1052 1056
f 1058 1056 1052
f 1039 1060 37
f 1059 37 1060
f 1056 1060 276
f 1049 276 1060
f 37 1059 1063
f 1064 1063 1059
f 280 1062 1061
f 1064 1061 1062
f 1065 1067 41
f 1055 41 1067
f 1061 1067 280
f 1066 280 1067
f 1071 1070 1068
f 42 1068 1070
f 280 1066 1069
f 1071 1069 1066
f 38 1072 1073
f 1074 1073 1072
f 1074 1062 1069
f 280 1069 1062
f 1079 1078 1075
f 43 1075 1078
f 285 1077 1076
f 1079 1076 1077
f 1080 1083 48
f 1082 48 1083
f 285 1076 1081
f 1083 1081 1076
f 1084 1087 45
f 1086 45 1087
f 285 1081 1085
f 1087 1085 1081
f 1088 1090 46
f 1089 46 1090
f 285 1085 1077
f 1090 1077 1085
f 1091 1095 44
f 1094 44 1095
f 290 1093 1092
f 1095 1092 1093
f 1099 1098 1096
f 50 1096 1098
f 290 1092 1097
f 1099 1097 1092
f 1100 1103 47
f 1102 47 1103
f 1097 1103 290
f 1101 290 1103
f 1104 1106 49
f 1105 49 1106
f 290 1101 1093
f 1106 1093 1101
f 18 867 1109
f 1110 1109 867
f 1107 293 1110
f 1108 1110 293
f 1113 861 1111
f 2 1111 861
f 293 1107 1112
f 1113 1112 1107
f 1094 1116 44
f 1115 44 1116
f 1112 1116 293
f 1114 293 1116
f 1117 1118 49
f 1104 49 1118
f 293 1114 1108
f 1118 1108 1114
f 20 1119 1122
f 1123 1122 1119
f 297 1121 1120
f 1123 1120 1121
f 13 1124 1126
f 1127 1126 1124
f 1120 1127 297
f 1125 297 1127
f 1102 1130 47
f 1129 47 1130
f 297 1125 1128
f 1130 1128 1125
f 1131 1132 50
f 1096 50 1132
f 1128 1132 297
f 1121 297 1132
f 18 1109 755
f 1135 755 1109
f 298 1134 1133
f 1135 1133 1134
f 1105 1137 49
f 1117 49 1137
f 1133 1137 298
f 1136 298 1137
f 1129 1139 47
f 1100 47 1139
f 298 1136 1138
f 1139 1138 1136
f 13 761 1124
f 1140 1124 761
f 1138 1140 298
f 1134 298 1140
f 20 1122 808
f 1143 808 1122
f 1142 1143 299
f 1141 299 1143
f 1098 1145 50
f 1131 50 1145
f 299 1141 1144
f 1145 1144 1141
f 1115 1147 44
f 1091 44 1147
f 1144 1147 299
f 1146 299 1147
f 1148 1111 798
f 2 798 1111
f 1148 1142 1146
f 299 1146 1142
f 16 1149 822
f 1152 822 1149
f 1151 1152 302
f 1150 302 1152
f 1082 1155 48
f 1154 48 1155
f 302 1150 1153
f 1155 1153 1150
f 1156 1158 43
f 1075 43 1158
f 1153 1158 302
f 1157 302 1158
f 1160 1159 813
f 1 813 1159
f 302 1157 1151
f 1160 1151 1157
f 772 1164 12
f 1163 12 1164
f 1161 304 1164
f 1162 1164 304
f 1159 1166 1
f 765 1 1166
f 1166 1165 1161
f 304 1161 1165
f 1078 1168 43
f 1156 43 1168
f 1165 1168 304
f 1167 304 1168
f 1169 1170 46
f 1088 46 1170
f 304 1167 1162
f 1170 1162 1167
f 1171 1174 10
f 744 10 1174
f 1173 1174 306
f 1172 306 1174
f 1086 1177 45
f 1176 45 1177
f 306 1172 1175
f 1177 1175 1172
f 1154 1179 48
f 1080 48 1179
f 1175 1179 306
f 1178 306 1179
f 16 749 1149
f 1180 1149 749
f 306 1178 1173
f 1180 1173 1178
f 12 1163 1183
f 1184 1183 1163
f 308 1182 1181
f 1184 1181 1182
f 1089 1186 46
f 1169 46 1186
f 1181 1186 308
f 1185 308 1186
f 1176 1188 45
f 1084 45 1188
f 308 1185 1187
f 1188 1187 1185
f 10 1189 1171
f 1190 1171 1189
f 1187 1190 308
f 1182 308 1190
f 38 1191 1072
f 1194 1072 1191
f 312 1193 1192
f 1194 1192 1193
f 51 1195 1197
f 1198 1197 1195
f 312 1192 1196
f 1198 1196 1192
f 1201 53 1202
f 1199 1202 53
f 312 1196 1200
f 1202 1200 1196
f 1205 1204 1043
f 36 1043 1204
f 312 1200 1203
f 1205 1203 1200
f 1063 1206 37
f 1037 37 1206
f 1203 1206 312
f 1193 312 1206
f 52 1207 1210
f 1211 1210 1207
f 1211 1208 1209
f 317 1209 1208
f 1212 1215 53
f 1214 53 1215
f 1208 1215 317
f 1213 317 1215
f 1216 1219 57
f 1218 57 1219
f 1217 317 1219
f 1213 1219 317
f 1222 1221 1220
f 56 1220 1221
f 317 1217 1209
f 1222 1209 1217
f 1225 1212 1201
f 53 1201 1212
f 320 1224 1223
f 1225 1223 1224
f 51 1226 1195
f 1228 1195 1226
f 1227 320 1228
f 1223 1228 320
f 1232 1231 1229
f 54 1229 1231
f 320 1227 1230
f 1232 1230 1227
f 1218 1234 57
f 1233 57 1234
f 1230 1234 320
f 1224 320 1234
f 1238 1229 1235
f 54 1235 1229
f 323 1237 1236
f 1238 1236 1237
f 1239 1242 55
f 1241 55 1242
f 1236 1242 323
f 1240 323 1242
f 1221 1245 56
f 1244 56 1245
f 323 1240 1243
f 1245 1243 1240
f 1233 1246 57
f 1216 57 1246
f 1243 1246 323
f 1237 323 1246
f 1247 1251 69
f 1250 69 1251
f 1249 1251 327
f 1248 327 1251
f 76 1252 1254
f 1255 1254 1252
f 327 1248 1253
f 1255 1253 1248
f 920 1258 21
f 1257 21 1258
f 1253 1258 327
f 1256 327 1258
f 22 1259 914
f 1260 914 1259
f 327 1256 1249
f 1260 1249 1256
f 1264 77 1265
f 1261 1265 77
f 1263 1265 331
f 1262 331 1265
f 1269 1268 1266
f 80 1266 1268
f 331 1262 1267
f 1269 1267 1262
f 963 1272 25
f 1271 25 1272
f 1270 331 1272
f 1267 1272 331
f 33 1273 959
f 1274 959 1273
f 331 1270 1263
f 1274 1263 1270
f 1266 80 1278
f 1275 1278 80
f 1277 1278 334
f 1276 334 1278
f 1282 1281 1279
f 81 1279 1281
f 334 1276 1280
f 1282 1280 1276
f 1284 26 1285
f 953 1285 26
f 1280 1285 334
f 1283 334 1285
f 25 1271 948
f 1286 948 1271
f 1286 1277 1283
f 334 1283 1277
f 1287 1291 67
f 1290 67 1291
f 1289 1291 338
f 1288 338 1291
f 1295 1294 1292
f 68 1292 1294
f 338 1288 1293
f 1295 1293 1288
f 1297 12 1298
f 1183 1298 12
f 1293 1298 338
f 1296 338 1298
f 1300 1189 1299
f 10 1299 1189
f 338 1296 1289
f 1300 1289 1296
f 78 1301 1304
f 1305 1304 1301
f 1305 1302 1303
f 342 1303 1302
f 1306 1309 74
f 1308 74 1309
f 1307 342 1309
f 1302 1309 342
f 1312 1311 1126
f 13 1126 1311
f 342 1307 1310
f 1312 1310 1307
f 1313 1314 20
f 1119 20 1314
f 1303 342 1314
f 1310 1314 342
f 1315 1318 76
f 1252 76 1318
f 1317 1318 344
f 1316 344 1318
f 1321 1320 1264
f 77 1264 1320
f 344 1316 1319
f 1321 1319 1316
f 937 1323 33
f 1273 33 1323
f 1322 344 1323
f 1319 1323 344
f 21 1257 933
f 1324 933 1257
f 344 1322 1317
f 1324 1317 1322
f 1328 70 1329
f 1325 1329 70
f 1326 347 1329
f 1327 1329 347
f 69 1250 1331
f 1332 1331 1250
f 347 1326 1330
f 1332 1330 1326
f 1031 1334 22
f 1259 22 1334
f 1330 1334 347
f 1333 347 1334
f 34 1335 1027
f 1336 1027 1335
f 347 1333 1327
f 1336 1327 1333
f 1340 71 1341
f 1337 1341 71
f 1339 1341 350
f 1338 350 1341
f 1344 1343 1328
f 70 1328 1343
f 350 1338 1342
f 1344 1342 1338
f 1045 1346 34
f 1335 34 1346
f 1345 350 1346
f 1342 1346 350
f 36 1347 1041
f 1348 1041 1347
f 1348 1339 1345
f 350 1345 1339
f 59 1349 1352
f 1353 1352 1349
f 1351 1353 355
f 1350 355 1353
f 65 1354 1356
f 1357 1356 1354
f 355 1350 1355
f 1357 1355 1350
f 1358 1361 39
f 1360 39 1361
f 1355 1361 355
f 1359 355 1361
f 38 1362 1363
f 1364 1363 1362
f 355 1359 1351
f 1364 1351 1359
f 1368 60 1369
f 1365 1369 60
f 358 1367 1366
f 1369 1366 1367
f 1372 1371 1352
f 59 1352 1371
f 1370 358 1372
f 1366 1372 358
f 38 1073 1362
f 1374 1362 1073
f 1374 1373 1370
f 358 1370 1373
f 1375 1376 42
f 1068 42 1376
f 1373 1376 358
f 1367 358 1376
f 1380 79 1381
f 1377 1381 79
f 1379 1381 361
f 1378 361 1381
f 1383 78 1384
f 1304 1384 78
f 361 1378 1382
f 1384 1382 1378
f 20 809 1313
f 1386 1313 809
f 1385 361 1386
f 1382 1386 361
f 19 1387 804
f 1388 804 1387
f 1388 1379 1385
f 361 1385 1379
f 68 1389 1292
f 1392 1292 1389
f 364 1391 1390
f 1392 1390 1391
f 1393 1396 58
f 1395 58 1396
f 1394 364 1396
f 1390 1396 364
f 11 776 1398
f 1399 1398 776
f 364 1394 1397
f 1399 1397 1394
f 770 12 1400
f 1297 1400 12
f 1397 1400 364
f 1391 364 1400
f 1404 1393 1401
f 58 1401 1393
f 367 1403 1402
f 1404 1402 1403
f 1405 1408 61
f 1407 61 1408
f 1406 367 1408
f 1402 1408 367
f 23 793 1410
f 1411 1410 793
f 367 1406 1409
f 1411 1409 1406
f 1398 1412 11
f 789 11 1412
f 1409 1412 367
f 1403 367 1412
f 1413 1416 61
f 1405 61 1416
f 370 1415 1414
f 1416 1414 1415
f 1420 1419 1417
f 62 1417 1419
f 370 1414 1418
f 1420 1418 1414
f 35 1025 1422
f 1423 1422 1025
f 1421 370 1423
f 1418 1423 370
f 1410 1424 23
f 1019 23 1424
f 1421 1424 370
f 1415 370 1424
f 1425 1428 62
f 1417 62 1428
f 1427 1428 373
f 1426 373 1428
f 1429 1432 63
f 1431 63 1432
f 373 1426 1430
f 1432 1430 1426
f 1435 1434 1053
f 40 1053 1434
f 1433 373 1435
f 1430 1435 373
f 35 1422 1047
f 1436 1047 1422
f 1436 1427 1433
f 373 1433 1427
f 1440 1429 1437
f 63 1437 1429
f 376 1439 1438
f 1440 1438 1439
f 1441 1444 64
f 1443 64 1444
f 1438 1444 376
f 1442 376 1444
f 41 1057 1446
f 1447 1446 1057
f 376 1442 1445
f 1447 1445 1442
f 1434 1448 40
f 1051 40 1448
f 1445 1448 376
f 1439 376 1448
f 1452 1441 1449
f 64 1449 1441
f 1451 1452 378
f 1450 378 1452
f 1455 1454 1368
f 60 1368 1454
f 378 1450 1453
f 1455 1453 1450
f 1070 1457 42
f 1375 42 1457
f 1453 1457 378
f 1456 378 1457
f 41 1446 1065
f 1458 1065 1446
f 1458 1451 1456
f 378 1456 1451
f 1462 1461 1340
f 71 1340 1461
f 381 1460 1459
f 1462 1459 1460
f 1347 36 1464
f 1204 1464 36
f 381 1459 1463
f 1464 1463 1459
f 53 1214 1199
f 1466 1199 1214
f 381 1463 1465
f 1466 1465 1463
f 1467 1469 52
f 1207 52 1469
f 381 1465 1468
f 1469 1468 1465
f 1470 1472 72
f 1471 72 1472
f 381 1468 1460
f 1472 1460 1468
f 38 1363 1191
f 1475 1191 1363
f 1475 1473 1474
f 383 1474 1473
f 39 1476 1358
f 1478 1358 1476
f 1478 1477 1473
f 383 1473 1477
f 1197 1480 51
f 1479 51 1480
f 1477 1480 383
f 1474 383 1480
f 1485 1484 1481
f 85 1481 1484
f 1483 1485 388
f 1482 388 1485
f 1489 1488 1486
f 83 1486 1488
f 388 1482 1487
f 1489 1487 1482
f 1490 1493 84
f 1492 84 1493
f 1487 1493 388
f 1491 388 1493
f 1496 1495 1494
f 82 1494 1495
f 388 1491 1483
f 1496 1483 1491
f 1497 1501 92
f 1500 92 1501
f 1499 1501 393
f 1498 393 1501
f 1505 1504 1502
f 89 1502 1504
f 393 1498 1503
f 1505 1503 1498
f 1509 1508 1506
f 88 1506 1508
f 1507 393 1509
f 1503 1509 393
f 93 1510 1511
f 1512 1511 1510
f 1512 1499 1507
f 393 1507 1499
f 93 1513 1516
f 1517 1516 1513
f 1517 1514 1515
f 398 1515 1514
f 1521 1520 1518
f 86 1518 1520
f 1514 1521 398
f 1519 398 1521
f 1525 1524 1522
f 87 1522 1524
f 398 1519 1523
f 1525 1523 1519
f 1526 1528 94
f 1527 94 1528
f 1515 398 1528
f 1523 1528 398
f 89 1529 1502
f 1532 1502 1529
f 1530 402 1532
f 1531 1532 402
f 1535 90 1536
f 1533 1536 90
f 1530 1536 402
f 1534 402 1536
f 1539 91 1540
f 1537 1540 91
f 1534 1540 402
f 1538 402 1540
f 1542 1541 1508
f 88 1508 1541
f 402 1538 1531
f 1542 1531 1538
f 1543 1546 90
f 1533 90 1546
f 1544 405 1546
f 1545 1546 405
f 1524 1549 87
f 1548 87 1549
f 1547 405 1549
f 1544 1549 405
f 1518 86 1552
f 1550 1552 86
f 405 1547 1551
f 1552 1551 1547
f 1554 1553 1539
f 91 1539 1553
f 1545 405 1554
f 1551 1554 405
f 92 1500 1557
f 1558 1557 1500
f 408 1556 1555
f 1558 1555 1556
f 93 1516 1510
f 1560 1510 1516
f 1555 1560 408
f 1559 408 1560
f 1561 1563 94
f 1526 94 1563
f 1562 408 1563
f 1559 1563 408
f 95 1564 1565
f 1566 1565 1564
f 408 1562 1556
f 1566 1556 1562
f 1570 1569 1557
f 92 1557 1569
f 411 1568 1567
f 1570 1567 1568
f 1571 1573 95
f 1564 95 1573
f 411 1567 1572
f 1573 1572 1567
f 55 1241 1575
f 1576 1575 1241
f 411 1572 1574
f 1576 1574 1572
f 1231 1578 54
f 1235 54 1578
f 1574 1578 411
f 1577 411 1578
f 51 1579 1226
f 1580 1226 1579
f 411 1577 1568
f 1580 1568 1577
f 94 1581 1561
f 1584 1561 1581
f 1584 1582 1583
f 413 1583 1582
f 1586 52 1587
f 1210 1587 52
f 1585 413 1587
f 1582 1587 413
f 1244 1589 56
f 1220 56 1589
f 413 1585 1588
f 1589 1588 1585
f 1575 1591 55
f 1239 55 1591
f 413 1588 1590
f 1591 1590 1588
f 1571 95 1592
f 1565 1592 95
f 1590 1592 413
f 1583 413 1592
f 1593 1596 87
f 1522 87 1596
f 416 1595 1594
f 1596 1594 1595
f 1597 1600 73
f 1599 73 1600
f 416 1594 1598
f 1600 1598 1594
f 72 1471 1602
f 1603 1602 1471
f 416 1598 1601
f 1603 1601 1598
f 1605 1467 1586
f 52 1586 1467
f 416 1601 1604
f 1605 1604 1601
f 94 1527 1581
f 1606 1581 1527
f 1606 1595 1604
f 416 1604 1595
f 1611 1610 1607
f 66 1607 1610
f 420 1609 1608
f 1611 1608 1609
f 1614 1613 1535
f 90 1535 1613
f 420 1608 1612
f 1614 1612 1608
f 1615 1617 89
f 1529 89 1617
f 420 1612 1616
f 1617 1616 1612
f 39 1360 1619
f 1620 1619 1360
f 420 1616 1618
f 1620 1618 1616
f 1621 1622 65
f 1354 65 1622
f 1618 1622 420
f 1609 420 1622
f 73 1599 1625
f 1626 1625 1599
f 1626 1623 1624
f 422 1624 1623
f 87 1548 1593
f 1628 1593 1548
f 422 1623 1627
f 1628 1627 1623
f 1630 1543 1613
f 90 1613 1543
f 422 1627 1629
f 1630 1629 1627
f 66 1631 1607
f 1632 1607 1631
f 1624 422 1632
f 1629 1632 422
f 1619 1635 39
f 1476 39 1635
f 1634 1635 423
f 1633 423 1635
f 1637 1615 1504
f 89 1504 1615
f 423 1633 1636
f 1637 1636 1633
f 92 1569 1497
f 1639 1497 1569
f 423 1636 1638
f 1639 1638 1636
f 51 1479 1579
f 1640 1579 1479
f 423 1638 1634
f 1640 1634 1638
f 1506 88 1644
f 1641 1644 88
f 1643 1644 426
f 1642 426 1644
f 1488 1647 83
f 1646 83 1647
f 1642 1647 426
f 1645 426 1647
f 1648 1650 85
f 1481 85 1650
f 1649 426 1650
f 1645 1650 426
f 93 1511 1651
f 1652 1651 1511
f 426 1649 1643
f 1652 1643 1649
f 91 1653 1537
f 1656 1537 1653
f 1656 1654 1655
f 428 1655 1654
f 1492 1659 84
f 1658 84 1659
f 1654 1659 428
f 1657 428 1659
f 1646 1661 83
f 1486 83 1661
f 1657 1661 428
f 1660 428 1661
f 1541 1662 88
f 1641 88 1662
f 1662 1655 1660
f 428 1660 1655
f 86 1663 1550
f 1666 1550 1663
f 1665 1666 430
f 1664 430 1666
f 1668 82 1669
f 1495 1669 82
f 1664 1669 430
f 1667 430 1669
f 1658 1671 84
f 1490 84 1671
f 1670 430 1671
f 1667 1671 430
f 91 1553 1653
f 1672 1653 1553
f 1672 1665 1670
f 430 1670 1665
f 93 1651 1513
f 1675 1513 1651
f 431 1674 1673
f 1675 1673 1674
f 1484 1677 85
f 1648 85 1677
f 1673 1677 431
f 1676 431 1677
f 1668 1679 82
f 1494 82 1679
f 1678 431 1679
f 1676 1679 431
f 1520 1680 86
f 1663 86 1680
f 1674 431 1680
f 1678 1680 431
f 14 763 1683
f 1684 1683 763
f 1684 1681 1682
f 435 1682 1681
f 1687 759 1685
f 13 1685 759
f 435 1681 1686
f 1687 1686 1681
f 1688 1691 97
f 1690 97 1691
f 1689 435 1691
f 1686 1691 435
f 1692 1694 98
f 1693 98 1694
f 1682 435 1694
f 1689 1694 435
f 1685 13 1697
f 1311 1697 13
f 1696 1697 438
f 1695 438 1697
f 1700 1306 1698
f 74 1698 1306
f 438 1695 1699
f 1700 1699 1695
f 1701 1704 100
f 1703 100 1704
f 1699 1704 438
f 1702 438 1704
f 97 1690 1705
f 1706 1705 1690
f 438 1702 1696
f 1706 1696 1702
f 67 1290 1709
f 1710 1709 1290
f 442 1708 1707
f 1710 1707 1708
f 1711 1713 10
f 1299 10 1713
f 1707 1713 442
f 1712 442 1713
f 96 1714 1716
f 1717 1716 1714
f 442 1712 1715
f 1717 1715 1712
f 1718 1720 99
f 1719 99 1720
f 1715 1720 442
f 1708 442 1720
f 10 746 1711
f 1723 1711 746
f 1721 444 1723
f 1722 1723 444
f 740 14 1725
f 1683 1725 14
f 1725 1724 1721
f 444 1721 1724
f 1692 98 1728
f 1726 1728 98
f 1724 1728 444
f 1727 444 1728
f 1729 96 1730
f 1716 1730 96
f 444 1727 1722
f 1730 1722 1727
f 1734 1701 1731
f 100 1731 1701
f 447 1733 1732
f 1734 1732 1733
f 75 1735 1737
f 1738 1737 1735
f 1732 1738 447
f 1736 447 1738
f 98 1693 1740
f 1741 1740 1693
f 447 1736 1739
f 1741 1739 1736
f 1688 97 1742
f 1705 1742 97
f 1739 1742 447
f 1733 447 1742
f 75 1743 1735
f 1746 1735 1743
f 1745 1746 449
f 1744 449 1746
f 1749 1748 1719
f 99 1719 1748
f 449 1744 1747
f 1749 1747 1744
f 1729 1751 96
f 1714 96 1751
f 1747 1751 449
f 1750 449 1751
f 98 1740 1726
f 1752 1726 1740
f 449 1750 1745
f 1752 1745 1750
f 1757 1756 1753
f 101 1753 1756
f 1757 1754 1755
f 453 1755 1754
f 1758 1761 102
f 1760 102 1761
f 1754 1761 453
f 1759 453 1761
f 1762 1764 103
f 1763 103 1764
f 1759 1764 453
f 1755 453 1764
f 1768 1767 1756
f 101 1756 1767
f 456 1766 1765
f 1768 1765 1766
f 103 1769 1762
f 1771 1762 1769
f 456 1765 1770
f 1771 1770 1765
f 806 1774 19
f 1773 19 1774
f 1770 1774 456
f 1772 456 1774
f 27 881 800
f 1776 800 881
f 456 1772 1775
f 1776 1775 1772
f 875 8 1778
f 1777 1778 8
f 456 1775 1766
f 1778 1766 1775
f 1767 1781 101
f 1753 101 1781
f 458 1780 1779
f 1781 1779 1780
f 8 989 1777
f 1783 1777 989
f 458 1779 1782
f 1783 1782 1779
f 1785 986 942
f 4 942 986
f 458 1782 1784
f 1785 1784 1782
f 26 1786 952
f 1788 952 1786
f 458 1784 1787
f 1788 1787 1784
f 102 1760 1789
f 1790 1789 1760
f 458 1787 1780
f 1790 1780 1787
f 1795 1794 1791
f 104 1791 1794
f 461 1793 1792
f 1795 1792 1793
f 1789 1798 102
f 1797 102 1798
f 1792 1798 461
f 1796 461 1798
f 1786 26 1800
f 1284 1800 26
f 1800 1799 1796
f 461 1796 1799
f 1279 81 1802
f 1801 1802 81
f 1799 1802 461
f 1793 461 1802
f 1805 79 1806
f 1380 1806 79
f 1804 1806 464
f 1803 464 1806
f 19 1773 1387
f 1808 1387 1773
f 464 1803 1807
f 1808 1807 1803
f 1809 1811 103
f 1769 103 1811
f 1807 1811 464
f 1810 464 1811
f 1814 1813 1812
f 105 1812 1813
f 464 1810 1804
f 1814 1804 1810
f 1763 1818 103
f 1817 103 1818
f 1815 468 1818
f 1816 1818 468
f 102 1819 1758
f 1821 1758 1819
f 1821 1820 1815
f 468 1815 1820
f 1825 1824 1822
f 106 1822 1824
f 468 1820 1823
f 1825 1823 1820
f 1828 1827 1826
f 107 1826 1827
f 1828 1816 1823
f 468 1823 1816
f 102 1797 1819
f 1831 1819 1797
f 471 1830 1829
f 1831 1829 1830
f 1832 1834 104
f 1791 104 1834
f 1829 1834 471
f 1833 471 1834
f 108 1835 1837
f 1838 1837 1835
f 471 1833 1836
f 1838 1836 1833
f 1824 1840 106
f 1839 106 1840
f 1836 1840 471
f 1830 471 1840
f 1843 105 1844
f 1813 1844 105
f 1842 1844 474
f 1841 474 1844
f 1846 1809 1817
f 103 1817 1809
f 474 1841 1845
f 1846 1845 1841
f 1847 1849 107
f 1826 107 1849
f 1848 474 1849
f 1845 1849 474
f 109 1850 1851
f 1852 1851 1850
f 1852 1842 1848
f 474 1848 1842
f 1855 1822 1839
f 106 1839 1822
f 476 1854 1853
f 1855 1853 1854
f 1856 1858 108
f 1835 108 1858
f 1853 1858 476
f 1857 476 1858
f 1851 1861 109
f 1860 109 1861
f 1857 1861 476
f 1859 476 1861
f 1862 1847 1827
f 107 1827 1847
f 476 1859 1854
f 1862 1854 1859
f 1863 1867 115
f 1866 115 1867
f 481 1865 1864
f 1867 1864 1865
f 125 1868 1870
f 1871 1870 1868
f 1869 481 1871
f 1864 1871 481
f 1875 1874 1872
f 119 1872 1874
f 481 1869 1873
f 1875 1873 1869
f 1878 1877 1876
f 123 1876 1877
f 1873 1878 481
f 1865 481 1878
f 1882 1881 1866
f 115 1866 1881
f 485 1880 1879
f 1882 1879 1880
f 1883 1885 123
f 1876 123 1885
f 1884 485 1885
f 1879 1885 485
f 1889 1888 1886
f 122 1886 1888
f 485 1884 1887
f 1889 1887 1884
f 127 1890 1891
f 1892 1891 1890
f 1887 1892 485
f 1880 485 1892
f 110 1893 1896
f 1897 1896 1893
f 1895 1897 490
f 1894 490 1897
f 133 1898 1900
f 1901 1900 1898
f 490 1894 1899
f 1901 1899 1894
f 1902 1905 120
f 1904 120 1905
f 1899 1905 490
f 1903 490 1905
f 121 1906 1907
f 1908 1907 1906
f 490 1903 1895
f 1908 1895 1903
f 116 1909 1912
f 1913 1912 1909
f 494 1911 1910
f 1913 1910 1911
f 1914 1917 132
f 1916 132 1917
f 1910 1917 494
f 1915 494 1917
f 120 1904 1919
f 1920 1919 1904
f 494 1915 1918
f 1920 1918 1915
f 1921 1922 133
f 1898 133 1922
f 1918 1922 494
f 1911 494 1922
f 111 1923 1926
f 1927 1926 1923
f 499 1925 1924
f 1927 1924 1925
f 129 1928 1930
f 1931 1930 1928
f 1931 1929 1924
f 499 1924 1929
f 1935 1934 1932
f 128 1932 1934
f 499 1929 1933
f 1935 1933 1929
f 1936 1938 136
f 1937 136 1938
f 1933 1938 499
f 1925 499 1938
f 1939 1942 110
f 1893 110 1942
f 1941 1942 503
f 1940 503 1942
f 125 1943 1945
f 1946 1945 1943
f 503 1940 1944
f 1946 1944 1940
f 1947 1950 124
f 1949 124 1950
f 1944 1950 503
f 1948 503 1950
f 133 1900 1951
f 1952 1951 1900
f 503 1948 1941
f 1952 1941 1948
f 1956 1863 1953
f 115 1953 1863
f 506 1955 1954
f 1956 1954 1955
f 1957 1960 141
f 1959 141 1960
f 1954 1960 506
f 1958 506 1960
f 124 1949 1962
f 1963 1962 1949
f 506 1958 1961
f 1963 1961 1958
f 125 1870 1943
f 1964 1943 1870
f 1961 1964 506
f 1955 506 1964
f 1969 1968 1965
f 114 1965 1968
f 1967 1969 510
f 1966 510 1969
f 1970 1973 139
f 1972 139 1973
f 510 1966 1971
f 1973 1971 1966
f 1962 1976 124
f 1975 124 1976
f 1974 510 1976
f 1971 1976 510
f 141 1977 1957
f 1978 1957 1977
f 1978 1967 1974
f 510 1974 1967
f 1912 1982 116
f 1981 116 1982
f 1979 512 1982
f 1980 1982 512
f 133 1951 1921
f 1984 1921 1951
f 1983 512 1984
f 1979 1984 512
f 124 1975 1947
f 1986 1947 1975
f 1986 1985 1983
f 512 1983 1985
f 1988 1970 1987
f 139 1987 1970
f 1985 1988 512
f 1980 512 1988
f 1926 1992 111
f 1991 111 1992
f 1990 1992 516
f 1989 516 1992
f 136 1993 1936
f 1995 1936 1993
f 516 1989 1994
f 1995 1994 1989
f 1996 1999 126
f 1998 126 1999
f 1994 1999 516
f 1997 516 1999
f 127 2000 2001
f 2002 2001 2000
f 516 1997 1990
f 2002 1990 1997
f 2007 2006 2003
f 117 2003 2006
f 520 2005 2004
f 2007 2004 2005
f 2008 2011 138
f 2010 138 2011
f 2009 520 2011
f 2004 2011 520
f 126 1998 2013
f 2014 2013 1998
f 520 2009 2012
f 2014 2012 2009
f 2015 2016 136
f 1993 136 2016
f 2012 2016 520
f 2005 520 2016
f 1968 2020 114
f 2019 114 2020
f 2017 523 2020
f 2018 2020 523
f 2021 2023 141
f 1977 141 2023
f 523 2017 2022
f 2023 2022 2017
f 2013 2026 126
f 2025 126 2026
f 2022 2026 523
f 2024 523 2026
f 138 2027 2008
f 2028 2008 2027
f 523 2024 2018
f 2028 2018 2024
f 1881 2031 115
f 1953 115 2031
f 524 2030 2029
f 2031 2029 2030
f 127 2001 1890
f 2033 1890 2001
f 2032 524 2033
f 2029 2033 524
f 126 2025 1996
f 2035 1996 2025
f 524 2032 2034
f 2035 2034 2032
f 141 1959 2021
f 2036 2021 1959
f 2034 2036 524
f 2030 524 2036
f 2041 2040 2037
f 112 2037 2040
f 529 2039 2038
f 2041 2038 2039
f 140 2042 2044
f 2045 2044 2042
f 2043 529 2045
f 2038 2045 529
f 130 2046 2048
f 2049 2048 2046
f 2049 2047 2043
f 529 2043 2047
f 131 2050 2051
f 2052 2051 2050
f 2047 2052 529
f 2039 529 2052
f 2056 118 2057
f 2053 2057 118
f 533 2055 2054
f 2057 2054 2055
f 2061 2060 2058
f 142 2058 2060
f 2054 2061 533
f 2059 533 2061
f 130 2048 2063
f 2064 2063 2048
f 533 2059 2062
f 2064 2062 2059
f 2065 2066 140
f 2042 140 2066
f 2062 2066 533
f 2055 533 2066
f 2067 2071 113
f 2070 113 2071
f 2069 2071 538
f 2068 538 2071
f 135 2072 2074
f 2075 2074 2072
f 2075 2073 2068
f 538 2068 2073
f 2076 2079 134
f 2078 134 2079
f 2073 2079 538
f 2077 538 2079
f 137 2080 2081
f 2082 2081 2080
f 538 2077 2069
f 2082 2069 2077
f 118 2083 2053
f 2086 2053 2083
f 541 2085 2084
f 2086 2084 2085
f 2081 2089 137
f 2088 137 2089
f 2084 2089 541
f 2087 541 2089
f 134 2090 2076
f 2092 2076 2090
f 541 2087 2091
f 2092 2091 2087
f 2060 2094 142
f 2093 142 2094
f 2091 2094 541
f 2085 541 2094
f 2095 2098 114
f 1965 114 2098
f 2097 2098 544
f 2096 544 2098
f 118 2056 2100
f 2101 2100 2056
f 544 2096 2099
f 2101 2099 2096
f 2102 2104 140
f 2065 140 2104
f 2099 2104 544
f 2103 544 2104
f 139 1972 2105
f 2106 2105 1972
f 544 2103 2097
f 2106 2097 2103
f 138 2010 2109
f 2110 2109 2010
f 2110 2107 2108
f 547 2108 2107
f 2111 2113 117
f 2003 117 2113
f 2107 2113 547
f 2112 547 2113
f 2070 2116 113
f 2115 113 2116
f 547 2112 2114
f 2116 2114 2112
f 2117 2118 137
f 2080 137 2118
f 2108 547 2118
f 2114 2118 547
f 132 1916 2121
f 2122 2121 1916
f 2122 2119 2120
f 550 2120 2119
f 2123 2125 116
f 1909 116 2125
f 2119 2125 550
f 2124 550 2125
f 2128 2127 2040
f 112 2040 2127
f 550 2124 2126
f 2128 2126 2124
f 131 2129 2050
f 2130 2050 2129
f 2120 550 2130
f 2126 2130 550
f 137 2088 2117
f 2133 2117 2088
f 551 2132 2131
f 2133 2131 2132
f 2100 2135 118
f 2083 118 2135
f 2131 2135 551
f 2134 551 2135
f 114 2019 2095
f 2137 2095 2019
f 551 2134 2136
f 2137 2136 2134
f 2109 2138 138
f 2027 138 2138
f 2136 2138 551
f 2132 551 2138
f 2105 2141 139
f 1987 139 2141
f 2140 2141 552
f 2139 552 2141
f 140 2044 2102
f 2143 2102 2044
f 552 2139 2142
f 2143 2142 2139
f 2127 2145 112
f 2037 112 2145
f 2142 2145 552
f 2144 552 2145
f 116 1981 2123
f 2146 2123 1981
f 552 2144 2140
f 2146 2140 2144
f 132 2121 2149
f 2150 2149 2121
f 2148 2150 556
f 2147 556 2150
f 2153 2129 2151
f 131 2151 2129
f 556 2147 2152
f 2153 2152 2147
f 2154 2157 143
f 2156 143 2157
f 2155 556 2157
f 2152 2157 556
f 144 2158 2159
f 2160 2159 2158
f 2160 2148 2155
f 556 2155 2148
f 2159 2164 144
f 2163 144 2164
f 2162 2164 560
f 2161 560 2164
f 2167 2154 2165
f 143 2165 2154
f 560 2161 2166
f 2167 2166 2161
f 2168 2171 145
f 2170 145 2171
f 2169 560 2171
f 2166 2171 560
f 146 2172 2173
f 2174 2173 2172
f 560 2169 2162
f 2174 2162 2169
f 144 2163 2177
f 2178 2177 2163
f 564 2176 2175
f 2178 2175 2176
f 2179 2181 146
f 2172 146 2181
f 2175 2181 564
f 2180 564 2181
f 150 2182 2184
f 2185 2184 2182
f 564 2180 2183
f 2185 2183 2180
f 2186 2188 149
f 2187 149 2188
f 2183 2188 564
f 2176 564 2188
f 146 2189 2179
f 2192 2179 2189
f 568 2191 2190
f 2192 2190 2191
f 147 2193 2195
f 2196 2195 2193
f 2190 2196 568
f 2194 568 2196
f 2200 2199 2197
f 151 2197 2199
f 568 2194 2198
f 2200 2198 2194
f 2184 2202 150
f 2201 150 2202
f 2198 2202 568
f 2191 568 2202
f 2207 2206 2203
f 152 2203 2206
f 573 2205 2204
f 2207 2204 2205
f 2208 2211 155
f 2210 155 2211
f 573 2204 2209
f 2211 2209 2204
f 2212 2215 154
f 2214 154 2215
f 573 2209 2213
f 2215 2213 2209
f 2216 2218 157
f 2217 157 2218
f 573 2213 2205
f 2218 2205 2213
f 2223 2222 2219
f 153 2219 2222
f 578 2221 2220
f 2223 2220 2221
f 2224 2227 158
f 2226 158 2227
f 578 2220 2225
f 2227 2225 2220
f 2228 2231 156
f 2230 156 2231
f 2225 2231 578
f 2229 578 2231
f 2232 2234 159
f 2233 159 2234
f 578 2229 2221
f 2234 2221 2229
f 127 2235 2000
f 2238 2000 2235
f 2237 2238 581
f 2236 581 2238
f 2226 2241 158
f 2240 158 2241
f 581 2236 2239
f 2241 2239 2236
f 2242 2244 153
f 2219 153 2244
f 2239 2244 581
f 2243 581 2244
f 2246 2245 1991
f 111 1991 2245
f 581 2243 2237
f 2246 2237 2243
f 129 2247 2250
f 2251 2250 2247
f 585 2249 2248
f 2251 2248 2249
f 2233 2254 159
f 2253 159 2254
f 2248 2254 585
f 2252 585 2254
f 2255 2257 156
f 2228 156 2257
f 585 2252 2256
f 2257 2256 2252
f 122 2258 2259
f 2260 2259 2258
f 2256 2260 585
f 2249 585 2260
f 127 1891 2235
f 2263 2235 1891
f 586 2262 2261
f 2263 2261 2262
f 122 2259 1886
f 2265 1886 2259
f 2261 2265 586
f 2264 586 2265
f 2230 2267 156
f 2255 156 2267
f 586 2264 2266
f 2267 2266 2264
f 2240 2268 158
f 2224 158 2268
f 2266 2268 586
f 2262 586 2268
f 129 1930 2247
f 2271 2247 1930
f 2269 587 2271
f 2270 2271 587
f 2273 1923 2245
f 111 2245 1923
f 2273 2272 2269
f 587 2269 2272
f 2222 2275 153
f 2242 153 2275
f 2272 2275 587
f 2274 587 2275
f 2253 2276 159
f 2232 159 2276
f 587 2274 2270
f 2276 2270 2274
f 125 1945 2279
f 2280 2279 1945
f 2278 2280 590
f 2277 590 2280
f 2283 1939 2281
f 110 2281 1939
f 590 2277 2282
f 2283 2282 2277
f 2206 2286 152
f 2285 152 2286
f 2282 2286 590
f 2284 590 2286
f 2287 2288 157
f 2216 157 2288
f 590 2284 2278
f 2288 2278 2284
f 2289 2292 121
f 1906 121 2292
f 2291 2292 592
f 2290 592 2292
f 2210 2295 155
f 2294 155 2295
f 592 2290 2293
f 2295 2293 2290
f 2285 2297 152
f 2203 152 2297
f 2293 2297 592
f 2296 592 2297
f 2281 110 2298
f 1896 2298 110
f 2298 2291 2296
f 592 2296 2291
f 1874 2302 119
f 2301 119 2302
f 2300 2302 594
f 2299 594 2302
f 125 2279 1868
f 2304 1868 2279
f 594 2299 2303
f 2304 2303 2299
f 2217 2306 157
f 2287 157 2306
f 2303 2306 594
f 2305 594 2306
f 2308 2212 2307
f 154 2307 2212
f 594 2305 2300
f 2308 2300 2305
f 121 2309 2289
f 2312 2289 2309
f 596 2311 2310
f 2312 2310 2311
f 119 2301 2314
f 2315 2314 2301
f 2310 2315 596
f 2313 596 2315
f 2214 2317 154
f 2307 154 2317
f 596 2313 2316
f 2317 2316 2313
f 2294 2318 155
f 2208 155 2318
f 2316 2318 596
f 2311 596 2318
f 147 2195 2321
f 2322 2321 2195
f 600 2320 2319
f 2322 2319 2320
f 2173 2324 146
f 2189 146 2324
f 2319 2324 600
f 2323 600 2324
f 2327 2168 2325
f 145 2325 2168
f 600 2323 2326
f 2327 2326 2323
f 2328 2331 162
f 2330 162 2331
f 600 2326 2329
f 2331 2329 2326
f 160 2332 2333
f 2334 2333 2332
f 600 2329 2320
f 2334 2320 2329
f 161 2335 2338
f 2339 2338 2335
f 2339 2336 2337
f 605 2337 2336
f 2343 2342 2340
f 165 2340 2342
f 605 2336 2341
f 2343 2341 2336
f 2344 2347 166
f 2346 166 2347
f 2341 2347 605
f 2345 605 2347
f 2349 162 2350
f 2348 2350 162
f 2337 605 2350
f 2345 2350 605
f 2353 2328 2349
f 162 2349 2328
f 608 2352 2351
f 2353 2351 2352
f 2354 2356 166
f 2344 166 2356
f 2351 2356 608
f 2355 608 2356
f 2360 2359 2357
f 163 2357 2359
f 608 2355 2358
f 2360 2358 2355
f 160 2333 2361
f 2362 2361 2333
f 2358 2362 608
f 2352 608 2362
f 2366 2365 2359
f 163 2359 2365
f 611 2364 2363
f 2366 2363 2364
f 2346 2368 166
f 2354 166 2368
f 2363 2368 611
f 2367 611 2368
f 2369 2371 165
f 2340 165 2371
f 611 2367 2370
f 2371 2370 2367
f 2373 164 2374
f 2372 2374 164
f 2370 2374 611
f 2364 611 2374
f 2375 2378 69
f 1247 69 2378
f 2377 2378 614
f 2376 614 2378
f 131 2051 2380
f 2381 2380 2051
f 614 2376 2379
f 2381 2379 2376
f 2382 2384 130
f 2046 130 2384
f 2379 2384 614
f 2383 614 2384
f 76 1254 2385
f 2386 2385 1254
f 614 2383 2377
f 2386 2377 2383
f 2387 2390 77
f 1261 77 2390
f 2388 617 2390
f 2389 2390 617
f 142 2093 2392
f 2393 2392 2093
f 617 2388 2391
f 2393 2391 2388
f 2394 2396 134
f 2090 134 2396
f 2391 2396 617
f 2395 617 2396
f 2398 2397 1268
f 80 1268 2397
f 617 2395 2389
f 2398 2389 2395
f 2397 2401 80
f 1275 80 2401
f 2399 619 2401
f 2400 2401 619
f 134 2078 2394
f 2403 2394 2078
f 2403 2402 2399
f 619 2399 2402
f 2404 2406 135
f 2072 135 2406
f 2405 619 2406
f 2402 2406 619
f 2408 2407 1281
f 81 1281 2407
f 619 2405 2400
f 2408 2400 2405
f 2409 2412 67
f 1287 67 2412
f 2411 2412 622
f 2410 622 2412
f 2415 2414 2314
f 119 2314 2414
f 622 2410 2413
f 2415 2413 2410
f 2416 2418 121
f 2309 121 2418
f 2417 622 2418
f 2413 2418 622
f 2420 2419 1294
f 68 1294 2419
f 622 2417 2411
f 2420 2411 2417
f 78 2421 1301
f 2424 1301 2421
f 2424 2422 2423
f 625 2423 2422
f 2250 2427 129
f 2426 129 2427
f 2422 2427 625
f 2425 625 2427
f 2430 2258 2428
f 122 2428 2258
f 625 2425 2429
f 2430 2429 2425
f 2431 74 2432
f 1308 2432 74
f 2429 2432 625
f 2423 625 2432
f 2385 2435 76
f 1315 76 2435
f 2434 2435 626
f 2433 626 2435
f 130 2063 2382
f 2437 2382 2063
f 626 2433 2436
f 2437 2436 2433
f 2058 142 2439
f 2392 2439 142
f 2436 2439 626
f 2438 626 2439
f 2440 2387 1320
f 77 1320 2387
f 626 2438 2434
f 2440 2434 2438
f 2441 2444 70
f 1325 70 2444
f 2443 2444 628
f 2442 628 2444
f 143 2156 2446
f 2447 2446 2156
f 628 2442 2445
f 2447 2445 2442
f 2380 2449 131
f 2151 131 2449
f 2445 2449 628
f 2448 628 2449
f 69 1331 2375
f 2450 2375 1331
f 628 2448 2443
f 2450 2443 2448
f 2451 2454 71
f 1337 71 2454
f 2452 630 2454
f 2453 2454 630
f 145 2170 2456
f 2457 2456 2170
f 2457 2455 2452
f 630 2452 2455
f 2165 143 2459
f 2446 2459 143
f 2455 2459 630
f 2458 630 2459
f 2460 2441 1343
f 70 1343 2441
f 630 2458 2453
f 2460 2453 2458
f 59 2461 1349
f 2464 1349 2461
f 2463 2464 634
f 2462 634 2464
f 147 2465 2467
f 2468 2467 2465
f 634 2462 2466
f 2468 2466 2462
f 2469 2472 148
f 2471 148 2472
f 2466 2472 634
f 2470 634 2472
f 65 1356 2473
f 2474 2473 1356
f 634 2470 2463
f 2474 2463 2470
f 2475 2478 60
f 1365 60 2478
f 636 2477 2476
f 2478 2476 2477
f 2199 2481 151
f 2480 151 2481
f 2479 636 2481
f 2476 2481 636
f 147 2467 2193
f 2483 2193 2467
f 2483 2482 2479
f 636 2479 2482
f 2484 2461 1371
f 59 1371 2461
f 2482 2484 636
f 2477 636 2484
f 2485 2488 79
f 1377 79 2488
f 2486 638 2488
f 2487 2488 638
f 128 1934 2490
f 2491 2490 1934
f 2491 2489 2486
f 638 2486 2489
f 129 2426 1928
f 2493 1928 2426
f 2489 2493 638
f 2492 638 2493
f 1383 2494 78
f 2421 78 2494
f 638 2492 2487
f 2494 2487 2492
f 68 2419 1389
f 2497 1389 2419
f 640 2496 2495
f 2497 2495 2496
f 1907 2499 121
f 2416 121 2499
f 2495 2499 640
f 2498 640 2499
f 120 2500 1902
f 2502 1902 2500
f 640 2498 2501
f 2502 2501 2498
f 2503 58 2504
f 1395 2504 58
f 2501 2504 640
f 2496 640 2504
f 2507 1401 2503
f 58 2503 1401
f 642 2506 2505
f 2507 2505 2506
f 1919 2509 120
f 2500 120 2509
f 2505 2509 642
f 2508 642 2509
f 132 2510 1914
f 2512 1914 2510
f 642 2508 2511
f 2512 2511 2508
f 2513 61 2514
f 1407 2514 61
f 2511 2514 642
f 2506 642 2514
f 2517 1413 2513
f 61 2513 1413
f 644 2516 2515
f 2517 2515 2516
f 2149 2519 132
f 2510 132 2519
f 2518 644 2519
f 2515 2519 644
f 144 2520 2158
f 2522 2158 2520
f 2518 2522 644
f 2521 644 2522
f 2524 2523 1419
f 62 1419 2523
f 644 2521 2516
f 2524 2516 2521
f 1425 62 2527
f 2523 2527 62
f 2526 2527 646
f 2525 646 2527
f 144 2177 2520
f 2529 2520 2177
f 2529 2528 2525
f 646 2525 2528
f 2532 2186 2530
f 149 2530 2186
f 2528 2532 646
f 2531 646 2532
f 2533 63 2534
f 1431 2534 63
f 646 2531 2526
f 2534 2526 2531
f 2537 1437 2533
f 63 2533 1437
f 648 2536 2535
f 2537 2535 2536
f 2187 2539 149
f 2530 149 2539
f 2535 2539 648
f 2538 648 2539
f 150 2540 2182
f 2542 2182 2540
f 648 2538 2541
f 2542 2541 2538
f 2543 64 2544
f 1443 2544 64
f 2541 2544 648
f 2536 648 2544
f 2547 1449 2543
f 64 2543 1449
f 2545 649 2547
f 2546 2547 649
f 150 2201 2540
f 2549 2540 2201
f 2549 2548 2545
f 649 2545 2548
f 2480 2551 151
f 2197 151 2551
f 2548 2551 649
f 2550 649 2551
f 2552 2475 1454
f 60 1454 2475
f 649 2550 2546
f 2552 2546 2550
f 1461 2555 71
f 2451 71 2555
f 651 2554 2553
f 2555 2553 2554
f 2558 1470 2556
f 72 2556 1470
f 651 2553 2557
f 2558 2557 2553
f 2338 2561 161
f 2560 161 2561
f 651 2557 2559
f 2561 2559 2557
f 162 2330 2348
f 2563 2348 2330
f 651 2559 2562
f 2563 2562 2559
f 2456 2564 145
f 2325 145 2564
f 651 2562 2554
f 2564 2554 2562
f 147 2321 2465
f 2567 2465 2321
f 2567 2565 2566
f 653 2566 2565
f 2568 2570 160
f 2332 160 2570
f 2565 2570 653
f 2569 653 2570
f 148 2471 2571
f 2572 2571 2471
f 2572 2566 2569
f 653 2569 2566
f 2577 2576 2573
f 170 2573 2576
f 2575 2577 658
f 2574 658 2577
f 2581 2580 2578
f 167 2578 2580
f 658 2574 2579
f 2581 2579 2574
f 2582 2585 169
f 2584 169 2585
f 2579 2585 658
f 2583 658 2585
f 2588 2587 2586
f 168 2586 2587
f 658 2583 2575
f 2588 2575 2583
f 2589 2593 177
f 2592 177 2593
f 2590 663 2593
f 2591 2593 663
f 178 2594 2596
f 2597 2596 2594
f 2597 2595 2590
f 663 2590 2595
f 2601 2600 2598
f 173 2598 2600
f 2595 2601 663
f 2599 663 2601
f 2604 2603 2602
f 174 2602 2603
f 663 2599 2591
f 2604 2591 2599
f 178 2605 2608
f 2609 2608 2605
f 2609 2606 2607
f 668 2607 2606
f 2612 179 2613
f 2610 2613 179
f 2606 2613 668
f 2611 668 2613
f 2617 2616 2614
f 172 2614 2616
f 668 2611 2615
f 2617 2615 2611
f 2620 2619 2618
f 171 2618 2619
f 2607 668 2620
f 2615 2620 668
f 174 2603 2623
f 2624 2623 2603
f 2622 2624 672
f 2621 672 2624
f 2627 2598 2625
f 173 2625 2598
f 672 2621 2626
f 2627 2626 2621
f 2628 2631 176
f 2630 176 2631
f 2629 672 2631
f 2626 2631 672
f 2632 2634 175
f 2633 175 2634
f 2622 672 2634
f 2629 2634 672
f 2637 175 2638
f 2633 2638 175
f 2636 2638 675
f 2635 675 2638
f 2641 2628 2639
f 176 2639 2628
f 2635 2641 675
f 2640 675 2641
f 2619 2644 171
f 2643 171 2644
f 675 2640 2642
f 2644 2642 2640
f 2614 172 2646
f 2645 2646 172
f 2642 2646 675
f 2636 675 2646
f 177 2647 2589
f 2650 2589 2647
f 678 2649 2648
f 2650 2648 2649
f 180 2651 2653
f 2654 2653 2651
f 678 2648 2652
f 2654 2652 2648
f 2656 179 2657
f 2612 2657 179
f 2652 2657 678
f 2655 678 2657
f 178 2596 2605
f 2658 2605 2596
f 2655 2658 678
f 2649 678 2658
f 2662 2647 2659
f 177 2659 2647
f 681 2661 2660
f 2662 2660 2661
f 160 2361 2664
f 2665 2664 2361
f 681 2660 2663
f 2665 2663 2660
f 2365 2667 163
f 2357 163 2667
f 2663 2667 681
f 2666 681 2667
f 164 2668 2372
f 2670 2372 2668
f 681 2666 2669
f 2670 2669 2666
f 2671 180 2672
f 2653 2672 180
f 681 2669 2661
f 2672 2661 2669
f 179 2656 2675
f 2676 2675 2656
f 2676 2673 2674
f 683 2674 2673
f 2671 2678 180
f 2651 180 2678
f 2677 683 2678
f 2673 2678 683
f 2373 2680 164
f 2668 164 2680
f 683 2677 2679
f 2680 2679 2677
f 2342 2682 165
f 2369 165 2682
f 683 2679 2681
f 2682 2681 2679
f 2683 2684 161
f 2335 161 2684
f 2681 2684 683
f 2674 683 2684
f 2616 2688 172
f 2687 172 2688
f 685 2686 2685
f 2688 2685 2686
f 179 2675 2610
f 2690 2610 2675
f 2690 2689 2685
f 685 2685 2689
f 2692 2683 2560
f 161 2560 2683
f 685 2689 2691
f 2692 2691 2689
f 72 1602 2556
f 2694 2556 1602
f 685 2691 2693
f 2694 2693 2691
f 2696 1597 2695
f 73 2695 1597
f 685 2693 2686
f 2696 2686 2693
f 1610 2700 66
f 2699 66 2700
f 688 2698 2697
f 2700 2697 2698
f 2473 2702 65
f 1621 65 2702
f 2697 2702 688
f 2701 688 2702
f 148 2703 2469
f 2705 2469 2703
f 688 2701 2704
f 2705 2704 2701
f 2707 174 2708
f 2623 2708 174
f 688 2704 2706
f 2708 2706 2704
f 2710 2632 2709
f 175 2709 2632
f 688 2706 2698
f 2710 2698 2706
f 73 1625 2695
f 2713 2695 1625
f 2713 2711 2712
f 689 2712 2711
f 66 2699 1631
f 2715 1631 2699
f 2711 2715 689
f 2714 689 2715
f 2717 2709 2637
f 175 2637 2709
f 689 2714 2716
f 2717 2716 2714
f 172 2687 2645
f 2718 2645 2687
f 689 2716 2712
f 2718 2712 2716
f 2571 2721 148
f 2703 148 2721
f 2720 2721 690
f 2719 690 2721
f 160 2664 2568
f 2723 2568 2664
f 690 2719 2722
f 2723 2722 2719
f 177 2592 2659
f 2725 2659 2592
f 690 2722 2724
f 2725 2724 2722
f 2726 2602 2707
f 174 2707 2602
f 690 2724 2720
f 2726 2720 2724
f 2600 2730 173
f 2729 173 2730
f 2727 693 2730
f 2728 2730 693
f 178 2731 2594
f 2733 2594 2731
f 693 2727 2732
f 2733 2732 2727
f 2576 2736 170
f 2735 170 2736
f 2732 2736 693
f 2734 693 2736
f 2737 2738 168
f 2586 168 2738
f 2728 693 2738
f 2734 2738 693
f 176 2630 2741
f 2742 2741 2630
f 2742 2739 2740
f 695 2740 2739
f 2625 173 2744
f 2729 2744 173
f 2744 2743 2739
f 695 2739 2743
f 2587 2746 168
f 2737 168 2746
f 2743 2746 695
f 2745 695 2746
f 2747 2748 169
f 2582 169 2748
f 2740 695 2748
f 2745 2748 695
f 171 2643 2751
f 2752 2751 2643
f 2749 697 2752
f 2750 2752 697
f 176 2741 2639
f 2754 2639 2741
f 2754 2753 2749
f 697 2749 2753
f 2584 2756 169
f 2747 169 2756
f 2753 2756 697
f 2755 697 2756
f 2757 2758 167
f 2578 167 2758
f 2750 697 2758
f 2755 2758 697
f 178 2608 2731
f 2761 2731 2608
f 698 2760 2759
f 2761 2759 2760
f 2751 2763 171
f 2618 171 2763
f 2759 2763 698
f 2762 698 2763
f 2580 2765 167
f 2757 167 2765
f 2762 2765 698
f 2764 698 2765
f 2735 2766 170
f 2573 170 2766
f 2764 2766 698
f 2760 698 2766
f 123 2767 1883
f 2770 1883 2767
f 2770 2768 2769
f 702 2769 2768
f 2773 183 2774
f 2771 2774 183
f 2768 2774 702
f 2772 702 2774
f 2777 182 2778
f 2775 2778 182
f 2772 2778 702
f 2776 702 2778
f 2780 2779 1888
f 122 1888 2779
f 702 2776 2769
f 2780 2769 2776
f 2779 2783 122
f 2428 122 2783
f 2782 2783 704
f 2781 704 2783
f 182 2784 2775
f 2786 2775 2784
f 704 2781 2785
f 2786 2785 2781
f 1703 2789 100
f 2788 100 2789
f 2785 2789 704
f 2787 704 2789
f 2790 1698 2431
f 74 2431 1698
f 704 2787 2782
f 2790 2782 2787
f 67 1709 2409
f 2793 2409 1709
f 707 2792 2791
f 2793 2791 2792
f 2794 2796 99
f 1718 99 2796
f 2791 2796 707
f 2795 707 2796
f 181 2797 2799
f 2800 2799 2797
f 707 2795 2798
f 2800 2798 2795
f 2801 119 2802
f 2414 2802 119
f 2798 2802 707
f 2792 707 2802
f 119 2801 1872
f 2805 1872 2801
f 2804 2805 709
f 2803 709 2805
f 2806 2808 181
f 2797 181 2808
f 709 2803 2807
f 2808 2807 2803
f 2773 2811 183
f 2810 183 2811
f 2809 709 2811
f 2807 2811 709
f 1877 2812 123
f 2767 123 2812
f 2812 2804 2809
f 709 2809 2804
f 2815 1731 2788
f 100 2788 1731
f 711 2814 2813
f 2815 2813 2814
f 2777 2817 182
f 2784 182 2817
f 2813 2817 711
f 2816 711 2817
f 183 2818 2771
f 2820 2771 2818
f 711 2816 2819
f 2820 2819 2816
f 75 1737 2821
f 2822 2821 1737
f 2819 2822 711
f 2814 711 2822
f 75 2821 1743
f 2825 1743 2821
f 2824 2825 712
f 2823 712 2825
f 183 2810 2818
f 2827 2818 2810
f 712 2823 2826
f 2827 2826 2823
f 2806 181 2829
f 2799 2829 181
f 2826 2829 712
f 2828 712 2829
f 2830 2794 1748
f 99 1748 2794
f 712 2828 2824
f 2830 2824 2828
f 2835 2834 2831
f 184 2831 2834
f 2835 2832 2833
f 716 2833 2832
f 2838 186 2839
f 2836 2839 186
f 2832 2839 716
f 2837 716 2839
f 2840 2842 185
f 2841 185 2842
f 2837 2842 716
f 2833 716 2842
f 2843 2846 184
f 2831 184 2846
f 719 2845 2844
f 2846 2844 2845
f 2006 2849 117
f 2848 117 2849
f 719 2844 2847
f 2849 2847 2844
f 136 1937 2015
f 2851 2015 1937
f 719 2847 2850
f 2851 2850 2847
f 2852 2854 128
f 1932 128 2854
f 2850 2854 719
f 2853 719 2854
f 186 2838 2855
f 2856 2855 2838
f 719 2853 2845
f 2856 2845 2853
f 2834 2859 184
f 2843 184 2859
f 721 2858 2857
f 2859 2857 2858
f 185 2860 2840
f 2862 2840 2860
f 721 2857 2861
f 2862 2861 2857
f 135 2074 2864
f 2865 2864 2074
f 721 2861 2863
f 2865 2863 2861
f 2115 2867 113
f 2067 113 2867
f 721 2863 2866
f 2867 2866 2863
f 117 2848 2111
f 2868 2111 2848
f 721 2866 2858
f 2868 2858 2866
f 2872 2871 1794
f 104 1794 2871
f 723 2870 2869
f 2872 2869 2870
f 2407 2874 81
f 1801 81 2874
f 2873 723 2874
f 2869 2874 723
f 2864 2876 135
f 2404 135 2876
f 2876 2875 2873
f 723 2873 2875
f 2877 2878 185
f 2860 185 2878
f 2875 2878 723
f 2870 723 2878
f 1805 2881 79
f 2485 79 2881
f 2880 2881 725
f 2879 725 2881
f 2884 1812 2882
f 105 2882 1812
f 725 2879 2883
f 2884 2883 2879
f 2855 2887 186
f 2886 186 2887
f 2883 2887 725
f 2885 725 2887
f 128 2490 2852
f 2888 2852 2490
f 725 2885 2880
f 2888 2880 2885
f 2836 186 2892
f 2889 2892 186
f 2891 2892 729
f 2890 729 2892
f 2896 2895 2893
f 188 2893 2895
f 2896 2894 2890
f 729 2890 2894
f 2900 2899 2897
f 187 2897 2899
f 729 2894 2898
f 2900 2898 2894
f 185 2841 2901
f 2902 2901 2841
f 2902 2891 2898
f 729 2898 2891
f 185 2901 2877
f 2905 2877 2901
f 731 2904 2903
f 2905 2903 2904
f 2906 2908 187
f 2897 187 2908
f 2903 2908 731
f 2907 731 2908
f 108 1837 2910
f 2911 2910 1837
f 731 2907 2909
f 2911 2909 2907
f 2871 2912 104
f 1832 104 2912
f 2909 2912 731
f 2904 731 2912
f 1843 2915 105
f 2882 105 2915
f 2913 733 2915
f 2914 2915 733
f 109 2916 1850
f 2918 1850 2916
f 2918 2917 2913
f 733 2913 2917
f 2920 188 2921
f 2895 2921 188
f 2917 2921 733
f 2919 733 2921
f 2922 2889 2886
f 186 2886 2889
f 733 2919 2914
f 2922 2914 2919
f 2925 2906 2899
f 187 2899 2906
f 734 2924 2923
f 2925 2923 2924
f 2927 2893 2920
f 188 2920 2893
f 734 2923 2926
f 2927 2926 2923
f 1860 2929 109
f 2916 109 2929
f 2926 2929 734
f 2928 734 2929
f 2910 2930 108
f 1856 108 2930
f 2928 2930 734
f 2924 734 2930
